Time (s), X (km), Y (km), Z (km)
0.000000000000000000,-19946.988367229998402763,11684.423263959999530925,43511.217134669997903984
78.443682782018910871,-20009.802785008341743378,11546.060660124145215377,43526.463216927375469822
310.346365775949720955,-20193.097986409167788224,11135.647156583121613949,43566.317713992801145650
685.572788942421425418,-20482.008650237668916816,10467.395913786733217421,43614.288605709349212702
1187.723757052915061649,-20853.622819870146486210,9565.490570586272951914,43646.539722220637486316
1794.852863213317050395,-21279.549893959770997753,8464.397201448626219644,43636.663747212121961638
2480.425652155739044247,-21729.074855019771348452,7208.616183936065681337,43561.105909237594460137
3214.479303260163305822,-22172.496434455322741996,5851.521106025002154638,43404.279262456235301215
3964.932149593106259999,-22584.197748008136841236,4453.146887566852456075,43162.474743701917759608
4698.985800697530976322,-22945.006066122699849075,3077.054799932547666685,42845.868217451985401567
5384.558589639951605932,-23243.474568532077682903,1786.635670386091305772,42478.224302133043238427
5991.687695800353139930,-23475.867154992811265402,641.348721238600774086,42094.254416189862240572
6493.838663910848481464,-23644.840905879864294548,-306.605613888205766671,41734.965931521102902479
6869.065087077320640674,-23757.075012848432379542,-1014.817675802104986360,41441.695033370662713423
7100.967770071250924957,-23820.340942911792808445,-1452.279054003915916837,41249.788914126533200033
7179.411452853270020569,-23840.676025241831666790,-1600.194587214532020880,41183.026609902051859535
7257.855135635289116181,-23860.469397384054900613,-1748.073759137829938481,41115.328487397637218237
7489.757818629219400464,-23915.797764349714270793,-2185.001997223564558226,40909.710264328117773402
7864.984241795691559673,-23995.127233911120129051,-2890.997051737818310357,40559.601560802693711594
8367.135209906184172723,-24081.232693683192337630,-3833.318605342569298955,40057.204920092954125721
8974.264316066586616216,-24153.943214592974982224,-4967.551698836096875311,39397.613416877480631229
9659.837105009009974310,-24193.498189987694786396,-6239.486199559873057296,38583.458368537983915303
10393.890756113432871643,-24184.064695596072851913,-7587.930583908092557976,37629.193488297853036784
11144.343602446377190063,-24116.894843212456180481,-8948.404378670136793517,36564.129417304226080887
11878.397253550800087396,-23992.578984342526382534,-10257.399395066531724297,35433.468657324920059182
12563.970042493221626501,-23821.897404878276574891,-11456.652992508861643728,34296.845589182710682508
13171.099148653622251004,-23624.916249570109357592,-12496.722362554830397130,33224.237387586130353156
13673.250116764118502033,-23428.235301777323911665,-13339.180048861584509723,32289.554572494162130170
14048.476539930590661243,-23260.670916143306385493,-13957.035769593359873397,31562.688407996465684846
14280.379222924520945526,-23148.084696754449396394,-14333.510377986247476656,31101.188392184616532177
14358.822905706540041137,-23108.416431447720242431,-14459.882545851081886212,30942.946845585258415667
14437.266588488559136749,-23067.939982712137862109,-14585.748994002684412408,30783.623034445274242898
14669.169271482489421032,-22943.511211274508241331,-14954.811708854729658924,30306.265270398347638547
15044.395694648961580242,-22726.846055421377968742,-15541.908124796131232870,29513.670709375939622987
15546.546662759454193292,-22406.448866716185875703,-16306.658552123375557130,28413.518494394440494943
16153.675768919856636785,-21970.835935731534846127,-17196.009099252147279913,27022.320920665235462366
16839.248557862279994879,-21412.562304837247211253,-18148.107650528523663525,25369.872964215024694568
17573.302208966702892212,-20732.562681947900273371,-19097.616733254530117847,23503.260066690083476715
18323.755055299647210632,-19944.169508180497359717,-19982.318163846517563798,21489.394987695901363622
19057.808706404070107965,-19076.027090453935670666,-20750.442361981469730381,19415.092194595836190274
19743.381495346489828080,-18173.022944003052543849,-21367.581378705781389726,17383.913773086158471415
20350.510601506892271573,-17294.404041239307844080,-21821.449359959005960263,15509.517356512089463649
20852.661569617390341591,-16508.579627025141235208,-22122.462957572424784303,13906.031603714012817363
21227.887992783860681811,-15884.833702456526225433,-22298.631372859072143910,12676.905230727901653154
21459.790675777789147105,-15483.176058382234259625,-22384.949439673659071559,11904.275536852741424809
21538.234358559810061706,-15344.458492361622120370,-22410.050156269393482944,11640.713080263858500984
21616.678041341827338329,-15204.282226477189396974,-22433.020434275596926454,11376.043888143682124792
21848.580724335759441601,-14781.250766663857575622,-22488.108632122064591385,10587.206839194033818785
22223.807147502229781821,-14068.905526288404871593,-22534.555755979388777632,9291.082573948213394033
22725.958115612724213861,-13059.989593723079451593,-22507.014634506034781225,7520.231769974491726316
23333.087221773126657354,-11751.732727550770505331,-22320.238367112422565697,5329.012689372811109934
24018.660010715550015448,-10153.234142762488772860,-21877.385616430830850732,2800.906379047813970828
24752.713661819972912781,-8294.644533276976289926,-21083.850102562060783384,55.193731056957858527
25503.166508152917231200,-6236.983718257704822463,-19868.777893985683476785,-2750.584807895638732589
26237.220159257340128534,-4079.421236159676482202,-18214.907210981076786993,-5428.458931201911582320
26922.792948199763486627,-1957.796020945449981809,-16191.424421050071032369,-7785.504611111534359225
27529.922054360162292141,-27.093973894507257683,-13973.388023036261074594,-9668.453090637651257566
28032.073022470656724181,1571.812631280056393734,-11824.565955726480751764,-11010.790270758583574207
28407.299445637130702380,2744.412353289612383378,-10037.521091871831231401,-11848.320388247451774077
28639.202128631062805653,3450.683355002025564318,-8860.546626112934973207,-12282.766190066735362052
28717.645811413080082275,3685.360824582687200746,-8450.736409525194176240,-12414.090267650370151387
28796.089494195097358897,3917.594925112105102016,-8035.324784820822969778,-12537.180292557717621094
29027.992177189029462170,4588.053666817573684966,-6776.563672456260064791,-12851.157919066914473660
29403.218600355499802390,5612.030012560427167045,-4656.148691880182013847,-13192.947626736771780998
29905.369568465994234430,6836.137408355811203364,-1705.988174730263381207,-13312.516642721631797031
30512.498674626396677922,8047.482647194919991307,1919.755309850696448848,-12939.295923210684122751
31198.071463568816398038,9026.721471956663663150,5917.067219950365142722,-11895.574406841909876675
31932.125114673242933350,9627.676036234986895579,9904.592397115164203569,-10187.352188971970463172
32682.577961006183613790,9821.371091702971170889,13552.744177829825275694,-7992.613367054062109673
33416.631612110606511123,9675.600756554305917234,16663.925043247294524917,-5569.196004946642460709
34102.204401053029869217,9304.666322168746773968,19170.031715930508653400,-3167.319278830901566835
34709.333507213428674731,8828.524718264636248932,21088.790070055518299341,-987.487072949502703523
35211.484475323923106771,8351.498439088014492881,22479.370957377908780472,826.390022931303178666
35586.710898490397084970,7954.611562458913795126,23410.946862625482026488,2178.702877167483165977
35818.613581484329188243,7694.423304618442671199,23943.385763928017695434,3010.773296420678889262
35897.057264266346464865,7604.065002678205019038,24116.278348621035547694,3291.375757656476707780
35975.500947048363741487,7512.581700248974811984,24285.603224108792346669,3571.491328531713861594
36207.403630042295844760,7235.889959463423110719,24765.756982060465816176,4396.455574554626764439
36582.630053208769822959,6770.207341492132400163,25480.425462673149013426,5719.874178299209233955
37084.781021319264254998,6117.189932765435514739,26323.623787625576369464,7465.057508968228830781
37691.910127479663060512,5290.822654045580748061,27183.563008442888531135,9529.405198591999578639
38377.482916422086418606,4320.732613575797586236,27964.061828471723856637,11793.428551291151961777
39111.536567526505677961,3250.929433383229934407,28598.387084656162187457,14132.617119896889562369
39861.989413859453634359,2135.207277632634941256,29054.171544919754524017,16429.018131687233108096
40596.043064963872893713,1031.264438216620419553,29330.985908206377644092,18579.978798899268440437
41281.615853906296251807,-4.759033279271420724,29453.317462994233210338,20502.950289456061000237
41888.744960066695057321,-922.407716695043291111,29461.535873618289770093,22136.520810337016882841
42390.895928177189489361,-1679.471979216664749401,29402.703306618052010890,23438.563636463884904515
42766.122351343663467560,-2243.187720639357394248,29322.355867273341573309,24382.645983391652407590
42998.025034337595570832,-2590.485381408982902940,29257.849329916192800738,24953.839928536221123068
43076.468717119612847455,-2707.748478464597610582,29233.533975903563259635,25144.936163878981460584
43154.912399901637400035,-2824.896600270211820316,29207.977239843941788422,25334.964555461767304223
43386.815082895569503307,-3170.511039722941404762,29125.278619145854463568,25890.512596689364727354
43762.041506062043481506,-3727.278819187650697131,28969.469583514637633925,26769.755541069302125834
44264.192474172537913546,-4467.058117165742260113,28720.251612069107068237,27908.645658928955526790
44871.321580332936719060,-5352.267833959342169692,28360.229745864286087453,29228.411106679650401929
45556.894369275360077154,-6338.164369084852296510,27881.591406769617606187,30644.242630020158685511
46290.948020379786612466,-7375.880545073971916281,27290.547891817546769744,32073.775313017042208230
47041.400866712727292906,-8415.831812990325488499,26608.763823684937960934,33444.125763323099818081
47775.454517817153828219,-9410.969835189591321978,25871.874862035117985215,34696.632247277790156659
48461.027306759577186313,-10319.412425765816806233,25125.772711524627084145,35788.934756531569291838
49068.156412919975991827,-11106.150953439178920235,24421.572912570816697553,36694.501878770817711484
49570.307381030470423866,-11743.758862307027811767,23810.157905127325648209,37400.090136060338409152
49945.533804196944402065,-12212.237594953179723234,23337.020029300449095899,37901.881853896149550565
50177.436487190876505338,-12498.297309806821431266,23037.911491267266683280,38201.181963779898069333
50255.880169972893781960,-12594.451988005395833170,22935.604585187360498821,38300.558182200671581086
50334.323852754911058582,-12690.297167252869257936,22832.734050111906981329,38398.993133204530749936
50566.226535748843161855,-12971.822170624751379364,22525.366381394152995199,38684.501328401231148746
50941.452958915317140054,-13421.508756836883549113,22017.982920858536090236,39129.125073809722380247
51443.603927025811572094,-14011.834110279756714590,21320.265989372790500056,39690.778575381031259894
52050.733033186210377607,-14707.641485705999002676,20449.538848124069772894,40319.151312342553865165
52736.305822128633735701,-15469.150329264199172030,19432.780363785266672494,40962.449836027037235908
53470.359473233052995056,-16255.270588102468536817,18307.463297624442930100,41573.860529872079496272
54220.812319566000951454,-17026.813697714380396064,17120.825094808256835677,42116.738243673804390710
54954.865970670420210809,-17749.187116092612995999,15927.592259754879705724,42567.802606189237849321
55640.438759612843568902,-18394.232123838111874647,14786.513456103768476169,42917.985522569659224246
56247.567865773242374416,-18941.007236843335704179,13756.244605106987364707,43170.957300891604973003
56749.718833883736806456,-19375.508715490370377665,12891.162473572525414056,43339.717486520006787032
57124.945257050210784655,-19689.522094322925113374,12237.591717640887509333,43441.931906433288531844
57356.847940044142887928,-19878.973459385324531468,11830.766114140667923493,43494.893223812883661594
57435.291622826160164550,-19942.252310884970938787,11692.668933098844718188,43511.042889485921477899
57513.735305608177441172,-20005.122257578001153888,11554.332000134812915348,43526.300336664331553038
57745.637988602109544445,-20188.582160857640701579,11143.993385756310090073,43566.188418850222660694
58120.864411768583522644,-20477.760982903746480588,10475.860128751332013053,43614.213626338838366792
58623.015379879077954683,-20849.737081486378883710,9574.106459617139989859,43646.537427625386044383
59230.144486039476760197,-21276.106114784692181274,8473.186834734991862206,43636.749422067339764908
59915.717274981900118291,-21726.135389087070507230,7217.589102553393786366,43561.291189698218659032
60649.770926086319377646,-22170.102470767575141508,5860.674762055726205290,43404.571713872683176305
61400.223772419267334044,-22582.366645763984706718,4462.468312667007012351,43162.877554409664298873
62134.277423523686593398,-22943.729851495594630251,3086.523215830097342405,42846.379992849928385112
62819.850212466109951492,-23242.719814216543454677,1796.225619230355960099,42478.838968105730600655
63426.979318626508757006,-23475.576302472567476798,651.033206664604790603,42094.961270053056068718
63929.130286737003189046,-23644.934925372479483485,-296.852498029935304658,41735.749898703645158093
64304.356709903477167245,-23757.457167121618113015,-1005.019069341985868959,41442.537187086934864055
64536.259392897409270518,-23820.901356236463470850,-1442.454858690959099476,41250.667287743657652754
64614.703075679426547140,-23841.296762678481172770,-1590.362178353636636530,41183.917281892769096885
64693.146758461443823762,-23861.150470486896665534,-1738.233361854025133653,41116.231481851020362228
64925.049441455375927035,-23916.657265725527395261,-2175.139309899212094024,40910.649831664035446011
65300.275864621849905234,-23996.275569970010110410,-2881.102550886687822640,40560.600778119034657720
65802.426832732337061316,-24082.767653023503953591,-3823.389933720448425447,40058.284937638862174936
66409.555938892735866830,-24155.945404196001618402,-4957.594952205037770909,39398.792731977890070993
67095.128727835166500881,-24196.027107082540169358,-6229.515851680830564874,38584.752116261217452120
67829.182378939585760236,-24187.155751300444535445,-7577.967952207578491652,37630.612734865666425321
68579.635225272533716634,-24120.557642796193249524,-8938.474725124693577527,36565.680456103138567414
69313.688876376952975988,-23996.797081580083613517,-10247.527970979093879578,35435.152340430089680012
69999.261665319369058125,-23826.629588399064232362,-11446.860558979120469303,34298.656773302296642214
70606.390771479782415554,-23630.099214348207169678,-12487.020920683115036809,33226.164616892972844653
71108.541739590276847593,-23433.787358670604589861,-13329.569637877882996690,32291.580140489219047595
71483.768162756750825793,-23266.496262230655702297,-13947.503155223002977436,31564.788917488091101404
71715.670845750675653107,-23154.077769933668605518,-14324.030181609419742017,31103.335862288116913987
71794.114528532692929730,-23114.466025716108561028,-14450.420848059771742555,30945.110314137014938751
71872.558211314710206352,-23074.045986297565832501,-14576.306188103504609899,30785.802559409050445538
72104.460894308649585582,-22949.783303733453067252,-14945.427084718830883503,30308.492605198851379100
72479.687317475109011866,-22733.384637047500291374,-15532.625205234066015691,29515.976503957848763093
72981.838285585603443906,-22413.339351233738852898,-16297.526978976067766780,28415.931472881718946155
73588.967391746002249420,-21978.143819417913618963,-17187.085167951321636792,27024.866924404803285142
74274.540180688432883471,-21420.329411202274059178,-18139.453056165821180912,25372.573810606481856667
75008.593831792852142826,-20740.805011237349390285,-19089.295201491466286825,23506.132207590908365091
75759.046678125800099224,-19952.877088377343170578,-19974.389811952416494023,21492.448028088012506487
76493.100329230219358578,-19085.166091825107287150,-20742.955919725820422173,19418.327458103198296158
77178.673118172635440715,-18182.540045254470896907,-21360.564863689487538068,17387.323248457389126997
77785.802224333048798144,-17304.232601757546945009,-21814.900482721011940157,15513.083445109356034664
78287.953192443543230183,-16518.646664956391759915,-22116.341324741541029653,13909.727984225572072319
78663.179615610017208382,-15895.066168866727821296,-22292.855105588980222819,12680.698788023826637072
78895.082298603942035697,-15493.504764578743561287,-22379.398567590029415442,11908.128809413603448775
78973.525981385959312320,-15354.818651491135824472,-22404.577682114097115118,11644.586458672441949602
79051.969664167991140857,-15214.673262309044730500,-22427.627474608139891643,11379.937314099104696652
79283.872347161930520087,-14791.729592609828614513,-22482.957433747204049723,10591.159119560556064243
79659.098770328389946371,-14079.514627099568315316,-22529.817875314227421768,9295.128330327088406193
80161.249738438884378411,-13070.747729044554944267,-22502.875893413478479488,7524.397539889788276923
80768.378844599283183925,-11762.626196302486278000,-22316.901512271648243768,5333.311264402102096938
81453.951633541713817976,-10164.209056226447501103,-21875.068736010627617361,2805.328668346042832127
82188.005284646133077331,-8305.601026294967596186,-21082.777510416606673971,59.698074449217642723
82938.458130979081033729,-6247.774251436522717995,-19869.158637178472417872,-2746.083800377166426188
83672.511782083500293083,-4089.857697855968581280,-18216.896671939080988523,-5424.095227267515838321
84358.084571025916375220,-1967.673670942122043925,-16195.071740932253305800,-7781.446646188262093347
84965.213677186329732649,-36.239351885969028899,-13978.590016376496350858,-9664.859732261367753381
85467.364645296824164689,1563.476907570753155596,-11831.063295027453932562,-11007.746761690781568177
85842.591068463283590972,2736.816198553118283598,-10044.952414647787009017,-11845.791646987312560668
86074.493751457222970203,3443.603988949374979711,-8868.524790216630208306,-12280.598322673142320127
86152.937434239240246825,3678.466554054641164839,-8458.892448984155635117,-12412.051318211455509299
86231.381117021257523447,3910.890876891066454846,-8043.654574568107818777,-12535.273494827577451360
86463.283800015196902677,4581.941196379782013537,-6785.379927319745547720,-12849.659024535627395380
86838.510223181656328961,5606.960633318453801621,-4665.650072653714232729,-13192.151589230861645774
87340.661191292150761001,6832.598250919912061363,-1716.169777919667012611,-13312.699179918432491831
87947.790297452549566515,8045.908865442434034776,1909.149420651780019398,-12940.618803743280295748
88633.363086394980200566,9027.361037925580603769,5906.469394016385194845,-11897.995670651314867428
89367.416737499399459921,9630.510549984077442787,9894.432202056619644281,-10190.641817078147141729
90117.869583832347416319,9826.160723095243156422,13543.304897164429348777,-7996.470060898491283297
90851.923234936766675673,9681.997417580276305671,16655.316989302053116262,-5573.357100202822039137
91537.496023879182757810,9312.309188877186898026,19162.236813273564621340,-3171.603967256723990431
92144.625130039596115239,8837.089720772215514444,21081.713805941126338439,-991.791270314885309745
92646.776098150090547279,8360.713252461631782353,22472.877813262330164434,822.114525537352506035
93022.002521316549973562,7964.252529140378101147,23404.880195950030611129,2174.468283011390212778
93253.905204310489352793,7704.304380368299462134,23937.578272282091347734,3006.570525767964227271
93332.348887092506629415,7614.023487614000259782,24110.557736755919904681,3287.184722729230543337
93410.792569874523906037,7522.615726216994517017,24279.969087943165504839,3567.312479013316078635
93642.695252868463285267,7246.136708049338267301,24760.376110984358092537,4392.315157852607626410
94017.921676034922711551,6780.766460478838780546,25475.446792159873439232,5715.802467891517153475
94520.072644145417143591,6128.110521284803326125,26319.168754086138505954,7461.087433304025580583
95127.201750305815949105,5302.102837457176974567,27179.719321414373553125,9525.568134643530356698
95812.774539248246583156,4332.329243074709665962,27960.881235832664970076,11789.749571014492175891
96546.828190352665842511,3262.773169827511537733,28595.886580262598727131,14129.111681697482708842
97297.281036685613798909,2147.218477808963143616,29052.336809202595759416,16425.690909725271922071
98031.334687790033058263,1043.366745808992163802,29329.775797887297812849,18576.824263922047975939
98716.907476732449140400,7.371121407877637921,29452.668742448782722931,20499.954262171264417702
99324.036582892862497829,-910.294184320877093342,29461.367751808222237742,22133.662314057204639539
99826.187551003356929868,-1667.398853922356465773,29402.921578692188631976,23435.816649355612753425
100201.413974169816356152,-2231.159403378575916577,29322.856585251451178920,24379.980931549092929345
100433.316657163755735382,-2578.490675002046373265,29258.522003938152920455,24951.224910127592011122
100511.760339945773012005,-2695.766131266897900787,29234.264373700429132441,25142.337964486076089088
100590.204022727804840542,-2812.927103555455232708,29208.765140072358917678,25332.383121715483866865
100822.106705721744219773,-3158.582353819816489704,29126.235231784648931352,25887.980414764515444404
101197.333128888203646056,-3715.424816847613783466,28970.695189066820603330,26767.302062176946492400
101699.484096998698078096,-4455.319966426218343258,28721.829682968400447862,27906.295606032723298995
102306.613203159096883610,-5340.692516503841034137,28362.222843467323400546,29226.183245382861059625
102992.185992101527517661,-6326.800645951517253707,27884.039031575950502884,30642.149098856782075018
103726.239643205946777016,-7364.773331748650889494,27293.466169579540292034,32071.821503922634292394
104476.692489538894733414,-8405.016173337049622205,26612.146716689934692113,33442.310647999693173915
105210.746140643313992769,-9400.465702353278174996,25875.696501585363876075,34694.948996554456243757
105896.318929585730074905,-10309.220856104346239590,25129.990426210144505603,35787.371505586132116150
106503.448035746143432334,-11096.252358537183681619,24426.130551504811592167,36693.042533160551101901
107005.599003856637864374,-11734.113335488582379185,23814.989113768282550154,37398.715165525973134208
107380.825427023111842573,-12202.787193326954366057,23342.051224834900494898,37900.569062501810549293
107612.728110017036669888,-12488.969977899079822237,23043.064400843533803709,38199.907247026589175221
107691.171792799053946510,-12585.166703574139319244,22940.798341159890696872,38299.296285241267469246
107769.615475581071223132,-12681.054138600620717625,22837.968488612772489432,38397.744026551888964605
108001.518158575010602362,-12962.705264108735718764,22530.720132774782541674,38683.289864323698566295
108376.744581741470028646,-13412.599633214342247811,22023.526704467345552985,39127.973997831788437907
108878.895549851964460686,-14003.209961751670562080,21326.058266694963094778,39689.707364305097144097
109486.024656012363266200,-14699.371913818224129500,20455.622706331763765775,40318.175317786830419209
110171.597444954793900251,-15461.293539274909562664,19439.181845374070690013,40961.579759554639167618
110905.651096059213159606,-16247.869345137685741065,18314.191196540057717357,41573.102199122091406025
111656.103942392161116004,-17019.891623300380160799,17127.872064721414062660,42116.092624649209028576
112390.157593496580375358,-17742.745887650024087634,15934.936943104865349596,42567.265981050477421377
113075.730382438996457495,-18388.250008029837772483,14794.123251626540877623,42917.549780175162595697
113682.859488599409814924,-18935.439194080245215446,13764.078652900441738893,43170.610316949372645468
114185.010456709904246964,-19370.288109913479274837,12899.174456864886451513,43339.443597689300077036
114560.236879876378225163,-19684.563870528832921991,12245.732163484102784423,43441.712496986743644811
114792.139562870303052478,-19874.178525593171798391,11838.984016314707332640,43494.707439475329010747
114870.583245652320329100,-19937.512801458513422403,11700.912699019956562552,43510.868473027716390789
114949.026928434337605722,-20000.438266834626119817,11562.601459088164119748,43526.137285411568882409
115180.929611428276984952,-20184.062842143866873812,11152.337799582728621317,43566.058953526830009650
115556.156034594736411236,-20473.509775374852324603,10484.322635304142750101,43614.138477995642460883
116058.307002705230843276,-20845.847742423302406678,9582.720784488494246034,43646.534965479906531982
116665.436108865629648790,-21272.658665589788142825,8481.975079942088996177,43636.834930795383115765
117351.008897808060282841,-21723.192179882396885660,7226.560833998551061086,43561.476305247218988370
118085.062548912479542196,-22167.704691412087413482,5869.827448314503271831,43404.864001215777534526
118835.515395245427498594,-22580.531660433105571428,4471.788992525339381245,43163.280201399677025620
119569.569046349846757948,-22942.449694454047858017,3095.991108169785093196,42846.891604378899501171
120255.141835292262840085,-23241.961068159933347488,1805.815253263714112109,42479.453469612475601025
120862.270941452676197514,-23475.281419582945090951,660.717563417911719625,42095.667958544850989711
121364.421909563170629553,-23645.024886239712941460,-287.099356044360661144,41736.533699491701554507
121739.648332729644607753,-23757.835243895409803372,-995.220320609412169688,41443.379173478402663022
121971.551015723569435067,-23821.457681374689855147,-1432.630449130343777142,41251.545493388810427859
122049.994698505586711690,-23841.913408484982937807,-1580.529530866105915266,41184.807785679935477674
122128.438381287603988312,-23861.827448603115044534,-1728.392701548397553779,41117.134307862885179929
122360.341064281543367542,-23917.512662706260016421,-2165.276287340334420151,40911.589229817007435486
122735.567487448002793826,-23997.419788061324652517,-2871.207597670982977434,40561.599824931414332241
123237.718455558497225866,-24084.298479500925168395,-3813.460652451850364741,40059.364782673284935299
123844.847561718896031380,-24157.943448090198216960,-4947.637405000285980350,39399.971871762572845910
124530.420350661326665431,-24198.551871050909539917,-6219.544486697715910850,38586.045684987882850692
125264.474001765745924786,-24190.242654706959001487,-7568.004070548181516642,37632.031797865587577689
126014.926848098693881184,-24124.216300872030842584,-8928.543582568101555808,36567.231305956542200875
126748.980499203113140538,-24001.011058236399549060,-10237.654823150205629645,35436.835828610295720864
127434.553288145529222675,-23831.357680794797488488,-11437.066181721205794020,34300.467756244455813430
128041.682394305942580104,-23635.278122637009801110,-12477.317339675524635823,33228.091638930040062405
128543.833362416437012143,-23439.335394186397024896,-13319.956925720805884339,32293.605495773499569623
128919.059785582910990342,-23272.317617214634083211,-13937.968118347947893199,31566.889209963464963948
129150.962468576835817657,-23160.066872522114863386,-14314.547487631054536905,31105.483112611811520765
129229.406151358853094280,-23120.511656652532110456,-14440.956627245137497084,30947.273561956470075529
129307.849834140870370902,-23080.148033974281133851,-14566.860833749238736345,30787.981862679105688585
129539.752517134809750132,-22956.051463206182233989,-14936.039836884743635892,30310.719715411512879655
129914.978940301269176416,-22739.919325960167043377,-15523.339540033837693045,29518.282069106429844396
130417.129908411763608456,-22420.226003392192069441,-16288.392496602536994033,28418.344215145159978420
131024.259014572162413970,-21985.447954272745846538,-17178.158128956943983212,27027.412683271046262234
131709.831803514593048021,-21428.092878180446859915,-18130.795128957419365179,25375.274401854636380449
132443.885454619012307376,-20749.043838023120770231,-19080.970094315420283237,23509.004081926672370173
133194.338300951960263774,-19961.581329689499398228,-19966.457634643611527281,21495.500790096310083754
133928.391952056379523128,-19094.301940698744147085,-20735.465404984584893100,19421.562432036262180191
134613.964740998810157180,-18192.054195029879338108,-21353.544042536952474620,17390.732424840145540657
135221.093847159208962694,-17314.058413712518813554,-21808.347089499944559066,15516.649228037249486079
135723.244815269688842818,-16528.711142241758352611,-22110.214999849198648008,13913.424055475821660366
136098.471238436177372932,-15905.296228337392676622,-22287.074012965775182238,12684.492035032626517932
136330.373921430087648332,-15503.831165036031961790,-22373.842786963898106478,11911.981771976012169034
136408.817604212119476870,-15365.176540248145101941,-22399.100271128638269147,11648.459527366947440896
136487.261286994151305407,-15225.062063727686108905,-22422.229549745934491511,11383.830430728141436703
136719.163969988061580807,-14802.206294031098877895,-22477.801185862244892633,10595.111092406777970609
137094.390393154550110921,-14090.121793229676768533,-22525.074807198965572752,9299.173784551574499346
137596.541361265029991046,-13081.504209484168313793,-22498.731777239761868259,7528.563020895098816254
138203.670467425428796560,-11773.518393715183265158,-22313.559051015236036619,5337.609579367188416654
138889.243256367859430611,-10175.183202552105285577,-21872.745983711032749852,2809.750754905557187158
139623.296907472278689966,-8316.557395064206502866,-21081.698763759879511781,64.202320577228874754
140373.749753805226646364,-6258.565455802747237612,-19869.532957523781078635,-2741.582710822873195866
141107.803404909645905718,-4100.295776709022902651,-18218.879510266793658957,-5419.731164649484526308
141793.376193852076539770,-1977.553997231050743721,-16198.712381894474674482,-7777.387947203661497042
142400.505300012475345284,-45.388488378545901014,-13983.785480945709423395,-9661.265209146637062076
142902.656268122955225408,1555.136451713866790669,-11837.554452321692224359,-11004.701684779018250993
143277.882691289443755522,2729.214568105270245724,-10052.377985723020174191,-11843.261037560367185506
143509.785374283354030922,3436.518696480250127934,-8876.497550413883800502,-12278.428415840231537004
143588.229057065385859460,3671.566208282198203960,-8467.043216648584348150,-12410.010275628661474911
143666.672739847417687997,3904.180607093509934202,-8051.979231883324246155,-12533.364552908224140992
143898.575422841327963397,4575.822090391474375792,-6794.191502944278909126,-12848.157853436810910353
144273.801846007816493511,5601.884030117840666207,-4675.147625106671512185,-13191.353134477467392571
144775.952814118296373636,6829.051301335333846509,-1726.348852457559587492,-13312.879284496957552619
145383.081920278695179150,8044.327011113246044260,1898.544425297408679398,-12941.939495607484786888
146068.654709221125813201,9027.992721493552380707,5895.870799675176385790,-11900.415249717587357736
146802.708360325545072556,9633.337792337322753156,9884.269853314894135110,-10193.930361248581903055
147553.161206658493028954,9830.943902559936759644,13533.862462967244937317,-8000.326193115020942059
148287.214857762912288308,9688.388455886015435681,16646.705112754018045962,-5577.518006855376370368
148972.787646705342922360,9319.947162748174378066,19154.437652191980305361,-3175.888704248227895732
149579.916752865741727874,8845.650422254562727176,21074.633001928657904500,-996.095657313282117684
150082.067720976221607998,8369.924213756994504365,22466.379950143782480154,817.838758121778596433
150457.294144142710138112,7973.889956330192944733,23398.808701224665128393,2170.233375067839915573
150689.196827136620413512,7714.182100600470221252,23931.765894132116955006,3002.367419902940127940
150767.640509918652242050,7623.978677738871738256,24104.832220014613994863,3282.993346191438376991
150846.084192700713174418,7532.646517330592359940,24274.330029200467834016,3563.133281883397103229
151077.986875694623449817,7256.380394763505137234,24754.990268731959076831,4388.174377948692381324
151453.213298861111979932,6791.322784650878020329,25470.463082672595191980,5711.730375001925494871
151955.364266971591860056,6139.028649602912992123,26314.708609249006258324,7457.116958565476124932
152562.493373131990665570,5313.380934313932812074,27175.870459677378676133,9521.730661967769265175
153248.066162074421299621,4343.924172762007401616,27957.695423585209937301,11786.070180537653868669
153982.119813178840558976,3274.615585391323293152,28593.380834746782056754,14125.605838885518096504
154732.572659511788515374,2159.228712744592485251,29050.496834637600841234,16422.363293535694538150
155466.626310616207774729,1055.468409674632312090,29328.560471536326076603,18573.669347496321279323
156152.199099558638408780,19.500912425049079957,29452.014843404682324035,20496.957866604730952531
156759.328205719037214294,-898.180781876999617452,29461.194496488409640733,22130.803461596293345792
157261.479173829517094418,-1655.325674299751426588,29403.134762096444319468,23433.069316150340455351
157636.705596996005624533,-2219.130899016492094233,29323.352252270971803227,24377.315541106872842647
157868.608279989915899932,-2566.495701409838147811,29259.189652018620108720,24948.609557716379640624
157947.051962771947728470,-2683.783490123614683398,29234.989754304988309741,25139.739432637597928988
158025.495645553979557008,-2800.957286297676546383,29209.548032000235252781,25329.801357056094275322
158257.398328547889832407,-3146.653269677464322740,29127.186863229693699395,25885.447906457626231713
158632.624751714378362522,-3703.570293408184170403,28971.915859806544176536,26764.848264131484029349
159134.775719824858242646,-4443.581135397723301139,28723.402885783256351715,27903.945243429196125362
159741.904825985257048160,-5329.116333750599551422,28364.211160370265133679,29223.955085406421858352
160427.477614927687682211,-6315.435857686148665380,27886.481982584871730069,30640.055280904096434824
161161.531266032106941566,-7353.664849163345024863,27296.379896969196124701,32069.867420077371207299
161911.984112365054897964,-8394.199065445767701021,26615.525194358036969788,33440.495269479943090118
162646.037763469474157318,-9389.959915471335989423,25879.513865890668967040,34693.265493204686208628
163331.610552411904791370,-10299.027466245595860528,25134.204003129256307147,35785.808011244967929088
163938.739658572303596884,-11086.351801936703850515,24430.684179423617024440,36691.582951825570489746
164440.890626682783477008,-11724.465733769817234133,23819.816419576891348697,37397.339965263963676989
164816.117049849272007123,-12193.334634404127427842,23347.078600261665997095,37899.256045660767995287
165048.019732843182282522,-12479.640438687796631712,23048.213542217483336572,38198.632307388281333260
165126.463415625214111060,-12575.879195080409772345,22945.988346619407820981,38298.034166249039117247
165204.907098407245939597,-12671.808869205495284405,22843.199194355729559902,38396.494698711379896849
165436.809781401156214997,-12953.586067993592223502,22536.070204267038207036,38682.078181514334573876
165812.036204567644745111,-13403.688142368475382682,22029.066894910207338398,39126.822706965220277198
166314.187172678124625236,-13994.583344829337875126,21331.847069109615404159,39688.635943235451122746
166921.316278838523430750,-14691.099755269880915876,20461.703235827830212656,40317.199118786120379809
167606.889067780954064801,-15453.434034293992226594,19445.580167341726337327,40960.709484431448800024
168340.942718885373324156,-16240.465255777193306130,18320.916121312417089939,41572.343675389070995152
169091.395565218321280554,-17012.966574450485495618,17134.916254550116718747,42115.446817881456809118
169825.449216322740539908,-17736.301565605579526164,15942.279040249901299831,42566.729172768005810212
170511.022005265171173960,-18382.264692701475723879,14801.730645418228959898,42917.113858475117012858
171118.151111425569979474,-18929.867862314044032246,13771.910464908556605224,43170.263156739325495437
171620.302079536049859598,-19365.064144382620725082,12907.184343358347177855,43339.169534850800118875
171995.528502702538389713,-19679.602235574042424560,12253.870617364187637577,43441.492915073482436128
172227.431185696448665112,-19869.380149768636329100,11847.199991722785853199,43494.521483560740307439
172305.874868478480493650,-19932.769839691380184377,11709.154560297338321107,43510.693885282613337040
172384.318551260512322187,-19995.750813510327134281,11570.869035554273068556,43525.974063156580086797
172616.221234254422597587,-20179.540030974159890320,11160.680396621124600642,43565.929318010879796930
172991.447657420911127701,-20469.255028315485105850,10492.783431985802963027,43614.063160669262288138
173493.598625531391007826,-20841.954803288994298782,9591.333543717799329897,43646.532335775424144231
174100.727731691789813340,-21269.207546914341946831,8490.761935560687561519,43636.920273389521753415
174786.300520634220447391,-21720.245227866620552959,7235.531376734003970341,43561.661255880171665922
175520.354171738639706746,-22165.303096764910151251,5878.979163235624582740,43405.156124483473831788
176270.807018071587663144,-22578.692792303951137001,4481.108925549653577036,43163.682684672450704966
177004.860669176006922498,-22941.165595199941890314,3105.458475335842649656,42847.403052041889168322
177690.433458118437556550,-23241.198330482526216656,1815.404570850447726116,42480.067806658582412638
178297.562564278836362064,-23474.982506371266936185,670.401789847035843195,42096.374481672653928399
178799.713532389316242188,-23645.110788468096870929,-277.346189594767679409,41737.317333894425246399
179174.939955555804772303,-23758.209243110690294998,-985.421431275764462043,41444.220992555536213331
179406.842638549715047702,-23822.009918239051330602,-1422.805826998099519187,41252.423531073247431777
179485.286321331746876240,-23842.525962564290239243,-1570.696646429505562992,41185.698121275097946636
179563.730004113778704777,-23862.500331626077240799,-1718.551779900020846981,41118.036965445011446718
179795.632687107688980177,-23918.363955156783049461,-2155.412931230131107441,40912.528458799679356162
180170.859110274177510291,-23998.559888003670494072,-2861.312193780252528086,40562.598701253802573774
180673.010078384657390416,-24085.825172871736867819,-3803.530763233485686214,40060.444455212054890580
181280.139184545056195930,-24159.937345955891942140,-4937.679058925513345457,39401.150836249602434691
181965.711973487486829981,-24201.072481486517062876,-6209.572106319673366670,38587.339074738694762345
182699.765624591906089336,-24193.325405315554235131,-7558.038940641904446238,37633.450677321197872516
183450.218470924854045734,-24127.870816842802014435,-8918.610952711947902571,36568.781966891110641882
184184.272122029273305088,-24005.220913618071790552,-10227.779953287565149367,35438.519121895311400294
184869.844910971703939140,-23836.081681280844350113,-11427.269862435916365939,34302.278538041937281378
185476.974017132102744654,-23640.452973569925234187,-12467.611621223903057398,33230.018453732765919995
185979.124985242582624778,-23444.879407389369589509,-13310.341914072661893442,32295.630638384762278292
186354.351408409071154892,-23278.134980107959563611,-13928.430660642115981318,31568.989285462052066578
186586.254091402981430292,-23166.052003500110004097,-14305.062297719245179906,31107.630143196282006102
186664.697774185013258830,-23126.553323226326028816,-14431.489885073235200252,30949.436589084540173644
186743.141456967045087367,-23086.246124700577638578,-14557.412932603860099334,30790.160944296698289691
186975.044139960955362767,-22962.315688618207786931,-14926.649967009845568100,30312.946601078703679377
187350.270563127443892881,-22746.450121031288290396,-15514.051130841213307576,29520.587404865796997910
187852.421531237923773006,-22427.108821990586875472,-16279.255106630933369161,28420.756721231289702700
188459.550637398322578520,-21992.748339005011075642,-17169.227983872577169677,27029.958197313331766054
189145.123426340753212571,-21435.852704376022302313,-18122.133870474463037681,25377.974738011937006377
189879.177077445172471926,-20757.279160793073970126,-19072.641413256791565800,23511.875689752898324514
190629.629923778120428324,-19970.282230480235739378,-19958.521633401789586060,21498.553273778888978995
191363.683574882539687678,-19103.434635309426084859,-20727.970819184120045975,19424.797116454752540449
192049.256363824970321730,-18201.565391436073696241,-21346.518916615044872742,17394.141302294359775260
192656.385469985369127244,-17323.881475090089224977,-21801.789181602907774504,15520.214705353911995189
193158.536438095849007368,-16538.773056760481267702,-22104.083984147266164655,13917.119817519584103138
193533.762861262337537482,-15915.523878663520008558,-22281.288096196163678542,12688.284971805289387703
193765.665544256247812882,-15514.155257494714533095,-22368.282098972282256000,11915.834424587643297855
193844.109227038279641420,-15375.532156354523976916,-22393.617924479593057185,11652.332286393897447851
193922.552909820311469957,-15235.448628435942737269,-22416.826660844966681907,11387.723238075908739120
194154.455592814221745357,-14812.680868572759209201,-22472.639889590827806387,10599.062757773031989927
194529.682015980710275471,-14100.727022226035842323,-22520.326552701091713971,9303.218936652814591071
195031.832984091190155596,-13092.259032447811478050,-22494.582286968707194319,7532.728213003752898658
195638.962090251588961110,-11784.409317005118282395,-22310.210984209446905879,5341.907634249373586499
196324.534879194019595161,-10186.156578711565089179,-21870.417360235391242895,2814.172638651358738571
197058.588530298438854516,-8327.513636252953801886,-21080.613863066177145811,68.706469271227888385
197809.041376631386810914,-6269.357327663933574513,-19869.900855163807136705,-2737.081539551090372697
198543.095027735806070268,-4110.735468634788048803,-18220.855725615936535178,-5415.366743871682047029
199228.667816678236704320,-1987.436995373042009305,-16202.346342887514765607,-7773.328514911886486516
199835.796922838635509834,-54.541378716717133557,-13988.974414796239216230,-9657.669522227235574974
200337.947890949115389958,1546.791268368473765804,-11844.039424701762982295,-11001.655041014184462256
200713.174314115603920072,2721.607466434410525835,-10059.797801376960705966,-11840.728560898209252628
200945.076997109514195472,3429.427481882086340192,-8884.464902466726925923,-12276.256470406831795117
201023.520679891546024010,3664.659791466401657090,-8475.188708107520142221,-12407.967140698941875598
201101.964362673606956378,3897.464119824643148604,-8060.298752184666227549,-12531.453467549512424739
201333.867045667517231777,4569.696352618566379533,-6802.998394265018760052,-12846.654406351701254607
201709.093468834005761892,5596.800206005676955101,-4684.641343514391337521,-13190.552262706987676211
202211.244436944485642016,6825.496561439552351658,-1736.525392098941210861,-13313.056956151895064977
202818.373543104884447530,8042.737084476753807394,1887.940330007610555185,-12943.257997958115083748
203503.946332047315081581,9028.616521448895582580,5885.271442463395032973,-11902.833142934143324965
204237.999983151734340936,9636.157761085547463153,9874.105355413759752992,-10197.217820466148623382
204988.452829484682297334,9835.720627406060884823,13524.416878807456669165,-8004.181762950820484548
205722.506480589101556689,9694.773868624330134480,16638.089416433889709879,-5581.678724413592135534
206408.079269531532190740,9327.580240926101396326,19146.634234986286173807,-3180.173489507620615768
207015.208375691930996254,8854.206819896917295409,21067.547659946831117850,-1000.400233771220314338
207517.359343802410876378,8379.131320206928648986,22459.877369694768276531,813.562720782870428593
207892.585766968899406493,7983.523841299756895751,23392.732379953762574587,2165.998153391717096383
208124.488449962809681892,7724.056462610381458944,23925.948630887167382753,2998.163978858698101249
208202.932132744841510430,7633.930570356412317778,24099.101799775115068769,3278.801628069342314120
208281.375815526873338968,7542.674070901621234952,24268.686049228082993068,3558.953737161372373521
208513.278498520783614367,7266.621016941526249866,24749.599456564395950409,4384.033234845378501632
208888.504921687272144482,6801.876311381702180370,25465.474335342176345875,5707.657899609956984932
209390.655889797752024606,6149.944315141745391884,26310.243354086964245653,7453.146084709649585420
209997.784995958150830120,5324.656942093379257130,27172.016424033488874556,9517.892780503469111864
210683.357784900581464171,4355.517400174208887620,27954.504392358699988108,11782.390379786953417351
211417.411436005000723526,3286.456677670950284664,28590.869848573282069992,14122.099591380370839033
212167.864282337948679924,2171.237980094432259648,29048.651621537730534328,16419.035283035154861864
212901.917933442367939278,1067.569427524404090946,29327.339929331588791683,18570.514049538774997927
213587.490722384798573330,31.630337534901116214,29451.355765924108709441,20493.961102674606081564
214194.619828545197378844,-886.067511554996144696,29461.016107625237054890,22127.944252874684025301
214696.770796655677258968,-1643.252442502367557609,29403.342856722290889593,23430.321636770651821280
215071.997219822165789083,-2207.102209677829705470,29323.842868169718713034,24374.649811989125737455
215303.899902816076064482,-2554.500462739344584406,29259.852273963151674252,24945.993871227990894113
215382.343585598107893020,-2671.800557135635699524,29235.710117512040596921,25137.140568259270366980
215460.787268380139721557,-2788.987150591709905711,29210.325915411711321212,25327.219261409685714170
215692.689951374049996957,-3134.723789372824285238,29128.133513233929988928,25882.915071696097584208
216067.916374540538527071,-3691.715250916853619856,28973.131595437680516625,26762.394146862035995582
216570.067342651018407196,-4431.841626088052180421,28724.971220154224283760,27901.594571050161903258
217177.196448811417212710,-5317.539287658581088181,28366.194696140486485092,29221.726626685267547145
217862.769237753847846761,-6304.070006191479478730,27888.920259285176143749,30637.961176100572629366
218596.822888858267106116,-7342.555099159206292825,27299.289073395502782660,32067.913061423412727891
219347.275735191215062514,-8383.380491093204909703,26618.899256020828033797,33438.679627709716442041
220081.329386295634321868,-9379.452476255995861720,25883.326954210719122784,34691.581737177832110319
220766.902175238064955920,-10288.832257840227612178,25138.413441477612650488,35784.244273460579279345
221374.031281398463761434,-11076.449285232934926171,24435.233795468426251318,36690.123134721208771225
221876.182249508943641558,-11714.816058699298082502,23824.639821650922385743,37395.964535231942136306
222251.408672675432171673,-12183.879919697943478241,23352.102154647007409949,37897.942803332232870162
222483.311355669342447072,-12470.308693664250313304,23053.358914436234044842,38197.357144825196883176
222561.755038451374275610,-12566.589464007975038840,22951.174600606675085146,38296.771825184521730989
222640.198721233406104147,-12662.561360543728369521,22848.426166375204047654,38395.245149643866170663
222872.101404227316379547,-12944.464583733421022771,22541.416594886639359174,38680.866279935056809336
223247.327827393804909661,-13394.774285717068778467,22034.603491173336806241,39125.671201173412555363
223749.478795504284789786,-13985.954260881580921705,21337.632395564385660691,39687.564312137597880792
224356.607901664683595300,-14682.825011369732237654,20467.780435514927376062,40316.222715308351325803
225042.180690607114229351,-15445.571815561379480641,19451.975328542117495090,40959.839010628042160533
225776.234341711533488706,-16233.058321186048488016,18327.638070745513687143,41571.584958646300947294
226526.687188044481445104,-17006.038552251982764574,17141.957663049739494454,42114.800823346551624127
227260.740839148900704458,-17729.854150969349575462,15949.618549900118523510,42566.192181320409872569
227946.313628091331338510,-18376.276178789972618688,14809.335636148798585054,42916.677757450495846570
228553.442734251730144024,-18924.293242416202701861,13779.740039767202688381,43169.915820244510541670
229055.593702362210024148,-19359.836819714597368147,12915.192131661719031399,43338.895297989241953474
229430.820125528698554263,-19674.637190234134322964,12262.007077870475768577,43441.273160679527791217
229662.722808522608829662,-19864.578332661778404145,11855.414038942421029788,43494.335356055933516473
229741.166491304640658200,-19928.023426324947649846,11717.394515504614901147,43510.519126237697491888
229819.610174086672486737,-19991.059898337756749243,11579.134728102904773550,43525.810669886712275911
230051.512857080582762137,-20175.013728055480896728,11169.021175429723371053,43565.799512290534039494
230426.739280247071292251,-20464.996742390681902179,10501.242517336651872029,43613.987674349133158103
230928.890248357551172376,-20838.058264692113880301,9599.944735822111397283,43646.529538502953073476
231536.019354517949977890,-21265.752759298236924224,8499.547400081124578719,43637.005449842741654720
232221.592143460380611941,-21717.294533501208206872,7244.500729221700566995,43561.846041592281835619
232955.645794564799871296,-22162.897687202705128584,5888.129905252809294325,43405.448083673443761654
233706.098640897747827694,-22576.850041665569733595,4490.428110147132429120,43164.085004228123580106
234440.152292002167087048,-22939.877553935748437652,3114.925315711836447008,42847.914335841458523646
235125.725080944597721100,-23240.431601305150252301,1824.993570354259418309,42480.681979248918651138
235732.854187104996526614,-23474.679562885488849133,680.085884299711779022,42097.080839443398872390
236235.005155215476406738,-23645.192632044851052342,-267.593000345333223322,41738.100801920452795457
236610.231578381964936852,-23758.579164708989992505,-975.622403013248117531,41445.062644328252645209
236842.134261375875212252,-23822.558066742723895004,-1412.980993971130828868,41253.301400807678874116
236920.577944157907040790,-23843.134424819985724753,-1560.863526722202095698,41186.588288689279579557
236999.021626939938869327,-23863.169119449728896143,-1708.710598588691937039,41118.939454608764208388
237230.924309933849144727,-23919.211142942560400115,-2145.549243252738961019,40913.467518624202057254
237606.150733100337674841,-23999.695869616185518680,-2851.416340904753724317,40563.597407099710835610
238108.301701210817554966,-24087.347732892747444566,-3793.600267762925341231,40061.523955270451551769
238715.430807371216360480,-24161.927097473926551174,-4927.719915685286650842,39402.329625456535723060
239401.003596313646994531,-24203.588937983589858050,-6199.598712256749422522,38588.632285533793037757
240135.057247418066253886,-24196.404002626659348607,-7548.072564201687782770,37634.869373255496611819
240885.510093751014210284,-24131.521190111856412841,-8908.676837268785675406,36570.332438932819059119
241619.563744855433469638,-24009.426647032145410776,-10217.903363099863781827,35440.202220314131409395
242305.136533797864103690,-23840.801589073038485367,-11417.471602824994988623,34304.089118726653396152
242912.265639958262909204,-23645.623766280787094729,-12457.903767021114617819,33231.945061335667560343
243414.416608068742789328,-23450.419397344601748046,-13300.724604616854776395,32297.655568359703465831
243789.643031235231319442,-23283.948349923732166644,-13918.890783780447236495,31571.089144022298569325
244021.545714229141594842,-23172.033161848350573564,-14295.574613543207306066,31109.776954080982250161
244099.989397011173423380,-23132.591024407156510279,-14422.020623211174097378,30951.599395561104756780
244178.433079793205251917,-23092.340257435102103045,-14547.962486332309708814,30792.339804302140692016
244410.335762787115527317,-22968.575978895343723707,-14917.257476752616639715,30315.173262241707561770
244785.562185953604057431,-22752.977021133086964255,-15504.759979302967622061,29522.892511279085738352
245287.713154064083937556,-22433.987805828259297414,-16270.114810690476588206,28423.168991185502818553
245894.842260224482743070,-22000.044972323954425519,-17160.294734302853612462,27032.503466579859377816
246580.415049166913377121,-21443.608888393489905866,-18113.469282289130205754,25380.674819129624665948
247314.468700271332636476,-20765.510978035290463595,-19064.309159847038245061,23514.747031123821216170
248064.921546604280592874,-19978.979789113003789680,-19950.581809709732624469,21501.605479192527127452
248798.975197708699852228,-19112.564173891852988163,-20720.472163751841435442,19428.031511416989815189
249484.547986651130486280,-18211.073632579849800095,-21339.489487291702971561,17397.549880878366820980
250091.677092811529291794,-17333.701783876185800182,-21795.226760337998712203,15523.779877116028728778
250593.828060922009171918,-16548.832406391851691296,-22097.948278888597997138,13920.815270410341327079
250969.054484088497702032,-15925.749117640041731647,-22275.497356487874640152,12692.077598391311767045
251200.957167082407977432,-15524.477039695377243333,-22362.716504793152125785,11919.686767294791934546
251279.400849864439805970,-15385.885497532017325284,-22388.130643334563501412,11656.204735798275578418
251357.844532646471634507,-15245.832954136531043332,-22411.418809062284708489,11391.615736186044159695
251589.747215640381909907,-14823.153313879945926601,-22467.473546057623025263,10603.014115698508248897
251964.973638806870440021,-14111.330311635780162760,-22515.573112889127514791,9307.263786660450932686
252467.124606917350320145,-13103.012195341238111723,-22490.427423585180804366,7536.893116227714017441
253074.253713077749125659,-11795.298963388348056469,-22306.857312721502239583,5346.205429028583239415
253759.826502020179759711,-10197.129181676691587199,-21868.082866288012155565,2818.594319507134969172
254493.880153124599019065,-8338.469746529141048086,-21079.522808810772403376,73.210520360196483125
255244.332999457546975464,-6280.149863327169441618,-19870.262330241810559528,-2732.580286881257961795
255978.386650561966234818,-4121.176769548515949282,-18222.825317639570130268,-5411.001965458918675722
256663.959439504396868870,-1997.322660927643937612,-16205.973622863717537257,-7769.268350068052313873
257271.088545664795674384,-63.698018243210356104,-13994.156815982601983706,-9654.072672437714572879
257773.239513775275554508,1538.441362196158934239,-11850.518209262836535345,-10998.606831387987767812
258148.465936941764084622,2713.994898032579840219,-10067.211857891114050290,-11838.194217933671097853
258380.368619935674360022,3422.330349446324362361,-8892.426842139569998835,-12274.082487212970590917
258458.812302717706188560,3657.747307812637700408,-8483.328918952040112345,-12405.921914220549297170
258537.255985499738017097,3890.741419194005629834,-8068.613130892649678572,-12529.540239502541226102
258769.158668493648292497,4563.563986831643887854,-6811.800596219549333910,-12845.148683862777033937
259144.385091660136822611,5591.709164034847162839,-4694.131222153082489967,-13189.748974151265429100
259646.536059770616702735,6821.934033076312516641,-1746.699390598176250933,-13313.232194579117276589
260253.665165931015508249,8041.139085808272284339,1877.337141005110879632,-12944.574309950376118650
260939.237954873446142301,9029.232436584421520820,5874.671327921679221618,-11905.249349193738453323
261673.291605977894505486,9638.970454022424746654,9863.938712881405081134,-10200.504193712267806404
262423.744452310842461884,9840.490894944185129134,13514.968148258221845026,-8008.036769651391296065
263157.798103415232617408,9701.153652948818489676,16629.469903175711806398,-5585.839252385200779827
263843.370892357663251460,9335.208420555716656963,19138.826563960090425098,-3184.458322735467390885
264450.499998518091160804,8862.758910884655051632,21060.457781927019823343,-1004.704999513774851039
264952.650966628571040928,8388.334569044312956976,22453.370073590111132944,809.286413620140592684
265327.877389795030467212,7993.154181320378484088,23386.651233644039166393,2161.762618039342214615
265559.780072788998950273,7733.927463693367826636,23920.126483958523749607,2993.960202669606132986
265638.223755571001674980,7643.879162770103903313,24093.366477417675923789,3274.609568390505955904
265716.667438353004399687,7552.698384241585699783,24263.037149375999433687,3554.773844868641845096
265948.570121346972882748,7276.858571918663074030,24744.203675745229702443,4379.891728546995182114
266323.796544513432309031,6812.427038044265827921,25460.480551301945524756,5703.585041697172528075
266825.947512623912189156,6160.857515322767540056,26305.772989575008978136,7449.174811695432254055
267433.076618784340098500,5335.930858272418845445,27168.157215286344580818,9514.054490191223521833
268118.649407726770732552,4367.108922847145549895,27951.308142784298979677,11778.710168690426144167
268852.703058831160888076,3298.296444261962278688,28588.353622208280285122,14118.592939102960372111
269603.155905164137948304,2183.246277512586857483,29046.801170217418984976,16415.706878141867491649
270337.209556268528103828,1079.669797068369689441,29326.114171452481969027,18567.358369967529142741
271022.782345210958737880,43.759394499181951232,29450.691510070395452203,20490.963970300519576995
271629.911451371386647224,-873.954375547338599972,29460.832585186170035740,22125.084687814145581797
272132.062419481866527349,-1631.179160684561566086,29403.545862462233344559,23427.573611140389402863
272507.288842648325953633,-2195.073337488277047669,29324.328432786474877503,24371.983744121411291417
272739.191525642294436693,-2542.504961098471085279,29260.509869578243524302,24943.377850589145964477
272817.635208424297161400,-2659.817334404794564762,29236.425463117328035878,25134.541371278166479897
272896.078891206241678447,-2777.016698533197086363,29211.098790091840783134,25324.636834703513159184
273127.981574200210161507,-3122.793914983592003409,29129.075181551248533651,25880.381910408395924605
273503.207997366669587791,-3679.859691421987008653,28974.342395664982177550,26759.939710298949648859
274005.358965477149467915,-4420.101440505822210980,28726.534685722694121068,27899.243588828489009757
274612.488071637577377260,-5305.961380187629401917,28368.173450346108438680,29219.497869155460648471
275298.060860580008011311,-6292.703093371124850819,27891.353861166320712073,30635.866784385791106615
276032.114511684398166835,-7331.444083578249774291,27302.193698268045409350,32065.958427903984556906
276782.567358017375227064,-8372.560452056999565684,26622.268901010414992925,33436.863722635971498676
277516.621009121765382588,-9368.943386420372917200,25887.135765805654955329,34689.897728424293745775
278202.193798064196016639,-10278.635232539843855193,25142.618740451267512981,35782.680292186509177554
278809.322904224623925984,-11066.544810021967350622,24439.779398780894553056,36688.663081803679233417
279311.473872335103806108,-11705.164311826451012166,23829.459319088618940441,37394.588875388239102904
279686.700295501563232392,-12174.423050722514744848,23357.121887057652202202,37896.629335476107371505
279918.602978495531715453,-12460.974744320619720384,23058.500516547333972994,38196.081759298242104705
279997.046661277534440160,-12557.297511841530649690,22956.357102162834053161,38295.509262008912628517
280075.490344059537164867,-12653.311614092528543551,22853.649403705978329526,38393.995379310828866437
280307.393027053505647928,-12935.340812783251749352,22546.759303649654611945,38679.654159548343159258
280682.619450219965074211,-13385.858064678941445891,22040.136492243193060858,39124.519480420320178382
281184.770418330444954336,-13977.322711278186034178,21343.414245007199497195,39686.492470977427728940
281791.899524490872863680,-14674.547683427543233847,20473.854304295909969369,40315.246107321814633906
282477.472313433303497732,-15437.706884317994990852,19458.367327829299028963,40958.968338115308142733
283211.525964537693653256,-16225.648542530259874184,18334.357043643543875078,41570.826048867398640141
283961.978810870670713484,-16999.107557793144223979,17148.996288975813513389,42114.154641020868439227
284696.032461975060869008,-17723.403644752364925807,15956.955470765831705648,42565.655006686647539027
285381.605250917491503060,-18370.284467233268514974,14816.938222488273822819,42916.241477082621713635
285988.734357077919412404,-18918.715335259199491702,13787.567376112330748583,43169.568307448345876765
286490.885325188399292529,-19354.606136727157718269,12923.197820383935322752,43338.620887089738971554
286866.111748354858718812,-19669.668735285682487302,12270.141543592390007689,43441.053233791193633806
287098.014431348827201873,-19859.773075023589626653,11863.626156551170424791,43494.149056947986537125
287176.458114130829926580,-19923.273562101516290568,11725.632563215438494808,43510.344195880257757381
287254.901796912774443626,-19986.365522050466097426,11587.398535303926109918,43525.647105589494458400
287486.804479906742926687,-20170.483934095671429532,11177.360134566913984600,43565.669536354056617711
287862.030903073202352971,-20460.734918266432941891,10509.699889897045068210,43613.912019024719484150
288364.181871183682233095,-20834.158127242244518129,9608.554359318563001580,43646.526573653674859088
288971.310977344110142440,-21262.294303282320470316,8508.331471993746163207,43637.090460148247075267
289656.883766286540776491,-21714.340097248616075376,7253.468889923601636838,43562.030662379002023954
290390.937417390930932015,-22160.488463103101821616,5897.279672799819309148,43405.739878783526364714
291141.390263723907992244,-22575.003408808013773523,4499.746544724938758009,43164.487160067008517217
291875.443914828298147768,-22938.585570864957844606,3124.391627681343834411,42848.425455780365155078
292561.016703770728781819,-23239.660880749670468504,1834.582250138753806823,42481.295987388555658981
293168.145809931156691164,-23474.372589174541644752,689.769845123613094984,42097.787031864208984189
293670.296778041636571288,-23645.270416958155692555,-257.839789960226767107,41738.884103578631766140
294045.523201208095997572,-23758.945008632821554784,-965.823237494099998912,41445.904128806767403148
294277.425884202064480633,-23823.102126799887628295,-1403.155951726421562853,41254.179102603149658535
294355.869566984067205340,-23843.738795156619744375,-1551.030173422669804495,41187.478287933787214570
294434.313249766069930047,-23863.833811968990630703,-1698.869159294346900424,41119.841775365683133714
294666.215932760038413107,-23920.054225930038228398,-2135.685225092372547806,40914.406409302864631172
295041.442355926497839391,-24000.827732719029881991,-2841.520040734963913565,40564.595942482832469977
295543.593324036977719516,-24088.866159321765735513,-3783.669167737883526570,40062.603282864001812413
296150.722430197405628860,-24163.912702326124417596,-4917.759976984391869337,39403.508239401082391851
296836.295219139836262912,-24206.101240137330023572,-6189.624306219237041660,38589.925317393433942925
297570.348870244226418436,-24199.478446141678432468,-7538.104942940694854769,37636.287885691635892726
298320.801716577203478664,-24135.167420083475008141,-8898.741237951462608180,36571.882722107759036589
299054.855367681593634188,-24013.628257786607719027,-10208.025054296072994475,35441.885123895954166073
299740.428156624024268240,-23845.517403388108505169,-11407.671404590560996439,34305.899498330742062535
300347.557262784452177584,-23650.790499904345779214,-12448.193778760400164174,33233.871461773538612761
300849.708230894932057709,-23455.955363118100649444,-13291.104999037121160654,32299.680285735394136282
301224.934654061391483992,-23289.757725675972324098,-13909.348489438263641205,31573.188785683021706063
301456.837337055359967053,-23178.010346548391680699,-14286.084436772553090123,31111.923545305700827157
301535.281019837362691760,-23138.624759165588329779,-14412.548843326481801341,30953.761981426345300861
301613.724702619365416467,-23098.430431137378036510,-14538.509496599988779053,30794.518442735989083303
301845.627385613333899528,-22974.832332964284432819,-14907.862367771964272833,30317.399698942070244811
302220.853808779793325812,-22759.500025138644559775,-15495.466087066408363171,29525.197388389598927461
302723.004776890273205936,-22440.862953705389372772,-16260.971610410875655361,28425.581025053474149900
303330.133883050701115280,-22007.337852939635922667,-17151.358381852969614556,27035.048491119032405550
304015.706671993131749332,-21451.361428838146821363,-18104.801365974224609090,25383.374645259191311197
304749.760323097521904856,-20773.739288238648441620,-19055.973335618258715840,23517.618106094018003205
305500.213169430498965085,-19987.674003952008206397,-19942.638165050895622699,21504.657406394246208947
306234.266820534889120609,-19121.690554681536013959,-20712.969440115855832119,19431.265616981632774696
306919.839609477319754660,-18220.578916568822023692,-21332.455755935592605965,17400.958160650876379805
307526.968715637747664005,-17343.519338057427376043,-21788.659827014154870994,15527.344743380490399431
308029.119683748227544129,-16558.889189015855663456,-22091.807885326921677915,13924.510414201708044857
308404.346106914686970413,-15935.971943062666468904,-22269.701795049506472424,12695.869914840459387051
308636.248789908655453473,-15534.796509379253620864,-22357.146005605445679976,11923.538800143782282248
308714.692472690658178180,-15396.236561503095799708,-22382.638428862082946580,11660.076875625250977464
308793.136155472602695227,-15256.215038533029655810,-22406.005995555806293851,11395.507925102670924389
309025.038838466571178287,-14833.623627598488383228,-22462.302156388239382068,10606.965166222578773159
309400.265261633030604571,-14121.931659006851987215,-22510.814488832569622900,9311.308334604515039246
309902.416229743510484695,-13113.763695571013158769,-22486.267188075078593101,7541.057730579308554297
310509.545335903938394040,-11806.187330081684194738,-22303.498037419831234729,5350.502963685024042206
311195.118124846369028091,-10208.101008420124344411,-21865.742502574583340902,2823.015797396891684912
311929.171775950759183615,-8349.425722561578368186,-21078.425601470618858002,77.714473673613042592
312679.624622283736243844,-6290.943059100372011017,-19870.617382903084944701,-2728.078953132338938303
313413.678273388126399368,-4131.619675366279807349,-18224.788285993377940031,-5406.636829935326204577
314099.251062330557033420,-2007.210989454948276034,-16209.594220778802991845,-7765.207453426543906971
314706.380168490984942764,-72.858402300519969685,-13999.332682563273920096,-9650.474660712185141165
315208.531136601464822888,1530.086737859686536467,-11856.990803104485166841,-10995.557056892053878983
315583.757559767924249172,2706.376867393719294341,-10074.620151551811432000,-11835.658009599765136954
315815.660242761892732233,3415.227303467208912480,-8900.383365201130800415,-12271.906467099290239275
315894.103925543895456940,3650.828761529182884260,-8491.463844777726990287,-12403.874596992382066674
315972.547608325898181647,3884.012509314634826296,-8076.922363431512167153,-12527.624869519340791157
316204.450291319866664708,4557.424996805669252353,-6820.598103748319772421,-12843.640686553782870760
316579.676714486326090991,5586.610907263317130855,-4703.617255301209297613,-13188.943269043536929530
317081.827682596805971116,6818.363718095132753660,-1756.870841710122476798,-13313.404999475809745491
317688.956788757233880460,8039.533015388675266877,1866.734864514330865859,-12945.888430740136755048
318374.529577699664514512,9029.840465697212493978,5864.070461593725667626,-11907.663867388926519197
319108.583228804054670036,9641.775868944265312166,9853.769930248661694350,-10203.789479967959778151
319859.036075137031730264,9845.254702486439782660,13505.516274895278911572,-8011.891212461648137833
320593.089726241421885788,9707.527806013977169641,16620.846575816121912794,-5589.999590277149764006
321278.662515183852519840,9342.831698782330931863,19131.014641419209510786,-3188.743203631732285430
321885.791621344280429184,8871.306692403597480734,21053.363369802373199491,-1009.009954365786825292
322387.942589454760309309,8397.533957502362682135,22446.858063506275357213,805.009836733313136392
322763.169012621219735593,8002.780973663576332910,23380.565263803913694574,2157.526769067411805736
322995.071695615188218653,7743.795101145112312224,23914.299454758765932638,2989.756091369859404949
323073.515378397190943360,7653.824452283681239351,24087.626254323946341174,3270.417167182570665318
323151.959061179135460407,7562.719454662349562568,24257.383330995420692489,3550.593605026317163720
323383.861744173103943467,7287.093057030699128518,24738.802927538927178830,4375.749859057046705857
323759.088167339563369751,6822.974962011959178199,25455.481731686209968757,5699.511801244499110908
324261.239135450043249875,6171.768247567842990975,26301.297516689119220246,7445.203139481120160781
324868.368241610471159220,5347.202680328457063297,27164.292834240462980233,9510.215790970723901410
325553.941030552901793271,4378.698738317132665543,27948.106675494087539846,11775.029547175221523503
326287.994681657291948795,3310.134882760272830637,28585.832156118962302571,14115.085881973609502893
327038.447527990269009024,2195.253602653602229111,29044.945480992060765857,16412.378078773195738904
327772.501179094659164548,1091.769516016873694753,29324.883198079460271401,18564.202308700074354419
328458.073968037089798599,55.888081079917014904,29450.022075907923863269,20487.966469401464564726
329065.203074197517707944,-861.841376046137611411,29460.643929139710962772,22122.224766335613821866
329567.354042307997588068,-1619.105831000371608752,29403.743779209784406703,23424.825239182562654605
329942.580465474457014352,-2183.044284573305503727,29324.808945961041899864,24369.317337428576138336
330174.483148468425497413,-2530.509198594694680651,29261.162438671435666038,24940.761495725513668731
330252.926831250428222120,-2647.833824032608845300,29237.135790917596750660,25131.941841620457125828
330331.370514032430946827,-2765.045932217944027798,29211.866655826619535219,25322.054076864693342941
330563.273197026399429888,-3110.863648587420811964,29130.011867936489579733,25877.848422522507462418
330938.499620192858856171,-3668.003616972005602292,28975.548260194151225733,26757.484954372241190867
331440.650588303338736296,-4408.360580659746119636,28728.093282130994339241,27896.892296696736593731
332047.779694463766645640,-5294.382613297577336198,28370.147422556241508573,29217.268812752532539889
332733.352483406197279692,-6281.335121128717219108,27893.782787718741019489,30633.772105698775703786
333467.406134510587435216,-7320.331804262654259219,27305.093770997311366955,32064.003519461886753561
334217.858980843564495444,-8361.738950114848194062,26625.634128659883572254,33435.047554205069900490
334951.912631947954650968,-9358.432647677784189000,25890.940299936526571400,34688.213466894048906397
335637.485420890385285020,-10268.436391996254315018,25146.819899247144348919,35781.116067375915008597
336244.614527050813194364,-11056.638377900024352130,24444.320988503575790673,36687.202793028802261688
336746.765495161293074489,-11695.510494700856725103,23834.274910989115596749,37393.212985690872301348
337121.991918327752500772,-12164.964028992226303671,23362.137796561095456127,37895.315642052075418178
337353.894601321720983833,-12451.638592149169198819,23063.638347599298867863,38194.806150767937651835
337432.338284103723708540,-12548.003340065946758841,22961.535850329935783520,38294.246476683154469356
337510.781966885668225586,-12644.059631329279000056,22858.868905383740639081,38392.745387673552613705
337742.684649879636708647,-12926.214756598124949960,22552.098329573258524761,38678.441820316300436389
338117.911073046096134931,-13376.939480672981517273,22045.665897107224736828,39123.367544669679773506
338620.062041156576015055,-13968.688697389052322251,21349.192616386921145022,39685.420419720721838530
339227.191147317003924400,-14666.267772753106328310,20479.924841074702271726,40314.269294794597954024
339912.763936259434558451,-15429.839241804804260028,19464.756164058373542503,40958.097466863931913394
340646.817587363824713975,-16218.235920975994304172,18341.073038811548030935,41570.066946025814104360
341397.270433696801774204,-16992.173592162354907487,17156.032131084826687584,42113.508270880527561530
342131.324084801191929728,-17716.950047965896374080,15964.289801558150429628,42565.117648845465737395
342816.896873743622563779,-18364.289558969587233150,14824.538403107484555221,42915.805017352613504045
343424.025979904050473124,-18913.134141715709120035,13795.392472580797402770,43169.220618334009486716
343926.176948014530353248,-19349.372096238294034265,12931.201408134811572381,43338.346302137157181278
344301.403371180989779532,-19664.696871505526360124,12278.274013120091694873,43440.833134394684748258
344533.306054174958262593,-19854.964377605261688586,11871.836343127597501734,43493.962586223853577394
344611.749736956960987300,-19918.520247763659426710,11733.868702004325314192,43510.169094197568483651
344690.193419738963712007,-19981.667685382530180505,11595.660455727520457003,43525.483370252506574616
344922.096102732932195067,-20165.950649802984116832,11185.697272591649380047,43565.539390189769619610
345297.322525899391621351,-20456.469556609194114571,10518.155548207778338110,43613.836194685616646893
345799.473494009871501476,-20830.254391549449792365,9617.162412724692330812,43646.523441218800144270
346406.602600170299410820,-21258.832179407840158092,8517.114149789418661385,43637.175304299213166814
347092.175389112730044872,-21711.381919571693288162,7262.435857302149088355,43562.215118235762929544
347826.229040217120200396,-22158.075424844191729790,5906.428464310702111106,43406.031509811538853683
348576.681886550097260624,-22573.152894021721294848,4509.064227690641018853,43164.889152189352898858
349310.735537654487416148,-22937.289646191453357460,3133.857409628144068847,42848.936411861257511191
349996.308326596918050200,-23238.886168938352057012,1844.170608567722410953,42481.909831082390155643
350603.437432757345959544,-23474.061585287767229602,699.453670666704283576,42098.493058942010975443
351105.588400867825839669,-23645.344143196587538114,-248.086560103381941644,41739.667238877591444179
351480.814824034285265952,-23759.306774825116008287,-956.023936390477388159,41446.745446000917581841
351712.717507028253749013,-23823.642098325115512125,-1393.330701940587005083,41255.056636470348166768
351791.161189810256473720,-23844.339073479186481563,-1541.196588209157653182,41188.368119019563891925
351869.604872592259198427,-23864.494409079270553775,-1689.027463696837685347,41120.743927726980473381
352101.507555586227681488,-23920.893203986099251779,-2125.820878432901281485,40915.345130847817927133
352476.733978752687107772,-24001.955477132796659134,-2831.623294961151259486,40565.594307416540686972
352978.884946863166987896,-24090.380451917066238821,-3773.737464855921189155,40063.682438007883320097
353586.014053023594897240,-24165.894160194788128138,-4907.799244527326663956,39404.686678100697463378
354271.586841966025531292,-24208.609387543419870781,-6179.648889917179076292,38591.218170337684568949
355005.640493070415686816,-24202.548735362503066426,-7528.136078572038968559,37637.706214652425842360
355756.093339403392747045,-24138.809506162466277601,-8888.804156472666363697,36573.432816441847535316
356490.146990507782902569,-24017.825745189969893545,-10198.145028585189720616,35443.567832669614290353
357175.719779450213536620,-23850.229123443314165343,-11397.869269434784655459,34307.709676885941007640
357782.848885610641445965,-23655.953173575879191048,-12438.481658134967801743,33235.797655080852564424
358284.999853721121326089,-23461.487303776390035637,-13281.483099017230415484,32301.704790548537857831
358660.226276887580752373,-23295.563106379202508833,-13899.803779291052705958,31575.288210482493013842
358892.128959881549235433,-23183.983556582428718684,-14276.591769076832861174,31114.069916910011670552
358970.572642663551960140,-23144.654526472753786948,-14403.074547086762322579,30955.924346720075845951
359049.016325445496477187,-23104.516644767500110902,-14529.053965072394930758,30796.696859638432215434
359280.919008439464960247,-22981.084749752390052890,-14898.464641726663103327,30319.625911221311980626
359656.145431605924386531,-22766.019131921668304130,-15486.169455778817791725,29527.502036240475717932
360158.296399716404266655,-22447.734264422804699279,-16251.825507421886868542,28427.992822880667517893
360765.425505876832176000,-22014.626979562817723490,-17142.418928128092375118,27037.593270979246881325
361450.998294819262810051,-21459.110324316003243439,-18096.130123102590005146,25386.074216452067048522
362185.051945923652965575,-20781.964089892659103498,-19047.633942102758737747,23520.488914717796433251
362935.504792256630025804,-19996.364873362181242555,-19934.690700908959115623,21507.709055441067903303
363669.558443361020181328,-19130.813775914561119862,-20705.462649704677460250,19434.499433207078254782
364355.131232303450815380,-18230.081241511201369576,-21325.417723915863462025,17404.366141670350771165
364962.260338463878724724,-17353.334135621196764987,-21782.088382940764859086,15530.909304204235013458
365464.411306574358604848,-16568.943402513225009898,-22085.662804716499522328,13928.205248947375366697
365839.637729740818031132,-15946.192352727704928839,-22263.901413090305140940,12699.661921202305165934
366071.540412734786514193,-15545.113664288501240662,-22351.570602588650217513,11927.390523181336902780
366149.984095516789238900,-15406.585345991008580313,-22377.141282231281365966,11663.948705920091015287
366228.427778298791963607,-15266.594879329242758104,-22400.588221484180394327,11399.399804868906358024
366460.330461292760446668,-14844.091807374752534088,-22457.125721708962373668,10610.915909384202677757
366835.556884459219872952,-14132.531061887550094980,-22506.050681601649557706,9315.352580514334476902
367337.707852569699753076,-13124.513530544008972356,-22482.101581425089534605,7545.222056070152575558
367944.836958730127662420,-11817.074414302431250690,-22300.133159173703461420,5354.800238198527040367
368630.409747672558296472,-10219.072055914964948897,-21863.396269801738526439,2827.437072244293631229
369364.463398776948451996,-8360.381561019261425827,-21077.322241523659613449,82.218329040352500670
370114.916245109925512224,-6301.736911291768592491,-19870.966013294288131874,-2723.577538623462714895
370848.969896214315667748,-4142.064182004017311556,-18226.744630334582325304,-5402.271337825402042654
371534.542685156746301800,-2017.101976514521084027,-16213.208135590528399916,-7761.145825742022680060
372141.671791317174211144,-82.022526230203823161,-14004.502012599632507772,-9646.875487984838400735
372643.822759427654091269,1521.727400023677091667,-11863.457203329540789127,-10992.505718518346839119
373019.049182594113517553,2698.753379014800884761,-10082.022678648265355150,-11833.119936830298684072
373250.951865588082000613,3408.118348242101092183,-8908.334467423755995696,-12269.728410907093348214
373329.395548370084725320,3643.904156827913993766,-8499.593481183239418897,-12401.825189814211626071
373407.839231152029242367,3877.277394303127948660,-8085.226445228935517662,-12525.707358352748997277
373639.741914145997725427,4551.279386319304649078,-6829.390911795811007323,-12842.130415009238276980
374014.968337312457151711,5581.505438753931230167,-4713.099437239854523796,-13188.135147618171686190
374517.119305422937031835,6814.785618351113043900,-1767.039739190539194169,-13313.575370540278527187
375124.248411583364941180,8037.918873504073417280,1856.133506760317686712,-12947.200359483920692583
375809.821200525795575231,9030.440607588430793840,5853.468849025312010781,-11910.076696412150340620
376543.874851630185730755,9644.574003650133818155,9843.599012050228338921,-10207.073678212947925203
377294.327697963162790984,9850.012047346477629617,13496.061262297491339268,-8015.745090625262491812
378028.381349067552946508,9713.896324975161405746,16612.219437194089550758,-5594.159737595480692107
378713.954138009983580559,9350.450072751737025101,19123.198469671464408748,-3193.028131895564001752
379321.083244170411489904,8879.850161639775251388,21046.264425508041313151,-1013.315098151049824082
379823.234212280891370028,8406.729482814374932786,22440.341341121598816244,800.732990223110391526
380198.460635447350796312,8012.404215600985480705,23374.474471943332900992,2153.290606533274058165
380430.363318441319279373,7753.659372261180578789,23908.467544702332816087,2985.551644994921389298
380508.807001223322004080,7663.766436200849966554,24081.881131877275038278,3266.224424474129591545
380587.250684005324728787,7572.737279475541981810,24251.724595439554832410,3546.413017657075670286
380819.153366999293211848,7297.324469612924985995,24733.397213212196220411,4371.607626381203772326
381194.379790165752638131,6833.520080657725884521,25450.477877631215960719,5695.438178234684528434
381696.530758276232518256,6182.676509298310520535,26296.816936407023604261,7441.231068026780121727
382303.659864436660427600,5358.472405738166344236,27160.423281702005624538,9506.376682783680735156
382989.232653379091061652,4390.286844119663328456,27944.899991121546918293,11771.348515170457176282
383723.286304483481217176,3321.971990761015149474,28583.305450773645134177,14111.578419914259939105
384473.739150816458277404,2207.259953171055713028,29043.084554178065445740,16409.048884848340094322
385207.792801920848432928,1103.868582079369389248,29323.647009393756889040,18561.045865655451052589
385893.365590863279066980,68.016395038195355482,29449.347463501741003711,20484.968599897918466013
386500.494697023706976324,-849.728515244609525325,29460.450139454918826232,22119.364488361687108409
387002.645665134186856449,-1607.032455604967708496,29403.936606858933373587,23422.076520821839949349
387377.872088300646282732,-2171.015053059403726365,29325.284407533607009100,24366.650591836903913645
387609.774771294614765793,-2518.513177336787066452,29261.809981050599162700,24938.144806564610917121
387688.218454076617490500,-2635.850028121757986810,29237.841100709963939153,25129.341979213972081197
387766.662136858562007546,-2753.074853742183222494,29212.629512402534601279,25319.470987820801383350
387998.564819852530490607,-3098.932992262663447036,29130.943572144937206758,25875.314607967266056221
388373.791243018989916891,-3656.147029615921837831,28976.749188731297181221,26755.029879012534365756
388875.942211129469797015,-4396.619048559152361122,28729.647009021813573781,27894.540694588100450346
389483.071317289897706360,-5282.802988949029895593,28372.116612340254505398,29215.039457412829506211
390168.644106232328340411,-6269.966091368684828922,27896.207038433087291196,30631.677139979332423536
390902.697757336718495935,-7309.218263055301576969,27307.989290994028124260,32062.048336040556023363
391653.150603669695556164,-8350.915987045304063940,26628.994938302403170383,33433.231122364173643291
392387.204254774085711688,-9347.920261742312504794,25894.740555864460475277,34686.528952537621080410
393072.777043716516345739,-10258.235737862056339509,25151.016917062199354405,35779.551598982434370555
393679.906149876944255084,-11046.729990464251386584,24448.858563778929237742,36685.742268352936662268
394182.057117987424135208,-11685.854608873036340810,23839.086596451379591599,37391.836866098383325152
394557.283541153883561492,-12155.502856022303603822,23367.149882224766770378,37894.001723020221106708
394789.186224147852044553,-12442.300238643219927326,23068.772406640335248085,38193.530319195422634948
394867.629906929854769260,-12538.706950167044851696,22966.710844149805780035,38292.983469168670126237
394946.073589711857493967,-12634.805413732499800972,22864.084670443735376466,38391.495174693955050316
395177.976272705825977027,-12917.086416634425404482,22557.433671673934441060,38677.229262201828532852
395553.202695872285403311,-13368.018535119344960549,22051.191704752298392123,39122.215393885890080128
396055.353663982765283436,-13960.052220585343093262,21354.967508651803655084,39684.348158333850733470
396662.482770143193192780,-14657.985280657581824926,20485.992044754406379070,40313.292277695414668415
397348.055559085623826832,-15421.968889264144308981,19471.141836083577800309,40957.226396845231647603
398082.109210190013982356,-16210.820457690693729091,18347.786055053824384231,41569.307650095513963606
398832.562056522991042584,-16985.236656449305883143,17163.065188132310140645,42112.861712902151339222
399566.615707627381198108,-17710.493361622415250167,15971.621540987305706949,42564.580107776026125066
400252.188496569811832160,-18358.291454938302194932,14832.136176676332979696,42915.368378242004837375
400859.317602730239741504,-18907.549662659643217921,13803.215327808331494452,43168.872752885057707317
401361.468570840719621629,-19344.134699067224573810,12939.202893522984595620,43338.071543116733664647
401736.694994007179047912,-19659.721599671716830926,12286.404485042698070174,43440.612862476402369794
401968.597677001147530973,-19850.152241159303230233,11880.044597248905120068,43493.775943870685296133
402047.041359783150255680,-19913.763484055176377296,11742.102930444581943448,43509.993821177005884238
402125.485042565152980387,-19976.966389068908029003,11603.920487943429179722,43525.319463863321288954
402357.387725559121463448,-20161.413875886657478986,11194.032588062109425664,43565.409073786075168755
402732.614148725580889732,-20452.200658086323528551,10526.609490809021735913,43613.760201321427302901
403234.765116836060769856,-20826.347058224691863870,9625.768894557373641874,43646.520141189554124139
403841.894222996488679200,-21255.366388217022176832,8525.895431958160770591,43637.259982288822357077
404527.467011938919313252,-21708.420000934271229198,7271.401629818905348657,43562.399409157958871219
405261.520663043309468776,-22155.658572804972209269,5915.576278218753031979,43406.322976755225681700
406011.973509376286529005,-22571.298497598116227891,4518.381157450857244839,43165.290980595360451844
406746.027160480676684529,-22935.989780120093200821,3143.322659935200135806,42849.447204086754936725
407431.599949423107318580,-23238.107465994409722043,1853.758644004115694770,42482.523510335304308683
408038.729055583535227925,-23473.746551275478850584,709.137359275921198787,42099.198920683738833759
408540.880023694015108049,-23645.413810749694675906,-238.333312439780087288,41740.450207825990219135
408916.106446860474534333,-23759.664463229728426086,-946.224501375436375383,41447.586595920693071093
409148.009129854443017393,-23824.177981233926402638,-1383.505246291478442799,41255.934002420020988211
409226.452812636445742100,-23844.935259693596890429,-1531.362772760988264054,41189.257781957632687408
409304.896495418390259147,-23865.150910676831699675,-1679.185513476817050105,41121.645911704006721266
409536.799178412358742207,-23921.728076978528406471,-2115.956204959332353610,40916.283683271176414564
409912.025601578818168491,-24003.079102678973868024,-2821.726105274567089509,40566.592501914310560096
410414.176569689298048615,-24091.890610437778377673,-3763.805160815599265334,40064.761420717368309852
411021.305675849725957960,-24167.871470763064280618,-4897.837720019781045266,39405.864941572850511875
411706.878464792156592011,-24211.113379798356618267,-6169.672465061833463551,38592.510844386575627141
412440.932115896546747535,-24205.614869791825185530,-7518.165972809904815222,37639.124360160756623372
413191.384962229523807764,-24142.447447754369932227,-8878.865594546332431491,36574.982721960906928871
413925.438613333913963288,-24022.019108551463432377,-10188.263287677329572034,35445.250346663990058005
414611.011402276344597340,-23854.936748456642817473,-11388.065199060964005184,34309.519654423995234538
415218.140508436772506684,-23661.111786431360087590,-12428.767406839295290411,33237.723641291944659315
415720.291476547252386808,-23467.015218386670312611,-13271.858906242207012838,32303.729082835725421319
416095.517899713711813092,-23301.364491048621857772,-13890.256655015427895705,31577.387418459064065246
416327.420582707680296153,-23189.952790933191863587,-14267.096612127008484094,31116.216068933194037527
416405.864265489683020860,-23150.680325300407275790,-14393.597736160874774214,30958.086491481983102858
416484.307948271685745567,-23110.598897286094143055,-14519.595893416531907860,30798.875055049211368896
416716.210631265654228628,-22987.333228187442728085,-14889.064300277295842534,30321.851899120098096319
417091.437054432113654912,-22772.534340356305619935,-15476.870087089164371719,29529.806454874145856593
417593.588022542593535036,-22454.601736781696672551,-16242.676503354932719958,28430.404384711830061860
418200.717128703021444380,-22021.912350904538470786,-17133.476374735182616860,27040.137806207938410807
418886.289917645452078432,-21466.855573433273093542,-18087.455555248801829293,25388.773532758696092060
419620.343568749842233956,-20790.185381487084669061,-19039.290980834441143088,23523.359457048612966901
420370.796415082819294184,-20005.052395708546100650,-19926.739418769226176664,21510.760426388846099144
421104.850066187209449708,-19139.933835827177972533,-20697.951793948293925496,19437.732960150769940810
421790.422855129640083760,-18239.580605515264323913,-21318.375392603105865419,17407.773823994244594360
422397.551961290067993104,-17363.146174554767640075,-21775.512429428727045888,15534.473559642890904797
422899.702929400547873229,-16578.995044764527847292,-22079.513038313059951179,13931.899774699677436729
423274.929352567007299513,-15956.410344431415069266,-22258.096211820895405253,12703.453617525323352311
423506.832035560975782573,-15555.428502164866586099,-22345.990296923748246627,11931.241936452473964891
423585.275718342978507280,-15416.931848718731998815,-22371.639204612743924372,11667.820226726640612469
423663.719401124923024327,-15276.972474229574800120,-22395.165488007362000644,11403.291375528140633833
423895.622084118891507387,-14854.557850855406286428,-22451.944243147463566856,10614.866345222015297622
424270.848507285350933671,-14143.128517826649840572,-22501.281692267988546519,9319.396524419198613032
424772.999475395830813795,-13135.261697667607222684,-22477.930604623335966608,7549.386092711834862712
425380.128581556258723140,-11827.960213268206643988,-22296.762678853876423091,5359.097252548593132815
426065.701370498689357191,-10230.042321134653320769,-21861.044168677697598469,2831.858143972724519699
426799.755021603079512715,-8371.337258571786151151,-21076.212729449682228733,86.722086289418143679
427550.207867936056572944,-6312.531416209965755115,-19871.308221564053383190,-2719.076043673842832504
428284.261519040446728468,-4152.510285378211847274,-18228.694350323065009434,-5397.905489653278891637
428969.834307982877362520,-2026.995617666173529869,-16216.815366259992515552,-7757.083467768743503257
429576.963414143305271864,-91.190385373173285188,-14009.664804156747777597,-9643.275155189856377547
430079.114382253785151988,1513.363353354263153960,-11869.917407044971696450,-10989.452817259108996950
430454.340805420244578272,2691.124437394907999987,-10089.419435474348574644,-11830.580000559524705750
430686.243488414213061333,3401.003488071616175148,-8916.280144583479341236,-12267.548319478708435781
430764.687171196215786040,3636.973497923907416407,-8507.717823771314215264,-12399.773693486766205751
430843.130853978218510747,3870.536078280013498443,-8093.525371715677465545,-12523.787706756897023297
431075.033536972186993808,4545.127159156239031290,-6838.179015308228372305,-12840.617869815356243635
431450.259960138646420091,5576.392761575130862184,-4722.577762251323292730,-13187.324610111229048925
431952.410928249126300216,6811.199735705533385044,-1777.206076794691171017,-13313.743307472275773762
432559.540034409554209560,8036.296660446546411549,1845.533073971160774818,-12948.510095338839164469
433245.112823351984843612,9031.032861063746167929,5842.866495766560547054,-11912.487835155368884443
433979.166474456374999136,9647.364855941803398309,9833.425962824288944830,-10210.356787426278970088
434729.619320789352059364,9854.762926839486681274,13486.603114047307826695,-8019.598403384807170369
435463.672971893742214888,9720.259206988543155603,16603.588490151803853223,-5598.319693845080109895
436149.245760836172848940,9358.063539610182488104,19115.378051027502806392,-3197.313107225072144502
436756.374866996600758284,8888.389315779491880676,21039.160950981626228895,-1017.620430692516947602
437258.525835107080638409,8415.921142213817802258,22433.819908116609440185,796.455874191023440289
437633.752258273540064692,8022.023904404318273009,23368.378859574393572984,2149.054130495106619492
437865.654941267508547753,7763.520274337247428775,23902.630755205620516790,2981.346863580840363284
437944.098624049511272460,7673.705111825384847180,24076.131111462971603032,3262.031340294455276307
438022.542306831455789506,7582.751855993285971635,24246.060944062755879713,3542.232082782917132135
438254.444989825424272567,7307.552807001191467862,24727.986534032796043903,4367.465030524239409715
438629.671412991883698851,6844.062391355015279260,25445.468990274279349251,5691.364172649668034865
439131.822381102363578975,6193.582297936006398231,26292.331249707527604187,7437.258597291662226780
439738.951487262791488320,5369.740031978742990759,27156.548558478170889430,9502.537165570893193944
440424.524276205222122371,4401.873237790751772991,27941.688090301217016531,11767.667072604326676810
441158.577927309612277895,3333.807765859793107666,28580.773506641722633503,14108.070552846045757178
441909.030773642589338124,2219.265326719013501133,29041.218390092890331289,16405.719296285598829854
442643.084424746979493648,1115.966992965733879828,29322.405605577707319753,18557.889040751924767392
443328.657213689410127699,80.144334135511428485,29448.667672918003518134,20481.970361709616554435
443935.786319849838037044,-837.615795335534585320,29460.251216102005855646,22116.503853814185276860
444437.937287960317917168,-1594.959036653097882663,29404.124345304840971949,23419.327455982122046407
444813.163711126777343452,-2158.985645072696570423,29325.754817345594346989,24363.983507272008864675
445045.066394120745826513,-2506.516899433071102976,29262.452496524849266279,24935.527783033136074664
445123.510076902748551220,-2623.865948774527169007,29238.541392292761884164,25126.741783985780784860
445201.953759684751275927,-2741.103465202495954145,29213.387359607149846852,25316.887567499841679819
445433.856442678719758987,-3087.001948087936852971,29131.870293932930508163,25872.780466671811154811
445809.082865845179185271,-3644.289931403060563753,28977.945180983566388022,26752.574484150820353534
446311.233833955659065396,-4384.876846213689532306,28731.195866038851818303,27892.188782436074689031
446918.362940116086974740,-5271.222509102875847020,28374.081019268498494057,29212.809803072941576829
447603.935729058517608792,-6258.596005995756968332,27898.626612800948350923,30629.581887167525565019
448337.989380162907764316,-7298.103461799427350343,27310.880257669778075069,32060.092877583672816399
449088.442226495884824544,-8340.091564627247862518,26632.351329271998110926,33431.414427060553862248
449822.495877600274980068,-9337.406230328424499021,25898.536532851434458280,34684.844185305744758807
450508.068666542705614120,-10248.033271790251092170,25155.209793094229098642,35777.986886959930416197
451115.197772703133523464,-11036.819649312163164723,24453.392123750243627001,36684.281507732608588412
451617.348740813613403589,-11676.196655893883871613,23843.894374575225810986,37390.460516569437459111
451992.575163980072829872,-12146.039533328372272081,23372.158143116859719157,37892.687578340810432564
452224.477846974041312933,-12432.959685296429597656,23073.902692719460901571,38192.254264541908924002
452302.921529756044037640,-12529.408343631024763454,22971.882082665044435998,38291.720239426962507423
452381.365212537988554686,-12625.548962780625515734,22869.296697922487510368,38390.244740333575464319
452613.267895531957037747,-12907.955794348396011628,22562.765328969519032398,38676.016485167448990978
452988.494318698416464031,-13359.095229438073147321,22056.713914166586619103,39121.063028032935108058
453490.645286808896344155,-13951.413282238123429124,21360.738920751395198749,39683.275686782792035956
454097.774392969324253500,-14649.700208452022707206,20492.055914239488629391,40312.315055992650741246
454783.347181911754887551,-15414.095827938275760971,19477.524342760509171057,40956.355128030132618733
455517.400833016145043075,-16203.402153841794643085,18354.496091175948095042,41568.548161050108319614
456267.853679349122103304,-16978.296751743742788676,17170.095458875122858444,42112.214967062056530267
457001.907330453512258828,-17704.033586734498385340,15978.950687764800022705,42564.042383457199321128
457687.480119395942892879,-18352.290156078939617146,14839.731541865969120408,42914.931559731980087236
458294.609225556370802224,-18901.961898965069849510,13811.035940431969720521,43168.524711084741284139
458796.760193666850682348,-19338.893946033338579582,12947.202275158397242194,43337.796610013385361526
459171.986616833310108632,-19654.742920562457584310,12294.532957950566924410,43440.392418022536730859
459403.889299827278591692,-19845.336666438361135079,11888.250917493629458477,43493.589129875494109001
459482.332982609281316400,-19909.003271720048360294,11750.335247110793716274,43509.818376805837033316
459560.776665391284041107,-19972.261633844947937177,11612.178630522221283172,43525.155386409503989853
459792.679348385252524167,-20156.873613056322938064,11202.366079537418045220,43565.278587131215317640
460167.905771551711950451,-20447.928223365608573658,10535.061716241811154759,43613.684038921615865547
460670.056739662191830575,-20822.436127879380364902,9634.373803334328840720,43646.516673557074682321
461277.185845822619739920,-21251.896930252540187212,8534.675316990884311963,43637.344494110177038237
461962.758634765050373971,-21705.454341800643305760,7280.366205936293226841,43562.583535140882304404
462696.812285869440529495,-22153.237907364960847190,5924.723112958041383536,43406.614279612302198075
463447.265132202417589724,-22569.440219829128182027,4527.697332413008552976,43165.692645285169419367
464181.318783306807745248,-22934.685972856241278350,3152.787376986188064620,42849.957832459389464930
464866.891572249238379300,-23237.324772041622054530,1863.346354811563060139,42483.137025152129353955
465474.020678409666288644,-23473.427487188528175466,718.820909298901369766,42099.904617096224683337
465976.171646520146168768,-23645.479419607589079533,-228.580048633727187735,41741.233010432333685458
466351.398069686605595052,-23760.018073791114147753,-936.424934121431874701,41448.427578575865481980
466583.300752680574078113,-23824.709775442435784498,-1373.679586456250262927,41256.811200462740089279
466661.744435462576802820,-23845.527353706340363715,-1521.528728756845566750,41190.147276758820225950
466740.188118244579527527,-23865.803316658591938904,-1669.343310314799055050,41122.547727307719469536
466972.090801238548010588,-23922.558844775743637001,-2106.091206356437851355,40917.222066584683489054
467347.317224405007436872,-24004.198609179671620950,-2811.828473366304933734,40567.590525989202433266
467849.468192515487316996,-24093.396634643679135479,-3753.872257315344995732,40065.840231007299735211
468456.597298675915226340,-24169.844633714757947018,-4887.875405167284043273,39407.043029834567278158
469142.170087618345860392,-24213.613216499325062614,-6159.695033364336268278,38593.803339559657615609
469876.223738722736015916,-24208.676848933006112929,-7508.194627368466171902,37640.542322239009081386
470626.676585055713076144,-24146.081244265446002828,-8868.925553886378111201,36576.532438690257549752
471360.730236160103231668,-24026.208347181021963479,-10178.379833282697290997,35446.932665907384944148
472046.303025102533865720,-23859.640277646729373373,-11378.259195172540785279,34311.329430976125877351
472653.432131262961775064,-23666.266337607416062383,-12419.051026568031375064,33239.649420440669928212
473155.583099373441655189,-23472.539106016803998500,-13262.232422397308255313,32305.753162633009196725
473530.809522539901081473,-23307.161878700095257955,-13880.707118288317360566,31579.486409650460700504
473762.712205533869564533,-23195.918048584120697342,-14257.598967594265559455,31118.362001414017868228
473841.155888315872289240,-23156.702154620936198626,-14384.118412217962031718,30960.248415751200809609
473919.599571097816806287,-23116.677187654622684931,-14510.135283299056027317,30801.053029008278826950
474151.502254091785289347,-22993.577767198068613652,-14879.661345084001368377,30324.077662679450440919
474526.728677258244715631,-22779.045649317555216840,-15467.567982646040036343,29532.110644333370146342
475028.879645368724595755,-22461.465369584177096840,-16233.524599841130111599,28432.815710592029063264
475636.008751529152505100,-22029.193965676779043861,-17124.530723280899110250,27042.682096852950053290
476321.581540471583139151,-21474.597174797156185377,-18078.777663987286359770,25391.472594229966489365
477055.635191575973294675,-20798.403161512633232633,-19030.944453347194212256,23526.229733140338794328
477806.088037908950354904,-20013.736569357140979264,-19918.784320117105380632,21513.811519293954916066
478540.141689013340510428,-19149.050732656647596741,-20690.436874276983871823,19440.966197870598989539
479225.714477955771144480,-18249.077006690360576613,-21311.328763368317595450,17411.181207680499937851
479832.843584116199053824,-17372.955452846526895883,-21768.931967789409100078,15538.037509752681216924
480334.994552226678933948,-16589.044113651492807548,-22073.358587372891634004,13935.593991511575950426
480710.220975393138360232,-15966.625915971177164465,-22252.286192452567775035,12707.245003858539348585
480942.123658387106843293,-15565.741020751369433128,-22340.405089792369835777,11935.093040002988345805
481020.567341169109568000,-15427.276067410457471851,-22366.132197177736088634,11671.691438089443181525
481099.011023951112292707,-15287.347820938759468845,-22389.737796286121010780,11407.182637122781670769
481330.913706945080775768,-14865.021755687514087185,-22446.757721832222159719,10618.816473773880716180
481706.140130111540202051,-14153.724024373233987717,-22496.507521904037275817,9323.440166347541889991
482208.291098222020082176,-13146.008194349442419480,-22473.754258658816979732,7553.549840515099276672
482815.420204382447991520,-11838.844724196920651593,-22293.386597332068049582,5363.394006714018360071
483500.992993324878625572,-10241.011801052876762697,-21858.686199911724543199,2836.279012504900492786
484235.046644429268781096,-8382.292811888859432656,-21075.097065729642054066,91.225745249110104851
484985.499490762245841324,-6323.326570163675569347,-19871.644007862494618166,-2714.574468603166678804
485719.553141866635996848,-4162.957981405184000323,-18230.637445620453945594,-5393.539285943521463196
486405.125930809066630900,-2036.891908469171085017,-16220.415911750529630808,-7753.020380261285936285
487012.255036969494540244,-100.361975069217464807,-14014.821055302598324488,-9639.673663261684851022
487514.406005079974420369,1504.994602519607042268,-11876.371411361016726005,-10986.398354107053819462
487889.632428246433846653,2683.490047036136729730,-10096.810418327133447747,-11828.038201722487428924
488121.535111240402329713,3393.882727259820512700,-8924.220392459706999944,-12265.366193657324402011
488199.978794022405054420,3630.036789035994843289,-8515.836868147842324106,-12397.720108811747195432
488278.422476804349571466,3863.788565368667605071,-8101.819138327556174772,-12521.865915486394442269
488510.325159798318054527,4538.968319103514659218,-6846.962409236841267557,-12839.103051559030063800
488885.551582964777480811,5571.272878799760292168,-4732.052224621981622477,-13186.511656759874313138
489387.702551075257360935,6807.606072024850618618,-1787.369848280277210506,-13313.908809972839662805
489994.831657235685270280,8034.666376513225259259,1834.933572374349068923,-12949.817637462996572140
490680.404446178115904331,9031.617224932850149344,5832.263407368476691772,-11914.897282510957666091
491414.458097282506059855,9650.148423623746566591,9823.250787110753663001,-10213.638806586946884636
492164.910943615483120084,9859.507338282332057133,13477.141833728685014648,-8023.451149982890456158
492898.964594719873275608,9726.616449211396684404,16594.953737532767263474,-5602.479458531053751358
493584.537383662303909659,9365.672096504715227638,19107.553387799078336684,-3201.598129318748306105
494191.666489822731819004,8896.924152009712997824,21032.052948161715903552,-1021.925951813640949695
494693.817457933211699128,8425.108932934741460485,22427.293766172788309632,792.178488737971633782
495069.043881099671125412,8031.640037345819109760,23362.278428210080164718,2144.817341010473228380
495300.946564093639608473,7773.377804669496072165,23896.789087685890990542,2977.141747163040236046
495379.390246875642333180,7683.640476461554499110,24070.376194467218738282,3257.837914672193164733
495457.833929657645057887,7592.763181527653614467,24240.392378221236867830,3538.050800426871319360
495689.736612651613540947,7317.778066531252079585,24722.570891270235733828,4363.322071491933456855
496064.963035818072967231,6854.601891477127537655,25440.455070754382177256,5687.289784472355677281
496567.114003928552847356,6204.485610902546795842,26287.840457570964645129,7433.285727235935155477
497174.243110088980756700,5381.005556527095905039,27152.668665377579600317,9498.697239274022649624
497859.815899031411390752,4413.457916866041159665,27938.470973668936494505,11763.985219405845782603
498593.869550135801546276,3345.642205651764925278,28578.236324193811014993,14104.562280690877742018
499344.322396468778606504,2231.269720951034287282,29039.346989055124140577,16402.389313004026917042
500078.376047573168762028,1128.064746385276976071,29321.158986814658419462,18554.731833908437693026
500763.948836515599396080,92.271896132739527729,29447.982704223781183828,20478.971754756952577736
501371.077942676027305424,-825.503218512360035675,29460.047159051966445986,22113.642862615550257033
501873.228910786507185549,-1582.885576300212505885,29404.306994443391886307,23416.578044587888143724
502248.455333952966611832,-2146.956062740033303271,29326.220175239042873727,24361.316083660014555790
502480.358016946935094893,-2494.520366992609979206,29263.089984903883305378,24932.910425058293185430
502558.801699728937819600,-2611.881588093941445550,29239.236665464901307132,25124.141255863465630682
502637.245382510882336646,-2729.131768695510800171,29214.140197228749457281,25314.303815829211089294
502869.148065504850819707,-3075.070518141924367228,29132.792033057532535167,25870.245998564663750585
503244.374488671310245991,-3632.432324382841215993,28979.136236658821871970,26750.118769717500981642
503746.525456781790126115,-4373.133975633137197292,28732.739852826514834305,27889.836560173611360369
504353.654562942218035460,-5259.641175720177670883,28376.040642912023031386,29210.579849668905808358
505039.227351884648669511,-6247.224866914871199697,27901.041510314586048480,30627.486347202866454609
505773.281002989038825035,-7286.987402338518222678,27313.766670436813001288,32058.137144034419179661
506523.733849322015885264,-8329.265684639845858328,26635.703300903336639749,33429.597468241059686989
507257.787500426406040788,-9326.890555150890577352,25902.328230159979284508,34683.159165148725151084
507943.360289368836674839,-10237.828995434154421673,25159.398526541510364041,35776.421931261829740833
508550.489395529264584184,-11026.907356041627281229,24457.921667561280628433,36682.820511123944015708
509052.640363639744464308,-11666.536637314673498622,23848.698244460894784424,37389.083937062321638223
509427.866786806203890592,-12136.574062426476302790,23377.162578306018986041,37891.373207973709213547
509659.769469800172373652,-12423.616933602876088116,23079.029204886181105394,38190.977986768222763203
509738.213152582175098360,-12520.107521944501058897,22977.049564918735995889,38290.456787419228930958
509816.656835364177823067,-12616.290279953091157950,22874.504986856376490323,38388.994084554229630157
510048.559518358146306127,-12898.822891197281933273,22568.093300477681623306,38674.803489175908907782
510423.785941524605732411,-13350.169565050231540226,22062.232524338051007362,39119.910447075119009241
510925.936909635085612535,-13942.771883719497054699,21366.506851634996564826,39682.203005033799854573
511533.066015795513521880,-14641.412557448531515547,20498.116448434106132481,40311.337629654837655835
512218.638804737944155931,-15406.220059070514253108,19483.903682944379397668,40955.483660389778378885
512952.692455842334311455,-16195.981010597768545267,18361.203145983061403967,41567.788478863440104760
513703.145302175311371684,-16971.353879136408068007,17177.122942069636337692,42111.568033336778171360
514437.198953279701527208,-17697.570724315741244936,15986.277240601586527191,42563.504475868096051272
515122.771742222132161260,-18346.285663332044350682,14847.324497346953648957,42914.494561804000113625
515729.900848382560070604,-18896.370851507072075037,13818.854309088092122693,43168.176492916551069357
516232.051816493039950728,-19333.649837957047566306,12955.199551650297507877,43337.521502812269318383
516607.278239659499377012,-19649.760834956989128841,12302.659430433335728594,43440.171801019496342633
516839.180922653467860073,-19840.517654196093644714,11896.455302439570004935,43493.402144225408846978
516917.624605435470584780,-19904.239611503249761881,11758.565650576809275663,43509.642761071467248257
516996.068288217415101826,-19967.553420446874952177,11620.434882033907342702,43524.991137878721929155
517227.970971211383584887,-20152.329862022466841154,11210.697745576097076992,43565.147930213701329194
517603.197394377843011171,-20443.652253115698840702,10543.512223046567669371,43613.607707475923234597
518105.348362488322891295,-20818.521601125779852737,9642.977137572641368024,43646.513038312674325425
518712.477468648750800639,-21248.423806057886395138,8543.453803377798976726,43637.428839756568777375
519398.050257591181434691,-21702.484942635932384292,7289.329584116002479277,43562.767496180036687292
520132.103908695571590215,-22150.813428904486499960,5933.868966961862497556,43406.905418380600167438
520882.556755028548650444,-22567.578061007487121969,4537.012750983685691608,43166.094146259056287818
521616.610406132938805968,-22933.378224606076400960,3162.251559163918045670,42850.468296981816820335
522302.183195075369440019,-23236.538087204517069040,1872.933739352796692401,42483.750375537711079232
522909.312301235797349364,-23473.104393078545399476,728.504319082358279047,42100.610148186380683910
523411.463269346277229488,-23645.540969761135784211,-218.826770350474674842,41742.015646705251128878
523786.689692512736655772,-23760.367606454474298516,-926.625236301879795064,41449.268393976344668772
524018.592375506705138832,-23825.237480867512203986,-1363.853724113025236875,41257.688230609230231494
524097.036058288707863539,-23846.115355424684821628,-1511.694457876385058626,41191.036603434156859294
524175.479741070710588247,-23866.451626922149443999,-1659.500855891613127824,41123.449374549585627392
524407.382424064679071307,-23923.385507246868655784,-2096.225884309314096754,40918.160280800635518972
524782.608847231138497591,-24005.313996457749453839,-2801.930400927797563781,40568.588379654829623178
525284.759815341676585376,-24094.898524295302195242,-3743.938756054062650946,40066.918868893008038867
525891.888921502046287060,-24171.813648734412709018,-4877.912301675760318176,39408.220942903477407526
526577.461710444418713450,-24216.108897244230320211,-6149.716596536137330986,38595.095655877223180141
527311.515361548867076635,-24211.734672290160233388,-7498.222043962334282696,37641.960100910167966504
528061.968207881785929203,-24149.710895102689391933,-8858.984036207093595294,36578.081966655969154090
528796.021858986234292388,-24030.393460389332176419,-10168.494667111983289942,35448.614790428786363918
529481.594647928723134100,-23864.339710233023652108,-11368.451259473551544943,34313.139006574107042979
530088.723754089092835784,-23671.416826241515082074,-12409.332519016310470761,33241.574992561501858290
530590.874722199630923569,-23478.058965735461242730,-13252.603649168377160095,32307.777029976972698933
530966.101145366090349853,-23312.955268350291589741,-13871.155170787229508278,31581.585184094947180711
531198.003828360000625253,-23201.879328519487899030,-14248.098837150289909914,31120.507714391918852925
531276.447511142003349960,-23162.720013407619262580,-14374.636576927676287596,30962.410119567521178396
531354.891193924006074667,-23122.751514835203124676,-14500.672136387911450583,30803.230781555346766254
531586.793876917916350067,-22999.818365713614184642,-14870.255777808140919660,30326.303201940248982282
531962.020300084375776350,-22785.553057681132486323,-15458.263144099284545518,29534.414604660745681031
532464.171268194913864136,-22468.325161632979870774,-16224.369798512921988731,28435.226800566037127282
533071.300374355283565819,-22036.471822592171520228,-17115.581975373181194300,27045.226142961964796996
533756.873163297772407532,-21482.335127015412581386,-18070.096450893761357293,25394.171400916431593942
534490.926814402104355395,-20806.617428460660448764,-19022.594361176143138437,23529.099743046659568790
535241.379660735139623284,-20022.417392674546135822,-19910.825406439278594917,21516.862334212422865676
535975.433311839471571147,-19158.164464640791265992,-20682.917892122201010352,19444.199146424281934742
536661.006100781960412860,-18258.570443146287288982,-21304.277837583729706239,17414.588292786698730197
537268.135206942330114543,-17382.761968485407123808,-21762.346999335386499297,15541.601154589638099424
537770.286175052868202329,-16599.090607056303269928,-22067.199453153560170904,13939.287899435656072455
538145.512598219327628613,-15976.839065144835331012,-22246.471356197886052541,12711.036080250605664332
538377.415281213237904012,-15576.051217791575254523,-22334.814982377447449835,11938.943833878482109867
538455.858963995240628719,-15437.617999790958492667,-22360.620261098825722001,11675.562340052847503102
538534.302646777243353426,-15297.720917162847399595,-22384.305147482446045615,11411.073589696421549888
538766.205329771153628826,-14875.483519519599212799,-22441.566158892990642926,10622.766295079049086780
539141.431752937613055110,-14164.317579077898699325,-22491.728171583636139985,9327.483506329215742880
539643.582721048151142895,-13156.753017998638824793,-22469.572544522037787829,7557.713299491956604470
540250.711827208520844579,-11849.727944308186124545,-22290.004915481684292899,5367.690500675130351738
540936.284616151009686291,-10251.980492645001504570,-21856.322364215018751565,2840.699677764946500247
541670.338267255341634154,-8393.248217642134477501,-21073.975250846884591738,95.729305749464742803
542420.791113588376902044,-6334.122369463480936247,-19871.973372342545189895,-2710.072813729494555446
543154.844764692708849907,-4173.407266003291624656,-18232.573915892160584917,-5389.172727218792715576
543840.417553635197691619,-2046.790844484391300284,-16224.009771030088813859,-7748.956563972596995882
544447.546659795567393303,-109.537290659324071385,-14019.970764110981690465,-9636.071013133274391294
544949.697627906105481088,1496.621152187748066353,-11882.819213394230246195,-10983.342330054070771439
545324.924051072564907372,2675.850212441377607320,-10104.195623510286168312,-11825.494541253949137172
545556.826734066475182772,3386.756070112051475007,-8932.155206838746380527,-12263.182034286131965928
545635.270416848477907479,3623.094034384506812785,-8523.950609925579556148,-12395.664436591001503984
545713.714099630480632186,3857.034859695578234096,-8110.107740504742650955,-12519.941985296820348594
545945.616782624390907586,4532.802869951750835753,-6855.741088537254654511,-12837.585960828298993874
546320.843205790850333869,5566.145793505161236681,-4741.522818641642516013,-13185.696287802715232829
546822.994173901388421655,6804.004629180899428320,-1797.531047406442212377,-13314.071877744512676145
547430.123280061758123338,8033.028022006341416272,1824.335008197615479730,-12951.122985015581434709
548115.696069004246965051,9032.193698009443323826,5821.659589384077662544,-11917.305037371603248175
548849.749720108578912914,9652.924704502984241117,9813.073489451657223981,-10216.919734673949278658
549600.202566441614180803,9864.245278993419560720,13467.677424927829633816,-8027.303329661907810078
550334.256217545946128666,9732.968048801976692630,16586.315182182206626749,-5606.639031158600118943
551019.829006488434970379,9373.275740583068909473,19099.724482299694500398,-3205.883197875112273323
551626.958112648804672062,8905.454667518009955529,21024.940418988328019623,-1026.231661338216554213
552129.109080759342759848,8434.292852211685385555,22420.762916973122628406,787.900833964676621690
552504.335503925802186131,8041.252611698188957234,23356.173179364850511774,2140.580238136701154872
552736.238186919712461531,7783.231960554622673953,23890.942543561715865508,2972.936295776476526953
552814.681869701715186238,7693.572527414145952207,24064.616382277501543285,3253.644147635510307737
552893.125552483834326267,7602.771253391565551283,24234.718899271898408188,3533.869170610445053171
553125.028235477744601667,7328.000245539791649207,24717.150286194642831106,4359.178749288326798705
553500.254658644204027951,6865.138578398303252470,25435.436120211157685844,5683.215013683925462828
554002.405626754742115736,6215.386445620425547531,26283.344560978468507528,7429.312457818259645137
554609.534732915111817420,5392.268976861101691611,27148.783603209594730288,9494.856903833057003794
555295.107521857600659132,4425.040878882079596224,27935.248641861409851117,11760.302955502598706516
556029.161172961932606995,3357.475307733085628570,28575.693903901337762363,14101.053603369098709663
556779.614019294967874885,2243.273133521591262252,29037.470351384294190211,16399.058934921340551227
557513.667670399299822748,1140.161840048312569706,29319.907153288957488257,18551.574245042516849935
558199.240459341788664460,104.399078791667363930,29447.292557487238809699,20475.972778959083370864
558806.369565502158366144,-813.390786967535518670,29459.837968276995525230,22110.781514686881564558
559308.520533612696453929,-1570.812076700856096068,29404.484554171707713977,23413.828286562489665812
559683.746956779155880213,-2134.926308187362337776,29326.680481057312135817,24358.648320926004089415
559915.649639773066155612,-2482.523582123482810857,29263.722445998748298734,24930.292732566129416227
559994.093322555068880320,-2599.896948182043161069,29239.926920026635343675,25121.540394773448497290
560072.537005337071605027,-2717.159766317570301908,29214.888025056792685064,25311.719732736281002872
560304.439688330981880426,-3063.138704502935524943,29133.708789277003234020,25867.711203574192040833
560679.666111497441306710,-3620.574210604308973416,28980.322355466112639988,26747.662735642803454539
561181.817079607979394495,-4361.390438826989338850,28734.278969030354346614,27887.484027733611583244
561788.946185768349096179,-5248.058990761633140210,28377.995482843049103394,29208.349597136617376236
562474.518974710837937891,-6235.852676030701331911,27903.451730467393645085,30625.390520024873694638
563208.572625815169885755,-7275.870086515724324272,27316.648528708548838040,32056.181135335893486626
563959.025472148205153644,-8318.438348862026032293,26639.050852532200224232,33427.780245852562075015
564693.079123252537101507,-9316.373237924190107151,25906.115647053840802982,34681.473892016860190779
565378.651912195025943220,-10227.622910446902096737,25163.583116603531379951,35774.856731841675355099
565985.781018355395644903,-11016.993112250253034290,24462.447194357067928649,36681.359278483127127402
566487.931986465933732688,-11656.874554686508417944,23853.498205209845764330,37387.707127535497420467
566863.158409632393158972,-12127.106444832472334383,23382.163186862067959737,37890.058611878957890440
567095.061092626303434372,-12414.271985056402627379,23084.151942191212583566,38189.701485835321363993
567173.504775408306159079,-12510.804486593859110144,22982.213289955168875167,38289.193113106703094672
567251.948458190308883786,-12607.029366728585955570,22879.709536283538909629,38387.743207317245833110
567483.851141184219159186,-12889.687708637520699995,22573.417585217943269527,38673.590274189424235374
567859.077564350678585470,-13341.241543376087065553,22067.747534256552171428,39118.757650976156583056
568361.228532461216673255,-13934.128026400869202917,21372.271300253756635357,39681.130113052706292365
568968.357638621586374938,-14633.122328958465004689,20504.173646244373230729,40310.359998650143097620
569653.930427564075216651,-15398.341583903518767329,19490.279855492291972041,40954.611993894992338028
570387.984078668407164514,-16188.557029126435736543,18367.907218282300163992,41567.028603509003005456
571138.436925001442432404,-16964.408039717527572066,17184.147636474121100036,42110.920911702545708977
571872.490576105774380267,-17691.104775379186321516,15993.601198210646543885,42562.966384987499623094
572558.063365048263221979,-18340.277977637721050996,14854.915041791782641667,42914.057384439256566111
573165.192471208632923663,-18890.776521160267293453,13826.670432415139657678,43167.828098363745084498
573667.343439319171011448,-19328.402375658370146994,12963.194721609890621039,43337.246221498375234660
574042.569862485630437732,-19644.775343634210003074,12310.783901082593729370,43439.951011453485989477
574274.472545479540713131,-19835.695205185791564872,11904.657750666585343424,43493.214986907412821893
574352.916228261543437839,-19899.472504149427550146,11766.794139418523627683,43509.466973961127223447
574431.359911043546162546,-19962.841749610823171679,11628.689241050149576040,43524.826718258453183807
574663.262594037456437945,-20147.782623495466395980,11219.027584738452787860,43565.017103021687944420
575038.489017203915864229,-20439.372748005152971018,10551.961009765487688128,43613.531206973755615763
575540.639985314453952014,-20814.603478576133056777,9651.578895791053582798,43646.509235447461833246
576147.769091474823653698,-21244.947016176553006517,8552.230889610895246733,43637.513019221070862841
576833.341880417312495410,-21699.511803905294073047,7298.291762821378142689,43562.951292270758131053
577567.395531521644443274,-22148.385137803925317712,5943.013838665263392613,43407.196393057885870803
578317.848377854679711163,-22565.712021426061255625,4546.327411571120137523,43166.495483517224784009
579051.902028959011659026,-22932.066535575930174673,3171.715204852927399770,42850.978597656700003427
579737.474817901500500739,-23235.747411607884714613,1882.520795992138573638,42484.363561497069895267
580344.603924061870202422,-23472.777268997415376361,738.187586974681153151,42101.315513961257238407
580846.754892172408290207,-23645.598461201523605268,-209.073479253731363769,41742.798116653422766831
581221.981315338867716491,-23760.713061165341059677,-916.825409588671618621,41450.109042132105969358
581453.883998332777991891,-23825.761097426333435578,-1354.027660938305643867,41258.565092870303487871
581532.327681114780716598,-23846.699264756211050553,-1501.859961797647883941,41191.925761994709318969
581610.771363896899856627,-23867.095841365528031019,-1649.658151887137137237,41124.350853440766513813
581842.674046890810132027,-23924.208064261416438967,-2086.360240502007854957,40919.098325931052386295
582217.900470057269558311,-24006.425264336408872623,-2792.031889649448203272,40569.586062924565339927
582720.051438167807646096,-24096.396279153494106140,-3734.004658729320453858,40067.997334389816387556
583327.180544328177347779,-24173.778515506943222135,-4867.948411250160461350,39409.398680796963162720
584012.753333270666189492,-24218.600421631395875011,-6139.737156288297228457,38596.387793358895578422
584746.806984374998137355,-24214.788339367831213167,-7488.248224305250005273,37643.377696197028853931
585497.259830708033405244,-24153.336399673520645592,-8849.041043222456210060,36579.631305883471213747
586231.313481812365353107,-24034.574447487550060032,-10158.607790875119462726,35450.296720256999833509
586916.886270754854194820,-23869.035045435448409989,-11358.641393667059674044,34314.948381249865633436
587524.015376915223896503,-23676.563251471536204917,-12399.611885878659450100,33243.500357688841177151
588026.166345025761984289,-23483.574796611810597824,-13242.972588240410914295,32309.800684904479567194
588401.392768192221410573,-23318.744659016385412542,-13861.600814188883305178,31583.683741831096995156
588633.295451186131685972,-23207.836629724017257104,-14238.596222466294420883,31122.653207906296302099
588711.739133968134410679,-23168.733900634149904363,-14365.152231959196797106,30964.571602970700041624
588790.182816750137135386,-23128.821877790574944811,-14491.206454349914565682,30805.408312730844045291
589022.085499744047410786,-23006.055022663935233140,-14860.847600110240819049,30328.528516943766589975
589397.311922910506837070,-22792.056564323243947001,-15448.955573097926389892,29536.718335899273370160
589899.462891021044924855,-22475.181111731497367145,-16215.212101001747214468,28437.637654679452680284
590506.591997181414626539,-22043.745920363922778051,-17106.630132619266078109,27047.769944583087635692
591192.164786123903468251,-21490.069428696577233495,-18061.411917543147865217,25396.869952869525150163
591926.218437228235416114,-20814.828180823111324571,-19014.240705855921987677,23531.969486821686587064
592676.671283561270684004,-20031.094864028178562876,-19902.862679221874714131,21519.912871201209782157
593410.724934665602631867,-19167.275030018132383702,-20675.394848915184411453,19447.431805869993695524
594096.297723608091473579,-18268.060912993805686710,-21297.222616621329507325,17417.995079371401516255
594703.426829768461175263,-17392.565719461046683136,-21755.757525379245635122,15545.164494210263001150
595205.577797878999263048,-16609.134522862095764140,-22061.035636912609334104,13942.981498525536153466
595580.804221045458689332,-15987.049789751188654918,-22240.651704269494075561,12714.826846751217090059
595812.706904039368964732,-15586.359091029698902275,-22329.219975862066348782,11942.794318125030258670
595891.150586821371689439,-15447.957643585619734949,-22355.103397548758948687,11679.432932661666200147
595969.594269603374414146,-15308.091760608082040562,-22378.867542758584022522,11414.964233292332210112
596201.496952597284689546,-14885.943140000052153482,-22436.369555459801631514,10626.715809175855611102
596576.723375763744115829,-14174.909179491076429258,-22486.943642380905657774,9331.526544393142103218
597078.874343874282203615,-13167.496166024451667909,-22465.385463203834660817,7561.876469654064749193
597686.003450034651905298,-11860.609870821308504674,-22286.617634176476713037,5371.986734411255383748
598371.576238977140747011,-10262.948392886424699100,-21853.952662299299845472,2845.120139676611870527
599105.629890081472694874,-8404.203472502773365704,-21072.847285285173711600,100.232767619499782086
599856.082736414507962763,-6344.918810419837427617,-19872.296315158033394255,-2705.571079371189171070
600590.136387518839910626,-4183.858135090012183355,-18234.503760804320336320,-5384.805814002591432654
601275.709176461328752339,-2056.692421271935472760,-16227.596943068234395469,-7744.892019655781950860
601882.838282621698454022,-118.716327482436213359,-14025.113928657076030504,-9632.467205738286793348
602384.989250732236541808,1488.243007029136833808,-11889.260810263485836913,-10980.284746092456771294
602760.215673898695968091,2668.204938116829907813,-10111.575047329783046735,-11822.949020089303303394
602992.118356892606243491,3379.623520938097954058,-8940.084583508143623476,-12260.995842209407783230
603070.562039674608968198,3616.145238194435933110,-8532.059044718427685439,-12393.606677627491080784
603149.005722456728108227,3850.274965391242403712,-8118.391173689973584260,-12518.015916944485070417
603380.908405450638383627,4526.630815496702780365,-6864.515048166264932661,-12836.066598212315511773
603756.134828617097809911,5561.011508774656249443,-4750.989538600279956881,-13184.878503479516439256
604258.285796727635897696,6800.395409051652677590,-1807.689667931736039463,-13314.232510490692220628
604865.414902888005599380,8031.381597234261789708,1813.737387672387285420,-12952.426137155680407886
605550.987691830494441092,9032.762279111691896105,5811.055047370430656883,-11919.711098629015396000
606285.041342934826388955,9655.693696389405886293,9802.894074394263952854,-10220.199570664111888618
607035.494189267861656845,9868.976746292610187083,13458.209891234897440881,-8031.154941662271994574
607769.547840372193604708,9739.314002919143604231,16577.672826949437876465,-5610.798411230337478628
608455.120629314682446420,9380.874468993193659117,19091.891336845761543373,-3210.168312590778441518
609062.249735475052148104,8913.980859491741284728,21017.823365404532523826,-1030.537559087578983963
609564.400703585590235889,8443.472897278972595814,22414.227362202866061125,783.622909973631294633
609939.627126752049662173,8050.861624733830467449,23350.063114555257925531,2136.342821932851165911
610171.529809745959937572,7793.082739288772245345,23885.091124254046007991,2968.730509458438064030
610249.973492527962662280,7703.501261987370526185,24058.851676283644337673,3249.450039214898424689
610328.417175309965386987,7612.776068897623190423,24229.040508573423721828,3529.687193356629904883
610560.319858303875662386,7338.219341362914747151,24711.724720078182144789,4355.035063919543972588
610935.546281470335088670,6875.672449492126361292,25430.412139786112675210,5679.139860267576295882
611437.697249580873176455,6226.284799511622622958,26278.843560912588145584,7425.338788998648851702
612044.826355741242878139,5403.530290457795672410,27144.893372785085375654,9491.016159189859536127
612730.399144683731719851,4436.622121374724883935,27932.021095516480272636,11756.620280823390203295
613464.452795788063667715,3369.307069698883879028,28573.146246236938168295,14097.544520802761326195
614214.905642121098935604,2255.275562084310422506,29035.588477400808187667,16395.728161956365511287
614948.959293225430883467,1152.258271663974937837,29318.650105185752181569,18548.416274073228123598
615634.532082167919725180,116.525879873109204254,29446.597232777148747118,20472.973434236184402835
616241.661188328289426863,-801.278502894793859923,29459.623643749771872535,22107.919809950719354674
616743.812156438827514648,-1558.738540010631368204,29404.657024387321143877,23411.078181830227549654
617119.038579605286940932,-2122.896383541716204491,29327.135734644081821898,24355.980218995962786721
617350.941262599197216332,-2470.526546935128862970,29264.349879620749561582,24927.674705484005244216
617429.384945381199941039,-2587.912031142241175985,29240.612155778508167714,25118.939200643471849617
617507.828628163202665746,-2705.187460165780066745,29215.630842881175340153,25309.135318148732039845
617739.731311157112941146,-3051.206509250322142179,29134.620562349959072890,25865.176081629491818603
618114.957734323572367430,-3608.715592117579490150,28981.503537114822393050,26745.206381857693486381
618617.108702434110455215,-4349.646237805583041336,28735.813214296296791872,27885.131185049325722503
619224.237808594480156898,-5236.475956189074167924,28379.945538634019612800,29206.119045412640844006
619909.810597536968998611,-6224.479435248835216044,27905.857272753051802283,30623.294405573335097870
620643.864248641300946474,-7264.751516175394499442,27319.525831898488831939,32054.224851431750721531
621394.317094974336214364,-8307.609559073704076582,26642.393983494541316759,33425.962759842164814472
622128.370746078668162227,-9305.854280364064834430,25909.898782796681189211,34679.788365860833437182
622813.943535021157003939,-10217.415018482683080947,25167.763562479784013703,35773.291288653068477288
623421.072641181526705623,-11007.076919536963032442,24466.968703282404021593,36679.897809766582213342
623923.223609292064793408,-11647.210409561588676297,23858.294255923447053647,37386.330087947389984038
624298.450032458524219692,-12117.636682063341140747,23387.159967854746355442,37888.743790016589628067
624530.352715452434495091,-12404.924841152174849412,23089.270903684944642009,38188.424761704336560797
624608.796398234437219799,-12501.499239066808513599,22987.373256818318623118,38287.929216450895182788
624687.240081016439944506,-12597.766224587421675096,22884.910345241478353273,38386.492108584534435067
624919.142764010350219905,-12880.550248127392478636,22578.738182208911894122,38672.376840171004005242
625294.369187176809646189,-13332.311165837749285856,22073.258942910943005700,39117.604639700562984217
625796.520155287347733974,-13925.481711655262188287,21378.032265557965729386,39680.057010805852769408
626403.649261447717435658,-14624.829524295017108670,20510.227506575225561392,40309.382162947389588226
627089.222050390206277370,-15390.460403681610841886,19496.652859260393597651,40953.740128517056291457
627823.275701494538225234,-16181.130210597448240151,18374.608306879516021581,41566.268534960850956850
628573.728547827573493123,-16957.459234578942414373,17191.169540845785377314,42110.273602136010595132
629307.782198931905440986,-17684.635740939647803316,16000.922559303524394636,42562.428110794673557393
629993.354987874394282699,-18334.267099937624152517,14862.503173871753460844,42913.620027619283064269
630600.484094034763984382,-18885.178908800979115767,13834.484309050003503216,43167.479527409923321102
631102.635062145302072167,-19323.151559958860161714,12971.187783647104879492,43336.970766056903812569
631477.861485311761498451,-19639.786447374517592834,12318.906368488642328884,43439.730049310986942146
631709.764168305671773851,-19830.869320162411895581,11912.858260752916976344,43493.027657908736728132
631788.207851087674498558,-19894.701950404858507682,11775.020712210227429750,43509.291015462309587747
631866.651533869793638587,-19958.126622074323677225,11636.941706141406029928,43524.662127536452317145
632098.554216863703913987,-20143.231898187208571471,11227.355595583234389778,43564.886105543737357948
632473.780640030163340271,-20435.089708704028453212,10560.408074939181460650,43613.454537404861184768
632975.931608140701428056,-20810.681760844057862414,9660.179076506998171681,43646.505264952771540266
633583.060714301071129739,-21241.466561153523798566,8561.006574180481038638,43637.597032496982137673
634268.633503243559971452,-21696.534926075299154036,7307.252740514370998426,43563.134923408535541967
635002.687154347891919315,-22145.953034445148659870,5952.157726501525758067,43407.487203641969244927
635753.140000680927187204,-22563.842101379064843059,4555.641312582055434177,43166.896657059907738585
636487.193651785259135067,-22930.750905973520275438,3181.178312435903535516,42851.488734486607427243
637172.766440727747976780,-23234.952745377773680957,1892.107523092360679584,42484.976583034993382171
637779.895546888117678463,-23472.446114998343546176,747.870711322353599826,42102.020714427613711450
638282.046514998655766249,-23645.651893921149166999,-199.320177008801152851,41743.580420285426953342
638657.272938165115192533,-23761.054437870450783521,-907.025455655307837333,41450.949523052986478433
638889.175621159025467932,-23826.280625037332356442,-1344.201398610539172296,41259.441787256495445035
638967.619303941028192639,-23847.279081609744025627,-1492.025242200621505617,41192.814752451275126077
639046.062986723030917346,-23867.735959887835633708,-1639.815199982209833252,41125.252163992634450551
639277.965669716941192746,-23925.026515690038650064,-2076.494276619865104294,40920.036201987990352791
639653.192092883400619030,-24007.532412640022812411,-2782.132941222971567186,40570.583575811731861904
640155.343060993938706815,-24097.889898980331054190,-3724.069967040342817199,40069.075627512771461625
640762.472167154308408499,-24175.739233718442847021,-4857.983735596782025823,39410.576243532377702650
641448.044956096797250211,-24221.087789260280260351,-6129.756714332267620193,38597.679752024967456236
642182.098607201129198074,-24217.837849671661388129,-7478.273170112324805814,37644.795108122314559296
642932.551453534164465964,-24156.957757386509911157,-8839.096576646905305097,36581.180456398877140600
643666.605104638496413827,-24038.751307787912082858,-10148.719206283438325045,35451.978455420692625921
644352.177893580985255539,-23873.726282474952313351,-11348.829599457803851692,34316.757555034826509655
644959.306999741354957223,-23681.705612436449882807,-12389.889128850994893583,33245.425515856855781749
645461.457967851893045008,-23489.086597716031974414,-13233.339241300087451236,32311.824127451807726175
645836.684391018352471292,-23324.530049716551729944,-13852.044050171671187854,31585.782082896876090672
646068.587074012262746692,-23213.789951183462108020,-14229.091125214870771742,31124.798481996294867713
646147.030756794265471399,-23174.743815275272936560,-14355.665378983081609476,30966.732866000249487115
646225.474439576268196106,-23134.888275484412588412,-14481.738238853622533497,30807.585622574548324337
646457.377122570178471506,-23012.287736979935289128,-14851.436813652288037702,30330.753607730955991428
646832.603545736637897789,-22798.556168121169321239,-15439.645271292465622537,29539.021838091652170988
647334.754513847175985575,-22482.033218684024177492,-16206.051508940779967816,28440.048272977150190854
647941.883620007545687258,-22051.016257706207397860,-17097.675196627897094004,27050.313501764110696968
648627.456408950034528971,-21497.800078449963621097,-18052.724065512102242792,25399.568250139935116749
649361.510060054366476834,-20823.035417092858551769,-19005.883488922685501166,23534.838964519265573472
650111.962906387401744723,-20039.768981786142830970,-19894.896139952739758883,21522.963130316518800100
650846.016557491733692586,-19176.382427028023812454,-20667.867746088690182660,19450.664176265639980556
651531.589346434222534299,-18277.548414344269986032,-21290.163101854774140520,17421.401567492415779270
652138.718452594592235982,-17402.366703763931582216,-21749.163547235104488209,15548.727528670846368186
652640.869420705130323768,-16619.175858952607086394,-22054.867139909252728103,13946.674788834077844513
653016.095843871589750051,-15997.258087589629212744,-22234.827237881701876177,12718.617303409317173646
653247.998526865500025451,-15596.664638210873818025,-22323.620071430937969126,11946.644492788544084760
653326.442209647502750158,-15458.294996520766289905,-22349.581607701908069430,11683.303215960559100495
653404.885892429621890187,-15318.460348981541756075,-22373.424983278400759446,11418.854567953438163386
653636.788575423532165587,-14896.400614778407543781,-22431.167912664313917048,10630.665016102895606309
654012.014998589991591871,-14185.498823164349232684,-22482.153935371650732122,9335.569280568512112950
654514.165966700529679656,-13178.237635836961999303,-22461.193015696801012382,7566.039351012805127539
655121.295072860899381340,-11871.490500956851974479,-22283.224754292110446841,5376.282707902146285051
655806.867861803388223052,-10273.915498753452993697,-21851.577094878241041442,2849.540398163539975940
656540.921512907720170915,-8415.158573143351532053,-21071.713169530692539411,104.736130688923253729
657291.374359240755438805,-6355.715889344158313179,-19872.612836465301370481,-2701.069265846412235987
658025.428010345087386668,-4194.310584584247408202,-18236.426980026619276032,-5380.438546817425049085
658711.000799287576228380,-2066.596634392531541380,-16231.177426838363317074,-7740.826748063497689145
659318.129905447945930064,-127.899080878092263447,-14030.250547021385500557,-9628.862242009563487954
659820.280873558484017849,1479.860171715049091290,-11895.696199092886672588,-10977.225603214528746321
660195.507296724943444133,2660.554228570396844589,-10118.948686097031895770,-11820.401639164369044011
660427.409979718853719532,3372.485084049545548623,-8948.008518261751305545,-12258.807618271846877178
660505.853662500856444240,3609.190404692794345465,-8540.162168146543990588,-12391.546832724718115060
660584.297345282859168947,3843.508886587708275329,-8126.669433333421693533,-12516.087711185964508331
660816.200028276769444346,4520.452159535869213869,-6873.284283088843949372,-12834.544964300686842762
661191.426451443228870630,5555.870027694366399373,-4760.452378795337608608,-13184.058304031179432059
661693.577419553766958416,6796.778413519263267517,-1817.845703619643245474,-13314.390707916463725269
662300.706525714136660099,8029.727102509334144997,1803.140717026136371715,-12953.727093044282810297
662986.279314656625501812,9033.322967061218150775,5800.449786883250453684,-11922.115465176386351231
663720.332965760957449675,9658.455397095167427324,9792.712546484301128658,-10223.478313536148561980
664470.785812093992717564,9873.701737501369279926,13448.739236239598540124,-8035.005985226023767609
665204.839463198324665427,9745.654308723036592710,16569.026674682685552398,-5614.957598251374292886
665890.412252140813507140,9388.468278884105529869,19084.053953753358655376,-3214.453473164463503053
666497.541358301183208823,8922.502725119464230374,21010.701789352649939246,-1034.843644885917001375
666999.692326411721296608,8452.649065371964752558,22407.687103547126753256,779.344716865044119913
667374.918749578180722892,8060.467073726169473957,23343.948235297772043850,2132.105092455672092910
667606.821432572090998292,7802.930138169310339435,23879.234831183424830670,2964.524388243271914689
667685.265115354093722999,7713.426677486661901639,24053.082077875078539364,3245.255589437913386064
667763.708798136096447706,7622.777625358909062925,24223.357207485518301837,3525.504868687768066593
667995.611481130006723106,7348.435351337407155370,24706.294194193676958093,4350.891015390435313748
668370.837904296466149390,6886.203502132853827788,25425.383130621452437481,5675.064324205253797118
668872.988872407004237175,6237.180669998545454291,26274.337458356869319687,7421.364720736484741792
669480.117978567373938859,5414.789494794853453641,27140.997974915666418383,9487.175005285100269248
670165.690767509862780571,4448.201641880208626390,27928.788335272922267905,11752.937195296442951076
670899.744418614194728434,3381.137489144884511916,28570.593351673960569315,14094.035032912812312134
671650.197264947229996324,2267.277004293122445233,29033.701367425946955336,16392.396994027381879278
672384.250916051561944187,1164.354038941931776208,29317.387842690986872185,18545.257920918633317342
673069.823704994050785899,128.652297138116637143,29445.896730163163738325,20469.973720507961843396
673676.952811154420487583,-789.166368487397562603,29459.404185443854657933,22105.057748328672460048
674179.103779264958575368,-1546.664968384954590874,29404.824404988634341862,23408.327730314926157007
674554.330202431418001652,-2110.866290929957358458,29327.585935843915649457,24353.311777795395755675
674786.232885425328277051,-2458.529263536568123527,29264.972285582112817792,24925.056343738364375895
674864.676568207331001759,-2575.926839077527347399,29241.292372521929792129,25116.337673400343192043
674943.120250989333726466,-2693.214852337182946940,29216.368650492568121990,25306.550571993924677372
675175.022933983244001865,-3039.273934463119530847,29135.527352035831427202,25862.640632658916729270
675550.249357149703428149,-3596.856470972465558589,28982.679781315127911512,26742.749708292398281628
676052.400325260241515934,-4337.901374579235380224,28737.342588270992564503,27882.778032053643983090
676659.529431420611217618,-5224.892073964079827419,28381.890809858210559469,29203.888194432871387107
677345.102220363100059330,-6213.105146474889806996,27908.258136665950587485,30621.198003787729248870
678079.155871467432007194,-7253.631693161687508109,27322.398579420972964726,32052.268292265012860298
678829.608717800467275083,-8296.779317054877537885,26645.732693126985395793,33424.145010156607895624
679563.662368904799222946,-9295.333684186116443016,25913.677636652999353828,34678.102586630782752763
680249.235157847288064659,-10207.205321195795477252,25171.939863370414968813,35771.725601649392046966
680856.364264007657766342,-10997.158779500585296773,24471.486193482913222397,36678.436104930304281879
681358.515232118195854127,-11637.544203492263477528,23863.086395703703601612,37384.952818256235332228
681733.741655284655280411,-12108.164775636225385824,23392.152920354390516877,37887.428742346397484653
681965.644338278565555811,-12395.575503385323827388,23094.386088418621511664,38187.147814335963630583
682044.088021060568280518,-12492.191780851033399813,22992.529464552990248194,38286.665097412791510578
682122.531703842687420547,-12588.500855009959195741,22890.107412768451467855,38385.240788317554688547
682354.434386836597695947,-12871.410511125017364975,22584.055090470206778264,38671.163187082973308861
682729.660810003057122231,-13323.378433857194977463,22078.766749291127780452,39116.451413212213083170
683231.811778113595210016,-13916.832940855809283676,21383.789746498750901083,39678.983698259151424281
683838.940884273964911699,-14616.534144771283536102,20516.278028332668327494,40308.404122514722985215
684524.513673216453753412,-15382.576519649206602480,19503.022693105591315543,40952.868064226720889565
685258.567324320785701275,-16173.700556180381681770,18381.306410581550153438,41565.508273192353954073
686009.020170653820969164,-16950.507464812631951645,17198.188653942524979357,42109.626104613205825444
686743.073821758152917027,-17678.163622011958068470,16008.241322592724827700,42561.889653268153779209
687428.646610700641758740,-18328.253031173651834251,14870.088892258796477108,42913.182491325009323191
688035.775716861011460423,-18879.578015305633016396,13842.295937630457046907,43167.130780038045486435
688537.926684971549548209,-19317.897391680362488842,12979.178736372419734835,43336.695136472524609417
688913.153108138008974493,-19634.794146958600322250,12327.026831242304979241,43439.508914577883842867
689145.055791131919249892,-19826.039999881006224314,11921.056831277628589305,43492.840157216051011346
689223.499473913921974599,-19889.927951015921280487,11783.245367527015332598,43509.114885561946721282
689301.943156695924699306,-19953.408038574849342695,11645.192275879338922095,43524.497365699869988021
689533.845839689834974706,-20138.677686809405713575,11235.681776670711769839,43564.754937767786032055
689909.072262856294400990,-20430.803135882211790886,10568.853417109778092708,43613.377698758435144555
690411.223230966832488775,-20806.756448543132137274,9668.777678239113811287,43646.501126819443015847
691018.352337127202190459,-21237.982441533604287542,8569.780855578374030301,43637.680879577121231705
691703.925126069691032171,-21693.554309612442011712,7316.212515658076881664,43563.318389588399440981
692437.978777174022980034,-22143.517119209853262873,5961.300628905369194399,43407.777850130274600815
693188.431623507058247924,-22561.968301160690316465,4564.954452424312876246,43167.297666887003288139
693922.485274611390195787,-22929.431336006506171543,3190.640880296891737089,42851.998707473881950136
694608.058063553879037499,-23234.154088640294503421,1901.693919017223379342,42485.589440156101773027
695215.187169714248739183,-23472.110931134509883123,757.553690473139113237,42102.725749592122156173
695717.338137824786826968,-23645.701267912492767209,-189.566865280068725497,41744.362557609572832007
696092.564560991246253252,-23761.391736516627133824,-897.225376174393545625,41451.789836748605011962
696324.467243985156528652,-23826.796063618970947573,-1334.374938806963655225,41260.318313778276205994
696402.910926767159253359,-23847.854805894130549859,-1482.190300764088078722,41193.703574814622697886
696481.354609549161978066,-23868.371982388402102515,-1629.972001857787518020,41126.153306215921475086
696713.257292543072253466,-23925.840861403561575571,-2066.627994348033553251,40920.973908983069122769
697088.483715709531679749,-24008.635441193138831295,-2772.233557339907747519,40571.580918329324049409
697590.634683820069767535,-24099.379383538012916688,-3714.134682686105406901,40070.153748276621627156
698197.763789980439469218,-24177.695803055128635606,-4848.018276421823429700,39411.753631126644904725
698883.336578922928310931,-24223.570999730476614786,-6119.775272380205933587,38598.971531894741929136
699617.390230027260258794,-24220.883202707464079140,-7468.296883098675607471,37646.212336708260409068
700367.843076360295526683,-24160.574967650329199387,-8829.150638195662395447,36582.729418227223504800
701101.896727464627474546,-24042.924040602756576845,-10138.828915048385169939,35453.659995948059076909
701787.469516407116316259,-23878.413420572618633742,-11339.015878550608249498,34318.566527960072562564
702394.598622567486017942,-23686.843908275313879130,-12380.164249629440746503,33247.350467099211527966
702896.749590678024105728,-23494.594368118410784518,-13223.703610034228404402,32313.847357654820370954
703271.976013844483532012,-23330.311439469067408936,-13842.484880414151120931,31587.880207329799304716
703503.878696838393807411,-23219.739291883674013661,-14219.583547068892585230,31126.943536700458935229
703582.322379620396532118,-23180.749756305798655376,-14346.176019670177993248,30968.893908695052232360
703660.766062402515672147,-23140.950706880405050470,-14472.267491567999968538,30809.762711125451460248
703892.668745396425947547,-23018.516507592463312903,-14842.023420096787958755,30332.978474341849505436
704267.895168562885373831,-22805.051867952090105973,-15430.332240333944355370,29541.325111279591510538
704770.046136673423461616,-22488.881481294814875582,-16196.888023963671003003,28442.458655503112822771
705377.175242833793163300,-22058.282833333127200603,-17088.717169008385099005,27052.856814551738352748
706062.748031776282005012,-21505.527074884812464006,-18044.032896377786528319,25402.266292777319904417
706796.801682880613952875,-20831.239135762611113023,-18997.522711913217790425,23537.708176191947131883
707547.254529213649220765,-20048.439744316390715539,-19886.925790120298188413,21526.013111613337969175
708281.308180317981168628,-19185.486653909549204400,-20660.336585076136543648,19453.896257667664031032
708966.880969260470010340,-18287.032945308736088919,-21283.099294658335566055,17424.807757206155656604
709574.010075420839712024,-17412.164919384100358002,-21742.565066217750427313,15552.290258026028823224
710076.161043531377799809,-16629.214613211155665340,-22048.693963403322413797,13950.367770412623940501
710451.387466697837226093,-16007.463956459105247632,-22228.997958249427028932,12722.407450272296046023
710683.290149691747501493,-15606.967857079636814888,-22318.015270269406755688,11950.494357913161366014
710761.733832473750226200,-15468.630056322112068301,-22344.054892733256565407,11687.173189992407060345
710840.177515255752950907,-15328.826679990525008179,-22367.977470206260477426,11422.744593722452918882
711072.080198249663226306,-14906.855941504321890534,-22425.961231638731987914,10634.613915898346022004
711447.306621416122652590,-14196.086507649435588974,-22477.359051632254704600,9339.611714884114917368
711949.457589526660740376,-13188.977424846485519083,-22456.995202994148712605,7570.201943579326325562
712556.586695687030442059,-11882.369831935453476035,-22279.826276704916381277,5380.578421127099318255
713242.159484629519283772,-10284.881807222578572691,-21849.195662666341377189,2853.960453149122713512
713976.213135733851231635,-8426.113516236431678408,-21070.572904070515505737,109.239394787000719589
714726.665982066886499524,-6366.513602547948721622,-19872.922936421931808582,-2696.567373473482803092
715460.719633171218447387,-4204.764610404654376907,-18238.343573230198671808,-5376.070926186081123888
716146.292422113707289100,-2076.503479406459518941,-16234.751221316002556705,-7736.760749948439297441
716753.421528274076990783,-137.085546184527061087,-14035.380617286837150459,-9625.256122880249677110
717255.572496384615078568,1471.472650918783983798,-11902.125377009508156334,-10974.164902412976516644
717630.798919551074504852,2652.898088312898835284,-10126.316536126436403720,-11817.852399415614854661
717862.701602544984780252,3365.340763761691960099,-8955.927006895968588651,-12256.617363319084688555
717941.145285326987504959,3602.229538110516386951,-8548.259975832565032761,-12389.484902687176145264
718019.588968108990229666,3836.736627423060326691,-8134.942514884245611029,-12514.157368779899115907
718251.491651102900505066,4514.266905873497307766,-6882.048788268089083431,-12833.021059685104773962
718626.718074269359931350,5550.721353357867883460,-4769.911333521228698373,-13183.235689700410148362
719128.869042379898019135,6793.153644473557505989,-1827.999148229082948092,-13314.546469727987641818
719735.998148540267720819,8028.064538151031229063,1792.545002493286574463,-12955.025851842030533589
720421.570937482756562531,9033.875760684893975849,5789.843813486050748907,-11924.518135905025701504
721155.624588587088510394,9661.209804435642581666,9782.528910275526868645,-10226.755962265573543846
721906.077434920123778284,9878.420249942750160699,13439.265463538573385449,-8038.856459591621387517
722640.131086024455726147,9751.988963374367813230,16560.376728236446069786,-5619.116591722897283034
723325.703874966944567859,9396.057167404836945934,19076.212335343807353638,-3218.738679291168409691
723932.832981127314269543,8931.020261589344954700,21003.575692779788369080,-1039.149918553563566093
724434.983949237852357328,8461.821353725490553188,22401.142142695185611956,775.066254742696173707
724810.210372404311783612,8070.068955947990616551,23337.828543112722400110,2127.867049765427964303
725042.113055398222059011,7812.774154492837624275,23873.373665774193796096,2960.317932169008599885
725120.556738180224783719,7723.348771216674322204,24047.307588444989960408,3241.060798335774052248
725199.000420962227508426,7632.775920088245584338,24217.668997370561555726,3521.322196628186702583
725430.903103956137783825,7358.648272799683581979,24700.858709816649934510,4346.746603708003931388
725806.129527122597210109,6896.731733694316972105,25420.349093861888832180,5670.988405480989058560
726308.280495233135297894,6248.074054503194929566,26269.826254297069681343,7417.390252992956447997
726915.409601393504999578,5426.046587349418587110,27137.097410415037302300,9483.333442061359164654
727600.982390335993841290,4459.779437934257657616,27925.550361771354801022,11749.253698851607623510
728335.036041440325789154,3392.966563666187539638,28568.035220687499531778,14090.525139621937341872
729085.488887773361057043,2279.277457801390937675,29031.809021782552008517,16389.065431054175860481
729819.542538877693004906,1176.449139591175253372,29316.120365992064762395,18542.099185498373117298
730505.115327820181846619,140.778328347138824483,29445.191049716231646016,20466.973637695446086582
731112.244433980551548302,-777.054385939307962872,29459.179593334003584459,22102.195329743801266886
731614.395402091089636087,-1534.591363979861625921,29404.986695875180885196,23405.576931941694056150
731989.621825257549062371,-2098.836032479573987075,29328.031084502461453667,24350.642997251088672783
732221.524508251459337771,-2446.531734037532714865,29265.589663696093339240,24922.437647257076605456
732299.968191033462062478,-2563.941374091608395247,29241.967570059365243651,25113.735812972299754620
732378.411873815581202507,-2681.241944929618966853,29217.101447682674915995,25303.965494200710963923
732610.314556809491477907,-3027.340982221251124429,29136.429158095052116551,25860.104856592424766859
732985.540979975950904191,-3584.996849219673094922,28983.851087778170040110,26740.292714878713013604
733487.691948086488991976,-4326.155851159069243295,28738.867090601972449804,27880.424568680875381688
734094.821054246858693659,-5213.307346049129591847,28383.831296089629177004,29201.657044134644820588
734780.393843189347535372,-6201.729811615298785910,27910.654321701138542267,30619.101314608837128617
735514.447494293679483235,-7242.510619319666147931,27325.266770690876001026,32050.311457780087948777
736264.900340626714751124,-8285.947624586367965094,26649.066980766663618851,33422.326996743933705147
736998.953991731046698987,-9284.811451106848835479,25917.452207887672557263,34676.416554278162948322
737684.526780673535540700,-10196.993820241361390799,25176.112018475938384654,35770.159670785193156917
738291.655886833905242383,-10987.238693740839153179,24475.999664104467228753,36676.974163931510702241
738793.806854944443330169,-11627.875938031706027687,23867.874623652875015978,37383.575318421375413891
739169.033278110902756453,-12098.690727069086278789,23397.142043431569618406,37886.113468829316843767
739400.935961104813031852,-12386.223973251870120293,23099.497495443592924858,38185.870643692083831411
739479.379643886815756559,-12482.882113435094652232,22997.681912204101536190,38285.400755954600754194
739557.823326668818481266,-12579.233259476863167947,22895.300737903420667863,38383.989246478398854379
739789.726009662728756666,-12862.268499088890166604,22589.368309022047469625,38669.949314888377557509
740164.952432829188182950,-13314.443348856762895593,22084.270952387560100760,39115.297971475600206759
740667.103400939726270735,-13908.181715375927524292,21389.543742027821281226,39677.910175379111024085
741274.232507100095972419,-14608.236191700751078315,20522.325210423183307284,40307.425877321031293832
741959.805296042584814131,-15374.689933051080515725,19509.389355885334225604,40951.995800995493482333
742693.858947146916761994,-16166.268067045266434434,18388.001528195687569678,41564.747818177726003341
743444.311793479952029884,-16943.552731510997546138,17205.204974522734119091,42108.978419111095718108
744178.365444584283977747,-17671.688419611426070333,16015.557486791127303150,42561.351012387509399559
744863.938233526772819459,-18322.235772288117004791,14877.672195625298627419,42912.744775538318208419
745471.067339687142521143,-18873.973841551127407001,13850.105316794641112210,43166.781856232031714171
745973.218307797680608928,-19312.639871645133098355,12987.167578396773023997,43336.419332730816677213
746348.444730964140035212,-19629.798443167590448866,12335.145287934852603939,43439.287607240992656443
746580.347413958050310612,-19821.207245097171835368,11929.253460820120380959,43492.652484816921059974
746658.791096740053035319,-19885.150506729558401275,11791.468103944320318988,43508.938584247829567175
746737.234779522055760026,-19948.685999850953521673,11653.440948834830123815,43524.332432736795453820
746969.137462515966035426,-20134.119990074894303689,11244.006126560259872349,43564.623599682614440098
747344.363885682425461709,-20426.513030210753640858,10577.297034818480824470,43613.300691024451225530
747846.514853792963549495,-20802.827542288050608477,9677.374699505167882307,43646.496821039079804905
748453.643959953333251178,-21234.494657862785970792,8578.553732295385998441,43637.764560455048922449
749139.216748895822092891,-21690.569954984381183749,7325.171086714679404395,43563.501690806115220767
749873.270400000154040754,-22141.077392480969137978,5970.442544310462835710,43408.068332520924741402
750623.723246333189308643,-22560.090621066316089127,4574.266829504739689582,43167.698512999013473745
751357.776897437521256506,-22928.107825883747864282,3200.102906818841802306,42852.508516621375747491
752043.349686380010098219,-23233.351441522710956633,1911.279982129483414610,42486.202132865473686252
752650.478792540379799902,-23471.771717460316722281,767.236522773675233111,42103.430619461898459122
753152.629760650917887688,-23645.746583169217046816,-179.813545732947858369,41745.144528634642483667
753527.856183817377313972,-23761.724957051876117475,-887.425172819571798755,41452.629983229002391454
753759.758866811287589371,-23827.307413090951740742,-1324.548283205970165000,41261.194672446479671635
753838.202549593290314078,-23848.426437519487080863,-1472.355139167986180837,41194.592229095833317842
753916.646232375409454107,-23869.003908767739631003,-1620.128559195325124165,41127.054280122014461085
754148.548915369319729507,-23926.651101274015672971,-2056.761395372276638227,40921.911446928446821403
754523.775338535779155791,-24009.734349821486830479,-2762.333739692421659129,40572.578090490766044240
755025.926306646317243576,-24100.864732589940103935,-3704.198807366217351955,40071.231696696602739394
755633.055412806686945260,-24179.648223204461828573,-4838.052035432127013337,39412.930843597197963390
756318.628201749175786972,-24226.050052642822265625,-6109.792832144709791464,38600.263132988191500772
757052.681852853507734835,-24223.924397982260416029,-7458.319364980092359474,37647.629381977661978453
757803.134699186543002725,-24164.188029874869243940,-8819.203229584425571375,36584.278191394208988640
758537.188350290874950588,-24047.092645245684252586,-10128.936918882089230465,35455.341341867788287345
759222.761139233363792300,-23883.096458950778469443,-11329.200232650986436056,34320.375300057181448210
759829.890245393733493984,-23691.978138128459249856,-12370.437249910850368906,33249.275211450112692546
760332.041213504271581769,-23500.098106890480266884,-13214.065696130410287878,32315.870375549973687157
760707.267636670731008053,-23336.088827293457143242,-13832.923306595657777507,31589.978115168032672955
760939.170319664641283453,-23225.684650811766914558,-14210.073489702019287506,31129.088372058002278209
761017.614002446644008160,-23186.751722701839753427,-14336.684155692124477355,30971.054731094693124760
761096.057685228646732867,-23147.009170943794742925,-14462.794214162046046113,30811.939578424204228213
761327.960368222557008266,-23024.741333433950785547,-14832.607421106296897051,30335.203116818174748914
761703.186791389016434550,-22811.543662694817612646,-15421.016481873468364938,29543.628155506572511513
762205.337759499554522336,-22495.725898369761125650,-16187.721647704178394633,28444.868802303164557088
762812.466865659924224019,-22065.545645960442925571,-17079.756051370226487052,27055.399882994603103725
763498.039654602413065732,-21513.250416612110711867,-18035.338411717639246490,25404.964080833411571803
764232.093305706745013595,-20839.439335326904256362,-18989.158376364637661027,23540.577121894515585154
764982.546152039780281484,-20057.107149988802120788,-19878.951631213414657395,21529.062815149023663253
765716.599803144112229347,-19194.587708903833117802,-20652.801367311501962831,19457.128050135015655542
766402.172592086601071060,-18296.514504000446322607,-21276.031196407009701943,17428.213648571698286105
767009.301698246970772743,-17421.960364313887112075,-21735.962083642847574083,15555.852682333248594659
767511.452666357508860528,-16639.250783523435529787,-22042.516108655669086147,13954.060443315422162414
767886.679089523968286812,-16017.667394160996991559,-22223.163866588725795737,12726.197287390528799733
768118.581772517878562212,-15617.268745383020359441,-22312.405573564035876188,11954.343913546053954633
768197.025455299881286919,-15478.962820717890281230,-22338.523253819061210379,11691.042854803137743147
768275.469138081884011626,-15339.190751343605370494,-22362.525004708037158707,11426.634310642793934676
768507.371821075794287026,-14917.309117828734088107,-22420.749513516762817744,10638.562508601105946582
768882.598244242253713310,-14206.672230499338184018,-22472.558992240661609685,9343.653847369478171458
769384.749212352791801095,-13199.715530464676703559,-22452.792026090759463841,7574.364247365585470106
769991.878318513161502779,-11893.247860979157849215,-22276.422202293058944633,5384.873874066294774821
770677.451107455650344491,-10295.847315271770639811,-21846.808366380137158558,2858.380304557749695960
771411.504758559982292354,-8437.068298456151751452,-21069.426489394103555242,113.742559744122559096
772161.957604893017560244,-6377.311946344336320180,-19873.226615188385039801,-2692.065402569450725423
772896.011255997349508107,-4215.220208471462683519,-18240.253540089772286592,-5371.702952629964784137
773581.584044939838349819,-2086.412951875307953742,-16238.318325481166539248,-7732.694026061918521009
774188.713151100208051503,-146.275718740679849361,-14040.504137541811360279,-9621.648849282339142519
774690.864119210746139288,1463.080449313818917290,-11908.548341146582970396,-10971.102644679796867422
775066.090542377205565572,2645.236521856242688955,-10133.678593738861309248,-11815.301301779309142148
775297.993225371115840971,3358.190564391562929814,-8963.840045213675693958,-12254.425078196907634265
775376.436908153118565679,3595.262642680494082015,-8556.352463405572052579,-12387.420888319638834218
775454.880590935121290386,3829.958192036187028862,-8143.210413800471542345,-12512.224890484592833673
775686.783273929031565785,4508.075058315357637184,-6890.808558675802487414,-12831.494884957424801541
776062.009697095490992069,5545.565488861361700401,-4779.366397080402748543,-13182.410660730813106056
776564.160665206029079854,6789.521103808006046165,-1838.149995525524900586,-13314.699795632979657967
777171.289771366398781538,8026.393904482725702110,1781.950250303730854284,-12956.322412711395372753
777856.862560308887623250,9034.420658812814508565,5779.237132739462140307,-11926.919109708069299813
778590.916211413219571114,9663.956916228478803532,9772.343170319674754865,-10230.032515829858311918
779341.369057746254839003,9883.132280941406861530,13429.788576726812607376,-8042.706363999815948773
780075.422708850586786866,9758.317964035140903434,16551.722990463746100431,-5623.275391148728886037
780760.995497793075628579,9403.641131705606312607,19068.366483937166776741,-3223.023930668794491794
781368.124603953445330262,8939.533466090717411134,20996.445077631997264689,-1043.456379913893215416
781870.275572063983418047,8470.989759575530115399,22394.592481335435877554,770.787523707258060313
782245.501995230442844331,8079.667268673239959753,23331.704039519700017991,2123.628693919244142307
782477.404678224353119731,7822.614785557118011639,23867.507629450039530639,2956.111141270532243652
782555.848361006355844438,7733.267540483223456249,24041.528209385927766562,3236.865665936554250948
782634.292043788474984467,7642.770950399347384518,24211.975879590838303557,3517.139177199899222614
782866.194726782385259867,7368.858103087052768387,24695.418268222543701995,4342.601828876940999180
783241.421149948844686151,6907.257141551225686271,25415.310030652130080853,5666.912104076513969630
783743.572118059382773936,6258.964950448430499819,26265.309949719012365676,7413.415385726978456660
784350.701224219752475619,5437.301565599454988842,27133.191680097072094213,9479.491469458998835762
785036.274013162241317332,4471.355507073388253048,27922.307175652658770559,11745.569791416588486754
785770.327664266573265195,3404.794290858626027330,28565.471853753017057898,14087.014840850728432997
786520.780510599608533084,2291.276920263157535373,29029.911440793879592093,16385.733472954496392049
787254.834161703940480947,1188.543571321318268019,29314.847675276894733543,18538.940067730138252955
787940.406950646429322660,152.903971261187564323,29444.480191507875133539,20463.973185717804881278
788547.536056806799024343,-764.942557443974919806,29458.949867395600449527,22099.332554117376275826
789049.687024917337112129,-1522.517728950919718045,29405.143896947156463284,23402.825786633864481701
789424.913448083796538413,-2086.805610317617265537,29328.471180466029181844,24347.973877288080984727
789656.816131077706813812,-2434.533960547340939229,29266.202013776641251752,24919.818615966276411200
789735.259813859709538519,-2551.955638287783131091,29242.637748193967127008,25111.133619285872555338
789813.703496641712263227,-2669.268740039835847710,29217.829234244025428779,25301.380084695181722054
790045.606179635622538626,-3015.407654603569881147,29137.325980288900609594,25857.568753357267269166
790420.832602802081964910,-3573.136728908868462895,28985.017456215973652434,26737.835401545773493126
790922.983570912620052695,-4314.409669555216169101,28740.386720937742211390,27878.070794862724142149
791530.112677072989754379,-5201.721774405757969362,28385.766996903359540738,29199.425594452808581991
792215.685466015478596091,-6190.353432575616352551,27913.045827354839275358,30617.004337975035014097
792949.739117119810543954,-7231.388296493571942847,27328.130405124302342301,32048.354347919055726379
793700.191963452845811844,-8275.114483448240207508,26652.396845751998625929,33420.508719549892703071
794434.245614557177759707,-9274.287582842083793366,25921.222495766905922210,34674.730268752231495455
795119.818403499666601419,-10186.780517273888108321,25180.280026998232642654,35768.593496012879768386
795726.947509660036303103,-10977.316663856874583871,24480.509114294338360196,36675.511986725301539991
796229.098477770574390888,-11618.205614732545654988,23872.658938874636078253,37382.197588400114909746
796604.324900937033817172,-12089.214537879370254814,23402.127336158293474000,37884.797969424231268931
796836.227583930944092572,-12376.870252247337703011,23104.605123812656529481,38184.593249732570257038
796914.671266712946817279,-12473.570238307074760087,23002.830598818025464425,38284.136192036508873571
796993.114949494949541986,-12569.963439469178410945,22900.490319685923168436,38382.737483028009592090
797225.017632488859817386,-12853.124213477909506764,22594.677836885228316532,38668.735223549098009244
797600.244055655319243670,-13305.505912259231990902,22089.771551191304752138,39114.144314454191771802
798102.395023765857331455,-13899.528036589517796529,21395.294251097515370930,39676.836442131148942281
798709.524129926227033138,-14599.935666397395834792,20528.369051753863459453,40306.447427334074745886
799395.096918868715874851,-15366.800645132510908297,19515.752846457664418267,40951.123338793673610780
800129.150569973047822714,-16158.832744362647645175,18394.693658529762615217,41563.987169889966025949
800879.603416306083090603,-16936.595035766949877143,17212.218501345341792330,42108.330545605320367031
801613.657067410415038466,-17665.210134753888269188,16022.871050612113322131,42560.812188130890717730
802299.229856352903880179,-18316.215324223892821465,14885.253082644119785982,42912.306880239739257377
802906.358962513273581862,-18868.366388414931861917,13857.912445181123985094,43166.432755974456085823
803408.509930623811669648,-19307.379000676031864714,12995.154308331502761575,43336.143354816020291764
803783.736353790271095932,-19624.799336783231410664,12343.261737157929019304,43439.066127285790571477
804015.639036784181371331,-19816.371056567102641566,11937.448147960147252888,43492.464640697588038165
804094.082719566184096038,-19880.369618293294479372,11799.688920037933712592,43508.762111506512155756
804172.526402348303236067,-19943.960506641476968070,11661.687723579725570744,43524.167328634059231263
804404.429085342213511467,-20129.558808696798223536,11252.328643812199516105,43564.492091275846178178
804779.655508508672937751,-20422.219392360933852615,10585.738926607427856652,43613.223514191755384672
805281.806476619211025536,-20798.895042693762661656,9685.970138823855450028,43646.492347602128575090
805888.935582779580727220,-21231.003210687325918116,8587.325202823214567616,43637.848075123103626538
806574.508371722069568932,-21687.581862659040780272,7334.128452147193456767,43563.684827056204085238
807308.562022826401516795,-22138.633854641684592934,5979.583471151266166999,43408.358650810776453000
808059.014869159436784685,-22558.209061391586146783,4583.578442230932523671,43168.099195395203423686
808793.068520263768732548,-22926.780375814356375486,3209.564390385393835459,42853.018161930755013600
809478.641309206257574260,-23232.544804152552387677,1920.865710792537811358,42486.814661167023587041
810085.770415366627275944,-23471.428474030384677462,776.919206571190898103,42104.135324042836145964
810587.921383477165363729,-23645.787839685210201424,-170.060220032297621628,41745.926333368232008070
810963.147806643624790013,-23762.054099424440209987,-877.624847263959281918,41453.469962503069837112
811195.050489637535065413,-23827.814673373166442616,-1314.721433485441593803,41262.070863270782865584
811273.494172419537790120,-23848.993976396093785297,-1462.519759091753030589,41195.480715304845944047
811351.937855201540514827,-23869.631738926404068479,-1610.284873675124799774,41127.955085721405339427
811583.840538195450790226,-23927.457235173482331447,-2046.894481377221154617,40922.848815835459390655
811959.066961361910216510,-24010.829138350873108720,-2752.433489971573180810,40573.575092308710736688
812461.217929472448304296,-24102.345945899625803577,-3694.262342779226855782,40072.309472787135746330
813068.347035632818005979,-24181.596493853980064159,-4828.085014333533763420,39414.107880960633337963
813753.919824575306847692,-24228.524947598252765602,-6099.809395337437308626,38601.554555324451939669
814487.973475679638795555,-24226.961435003191581927,-7448.340617471490077151,37649.046243952419899870
815238.426322012674063444,-24167.796943470180849545,-8809.254352528096205788,36585.826775924724643119
815972.479973117006011307,-24051.257121030430425890,-10119.043219495979428757,35457.022493207754450850
816658.052762059494853020,-23887.775396831882972037,-11319.382663463824428618,34322.183871356886811554
817265.181868219864554703,-23697.108301136293448508,-12360.708131391489587259,33251.199748942904989235
817767.332836330402642488,-23505.597813103879161645,-13204.425501275656642974,32317.893181172767071985
818142.559259496862068772,-23341.862212209343852010,-13823.359330395000142744,31592.075806448712683050
818374.461942490772344172,-23231.626026954909320921,-14200.560954787404625677,31131.232988107109122211
818452.905625272775068879,-23192.749713439545303117,-14327.189788720055730664,30973.215333237698359881
818531.349308054777793586,-23153.063666639514849521,-14453.318408305382035905,30814.116224508987215813
818763.251991048688068986,-23030.962213436494494090,-14823.188818343996899785,30337.427535199145495426
819138.478414215147495270,-22818.031551227766613010,-15411.697997562812815886,29545.930970813493331661
819640.629382325685583055,-22502.566468714314396493,-16178.552381796749614296,28447.278713420466374373
820247.758488486055284739,-22072.804694303416908951,-17070.791845323608868057,27057.942707138565310743
820933.331277428544126451,-21520.970102242241409840,-18026.640613109771948075,25407.661614356995414710
821667.384928532876074314,-20847.636014279520168202,-18980.790483814762410475,23543.445801678622956388
822417.837774865911342204,-20065.771197172351094196,-19870.973664721659588395,21532.112240977628971450
823151.891425970243290067,-19203.685590250919631217,-20645.262094229452486616,19460.359553723155840999
823837.464214912732131779,-18305.993088531391549623,-21268.958808476403646637,17431.619241644431895111
824444.593321073101833463,-17431.753036544214410242,-21729.354600826583919115,15559.414801646074920427
824946.744289183639921248,-16649.284367773620033404,-22036.333576927601825446,13957.752807592707540607
825321.970712350099347532,-16027.868398495063956943,-22217.324964116054616170,12729.986814810268697329
825553.873395344009622931,-15627.567300866363439127,-22306.790982501712278463,11958.193159730215484160
825632.317078126012347639,-15489.293287434597004903,-22332.986692135877092369,11694.912210434475127840
825710.760760908015072346,-15349.552560748441464966,-22357.067587949724838836,11430.523718755219306331
825942.663443901925347745,-14927.760141401620785473,-22415.532759432269813260,10642.510794247382364119
826317.889867068384774029,-14217.255989266022879747,-22467.753758274939173134,9347.695678051384675200
826820.040835178922861814,-13210.451950102024056832,-22448.583485981562262168,7578.526262380705702526
827427.169941339292563498,-11904.124585308689347585,-22273.012531934644357534,5389.169066697004382149
828112.742730281781405210,-10306.812019877503189491,-21844.415206735993706388,2862.799952310831486102
828846.796381386113353074,-8448.022916474956218735,-21068.273925990572024602,118.245625387690893149
829597.249227719148620963,-6388.110917044511552376,-19873.523872924612078350,-2687.563353454282150778
830331.302878823480568826,-4225.677374702633642300,-18242.156880279460892780,-5367.334626673217826465
831016.875667765969410539,-2096.325047357896437461,-16241.878738313273061067,-7728.626577157755491498
831624.004773926339112222,-155.469593881986327233,-14045.621105874084605603,-9618.040422150130325463
832126.155742036877200007,1454.683571578040755412,-11914.965088636636210140,-10968.038831009176647058
832501.382165203336626291,2637.569533717591639288,-10141.034855254165449878,-11812.748347193875815719
832733.284848197246901691,3351.034490262010422157,-8971.747629016428618343,-12252.230763753232167801
832811.728530979249626398,3588.289722641639400535,-8564.439626493185642175,-12385.354790429000786389
832890.172213761368766427,3823.173584572881736676,-8151.473125537260784768,-12510.290277060828884714
833122.074896755279041827,4501.876620674656805932,-6899.563589280314772623,-12829.966440711814357201
833497.301319921738468111,5540.402437309136985277,-4788.817563770593551453,-13181.583217367888209992
833999.452288032276555896,6785.880793424455987406,-1848.298239267778626527,-13314.850685340075870045
834606.581394192646257579,8024.715201835359948745,1771.356466696087409218,-12957.616774814085147227
835292.154183135135099292,9034.957660280706477351,5768.629750213964143768,-11929.318385475949980901
836026.207834239467047155,9666.696730294692315510,9762.155331178091728361,-10233.307973202319772099
836776.660680572502315044,9887.837827823625048040,13420.308579407887009438,-8046.555697686454550421
837510.714331676834262908,9764.641307867859723046,16543.065464225066534709,-5627.433996027521061478
838196.287120619323104620,9411.220168936450136243,19060.516401859964389587,-3227.309226990014849434
838803.416226779692806304,8948.042335812337114476,20989.309945861012238311,-1047.763028785097958462
839305.567194890230894089,8480.154280157261382556,22388.038121161382150603,766.508523864516064350
839680.793618056690320373,8089.262009174903141684,23325.574726043007103726,2119.390024979297322716
839912.696301050600595772,7832.452028658875860856,23861.636723639134288533,2951.904015587736921589
839991.139983832603320479,7743.182982591059953847,24035.743942094846715918,3232.670192273323209520
840069.583666614606045187,7652.762713605386124982,24206.277855511969391955,3512.955810428240511101
840301.486349608516320586,7379.064839536225008487,24689.972870690024137730,4338.456690905220966670
840676.712772774975746870,6917.779723077636845119,25410.265942139896651497,5662.835419976776393014
841178.863740885513834655,6269.853355256393115269,26260.788545611318113515,7409.440118900596644380
841785.992847045883536339,5448.554427022150775883,27129.280784778165980242,9475.649087421392323449
842471.565635988372378051,4482.929846833281771978,27919.058777559956070036,11741.885472921969267190
843205.619287092704325914,3416.620668317166746419,28562.903251347925106529,14083.504136522549742949
843956.072133425739593804,2303.275389331570750073,29028.008624784932180773,16382.401119648735402734
844690.125784530071541667,1200.637331841061950399,29313.569770734906342113,18535.780567534158763010
845375.698573472560383379,165.029223640356860869,29443.764155611006572144,20460.972364496625232277
845982.827679632930085063,-752.830885195771315921,29458.715007605322171003,22096.469421372949000215
846484.978647743468172848,-1510.444065454619249067,29405.296008105964574497,23400.074294317018939182
846860.205070909927599132,-2074.775026572058322927,29328.906223582103848457,24345.304417833584011532
847092.107753903837874532,-2422.535945176226960029,29266.809335638830816606,24917.199249794237402966
847170.551436685840599239,-2539.969633770263499173,29243.302906729997630464,25108.531092269684450002
847248.995119467843323946,-2657.295239766534905357,29218.552009970047947718,25298.794343407174892491
847480.897802461753599346,-3003.473953690875077882,29138.217818379496748094,25855.032322884369932581
847856.124225628213025630,-3561.276112091660252190,28986.178886341305769747,26735.377768226331681944
848358.275193738751113415,-4302.662831779735824966,28741.901478927440621192,27875.716710534419689793
848965.404299899120815098,-5190.135360997418501938,28387.697911874955025269,29197.193845325604343088
849650.977088841609656811,-6178.976011263291184150,27915.432653123589261668,30614.907073827929707477
850385.030739945941604674,-7220.264726529524523357,27330.989482137523737038,32046.396962627080938546
851135.483586278976872563,-8264.279895422416302608,26655.722287421438522870,33418.690178523218492046
851869.537237383308820426,-9263.762081109463906614,25924.988499556824535830,34673.043730005090765189
852555.110026325797662139,-10176.565413949670983129,25184.443888139016053174,35767.027077287631982472
853162.239132486167363822,-10967.392691449618723709,24485.014543199544277741,36674.049573269505344797
853664.390100596705451608,-11608.533235149188840296,23877.439340472366893664,37380.819628152392397169
854039.616523763164877892,-12079.736209586282711825,23407.108797606219013687,37883.482244092643668409
854271.519206757075153291,-12367.514341868998599239,23109.708972578242537566,38183.315632419849862345
854349.962889539077877998,-12464.256156956793347490,23007.975523440734832548,38282.871405621284793597
854428.406572321080602705,-12560.691396469122992130,22905.676157155645341845,38381.485497929345001467
854660.309255314990878105,-12843.977655752132704947,22599.983673080656444654,38667.520913029045914300
855035.535678481450304389,-13296.566125488516263431,22095.268544693459261907,39112.990442113310564309
855537.686646591988392174,-13890.871905871586932335,21401.041272660142567474,39675.762498482567025349
856144.815752752358093858,-14591.632570176307126530,20534.409551231736259069,40305.468772523439838551
856830.388541694846935570,-15358.908657139887509402,19522.113163680518482579,40950.250677593416185118
857564.442192799178883433,-16151.394589304167311639,18401.382800391482305713,41563.226328303862828761
858314.895039132214151323,-16929.634378674527397379,17219.229233169091457967,42107.682484073309751693
859048.948690236546099186,-17658.728768456308898749,16030.182012768833374139,42560.273180478274298366
859734.521479179034940898,-18310.191687924962025136,14892.831551987848797580,42911.868805411497305613
860341.650585339404642582,-18862.755656775651004864,13865.717321428184732213,43166.083479249551601242
860843.801553449942730367,-19302.114779597024607938,13003.138924787635914981,43335.867202714027371258
861219.027976616402156651,-19619.796828588365315227,12351.376177502874270431,43438.844474699391867034
861450.930659610312432051,-19811.531435048098501284,11945.640891277165792417,43492.276624845915648621
861529.374342392315156758,-19875.585286455760069657,11807.907814383324875962,43508.585467326054640580
861607.818025174434296787,-19939.231559686191758374,11669.932598685953053064,43524.002053379917924758
861839.720708168344572186,-20124.994143389194505289,11260.649326986931555439,43564.360412536472722422
862214.947131334803998470,-20417.922223005047271727,10594.179091018833787530,43613.146168250546907075
862717.098099445342086256,-20794.958950376229040558,9694.563994713938882342,43646.487706500418426003
863324.227205605711787939,-21227.508100554485281464,8596.095265653628302971,43637.931423575129883830
864009.799994548200629652,-21684.590033105356269516,7343.084610418713054969,43563.867798334729741327
864743.853645652532577515,-22136.186506076210207539,5988.723407862305975868,43408.648804998265404720
865494.306491985567845404,-22556.323622433170385193,4592.889289010545326164,43168.499714076460804790
866228.360143089899793267,-22925.448986008523206692,3219.025329380245693756,42853.527643405257549603
866913.932932032388634980,-23231.734176658454089193,1930.451103369837028367,42487.427025066244823392
867521.062038192758336663,-23471.081200900502153672,786.601740212969389177,42104.839863342458556872
868023.213006303296424448,-23645.825037455539131770,-160.306889842926921119,41746.707971819545491599
868398.439429469755850732,-23762.379163583740592003,-867.824401180625272900,41454.309774581248348113
868630.342112463666126132,-23828.317844386707292870,-1304.894391323214676959,41262.946886262427142356
868708.785795245668850839,-23849.557422435431362828,-1452.684162214776733890,41196.369033453207521234
868787.229478027671575546,-23870.255472766355524072,-1600.440946978756755925,41128.855723025604675058
869019.132161021581850946,-23928.259262975425372133,-2037.027254048764689287,40923.786015716381371021
869394.358584188041277230,-24011.919806608486396726,-2742.532809869690936466,40574.571923796742339619
869896.509552298579365015,-24103.823023231896513607,-3684.325290624948138429,40073.387076563572918531
870503.638658458949066699,-24183.540614692552480847,-4818.117214833139769325,39415.284743234500638209
871189.211447401437908411,-24230.995684198991511948,-6089.824963671296245593,38602.845798923619440757
871923.265098505769856274,-24229.994313278682966484,-7438.360642289030693064,37650.462922655438887887
872673.717944838805124164,-24171.401707847562647657,-8799.304008742812584387,36587.375171844629221596
873407.771595943137072027,-24055.417467271967325360,-10109.147818602697952883,35458.703449996792187449
874093.344384885625913739,-23892.450233439656585688,-11309.563172695212415420,34323.992241890875448007
874700.473491045995615423,-23702.234396440540876938,-12350.976895768839312950,33253.124079611887282226
875202.624459156533703208,-23511.093485831534053432,-13194.783027158215190866,32319.915774559744022554
875577.850882322993129492,-23347.631593237645574845,-13813.792953492218657630,31594.173281210089044180
875809.753565316903404891,-23237.563419301604881184,-14191.045943999428345705,31133.377384887069638353
875888.197248098906129599,-23198.743727496377687203,-14317.692920426337877871,30975.375715163721906720
875966.640930880908854306,-23159.114192934037419036,-14443.840075668129429687,30816.292649420036468655
876198.543613874819129705,-23037.179146533751918469,-14813.767613473593883100,30339.651729526056442410
876573.770037041278555989,-22824.515532430956227472,-15402.376789054267646861,29548.233557243376708357
877075.921005151816643775,-22509.403191135534143541,-16169.380227876365097472,28449.688388900340214605
877683.050111312186345458,-22080.059977078941301443,-17061.824552479280100670,27060.485287031722691609
878368.622900254675187171,-21528.686130387257435359,-18017.939502132943744073,25410.358893399199587293
879102.676551359007135034,-20855.829171116034558509,-18972.419035802096914267,23546.314215598380542360
879853.129397692042402923,-20074.431884237899794243,-19862.991892135356465587,21535.161389155782671878
880587.183048796374350786,-19212.780296192853711545,-20637.718767265509086428,19463.590768490281334380
881272.755837738863192499,-18315.468697015679936158,-21261.882132243106752867,17435.024536482640542090
881879.884943899232894182,-17441.542934068227623357,-21722.742619086282502394,15562.976616021132940659
882382.035912009770981967,-16659.315363848174456507,-22030.146369481684814673,13961.444863297892879928
882757.262335176230408251,-16038.066967263448532321,-22211.481252049245085800,12733.776032581045001280
882989.165018170140683651,-15637.863521277438849211,-22301.171498270818119636,11962.042096511964700767
883067.608700952143408358,-15499.621454201207598089,-22327.445208861772698583,11698.781256931499228813
883146.052383734262548387,-15359.912105914767380455,-22351.605221098954643821,11434.412818103090103250
883377.955066728172823787,-14938.209009875079573249,-22410.310970520771661540,10646.458772876025250298
883753.181489894632250071,-14227.837781503658334259,-22462.943350814941368299,9351.737206959340255708
884255.332458005170337856,-13221.186681171346208430,-22444.369583663483354030,7582.687988636651425622
884862.461564165540039539,-11915.000002147271516151,-22269.597266510063491296,5393.463998999464820372
885548.034353108028881252,-10317.775918018951415434,-21842.016184452964807861,2867.219396332895030355
886282.088004212360829115,-8458.977366968176283990,-21067.115214352303155465,122.748591548374406557
887032.540850545396097004,-6398.910510962744410790,-19873.814709794616646832,-2683.061226444548537984
887766.594501649728044868,-4236.136105019299066043,-18244.053593478489347035,-5362.965948836552342982
888452.167290592216886580,-2106.239761416048622777,-16245.432458798099105479,-7724.558403986499797611
889059.296396752586588264,-164.667166946341751554,-14050.731520379120411235,-9614.430842415109509602
889561.447364863124676049,1446.282022387752249415,-11921.375616620876826346,-10964.973462393201771192
889936.673788029584102333,2629.897128413458631258,-10148.385317001415387494,-11810.193536596354533685
890168.576471023494377732,3343.872545695912322117,-8979.649754115120231290,-12250.034420835096170777
890247.020153805497102439,3581.310782233125792118,-8572.521460732361447299,-12383.286609821447200375
890325.463836587499827147,3816.382809178057414101,-8159.730645561592609738,-12508.353529268129932461
890557.366519581410102546,4495.671596764490459464,-6908.313875061705402914,-12828.435727541871528956
890932.592942747869528830,5535.232201806581542769,-4798.264827900738964672,-13180.753359857593750348
891434.743910858407616615,6782.232715227051812690,-1858.443873224463914084,-13314.999138559480343247
892041.873017018777318299,8023.028430542700334627,1760.763657901201668210,-12958.908937314152353792
892727.445805961266160011,9035.486763926730418461,5758.021671474074537400,-11931.715962101941840956
893461.499457065598107874,9669.429244457067397889,9751.965397407309865230,-10236.582333359641779680
894211.952303398633375764,9892.536887917005515192,13410.825475181263755076,-8050.404459891331498511
894946.005954502965323627,9770.958992036221388844,16534.404152377312129829,-5631.592405862344094203
895631.578743445454165339,9418.794276248647292960,19052.662091435598995304,-3231.594567952217403217
896238.707849605823867023,8956.546867944269251893,20982.170299415851332014,-1052.069864990217865852
896740.858817716361954808,8489.314912707217445131,22381.479063864135241602,762.229255315362252077
897116.085240882821381092,8098.853174727377336239,23319.440604204781266162,2115.151043002871574572
897347.987923876731656492,7842.285881096277989855,23855.760949767627607798,2947.696555155633177492
897426.431606658734381199,7753.095094846387837606,24029.954787966740695992,3228.474377374269352003
897504.875289440737105906,7662.751207020173751516,24200.574926499142748071,3508.772096336158938357
897736.777972434647381306,7389.268479484546332969,24684.522518497349665267,4334.311189798441773746
898112.004395601106807590,6928.299475648217594426,25405.216829472563404124,5658.758353164373147592
898614.155363711644895375,6280.739266349813078705,26256.262042962291161530,7405.464452473549499700
899221.284469872014597058,5459.805169095253404521,27125.364725274477677885,9471.806295889686225564
899906.857258814503438771,4494.502454750148899620,27915.805168136248539668,11738.200743296192740672
900640.910909918835386634,3428.445693637252588815,28560.329413949642912485,14079.993026558713609120
901391.363756251870654523,2315.272862660196551587,29026.100574080795922782,16379.068371055353054544
902125.417407356202602386,1212.730418859468272785,29312.286652555692853639,18532.620684828809316969
902810.990196298691444099,177.154083245042500039,29443.042942098694766173,20457.971173951751552522
903418.119302459061145782,-740.719371388817535262,29458.475013939969358034,22093.605931432444776874
903920.270270569599233568,-1498.370375647241644401,29405.443029253136046464,23397.322454915149137378
904295.496693736058659852,-2062.744283370695484336,29329.336213698297797237,24342.634618813295674045
904527.399376729968935251,-2410.537690034273964557,29267.411629097859986359,24914.579548667741619283
904605.843059511971659958,-2527.983362643120472057,29243.963045471849909518,25105.928231850895826938
904684.286742293974384665,-2645.321446207589815458,29219.269774654454522533,25296.208270263934537070
904916.189425287884660065,-2991.539881563162452949,29139.104672129244136158,25852.495565102115506306
905291.415848454344086349,-3549.415000818885346234,28987.335377867246279493,26732.919814850636612391
905793.566816564882174134,-4290.915339843966648914,28743.411364220501127420,27873.362315628735814244
906400.695922725251875818,-5178.548107786893524462,28389.624040580303699244,29194.961796688901813468
907086.268711667740717530,-6167.597549585160777497,27917.814798504274222068,30612.809522106890653959
907820.322362772072665393,-7209.139911273091456678,27333.844001147201197455,32044.439301847200113116
908570.775209105107933283,-8253.443862290318065789,26659.043305113827955211,33416.871373610585578717
909304.828860209439881146,-9253.234947626191569725,25928.750218523931835080,34671.356937986885895953
909990.401649151928722858,-10166.348511924616104807,25188.603601100345258601,35765.460414562694495544
910597.530755312298424542,-10957.466778119649461587,24489.515949967448250391,36672.586923520029813517
911099.681723422836512327,-11598.858800835711008403,23882.215827549756795634,37379.441437636298360303
911474.908146589295938611,-12070.255743708738009445,23412.086426847305119736,37882.166292794223409146
911706.810829583206214011,-12358.156243613846527296,23114.809040793068561470,38182.037791714559716638
911785.254512365208938718,-12454.939870873800828122,23013.116685118518944364,38281.606396669871173799
911863.698195147328078747,-12551.417131958922254853,22910.858249352331768023,38380.233291143769747578
912095.600878141238354146,-12834.828827371635270538,22605.285816629326291149,38666.306383290502708405
912470.827301307697780430,-13287.623989968578825938,22100.761931885208468884,39111.836354416816902813
912972.978269418235868216,-13882.213324597234532121,21406.784805668063199846,39674.688344399182824418
913580.107375578605569899,-14583.326904352667042986,20540.446707763836457161,40304.489912857279705349
914265.680164521094411612,-15351.013970319714644575,19528.470306411782075884,40949.377817365384544246
914999.733815625426359475,-16143.953603041623864556,18408.068952588422689587,41562.465293392699095421
915750.186661958461627364,-16922.670761327906802762,17226.237168752551951911,42107.034234490980452392
916484.240313062793575227,-17652.244321735808625817,16037.490371974226945895,42559.733989408094203100
917169.813102005282416940,-18304.164864335481979651,14900.407602328814391512,42911.430551034391100984
917776.942208165652118623,-18857.141647512031340739,13873.519944173791373032,43165.734026040125172585
918279.093176276190206409,-19296.847209232244495070,13011.121426375842929701,43335.590876409267366398
918654.319599442649632692,-19614.790919365979789291,12359.488607560626405757,43438.622649467448354699
918886.222282436559908092,-19806.688381297590240138,11953.831689350201486377,43492.088437248290574644
918964.665965218562632799,-19870.797511965731246164,11816.124785555557537009,43508.408651693127467297
919043.109648000565357506,-19934.499159725197387161,11678.175572724623634713,43523.836606961282086559
919275.012330994475632906,-20120.425994866465771338,11268.968174644023747533,43564.228563452168600634
919650.238754160935059190,-20413.621522815676144091,10602.617526594034643495,43613.068653189715405460
920152.389722271473146975,-20791.019265951712441165,9703.156265693240129622,43646.482897724425129127
920759.518828431842848659,-21224.009328011830803007,8604.863919277395325480,43638.014605803502490744
921445.091617374331690371,-21681.594466792568709934,7352.039559991250825988,43564.050604636206116993
922179.145268478663638234,-22133.735347169033047976,5997.862352876960358117,43408.938795080226555001
922929.598114811698906124,-22554.434304488040652359,4602.199368250015140802,43168.900069041956157889
923663.651765916030853987,-22924.113656676698155934,3228.485722185807389906,42854.036961046425858513
924349.224554858519695699,-23230.919559169251442654,1940.036158223481834284,42488.039224566869961563
924956.353661018889397383,-23470.729898126603075070,796.284122044886998992,42105.544237366484594531
925458.504629129427485168,-23645.858176475390791893,-150.553556831094255131,41747.489443995968031231
925833.731052295886911452,-23762.700149479303945554,-858.023836244120047922,41455.149419472174486145
926065.633735289797186852,-23828.816926052761118626,-1295.067158398626361304,41263.822741430813039187
926144.077418071799911559,-23850.116775549096928444,-1442.848350217955612607,41197.257183550558693241
926222.521100853802636266,-23870.875110189554106910,-1590.596780788428986853,41129.756192044609633740
926454.423783847712911665,-23929.057184553323168075,-2027.159715073460574786,40924.723046581988455728
926829.650207014172337949,-24013.006354421497235307,-2732.631701079794765974,40575.568584966938942671
927331.801175124710425735,-24105.295964351607835852,-3674.387652603931655904,40074.464508039731299505
927938.930281285080127418,-24185.480585409051855095,-4808.148638638835109305,39416.461430434785143007
928624.503070227568969131,-24233.462262047305557644,-6079.839538860052016389,38604.136863804153108504
929358.556721331900916994,-24233.023032317185425200,-7428.379441149790181953,37651.879418107921082992
930109.009567664936184883,-24175.002322418302355800,-8789.352199945687971194,36588.923379177969763987
930843.063218769268132746,-24059.573683285238075769,-10099.250717915916538914,35460.384212261837092228
931528.636007711756974459,-23897.120967997703701258,-11299.741762052313788445,34325.800411688920576125
932135.765113872126676142,-23707.356423182744038058,-12341.243544741479126969,33255.048203489393927157
932637.916081982664763927,-23516.585124146185989957,-13185.138275467455969192,32321.938155745374388061
933013.142505149124190211,-23353.396969399051158689,-13804.224177568494269508,31596.270539488246868132
933245.045188143034465611,-23243.496826840095309308,-14181.528459013630708796,31135.521562434991210466
933323.488870925037190318,-23204.733763849566457793,-14308.193552484501196886,30977.535876910205843160
933401.932553707156330347,-23165.160748793467064388,-14434.359217921935851336,30818.468853194903203985
933633.835236701066605747,-23043.392131658987636911,-14804.343808160316257272,30341.875699837506545009
934009.061659867526032031,-22830.995605183954467066,-15393.052858001658023568,29550.535914836469601141
934511.212627978064119816,-22516.236064440035988810,-16160.205187579558696598,28452.097828785263118334
935118.341734138433821499,-22087.311493003424402559,-17052.854174449574202299,27063.027622719215287361
935803.914523080922663212,-21536.398499658655055100,-18009.235080367467162432,25413.055918008070875658
936537.968174185254611075,-20864.018804331302817445,-18964.044033866706740810,23549.182363704698218498
937288.421020518289878964,-20083.089209555470006308,-19855.006314946345810313,21538.210259736777516082
938022.474671622621826828,-19221.871824970716261305,-20630.171387856618821388,19466.821694491063681198
938708.047460565110668540,-18324.941327566291874973,-21254.801169085065339459,17438.429533140904823085
939315.176566725480370224,-17451.330054877827933524,-21716.126139740506914677,15566.538125511189718964
939817.327534836018458009,-16669.343769632228941191,-22023.954487581628200132,13965.136610480420131353
940192.553958002477884293,-16048.263098266857923591,-22205.632731607172900112,12737.564940748317894759
940424.456640996388159692,-15648.157404362533270614,-22295.547122060685069300,11965.890723933509434573
940502.900323778390884399,-15509.947318745171287446,-22321.898805175758752739,11702.649994335144583602
940581.344006560393609107,-15370.269384551595067023,-22346.137905324121675221,11438.301608727162602008
940813.246689554303884506,-14948.655720900456799427,-22405.084147918558301171,10650.406444523257960100
941188.473112720763310790,-14238.417604765612850315,-22458.127770941242488334,9355.778434120162273757
941690.624080831301398575,-13231.919721084570483072,-22440.150320134107460035,7586.849426142634911230
942297.753186991671100259,-11925.874108717118360801,-22266.176406900285655865,5397.758670951116982906
942983.325975934159941971,-10328.739006674135453068,-21839.611300250537169632,2871.638636545649205800
943717.379627038491889834,-8469.931646609860763419,-21065.950354972002969589,127.251458054059412461
944467.832473371527157724,-6409.710724411837873049,-19874.099125962642574450,-2678.559021859483891603
945201.886124475859105587,-4246.596395340841809229,-18245.943679366304422729,-5358.596919643136970990
945887.458913418347947299,-2116.157089609397189633,-16248.979485921790910652,-7720.489507300912009669
946494.588019578717648983,-173.868433268760497867,-14055.835379152909808909,-9610.820111010800246731
946996.738987689255736768,1437.875806423016001645,-11927.779922241088570445,-10961.906539825951767853
947371.965410855715163052,2622.219310464956834039,-10155.729975310066947713,-11807.636870925822222489
947603.868093849625438452,3336.704735021318356303,-8987.546416320788921439,-12247.836050291611172725
947682.311776631628163159,3574.325825699503184296,-8580.597961760107864393,-12381.216347305242379662
947760.755459413630887866,3809.585870004279058776,-8167.982969336636415392,-12506.414647869185500895
947992.658142407541163266,4489.459990406096949300,-6917.059410995624602947,-12826.902746044115701807
948367.884565574000589550,5530.054785467835245072,-4807.708183774097051355,-13179.921088448279988370
948870.035533684538677335,6778.576871128900165786,-1868.586891156579895323,-13315.145155002644969500
949477.164639844908379018,8021.333590946566800994,1750.171830159562659901,-12960.198899375045584748
950162.737428787397220731,9036.007968595060447115,5747.412902094994024083,-11934.111838476621414884
950896.791079891729168594,9672.154456542077241465,9741.773373574207653292,-10239.855595274244478787
951647.243926224764436483,9897.229458551029892988,13401.339267655654111877,-8054.252649849181580066
952381.297577329096384346,9777.271013704632423469,16525.739057785409386270,-5635.750620150925897178
953066.870366271585226059,9426.363450793456649990,19044.803554994472506223,-3235.879953247413595818
953673.999472431954927742,8965.047059676126082195,20975.026140251720789820,-1056.376888346983378142
954176.150440542493015528,8498.471654461232901667,22374.915311140401172452,757.949718165913964185
954551.376863708952441812,8108.440762604200244823,23313.301675532373337774,2110.911748052398706932
954783.279546702862717211,7852.116340166538975609,23849.880309266645781463,2943.488760014328818215
954861.723229484865441918,7763.003874554427056864,24024.160748401482123882,3224.278221272666542063
954940.166912266868166625,7672.736427957062915084,24194.867093921369814780,3504.588034950010296598
955172.069595260778442025,7399.469020268860731449,24679.067212926442152821,4330.165325565561943222
955547.296018427237868309,6938.816396637075740728,25400.162693800932174781,5654.680903625188875594
956049.446986537775956094,6291.622681150776770664,26251.730442763426253805,7401.488386408755104640
956656.576092698145657778,5471.053789295791830227,27121.443502405069011729,9467.963094808070309227
957342.148881640634499490,4506.073328359405422816,27912.546348027124622604,11734.515602470612066099
958076.202532744966447353,3440.269364413483799581,28557.750342037870723289,14076.481510883299051784
958826.655379078001715243,2327.269337901724611584,29024.187289008586958516,16375.735227095419759280
959560.709030182333663106,1224.822830084697898201,29310.998320930662885075,18529.460419534963875776
960246.281819124822504818,189.278547834724236054,29442.316551045696542133,20454.969614005363837350
960853.410925285192206502,-728.608018218160850665,29458.229886377954244381,22090.742084220008109696
961355.561893395730294287,-1486.296661685997378299,29405.584960291722381953,23394.570268354378640652
961730.788316562189720571,-2050.713382842253395211,29329.761150663653097581,24339.964480154969351133
961962.690999556099995971,-2398.539197232491915202,29268.008893970341887325,24911.959512515619280748
962041.134682338102720678,-2515.996827011349523673,29244.618164225310465554,25103.325037958704342600
962119.578365120221860707,-2633.347361462143908284,29219.982528092230495531,25293.621865195313148433
962351.481048114132136106,-2979.605440301696035021,29139.986541301801480586,25849.958479941455152584
962726.707471280591562390,-3537.553397142647554574,28988.486930508071964141,26730.461541351429332281
963228.858439391129650176,-4279.167195760507638624,28744.916376467510417569,27871.007610080898302840
963835.987545551499351859,-5166.960016738225021982,28391.545382596366835060,29192.729448480931750964
964521.560334493988193572,-6156.218049449319551059,27920.192262994794873521,30610.711682753502827836
965255.613985598320141435,-7198.013852571084498777,27336.693961570901592495,32042.481365524556167657
966006.066831931355409324,-8242.606385834613320185,26662.359898168855579570,33415.052304760662082117
966740.120483035687357187,-9242.706184110707908985,25932.507651935531612253,34669.669892649617395364
967425.693271978176198900,-10156.129812855870113708,25192.759165085037238896,35763.893507793109165505
968032.822378138545900583,-10947.538925468768866267,24494.013333746104763122,36671.124037434543424752
968534.973346249083988369,-11589.182313347408125992,23886.988399211164505687,37378.063016811574925669
968910.199769415543414652,-12060.773141766847402323,23417.060222954150958685,37880.850115490247844718
969142.102452409453690052,-12348.795958980084833456,23119.905327510481583886,38180.759727578915772028
969220.546135191456414759,-12445.621381548859062605,23018.254082898267370183,38280.341165144818660337
969298.989817973459139466,-12542.140647421460016631,22916.036595316905732034,38378.980862633776268922
969530.892500967369414866,-12825.677729797163920011,22610.584266553356428631,38665.091634296877600718
969906.118924133828841150,-13278.679507124053998268,22106.251711758861347334,39110.682051329524256289
970408.269892244366928935,-13873.552294142215032480,21412.524849074783560354,39673.613979847745213192
971015.398998404736630619,-14575.018670242357984534,20546.480520258337492123,40303.510848304627870675
971700.971787347225472331,-15343.116585919207864208,19534.824273510486818850,40948.504758081187901553
972435.025438451557420194,-16136.509786747528778506,18414.752113929313054541,41561.704065130761591718
973185.478284784592688084,-16915.704184822017850820,17233.242306855456263293,42106.385796835245855618
973919.531935888924635947,-17645.756795610264816787,16044.796126942390401382,42559.194614899774023797
974605.104724831413477659,-18298.134854400388576323,14907.981232340513088275,42910.992117090121610090
975212.233830991783179343,-18851.524361503637919668,13881.320312057085175184,43165.384396329878654797
975714.384799102321267128,-19291.576290406639600405,13019.101811707985689281,43335.314375887115602382
976089.611222268780693412,-19609.781609899924660567,12367.599025923318549758,43438.400651576528616715
976321.513905262690968812,-19801.841896073903626529,11962.020540759478535620,43491.900077892038098071
976399.957588044693693519,-19866.006295572860835819,11824.339832130865033832,43508.231664595310576260
976478.401270826696418226,-19929.763307499662914779,11686.416644267603260232,43523.670989366059075110
976710.303953820606693625,-20115.854363844064209843,11277.285185343793273205,43564.096544011568767019
977085.530376987066119909,-20409.317292466472281376,10611.054231875117693562,43612.990968999067263212
977587.681345097604207695,-20787.075990037516021403,9711.746950280341479811,43646.477921265555778518
978194.810451257973909378,-21220.506893607987876749,8613.631162186027722782,43638.097621801527566276
978880.383240200462751091,-21678.595164190999639686,7360.993299327567001455,43564.233245956122118514
979614.436891304794698954,-22131.280378305771591840,6007.000304629345009744,43409.228621054433460813
980364.889737637829966843,-22552.541107854256551946,4611.508678356502059614,43169.300260291864105966
981098.943388742161914706,-22922.774388030426052865,3237.945567185204254201,42854.546114856748317834
981784.516177684650756419,-23230.100951814929430839,1949.620873716280129884,42488.651259673591994215
982391.645283845020458102,-23470.374565765807346907,805.966350413519762697,42106.248446121542656329
982893.796251955558545887,-23645.887256741156306816,-140.800222662366735449,41748.270749905750562903
983269.022675122017972171,-23763.017057061846571742,-848.223154128309261068,41455.988897185365203768
983500.925358115928247571,-23829.311918293729831930,-1285.239736390333291638,41264.698428786272415891
983579.369040897930972278,-23850.672035649880854180,-1433.012324781508368687,41198.145165607464150526
983657.812723680050112307,-23871.490651099200476892,-1580.752376786111426554,41130.656492789159528911
983889.715406673960387707,-23929.850999781894643093,-2017.291866137629767763,40925.659908443820313551
984264.941829840419813991,-24014.088781618353095837,-2722.730165294675771293,40576.565075832084403373
984767.092797950957901776,-24106.764769024874112802,-3664.449430416507766495,40075.541767230133700650
985374.221904111327603459,-24187.416405693606066052,-4798.179287458297039848,39417.637942578134243377
986059.794693053816445172,-24235.924680746658850694,-6069.853122617260851257,38605.427749985174159519
986793.848344158148393035,-24236.047591628321242752,-7418.397015770653524669,37653.295730331708909944
987544.301190491183660924,-24178.598786594877310563,-8779.398927853657369269,36590.471397949506354053
988278.354841595515608788,-24063.725768386375420960,-10089.351919149155946798,35462.064780030603287742
988963.927630538004450500,-23901.787599730876536341,-11289.918433242179162335,34327.608380781530286185
989571.056736698374152184,-23712.474380505700537469,-12331.508080007910393761,33256.972120608501427341
990073.207704808912239969,-23522.072727121823845664,-13175.491247892694445909,32323.960324764921097085
990448.434127975371666253,-23359.158339715526381042,-13794.653004304960631998,31598.367581320104363840
990680.336810969281941652,-23249.426248559884697897,-14172.008501505515596364,31137.665520788817957509
990758.780493751284666359,-23210.719821477574441815,-14298.691686568037766847,30979.695818515447172103
990837.224176533287391067,-23171.203333185403607786,-14424.875836737666759291,30820.644835872950352496
991069.126859527197666466,-23049.601167746939609060,-14794.917404068621181068,30344.099446173866454046
991444.353282693657092750,-22837.471768367850017967,-15383.726206058079696959,29552.838043634856148856
991946.504250804195180535,-22523.065087435905297752,-16151.027262542169410153,28454.507033119611151051
992553.633356964564882219,-22094.559240794751531212,-17043.880712846173992148,27065.569714248158561531
993239.206145907053723931,-21544.107208669458486838,-18000.527349393083568430,25415.752688233715161914
993973.259797011385671794,-20872.204912421802873723,-18955.665479548177245306,23552.050246050599525915
994723.712643344420939684,-20091.743171496775175910,-19847.016934646129811881,21541.258852776085404912
995457.766294448752887547,-19230.960174827334412839,-20622.619957439568679547,19470.052331782462715637
996143.339083391241729259,-18334.410978298059490044,-21247.715920380211173324,17441.834231676228228025
996750.468189551611430943,-17461.114396966830099700,-21709.505164108002645662,15570.099330171513429377
997252.619157662149518728,-16679.369583012881776085,-22017.757932491491374094,13968.828049192296020919
997627.845580828608945012,-16058.456789308012957918,-22199.779404009179415880,12741.353539360185095575
997859.748263822519220412,-15658.448947869976109359,-22289.917855061226873659,11969.739042039713240229
997938.191946604521945119,-15520.270878795996395638,-22316.347482257460796973,11706.518422689036015072
998016.635629386524669826,-15380.624394368776847841,-22340.665641794497787487,11442.190090668542325147
998248.538312380434945226,-14959.100272129928271170,-22399.852292762832803419,10654.353809225645818515
998623.764735546894371510,-14248.995456606062361971,-22453.307019735388166737,9359.819359561030069017
999125.915703657432459295,-13242.651067254446388688,-22435.925696392048848793,7591.010574908243143000
999733.044809817802160978,-11936.746902241269708611,-22262.749953987397020683,5402.053082529799212352
1000418.617598760291002691,-10339.701282821932181832,-21837.200554849536274560,2876.057672871245813440
1001152.671249864622950554,-8480.885752074913398246,-21064.779348343941819621,131.754224733142791592
1001903.124096197658218443,-6420.511553705421647464,-19874.377121594854543218,-2674.056740017720585456
1002637.177747301990166306,-4257.058241587365046144,-18247.827137624830356799,-5354.227539615444584342
1003322.750536244479008019,-2126.077027497957715241,-16252.519818673654299346,-7716.419887853055115556
1003929.879642404848709702,-183.073388183990005018,-14060.932680295338286669,-9607.208228870205857675
1004432.030610515386797488,1429.464928365064452009,-11934.178002643446234288,-10958.838064301322447136
1004807.257033681846223772,2614.536084395280340686,-10163.068826514127067639,-11805.078351121535888524
1005039.159716675756499171,3329.531062568992638262,-8995.437611448951429338,-12245.635652972328898613
1005117.603399457759223878,3567.334857288250987040,-8588.669125217829787289,-12379.144003689187229611
1005196.047082239761948586,3802.782771205877452303,-8176.230092332367348718,-12504.473633626590526546
1005427.949765233672223985,4483.241805423179357604,-6925.800192064279144688,-12825.367496815375488950
1005803.176188400131650269,5524.870191410531333531,-4817.147625699703894497,-13179.086403389135739417
1006305.327156510669738054,6774.913263047498730884,-1878.727286829321201367,-13315.288734382256734534
1006912.456262671039439738,8019.630683393274011905,1739.580989709520508768,-12961.486660161393956514
1007598.029051613528281450,9036.521273133468639571,5736.803447651376700378,-11936.506013491414705641
1008332.082702717860229313,9674.872364378579732147,9731.579264245803642552,-10243.127757919262876385
1009082.535549050895497203,9901.915537056678658701,13391.849960440003997064,-8058.100266795596326119
1009816.589200155227445066,9783.577370038516164641,16517.070183314477617387,-5639.908638392083048529
1010502.161989097716286778,9433.927689722951981821,19036.940794867121439893,-3240.165382568887253001
1011109.291095258085988462,8973.542908198249278939,20967.877470323946909048,-1060.684098674511005811
1011611.442063368624076247,8507.624502655829928699,22368.346864687024208251,753.669912520837897318
1011986.668486535083502531,8118.024770079580775928,23307.157941553272394231,2106.672140188828961982
1012218.571169528993777931,7861.943403167544602184,23843.994803567478811601,2939.280630202438260312
1012297.014852310996502638,7772.909319021075134515,24018.361824799143505516,3220.081724000282520137
1012375.458535093115642667,7682.718373729810082295,24189.154359148360526888,3500.403626295472804486
1012607.361218087025918067,7409.666459226384176873,24673.606955259932874469,4326.019098214849691431
1012982.587641253485344350,6949.330483418655603600,25395.103536276510567404,5650.603071344397903886
1013484.738609364023432136,6302.503597081686166348,26247.193746006883884547,7397.511920668424863834
1014091.867715524393133819,5482.300285101072404359,27117.517116989653004566,9464.119484120041306596
1014777.440504466881975532,4517.642465196710872988,27909.282317878820322221,11730.830050375903738313
1015511.494155571213923395,3452.091678240658893628,28555.166036093000002438,14072.969589419722979073
1016261.947001904249191284,2339.264812708994668355,29022.268769896119920304,16372.401687689374739421
1016996.000653008581139147,1236.914563225012670955,29309.704776051919907331,18526.299771572863392066
1017681.573441951069980860,201.402615168938666557,29441.584982527456304524,20451.967684579096385278
1018288.702548111439682543,-716.496827878827957647,29457.979624898347537965,22087.877879659252357669
1018790.853516221977770329,-1474.222925728109430565,29405.721801125411730027,23391.817734560332610272
1019166.079939388437196612,-2038.682327115494445025,29330.181034327866655076,24337.294001785874570487
1019397.982622382347472012,-2386.540468881940796564,29268.601130073526292108,24909.339141266180376988
1019476.426305164350196719,-2504.010028980002971366,29245.268262796806084225,25100.721510521780146519
1019554.869987946352921426,-2621.372987628707505792,29220.690270079165202333,25291.035128129504300887
1019786.772670940263196826,-2967.670631987121396378,29140.863425661627843510,25847.421067331673839362
1020161.999094106722623110,-3525.691303114460424695,28989.633543978874513414,26728.002947659850178752
1020664.150062217260710895,-4267.418401541396633547,28746.416515319891914260,27868.652593824539508205
1021271.279168377630412579,-5155.371089814927472617,28393.461937500949716195,29190.496800638364220504
1021956.851957320119254291,-6144.837512763375343638,27922.565046093866840238,30608.613555707892373903
1022690.905608424451202154,-7186.886552269889762101,27339.539362827021250268,32040.523153602876845980
1023441.358454757486470044,-8231.767467837584263179,26665.672065927028597798,33413.232971920821000822
1024175.412105861818417907,-9232.175792281110261683,25936.260799059742566897,34667.982593944099789951
1024860.984894804307259619,-10145.909318400257689063,25196.910579296734795207,35762.326356932790076826
1025468.114000964676961303,-10937.609135098509796080,24498.506693684412311995,36669.660914969594159629
1025970.264969075215049088,-11579.503774239352424047,23891.757054561785480473,37376.684365636901929975
1026345.491392241674475372,-12051.288405280540246167,23422.030185000192432199,37879.533712140961142723
1026577.394075235584750772,-12339.433489465724051115,23124.997831784679874545,38179.481439974137174431
1026655.837758017587475479,-12436.300690472529822728,23023.387715827728243312,38279.075711007637437433
1026734.281440799590200186,-12532.861944340258560260,22921.211194090235949261,38377.728212361587793566
1026966.184123793500475585,-12816.524364490096559166,22615.879021874825411942,38663.876666011346969754
1027341.410546959959901869,-13269.732678380210927571,22111.737883306657749927,39109.527532816144230310
1027843.561515070497989655,-13864.888815882944982150,21418.261401833668060135,39672.539404794923029840
1028450.690621230867691338,-14566.707869161897178856,20552.510987623223627452,40302.531578834459651262
1029136.263410173356533051,-15335.216505186230278923,19541.175063835420587566,40947.631499712289951276
1029870.317061277688480914,-16129.063141595059278188,18421.432283222606201889,41560.942643492118804716
1030620.769907610723748803,-16908.734650252456049202,17240.244646237162669422,42105.737171082808345091
1031354.823558715055696666,-17639.266191098253329983,16052.099276386979909148,42558.655056932497245725
1032040.396347657544538379,-18292.101659065308922436,14915.552440695919358404,42910.553503560142416973
1032647.525453817914240062,-18845.903799630730645731,13889.118423716621691710,43165.034590102281072177
1033149.676421928452327847,-19286.302023945881956024,13027.080079395283974009,43335.037701132634538226
1033524.902845094911754131,-19604.768900974748248700,12375.707431182405343861,43438.178481012932024896
1033756.805528088822029531,-19796.991980136030178983,11970.207444084522649064,43491.711546764214290306
1033835.249210870824754238,-19861.211638027500157477,11832.552952684787669568,43508.054506019878317602
1033913.692893652827478945,-19925.024003751175769139,11694.655811886676019640,43523.505200581741519272
1034145.595576646737754345,-20111.279251037885842379,11285.600357646449992899,43563.964354202893446200
1034520.821999813197180629,-20405.009532631531328661,10619.489205404042877490,43612.913115668001410086
1035022.972967923735268414,-20783.129123251430428354,9720.336046993659692816,43646.472777114780910779
1035630.102074084104970098,-21217.000797892065747874,8622.396992870844769641,43638.180471562081947923
1036315.674863026593811810,-21675.592125771443534177,7369.945826890183525393,43564.415722289464611094
1037049.728514130925759673,-22128.821599872495426098,6016.137261553293683392,43409.518282918186741881
1037800.181360463961027563,-22550.644032830361538799,4620.817217736846941989,43169.700287825828127097
1038534.235011568292975426,-22921.431180281771958107,3247.404862761199183296,42855.055104838189436123
1039219.807800510781817138,-23229.278354725975077599,1959.205248210632362316,42489.263130390594596975
1039826.936906671151518822,-23470.015203875707811676,815.648423664997608284,42106.952489613810030278
1040329.087874781689606607,-23645.912278249699738808,-131.046889002790237555,41749.051889556729292963
1040704.314297948149032891,-23763.329886282619554549,-838.422356507561062244,41456.828207729871792253
1040936.216980942059308290,-23829.802821032506471965,-1275.412126977510524739,41265.573948338584159501
1041014.660663724062032998,-23851.223202651061001234,-1423.176087586175299293,41199.032979634044750128
1041093.104346506181173027,-23872.102095398902747547,-1570.907736653643041791,41131.556625269848154858
1041325.007029500091448426,-23930.640708536247984739,-2007.423708927476127428,40926.596601313271094114
1041700.233452666550874710,-24015.167088027876161505,-2712.828204207034104911,40577.561396404882543720
1042202.384420777088962495,-24108.229437018169846851,-3654.510625762949075579,40076.618854149244725704
1042809.513526937458664179,-24189.348075236735894578,-4788.209162999195541488,39418.814279681158950552
1043495.086315879947505891,-24238.382939900951896561,-6059.865716656531731132,38606.718457485789258499
1044229.139966984279453754,-24239.067990722203830956,-7408.413367868612112943,37654.711859348637517542
1044979.592813317314721644,-24182.191099790288717486,-8769.444194183821309707,36592.019228183991799597
1045713.646464421646669507,-24067.873721892032335745,-10079.451424016158853192,35463.745153330768516753
1046399.219253364135511220,-23906.450127864522073651,-11280.093187972110172268,34329.416149199212668464
1047006.348359524505212903,-23717.588267552713659825,-12321.770503266921878094,33258.895831002264458220
1047508.499327635043300688,-23527.556293832931260113,-13165.841946123569869087,32325.982281653599784477
1047883.725750801502726972,-23364.915703209517232608,-13785.079435383120653569,31600.464406742521532578
1048115.628433795413002372,-23255.351683450990094570,-14162.486073150967058609,31139.809259986435790779
1048194.072116577415727079,-23216.701899359413800994,-14289.187324350832568598,30981.855540017699240707
1048272.515799359418451786,-23177.241945077614218462,-14415.389933787719201064,30822.820597492063825484
1048504.418482353328727186,-23055.806253732556797331,-14785.488402864524687175,30346.322968574066180736
1048879.644905519904568791,-22843.944020863818877842,-15374.396834878372828825,29555.139943678885174450
1049381.795873630326241255,-22529.890258931434800616,-16141.846454401615119423,28456.916001946217875229
1049988.924979790812358260,-22101.803219170902593760,-17034.904169282512157224,27068.111561663779866649
1050674.497768733184784651,-21551.812256032808363670,-17991.816310791138675995,25418.449204124543030048
1051408.551419837633147836,-20880.387493883939896477,-18947.283374387814546935,23554.917862687056185678
1052159.004266170552000403,-20100.393768433477816870,-19839.023752727767714532,21544.307168327388353646
1052893.057917275000363588,-19240.045344005273364019,-20615.064477452797291335,19473.282680419262760552
1053578.630706217372789979,-18343.877647325618454488,-21240.626387507978506619,17445.238632143657014240
1054185.759812377626076341,-17470.895958328954293393,-21702.879693508872151142,15573.660230055738793453
1054687.910780488280579448,-16689.392801876911107684,-22011.556705476719798753,13972.519179483490006533
1055063.137203654740005732,-16068.648038189279759536,-22193.921270475999335758,12745.141828462665216648
1055295.039886648533865809,-15668.738149547914872528,-22284.283698463659675326,11973.587050873751650215
1055373.483569430653005838,-15530.592132082807438564,-22310.791241287814045791,11710.386542034699232318
1055451.927252212772145867,-15390.977133076383324806,-22335.188431680508074351,11446.078263967421662528
1055683.829935206566005945,-14969.542661216100896127,-22394.615406191893271171,10658.300867019252109458
1056059.056358373025432229,-14259.571334579619360738,-22448.481098280037258519,9363.859983308644586941
1056561.207326483679935336,-13253.380717093887142255,-22431.695713437093218090,7595.171434942201813101
1057168.336432643933221698,-11947.618379943174659275,-22259.317908654789789580,5406.347233712943307182
1057853.909221586305648088,-10350.662743441880593309,-21834.783948972253710963,2880.476505231920782535
1058587.962872690754011273,-8491.839680038621736458,-21063.602194963943475159,136.256891413766993537
1059338.415719023905694485,-6431.312995157155455672,-19874.648696859032497741,-2669.554381238446694624
1060072.469370128354057670,-4267.521639678490828373,-18249.703967937635752605,-5349.857809276765692630
1060758.042159070726484060,-2135.999570641279206029,-16256.053456045452549006,-7712.349546395275865507
1061365.171265230979770422,-192.282027026059324726,-14066.023421909740136471,-9603.595196926300559426
1061867.322233341634273529,1421.049392897093412103,-11940.569854977482464164,-10955.768036813744402025
1062242.548656508093699813,2606.847454730448589544,-10170.401866951004194561,-11802.517978123561988468
1062474.451339501887559891,3322.351532672775647370,-9003.323335319015313871,-12243.433229727597790770
1062552.895022284006699920,3560.337881250493410334,-8596.734946750157178030,-12377.069579783159497310
1062631.338705066125839949,3795.973516941734487773,-8184.472010020660491136,-12502.530487304442431196
1062863.241388059919700027,4477.017045644250174519,-6934.536213251986737305,-12823.829980453923781170
1063238.467811226379126310,5519.678422757963744516,-4826.583147987727897998,-13178.249304930905054789
1063740.618779337033629417,6771.241892906897192006,-1888.865054006588025004,-13315.429876412332305335
1064347.747885497286915779,8017.919708235075631819,1728.991142792075606849,-12962.772218838379558292
1065033.320674439659342170,9037.026676394139940385,5726.193313721239974257,-11938.898486037462134846
1065767.374325544107705355,9677.582965798304940108,9721.383073993412835989,-10246.398820266585971694
1066517.827171877259388566,9906.595120766533000278,13382.357557147732222802,-8061.947309964300075080
1067251.880822981707751751,9789.878058204050830682,16508.397531833976245252,-5644.066460082355661143
1067937.453611924080178142,9441.486990189539938001,19029.073813387480186066,-3244.450855608126403240
1068544.582718084333464503,8982.034410701156957657,20960.724291590559005272,-1064.991495790628050599
1069046.733686194987967610,8516.773454527448848239,22361.773726203624391928,749.389838486442840804
1069421.960109361447393894,8127.605194427552305569,23301.009403797579579987,2102.432219474706926121
1069653.862792355241253972,7871.767067397085156699,23838.104434103657695232,2935.072165759722338407
1069732.306475137360394001,7782.811425551975844428,24012.558018562238430604,3215.884885590448448056
1069810.750157919246703386,7692.697041652570987935,24183.436723550981696462,3496.218870397701721231
1070042.652840913040563464,7419.860793694869244064,24668.141746781340771122,4321.872507753627360216
1070417.879264079499989748,6959.841733367925371567,25390.039358051704766694,5646.524856306223227875
1070920.030232190154492855,6313.382011565286120458,26242.651953685934131499,7393.535055214208114194
1071527.159338350407779217,5493.544653988878962991,27113.585569848895829637,9460.275463768130066455
1072212.732127292780205607,4529.209862798344147450,27906.013078338455670746,11727.144086941401837976
1072946.785778397228568792,3463.912632713997481915,28552.576496596393553773,14069.457262090478252503
1073697.238624730380252004,2351.259284735066103167,29020.345017072275368264,16369.067752757107882644
1074431.292275834828615189,1249.005615988693079998,29308.406018112687888788,18523.138740862552367616
1075116.865064777201041579,213.526283007390190960,29440.848236620477109682,20448.965385594001418212
1075723.994170937454327941,-704.385802565527114893,29457.724229481293150457,22085.013317672939592740
1076226.145139048108831048,-1462.149169930677771845,29405.853551658990909345,23389.064853458097786643
1076601.371562214568257332,-2026.651118319075067120,29330.595864541723130969,24334.623183632753352867
1076833.274245208362117410,-2374.541507093411837559,29269.188337225765280891,24906.718434846960008144
1076911.717927990481257439,-2492.022970654040364025,29245.913340993847668869,25098.117649468327726936
1076990.161610772600397468,-2609.398326806920067611,29221.393000411881075706,25288.448058996204053983
1077222.064293766394257545,-2955.735458701046809438,29141.735324974037212087,25844.883327203315275256
1077597.290716932853683829,-3513.828720786806115939,28990.775217995556886308,26725.544033708272763761
1078099.441685043508186936,-4255.668959199833807361,28747.911780429738428211,27866.297266794779716292
1078706.570791203761473298,-5143.781328981527622091,28395.373704872530652210,29188.263853099095285870
1079392.143580146133899689,-6133.455941435800014006,27924.933147300947894109,30606.515140911098569632
1080126.197231250582262874,-7175.758012216919269122,27342.380204334567679325,32038.564666027035855222
1080876.650077583733946085,-8220.927110082711806172,26668.979807729298045160,33411.413375039672246203
1081610.703728688182309270,-9221.643773856865664129,25940.009659164934419096,34666.295041822471830528
1082296.276517630554735661,-10135.687030215838603908,25201.057842939386318903,35760.758961936706327833
1082903.405623790808022022,-10927.677408611474675126,24502.996028931651380844,36668.197556082639493980
1083405.556591901462525129,-11569.823185067813028581,23896.521792707029817393,37375.305484072043327615
1083780.783015067921951413,-12041.801535770920963841,23426.996312059069168754,37878.217082707647932693
1084012.685698061715811491,-12330.068836569826089544,23130.086552670163655421,38178.202928862257977016
1084091.129380843834951520,-12426.977799136580870254,23028.517582954791578231,38277.810034220849047415
1084169.573063625954091549,-12523.581024199633247918,22926.382044713795039570,38376.475340290024178103
1084401.475746619747951627,-12807.368732912475024932,22621.170081616557581583,38662.661478397516475525
1084776.702169786207377911,-13260.783505163002701011,22117.220445521557849133,39108.372798841752228327
1085278.853137896861881018,-13856.222891196668570046,21423.994462898663186934,39671.464619207865325734
1085885.982244057115167379,-14558.394502428538544336,20558.538108767221274320,40301.552104416085057892
1086571.555032999487593770,-15327.313729369270731695,19547.522676246269838884,40946.758042230409046169
1087305.608684103935956955,-16121.613668758149287896,18428.109459277427959023,41560.181028451232123189
1088056.061530437087640166,-16901.762158715719124302,17247.244185657542402623,42105.088357210763206240
1088790.115181541536003351,-17632.772509219335915986,16059.399819021960865939,42558.115315485920291394
1089475.687970483908429742,-18286.065279276757792104,14923.121226068520627450,42910.114710426343663130
1090082.817076644161716104,-18840.279962774347950472,13896.914277791671338491,43164.684607341121591162
1090584.968044754816219211,-19281.024410676505794981,13035.056228049461424234,43334.760852131286810618
1090960.194467921275645494,-19599.752793375897454098,12383.813821929852565518,43437.956137763292645104
1091192.097150915069505572,-19792.138634243790875189,11978.392397905567122507,43491.522843852129881270
1091270.540833697188645601,-19856.413540080888196826,11840.764145793365969439,43507.877175954447011463
1091348.984516479074954987,-19920.281249222200131044,11702.893074154122587061,43523.339240596171293873
1091580.887199472868815064,-20106.700657164601580007,11293.913690112920448883,43563.831994014726660680
1091956.113622639328241348,-20400.698243985752924345,10627.922445723470445955,43612.835093186360609252
1092458.264590749982744455,-20779.178666212123061996,9728.923554352102655685,43646.467465263551275712
1093065.393696910236030817,-21213.491041413970378926,8631.161409823853318812,43638.263155078551790211
1093750.966485852608457208,-21672.585352005429740530,7378.897141142506370670,43564.598033631860744208
1094485.020136957056820393,-22126.359012256099958904,6025.273222083298605867,43409.807780669427302200
1095235.472983290208503604,-22548.743079715819476405,4630.124984798301738920,43170.100151644139259588
1095969.526634394656866789,-22920.084033643735892838,3256.863607296721511375,42855.563930993346730247
1096655.099423337029293180,-23228.451768033759435639,1968.789280069305732468,42489.874836722701729741
1097262.228529497282579541,-23469.651812514763150830,825.330340146019807435,42107.656367850169772282
1097764.379497607937082648,-23645.933240998798282817,-121.293557518072361745,41749.832862957366160117
1098139.605920774396508932,-23763.638637093714351067,-828.621445055915842204,41457.667351115444034804
1098371.508603768190369010,-23830.289634192846278893,-1265.584331838789466929,41266.449300098400271963
1098449.952286550309509039,-23851.770276466828363482,-1413.339640312376332076,41199.920625641039805487
1098528.395969332428649068,-23872.709442993254924659,-1561.062862073200676605,41132.456589497567620128
1098760.298652326222509146,-23931.426310692477272823,-1997.555245129329250631,40927.533125202120572794
1099135.525075492681935430,-24016.241273479870869778,-2702.925819509704069787,40578.557546698408259545
1099637.676043603336438537,-24109.689968099017278291,-3644.571240343892895908,40077.695768811761809047
1100244.805149763589724898,-24191.275593729966203682,-4778.238266969346113910,39419.990441760863177478
1100930.377938705962151289,-24240.837039115078368923,-6049.877322691409972322,38608.008986325658042915
1101664.431589810410514474,-24242.084229109899752075,-7398.428499160827414016,37656.127805181044095661
1102414.884436143562197685,-24185.779261418436362874,-8759.488000653684139252,36593.566869906455394812
1103148.938087248010560870,-24072.017543119742185809,-10069.549234231284572161,35465.425332190112385433
1103834.510876190382987261,-23911.108551624893152621,-11270.266027949857743806,34331.223716972774127498
1104441.639982350636273623,-23722.698083468025288312,-12312.030816217575193150,33260.819334704276116099
1104943.790950461290776730,-23533.035823354912281502,-13156.190371850199881010,32328.004026446975331055
1105319.017373627750203013,-23370.669058904390112730,-13775.503472484944722964,31602.561015792718535522
1105550.920056621544063091,-23261.273130504388973350,-14152.961175626160184038,31141.952780066334526055
1105629.363739403663203120,-23222.679996474958898034,-14279.680467507241701242,30984.015041455535538262
1105707.807422185782343149,-23183.276583438939269399,-14405.901510744393817731,30824.996138091173634166
1105939.710105179576203227,-23062.007388551886833739,-14776.056806213753588963,30348.546267078327218769
1106314.936528346035629511,-22850.412361554444942158,-15365.064746116393507691,29557.441615011219255393
1106817.087496456690132618,-22536.711577735928585753,-16132.662764795277325902,28459.324735308993695071
1107424.216602616943418980,-22109.043426851323602023,-17025.924545371210115263,27070.653165013809484662
1108109.789391559315845370,-21559.513640363118611276,-17983.101966142723540543,25421.145465730747673661
1108843.843042663764208555,-20888.566547215796163073,-18938.897719926389981993,23557.785213667826610617
1109594.295888996915891767,-20109.040998738422786118,-19831.026770684562507086,21547.355206445678049931
1110328.349540101364254951,-19249.127330748757231049,-20607.504949334695993457,19476.512740458569169277
1111013.922329043736681342,-18353.341332764863182092,-21233.532571848219959065,17448.642734599648974836
1111621.051435203989967704,-17480.674736958728317404,-21696.249729263985500438,15577.220825217860692646
1112123.202403314644470811,-16699.413424112459324533,-22005.350807803381030681,13976.210001405477669323
1112498.428826481103897095,-16078.836842714417798561,-22188.058332229047664441,12748.929808103312097955
1112730.331509474897757173,-15679.025007145311974455,-22278.644653460065455874,11977.434750479174908833
1112808.775192257016897202,-15540.911076336144105881,-22305.230083448550431058,11714.254352415206085425
1112887.218875038903206587,-15401.327598386742465664,-22329.706276153316139244,11449.966128667094380944
1113119.121558032697066665,-14979.982885813238681294,-22389.373489344990957761,10662.247617942077340558
1113494.347981199156492949,-14270.145236242617102107,-22443.650007658950926270,9367.900305391653091647
1113996.498949309810996056,-13264.108668018363459851,-22427.460372270328662125,7599.332006256472595851
1114603.628055470064282417,-11958.488539048219536198,-22255.880271787293168018,5410.641124480030157429
1115289.200844412436708808,-10361.623385514769324800,-21832.361483342479914427,2884.895133550733589800
1116023.254495516885071993,-8502.793427178490674123,-21062.418895330065424787,140.759457926274876627
1116773.707341850036755204,-6442.115045084001394571,-19874.913851926514325896,-2665.051945837280982232
1117507.760992954485118389,-4277.986585538261351758,-18251.574169993855321081,-5345.487729145598677860
1118193.333781896857544780,-2145.924714602063886559,-16259.580397034924317268,-7708.278483676594078133
1118800.462888057110831141,-201.494345130431781854,-14071.107602105361365830,-9599.981016110237760586
1119302.613856167765334249,1412.629204700650461746,-11946.955476400997213204,-10952.696458355496361037
1119677.840279334224760532,2599.153425995791167225,-10177.729092966890675598,-11799.955752870549986255
1119909.742962328018620610,3315.166149667571062309,-9011.203583757494925521,-12241.228781407473434228
1119988.186645110137760639,3553.334901837597499252,-8604.795422010651236633,-12374.993076396285687224
1120066.630327892256900668,3789.158111370179994992,-8192.708717884148427402,-12500.585209665725415107
1120298.533010886050760746,4470.785714899052436522,-6943.267469551818976470,-12822.290197558002546430
1120673.759434052510187030,5514.479482635777458199,-4836.014744956435606582,-13177.409793325074133463
1121175.910402163164690137,6767.562762633741840546,-1899.000186460978966352,-13315.568580808378101210
1121783.039508323417976499,8016.200665827948796505,1718.402295643625620869,-12964.055574572945261025
1122468.612297265790402889,9037.524177232759029721,5715.582505881649012736,-11941.289255007031897549
1123202.665948370238766074,9680.286258635140256956,9711.184807386287502595,-10249.668781290047263610
1123953.118794703390449286,9911.268207014680228895,13372.862061388943402562,-8065.793778592393209692
1124687.172445807838812470,9796.173075368913487182,16499.721106209108256735,-5648.224084723282430787
1125372.745234750211238861,9449.041349347051436780,19021.202612886969291139,-3248.736372060697704001
1125979.874340910464525223,8990.521564376571404864,20953.566606008436792763,-1069.299079516120855260
1126482.025309021119028330,8525.918507314108865103,22355.195897387955483282,745.109496164765459980
1126857.251732187578454614,8137.182032923786209722,23294.856063793729845202,2098.191985968297558429
1127089.154415181372314692,7881.587330154225128354,23832.209202307971281698,2930.863366722923728958
1127167.598097963491454720,7792.710191454463711125,24006.749331091810745420,3211.687706072224955278
1127246.041780745610594749,7702.672429039726921474,24177.714188501424359856,3492.033767282156986766
1127477.944463739404454827,7430.052021011847500631,24662.671588776185672032,4317.725554190746152017
1127853.170886905863881111,6970.350143859580384742,25384.970160280747222714,5642.446258496393056703
1128355.321855016518384218,6324.257922024451545440,26238.105066794942104025,7389.557790008022493566
1128962.450961176771670580,5504.786893436596983520,27109.648861804907937767,9456.431033696298982250
1129648.023750119144096971,4540.775518699623717112,27902.738630054733221186,11723.457712098979754956
1130382.077401223592460155,3475.732225428206675133,28549.981724030505574774,14065.944528819398328778
1131132.530247556744143367,2363.252751632953277294,29018.416030866643268382,16365.733422218758278177
1131866.583898661192506552,1261.095986084455262244,29307.102047306692838902,18519.977327323365898337
1132552.156687603564932942,225.649549109656902601,29440.106313401844090549,20445.962716971491317963
1133159.285793763818219304,-692.274944473651089538,29457.463700107426120667,22082.148398185090627521
1133661.436761874472722411,-1450.075396450984044350,29405.980211797686934005,23386.311624973117432091
1134036.663185040932148695,-2014.619758581845189838,29331.005641156440105988,24331.952025622700602980
1134268.565868034726008773,-2362.542313978422498622,29269.770515245749265887,24904.097393186693807365
1134347.009550816845148802,-2480.035654138626796339,29246.553398624342662515,25095.513454726860800292
1134425.453233598731458187,-2597.423381095061813539,29222.090718887717230245,25285.860657722896576161
1134657.355916592525318265,-2943.799922524256544420,29142.602239004954753909,25842.345259485540736932
1135032.582339758984744549,-3501.965652211365068069,28991.911952274644136196,26723.084799427688267315
1135534.733307869639247656,-4243.918870747722394299,28749.402171450004971121,27863.941628924607357476
1136141.862414029892534018,-5132.190736201797335525,28397.280684290282806614,29186.030605799711338477
1136827.435202972264960408,-6122.073337374841685232,27927.296566115910536610,30604.416438303629547590
1137561.488854076713323593,-7164.628234258915654209,27345.216485513217776315,32036.605902740669989726
1138311.941700409865006804,-8210.085314352372733993,26672.283122917648142902,33409.593514064072223846
1139045.995351514313369989,-9211.110130555905925576,25943.754231520902976627,34664.607236234682204667
1139731.568140456685796380,-10125.462949959655816201,25205.200955218009767123,35759.191322758357273415
1140338.697246616939082742,-10917.743747609760248451,24507.481338637797307456,36666.733960730140097439
1140840.848214727593585849,-11560.140547388156846864,23901.282612753413559403,37373.926372075227845926
1141216.074637894053012133,-12032.312534758240872179,23431.958603205494000576,37876.900227150144928601
1141447.977320887846872211,-12320.702001791038128431,23135.171489222069794778,38176.924194204395462293
1141526.421003669966012239,-12417.652709031934136874,23033.643683328456972959,38276.544134745592600666
1141604.864686452085152268,-12514.297888482769849361,22931.549146230456244666,38375.222246380304568447
1141836.767369445879012346,-12798.210836525655395235,22626.457444802315876586,38661.446071417813072912
1142211.993792612338438630,-13251.831988897709379671,22122.699397397482243832,39107.217849370252224617
1142714.144760722992941737,-13847.554521459574971232,21429.724031225130602252,39670.389623052164097317
1143321.273866883246228099,-14550.078571358906629030,20564.561882599959062645,40300.572425017671776004
1144006.846655825618654490,-15319.408259716605243739,19553.867109603081189562,40945.884385606521391310
1144740.900306930067017674,-16114.161369410188854090,18434.783640903780906228,41559.419219981522473972
1145491.353153263218700886,-16894.786711307431687601,17254.240923877867317060,42104.439355195114330854
1146225.406804367667064071,-17626.275750991961103864,16066.697753563255901099,42557.575390538499050308
1146910.979593310039490461,-18280.025715980533277616,14930.687587133164925035,42909.675737669640511740
1147518.108699470292776823,-18834.652851815186295426,13904.707872922246679082,43164.334448029498162214
1148020.259667580947279930,-19275.743451424434169894,13043.030256283584094490,43334.483828867749252822
1148395.486090747406706214,-19594.733287888193444815,12391.918196758942940505,43437.733621813560603186
1148627.388773741200566292,-19787.281859156682912726,11986.575400803547381656,43491.333969142608111724
1148705.832456523319706321,-19851.612002483674586983,11848.973410033957406995,43507.699674386050901376
1148784.276139305206015706,-19915.535044654927332886,11711.128429642929404508,43523.173109396659128834
1149016.178822298999875784,-20102.118582940900523681,11302.225181304194848053,43563.699463435150391888
1149391.405245465459302068,-20396.383427204033068847,10636.353951376113400329,43612.756901543354615569
1149893.556213576113805175,-20775.224619538028491661,9737.509470875211263774,43646.461985702670062892
1150500.685319736367091537,-21209.977624723662302131,8639.924411537016567308,43638.345672343668411486
1151186.258108678739517927,-21669.574843364807748003,7387.847240547217552376,43564.780179978115484118
1151920.311759783187881112,-22123.892615843611565651,6034.408184653712851286,43410.097114305295690428
1152670.764606116339564323,-22546.838248810025106650,4639.431977948599524098,43170.499851746397325769
1153404.818257220787927508,-22918.732948329175997060,3266.321799175802880200,42856.072593324293848127
1154090.391046163160353899,-23227.621191869729955215,1978.372967655475349602,42490.486378674126171973
1154697.520152323413640261,-23469.284391741679428378,835.012098202999709429,42108.360080836668203119
1155199.671120434068143368,-23645.950144986356463050,-111.540229873580926778,41750.613670115555578377
1155574.897543600527569652,-23763.943309447433421155,-818.820421447097146483,41458.506327351235086098
1155806.800226594321429729,-23830.772357698766427347,-1255.756352653160547561,41267.324484075463260524
1155885.243909376440569758,-23852.313257011541281827,-1403.502984640237173153,41200.808103638708416838
1155963.687592158559709787,-23873.312693787025636993,-1551.217754726454131742,41133.356385482846235391
1156195.590275152353569865,-23932.207806126938521629,-1987.686476429683125389,40928.469480121457308996
1156570.816698318812996149,-24017.311337804414506536,-2693.023012895710962766,40579.553526725030678790
1157072.967666429467499256,-24111.146362035124184331,-3634.631275859544984996,40078.772511232054966968
1157680.096772589720785618,-24193.198960865091066808,-4768.266601076843471674,39421.166428833530517295
1158365.669561532093212008,-24243.286977994233893696,-6039.887942436415869452,38609.299336523275997024
1159099.723212636541575193,-24245.096306302802986465,-7388.442411364837425936,37657.543567850414547138
1159850.176058969693258405,-24189.363270893623848679,-8749.530348980539201875,36595.114323141671775375
1160584.229710074141621590,-24076.157231387544015888,-10059.645351508128442219,35467.105316636720090173
1161269.802499016514047980,-23915.762870238708273973,-11260.436954883060025168,34333.031084132780961227
1161876.931605176767334342,-23727.803827396255655913,-12302.289020559455821058,33262.742631747321865987
1162379.082573287421837449,-23538.511314763672999106,-13146.536526762691210024,32330.025559180437994655
1162754.308996453881263733,-23376.418405824031651719,-13765.925117292452341644,31604.657408507740910864
1162986.211679447675123811,-23267.190588711404416244,-14143.433810607903069467,31144.096081066116312286
1163064.655362229794263840,-23228.654111804633430438,-14270.171117711715851328,30986.174322867402224801
1163143.099045011913403869,-23189.307247238863055827,-14396.410569279723858926,30827.171457709551759763
1163375.001728005707263947,-23068.204571141475753393,-14766.622615782358479919,30350.769341726470884169
1163750.228151172166690230,-22856.876789322399417870,-15355.729941427423909772,29559.743057672629220178
1164252.379119282821193337,-22543.529042659454717068,-16123.476195360377460020,28461.733233252274658298
1164859.508225443074479699,-22116.279862555464205798,-17016.941842726275353925,27073.194524343954981305
1165545.081014385446906090,-21567.211360274999606190,-17974.384317029860540060,25423.841473101234441856
1166279.134665489895269275,-20896.742070915264775977,-18930.508517705980921164,23560.652299044370010961
1167029.587511823046952486,-20117.684860785295313690,-19823.025990009966335492,21550.402967186397290789
1167763.641162927495315671,-19258.206133302450325573,-20599.941374524296406889,19479.742511957017995883
1168449.213951869867742062,-18362.802032732604857301,-21226.434474781162862200,17452.046539101207599742
1169056.343058030121028423,-17490.450730852102424251,-21689.615272694460145431,15580.781115713531107758
1169558.494026140775531530,-16709.431447608607413713,-21999.140240738128341036,13979.900515010293020168
1169933.720449307234957814,-16089.023200688165161409,-22182.190590490372414934,12752.717478330272570020
1170165.623132301028817892,-15689.309518412725083181,-22273.000721243111911463,11981.282140901304956060
1170244.066815083147957921,-15551.227709287551988382,-22299.664009922100376571,11718.121853874248699867
1170322.510497865034267306,-15411.675788011323675164,-22324.219176385049649980,11453.853684807958416059
1170554.413180858828127384,-14990.420943575358251110,-22384.126543362199299736,10666.194062030392160523
1170929.639604025287553668,-14280.717159151083251345,-22438.813748956657946110,9371.940325836983902263
1171431.790572135942056775,-13274.834917442221922101,-22423.219673893545405008,7603.492288860029475472
1172038.919678296195343137,-11969.357376781308630598,-22252.437044270511250943,5414.934754808793513803
1172724.492467238567769527,-10372.583206021636215155,-21829.933158685053058434,2889.313557750314430450
1173458.546118343016132712,-8513.746990171332072350,-21061.229449941147322534,145.261924099348789241
1174208.998964676167815924,-6452.917699801108028623,-19875.172586968761606840,-2660.549434132668920938
1174943.052615780616179109,-4288.453075087565594004,-18253.437743481779762078,-5341.117299744279080187
1175628.625404722988605499,-2155.852454940468305722,-16263.100640639897392248,-7704.206700448342417076
1176235.754510883241891861,-210.710337830466585274,-14076.185218993017770117,-9596.365687354262263398
1176737.905478993896394968,1404.204368461385911360,-11953.334864071974152466,-10949.623329920907053747
1177113.131902160355821252,2591.454002721574852330,-10185.050500907929745154,-11797.391676303179337992
1177345.034585154149681330,3307.974917892719076917,-9019.078352592372539220,-12239.022308863433863735
1177423.478267936268821359,3546.325923306626009435,-8612.850546652389311930,-12372.914494339747761842
1177501.921950718387961388,3782.336558656473243900,-8200.940211402999921120,-12498.637801476013919455
1177733.824633712181821465,4464.547817023763855104,-6951.993955955708770489,-12820.748148727847365080
1178109.051056878641247749,5509.273374176787910983,-4845.442410921820737713,-13176.567868824893594137
1178611.202024989295750856,6763.875874163079970458,-1909.132677958875774493,-13315.704847286933727446
1179218.331131149549037218,8014.473556534852832556,1707.814454506796209898,-12965.336726531772001181
1179903.903920091921463609,9038.013774509867289453,5704.971029715172335273,-11943.678319291191655793
1180637.957571196369826794,9682.982240726190866553,9700.984469001159595791,-10252.937639960429805797
1181388.410417529521510005,9915.934793136832013261,13363.363476782084035221,-8069.639671912258563680
1182122.464068633969873190,9802.462418701110436814,16491.040909313687734539,-5652.381511810233860160
1182808.036857576342299581,9456.590764349037272041,19013.327195703303004848,-3253.021931617165137141
1183415.165963736595585942,8999.004366415801996482,20946.404415538963803556,-1073.606849668083214056
1183917.316931847250089049,8535.059658252865119721,22348.613379942697065417,740.828885662720722394
1184292.543355013709515333,8146.755282842827000422,23288.697923074709251523,2093.951439732674316474
1184524.446038007503375411,7891.404188737211370608,23826.309109616722707869,2926.654233132291210495
1184602.889720789622515440,7802.605614034626341891,24000.935763793127989629,3207.490185479414776637
1184681.333403571741655469,7712.644533206129381142,24171.986755372781772166,3487.848316973617329495
1184913.236086565535515547,7440.240138515720900614,24657.196482530151115498,4313.578237533124593028
1185288.462509731994941831,6980.855712269178184215,25379.895944118150509894,5638.367277898687461857
1185790.613477842649444938,6335.131325882453893428,26233.553086329204234062,7385.580125011038035154
1186397.742584002902731299,5516.027000922462320887,27105.706993680301820859,9452.586193846585956635
1187083.315372945275157690,4552.339430437198643631,27899.458973676632012939,11719.770925777473166818
1187817.369024049723520875,3487.550453978801670019,28547.381718878506944748,14062.431389528479485307
1188567.821870382875204086,2375.245211055935214972,29016.481811609861324541,16362.398695993730143528
1189301.875521487323567271,1273.185671220723634178,29305.792863828864938114,18516.815530874864634825
1189987.448310429695993662,237.772411235517949990,29439.359212949715583818,20442.959678632149007171
1190594.577416589949280024,-680.164255797891087241,29457.198036758523812750,22079.283121117998234695
1191096.728384700603783131,-1438.001607446157322556,29406.101781447880057385,23383.558049030001711799
1191471.954807867063209414,-2002.588250032525365896,29331.410364024355658330,24329.280527681996318279
1191703.857490860857069492,-2350.542891647845863190,29270.347663953401934123,24901.476016212447575526
1191782.301173642976209521,-2468.048081538812766667,29247.188435497366299387,25092.908926225107279606
1191860.744856424862518907,-2585.448152593045506364,29222.783425304816773860,25283.272924239096028032
1192092.647539418656378984,-2931.864025538649912050,29143.464167521178751485,25839.806864108679292258
1192467.873962585115805268,-3490.102099440945039532,28993.043746533483499661,26720.625244750252022641
1192970.024930695770308375,-4232.168138198627275415,28750.887688034177699592,27861.585680148906249087
1193577.154036856023594737,-5120.599313440674450248,28399.182875334034179104,29183.797058677835593699
1194262.726825798396021128,-6110.689702489434239396,27929.655302039482194232,30602.317447826262650779
1194996.780476902844384313,-7153.497220243810261309,27348.048205783161392901,32034.646863688387384173
1195747.233323235996067524,-8199.242082430617301725,26675.582010834150423761,33407.773388942376186606
1196481.286974340444430709,-9200.574864098311081761,25947.494515397083887365,34662.919177132644108497
1197166.859763282816857100,-10115.237079290402107290,25209.339915337575803278,35757.623439352450077422
1197773.988869443070143461,-10907.808153696632871288,24511.962621953091002069,36665.270128869276959449
1198276.139837553724646568,-11550.455862757347858860,23906.039513807256298605,37372.547029605972056743
1198651.366260720184072852,-12022.821403764326532837,23436.917057513986947015,37875.583145429511205293
1198883.268943713977932930,-12311.332986629144215840,23140.252640495797095355,38175.645235962401784491
1198961.712626496097072959,-12408.325421651088618091,23038.766015997491194867,38275.278012544171360787
1199040.156309278216212988,-12505.012538674856841681,22936.712497682423418155,38373.968930595146957785
1199272.058992272010073066,-12789.050676792554440908,22631.741110455626767362,38660.230445035755110439
1199647.285415438469499350,-13242.878131011164441588,22128.174737928067770554,39106.062684366639587097
1200149.436383549124002457,-13838.883708049814231344,21435.450105767631612252,39669.314416294902912341
1200756.565489709377288818,-14541.760077271175759961,20570.582308030712738400,40299.592540608442504890
1201442.138278651749715209,-15311.500097477668532520,19560.208362766028585611,40945.010529812207096256
1202176.191929756198078394,-16106.706244726094155340,18441.454826911231066333,41558.657218057291174773
1202926.644776089349761605,-16887.808309125077357749,17261.234859658336063148,42103.790165012767829467
1203660.698427193798124790,-17619.775917436709278263,16073.993078725085069891,42557.035282069620734546
1204346.271216136170551181,-18273.982970124186977046,14938.251522563505204744,42909.236585271632065997
1204953.400322296423837543,-18829.022467635331850033,13912.499207747709078831,43163.984112150879809633
1205455.551290407078340650,-19270.459147017274517566,13051.002162709408366936,43334.206631327157083433
1205830.777713573537766933,-19589.710385298152687028,12400.020554261627694359,43437.510933150027994998
1206062.680396567331627011,-19782.421655635589559097,11994.756451358662161510,43491.144922622588637751
1206141.124079349450767040,-19846.807025988200621214,11857.180743982558851712,43507.522001301877025981
1206219.567762131569907069,-19910.785390793102124007,11719.361876924920579768,43523.006806970690377057
1206451.470445125363767147,-20097.533029084730515024,11310.534829780704967561,43563.566762452370312531
1206826.696868291823193431,-20392.065082962544693146,10644.783720904095389415,43612.678540728396910708
1207328.847836402477696538,-20771.266983849094685866,9746.093795081300413585,43646.456338423107808921
1207935.976942562730982900,-21206.460548372331686551,8648.685996501688350691,43638.428023350286821369
1208621.549731505103409290,-21666.560600322372920346,7396.796123566995447618,43564.962161323244799860
1209355.603382609551772475,-22121.422411023180757184,6043.542147698217377183,43410.386283823085250333
1210106.056228942703455687,-22544.929540413664653897,4648.738195594101853203,43170.899388132202147972
1210840.109880047151818871,-22917.377924552311014850,3275.779436780404921592,42856.581091832827951293
1211525.682668989524245262,-23226.786626366450946080,1987.956309330871818020,42491.097756248891528230
1212132.811775149777531624,-23468.912941616079478990,844.693696181538371093,42109.063628579315263778
1212634.962743260432034731,-23645.962990211311989697,-101.786907736174612182,41751.394311038813611958
1213010.189166426891461015,-23764.243903297025099164,-809.019287356334302785,41459.345136445946991444
1213242.091849420685321093,-23831.250991475164482836,-1245.928191100468211516,41268.199500279319181573
1213320.535532202804461122,-23852.852144200525799533,-1393.666122251398064691,41201.695413636727607809
1213398.979214984690770507,-23873.911847685834800359,-1541.372416296151641291,41134.256013235833961517
1213630.881897978484630585,-23932.985194716726255137,-1977.817404515462385461,40929.405666082326206379
1214006.108321144944056869,-24018.377280832333781291,-2683.119786058523004613,40580.549336497075273655
1214508.259289255598559976,-24112.598618595024163369,-3624.690734011230233591,40079.849081424028554466
1215115.388395415851846337,-24195.118176334661256988,-4758.294167030259814055,39422.342240915277216118
1215800.961184358224272728,-24245.732756144316226710,-6029.897577605928745470,38610.589508097320504021
1216535.014835462672635913,-24248.104221812991454499,-7378.455106198710382159,37658.959147377994668204
1217285.467681795824319124,-24192.943127630740491441,-8739.571240882869460620,36596.661587913549738005
1218019.521332900272682309,-24080.292786013938894030,-10049.739777562108429265,35468.785106697207083926
1218705.094121842645108700,-23920.413082933162513655,-11250.605970480588439386,34334.838250708766281605
1219312.223228002898395061,-23732.905498482537950622,-12292.545117992814994068,33264.665722163619648200
1219814.374196113552898169,-23543.982767135461472208,-13136.880412552403868176,32332.046879888126568403
1220189.600619280012324452,-23382.163742992641346063,-13756.344371488889009925,31606.753584923346352298
1220421.503302273806184530,-23273.104057063850632403,-14133.903979773667742847,31146.239163022786669899
1220499.946985055925324559,-23234.624244329155771993,-14260.659276639913514373,30988.333384290399408201
1220578.390667838044464588,-23195.333935446975374362,-14386.917111067508812994,30829.346556384400173556
1220810.293350831838324666,-23074.397800438095146092,-14757.185833237594124512,30352.992192556976078777
1221185.519773998297750950,-22863.337303050822811201,-15346.392422467246433371,29562.044271703496633563
1221687.670742108952254057,-22550.342652511975757079,-16114.286747735885001021,28464.141495818123075878
1222294.799848269205540419,-22123.512525003192422446,-17007.956062962311989395,27075.735639699461898999
1222980.372637211577966809,-21574.905414383381867083,-17965.663365035336028086,25426.537226284155622125
1223714.426288316026329994,-20904.914063480631739367,-18922.115769269377778983,23563.519118867719953414
1224464.879134649178013206,-20126.325352947256760672,-19815.021412199072074145,21553.450450602325872751
1225198.932785753626376390,-19267.281749910507642198,-20592.373754462056240300,19482.971994968753278954
1225884.505574695998802781,-18372.259745344857947202,-21219.332097688511566957,17455.450045702378702117
1226491.634680856252089143,-17500.223938003990042489,-21682.976325122861453565,15584.341101594987776480
1226993.785648966906592250,-16719.446870253435918130,-21992.925005548891931539,13983.590720346861417056
1227369.012072133366018534,-16099.207109914144893992,-22176.318046483276702929,12756.504839188492042013
1227600.914755127159878612,-15699.591681099338529748,-22267.351903006652719341,11985.129222181833029026
1227679.358437909279018641,-15561.542028667376143858,-22294.093021892029355513,11721.989046452263210085
1227757.802120691398158669,-15422.021699661412640125,-22318.727133548822166631,11457.740932429103850154
1227989.704803685192018747,-15000.856832156032396597,-22378.874569384632195579,10670.140199318746454082
1228364.931226851651445031,-14291.287100860556165571,-22433.972323258713004179,9375.980044669779090327
1228867.082194962305948138,-13285.559462779525347287,-22418.973619309541390976,7607.652282760443995357
1229474.211301122559234500,-11980.224890366751424153,-22248.988226990975817898,5419.228124675117214792
1230159.784090064931660891,-10383.542201942569590756,-21827.498975725571654039,2893.731777751004301535
1230893.837741169380024076,-8524.700365693186540739,-21060.033859296825539786,149.764289759849134498
1231644.290587502531707287,-6463.720955623040936189,-19875.424902158301847521,-2656.046846444342918403
1232378.344238606980070472,-4298.921104246861432330,-18255.294688091238640482,-5336.746521595872764010
1233063.917027549352496862,-2165.782787215493499389,-16266.614185859809367685,-7700.134197462866723072
1233671.046133709605783224,-219.930000457342657683,-14081.256270685071285698,-9592.749211591944913380
1234173.197101820260286331,1395.774888867618756194,-11959.708015150634309975,-10946.548652505414793268
1234548.423524986719712615,2583.749189441589351190,-10192.366087122478347737,-11794.825749363426439231
1234780.326207980513572693,3300.777841692029596743,-9026.947637653087440412,-12236.813812948579652584
1234858.769890762632712722,3539.310949918959067872,-8620.900316330438727164,-12370.833834426175599219
1234937.213573544519022107,3775.508862969355504902,-8209.166486061107207206,-12496.688263501835535862
1235169.116256538312882185,4458.303355859014118323,-6960.715667458326606720,-12819.203834564999851864
1235544.342679704772308469,5504.060100519141997211,-4854.866140201695998257,-13175.723531685094712884
1236046.493647815426811576,6760.181229435671411920,-1919.262522267484655458,-13315.838675565917583299
1236653.622753975680097938,8012.738380724469607230,1697.227625626107510470,-12966.615673882235569181
1237339.195542918052524328,9038.495467090546299005,5694.358890808319301868,-11946.065677780554324272
1238073.249194022500887513,9685.670909911383205326,9690.782063418373581953,-10256.205395247656269930
1238823.702040355652570724,9920.594876470304370741,13353.861806948374578496,-8073.484989155619587109
1239557.755691460100933909,9808.746085369637512485,16482.356944023464166094,-5656.538740838405828981
1240243.328480402473360300,9464.135232349664875073,19005.447564176251034951,-3257.307533967635663430
1240850.457586562726646662,9007.482814010474612587,20939.237722145695443032,-1077.914806062827437927
1241352.608554673381149769,8544.196904581063790829,22342.026175572227657540,736.548007087524183589
1241727.834977839840576053,8156.324941459444744396,23282.534983175100933295,2089.710580831178049266
1241959.737660833634436131,7901.217640444351673068,23820.404157468048651936,2922.444765028743859148
1242038.181343615753576159,7812.497690598735971435,23995.117318073007481871,3203.292323846068939019
1242116.625026397872716188,7722.613351465736741375,24166.254425541683303891,3483.662519500435791997
1242348.527709391666576266,7450.425143543796366430,24651.716429332551342668,4309.430557791632054432
1242723.754132558126002550,6991.358435971091239480,25374.816710721730487421,5634.287914500776423665
1243225.905100668780505657,6346.002220561423200706,26228.996013286770903505,7381.602060187838105776
1243833.034206829033792019,5527.264973923312027182,27101.759966300243831938,9448.740944164719621767
1244518.606995771406218410,4563.901595546060889319,27896.174109855426650029,11716.083727909664958133
1245252.660646875854581594,3499.367315959722418484,28544.776481625416636234,14058.917844143134061596
1246003.113493209006264806,2387.236660655817104271,29014.542359634011518210,16359.063574004358088132
1246737.167144313454627991,1285.274669104571330536,29304.478467875258502318,18513.653351439112157095
1247422.739933255827054381,249.894867143188832870,29438.606935343224904500,20439.956270499344100244
1248029.869039416080340743,-668.053738734705916613,29456.927239417116652476,22076.417486396949243499
1248532.020007526734843850,-1425.927805074938987673,29406.218260516554437345,23380.804125555994687602
1248907.246430693194270134,-1990.556594801455503330,29331.810032998346287059,24326.608689739496185211
1249139.149113686988130212,-2338.543242214359906939,29270.919783169072616147,24898.854303854106547078
1249217.592796469107270241,-2456.060254961279497365,29247.818451422419457231,25090.304063893308921251
1249296.036479250993579626,-2573.472643401195000479,29223.471119461977650644,25280.684858474822249264
1249527.939162244787439704,-2919.927769826724215818,29144.321110290104115847,25837.268141003842174541
1249903.165585411246865988,-3478.238064528962695476,28994.170600489993375959,26718.165369608861510642
1250405.316553521901369095,-4220.416763566559893661,28752.368329836368502583,27859.229420403029507725
1251012.445659682154655457,-5109.007062663727992913,28401.080277584107534494,29181.563211671807948733
1251698.018448624527081847,-6099.305038689320099365,27932.009354572750453372,30600.218169420699268812
1252432.072099728975445032,-7142.364972020202003478,27350.875364564992196392,32032.687548815414629644
1253182.524946062127128243,-8188.397416102020542894,26678.876470821309339954,33405.952999623346840963
1253916.578597166575491428,-9190.037976204548613168,25951.230510063389374409,34661.230864468445361126
1254602.151386108947917819,-10105.009419867359611089,25213.474722503331577173,35756.055311674121185206
1255209.280492269201204181,-10897.870628476131969364,24516.439878027878876310,36663.806060457769490313
1255711.431460379855707288,-11540.769132733001242741,23910.792494975084991893,37371.167456624054466374
1256086.657883546315133572,-12013.328144311664800625,23441.871674059228098486,37874.265837507009564433
1256318.560566540108993649,-12301.961792584750583046,23145.330005546704342123,38174.366054098485619761
1256397.004249322228133678,-12398.995938487207240541,23043.884580010799254524,38274.011667579106870107
1256475.447932104347273707,-12495.724976261612027884,22941.872098112136882264,38372.715392897414858453
1256707.350615098141133785,-12779.888255176787424716,22637.021077600093121873,38659.014599215108319186
1257082.577038264600560069,-13233.921932930918046623,22133.646466106976731680,39104.907303796157066245
1257584.728006375255063176,-13830.210452346114834654,21441.172685480854852358,39668.238998903201718349
1258191.857112535508349538,-14533.439021484236945980,20576.599383968663460109,40298.612451157772738952
1258877.429901477880775928,-15303.589243902744783554,19566.546434594947641017,40944.136474819322756957
1259611.483552582329139113,-16099.248295881508965977,18448.123016109115269501,41557.895022652941406704
1260361.936398915480822325,-16880.826953266783675645,17268.225991759099997580,42103.140786640717124101
1261095.990050019929185510,-17613.273009574710158631,16081.285793221759377047,42556.494990058774419595
1261781.562838962301611900,-18267.937042655936238589,14945.813031033057995955,42908.797253214012016542
1262388.691945122554898262,-18823.388811117671139073,13920.288280907061562175,43163.633599688953836448
1262890.842913233209401369,-19265.171498283336404711,13058.971945938516000751,43333.929259494776488282
1263266.069336399668827653,-19584.684086392993776826,12408.120893029656144790,43437.288071759161539376
1263497.972019393462687731,-19777.558024442201713100,12002.935548150690010516,43490.955704279273049906
1263576.415702175581827760,-19841.998611347476980882,11865.386146214948894340,43507.344156689374358393
1263654.859384957700967789,-19906.032288380691170460,11727.593414572706024046,43522.840333305852254853
1263886.762067951494827867,-20092.943996314377727685,11318.842634103453747230,43563.433891054693958722
1264261.988491117954254150,-20387.743211937806336209,10653.211752850100310752,43612.600010730973735917
1264764.139459228608757257,-20767.305759765557013452,9754.676525489416235359,43646.450523415944189765
1265371.268565388862043619,-21202.939812911583430832,8657.446163209697260754,43638.510208091363892891
1266056.841354331234470010,-21663.542623351473594084,7405.743788664748535666,43565.143977662351971958
1266790.895005435682833195,-22118.948398183470999356,6052.675109650899685221,43410.675289220169361215
1267541.347851768834516406,-22543.016954827930021565,4658.043636141762362968,43171.298760801226308104
1268275.401502873282879591,-22916.018962527865369339,3285.236518493266885343,42857.089426520957204048
1268960.974291815655305982,-23225.948071657116088318,1997.539303457743699255,42491.708969451130542438
1269568.103397975908592343,-23468.537462198306457140,854.375132427500147969,42109.767011084237310570
1270070.254366086563095450,-23645.971776673297426896,-92.033592772257179604,41752.174785734896431677
1270445.480789253022521734,-23764.540418596498057013,-799.218044458423491960,41460.183778408601938281
1270677.383472246816381812,-23831.725535447731090244,-1236.099848860358406455,41269.074348719768750016
1270755.827155028935521841,-23853.386937949857383501,-1383.829054827085883517,41202.582555645160027780
1270834.270837810821831226,-23874.506904596299136756,-1531.526848465947523437,41135.155472766426100861
1271066.173520804615691304,-23933.758476339971821290,-1967.948031074729897227,40930.341683095401094761
1271441.399943971075117588,-24019.439102395448571770,-2673.216140692766202847,40581.544976026445510797
1271943.550912081729620695,-24114.046737548178498400,-3614.749616501237596822,40080.925479401310440153
1272550.680018241982907057,-24197.033239832126128022,-4748.320966539383334748,39423.517878021841170266
1273236.252807184355333447,-24248.174373172121704556,-6019.906229915787662321,38611.879501066010561772
1273970.306458288803696632,-24251.107975153401639545,-7368.466585381793265697,37660.374543784681009129
1274720.759304621955379844,-24196.518831045563274529,-8729.610678080256548128,36598.208664245801628567
1275454.812955726403743029,-24084.424206318301003193,-10039.832514109568364802,35470.464702398123336025
1276140.385744668776169419,-23925.059188936273130821,-11240.773076452478562715,34336.645216730059473775
1276747.514850829029455781,-23738.003095872823905665,-12282.799110219264548505,33266.588605985001777299
1277249.665818939683958888,-23549.450179547380685108,-13127.222030911867477698,32334.067988603979756590
1277624.892242106143385172,-23387.905069435226323549,-13746.761236758711675066,31608.849545075070636813
1277856.794925099937245250,-23279.013534554251236841,-14124.371684802328672959,31148.382025972881820053
1277935.238607882056385279,-23240.590393030022823950,-14251.144945968721003737,30990.492225761412555585
1278013.682290664175525308,-23201.356647033710032701,-14377.421137782594087184,30831.521434152946312679
1278245.584973657969385386,-23080.587075379346060799,-14747.746460247959475964,30355.214819608056131983
1278620.811396824428811669,-22869.793901623594138073,-15337.052190893065926502,29564.345257143668277422
1279122.962364935083314776,-22557.152406104371038964,-16105.094423561869916739,28466.549523048597620800
1279730.091471095336601138,-22130.741412915107503068,-16998.967207695339311613,27078.276511125030083349
1280415.664260037709027529,-21582.595801303894404555,-17956.939111743387911702,25429.232725327085063327
1281149.717911142157390714,-20913.082523410834255628,-18913.719476160797057673,23566.385673188222426688
1281900.170757475309073925,-20134.962473598341603065,-19807.013038748125836719,21556.497656746152642881
1282634.224408579757437110,-19276.354178817942738533,-20584.802090589630097384,19486.201189547835383564
1283319.797197522129863501,-18381.714468718502757838,-21212.225441953178233234,17458.853254457135335542
1283926.926303682383149862,-17509.994356410108593991,-21676.332887873009894975,15587.900782914386581979
1284429.077271793037652969,-16729.459689935873029754,-21986.705103504904400324,13987.280617464017268503
1284804.303694959497079253,-16109.388568196847700165,-22170.440701432355126599,12760.291890722863172414
1285036.206377953290939331,-15709.871492955204303144,-22261.698199945905798813,11988.975994362423080020
1285114.650060735410079360,-15571.854032206834745011,-22288.517120543281635037,11725.855930189654827700
1285193.093743517529219389,-15432.365331050006716396,-22313.230148818980524084,11461.627871571165087516
1285424.996426511323079467,-15011.290549210605604458,-22373.617568554658646462,10674.086029843270807760
1285800.222849677782505751,-14301.855058928411381203,-22429.125731652056856547,9380.019461916846921667
1286302.373817788437008858,-13296.282301446241035592,-22414.722209522682533134,7611.811987967035747715
1286909.502923948690295219,-11991.091077030860105879,-22245.533820837019447936,5423.521234056730463635
1287595.075712891062721610,-10394.500370259773262660,-21825.058935191795171704,2898.149793475100523210
1288329.129363995511084795,-8535.653550422348416760,-21058.832123899384896504,154.266554736728380703
1289079.582210328662768006,-6474.524808866746752756,-19875.670797670962201664,-2651.544183089812122489
1289813.635861433111131191,-4309.390668939000534010,-18257.145003516310680425,-5332.375395221140934154
1290499.208650375483557582,-2175.715706988298734359,-16270.121031699425657280,-7696.060975470292760292
1291106.337756535736843944,-229.153328343811494960,-14086.320755300337623339,-9589.131589754981177975
1291608.488724646391347051,1387.340770606988371583,-11966.074926804514689138,-10943.472427103135487414
1291983.715147812850773335,2576.038990689867659967,-10199.675847966627770802,-11792.257972992543727742
1292215.617830806644633412,3293.574925410221112543,-9034.811434776900568977,-12234.603294515720335767
1292294.061513588763773441,3532.289985937122764881,-8628.944726707670270116,-12368.751097468055377249
1292372.505196370650082827,3768.675028481042772910,-8217.387537346457975218,-12494.736596510792878689
1292604.407879364443942904,4452.052335249541101803,-6969.432599058110099577,-12817.657255672302198946
1292979.634302530903369188,5498.839664806009750464,-4864.285927116742641374,-13174.876782161947630811
1293481.785270641557872295,6756.478830398032187077,-1929.389713155228037067,-13315.970065364765105187
1294088.914376801811158657,8010.995138771072561212,1686.641815246891837887,-12967.892415792714018608
1294774.487165744183585048,9038.969253844285049126,5683.746094749848452921,-11948.451329365965648321
1295508.540816848631948233,9688.352264033535902854,9680.577595220949660870,-10259.472046121407402097
1296258.993663181783631444,9925.248454354214118212,13344.357055511529324576,-8077.329729553880497406
1296993.047314286231994629,9815.024072544641967397,16473.669213216366188135,-5660.695771302807770553
1297678.620103228604421020,9471.674750503925679368,18997.563720647525769891,-3261.593178802191687282
1298285.749209388857707381,9015.956904352906349231,20932.066527793962450232,-1082.222948516769065463
1298787.900177499512210488,8553.330243536671332549,22335.434285982602887088,732.266860546200177851
1299163.126600665971636772,8165.891006048999770428,23276.367245631110563409,2085.469409326902223256
1299395.029283659765496850,7911.027682574524078518,23814.494347301679226803,2918.234962452923355158
1299473.472966441884636879,7822.386418453627811687,23989.293995339863613481,3199.094121205950614240
1299551.916649224003776908,7732.578881133328650321,24160.517200385831529275,3479.476374889836279181
1299783.819332217797636986,7460.607033434201184718,24646.231430473751970567,4305.282514975988306105
1300159.045755384257063270,7001.858312340501470317,25369.732461250394408125,5630.208168289162131259
1300661.196723494911566377,6356.870603484286220919,26224.433848666834819596,7377.623595501815543685
1301268.325829655164852738,5538.500809916759862972,27097.807780491093581077,9444.895284595248085679
1301953.898618597537279129,4575.462011561960025574,27892.884039243628649274,11712.396118427168403286
1302687.952269701985642314,3511.182808965646927390,28542.166012757530552335,14055.403892587630252820
1303438.405116035137325525,2399.227098085121724580,29012.597675272510969080,16355.728056171856223955
1304172.458767139585688710,1297.362977443767476871,29303.158859643339383183,18510.490788937095203437
1304858.031556081958115101,262.016914591555234892,29437.849480662971473066,20436.952492495365731884
1305465.160662242211401463,-655.943395479906598666,29456.651308067273930646,22073.551493946200935170
1305967.311630352865904570,-1413.853991495440368453,29406.329648912287666462,23378.049854477343615144
1306342.538053519325330853,-1978.524795018364329735,29332.204647932903753826,24323.936511723069997970
1306574.440736513119190931,-2326.543367790037791565,29271.486872714740457013,24896.232256040610081982
1306652.884419295238330960,-2444.072176512105670554,29248.443446210636466276,25087.698867660772521049
1306731.328102077357470989,-2561.496855619933285197,29224.153801159493013984,25278.096460360327910166
1306963.230785071151331067,-2907.991157471079532115,29145.173067080646433169,25834.729090102362533798
1307338.457208237610757351,-3466.373549528951116372,28995.292513863601925550,26715.705173936657956801
1307840.608176348265260458,-4208.664748865669935185,28753.844096512162650470,27856.872849622555804672
1308447.737282508518546820,-5097.413985836691608711,28402.972890622288105078,29179.329064720208407380
1309133.310071450890973210,-6087.919347884441776841,27934.358723218221712159,30598.118603028880897909
1309867.363722555339336395,-7131.231491436910800985,27353.697961280708113918,32030.727958067243889673
1310617.816568888491019607,-8177.551317151405783079,26682.166502223066345323,33404.132346055994275957
1311351.870219992939382792,-9179.499468595347934752,25954.962214791212318232,34659.542298194435716141
1312037.443008935311809182,-10094.779973350077852956,25217.605375922030361835,35754.486939678754424676
1312644.572115095565095544,-10887.931173552575273789,24520.913106014035292901,36662.341755453599034809
1313146.723083206219598651,-11531.080358873017758015,23915.541555364958185237,37369.787653089515515603
1313521.949506372679024935,-12003.832757923048120574,23446.822451917421858525,37872.948303344252053648
1313753.852189366472885013,-12292.588421158761775587,23150.403583431689185090,38173.086648575132130645
1313832.295872148592025042,-12389.664261033767616027,23048.999374418806837639,38272.745099813218985219
1313910.739554930478334427,-12486.435202728769581881,22947.027946563906880328,38371.461633249920851085
1314142.642237924272194505,-12770.723573141956876498,22642.297345261180453235,38657.798533919602050446
1314517.868661090731620789,-13224.963396084513078677,22139.114580929799558362,39103.751707624003756791
1315020.019629201386123896,-13821.534755727225274313,21446.891769321478932397,39667.163370844238670543
1315627.148735361639410257,-14525.115405317032127641,20582.613109325040568365,40297.632156635154387914
1316312.721524304011836648,-15295.675700242214588798,19572.881323951765807578,40943.262220599885040428
1317046.775175408460199833,-16091.787524052202570601,18454.788207308884011582,41557.132633743152837269
1317797.228021741611883044,-16873.842644830827339320,17275.214318942402314860,42102.491220056268502958
1318531.281672846060246229,-17606.767028427297191229,16088.575895769718044903,42555.954514485732943285
1319216.854461788432672620,-18261.887934524256706936,14953.372111217493511504,42908.357741478874231689
1319823.983567948685958982,-18817.751883145367173711,13928.075091041462655994,43163.282910627793171443
1320326.134536059340462089,-19259.880506051220436348,13066.939604584664266440,43333.651713356332038529
1320701.360959225799888372,-19579.654391960233624559,12416.219211656969491742,43437.065037627908168361
1320933.263642219593748450,-19772.690966338526777690,12011.112689761604997329,43490.766314100372255780
1321011.707325001712888479,-19837.186759314867231296,11873.589615309101645835,43507.166140536552120466
1321090.151007783832028508,-19901.275738162599736825,11735.823041159886997775,43522.673688390466850251
1321322.053690777625888586,-20088.351485349066933850,11327.148592834451847011,43563.300849231163738295
1321697.280113944085314870,-20383.417814807289687451,10661.638045757821601001,43612.521311541328032035
1322199.431082054739817977,-20763.340947908593079774,9763.257660619630769361,43646.444540672971925233
1322806.560188214993104339,-21199.415418893942842260,8666.204910153919627191,43638.592226560620474629
1323492.132977157365530729,-21660.520912926378514385,7414.690234304439400148,43565.325628991311532445
1324226.186628261813893914,-22116.470577714102546452,6061.807068946907747886,43410.964130494758137502
1324976.639474594965577126,-22541.100492354955349583,4667.348297999601527408,43171.697969754124642350
1325710.693125699413940310,-22914.656062471527548041,3294.693042698200315499,42857.597597391679300927
1326396.265914641786366701,-23225.105527875872212462,2007.121948399417760811,42492.320018286118283868
1327003.395020802039653063,-23468.157953549660305725,864.056405287830557427,42110.470228358659369405
1327505.545988912694156170,-23645.976504372898489237,-82.280286647151257284,41752.955094212724361569
1327880.772412079153582454,-23764.832855300810479093,-789.416694427079733032,41461.022253249364439398
1328112.675095072947442532,-23832.195989543080941075,-1226.271327611396145585,41269.949029407784109935
1328191.118777855066582561,-23853.917638176557375118,-1373.991784047447026751,41203.469529675254307222
1328269.562460637185722589,-23875.097864425806619693,-1521.681052917540682756,41136.054764086176874116
1328501.465143630979582667,-23934.527650875596009428,-1958.078357793592658709,40931.277531173029274214
1328876.691566797439008951,-24020.496802326437318698,-2663.312078491117063095,40582.540445326798362657
1329378.842534908093512058,-24115.490718664957967121,-3604.807925029914258630,40082.001705179303826299
1329985.971641068346798420,-24198.944151051924563944,-4738.347001312070460699,39424.693340170808369294
1330671.544430010719224811,-24250.611828685476211831,-6009.913901079920833581,38613.169315449398709461
1331405.598081115167587996,-24254.107565838079608511,-7358.476850631546767545,37661.789757093298248947
1332156.050927448319271207,-24200.090380555015144637,-8719.648662290435822797,36599.755552164198888931
1332890.104578552767634392,-24088.551491621255991049,-10029.923562865042185877,35472.144103768223430961
1333575.677367495140060782,-23929.701187477396160830,-11230.938274506974266842,34338.451982228274573572
1334182.806473655393347144,-23743.096618714422220364,-12273.050998938688280759,33268.511283245708909817
1334684.957441766047850251,-23554.913551077948795864,-13117.561383531956380466,32336.088885364468296757
1335060.183864932507276535,-23393.642384178314387100,-13737.175714784740193863,31610.945289001079800073
1335292.086547926301136613,-23284.919020176716003334,-14114.836927371157798916,31150.524669955611898331
1335370.530230708420276642,-23246.552556890317646321,-14241.628127373434836045,30992.650847320004686480
1335448.973913490306586027,-23207.375380971236154437,-14367.922651097866037162,30833.696091055575379869
1335680.876596484100446105,-23086.772394904546672478,-14738.304498480014444795,30357.437222921169450274
1336056.103019650559872389,-22876.246583926382299978,-15327.709248360211859108,29566.646014036334236152
1336558.253987761214375496,-22563.958302249349799240,-16095.899224476586823585,28468.957314989216683898
1337165.383093921467661858,-22137.966525013758655405,-16989.975278539699502289,27080.817138668957340997
1337850.955882863840088248,-21590.282519654243515106,-17948.211558736678853165,25431.927970281358284410
1338585.009533968288451433,-20921.247449207065074006,-18905.319639923050999641,23569.251962060247024056
1339335.462380301440134645,-20143.596221115010848735,-19799.000871152216859628,21559.544585674779227702
1340069.516031405888497829,-19285.423418272381240968,-20577.226384347755811177,19489.430095752733905101
1340755.088820348260924220,-18391.166200973195373081,-21205.114508957452926552,17462.256165424085338600
1341362.217926508514210582,-17519.761984069173195167,-21669.684962268362141913,15591.460159728700091364
1341864.368894619168713689,-16739.469904547957412433,-21980.480535875241912436,13990.970206415564462077
1342239.595317785628139973,-16119.567573343985714018,-22164.558556562264129752,12764.078632983340867213
1342471.498000779422000051,-15720.148951733690410038,-22256.039613256267330144,11992.822457489844964584
1342549.941683561541140079,-15582.163717640492905048,-22282.936307061012485065,11729.722505131952857482
1342628.385366343660280108,-15442.706679892227839446,-22307.728223370344494469,11465.514502277559586219
1342860.288049337454140186,-15021.722092396563311922,-22368.355542015237006126,10678.031553642904327717
1343235.514472503913566470,-14312.421030914221773855,-22424.273975224357855041,9384.058577607835104573
1343737.665440614568069577,-13307.003430860626394860,-22410.465445538255153224,7615.971404492020155885
1344344.794546774821355939,-12001.955934002364301705,-22242.073826698215270881,5427.814082934341968212
1345030.367335717193782330,-10405.457707958028549911,-21822.613037813131086295,2902.567604847979055194
1345764.420986821642145514,-8546.606541039842340979,-21057.624244253300275886,158.768718862097784950
1346514.873833154793828726,-6485.329255852007008798,-19875.910273685523861786,-2647.041444383382895467
1347248.927484259242191911,-4319.861765089671280293,-18258.988689454938139534,-5328.003921137667020957
1347934.500273201614618301,-2185.651209822629425616,-16273.621177168530266499,-7691.987035217743141402
1348541.629379361867904663,-238.380316824592512148,-14091.378670963787953951,-9585.512822772474464728
1349043.780347472522407770,1378.902018366085712842,-11972.435596208140850649,-10940.394654706224173424
1349419.006770638981834054,2568.323411000355463329,-10206.979779803834389895,-11789.688348130475787912
1349650.909453632775694132,3286.366173392603741377,-9042.669739808494341560,-12232.390754416806885274
1349729.353136414894834161,3525.263035624475378427,-8636.983773454363472410,-12366.666284277182057849
1349807.796819196781143546,3761.835059362734227761,-8225.603360758092094329,-12492.782801268887851620
1350039.699502190575003624,4445.794759039865311934,-6978.144745764445360692,-12816.108412651663456927
1350414.925925357034429908,5493.612070181567105465,-4873.701765998024711735,-13174.027620511818895466
1350917.076893467688933015,6752.768678998919313017,-1939.514244399473227531,-13316.099016404068606789
1351524.205999627942219377,8009.243831051726374426,1676.057029607615277200,-12969.166951433422582340
1352209.778788570314645767,9039.435133642986329505,5673.132647123498827568,-11950.835272940426875721
1352943.832439674763008952,9691.026300937190171680,9670.371068987982653198,-10262.737591553848687909
1353694.285286007914692163,9929.895524128914985340,13334.849226091915625148,-8081.173892341378632409
1354428.338937112363055348,9821.296377397371543339,16464.977719767386588501,-5664.852602701771502325
1355113.911726054735481739,9479.209315967924339930,18989.675667456256633159,-3265.878865814484925068
1355721.040832214988768101,9024.426634636582093663,20924.890834446821827441,-1086.531276850004815060
1356223.191800325643271208,8562.459672358887473820,22328.837712877859303262,727.985446142060482089
1356598.418223492102697492,8175.453473888120242918,23270.194711977113911416,2081.227925279231840250
1356830.320906485896557570,7920.834312427899931208,23808.579680555609229486,2914.024825441772009071
1356908.764589268015697598,7832.271794907437652000,23983.465797000397287775,3194.895577589128606633
1356987.208272050134837627,7742.541119524988971534,24154.775081281273742206,3475.289883165351056959
1357219.110955043928697705,7470.785805526381409436,24640.741487242605217034,4301.134109092246944783
1357594.337378210388123989,7012.355338753934120177,25364.643196861692558741,5626.128039246722437383
1358096.488346321042627096,6367.736472075343044708,26219.866593467420898378,7373.644730912804334366
1358703.617452481295913458,5549.734506381814753695,27093.850437078228424070,9441.049215079250643612
1359389.190241423668339849,4587.020676022047155129,27889.588762492996465880,11708.708097258248017170
1360123.243892528116703033,3522.996930592646549485,28539.550312760595261352,14051.889534783029375831
1360873.696738861268386245,2411.216520997743828048,29010.647758858405723004,16352.392142414379122783
1361607.750389965716749430,1309.450593947418383323,29301.834039330351515673,18507.327843286853749305
1362293.323178908089175820,274.138551340807794077,29437.086848989434656687,20433.948344539690879174
1362900.452285068342462182,-643.833228228036432483,29456.370242693024920300,22070.685143687278468860
1363402.603253178996965289,-1401.780168864539064089,29406.435946543671889231,23375.295235717636387562
1363777.829676345456391573,-1966.492852811769125765,29332.594208682552562095,24321.263993557993671857
1364009.732359339250251651,-2314.543270485757602728,29272.048932412457361352,24893.609872698321851203
1364088.176042121369391680,-2432.083848296182623017,29249.063419673246244201,25085.093337454232823802
1364166.619724903488531709,-2549.520791347454633069,29224.831470197987073334,25275.507729821591055952
1364398.522407897282391787,-2896.054190552109503187,29146.020037662055983674,25832.189711331375292502
1364773.748831063741818070,-3454.508556492269235605,28996.409486374137486564,26713.244657662678946508
1365275.899799174396321177,-4196.912096107978868531,28755.314987717647454701,27854.515967739131156122
1365883.028905334649607539,-5085.820084923218928452,28404.860714030979579547,29177.094617757804371649
1366568.601694277022033930,-6076.532631982717248320,27936.703407479173620231,30596.018748589096503565
1367302.655345381470397115,-7120.096780340799341502,27356.515995353172911564,32028.768091385867592180
1368053.108191714622080326,-8166.703787361715512816,26685.452104384279664373,33402.311428186032571830
1368787.161842819070443511,-9168.959342989646756905,25958.689628852884197840,34657.853478259872645140
1369472.734631761442869902,-10084.548741396383775282,25221.731874801407684572,35752.918323318743205164
1370079.863737921696156263,-10877.989790528625235311,24525.382305064427782781,36660.877213811887486372
1370582.014706032350659370,-11521.389542733691996546,23920.286694085956696654,37368.407618959732644726
1370957.241129198810085654,-11994.335246119697330869,23451.769390165831282502,37871.630542900216823909
1371189.143812192603945732,-12283.212873850543473964,23155.473373208718840033,38171.807019352359930053
1371267.587494974723085761,-12380.330390782704853336,23054.110398273009195691,38271.478309206839185208
1371346.031177756609395146,-12477.143219561397927464,22952.180042082185536856,38370.207651613949565217
1371577.933860750403255224,-12761.556632151057783631,22647.569912464499793714,38656.582249111466808245
1371953.160283916862681508,-13216.002521898917621002,22144.579081392217631219,39102.595895813909010030
1372455.311252027517184615,-13812.856619571353803622,21452.607356246207928052,39666.087532083671248984
1373062.440358187770470977,-14516.789230088006661390,20588.623483011007920140,40296.651657008551410399
1373748.013147130142897367,-15287.759467745983783971,19579.213029698312311666,40942.387767124411766417
1374482.066798234591260552,-16084.323930413525886252,18461.450399321856821189,41556.370051301091734786
1375232.519644567742943764,-16866.855384915092145093,17282.199839970322500449,42101.841465235222131014
1375966.573295672191306949,-17600.257975015429110499,16095.863385085167465149,42555.413855328864883631
1376652.146084614563733339,-18255.835646677256590920,14960.928761792192744906,42907.918050046908319928
1377259.275190774817019701,-18812.111684601244633086,13935.859636791741650086,43162.932044950102863368
1377761.426158885471522808,-19254.586171149225265253,13074.905137261215713806,43333.373992896158597432
1378136.652582051930949092,-19574.621302787116292166,12424.315508737085110624,43436.841830741788726300
1378368.555265045724809170,-19767.820482086299307412,12019.287874772931900225,43490.576752072149247397
1378446.998947827843949199,-19832.371470643443899462,11881.791149842540107784,43506.987952829855203163
1378525.442630609963089228,-19896.515740883220132673,11744.050755260004734737,43522.506872211233712733
1378757.345313603756949306,-20083.755496907506312709,11335.452704535598968505,43563.167636969286832027
1379132.571736770216375589,-20379.088892247953481274,10670.062598170805358677,43612.442443148138409015
1379634.722704880870878696,-20759.372548898922104854,9771.837198991812329041,43646.438390184513991699
1380241.851811041124165058,-21195.887366871531412471,8674.962235826948017348,43638.674078750307671726
1380927.424599983496591449,-21657.495469520959886722,7423.635458949665917316,43565.507115304513718002
1381661.478251087944954634,-22113.988950004299113061,6070.938024020944794756,43411.252807643519190606
1382411.931097421096637845,-22539.180153296500066062,4676.652179575108675635,43172.097014989885792602
1383145.984748525545001030,-22913.289224598629516549,3304.149007778400118696,42858.105604446340294089
1383831.557537467917427421,-23224.258995156546006911,2016.704242518530463713,42492.930902757347212173
1384438.686643628170713782,-23467.774415731153567322,873.737513108718303556,42111.173280408082064241
1384940.837611738825216889,-23645.977173310431680875,-72.526991026990202727,41753.735236479435116053
1385316.064034905284643173,-23765.121213364640425425,-779.615238936869786812,41461.860560976616397966
1385547.966717899078503251,-23832.662353687595896190,-1216.442629033021603391,41270.823542352474760264
1385626.410400681197643280,-23854.444244797410647152,-1364.154311593512375111,41204.356335736381879542
1385704.854083463316783309,-23875.684727081417804584,-1511.835031332643666246,41136.953887205097998958
1385936.756766457110643387,-23935.292718202188552823,-1948.208386358199277311,40932.213210325979162008
1386311.983189623570069671,-24021.550380457614664920,-2653.407601146332581266,40583.535744410190091003
1386814.134157734224572778,-24116.930561715398653178,-3594.865661297738824942,40083.077758771825756412
1387421.263263894477859139,-24200.850909688164392719,-4728.372273056376798195,39425.868627378171368036
1388106.836052836850285530,-24253.045122291918232804,-5999.920592812529321236,38614.458951266031363048
1388840.889703941298648715,-24257.102993380794941913,-7348.485903665786281636,37663.204787325157667510
1389591.342550274450331926,-24203.657775575771665899,-8709.685195231568286545,36601.302251692955906037
1390325.396201378898695111,-24092.674641243145742919,-10020.012925543565870612,35473.823310834646690637
1391010.968990321271121502,-23934.339077785596600734,-11221.101566352919689962,34340.258547233373974450
1391618.098096481524407864,-23748.186066154361469671,-12263.300785851630280376,33270.433753978264576290
1392120.249064592178910971,-23560.372880805396562209,-13107.898472104237953317,32338.109570204265764914
1392495.475487758638337255,-23399.375686248084093677,-13727.587807250522018876,31613.040816737669956638
1392727.378170752432197332,-23290.820512924965441925,-14105.299709158163750544,31152.667095008298929315
1392805.821853534551337361,-23252.510734892726759426,-14232.108822530079123680,30994.809249003843433456
1392884.265536316437646747,-23213.390136230929783778,-14358.421652688070025761,30835.870527129369293107
1393116.168219310231506824,-23092.953757952225714689,-14728.859949602199776564,30359.659402534420223674
1393491.394642476690933108,-22882.695348844012187328,-15318.363596525896355161,29568.946542421253980137
1393993.545610587345436215,-22570.760339758729969617,-16086.701152120183905936,28471.364871681929798797
1394600.674716747598722577,-22145.187860020705556963,-16980.980277111608302221,27083.357522375841654139
1395286.247505689971148968,-21597.965568051022273721,-17939.480707599763263715,25434.622961194476374658
1396020.301156794419512153,-20929.408839369236375205,-18896.916262100814492442,23572.117985534106992418
1396770.754003127571195364,-20152.226593872255762108,-19790.984910908198799007,21562.591237440876284381
1397504.807654232019558549,-19294.489466519797133515,-20569.646637178841046989,19492.658713637498294702
1398190.380443174391984940,-18400.614940226791077293,-21197.999300085157301510,17465.658778657158109127
1398797.509549334645271301,-17529.526818977901712060,-21663.032549633790040389,15595.019232090062359930
1399299.660517445299774408,-16749.477511979614064330,-21974.251303930304857204,13994.659487250321035390
1399674.886940611759200692,-16129.744123161059178528,-22158.671613098864327185,12767.865066014786862070
1399906.789623605553060770,-15730.424055185849283589,-22250.376144134257629048,11996.668611605722617242
1399985.233306387672200799,-15592.471082700572878821,-22277.350582631490397034,11733.588771319533407222
1400063.676989169791340828,-15453.045743901240712148,-22302.221358378741570050,11469.400824587322858861
1400295.579672163585200906,-15032.151459369386429898,-22363.088490910246036947,10681.976770752160518896
1400670.806095330044627190,-14322.985014375455648405,-22419.417055064081068849,9388.097391767903900472
1401172.957063440699130297,-13317.722848438686924055,-22406.203328362204047153,7620.130532343040613341
1401780.086169600952416658,-12012.819458507545277826,-22238.608245464554784121,5432.106671283991090604
1402465.658958543324843049,-10416.414212019439219148,-21820.161284319096012041,2906.985211790273751831
1403199.712609647773206234,-8557.559334223766200012,-21056.410220862821006449,163.270781963339459253
1403950.165455980924889445,-6496.134292895405451418,-19876.143330380120460177,-2642.538630643938631692
1404684.219107085373252630,-4330.334388621005928144,-18260.825745604088297114,-5323.632099867328179243
1405369.791896027745679021,-2195.589291278190103185,-16277.114621275688477908,-7687.912377456256763253
1405976.921002187998965383,-247.610961229680356155,-14096.430015799003740540,-9581.892911577084305463
1406479.071970298653468490,1370.458636837064659630,-11978.790020534406721708,-10937.315336310126440367
1406854.298393465112894773,2560.602454913340352505,-10214.277878995568244136,-11787.116875720257667126
1407086.201076458906754851,3279.151589991357468534,-9050.522548590210135444,-12230.176193506758863805
1407164.644759241025894880,3518.230103251423770416,-8645.017452238307669177,-12364.579395668268261943
1407243.088442023145034909,3754.988959794251513813,-8233.813951789943530457,-12490.826878545705767465
1407474.991125016938894987,4439.530631083577645768,-6986.852102580956852762,-12814.557306108252305421
1407850.217548183398321271,5488.377319799608812900,-4883.113651169522199780,-13173.176046993634372484
1408352.368516294052824378,6749.050777196798662771,-1949.636109768499409256,-13316.225528405628210749
1408959.497622454306110740,8007.484457952150478377,1665.473274957886133052,-12970.439279973665179568
1409645.070411396678537130,9039.893105364948496572,5662.518553525155766692,-11953.217507393723280984
1410379.124062501126900315,9693.693018470725291991,9660.162489310281671351,-10266.002030512227065628
1411129.576908834278583527,9934.536083136556044337,13325.338322320398219745,-8085.017476746605098015
1411863.630559938726946712,9827.562997099505082588,16456.282466560660395771,-5669.009234527425178385
1412549.203348881099373102,9486.738925897348963190,18981.783406949511118000,-3270.164594691882030020
1413156.332455041352659464,9032.892002054028125713,20917.710644074337324128,-1090.839790876389997720
1413658.483423152007162571,8571.585188285615004133,22322.236457968341710512,723.703763984576426083
1414033.709846318466588855,8185.012342251927293546,23264.017383753285685088,2076.986128753635057365
1414265.612529312260448933,7930.637527303030765324,23802.660158673352270853,2909.814354038266174030
1414344.056212094379588962,7842.153817266649639350,23977.632724466740910430,3190.696693031690756470
1414422.499894876265898347,7752.500063955390032788,24149.028069608888472430,3471.103044355682868627
1414654.402577870059758425,7480.961457158289704239,24635.246600932528963313,4296.985340151572927425
1415029.629001036519184709,7022.849512586306445883,25359.548918717413471313,5622.047527361353786546
1415531.779969147173687816,6378.599823757151170867,26215.294248690381209599,7369.665466385537001770
1416138.909075307426974177,5560.966060795606608735,27089.887936890449054772,9437.202735562554153148
1416824.481864249799400568,4598.577586461471582879,27886.288280258238955867,11705.019664335733978078
1417558.535515354247763753,3534.809678434691704751,28536.929382122885726858,14048.374770654765598010
1418308.988361687399446964,2423.204927045396743779,29008.692610726910061203,16349.055832654259575065
1419043.042012791847810149,1321.537516322391411450,29300.504007135357824154,18504.164514410422270885
1419728.614801734220236540,286.259775148849939796,29436.319040404632687569,20430.943826555638224818
1420335.743907894473522902,-631.723239175953040103,29456.084043279715842800,22067.818435545414104126
1420837.894876005128026009,-1389.706339341443253943,29406.537153320452489424,23372.540269204055221053
1421213.121299171587452292,-1954.460770312529348303,29332.978715102904970990,24318.591135173057409702
1421445.023982165381312370,-2302.542952414743922418,29272.605962085293867858,24890.987153757065243553
1421523.467664947500452399,-2420.095272420749097364,29249.678371622449049028,25082.487473203866102267
1421601.911347729619592428,-2537.544452685349369858,29225.504126378804357955,25272.918666789715643972
1421833.814030723413452506,-2884.116871153602005506,29146.862021804245159728,25829.650004623050335795
1422209.040453889872878790,-3442.643087473667947052,28997.521517741966817994,26710.783820720858784625
1422711.191422000527381897,-4185.158807308890573040,28756.781003109288576525,27852.158774689083656995
1423318.320528160780668259,-5074.225361890341446269,28406.743747392760269577,29174.859870723896165146
1424003.893317103153094649,-6065.144892895425982715,27939.043406858785601798,30593.918606043971522013
1424737.946968207601457834,-7108.960840582072705729,27359.329466204937489238,32026.807948717407271033
1425488.399814540753141046,-8155.854828519191869418,26688.733276649341860320,33400.490245963032066356
1426222.453465645201504230,-9158.417601109633324086,25962.412751520139863715,34656.164404617593390867
1426908.026254587573930621,-10074.315725667322112713,25225.854218348442373099,35751.349462549944291823
1427515.155360747827216983,-10868.046481010123898159,24529.847474331076227827,36659.412435491052747238
1428017.306328858481720090,-11511.696685874472677824,23925.027910246208193712,37367.027354195139196236
1428392.532752024941146374,-11984.835610425960112480,23456.712487880686239805,37870.312556136836064979
1428624.435435018735006452,-12273.835152162570011569,23160.539373934680043021,38170.527166392981598619
1428702.879117800854146481,-12370.994329229064533138,23059.217650623824738432,38270.211295723092916887
1428781.322800582740455866,-12467.849028246817397303,22957.328383711253991351,38368.953447952597343829
1429013.225483576534315944,-12752.387433669304300565,22652.838778235469362698,38655.365744754730258137
1429388.451906742993742228,-13207.039311803295277059,22150.039966489686776185,39101.439868331355683040
1429890.602874853648245335,-13804.176045258889644174,21458.319445211491256487,39665.011482588910439517
1430497.731981013901531696,-14508.460497117757768137,20594.630503937492903788,40295.670952247652166989
1431183.304769956273958087,-15279.840547666093698354,19585.541550696092599537,40941.513114365072397050
1431917.358421060722321272,-16076.857516142925305758,18468.109590958956687246,41555.607275301488698460
1432667.811267393874004483,-16859.865174619550089119,17289.182553604503482347,42101.191522154884296469
1433401.864918498322367668,-17593.745850362134660827,16103.148259883826540317,42554.873012567913974635
1434087.437707440694794059,-18249.780180065125023248,14968.482981432003725786,42907.478178900077182334
1434694.566813600948080420,-18806.468216370180016384,13943.641916798158490565,43162.581002639817597810
1435196.717781711602583528,-19249.288494407683174359,13082.868542580961729982,43333.096098099806113169
1435571.944204878062009811,-19569.584819662894005887,12432.409782862916472368,43436.618451087560970336
1435803.846887871855869889,-19762.946572449240193237,12027.461101765604325919,43490.387018182125757448
1435882.290570653975009918,-19827.552746088294952642,11889.990748392181558302,43506.809593557103653438
1435960.734253436094149947,-19891.752297288978297729,11752.276555445989288273,43522.339884756191167980
1436192.636936429888010025,-20079.156031710434035631,11343.754967768196365796,43563.034254257756401785
1436567.863359596347436309,-20374.756444938753702445,10678.485408631990139838,43612.363405541298561729
1437070.014327707001939416,-20755.400563359205989400,9780.415139125218047411,43646.432071941992035136
1437677.143433867255225778,-21192.355657398376933997,8683.718138720763818128,43638.755764653702499345
1438362.716222809627652168,-21654.466293610999855446,7432.579461063416601974,43565.688436597381951287
1439096.769873914076015353,-22111.503515445165248821,6080.067973307094689517,43411.541320664167869836
1439847.222720247227698565,-22537.255937956204434158,4685.955279275151951879,43172.495896508553414606
1440581.276371351676061749,-22911.918449126325867837,3313.604412116441835678,42858.613447687224834226
1441266.849160294048488140,-23223.408473634739493718,2026.286184177092309255,42493.541622869313869160
1441873.978266454301774502,-23467.386848805515910499,883.418454235726358093,42111.876167238893685862
1442376.129234564956277609,-23645.973783487930631964,-62.773707578533816331,41754.515212543024972547
1442751.355657731415703893,-23765.405492744375806069,-769.813679662985350660,41462.698701599583728239
1442983.258340725209563971,-23833.124627809324010741,-1206.613754805301596207,41271.697887563874246553
1443061.702023507328704000,-23854.966757730857352726,-1354.316639146937632177,41205.242973838838224765
1443140.145706289447844028,-23876.267492472015874228,-1501.988785394910792093,41137.852842133550439030
1443372.048389283241704106,-23936.053678200143622234,-1938.338118456636493647,40933.148720565426629037
1443747.274812449701130390,-24022.599836623081500875,-2643.502710353103793750,40584.530873289069859311
1444249.425780560355633497,-24118.366266471271956107,-3584.922827007124396914,40084.153640193042519968
1444856.554886720608919859,-24202.753515436641464476,-4718.396783482286082290,39427.043739660170103889
1445542.127675662981346250,-24255.474253600590600399,-5989.926306829728673620,38615.748408534542249981
1446276.181326767429709435,-24260.094257296845171368,-7338.493746204225317342,37664.619634501563268714
1447026.634173100581392646,-24207.221015525952680036,-8699.720278623693957343,36602.848762856236135121
1447760.687824205029755831,-24096.793654505727317883,-10010.100603862036223290,35475.502323624437849503
1448446.260613147402182221,-23938.972859091285499744,-11211.262953700987054617,34342.064911775181826670
1449053.389719307655468583,-23753.271437340968986973,-12253.548472660433617420,33272.356018215032236185
1449555.540687418309971690,-23565.828167809195292648,-13098.233298322051268769,32340.130043157882028027
1449930.767110584769397974,-23405.104974671958188992,-13717.997515841370841372,31615.136128320980787976
1450162.669793578563258052,-23296.718011793964251410,-14095.760031843121396378,31154.809301168093952583
1450241.113476360682398081,-23258.464926021199062234,-14222.587033116464226623,30996.967430850410892162
1450319.557159142568707466,-23219.400911785814969335,-14348.918144228615346947,30838.044742412614141358
1450551.459842136362567544,-23099.131163462563563371,-14719.412815283601958072,30361.881358487113175215
1450926.686265302821993828,-22889.140195262967608869,-15309.015237047982736840,29571.246842339402064681
1451428.837233413476496935,-22577.558517445959296310,-16077.500208133476917283,28473.772193169959791703
1452035.966339573729783297,-22152.405416659144975711,-16971.982205027976306155,27085.897662291594315320
1452721.539128516102209687,-21605.644945112482673721,-17930.746559917886770563,25437.317698115264647640
1453455.592779620550572872,-20937.566692398955638055,-18888.509344239490019390,23574.983743661501648603
1454206.045625953702256083,-20160.853590246842941269,-19782.965159513718390372,21565.637612098566023633
1454940.099277058150619268,-19303.552321807987027569,-20562.062850526152033126,19495.887043257705954602
1455625.672066000523045659,-18410.060684598975058179,-21190.879816721040697303,17469.061094211945601273
1456232.801172160776332021,-17539.288859134892845759,-21656.375651295158604626,15598.578000052306379075
1456734.952140271430835128,-16759.482510122663370566,-21968.017408941577741643,13998.348460018871264765
1457110.178563437890261412,-16139.918215455476456555,-22152.779872269195038825,12771.651189863887339015
1457342.081246431684121490,-15740.696801064701503492,-22244.707793777641199995,12000.514456753526246757
1457420.524929213803261518,-15602.776125121268705698,-22271.759948442238965072,11737.454728794618858956
1457498.968611995922401547,-15463.382520792189097847,-22296.709555021276173647,11473.286838541347606224
1457730.871294989716261625,-15042.578647786549481680,-22357.816416384925105376,10685.921681207426445326
1458106.097718156175687909,-14333.547006871609482914,-22414.554972261164948577,9392.135904424130785628
1458608.248686266830191016,-13328.440551598527235910,-22401.935859002081997460,7624.289371529723212007
1459215.377792427083477378,-12023.681647774885277613,-22235.137078027873940300,5436.398999083801754750
1459900.950581369455903769,-10427.369879428431886481,-21817.703675441392988432,2911.402614224823537370
1460635.004232473904266953,-8568.511926654662602232,-21055.190054234812123468,167.772743870169733782
1461385.457078807055950165,-6506.939916316066046420,-19876.369967936170723988,-2638.035742187925279723
1462119.510729911504313350,-4340.808535457691505144,-18262.656171664912108099,-5319.259931929512276838
1462805.083518853876739740,-2205.529946917002234841,-16280.601363034729729407,-7683.837002934486008598
1463412.212625014130026102,-256.845256890794132687,-14101.474787935943822959,-9578.271857099432963878
1463914.363593124784529209,1362.010630711249632441,-11985.138196963438531384,-10934.234472908834504778
1464289.590016291243955493,2552.876126969216329599,-10221.570141910926395212,-11784.543556704093134613
1464521.492699285037815571,3271.931179559434440307,-9058.369856972098205006,-12227.959612640097475378
1464599.936382067156955600,3511.191193089383432380,-8653.045758734997434658,-12362.490432455770132947
1464678.380064849276095629,3748.136733954570445349,-8242.019305947316752281,-12488.868829109636862995
1464910.282747843069955707,4433.259955234212611686,-6995.554664522566781670,-12813.003936646708098124
1465285.509171009529381990,5483.135416815092867182,-4892.521576965981694229,-13172.322061866805597674
1465787.660139120183885098,6745.325126952553546289,-1959.755303039985847136,-13316.349601092804732616
1466394.789245280437171459,8005.717019861041990225,1654.890557539937617548,-12971.709400585074035916
1467080.362034222809597850,9040.343167891118355328,5651.903819545130318147,-11955.598031618406821508
1467814.415685327257961035,9696.352414484506880399,9649.951860774199303705,-10269.265361967014541733
1468564.868531660409644246,9939.170128720899811015,13315.824347824007418239,-8088.860482001869968371
1469298.922182764858007431,9833.823928824265749427,16447.583456476957508130,-5673.165666276213414676
1469984.494971707230433822,9494.263577449522927054,18973.886941471468162490,-3274.450365126395354309
1470591.624077867483720183,9041.353003799533325946,20910.525958644073398318,-1095.148490414599564247
1471093.775045978138223290,8580.706788556626634090,22315.630522962208488025,719.421814178326258116
1471469.001469144597649574,8194.567608417502924567,23257.835262497901567258,2072.744019810661484371
1471700.904152138391509652,7940.437324500472641375,23796.735783096686645877,2905.603548280458198860
1471779.347834920510649681,7852.032482839762451476,23971.794779149346140912,3186.497467564796806982
1471857.791517702396959066,7762.455711740426522738,24143.276166749412368517,3466.915858487102923391
1472089.694200696190819144,7491.133985669105641136,24629.746772836886520963,4292.836208162701950641
1472464.920623862650245428,7033.340831213766250585,25354.449627979345677886,5617.966632618527000886
1472967.071591973304748535,6389.460655953504101490,26210.716815337658772478,7365.685801882342275348
1473574.200698133558034897,5572.195470636516802188,27085.920280756738065975,9433.355845988613509689
1474259.773487075930461287,4610.132740416637716407,27882.982593194414221216,11701.330819590157261700
1474993.827138180378824472,3546.621050086994728190,28534.303221333168039564,14044.859600126043005730
1475744.279984513530507684,2435.192313881015252264,29006.732231213831255445,16345.719126811685782741
1476478.333635617978870869,1333.623742276750590463,29299.168763258156104712,18501.000802227805252187
1477163.906424560351297259,298.380583774759827520,29435.546054991438722936,20427.938938464554667007
1477771.035530720604583621,-619.613430519366602311,29455.792709813624242088,22064.951369443955627503
1478273.186498831259086728,-1377.632505084239483040,29406.633269153360743076,23369.784954861959704431
1478648.412921997718513012,-1942.428549650402828775,29333.358167050544579979,24315.917936495268804720
1478880.315604991512373090,-2290.542415689134941204,29273.157961557306407485,24888.364099144913780037
1478958.759287773631513119,-2408.106450991960173269,29250.288301871463772841,25079.881274838120589266
1479037.202970555750653148,-2525.567841733780369395,29226.171769504402618622,25270.329271193513704930
1479269.105653549544513226,-2872.179201357932015526,29147.699019278250489151,25827.109969907327467808
1479644.332076716003939509,-3430.777144526511165168,28998.628607688599004177,26708.322663042959902668
1480146.483044826658442616,-4173.404884482456509431,28758.242142344708554447,27849.801270406660478329
1480753.612150986911728978,-5062.629818703780074429,28408.621990291412657825,29172.624823555743205361
1481439.184939929284155369,-6053.756132532583251304,27941.378720861564943334,30591.818175334159604972
1482173.238591033732518554,-7097.823674009720889444,27362.138373259949730709,32024.847530006096349098
1482923.691437366884201765,-8145.004442408929207886,26692.010018364046118222,33398.668799334831419401
1483657.745088471332564950,-9147.874244676404487109,25966.131582066111150198,34654.475077218827209435
1484343.317877413704991341,-10064.080927822900775936,25229.972405771542980801,35749.780357326650118921
1484950.446983573958277702,-10858.101246601907405420,24534.308612967419321649,36657.947420448013872374
1485452.597951684612780809,-11502.001789853826267063,23929.765202955288259545,37365.646858754771528766
1485827.824374851072207093,-11975.333852365230995929,23461.651744139679067302,37868.994343014681362547
1486059.727057844866067171,-12264.455257596377123264,23165.601584667940187501,38169.247089658543700352
1486138.170740626985207200,-12361.656077866960913525,23064.321130523137981072,38268.944059323817782570
1486216.614423409104347229,-12458.552630271980888210,22962.472970496241032379,38367.699022228334797546
1486448.517106402898207307,-12743.215979161559516797,22658.103941600336838746,38654.149020812743401621
1486823.743529569357633591,-13198.073767226487689186,22155.497235218503192300,39100.283625141149968840
1487325.894497680012136698,-13795.493034169909151387,21464.028035174611432012,39663.935222326705115847
1487933.023603840265423059,-14500.129207726600725437,20600.634171016179607250,40294.690042321424698457
1488618.596392782637849450,-15271.918941254334640689,19591.866885807383368956,40940.638262293337902520
1489352.650043887086212635,-16069.388282417627124232,18474.765781031859660288,41554.844305718441319186
1490103.102890220237895846,-16852.872015043969440740,17296.162458607283042511,42100.541390791928279214
1490837.156541324686259031,-17587.230655490257049678,16110.430518882101750933,42554.331986181990941986
1491522.729330267058685422,-18243.721535637836495880,14976.034768812443871866,42907.038128019761643372
1492129.858436427311971784,-18800.821479336875199806,13951.421929701622502762,43162.229783680260879919
1492632.009404537966474891,-19243.987476656733633718,13090.829819157303063548,43332.818028952206077520
1493007.235827704425901175,-19564.544943376644368982,12440.502032627977314405,43436.394898651356925257
1493239.138510698219761252,-19758.069238190939358901,12035.632369321116129868,43490.197112417110474780
1493317.582193480338901281,-19822.730586404341011075,11898.188409535512619186,43506.631062705331714824
1493396.025876262225210667,-19886.985408125947287772,11760.500440291743871057,43522.172726012606290169
1493627.928559256019070745,-20074.553090478279045783,11352.055381094509357354,43562.900701084618049208
1494003.154982422478497028,-20370.420473558402591152,10686.906475685262194020,43612.284198710025520995
1494505.305950533133000135,-20751.424991911906545283,9788.991479540009095217,43646.425585936209245119
1495112.435056693386286497,-21188.820291028328938410,8692.472617328219712363,43638.837284263514447957
1495798.007845635758712888,-21651.433385672124131816,7441.522239109507609101,43565.869592864764854312
1496532.061496740207076073,-22109.014274427700001979,6089.196915240228918265,43411.829669553844723850
1497282.514343073358759284,-22535.327846637610491598,4695.257595507336191076,43172.894614309640019201
1498016.567994177807122469,-22910.543736271749367006,3323.059254095580399735,42859.121127116181014571
1498702.140783120179548860,-23222.553963446061970899,2035.867771737751127148,42494.152178626012755558
1499309.269889280432835221,-23466.995252835531573510,893.099227015009546449,42112.578888857082347386
1499811.420857391087338328,-23645.966334907458076486,-53.020437967987959382,41755.295022411133686546
1500186.647280557546764612,-23765.685693396466376726,-760.012018280094480360,41463.536675127135822549
1500418.549963551340624690,-23833.582811836393375415,-1196.784706607795214950,41272.572065051594108809
1500496.993646333459764719,-23855.485176895432232413,-1344.478768388877597317,41206.129443992504093330
1500575.437329115578904748,-23876.846160506538581103,-1492.142316787063464290,41138.751628881647775415
1500807.340012109372764826,-23936.810530749939061934,-1928.467555776078143026,40934.084061902227404062
1501182.566435275832191110,-24023.645170657073322218,-2633.597407805244074552,40585.525831975530309137
1501684.717403386486694217,-24119.797832704491156619,-3574.979423859645521588,40085.229349456749332603
1502291.846509546739980578,-24204.651967993318976369,-4708.420534298987149668,39428.218677032738924026
1502977.419298489112406969,-24257.899222220832598396,-5979.931044846900476841,38617.037687273332267068
1503711.472949593560770154,-24263.081357101771573070,-7328.500379965898900991,37666.034298643629881553
1504461.925795926712453365,-24210.780099823965429096,-8689.753914186248948681,36604.395085677970200777
1505195.979447031160816550,-24100.908530731048813323,-10000.186599536807989352,35477.181142164401535410
1505881.552235973533242941,-23943.602530625194049207,-11201.422438261368370149,34343.871075883267621975
1506488.681342133786529303,-23758.352731422906799708,-12243.794061067019356415,33274.278075988077034708
1506990.832310244441032410,-23571.279411169187369524,-13088.565863878371601459,32342.150304259510448901
1507366.058733410900458694,-23410.830248477712302702,-13708.404842242271115538,31617.231223786817281507
1507597.961416404694318771,-23302.611515779033652507,-14086.217897105490919785,31156.951288471806037705
1507676.405099186813458800,-23264.415129259999957867,-14213.062760810071267770,30999.125392896883568028
1507754.848781968932598829,-23225.407706608973967377,-14339.412127395327843260,30840.218736942373652710
1507986.751464962726458907,-23105.304610375758784357,-14709.963097193767680437,30364.103090817323391093
1508361.977888129185885191,-22895.581122069725097390,-15299.664171584823634475,29573.546913830490666442
1508864.128856239840388298,-22584.352834124496439472,-16068.296394157792747137,28476.179279495238006348
1509471.257962400093674660,-22159.619193652237299830,-16962.981063906248891726,27088.437558460769650992
1510156.830751342466101050,-21613.320649456793034915,-17922.009117276909819338,25440.012181091147795087
1510890.884402446914464235,-20945.721006797703012126,-18880.098887885131262010,23577.849236492671479937
1511641.337248780066147447,-20169.477208615317067597,-19774.941618467102671275,21568.683709700413601240
1512375.390899884514510632,-19312.611982384452858241,-20554.475025833664403763,19499.115084667286282638
1513060.963688826886937022,-18419.503432209108723328,-21183.756060250594600802,17472.463112142275349470
1513668.092794987140223384,-17549.048102538359671598,-21649.714268579104100354,15602.136463667471616645
1514170.243763097794726491,-16769.484896868500072742,-21961.778852181279944489,14002.037124769944057334
1514545.470186264254152775,-16150.089848034185706638,-22146.883335301001352491,12775.437004575418541208
1514777.372869258048012853,-15750.967187122747418471,-22239.034563384859211510,12004.359992974812485045
1514855.816552040167152882,-15613.078842636243280140,-22266.164405681443895446,11741.320377597512560897
1514934.260234822053462267,-15473.717008280105801532,-22291.192814475656632567,11477.172544179378746776
1515166.162917815847322345,-15053.003655305403299280,-22352.539319585106568411,10689.866285043957759626
1515541.389340982306748629,-14344.107005962054245174,-22409.687727906162763247,9396.174115602441816009
1516043.540309092961251736,-13339.156537758091872092,-22397.663038466096622869,7628.447922060529890587
1516650.669415253214538097,-12034.542499032666455605,-22231.660325280696270056,5440.691066310715541476
1517336.242204195586964488,-10438.324707169171233545,-21815.240211912456288701,2915.819812073290449916
1518070.295855300035327673,-8579.464315012759470847,-21053.963744876975397347,172.274604411166137652
1518820.748701633187010884,-6517.746122432710762951,-19876.590186536079272628,-2633.532779332827885810
1519554.802352737635374069,-4351.284201523815681867,-18264.479967339782888303,-5314.887417844505762332
1520240.375141680007800460,-2215.473172300108217314,-16284.081401461115092388,-7679.760912401859059173
1520847.504247840261086822,-266.083199138016709639,-14106.512985506646145950,-9574.649660270913955173
1521349.655215950915589929,1353.558004682479122494,-11991.480122677705367096,-10931.152065497233706992
1521724.881639117375016212,2545.144431711754350545,-10228.856564921345125185,-11781.968392025275534252
1521956.784322111168876290,3264.704946453764478065,-9066.211660806391591905,-12225.741012672566284891
1522035.228004893288016319,3504.146309413957624201,-8661.068688622015542933,-12360.399395455433477764
1522113.671687675407156348,3741.278386029155626602,-8250.219418733799102483,-12486.908653731497906847
1522345.574370669201016426,4426.982735352320560196,-7004.252426601935439976,-12811.448304873983943253
1522720.800793835660442710,5477.886364390695234761,-4901.925537718720079283,-13171.465665392739538220
1523222.951761946314945817,6741.591730235130853544,-1969.871817986279893375,-13316.471234190130417119
1523830.080868106568232179,8003.941517174459477246,1644.308883603401000073,-12972.977312438939407002
1524515.653657048940658569,9040.785320107954248670,5641.288450782327345223,-11957.976844504928521928
1525249.707308153389021754,9699.004486832276597852,9639.739187974571905215,-10272.527584885276155546
1526000.160154486540704966,9943.797658227378633455,13306.307306237407829030,-8092.702907335406052880
1526734.213805590989068151,9840.079169745444232831,16438.880692403698049020,-5677.321897440277098212
1527419.786594533361494541,9501.783267781667746021,18965.986273372051073238,-3278.736176805707145832
1528026.915700693614780903,9049.809637066884533851,20903.336780128673126455,-1099.457375279022471659
1528529.066668804269284010,8589.824470410936555709,22309.019909572227334138,715.139596832107827140
1528904.293091970728710294,8204.119269661012367578,23251.648349753475486068,2068.501598515025762026
1529136.195774964522570372,7950.233701319786632666,23790.806555271428806009,2901.392408210527719348
1529214.639457746641710401,7861.907788934257951041,23965.951962462640949525,3182.297901223724238662
1529293.083140528528019786,7772.408060195756661415,24137.519374086026800796,3462.728325587493145576
1529524.985823522321879864,7501.303388397742310190,24624.242004251365870005,4288.686713135945865361
1529900.212246688781306148,7043.829292012150290248,25349.345325811475049704,5613.885355005249948590
1530402.363214799435809255,6400.318966087835178769,26206.134294413255702239,7361.705737367024994455
1531009.492320959689095616,5583.422733382501064625,27081.947469508006179240,9429.508546302309696330
1531695.065109902061522007,4621.686135423472478578,27879.671701958326593740,11697.641562953382162959
1532429.118761006509885192,3558.431043144246359589,28531.671830881801724900,14041.344023121337158955
1533179.571607339661568403,2447.178679156981615961,29004.766620656420855084,16342.382024808035566821
1533913.625258444109931588,1345.709269517976736097,29297.828307899824721972,18497.836706660113122780
1534599.198047386482357979,310.500974977006535482,29434.767892833875521319,20424.933680188845755765
1535206.327153546735644341,-607.503804454614396491,29455.496242282104503829,22062.083945307229441823
1535708.478121657390147448,-1365.558668251653216430,29406.724293954135646345,23367.029292617640749086
1536083.704544823849573731,-1930.396192955792912471,29333.732564383059070678,24313.244397452559496742
1536315.607227817643433809,-2278.541662421715955134,29273.704930653533665463,24885.740708790846838383
1536394.050910599762573838,-2396.117386116619854874,29250.893210234473372111,25077.274742286339460406
1536472.494593381881713867,-2513.590960593556701497,29226.834399378152738791,25267.739542962703126250
1536704.397276375675573945,-2860.241183248128436389,29148.531029856007080525,25824.569607114983227802
1537079.623699542135000229,-3418.910729704821278574,28999.730755936441710219,26705.861184561563277384
1537581.774667652789503336,-4161.650329643392069556,28759.698405082406679867,27847.443454826909146504
1538188.903773813042789698,-5051.033457329916018352,28410.495442311537772184,29170.389476191401627148
1538874.476562755415216088,-6042.366352804871894477,27943.709348992721061222,30589.717456401100207586
1539608.530213859863579273,-7086.685282473404186021,27364.942715942783252103,32022.886835196935862768
1540358.983060193015262485,-8134.152630816693999805,26695.282328874760423787,33396.847088249945954885
1541093.036711297463625669,-9137.329275411742855795,25969.846119764479226433,34652.785496015465469100
1541778.609500239836052060,-10053.844349523802520707,25234.086436279645567993,35748.211007603757025208
1542385.738606400089338422,-10848.154088909510392114,24538.765720127383247018,36656.482168640293821227
1542887.889574510743841529,-11492.304856230939549278,23934.498571323209034745,37364.266132598291733302
1543263.115997677203267813,-11965.829973461630288512,23466.587158020909555489,37867.675903494979138486
1543495.018680670997127891,-12255.073191654226320679,23170.660004467248654692,38167.966789111189427786
1543573.462363453116267920,-12352.315638191230391385,23069.420837023222702555,38267.676599971520772669
1543651.906046235235407948,-12449.254027123721243697,22967.613801483577844920,38366.444374403370602522
1543883.808729229029268026,-12734.042270092582839425,22663.365401586663210765,38652.932077248704445083
1544259.035152395488694310,-13189.105889597247369238,22160.950886576243647141,39099.127166207981645130
1544761.186120506143197417,-13786.807587684439567965,21469.733125094120623544,39662.858751263658632524
1545368.315226666396483779,-14491.795363234819888021,20606.634483160043600947,40293.708927198807941750
1546053.888015608768910170,-15263.994649762496919720,19598.189033895720058354,40939.763210880642873235
1546787.941666713217273355,-16061.916230414906749502,18481.418968353511445457,41554.081142526010808069
1547538.394513046368956566,-16845.875907288209418766,17303.139553742312273243,42099.891071123063738924
1548272.448164150817319751,-17580.712391422781365691,16117.710160797700154944,42553.790776150359306484
1548958.020953093189746141,-18237.659714345591055462,14983.584122610320264357,42906.597897387517150491
1549565.150059253443032503,-18795.171474386268528178,13959.199674144312666613,43161.878388055018149316
1550067.301027364097535610,-19238.683118726828979561,13098.788965604919212637,43332.539785438551916741
1550442.527450530556961894,-19559.501674717783316737,12448.592256627061942709,43436.171173419570550323
1550674.430133524350821972,-19753.188480075295956340,12043.801676022252650000,43490.007034764268610161
1550752.873816306469962001,-19817.904992346844665008,11906.384131851305937744,43506.452360261951980647
1550831.317499088356271386,-19882.215074141113291262,11768.722408371244455338,43522.005395968204538804
1551063.220182082150131464,-20069.946673932332487311,11360.353943076859650319,43562.766977438303001691
1551438.446605248609557748,-20366.080978786430932814,10695.325797874538693577,43612.204822643914667424
1551940.597573359264060855,-20747.445835180300491629,9797.566218756375747034,43646.418932158332609106
1552547.726679519517347217,-21185.281268316077330383,8701.225670142175658839,43638.918637572831357829
1553233.299468461889773607,-21648.396746180780610302,7450.463791551738722774,43566.050584101853019092
1553967.353119566338136792,-22106.521227343702776125,6098.324848255172582867,43412.117854310003167484
1554717.805965899489820004,-22533.395879645056993468,4704.559126679196197074,43173.293168392912775744
1555451.859617003938183188,-22909.165086252793116728,3332.513532098986161145,42859.628642735289759003
1556137.432405946310609579,-23221.695464726893987972,2045.449003563041515008,42494.762570031685754657
1556744.561512106563895941,-23466.599627884759684093,902.779829792588316195,42113.281445268803508952
1557246.712480217218399048,-23645.954827571888017701,-43.267183861707593451,41756.074666091539256740
1557621.938903383677825332,-23765.961815278144058539,-750.210256463025302764,41464.374481568280316424
1557853.841586377471685410,-23834.036905697725160280,-1186.955486120230716551,41273.446074825413234066
1557932.285269159590825438,-23855.999502210448554251,-1334.640701000658964404,41207.015746207398478873
1558010.728951941709965467,-23877.420731094673101325,-1482.295627191995208705,41139.650247459721867926
1558242.631634935503825545,-23937.563275732776673976,-1918.596700003876321716,40935.019234347520978190
1558617.858058101963251829,-24024.686382394502288662,-2623.691695196750060859,40586.520620482006052043
1559120.009026212617754936,-24121.225260187668027356,-3565.035453557073196862,40086.304886577083379962
1559727.138132372871041298,-24206.546267054844065569,-4698.443527215896210691,39429.393439512139593717
1560412.710921315243467689,-24260.320027762689278461,-5969.934808579677337548,38618.326787501137005165
1561146.764572419691830873,-24266.064292311784811318,-7318.505806670134006708,37667.448779772828856949
1561897.217418752843514085,-24214.335027888868353330,-8679.786103638989516185,36605.941220182518009096
1562631.271069857291877270,-24105.019269241816800786,-9990.270914284597893129,35478.859766481808037497
1563316.843858799664303660,-23948.228091618715552613,-11191.580021744652185589,34345.677039587681065314
1563923.972964959917590022,-23763.429947549502685433,-12234.037552773743300349,33276.199927330009813886
1564426.123933070572093129,-23576.726609965862735407,-13078.896170466636249330,32344.170353543919190997
1564801.350356237031519413,-23416.551506693784176605,-13698.809788138687508763,31619.326103171584691154
1565033.253039230825379491,-23308.501023876138788182,-14076.673306625234545209,31159.093056956859072670
1565111.696722012944519520,-23270.361343594093341380,-14203.536007288890687050,31001.283135181016405113
1565190.140404795063659549,-23231.410519674547686009,-14329.903603863442185684,30842.392510757679701783
1565422.043087788857519627,-23111.474097633137716912,-14700.510797001652463223,30366.324599565130483825
1565797.269510955316945910,-22902.018128151928976877,-15290.310401794224162586,29575.846756936298334040
1566299.420479065971449018,-22591.143288609004230238,-16059.089711833981709788,28478.586130701780348318
1566906.549585226224735379,-22166.829189724441675935,-16953.976855363489448791,27090.977210930112050846
1567592.122374168597161770,-21620.992679703511385014,-17913.268381262354523642,25442.706410171846073354
1568326.176025273045524955,-20953.871781068417476490,-18871.684894583577261074,23580.714464080258039758
1569076.628871606197208166,-20178.097447355808981229,-19766.914289266602281714,21571.729530301530758152
1569810.682522710645571351,-19321.668446498413686641,-20546.883164545419276692,19502.342837922846229048
1570496.255311653017997742,-18428.943181178354279837,-21176.628032059554243460,17475.864832504801597679
1571103.384417813271284103,-17558.804547188436117722,-21643.048402812655695016,15605.694622990498828585
1571605.535385923925787210,-16779.484670110552542610,-21955.535634922202007147,14005.725481555266014766
1571980.761809090385213494,-16160.259018706265123910,-22140.982003422745037824,12779.222510197238079854
1572212.664492084179073572,-15761.235211114686535439,-22233.356454155175015330,12008.205220314230246004
1572291.108174866298213601,-15623.379232981385939638,-22260.563955538182199234,11745.185717771624695160
1572369.551857648184522986,-15484.049204081005882472,-22285.671137920689943712,11481.057941541932450491
1572601.454540641978383064,-15063.426479584300977876,-22347.257201657776022330,10693.810582297761357040
1572976.680963808437809348,-14354.665009207159528160,-22404.815323090831952868,9400.212025329536118079
1573478.831931919092312455,-13349.870804336364017217,-22393.384867763754300540,7632.606183944726581103
1574085.961038079345598817,-12045.402009510251446045,-22228.177988116956839804,5444.982872942520771176
1574771.533827021718025208,-10449.278692226975181256,-21812.770894466317258775,2920.236805258240110561
1575505.587478126166388392,-8590.416495979494357016,-21052.731293298893433530,176.776363415895502840
1576256.040324459318071604,-6528.552907565295754466,-19876.803986364557204070,-2629.029742395042831049
1576990.093975563766434789,-4361.761382744640286546,-18266.297132334009802435,-5310.514558131423655141
1577675.666764506138861179,-2225.418962989451301837,-16287.554735574050937430,-7675.684106606651766924
1578282.795870666392147541,-275.324783301732452401,-14111.544606647705222713,-9571.026322021980377031
1578784.946838777046650648,1345.100763445160737319,-11997.815794864831332234,-10928.068115069678242435
1579160.173261943506076932,2537.407373686187838757,-10236.137144403637648793,-11779.391382627001803485
1579392.075944937299937010,3257.472895033375152707,-9074.047955950680261594,-12223.520394460134411929
1579470.519627719419077039,3497.095456503065634024,-8669.086237582272588043,-12358.306285483318788465
1579548.963310501538217068,3734.413920205317936052,-8258.414285659475353896,-12484.946353182169332285
1579780.865993495332077146,4420.698975300992060511,-7012.945383837969529850,-12809.890411397478601430
1580156.092416661791503429,5472.630165692646187381,-4911.325527764531216235,-13170.606857833799949731
1580658.243384772446006536,6737.850589017933998548,-1979.985648383638135783,-13316.590427423449000344
1581265.372490932699292898,8002.157950293014437193,1633.728259396060821018,-12974.243014707741167513
1581950.945279875071719289,9041.219560905543403351,5630.672452835400690674,-11960.353944944503382430
1582684.998930979520082474,9701.649233370133515564,9629.524475506663293345,-10275.788698234609910287
1583435.451777312671765685,9948.418669002849128447,13296.787201195771558559,-8096.544751976059160370
1584169.505428417120128870,9846.328717037751630414,16430.174177228713233490,-5681.477927512562928314
1584855.078217359492555261,9509.297994051681598648,18958.081405001554230694,-3283.022029418468719086
1585462.207323519745841622,9058.261899050448846538,20896.143110501107003074,-1103.766445285119516484
1585964.358291630400344729,8598.938231088106476818,22302.404619511453347513,710.857112053600985746
1586339.584714796859771013,8213.667323259140175651,23245.456647062826959882,2064.258864930304298468
1586571.487397790653631091,7960.026655061036763072,23784.872476643686241005,2897.180933869512955425
1586649.931080572772771120,7871.779732858113675320,23960.104275821337068919,3178.097994042607297160
1586728.374763354891911149,7782.357106636991375126,24131.757693003157328349,3458.540445685252052499
1586960.277446348685771227,7511.469662683027308958,24618.732296472862799419,4284.536855082134024997
1587335.503869515145197511,7054.314892357159806124,25344.236013378940697294,5609.803694509037086391
1587837.654837625799700618,6411.174751583377656061,26201.546686922210938064,7357.725272803894768003
1588444.783943786052986979,5594.647846511257739621,27077.969503976033593062,9425.660836449002090376
1589130.356732728425413370,4633.237769017572645680,27876.355607207522552926,11693.951894357775017852
1589864.410383832873776555,3570.239655200741708541,28529.035211259746574797,14037.828039565623839735
1590614.863230166025459766,2459.164020525210617052,29002.795779392465192359,16339.044526565208798274
1591348.916881270473822951,1357.794095753024748774,29296.482641261933167698,18494.672227628961991286
1592034.489670212846249342,322.620946513481158036,29433.984554016398760723,20421.928051651429996127
1592641.618776373099535704,-595.394363178655453339,29455.194640672852983698,22059.216163060100370785
1593143.769744483754038811,-1353.484831003066119592,29406.810227634821785614,23364.273282397934963228
1593518.996167650213465095,-1918.363702359785065710,29334.101906958254403435,24310.570517973341338802
1593750.898850644007325172,-2266.540694725971661683,29274.246869199196225964,24883.116982624320371542
1593829.342533426126465201,-2384.128079902237914212,29251.493096525820874376,25074.667875478327914607
1593907.786216208012774587,-2501.613811365856236080,29227.492015803716640221,25265.149482026881742058
1594139.688899201806634665,-2848.302818907597611542,29149.358053309726528823,25822.028916176743223332
1594514.915322368266060948,-3407.043845063020398811,29000.827962208113603992,26703.399385209209867753
1595017.066290478920564055,-4149.895144806847383734,28761.149790981053229189,27845.085327884829894174
1595624.195396639173850417,-5039.436279735613425146,28412.364103037889435655,29168.153828568865719717
1596309.768185581546276808,-6030.975555623501350055,27946.035290757623442914,30587.616449186145473504
1597043.821836685994639993,-7075.545667823358598980,27367.742493678138998803,32020.925864234821347054
1597794.274683019146323204,-8123.299395528855711746,26698.550207527965540066,33395.025112656818237156
1598528.328334123594686389,-9126.782695038049496361,25973.556363888990745181,34651.095660959290398750
1599213.901123065967112780,-10043.605992431377671892,25238.196309081668005092,35746.641413336088589858
1599821.030229226220399141,-10838.205009539156890241,24543.218794964883272769,36655.016680025284586009
1600323.181197336874902248,-11482.605886565692344448,23939.228014459971745964,37362.885175685143622104
1600698.407620503334328532,-11956.323975239976789453,23471.518728602459304966,37866.357237538679328281
1600930.310303497128188610,-12245.688955839093978284,23175.714632391332997940,38166.686264712778211106
1601008.753986279247328639,-12342.973011697427864419,23074.516769176319940016,38266.408917628337803762
1601087.197669061366468668,-12439.953220290432000184,22972.750875718749739463,38365.189504440466407686
1601319.100352055160328746,-12724.866307928679816541,22668.623157221038127318,38651.714914026226324495
1601694.326775221619755030,-13180.135680345860237139,22166.400919559509929968,39097.970491496933391318
1602196.477743332274258137,-13778.119707184021535795,21475.434713927537814016,39661.782069366796349641
1602803.606849492527544498,-14483.458964964220285765,20612.631439280969061656,40292.727606849075527862
1603489.179638434899970889,-15256.067674443880605395,19604.507993823492142837,40938.887960098763869610
1604223.233289539348334074,-16054.441361313511151820,18488.069151735628111055,41553.317785698534862604
1604973.686135872500017285,-16838.876852453588071512,17310.113837771888938732,42099.240563125153130386
1605707.739786976948380470,-17574.191059184115147218,16124.987184346893627662,42553.249382452282588929
1606393.312575919320806861,-18231.594717139971180586,14991.131041500932042254,42906.157486984855495393
1607000.441682079574093223,-18789.518202404666226357,13966.975148766861821059,43161.526815747514774557
1607502.592650190228596330,-19233.375421449742134428,13106.745980536892602686,43332.261367543891537935
1607877.819073356688022614,-19554.455014477014628937,12456.680453453327572788,43435.947275378413905855
1608109.721756350481882691,-19748.304298867518809857,12051.969020450147581869,43489.816785210539819673
1608188.165439132601022720,-19813.075964672352711204,11914.577913916671604966,43506.273486214166041464
1608266.609121914720162749,-19877.441296082353801467,11776.942458257601174410,43521.837894610456714872
1608498.511804908514022827,-20065.336782794805912999,11368.650652276683103992,43562.633083307016931940
1608873.738228074973449111,-20361.737961303329939255,10703.743373742841868079,43612.125277332350378856
1609375.889196185627952218,-20743.463093788628611946,9806.139355293580592843,43646.412110599259904120
1609983.018302345881238580,-21181.738589817246975144,8709.977295654514819034,43638.999824574326339643
1610668.591091288253664970,-21645.356375614373973804,7459.404116852881998057,43566.231410303400480188
1611402.644742392702028155,-22104.024374585947953165,6107.451770785679400433,43412.405874929616402369
1612153.097588725853711367,-22531.460037283875863068,4713.859871197151733213,43173.691558757651364431
1612887.151239830302074552,-22907.782499288350663846,3341.967244508669864445,42860.135994546071742661
1613572.724028772674500942,-23220.832977614609262673,2055.029878014309360879,42495.372797090007225052
1614179.853134932927787304,-23466.199974017716158414,912.460260913269166849,42113.983836479645106010
1614682.004103043582290411,-23645.939261485029419418,-33.513946927284990807,41756.854143591415777337
1615057.230526210041716695,-23766.233858347575733205,-740.408395887859342110,41465.212120931406388991
1615289.133209203835576773,-23834.486909323168219998,-1177.126095023599418710,41274.319916894462949131
1615367.576891985954716802,-23856.509733596161822788,-1324.802438664874898677,41207.901880492914642673
1615446.020574767841026187,-23877.991204147008829750,-1472.448718293433330473,41140.548697877580707427
1615677.923257761634886265,-23938.311913030785945011,-1908.725552828229183433,40935.954237911842938047
1616053.149680928094312549,-24025.723471671240986325,-2613.785574222486502549,40587.515238820269587450
1616555.300649038748815656,-24122.648548694352939492,-3555.090917802073363418,40087.380251567577943206
1617162.429755199002102017,-24208.436412318798829801,-4688.465763943339879916,39430.568027113971766084
1617848.002544141374528408,-24262.736669837096997071,-5959.937599744629551424,38619.615709235942631494
1618582.056195245822891593,-24269.043062444019597024,-7308.510028037218035024,37668.863077909772982821
1619332.509041578974574804,-24217.885799140640301630,-8669.816848702645074809,36607.487166393271763809
1620066.562692683422937989,-24109.125869361640070565,-9980.353549823110370198,35480.538196602872631047
1620752.135481625795364380,-23952.849541304112790385,-11181.735705862425675150,34347.482802917416847777
1621359.264587786048650742,-23768.503084870913880877,-12224.278949483967153355,33278.121572272320918273
1621861.415555896703153849,-23582.169763280526240123,-13069.224219781293868436,32346.190191044675884768
1622236.641979063162580132,-23422.268748349408269860,-13689.212355217097865534,31621.420766510440444108
1622468.544662056956440210,-23314.386535082070622593,-14067.126262083325855201,31161.234606659407290863
1622546.988344839075580239,-23276.303568009207083378,-14194.006774231951567344,31003.440657739301968832
1622625.432027621194720268,-23237.409349957077211002,-14320.392575310332176741,30844.566063894904800691
1622857.334710614988580346,-23117.639624176361394348,-14691.055916378354595508,30368.545884767900133738
1623232.561133781448006630,-22908.451212397514609620,-15280.953929336110377335,29578.146371695802372415
1623734.712101892102509737,-22597.929879714360140497,-16049.880162804973224411,28480.992746830765099730
1624341.841208052355796099,-22174.035403600315476069,-16944.969581018805911299,27093.516619743404589826
1625027.413996994728222489,-21628.661034472166647902,-17904.524353461772989249,25445.400385403976542875
1625761.467648099176585674,-20962.019013713892491069,-18863.267365882606100058,23583.579426473643252393
1626511.920494432328268886,-20186.714304846122104209,-19758.883173412326868856,21574.775073953591345344
1627245.974145536776632071,-19330.721712398568342905,-20539.287268107229465386,19505.570303077391145052
1627931.546934479149058461,-18438.379929627219098620,-21169.495733535270119319,17479.266255352398729883
1628538.676040639402344823,-17568.558191084430291085,-21636.378055324345041299,15609.252478072457961389
1629040.827008750056847930,-16789.481827741255983710,-21949.287758438531454885,14009.413530422585608903
1629416.053431916516274214,-16170.425725279663311085,-22135.075877864182984922,12783.007706773149038781
1629647.956114910310134292,-15771.500870794012371334,-22227.673467289088875987,12012.050138812363002216
1629726.399797692429274321,-15633.677293891352746869,-22254.958599202698678710,11749.050749356287269620
1629804.843480474315583706,-15494.379105910898942966,-22280.144526536150806351,11484.943030667782295495
1630036.746163468109443784,-15073.847118281561051845,-22341.970063750864937901,10697.754573003119730856
1630411.972586634568870068,-14365.221014167234898196,-22399.937758907883107895,9404.249633630382959382
1630914.123554745223373175,-13360.583348752194069675,-22389.101347905478178291,7636.764157189834804740
1631521.252660905476659536,-12056.260176436788242427,-22224.690067431536590448,5449.274418955269538856
1632206.825449847849085927,-10460.231831586856060312,-21810.295723837960395031,2924.653593700536021061
1632940.879100952297449112,-8601.368466235897358274,-21051.492700011109263869,181.278020712293482575
1633691.331947285449132323,-6539.360268033244210528,-19877.011367607356078224,-2624.526631692461705825
1634425.385598389897495508,-4372.240075044672266813,-18268.107666354153479915,-5306.141353310690647049
1635110.958387332269921899,-2235.367314545809676929,-16291.021364394315241952,-7671.606586298275033187
1635718.087493492523208261,-284.570004710492071354,-14116.569649497703721863,-9567.401843284158530878
1636220.238461603177711368,1336.638911696421473607,-12004.145210714654240292,-10924.982622621690097731
1636595.464884769637137651,2529.664957441337719501,-10243.411876736812700983,-11776.812529453794923029
1636827.367567763430997729,3250.235029661474982277,-9081.878738264573257766,-12221.297758860209796694
1636905.811250545550137758,3490.038638639021428389,-8677.098401300598197849,-12356.211103356972671463
1636984.254933327669277787,3727.543340674968931125,-8266.603902236267458647,-12482.981928234046790749
1637216.157616321463137865,4414.408678948518172547,-7021.633531251003660145,-12808.330256826191543951
1637591.384039487922564149,5467.366823893230503018,-4920.721541440648252319,-13169.745639453976764344
1638093.535007598577067256,6734.101705281032991479,-1990.096788007015447874,-13316.707180519901157822
1638700.664113758830353618,8000.366319623629351554,1623.148691169049470773,-12975.506506564364826772
1639386.236902701202780008,9041.645889178875222569,5620.055831307709922839,-11962.729331827598798554
1640120.290553805651143193,9704.286651957356298226,9619.307727970663108863,-10279.048700981060392223
1640870.743400138802826405,9953.033158396026919945,13287.264036338750884170,-8100.386015150827006437
1641604.797051243251189590,9852.572567876954053645,16421.463913843737827847,-5685.633755984172239550
1642290.369840185623615980,9516.807753418082938879,18950.172338713644421659,-3287.307922651574699557
1642897.498946345876902342,9066.709786944942607079,20888.944951737350493204,-1108.075700246691212669
1643399.649914456531405449,8608.048067827889099135,22295.784654495721042622,706.574359952063332457
1643774.876337622990831733,8223.211766488675493747,23239.260155971394851804,2060.015819121591903240
1644006.779020616784691811,7969.816183024347992614,23778.933548662123939721,2892.969125299932329654
1644085.222703398903831840,7881.648311919356274302,23954.251720642678264994,3173.897746057046333590
1644163.666386181022971869,7792.302848380582872778,24125.991124886266334215,3454.352218807739063777
1644395.569069174816831946,7521.632805864625879622,24613.217650799313560128,4280.386634011027126689
1644770.795492341276258230,7064.797629625319132174,25339.121691847907641204,5605.721651116303291928
1645272.946460451930761337,6422.028009864176965493,26196.953993870625708951,7353.744408156127974507
1645880.075566612184047699,5605.870807501272793161,27073.986384993753745221,9421.812716372927752673
1646565.648355554556474090,4644.787638735313521465,27873.034309600781853078,11690.261813734565293998
1647299.702006659004837275,3582.046883851536676957,28526.393362959301157389,14034.311649382749237702
1648050.154852992156520486,2471.148335638364642364,29000.819707761125755496,16335.706632003981212620
1648784.208504096604883671,1369.878218689577579426,29295.131763547444279538,18491.507365054891124601
1649469.781293038977310061,334.740496142782888001,29433.196038624893844826,20418.922052774145413423
1650076.910399199230596423,-583.285108887761225560,29454.887904975075798575,22056.348022626374586252
1650579.061367309885099530,-1341.410995497189560410,29406.891070108998974320,23361.516924128638493130
1650954.287790476344525814,-1906.331079992807872259,29334.466194635551801184,24307.896297985069395509
1651186.190473470138385892,-2254.539514714736469614,29274.783777021155401599,24880.492920573844457977
1651264.634156252257525921,-2372.138534455677472579,29252.087960561522777425,25072.060674342970742146
1651343.077839034143835306,-2489.636396152251563763,29228.144618586160504492,25262.559088316425913945
1651574.980522027937695384,-2836.364110420152883307,29150.180089413006498944,25819.487897024042467820
1651950.206945194397121668,-3395.176492655951278721,29001.920226227626699256,26700.937264919113658834
1652452.357913305051624775,-4138.139331988402773277,28762.596299700704548741,27842.726889516081428155
1653059.487019465304911137,-5027.838287888172089879,28414.227972056574799353,29165.917880626773694530
1653745.059808407677337527,-6019.583742900123979780,27948.356545662907592487,30585.515153631306020543
1654479.113459512125700712,-7064.404831910265784245,27370.537705891962104943,32018.964617065295897191
1655229.566305845277383924,-8112.444738332258566516,26701.813653671342763118,33393.202872504487459082
1655963.619956949725747108,-9116.234505278240249027,25977.262313714560150402,34649.405572002659027930
1656649.192745892098173499,-10033.365858207487690379,25242.302023387732333504,35745.071574479021364823
1657256.321852052351459861,-10828.254010097572972882,24547.667836634973355103,36653.550954560938407667
1657758.472820163005962968,-11472.904882418486522511,23943.953531476669013500,37361.503987975389463827
1658133.699243329465389252,-11946.815859225624080864,23476.446454963479482103,37865.038345107372151688
1658365.601926323259249330,-12236.302551654491253430,23180.765467499964870512,38165.405516425889800303
1658444.045609105378389359,-12333.628199881644832203,23079.608926035714830505,38265.141012257161492016
1658522.489291887497529387,-12430.650211260775904520,22977.884192248588078655,38363.934412302849523257
1658754.391974881291389465,-12715.688094136443396565,22673.877207531393651152,38650.497531109482224565
1659129.618398047750815749,-13171.163140902926897979,22171.847333166217140388,39096.813600973597203847
1659631.769366158405318856,-13769.429394050534028793,21481.132800633706210647,39660.705176603572908789
1660238.898472318658605218,-14475.120014236959832488,20618.625038292146200547,40291.746081241923093330
1660924.471261261031031609,-15248.138016552156841499,19610.823764454391493928,40938.012509919855801854
1661658.524912365479394794,-16046.963676292603850015,18494.716329991206293926,41552.554235210751357954
1662408.977758698631078005,-16831.874851641852728790,17317.085309459609561600,42098.589866775517293718
1663143.031409803079441190,-17567.666659799127955921,16132.261588247265535756,42552.707805067562730983
1663828.604198745451867580,-18225.526544973043201026,14998.675524160911663785,42905.716896793797786813
1664435.733304905705153942,-18783.861664278883836232,13974.748352211223391350,43161.175066741743648890
1664937.884273016359657049,-19228.064385657773527782,13114.700862567618969479,43331.982775253803993110
1665313.110696182819083333,-19549.404963445605972083,12464.766621701246549492,43435.723204514681128785
1665545.013379176612943411,-19743.416695333373354515,12060.134401187229741481,43489.626363743453111965
1665623.457061958732083440,-19808.243504137994023040,11922.769754310016651289,43506.094440549743012525
1665701.900744740851223469,-19872.664074697760952404,11785.160588526037827251,43521.670221927284728736
1665933.803427734645083547,-20060.723417788143706275,11376.945507257551071234,43562.499018679402070120
1666309.029850901104509830,-20357.391421789805463050,10712.159201835323983687,43612.045562765124486759
1666811.180819011759012938,-20739.476768361360882409,9814.710887673010802246,43646.405121250398224220
1667418.309925172012299299,-21178.192256087724672398,8718.727492359261304955,43639.080845261407375801
1668103.882714114384725690,-21642.312274450585391605,7468.343213477860444982,43566.412071465005283244
1668837.936365218833088875,-22101.523716547508229269,6116.577681267657681019,43412.693731410632608458
1669588.389211551984772086,-22529.520319859704613918,4723.159827469769879826,43174.089785404175927397
1670322.442862656433135271,-22906.395975597661163192,3351.420389708773200255,42860.643182551189966034
1671008.015651598805561662,-23219.966502246952586574,2064.610393455008306773,42495.982859805844782386
1671615.144757759058848023,-23465.796291299346194137,922.140518723945547208,42114.686062496468366589
1672117.295725869713351130,-23645.919636651160544716,-23.760728830245568588,41757.633454919276118744
1672492.522149036172777414,-23766.501822563437599456,-730.606438228627894205,41466.049593226271099411
1672724.424832029966637492,-23834.932822643069812329,-1167.296534996850823518,41275.193591269315220416
1672802.868514812085777521,-23857.015870973311393755,-1314.963983062079933006,41208.787846859886485618
1672881.312197593972086906,-23878.557579574793635402,-1462.601591774383450684,41141.446980145949055441
1673113.214880587765946984,-23939.056442526729370002,-1898.854115936619791682,40936.889072606732952408
1673488.441303754225373268,-24026.756438323784095701,-2603.879046576616019593,40588.509687003133876715
1673990.592271864879876375,-24124.067697998736548470,-3545.145818296626657684,40088.455444442704902031
1674597.721378025133162737,-24210.322403483452944783,-4678.487246190991754702,39431.742439854861004278
1675283.294166967505589128,-24265.149148055723344442,-5949.939420057705319778,38620.904452496884914581
1676017.347818071953952312,-24272.017667016352788778,-7298.513045786846305418,37670.277193076326511800
1676767.800664405105635524,-24221.432413000031374395,-8659.846151097415713593,36609.032924335020652507
1677501.854315509553998709,-24113.228330414913216373,-9970.434507869562366977,35482.216432555302162655
1678187.427104451926425099,-23957.466878914470726158,-11171.889492325844912557,34349.288365902946679853
1678794.556210612179711461,-23773.572142538174375659,-12214.518252900665174820,33280.043010848021367565
1679296.707178722834214568,-23587.608870195381314261,-13059.550013516449325834,32348.209816796981613152
1679671.933601889293640852,-23427.981972474743088242,-13679.612545163674440118,31623.515213840237265686
1679903.836284883087500930,-23320.268048394511424704,-14057.576765160449212999,31163.375937617332965601
1679982.279967665206640959,-23282.241801492014928954,-14184.475063317961030407,31005.597960609971778467
1680060.723650447325780988,-23243.404196432191383792,-14310.879043412707687821,30846.739396392604248831
1680292.626333441119641066,-23123.801188948200433515,-14681.598456994330263115,30370.766946465224464191
1680667.852756607579067349,-22914.880373695548769319,-15271.594755869806249393,29580.445758150286565069
1681170.003724718233570457,-22604.712606256616709288,-16040.667748713180117193,28483.399127925713401055
1681777.132830878486856818,-22181.237834005660261028,-16935.959242490840551909,27096.055784946864150697
1682462.705619820859283209,-21636.325712383611971745,-17895.777035462346248096,25448.094106836699211271
1683196.759270925307646394,-20970.162703238336689537,-18854.846303329784859670,23586.444123724890232552
1683947.212117258459329605,-20195.327779465605999576,-19750.848272404309682315,21577.820340711095923325
1684681.265768362907692790,-19339.771778335314593278,-20531.687337964995094808,19508.797480186905886512
1685366.838557305280119181,-18447.813675678011350101,-21162.359166065412864555,17482.667380741091619711
1685973.967663465533405542,-17578.309032227585703367,-21629.703227443213108927,15612.810028967645848752
1686476.118631576187908649,-16799.476367655115609523,-21943.035224005099735223,14013.101271422976424219
1686851.345054742647334933,-16180.589965564513477148,-22129.164959855854249327,12786.792594350343279075
1687083.247737736441195011,-15781.764163916470351978,-22221.985603987959621008,12015.894748513201193418
1687161.691420518560335040,-15643.973023103066225303,-22249.348337866147630848,11752.915472394257449196
1687240.135103300679475069,-15504.706711487258871784,-22274.612981502890761476,11488.827811597582694958
1687472.037786294473335147,-15084.265569056986350915,-22336.677907013447111240,10701.698257196196209406
1687847.264209460932761431,-14375.775018404117872706,-22395.055036451256455621,9408.286940531861546333
1688349.415177571587264538,-13371.294168426049509435,-22384.812479903106577694,7640.921841805334224773
1688956.544283731840550900,-12067.116997043163792114,-22221.196564120909897611,5453.565704327027560794
1689642.117072674212977290,-10471.184122235681570601,-21807.814700764269218780,2929.070177323129428260
1690376.170723778661340475,-8612.320222464997641509,-21050.247965526537882397,185.779576130476016260
1691126.623570111813023686,-6550.168200158098443353,-19877.212330453221511561,-2620.023447540715096693
1691860.677221216261386871,-4382.720274350564068300,-18269.911569110590789933,-5301.767803900436774711
1692546.250010158633813262,-2245.318222531896935834,-16294.481286947549961042,-7667.528352223946058075
1693153.379116318887099624,-293.818858694215236937,-14121.588112201125113643,-9563.776224987124805921
1693655.530084429541602731,1328.172454132884467981,-12010.468367423734889599,-10921.895589147496139049
1694030.756507596001029015,2521.917187526423731470,-10250.680758306963980431,-11774.231833449473924702
1694262.659190589794889092,3242.991354702326134429,-9089.704003614851899329,-12219.073106729918436031
1694341.102873371914029121,3482.975860105417268642,-8685.105175468988818466,-12354.113849893803489977
1694419.546556153800338507,3720.666651630830074282,-8274.788263984422883368,-12481.015379659167592763
1694651.449239147594198585,4408.111850164722454792,-7030.316863869522421737,-12806.767841769262304297
1695026.675662314053624868,5462.096342167351394892,-4930.113573091781290714,-13168.882010518129391130
1695528.826630424708127975,6730.345081008137640310,-2000.205230637344357092,-13316.821493208160973154
1696135.955736584961414337,7998.566625577136619540,1612.570185169567594130,-12976.767787183460313827
1696821.528525527333840728,9042.064303826131435926,5609.438591800361791684,-11965.103004046382920933
1697555.582176631782203913,9706.916740455395483878,9609.088949965351275750,-10282.307592092440245324
1698306.035022964933887124,9957.641123757077366463,13277.737815304893956636,-8104.226696088768221671
1699040.088674069382250309,9858.810719439943568432,16412.749905139542534016,-5689.789382348594699579
1699725.661463011754676700,9524.312543040421587648,18942.259076861209905474,-3291.593856194564068574
1700332.790569172007963061,9075.153297946128077456,20881.742305812756967498,-1112.385139980328858655
1700834.941537282662466168,8617.153977871104871156,22289.160016240337427007,702.291340633889376477
1701210.167960449121892452,8232.752596627513412386,23233.058878024159639608,2055.772461151093011722
1701442.070643442915752530,7979.602282510966688278,23772.989772774973971536,2888.756982541407523968
1701520.514326225034892559,7891.513523427137442923,23948.394298343493574066,3169.697157299748141668
1701598.958009007154032588,7802.245282743311690865,24120.219671121889405185,3450.163644981914330856
1701830.860692000947892666,7531.792815282510673569,24607.698068529691227013,4276.236049931984780414
1702206.087115167407318950,7075.277501193442731164,25334.002362385534070199,5601.639224813052351237
1702708.238083278061822057,6432.878738354539564170,26192.356216265547118383,7349.763143386490810371
1703315.367189438315108418,5617.091613831279573787,27069.998113394965912448,9417.964186017894462566
1704000.939978380687534809,4656.335742113283231447,27869.707809797673689900,11686.571321014554996509
1704734.993629485135897994,3593.852726691864518216,28523.746286473473446677,14030.794852496133898967
1705485.446475818287581205,2483.131622149240683939,28998.838406102226144867,16332.368341044711996801
1706219.500126922735944390,1381.961636035414130674,29293.775674959975731326,18488.342118858035973972
1706905.072915865108370781,346.859621623573389115,29432.402346745882823598,20415.915683478477149038
1707512.202022025361657143,-571.176043778165762888,29454.576035178542952053,22053.479523929483548272
1708014.352990136016160250,-1329.337163892721036973,29406.966821290767256869,23358.760217735169135267
1708389.579413302475586534,-1894.298327985291962250,29334.825427274841786129,24305.221737414802191779
1708621.482096296269446611,-2242.538124500857520616,29275.315653946745442227,24877.868522567547188373
1708699.925779078388586640,-2360.148751883814384200,29252.677802158028498525,25069.453138808756193612
1708778.369461860274896026,-2477.658717053291184129,29228.792207531223539263,25259.968361759631079622
1709010.272144854068756104,-2824.425059868590778933,29150.997137940128595801,25816.946549586289620493
1709385.498568020528182387,-3383.308674537455317477,29003.007547719676949782,26698.474823622520489153
1709887.649536131182685494,-4126.382893202664490673,28764.037930902100924868,27840.368139654405240435
1710494.778642291435971856,-5016.239483753963213530,28416.087048954392230371,29163.681632301915669814
1711180.351431233808398247,-6008.190916545509026037,27950.673113215994817438,30583.413569676773477113
1711914.405082338256761432,-7053.262776583974300593,27373.328352010972594144,32017.003093632152740611
1712664.857928671408444643,-8101.588661012947341078,26705.072666653341002529,33391.380367740377550945
1713398.911579775856807828,-9105.684707854448788567,25980.963968516887689475,34647.715229096400435083
1714084.484368718229234219,-10023.123948513260984328,25246.403578408680914436,35743.501490986454882659
1714691.613474878482520580,-10818.301092190811687033,24552.112844293453235878,36652.084992203839647118
1715193.764442989137023687,-11463.201845349067298230,23948.675121485153795220,37360.122569427709095180
1715568.990866155596449971,-11937.305626943296374520,23481.370336183874314884,37863.719226161309052259
1715800.893549149390310049,-12226.913980603310847073,23185.812508853690815158,38164.124544211648753844
1715879.337231931509450078,-12324.281204239354337915,23084.697306655456486624,38263.872883819458365906
1715957.780914713628590107,-12421.345001522793609183,22983.013750120691838674,38362.679097952241136227
1716189.683597707422450185,-12706.507630181857166463,22679.127551546400354709,38649.279928461102826986
1716564.910020873881876469,-13162.188272698445871356,22177.290126395011611748,39095.656494602124439552
1717067.060988984536379576,-13760.736649665286677191,21486.827384172174788546,39659.628072940104175359
1717674.190095144789665937,-14466.778512374648926198,20624.615279107463720720,40290.764350345729326364
1718359.762884087162092328,-15240.205677340489273774,19617.136344652768457308,40937.136860314814839512
1719093.816535191610455513,-16039.483176530869968701,18501.360501933893829118,41551.790491036161256488
1719844.269381524762138724,-16824.869905954328714870,17324.053967569692758843,42097.938982050261984114
1720578.323032629210501909,-17561.139194292314641643,16139.533371216954037664,42552.166043974779313430
1721263.895821571582928300,-18219.455198796531476546,15006.217569267369981389,42905.276126795215532184
1721871.024927731836214662,-18778.201860895434947452,13982.519283119787360192,43160.823141020569892135
1722373.175895842490717769,-19222.750012182961654617,13122.653610311899683438,43331.704008552776940633
1722748.402319008950144053,-19544.351522414563078200,12472.850759965667748475,43435.498960814038582612
1722980.305002002744004130,-19738.525670238388556754,12068.297816816309932619,43489.435770349380618427
1723058.748684784863144159,-19803.407611500650091330,11930.959651610130094923,43505.915223255287855864
1723137.192367566982284188,-19867.883410735761572141,11793.376797750936020748,43521.502377905562752858
1723369.095050560776144266,-20056.106579635106754722,11385.238506582143600099,43562.364783543082012329
1723744.321473727235570550,-20353.041360926905326778,10720.573280696207802976,43611.965678931090224069
1724246.472441837890073657,-20735.486859523327439092,9823.280814415074928547,43646.397964102157857269
1724853.601547998143360019,-21174.642267683786485577,8727.476258749389671721,43639.161699626303743571
1725539.174336940515786409,-21639.264443167503486620,7477.281079890473847627,43566.592567580977629405
1726273.227988044964149594,-22099.019253621856478276,6125.702578135806106729,43412.981423749588429928
1727023.680834378115832806,-22527.576727678613679018,4732.458993904335329717,43174.487848331315035466
1727757.734485482564195991,-22905.005515400393051095,3360.872966082094990270,42861.150206751764926594
1728443.307274424936622381,-23219.096038762090756791,2074.190548247194328724,42496.592758182450779714
1729050.436380585189908743,-23465.388579795009718509,931.820601570058897778,42115.388123324439220596
1729552.587348695844411850,-23645.895953074945282424,-14.007531237605320484,41758.412600081923301332
1729927.813771862303838134,-23766.765707884780567838,-720.804385160881224692,41466.886898460885277018
1730159.716454856097698212,-23835.374645588177372701,-1157.466807720473525478,41276.067097958701197058
1730238.160137638216838241,-23857.517914263054990442,-1305.125335874373604383,41209.673645317321643233
1730316.603820420103147626,-23879.119857289530045819,-1452.754249318088113796,41142.345094274271104950
1730548.506503413897007704,-23939.796864103653206257,-1888.982391016788369598,40937.823738442377361935
1730923.732926580356433988,-24027.785282188902783673,-2593.972113953588632285,40589.503965042036725208
1731425.883894691010937095,-24125.482707875289634103,-3535.200156743045226904,40089.530465215648291633
1732033.013000851264223456,-24212.204240247308916878,-4668.507975668903782207,39432.916677750094095245
1732718.585789793636649847,-24267.557462030454189517,-5939.940271235285763396,38622.193017301622603554
1733452.639440898085013032,-24274.988105546828592196,-7288.514861639211630973,37671.691125292825745419
1734203.092287231236696243,-24224.974868887926277239,-8649.874012544043580419,36610.578494030894944444
1734937.145938335685059428,-24117.326651726169075118,-9960.513790141765639419,35483.894474365057249088
1735622.718727278057485819,-23962.080103682990738889,-11162.041382846706255805,34351.093728572988766246
1736229.847833438310772181,-23778.637119702380005037,-12204.755464727488288190,33281.964243088346847799
1736731.998801548965275288,-23593.043929792682320112,-13049.873553366911437479,32350.229230834182089893
1737107.225224715424701571,-23433.691178099972603377,-13670.010359665309806587,31625.609445195910666371
1737339.127907709218561649,-23326.145562811179843266,-14048.024817538029310526,31165.517049866553861648
1737417.571590491337701678,-23288.176043029183347244,-14174.940876226402906468,31007.755043829274654854
1737496.015273273456841707,-23249.395058075486304006,-14301.363009848035289906,30848.912508287390664918
1737727.917956267250701785,-23129.958790891370881582,-14672.138420520808722358,30372.987784694705624133
1738103.144379433710128069,-22921.305610935029108077,-15262.232883055436104769,29582.744916338971961522
1738605.295347544364631176,-22611.491467051720974268,-16031.452471201817388646,28485.805274028036365053
1739212.424453704617917538,-22188.436479666124796495,-16926.945841399097844260,27098.594706584503001068
1739897.997242646990343928,-21643.986712058489501942,-17887.026428852139360970,25450.787574516882159514
1740632.050893751438707113,-20978.302848145671305247,-18846.421708473539183615,23589.308555883653752971
1741382.503740084590390325,-20203.937869593224604614,-19742.809587743453448638,21580.865330626027571270
1742116.557391189038753510,-19348.818642558519059094,-20524.083375565453025047,19512.024369304701394867
1742802.130180131411179900,-18457.244417452398920432,-21155.218331038406176958,17486.068208724082069239
1743409.259286291664466262,-17588.057068618378252722,-21623.023920498999359552,15616.367275727454398293
1743911.410254402318969369,-16809.468287745759880636,-21936.778032897447701544,14016.788704604525264585
1744286.636677568778395653,-16190.751737369979309733,-22123.249250628978188615,12790.577172972967673559
1744518.539360562572255731,-15792.025088236778174178,-22216.292865453800914111,12019.739049457666624221
1744596.983043344691395760,-15654.266418352412074455,-22243.733172720349102747,11756.779886925192840863
1744675.426726126810535789,-15515.032018527734180680,-22269.076504002201545518,11492.712284371214991552
1744907.329409120604395866,-15094.681829570565241738,-22331.380732595061999746,10705.641634912386507494
1745282.555832287063822150,-14386.327019479818773107,-22390.167156815401540371,9412.323946060079833842
1745784.706800397718325257,-13382.003260778532421682,-22380.518264769034431083,7645.079237799937800446
1746391.835906557971611619,-12077.972468560354172951,-22217.697479082227800973,5457.856729035105672665
1747077.408695500344038010,-10482.135561160388533608,-21805.327825982913054759,2933.486556048237616778
1747811.462346604792401195,-8623.271761349838925526,-21048.997090358974674018,190.281029499872715860
1748561.915192937944084406,-6560.976700261309815687,-19877.406875091986876214,-2615.520190256022033282
1749295.968844042392447591,-4393.201976588669822377,-18271.708840315135603305,-5297.393910419254098088
1749981.541632984764873981,-2255.271682509737729561,-16297.934502261312445626,-7663.449405131259482005
1750588.670739145018160343,-303.071340581466643016,-14126.599992904873943189,-9560.149468060959407012
1751090.821707255672663450,1319.701395453416807868,-12016.785262191348010674,-10918.807015641901671188
1751466.048130422132089734,2514.164068493789272907,-10257.943785502931859810,-11771.649295558658195660
1751697.950813415925949812,3235.741874523921069340,-9097.523747870882289135,-12216.846438927335839253
1751776.394496198045089841,3475.907125189792623132,-8693.106555781938368455,-12352.014525912221870385
1751854.838178979931399226,3713.783857271891974960,-8282.967366422946724924,-12479.046708231730008265
1752086.740861973725259304,4401.808492826238762063,-7038.995376720240528812,-12805.203166837909520837
1752461.967285140184685588,5456.818723697449058818,-4939.501617059726413572,-13168.015971292899848777
1752964.118253250839188695,6726.580718190893094288,-2010.310970050762534811,-13316.933365217895698152
1753571.247359411092475057,7996.758868571651873935,1601.992747651700256029,-12978.026855739220991381
1754256.820148353464901447,9042.474803750983483042,5598.820739922590291826,-11967.474960490839293925
1754990.873799457913264632,9709.539496729044913081,9598.868146097596763866,-10285.565370533080567839
1755741.326645791064947844,9962.242562437804735964,13268.208541740028522327,-8108.066794014803235768
1756475.380296895513311028,9865.043168904132471653,16404.032154013224499067,-5693.944806094957129972
1757160.953085837885737419,9531.812360078063647961,18934.341621802574081812,-3295.879829732563848665
1757768.082191998139023781,9083.592429249145425274,20874.535174707420082996,-1116.694764298245218015
1758270.233160108793526888,8626.255958457690212526,22282.530706464898685226,698.008054209801230172
1758645.459583275252953172,8242.289810952477637329,23226.852814770074473927,2051.528791085289867624
1758877.362266269046813250,7989.384950820978701813,23767.041150434284645598,2884.544505637800739350
1758955.805949051165953279,7901.375364689417438058,23942.532010344362788601,3165.496227807643663255
1759034.249631833285093307,7812.184407041001577454,24114.443333099792653229,3445.974724238119506481
1759266.152314827078953385,7541.949688275635708123,24602.173550966053880984,4272.085102857702622714
1759641.378737993538379669,7085.754504437228206370,25328.878026161870366195,5597.556415588570416730
1760143.529706104192882776,6443.726934477555914782,26187.753355116627062671,7345.781478460951802845
1760750.658812264446169138,5628.310262978667196876,27066.004690015794039937,9414.115245330822290271
1761436.231601206818595529,4667.882076686621076078,27866.376108459819079144,11682.880416131562014925
1762170.285252311266958714,3605.657181315420984902,28521.093982297050388297,14027.277648832116028643
1762920.738098644418641925,2495.113877709032749408,28996.851874757136101834,16329.029653610568857403
1763654.791749748867005110,1394.044345496656887917,29292.414375704440317350,18485.176488961202267092
1764340.364538691239431500,358.978320712814308990,29431.603478466971864691,20412.908943688442377606
1764947.493644851492717862,-559.067170047838999380,29454.259031273992150091,22050.610666895339818439
1765449.644612962147220969,-1317.263338350114281639,29407.037481095114344498,23356.003163145374855958
1765824.871036128606647253,-1882.265448469439206747,29335.179604736826149747,24302.546836191966576735
1766056.773719122400507331,-2230.536526198961837508,29275.842499804031831445,24875.243788535866769962
1766135.217401904519647360,-2348.158734295310750895,29253.262621132544154534,25066.845268806468084222
1766213.661084686638787389,-2465.680776172007881542,29229.434782445234304760,25257.377302288197824964
1766445.563767680432647467,-2812.485669338203479128,29151.809198665909207193,25814.404873796251195017
1766820.790190846892073750,-3371.440392763879572158,29004.089926409436884569,26696.012061253961292095
1767322.941158957546576858,-4114.625830466752631764,28765.474684246350079775,27838.009078236715140520
1767930.070265117799863219,-5004.639869301861835993,28417.941333318394754315,29161.445083534115838120
1768615.643054060172289610,-5996.797078472925932147,27952.984992924371908884,30581.311697265664406586
1769349.696705164620652795,-7042.119503696824722283,27376.114431461857748218,32015.041293881960882572
1770100.149551497772336006,-8090.731165359456099395,26708.327245822281838628,33389.557598314459028188
1770834.203202602220699191,-9095.133304491297167260,25984.661327571411675308,34646.024632193788420409
1771519.775991544593125582,-10012.880265012292511528,25250.500973355035966961,35741.931162814609706402
1772126.905097704846411943,-10808.346257427359887515,24556.553817095700651407,36650.618792912719072774
1772629.056065815500915051,-11453.496776919615513179,23953.392783596795197809,37358.740920002906932496
1773004.282488981960341334,-11927.793279920122586191,23486.290371343013248406,37862.399880662778741680
1773236.185171975754201412,-12217.523244190841069212,23190.855755512471660040,38162.843348033311485779
1773314.628854757873341441,-12314.932026268437766703,23089.781910089015582344,38262.604532278761325870
1773393.072537539759650826,-12412.037592566646708292,22988.139548382354405476,38361.423561352254182566
1773624.975220533553510904,-12697.324917533020197880,22684.374188294452324044,38648.062106045617838390
1774000.201643700012937188,-13153.211077164525704575,22182.729298244226811221,39094.499172348449064884
1774502.352611810667440295,-13752.041475411673673079,21492.518463502132362919,39658.550758344230416697
1775109.481717970920726657,-14458.434460700986164738,20630.602160640388319734,40289.782414130604593083
1775795.054506913293153048,-15232.270658064111557906,19623.445733282522269292,40936.261011256196070462
1776529.108158017741516232,-16031.999863209042814560,18508.001666376832872629,41551.026553149880783167
1777279.561004350893199444,-16817.862016494342242368,17331.019810865793260746,42097.287908927028183825
1778013.614655455341562629,-17554.608663690116372891,16146.802531973537043086,42551.624099153988936450
1778699.187444397713989019,-18213.380679564084857702,15013.757175496852141805,42904.835176971391774714
1779306.316550557967275381,-18772.538793142710346729,13990.287940134363452671,43160.471038568197400309
1779808.467518668621778488,-19217.432301859182189219,13130.604222383944943431,43331.425067426571331453
1780183.693941835081204772,-19539.294692176721582655,12480.932866840832502930,43435.274544263418647461
1780415.596624828875064850,-19733.631224349890544545,12076.459265919567769743,43489.245005015989590902
1780494.040307610994204879,-19798.568287518999568420,11939.147604395158850821,43505.735834318751585670
1780572.483990393113344908,-19863.099304946368647506,11801.591084506442712154,43521.334362533518287819
1780804.386673386907204986,-20051.486269060049380641,11393.529648812920640921,43562.230377886982751079
1781179.613096553366631269,-20348.687779397248959867,10728.985608869494171813,43611.885625820286804810
1781681.764064664021134377,-20731.493367900908197043,9831.849134039957789355,43646.390639146098692436
1782288.893170824274420738,-21171.088625163210963365,8736.223593317652557744,43639.242387662445253227
1782974.465959766646847129,-21636.212882244682987221,7486.217714554304620833,43566.772898646850080695
1783708.519610871095210314,-22096.510986203935317462,6134.826459824621451844,43413.268951944286527578
1784458.972457204246893525,-22525.629261048095941078,4741.757368907931777358,43174.885747539206931833
1785193.026108308695256710,-22903.611118917611747747,3370.324972011228510382,42861.657067150154034607
1785878.598897251067683101,-23218.221587299594830256,2083.770340752718766453,42497.202492224336310755
1786485.728003411320969462,-23464.976839571441814769,941.500507796855117704,42116.090018969975062646
1786987.878971521975472569,-23645.868210762411763426,-4.254355816573422544,41759.191579087346326560
1787363.105394688434898853,-23767.025514271972497227,-711.002238360360706793,41467.724036644460284151
1787595.008077682228758931,-23835.812378090548008913,-1147.636914875144157122,41276.940436972588940989
1787673.451760464347898960,-23858.015863387860008515,-1295.286498784042578336,41210.559275875413732138
1787751.895443246467038989,-23879.678037204124848358,-1442.906692608852608828,41143.243040272827784065
1787983.798126240260899067,-23940.533177645971591119,-1879.110379757536293255,40938.758235429799242411
1788359.024549406720325351,-24028.810003104754287051,-2584.064778048912103259,40590.498072949252673425
1788861.175517517374828458,-24126.893578099850856233,-3525.253934844689865713,40090.605313900327018928
1789468.304623677628114820,-24214.081922310240770457,-4658.527954088171100011,39434.090740815649041906
1790153.877412620000541210,-24269.961611374525091378,-5929.940154994788827025,38623.481403668578423094
1790887.931063724448904395,-24277.954377554859092925,-7278.515477315535463276,37673.104874580363684800
1791638.383910057600587606,-24228.513166226566681871,-8639.900434764282181277,36612.123875504774332512
1792372.437561162048950791,-24121.420832621242880123,-9950.591398358546939562,35485.572322058877034578
1793058.010350104421377182,-23966.689214844151138095,-11152.191379137806507060,34352.898890957032563165
1793665.139456264674663544,-23783.698015515921724727,-12194.990586669096956030,33283.885269025246088859
1794167.290424375329166651,-23598.474941155949636595,-13040.194841028484006529,32352.248433190306968754
1794542.516847541788592935,-23439.396364256528613623,-13660.405800409896983183,31627.703460613091010600
1794774.419530535582453012,-23332.019077331024163868,-14038.470420898489464889,31167.657943443711701548
1794852.863213317701593041,-23294.106291608630272094,-14165.404214637746918015,31009.911907434212480439
1794931.306896099587902427,-23255.381933863940503215,-14291.844476294410924311,30851.085399617069924716
1795163.209579093381762505,-23136.112428950014873408,-14662.675808629648599890,30375.208399495182675309
1795538.436002259841188788,-22927.726923006364813773,-15252.868312553764553741,29585.043846302367455792
1796040.586970370495691895,-22618.266460917049698764,-16022.234331914762151428,28488.211185180451138876
1796647.716076530748978257,-22195.631339308780297870,-16917.929379363733460195,27101.133384701708564535
1797333.288865473121404648,-21651.644032118874747539,-17878.272535219890414737,25453.480788492801366374
1798067.342516577569767833,-20986.439446941250935197,-18837.993582863044139231,23592.172723001058329828
1798817.795362910721451044,-20212.544573609407962067,-19734.767120931464887690,21583.910043751875491580
1799551.849014015169814229,-19357.862303319601778639,-20516.475382356242334936,19515.250970485703874147
1800237.421802957542240620,-18466.672153073668596335,-21148.073229843696026364,17489.468739356267178664
1800844.550909117795526981,-17597.802298259000963299,-21616.340135822574666236,15619.924218405039937352
1801346.701877228450030088,-16819.457585908603505231,-21930.516186392291274387,14020.475830017134285299
1801721.928300394909456372,-16200.911038507052580826,-22117.328751416007435182,12794.361442687026283238
1801953.830983388703316450,-15802.283641511517998879,-22210.595252889921539463,12023.583041688569210237
1802032.274666170822456479,-15664.557477377142276964,-22238.113104958396434085,11760.643992990673723398
1802110.718348952941596508,-15525.355024750624579610,-22263.535095216859190259,11496.596449028149436344
1802342.621031946735456586,-15105.095897482899090392,-22326.078541646726080216,10709.584706186671610340
1802717.847455113194882870,-14396.877014956948187319,-22385.274121096255839802,9416.360650240725590265
1803219.998423223849385977,-13392.710623230857891031,-22376.218703517155518057,7649.236345181944670912
1803827.127529384102672338,-12088.826588219943005242,-22214.192813214151101420,5462.147493056419079949
1804512.700318326475098729,-10493.086145348506761366,-21802.835100233132834546,2937.902729797737265471
1805246.753969430923461914,-8634.223079574052462704,-21047.740075023946701549,194.782380649667288708
1805997.206815764075145125,-6571.785764664900852949,-19877.595001715475518722,-2611.016860154717960540
1806731.260466868523508310,-4403.685177685826602101,-18273.499479681991942925,-5293.019673385706482804
1807416.833255810895934701,-2265.227690041536334320,-16301.381009366126818350,-7659.369745767693530070
1808023.962361971149221063,-312.327445700382497762,-14131.605289759485458490,-9556.521573435718892142
1808526.113330081803724170,1311.225740358178427414,-12023.095892220866517164,-10915.716903099955743528
1808901.339753248263150454,2506.405604897946432175,-10265.200954717780405190,-11769.064916726538285729
1809133.242436242057010531,3228.486593497042122181,-9105.337966906196015771,-12214.617756311356060905
1809211.686119024176150560,3468.832438182690111717,-8701.102537938064415357,-12349.913132231544295792
1809290.129801806062459946,3706.894961798256645125,-8291.141205078543862328,-12477.075914725808615913
1809522.032484799856320024,4395.498610811531762010,-7047.669064837373298360,-12803.636232643664698116
1809897.258907966315746307,5451.533971668879530625,-4948.885667693079085439,-13167.147522045896039344
1810399.409876076970249414,6722.808618824875338760,-2020.414000028705459044,-13317.042796280285983812
1811006.538982237223535776,7994.943049029465328204,1591.416384866265616438,-12979.283711407457303721
1811692.111771179595962167,9042.877387860537055531,5588.202281281997784390,-11969.845200052373911603
1812426.165422284044325352,9712.154918645484940498,9588.645320973400885123,-10288.822035268698527943
1813176.618268617196008563,9966.837471791663119802,13258.676219289325672435,-8111.906308155461374554
1813910.671919721644371748,9871.269913448242732557,16395.310663361276965588,-5698.100026714270825323
1814596.244708664016798139,9539.307201691592126735,18926.419975895554671297,-3300.165842952810180577
1815203.373814824270084500,9092.027178050346265081,20867.323560401051508961,-1121.004573014888819671
1815705.524782934924587607,8635.354006828809360741,22275.896726888673583744,693.724500788222030678
1816080.751206101384013891,8251.823406741656071972,23220.641967757852398790,2047.284808988339818825
1816312.653889095177873969,7999.164185255744087044,23761.087683091882354347,2880.331694630647689337
1816391.097571877297013998,7911.233833015445270576,23936.664858065672888188,3161.294957615336443268
1816469.541254659416154027,7822.120218590775039047,24108.662112209516635630,3441.785456604367027467
1816701.443937653210014105,7552.103422184261035000,24596.644099410295893904,4267.933792798562535609
1817076.670360819669440389,7096.228636733689199900,25323.748684346850495785,5593.473223429841709731
1817578.821328930323943496,6454.572595657628880872,26183.145411433521076106,7341.799413343202104443
1818185.950435090577229857,5639.526752422163554002,27062.006115692467574263,9410.265894256397587014
1818871.523224032949656248,4679.426639991807860497,27863.039206249046401354,11679.189099017217813525
1819605.576875137398019433,3617.460245317231510853,28518.436450925146345980,14023.760038314903795253
1820356.029721470549702644,2507.095099970237697562,28994.860114067625545431,16325.690569622667680960
1821090.083372574998065829,1406.126344780697536407,29291.047865986256510951,18482.010475285253050970
1821775.656161517370492220,371.096591168703412222,29430.799433876374678221,20409.901833326224732446
1822382.785267677623778582,-546.958489893545674931,29453.936893252790468978,22047.741451448073348729
1822884.936235788278281689,-1305.189521028648641732,29407.103049437668232713,23353.245760285350115737
1823260.162658954737707973,-1870.232443576299147026,29335.528726882861519698,24299.871594244286825415
1823492.065341948531568050,-2218.534721922539119987,29276.364314421756716911,24872.618718407597043552
1823570.509024730650708079,-2336.168483797692715598,29253.842417302934336476,25064.237064265278604580
1823648.952707512769848108,-2453.702575609256200551,29230.072343135394476121,25254.785909830545278965
1823880.855390506563708186,-2800.545940912116748223,29152.616271366081491578,25811.862869583459541900
1824256.081813673023134470,-3359.571649389436970523,29005.167362023010355188,26693.548977744783769595
1824758.232781783677637577,-4102.868145795693635591,28766.906559395578369731,27835.649705196879949654
1825365.361887943930923939,-4993.039446498709367006,28419.790824736719514476,29159.208234260288008954
1826050.934676886303350329,-5985.402230593671447423,27955.292184296686173184,30579.209536338315956527
1826784.988327990751713514,-7030.975015099257689144,27378.895943672512657940,32013.079217758662707638
1827535.441174323903396726,-8079.872253158488092595,26711.577390527738316450,33387.734564174279512372
1828269.494825428351759911,-9084.580296911652112613,25988.354390154894645093,34644.333781245746649802
1828955.067614370724186301,-10002.634809366496483563,25254.594207438691228162,35740.360589917494507972
1829562.196720530977472663,-10798.389507414100080496,24560.990754198523063678,36649.152356644233805127
1830064.347688641631975770,-11443.789678690738583100,23958.106516924406605540,37357.359039659728296101
1830439.574111808091402054,-11918.278819681720051449,23491.206559521753661102,37861.080308572054491378
1830671.476794801885262132,-12208.130343920884115505,23195.895206537774356548,38161.561927852060762234
1830749.920477584004402161,-12305.580667465274018468,23094.862735391358000925,38261.335957596587832086
1830828.364160365890711546,-12402.727985881861968664,22993.261586081476707477,38360.167802465250133537
1831060.266843359684571624,-12688.139957657402192126,22689.617116804500255967,38646.844063826276396867
1831435.493266526143997908,-13144.231555732678316417,22188.164847712774644606,39093.341634177297237329
1831937.644234636798501015,-13743.343872672534416779,21498.206037583353463560,39657.473232782540435437
1832544.773340797051787376,-14450.087860539137182059,20636.585681804965133779,40288.800272565371415112
1833230.346129739424213767,-15224.332959977760765469,19629.751929208097863011,40935.384962715288565960
1833964.399780843872576952,-16024.513737507402765914,18514.639822133674897486,41550.262421525789250154
1834714.852627177024260163,-16810.851184364822984207,17337.982838112049648771,42096.636647382278169971
1835448.906278281472623348,-17548.075069018665089970,16154.069069234994458384,42551.081970584120426793
1836134.479067223845049739,-18207.302988229082984617,15021.294341526267089648,42904.394047303445404395
1836741.608173384098336101,-18766.872461908857076196,13998.054321897083354997,43160.118759367687744088
1837243.759141494752839208,-19212.111255520099803107,13138.552697398248710670,43331.145951859863998834
1837618.985564661212265491,-19534.234473524727945914,12489.012940921251356485,43435.049954848676861729
1837850.888247655006125569,-19728.733358435041736811,12084.618747079453896731,43489.054067729877715465
1837929.331930437125265598,-19793.725532951561035588,11947.333611243524501333,43505.556273726913786959
1838007.775613219244405627,-19858.311758079427818302,11809.803447366968612187,43521.166175798134645447
1838239.678296213038265705,-20046.862486787165835267,11401.818932512587707606,43562.095801698822469916
1838614.904719379497691989,-20344.330677883332100464,10737.396184899409490754,43611.805403421611117665
1839117.055687490152195096,-20727.496294120377569925,9840.415845068035196164,43646.383146372689225245
1839724.184793650405481458,-21167.531329083740274655,8744.969494556937206653,43639.322909362126665656
1840409.757582592777907848,-21633.157592161704087630,7495.153115933007029525,43566.953064656991045922
1841143.811233697226271033,-22093.998914688734657830,6143.949324768600490643,43413.556315991285373457
1841894.264080030377954245,-22523.677920275727956323,4751.054950887578343099,43175.283483026658359449
1842628.317731134826317430,-22902.212786370484536747,3379.776405878646073688,42862.163763747463235632
1843313.890520077198743820,-23217.343147999119537417,2093.349769333247877512,42497.812061934710072819
1843921.019626237452030182,-23464.561070695472153602,951.180235749335224682,42116.791749438190890942
1844423.170594348106533289,-23645.836409719726361800,5.498795765348916120,41759.970391942282731179
1844798.397017514565959573,-23767.281241685577697353,-701.199999503134904444,41468.561007784919638652
1845030.299700508359819651,-23836.246020082413451746,-1137.806858141889506442,41277.813608319673221558
1845108.743383290478959680,-23858.509718270335724810,-1285.447473473732543425,41211.444738543134008069
1845187.187066072598099709,-23880.232119231455726549,-1433.058923330034303945,41144.140818151208804920
1845419.089749066391959786,-23941.265383038105937885,-1869.238083846738391003,40939.692563579417765141
1845794.316172232851386070,-24029.830600909492204664,-2574.157040557206073572,40591.492010736430529505
1846296.467140343505889177,-24128.300308448277064599,-3515.307154304085543117,40091.679990510143397842
1846903.596246503759175539,-24215.955449372169823619,-4648.547183159112137218,39435.264629067045461852
1847589.169035446131601930,-24272.361595701266196556,-5919.939073052924868534,38624.769611615694884676
1848323.222686550579965115,-24280.916482559983705869,-7268.514894536398969649,37674.518440959553117864
1849073.675532883731648326,-24232.047304438365245005,-8629.925419479346601292,36613.669068780116504058
1849807.729183988180011511,-24125.510872426220885245,-9940.667334238263720181,35487.249975663085933775
1850493.301972930552437901,-23971.294211632713995641,-11142.339482911553204758,34354.703853084130969364
1851100.431079090805724263,-23788.754829131470614811,-12185.223620429818765842,33285.806088690318574663
1851602.582047201460227370,-23603.901903369012870826,-13030.513878196728910552,32354.267423899102141149
1851977.808470367919653654,-23445.097529976184887346,-13650.798869085125261336,31629.797260127135814400
1852209.711153361713513732,-23337.888590953389211791,-14028.913576924074732233,31169.798618385160807520
1852288.154836143832653761,-23300.032546218659263104,-14155.865080232284526573,31012.068551461456081597
1852366.598518925718963146,-23261.364822774554340867,-14282.323444430880044820,30853.258070417708950117
1852598.501201919512823224,-23142.262102068238164065,-14653.210622993665310787,30377.428790903712069849
1852973.727625085972249508,-22934.144308799928694498,-15243.501046026514814002,29587.342548079130210681
1853475.878593196626752615,-22625.037586669899610570,-16013.013332496871953481,28490.616861423786758678
1854083.007699356880038977,-22202.822411660610669060,-16908.909858005939895520,27103.671819341918308055
1854768.580488299252465367,-21659.297671186701336410,-17869.515356155403424054,25456.173748810728284298
1855502.634139403700828552,-20994.572498130270105321,-18829.561928048537083669,23595.036625126143917441
1856253.086985736852511764,-20221.147889894360559992,-19726.720873471102095209,21586.954480140000669053
1856987.140636841300874949,-19366.902758869640820194,-20508.863359786024375353,19518.477283782602171414
1857672.713425783673301339,-18476.096880664674245054,-21140.923863871710636886,17492.868972690226655686
1858279.842531943926587701,-17607.544719151075696573,-21609.651874745737586636,15623.480857051166822203
1858781.993500054581090808,-16829.444260038388165412,-21924.249685767248593038,14024.162647708264557878
1859157.219923221040517092,-16211.067866786021113512,-22111.403463450300478144,12798.145403536058438476
1859389.122606214834377170,-15812.539821496522563393,-22204.892767500503396150,12027.426725246214118670
1859467.566288996953517199,-15674.846197914255753858,-22232.488135774274269352,11764.507790629757437273
1859546.009971779072657228,-15535.675727873864161666,-22257.988756330491014523,11500.480305606108231586
1859777.912654772866517305,-15115.507770454238197999,-22320.771335320314392447,10713.527471052280816366
1860153.139077939325943589,-14407.425002397727439529,-22380.375930390608118614,9420.397053097731259186
1860655.290046049980446696,-13403.416253203771702829,-22371.913797162189439405,7653.393163957875003689
1861262.419152210233733058,-12099.679353252982764388,-22210.682567416111851344,5466.437996366099469014
1861947.991941152606159449,-10504.035871786945790518,-21800.336524254911637399,2942.318698491731538525
1862682.045592257054522634,-8645.174173820551004610,-21046.476920037723175483,199.283629407321086546
1863432.498438590206205845,-6582.595389690048250486,-19877.776710516303865006,-2606.513457554743126821
1864166.552089694654569030,-4414.169873567788272339,-18275.283486926360637881,-5288.645093319783882180
1864852.124878637026995420,-2275.186240688016368949,-16304.820807293845064123,-7655.289374881986077526
1865459.253984797280281782,-321.587169376959536748,-14136.604000917155644856,-9552.892542042643981404
1865961.404952907934784889,1302.745493550335595501,-12029.400254717529605841,-10912.625252517977060052
1866336.631376074394211173,2498.641801297261736181,-10272.452262346396310022,-11766.478697899718099507
1866568.534059068188071251,3221.225515996906324290,-9113.146656595963577274,-12212.387059742377459770
1866646.977741850307211280,3461.751803379293050966,-8709.093117637510658824,-12347.809669672615200398
1866725.421424632426351309,3699.999969416279782308,-8299.309775476895083557,-12475.102999917784472927
1866957.324107626220211387,4389.182208005860047706,-7056.337923253600820317,-12802.067039800289421692
1867332.550530792679637671,5446.242089274515819852,-4958.265719337777227338,-13166.276663046681278502
1867834.701498903334140778,6719.028784913569324999,-2030.514314348083189543,-13317.149786127729385043
1868441.830605063587427139,7993.119167380134058476,1580.841103070695226052,-12980.538353363808710128
1869127.403394005959853530,9043.272055067391193006,5577.583221494053759670,-11972.213721620586511563
1869861.457045110408216715,9714.763004075275603100,9578.420479206622985657,-10292.077585261995409383
1870611.909891443559899926,9971.425849173809183412,13249.140851605065108743,-8115.745237733686735737
1871345.963542548008263111,9877.490950251607500832,16386.585436086392292054,-5702.255043693812694983
1872031.536331490380689502,9546.797065041542737163,18918.494141503357241163,-3304.451895538818916975
1872638.665437650633975863,9100.457541545636559022,20860.107464878110477002,-1125.314565941062937782
1873140.816405761288478971,8644.448120224940794287,22269.258079235256445827,689.440680481141043856
1873516.042828927747905254,8261.353381272290789639,23214.426338540197320981,2043.040514927903359421
1873747.945511921541765332,8008.939983115697941685,23755.129372203417005949,2876.118549564939712582
1873826.389194703660905361,7921.088925713504067971,23930.792842931554332608,3157.093346760876102053
1873904.832877485547214746,7832.052714709025167394,24102.876009843832434854,3437.595842111267302244
1874136.735560479341074824,7562.254014347865449963,24591.109715167393005686,4263.782119767492076789
1874511.961983645800501108,7106.699895458990795305,25318.614338113286066800,5589.389648326326096139
1875014.112951756455004215,6465.415719318240917346,26178.532386228504037717,7337.816947999329386221
1875621.242057916708290577,5650.741079639473355201,27058.002391263602476101,9406.416132741609544610
1876306.814846859080716968,4690.969429564220263273,27859.697103829337720526,11675.497369605367566692
1877040.868497963529080153,3629.261916291150100733,28515.773692854800174246,14020.242020870835403912
1877791.321344296680763364,2519.075286584130481060,28992.863124377217900474,16322.351089004156165174
1878525.374995401129126549,1418.207631593670157599,29289.676146012410754338,18478.844077752994053299
1879210.947784343501552939,383.214430748152949491,29429.990213063691044226,20406.894352315830474254
1879818.076890503754839301,-534.850005513354972209,29453.609621107614657376,22044.871877513574872864
1880320.227858614409342408,-1293.115714088920185532,29407.163526235293829814,23350.488009082931966987
1880695.454281780868768692,-1858.199315438246230769,29335.872793575523246545,24297.196011501182510983
1880927.356964774662628770,-2206.532713786404656275,29276.881097629884607159,24869.993312113165302435
1881005.800647556781768799,-2324.178002499815193005,29254.417190488256892422,25061.628525115953380009
1881084.244330338900908828,-2441.724117468268559605,29230.704889409898896702,25252.194184318352199625
1881316.147013332694768906,-2788.605876675836498180,29153.418355817306292010,25809.320536880662984913
1881691.373436499154195189,-3347.702446470712857263,29006.239854287377966102,26691.085573029500665143
1882193.524404609808698297,-4091.109841206883174891,28768.333556012643384747,27833.290020471769821597
1882800.653510770061984658,-4981.438217313710083545,28421.635522798107558629,29156.971084420227271039
1883486.226299712434411049,-5974.006374821397002961,27957.594686842076043831,30577.107086837779206689
1884220.279950816882774234,-7019.829312644045785419,27381.672888071188936010,32011.116865208769013407
1884970.732797150034457445,-8069.011926199048502895,26714.823100119512673700,33385.911265269794967026
1885704.786448254482820630,-9074.025686840648631915,25992.043155544204637408,34642.642676205476163886
1886390.359237196855247021,-9992.387583240022649989,25258.683279871511331294,35738.789772251249814872
1886997.488343357108533382,-10788.430843760103016393,24565.423654758575139567,36647.685683357020025142
1887499.639311467763036489,-11434.080552225224892027,23962.816320580583123956,37355.976928358875738923
1887874.865734634222462773,-11908.762247755845237407,23496.118899800658255117,37859.760509851374081336
1888106.768417628016322851,-12198.735281299374037189,23200.930860990752989892,38160.280283631051133852
1888185.212100410135462880,-12296.227129328388400609,23099.939781617147673387,38260.067159736390749458
1888263.655783192021772265,-12393.416182959243087680,22998.379862266556301620,38358.911821254725509789
1888495.558466185815632343,-12678.952752023747962085,22694.856336106098751770,38645.625801767491793726
1888870.784889352275058627,-13135.249709835676185321,22193.596773800101800589,39092.183880054493783973
1889372.935857462929561734,-13734.643842831957954331,21503.890105376100109424,39656.395496222758083604
1889980.064963623182848096,-14441.738713213509981870,20642.565841515686770435,40287.817925619958259631
1890665.637752565555274487,-15216.392584337419975782,19636.054931294322159374,40934.508714664472790901
1891399.691403670003637671,-16017.024800607467113878,18521.274968018424260663,41549.498096138755499851
1892150.144250003155320883,-16803.837410669930250151,17344.943048072909732582,42095.985197393361886498
1892884.197901107603684068,-17541.538411305256886408,16161.332981719629970030,42550.539658244895690586
1893569.770690049976110458,-18201.222125746055098716,15028.829066032807531883,42903.952737773353874218
1894176.899796210229396820,-18761.202868083215435036,14005.818427050346144824,43159.766303402939229272
1894679.050764320883899927,-19206.786874000565148890,13146.499033969557785895,43330.866661838103027549
1895054.277187487343326211,-19529.170867252403695602,12497.090980801671321387,43434.825192556410911493
1895286.179870481137186289,-19723.832073262183257611,12092.776258878629960236,43488.862958478341170121
1895364.623553263256326318,-19788.879348558042693185,11955.517670733841441688,43505.376541467347124126
1895443.067236045375466347,-19853.520770886021637125,11818.013884907113606459,43520.997817687268252485
1895674.969919039169326425,-20042.235233541883644648,11410.106356244030394009,43561.961054967141535599
1896050.196342205628752708,-20339.970057068851019721,10745.805007330329317483,43611.725011724738578778
1896552.347310316283255816,-20723.495638809206866426,9848.980946019810289727,43646.375485773074615281
1897159.476416476536542177,-21163.970380004226171877,8753.713960960260010324,43639.403264718370337505
1897845.049205418908968568,-21630.098573399198357947,7504.087282490349025466,43567.133065606496529654
1898579.102856523357331753,-22091.483039472270320402,6153.071171402344589296,43413.843515887907415163
1899329.555702856509014964,-22521.722705670104915043,4760.351738250385096762,43175.681054793283692561
1900063.609353960957378149,-22900.810517981208249694,3389.227266066885476903,42862.670296545533346944
1900749.182142903329804540,-23216.460721001363708638,2102.928832350504308124,42498.421467317537462804
1901356.311249063583090901,-23464.141273234996333485,960.859783772546279579,42117.493314734943851363
1901858.462217174237594008,-23645.800549954074085690,15.251921840697917787,41760.749038654146715999
1902233.688640340697020292,-23767.532890087160922121,-691.397670265242027199,41469.397811890885350294
1902465.591323334490880370,-23836.675571497016790090,-1127.976639201708849214,41278.686612009310920257
1902544.035006116610020399,-23858.999478834139154060,-1275.608261626061221250,41212.330033330094011035
1902622.478688898729160428,-23880.782103285630000755,-1423.210943166278639183,41145.038427919098467100
1902854.381371892523020506,-23941.993480165689106798,-1859.365504973561201041,40940.626722901622997597
1903229.607795058982446790,-24030.847075442474306328,-2564.248903174384849990,40592.485778415226377547
1903731.758763169636949897,-24129.702898697596538113,-3505.359816825059624534,40092.754495058376051020
1904338.887869329890236259,-24217.824821134152443847,-4638.565664593357723788,39436.438342519606521819
1905024.460658272262662649,-24274.757414625066303415,-5909.937027127721194120,38626.057641160674393177
1905758.514309376711025834,-24283.874420082731376169,-7258.513115023720274621,37675.931824450708518270
1906508.967155709862709045,-24235.577282946651394013,-8619.948968411770692910,36615.214073880008072592
1907243.020806814311072230,-24129.596770468000613619,-9930.741599500601296313,35488.927435203542700037
1907928.593595756683498621,-23975.895093284194445005,-11132.485695881685387576,34356.508614982863946352
1908535.722701916936784983,-23793.807559702403523261,-12175.454567715307348408,33287.726702114581712522
1909037.873670027591288090,-23609.324815516363742063,-13020.830666568494052626,32356.286202993647748372
1909413.100093194050714374,-23450.794674291330011329,-13641.189567379966320004,31631.890843772689549951
1909645.002776187844574451,-23343.754102678140043281,-14019.354287298307099263,31171.939074726520630065
1909723.446458969963714480,-23305.954805848123214673,-14146.323474691600495134,31014.224975946970516816
1909801.890141751850023866,-23267.343723785230395151,-14272.799915936649995274,30855.430520726065878989
1910033.792824745643883944,-23148.407809191070555244,-14643.742865285861626035,30379.648958958048751811
1910409.019247912103310227,-22940.557767207010329003,-15234.131085135632019956,29589.641021708637708798
1910911.170216022757813334,-22631.804843128495122073,-16003.789474593257182278,28493.022302799592580413
1911518.299322183011099696,-22210.009695449509308673,-16899.887278947167942533,27106.210010549250000622
1912203.872111125383526087,-21666.947627884826943045,-17860.754893248766165925,25458.866455517607391812
1912937.925762229831889272,-21002.702000218803732423,-18821.126745580582792172,23597.900262308601668337
1913688.378608562983572483,-20229.747816829156363383,-19718.670846865530620562,21589.998639842367992969
1914422.432259667431935668,-19375.940007460631022695,-20501.247309303944348358,19521.703309248714504065
1915108.005048609804362059,-18485.518598349193780450,-21133.770234513449395308,17496.268908779176854296
1915715.134154770057648420,-17617.284329297210206278,-21602.959138600956066512,15627.037191717232417432
1916217.285122880712151527,-16839.428308030881453305,-21917.978532300690858392,14027.849157726017438108
1916592.511546047171577811,-16221.222220018165899091,-22105.473387965965230251,12801.929055564220107044
1916824.414229040965437889,-15822.793625948632325162,-22199.185410490525100613,12031.270100171544982004
1916902.857911823084577918,-15685.132577701753689325,-22226.858266362785798265,11768.371279882132512284
1916981.301594605203717947,-15545.994125616392921074,-22252.437488527517416514,11504.363854143453863799
1917213.204277598997578025,-15125.917446145809662994,-22315.459114768545987317,10717.469929543080070289
1917588.430700765457004309,-14417.970979365365565172,-22375.472585796142084291,9424.433154655671387445
1918090.581668876111507416,-13414.120148119038276491,-22367.603546719885343919,7657.549694134911987931
1918697.710775036364793777,-12110.530760891555473791,-22207.166742588782653911,5470.728238939967923216
1919383.283563978737220168,-10514.984737463706551353,-21797.832098789680458140,2946.734462051054833864
1920117.337215083185583353,-8656.125040773384171189,-21045.207625918301346246,203.784775601091723729
1920867.790061416337266564,-6593.405571659073757473,-19877.952001689231110504,-2602.009982773158299096
1921601.843712520785629749,-4424.656060161383720697,-18277.060861766149173491,-5284.270170740529465547
1922287.416501463158056140,-2285.147330010680889245,-16308.253895079777066712,-7651.208293221936401096
1922894.545607623411342502,-330.850506937364627902,-14141.596124534351474722,-9549.262374812236885191
1923396.696575734065845609,1294.260659733758984657,-12035.698346891413166304,-10909.532064891909612925
1923771.922998900525271893,2490.872662251700603520,-10279.697704788721239311,-11763.890640024841559352
1924003.825681894319131970,3213.958646400971247203,-9120.949812820386796375,-12210.154350081145821605
1924082.269364676438271999,3454.665225077249033347,-8717.078290585426657344,-12345.704139056739222724
1924160.713047458557412028,3693.098884332894158433,-8307.473073152303186362,-12473.127964583492939710
1924392.615730452351272106,4382.859288295796432067,-7065.001947010062394838,-12800.495588921532544191
1924767.842153618810698390,5440.943079709661105881,-4967.641766347568591300,-13165.403394565561029594
1925269.993121729465201497,6715.241218463976110797,-2040.611906792140871403,-13317.254334494067734340
1925877.122227889718487859,7991.287224057065941452,1570.266908518120089866,-12981.790780785646347795
1926562.695016832090914249,9043.658804287348175421,5566.963566171622005641,-11974.580524086773948511
1927296.748667936539277434,9717.363750891217932804,9568.193625409385276726,-10295.332019477464200463
1928047.201514269690960646,9976.007691940983932000,13239.602442338113178266,-8119.583581974506159895
1928781.255165374139323831,9883.706276494878693484,16377.856475090027743136,-5706.409856523267080775
1929466.827954316511750221,9554.281947289708114113,18910.564120988128706813,-3308.737987176754813845
1930073.957060476765036583,9108.883516932211932726,20852.886890122175827855,-1129.624742890355491909
1930576.108028587419539690,8653.538295887874483014,22262.614765227488533128,685.156593397696383363
1930951.334451753878965974,8270.879731822988105705,23208.205928669223794714,2038.795908968763569646
1931183.237134747672826052,8018.712341702661433374,23749.166219224021915579,2871.905070482787323272
1931261.680817529791966081,7930.940640093280308065,23924.915966365664644400,3152.891395279423704778
1931340.124500311678275466,7841.981892712763510644,24097.085027396540681366,3433.405880789040566015
1931572.027183305472135544,7572.401462106528015283,24585.570399543339590309,4259.630083777028630720
1931947.253606471931561828,7117.168277989870148303,25313.474988635014597094,5585.305690267089630652
1932449.404574582586064935,6476.256302883420175931,26173.914280514873098582,7333.834082395018413081
1933056.533680742839351296,5661.953242108834274404,27053.993517568789684447,9402.565960733050815179
1933742.106469685211777687,4702.510442939747008495,27856.349801865610061213,11671.805227829459909117
1934476.160120789660140872,3641.062191831520522101,28513.105708583974774228,14016.723596425845244084
1935226.612967122811824083,2531.054435202444892639,28990.860906030338810524,16319.011211677787287044
1935960.666618227260187268,1430.288203642137204952,29288.299215990820812294,18475.677296286808996229
1936646.239407169632613659,395.331837208475747047,29429.175816119492083089,20403.886500580887513934
1937253.368513329885900021,-522.741719104961930498,29453.277214832094614394,22042.001945017342222854
1937755.519481440540403128,-1281.041919691171187878,29407.218911405805556569,23347.729909465509990696
1938130.745904606999829412,-1846.166066187317255753,29336.211804678285261616,24294.520087891636649147
1938362.648587600793689489,-2194.530503905050409230,29277.392849259231297765,24867.367569582591386279
1938441.092270382912829518,-2312.187292510212955676,29254.986940508460975252,25059.019651288872410078
1938519.535953165031969547,-2429.745403851609353296,29231.332421077866456471,25249.602125682347832480
1938751.438636158825829625,-2776.665478714213350031,29154.215451797164860182,25806.777875619645783445
1939126.665059325285255909,-3335.832786063660478248,29007.307402930411626585,26688.621847041671571787
1939628.816027435939759016,-4079.350918717106651457,28769.755673761323123472,27830.930023997396347113
1940235.945133596193045378,-4969.836183715480729006,28423.475427092238533078,29154.733633952899253927
1940921.517922538565471768,-5962.609513069190143142,27959.892500070640380727,30575.004348706377641065
1941655.571573643013834953,-7008.682398183434997918,27384.445264087124087382,32009.154236178095743526
1942406.024419976165518165,-8058.150186269667756278,26718.064373948411230231,33384.087701550299243536
1943140.078071080613881350,-9063.469476002979718032,25995.727623017221048940,34640.951317025595926680
1943825.650860022986307740,-9982.138588296613306738,25262.768189866415923461,35737.218709771470457781
1944432.779966183239594102,-10778.470268074084742693,24569.852517933617491508,36646.218773009270080365
1944934.930934293894097209,-11424.369399085531767923,23967.522193679029442137,37354.594586060593428556
1945310.157357460353523493,-11899.243565669967210852,23501.027391261413868051,37858.440484462451422587
1945542.060040454147383571,-12189.338057831968399114,23205.962717933674866799,38158.998415332935110200
1945620.503723236266523600,-12286.871413356031553121,23105.013047822129010456,38258.798138661120901816
1945698.947406018385663629,-12384.102185289908447885,23003.494375986563682090,38357.655617684235039633
1945930.850089012179523706,-12669.763302101147928624,22700.091845229260798078,38644.407319833720976021
1946306.076512178638949990,-13126.265540906648311648,22199.025075506131543079,39091.025909945936291479
1946808.227480289293453097,-13725.941387274404405616,21509.570665841092704795,39655.317548632658144925
1947415.356586449546739459,-14433.387020048909107572,20648.542638687496946659,40286.835373264380905312
1948100.929375391919165850,-15208.449532399468807853,19642.354738406513206428,40933.632267076158314012
1948834.983026496367529035,-16009.533053691166060162,18527.907102845536428504,41548.733576963742962107
1949585.435872829519212246,-16796.820696514248993481,17351.900439513250603341,42095.333558937811176293
1950319.489523933967575431,-17534.998691577671706909,16168.594268146109243389,42549.997162116276740562
1951005.062312876340001822,-18195.138093070032482501,15036.361347694024516386,42903.511248363261984196
1951612.191419036593288183,-18755.530012555584107758,14013.580254236880136887,43159.413670657995680813
1952114.342387147247791290,-19201.459158135916368337,13154.443230712926379056,43330.587197346911125351
1952489.568810313707217574,-19524.103874154054210521,12505.166985077134086168,43434.600257373429485597
1952721.471493307501077652,-19718.927369600125530269,12100.931799900050464203,43488.671677248908963520
1952799.915176089620217681,-19784.029735098582023056,11963.699781445040571271,43505.196637527835264336
1952878.358858871506527066,-19848.726344117425469449,11826.222395702197900391,43520.829288188877399080
1953110.261541865300387144,-20037.604510049830423668,11418.391918570836423896,43561.826137680640385952
1953485.487965031759813428,-20335.605917637731181458,10754.212074707342253532,43611.644450719504675362
1953987.638933142414316535,-20719.491402595122053754,9857.544435416493797675,43646.367657338698336389
1954594.768039302667602897,-21160.405778483887843322,8762.456991021315843682,43639.483453724446007982
1955280.340828245040029287,-21627.035826438230287749,7513.020212690760672558,43567.312901490717194974
1956014.394479349488392472,-22088.963360951027425472,6162.191998161084484309,43414.130551631758862641
1956764.847325682640075684,-22519.763617540309496690,4769.647729404063284164,43176.078462838995619677
1957498.900976787088438869,-22899.404313972470845329,3398.677550959068412340,42863.176665546525327954
1958184.473765729460865259,-23215.574306447539129294,2112.507528166767770017,42499.030708377118571661
1958791.602871889714151621,-23463.717447258411993971,970.539150212070353518,42118.194714866476715542
1959293.753840000368654728,-23645.760631473189278040,25.005020742524749267,41761.527519230796315242
1959668.980263166828081012,-23767.780459438825346297,-681.595252322219948837,41470.234448971445090137
1959900.882946160621941090,-23837.101032268172275508,-1118.146259735111698319,41279.559448051339131780
1959979.326628942741081119,-23859.485145003476645797,-1265.768864923161345359,41213.215160246378218289
1960057.770311724860221148,-23881.327989281242480502,-1413.362753801310418567,41145.935869586857734248
1960289.672994718654081225,-23942.717468914852361195,-1849.492644826261312119,40941.560713407554430887
1960664.899417885113507509,-24031.859426543582230806,-2554.340367595469615480,40593.479375997987517621
1961167.050385995768010616,-24131.101348625408718362,-3495.411924110567269963,40093.828827559074852616
1961774.179492156021296978,-24219.690037297848903108,-4628.583400101692859607,39437.611881189463019837
1962459.752281098393723369,-24277.149067760983598419,-5899.934018936402935651,38627.345492322063364554
1963193.805932202842086554,-24286.828189644362282706,-7248.510140498644432228,37677.345025075053854380
1963944.258778535993769765,-24239.103101175540359691,-8609.971083283375264728,36616.758890828510629945
1964678.312429640442132950,-24133.678526074345427332,-9920.814195864564680960,35490.604700707175652497
1965363.885218582814559340,-23980.491859035035304260,-11122.630019761305447901,34358.313176682902849279
1965971.014324743067845702,-23798.856206383101380197,-12165.683430230636076885,33289.647109330209787004
1966473.165292853722348809,-23614.743676683534431504,-13011.145207840107104857,32358.304770508246292593
1966848.391716020181775093,-23456.487796235433052061,-13631.577896982902529999,31633.984211585688171908
1967080.294399013975635171,-23349.615611506302229827,-14009.792553704241072410,31174.079312504745757906
1967158.738081796094775200,-23311.873069486980966758,-14136.779399696808468434,31016.381180928052344825
1967237.181764578213915229,-23273.318635874758911086,-14263.273892491222795798,30857.602750579331768677
1967469.084447572007775307,-23154.549549264436791418,-14634.272537179531354923,30381.868903696391498670
1967844.310870738467201591,-22946.967297119801514782,-15224.758431543370534200,29591.939267230740369996
1968346.461838849121704698,-22638.568229111973778345,-15994.562759849355643382,28495.427509349912725156
1968953.590945009374991059,-22217.193189404286385980,-16890.861643809257657267,27108.747958368399849860
1969639.163733951747417450,-21674.593900837040564511,-17851.991148090539354598,25461.558908661008899799
1970373.217385056195780635,-21010.827951713916263543,-18812.688037010302650742,23600.763634598843054846
1971123.670231389347463846,-20238.344352795906161191,-19710.617042618541745469,21593.042522911760897841
1971857.723882493795827031,-19384.974047345596773084,-20493.627232359849585919,19524.929046938199462602
1972543.296671436168253422,-18494.937304252067406196,-21126.612343160693853861,17499.668547677225433290
1973150.425777596421539783,-17627.021126701070897980,-21596.261928721545700682,15630.593222455592695042
1973652.576745707076042891,-16849.409727782938716700,-21911.702727271902404027,14031.535360119483812014
1974027.803168873535469174,-16231.374096015935720061,-22099.538526198153704172,12805.712398816718632588
1974259.705851867329329252,-15833.045052625875541708,-22193.473183066042111022,12035.113166506565903546
1974338.149534649448469281,-15695.416614478839619551,-22221.223497919807414291,11772.234460788566138945
1974416.593217431334778666,-15556.310215698786123539,-22246.881292993410170311,11508.247094680398731725
1974648.495900425128638744,-15136.324922220535881934,-22310.141881145216757432,10721.412081694814332877
1975023.722323591588065028,-14428.514943424826924456,-22370.564088411752891261,9428.468954941043193685
1975525.873291702242568135,-13424.822305400264667696,-22363.287953207331156591,7661.705935722236063157
1976133.002397862495854497,-12121.380808369722217321,-22203.645339634367701365,5475.018220755921902310
1976818.575186804868280888,-10525.932739368876355002,-21795.321824580758402590,2951.150020398722972459
1977552.628837909316644073,-8667.075677118820749456,-21043.932193186035874533,208.285819061530787621
1978303.081684242468327284,-6604.216306896627429524,-19878.120875432039611042,-2597.506436124628635298
1979037.135335346916690469,-4435.143733395769231720,-18278.831603923154034419,-5279.894906164540770988
1979722.708124289289116859,-2295.110953573124788818,-16311.680271764162171166,-7647.126501533000919153
1980329.837230449542403221,-340.117453709274570883,-14146.581658773524395656,-9545.631072672997106565
1980831.988198560196906328,1285.771243611693307685,-12041.990165959399746498,-10906.437341216251297737
1981207.214621726656332612,2483.098192321523129067,-10286.937278451867314288,-11761.300744047686748672
1981439.117304720450192690,3206.685989087641701190,-9128.747431466914349585,-12207.919628187952184817
1981517.560987502569332719,3447.572707575382082723,-8725.058052494186995318,-12343.596541204906316125
1981596.004670284688472748,3686.191710758557746885,-8315.631093642583437031,-12471.150809499698880245
1981827.907353278482332826,4376.529855572071937786,-7073.661131151059635158,-12798.921880622243406833
1982203.133776444941759109,5435.636946174700824486,-4977.013803078446471773,-13164.527716874154066318
1982705.284744555596262217,6711.445921488897511153,-2050.706771144686626940,-13317.356441114368863055
1983312.413850715849548578,7989.447219499286802602,1559.693807463187113171,-12983.040992850928887492
1983997.986639658221974969,9044.037634440594047192,5556.343320930556728854,-11976.945606341900202096
1984732.040290762670338154,9719.957156968906929251,9557.964764197209660779,-10298.585336878606540267
1985482.493137095822021365,9980.582997451485425700,13230.060995142484898679,-8123.421340101760506514
1986216.546788200270384550,9889.915889359504944878,16369.123783276372705586,-5710.564464691170542210
1986902.119577142642810941,9561.761845598261061241,18902.629916714384307852,-3313.024117551727613318
1987509.248683302896097302,9117.305101407402617042,20845.661838118925516028,-1133.935103675383970767
1988011.399651413550600410,8662.624531059434957569,22255.966786590139236068,680.872239647939863971
1988386.626074580010026693,8280.402455672287032939,23201.980739698785328073,2034.550991176579827879
1988618.528757573803886771,8028.481258318345680891,23743.198225610496592708,2867.691257427155505866
1988696.972440355923026800,7940.788973464338596386,23919.034229793312988477,3148.689103206993422646
1988775.416123137809336185,7851.907749919657362625,24091.289166261569334893,3429.215572666257230594
1989007.318806131603196263,7582.545762800982629415,24580.026153844264626969,4255.477684838046116056
1989382.545229298062622547,7127.633781703710155853,25308.330637086033675587,5581.221349239527626196
1989884.696197408717125654,6487.094343777818721719,26169.291095306107308716,7329.850816494294122094
1990491.825303568970412016,5673.163237309083342552,27049.979495447878434788,9398.715378175666046445
1991177.398092511342838407,4714.049677654840706964,27852.997301023115142016,11668.112673621337307850
1991911.451743615791201591,3652.861069533209501969,28510.432498611011396861,14013.204764904325202224
1992661.904589948942884803,2543.032543477398576215,28988.853459371832286706,16315.670937564827909227
1993395.958241053391247988,1442.368058633098826249,29286.917076129819179187,18472.510130807695531985
1994081.531029995763674378,407.448808307378897098,29428.356243134756368818,20400.878278043674072251
1994688.660136156016960740,-510.633632865704953474,29452.939674420274968725,22039.131653883596300147
1995190.811104266671463847,-1268.968139995320825619,29407.269204867447115248,23344.971461359305976657
1995566.037527433130890131,-1834.132697955249568622,29336.545760055090795504,24291.843823343489930267
1995797.940210426924750209,-2182.528094392679122393,29277.899569141096435487,24864.741490744767361321
1995876.383893209043890238,-2300.196355937138378067,29255.551667183965037111,25056.410442713298834860
1995954.827575991163030267,-2417.766436861569673056,29231.954937948921724455,25247.009733852177305380
1996186.730258984956890345,-2764.724749111836899829,29155.007559083773230668,25804.234885731144458987
1996561.956682151416316628,-3323.962670223994791741,29008.370007680550770601,26686.157799713830172550
1997064.107650262070819736,-4067.591380342945740267,28771.172912305984937120,27828.569715708727017045
1997671.236756422324106097,-4958.233347672477975721,28425.310537209374160739,29152.495882796265505021
1998356.809545364696532488,-5951.211647250031091971,27962.185623493023740593,30572.901321885427023517
1999090.863196469144895673,-6997.534273569605829834,27387.213071150094037876,32007.191330611516605131
1999841.316042802296578884,-8047.287035158840808435,26721.301211365756898886,33382.263872964213078376
2000575.369693906744942069,-9052.911666123356553726,25999.407791852328955429,34639.259703657873615157
2001260.942482849117368460,-9971.887826200079871342,25266.848936636790313059,35735.647402432972739916
2001868.071589009370654821,-10768.507781964844980394,24574.277342881836375454,36644.751625558397790883
2002370.222557120025157928,-11414.656220834218402160,23972.224135333875892684,37353.212012724390660878
2002745.448980286484584212,-11889.722774951656901976,23505.932032986125705065,37857.120232366345589980
2002977.351663280278444290,-12179.938675024430267513,23210.990776429225661559,38157.716322919666708913
2003055.795346062397584319,-12277.513521046555979410,23110.082533062486618292,38257.528894333074276801
2003134.239028844516724348,-12374.785994364214275265,23008.605126291800843319,38356.399191715761844534
2003366.141711838310584426,-12660.571609357917623129,22705.323643205341795692,38643.188617987856559921
2003741.368135004770010710,-13117.279050377983367071,22204.449751832133188145,39089.867723816001671366
2004243.519103115424513817,-13717.236507383637217572,21515.247717940419533988,39654.239389978582039475
2004850.648209275677800179,-14425.032782369491542340,20654.516072236689069541,40285.852615467236319091
2005536.220998218050226569,-15200.503805419708442059,19648.651349411280534696,40932.755619921510515269
2006270.274649322498589754,-16002.038497939916851465,18534.536225430780177703,41547.968863974550913554
2007020.727495655650272965,-16789.801043001913058106,17358.855011199277214473,42094.681731992001004983
2007754.781146760098636150,-17528.455910863289318513,16175.852927234449452953,42549.454482177112367935
2008440.353935702471062541,-18189.050891155697172508,15043.891185188778763404,42903.069579054281348363
2009047.483041862724348903,-18749.853896215488930466,14021.339802100712404354,43159.060861115991428960
2009549.634009973378852010,-19196.128108761236944702,13162.385286244700182579,43330.307558371045161039
2009924.860433139838278294,-19519.033495023781142663,12513.240952343960088911,43434.375149285668157972
2010156.763116133632138371,-19714.019248217507993104,12109.085368727945024148,43488.480224028236989398
2010235.206798915751278400,-19779.176693333221919602,11971.879941957293340238,43505.016561895259656012
2010313.650481697637587786,-19843.928478525416721823,11834.428978327572622220,43520.660587290163675789
2010545.553164691431447864,-20032.970317037146742223,11426.675618056633538799,43561.691049827211827505
2010920.779587857890874147,-20331.238260274421918439,10762.617385575538719422,43611.563720394988195039
2011422.930555968545377254,-20715.483586106369330082,9866.106311779261886841,43646.359661060123471543
2012030.059662128798663616,-21156.837525082417414524,8771.198583233719546115,43639.563476372808509041
2012715.632451071171090007,-21623.969351760344579816,7521.951904998545614944,43567.492572304225177504
2013449.686102175619453192,-22086.439879521996772382,6171.311803479885384149,43414.417423219660122413
2014200.138948508771136403,-22517.800656195951887639,4778.942922756116786331,43176.475707162877370138
2014934.192599613219499588,-22897.994174567509617191,3408.127258938059640059,42863.682870751785230823
2015619.765388555591925979,-23214.683904479417833500,2122.085855144016022678,42499.639785116931307130
2016226.894494715845212340,-23463.289592834706127178,980.218333413146183375,42118.895949838130036369
2016729.045462826499715447,-23645.716654285381082445,34.758090803503421284,41762.305833679172792472
2017104.271885992959141731,-23768.023949703274411149,-671.792747350008539797,41471.070919034733378794
2017336.174568986753001809,-23837.522402330250770319,-1108.315721423025024706,41280.432116454663628247
2017414.618251768872141838,-23859.966716703132988187,-1255.929285047588336965,41214.100119301168888342
2017493.061934550991281867,-23881.869777133480965858,-1403.514356919283500247,41146.833143163879867643
2017724.964617544785141945,-23943.437349172316316981,-1839.619505093539601148,40942.494535107340198010
2018100.191040711244568229,-24032.867654053268779535,-2544.431435515951761772,40594.472803496115375310
2018602.342008821899071336,-24132.495658009855105774,-3485.463477864066135226,40094.902988025351078250
2019209.471114982152357697,-24221.551097565450618276,-4618.600391395445512899,39438.785245091814431362
2019895.043903924524784088,-24279.536554724607412936,-5889.930050196769116155,38628.633165117469616234
2020629.097555028973147273,-24289.777790766656835331,-7238.505972682938590879,37678.758042852838116232
2021379.550401362124830484,-24242.624758549663965823,-8599.991765816643237486,36618.303519648638030048
2022113.604052466573193669,-24137.756138573509815615,-9910.885125049888301874,35492.281772199843544513
2022799.176841408945620060,-23985.084508122141414788,-11112.772456264277934679,34360.117538212842191570
2023406.305947569198906422,-23803.900768328345293412,-12155.910209681667765835,33291.567310368307516910
2023908.456915679853409529,-23620.158485956446384080,-13001.457503708705189638,32360.323126476083416492
2024283.683338846312835813,-23462.176894842330511892,-13621.963859583251178265,31636.077363600874377880
2024515.586021840106695890,-23355.473116439217847073,-14000.228377825787902111,31176.219331755557504948
2024594.029704622225835919,-23317.787336125547881238,-14127.232856929887930164,31018.537166440750297625
2024672.473387404344975948,-23279.289558022606797749,-14253.745375773843989009,30859.774760014817729825
2024904.376070398138836026,-23160.687321234931005165,-14624.799640347753665992,30384.088625157062779181
2025279.602493564598262310,-22953.372897431177989347,-15215.383086911813734332,29594.237284685390477534
2025781.753461675252765417,-22645.327743440160702448,-15985.333189910512373899,28497.832481116915005259
2026388.882567835506051779,-22224.372892254497855902,-16881.832954214016353944,27111.285662844180478714
2027074.455356777878478169,-21682.236488667891535442,-17843.224122271316446131,25464.251108288637624355
2027808.509007882326841354,-21018.950351123447035206,-18804.245803888919908786,23603.626742047403240576
2028558.961854215478524566,-20246.937496177499269834,-19702.559462234108650591,21596.086129401093785418
2029293.015505319926887751,-19394.004876778377365554,-20486.003130403871182352,19528.154496905401174445
2029978.588294262299314141,-18504.352996498975699069,-21119.450191205593000632,17503.067889438680140302
2030585.717400422552600503,-17636.755109367190016201,-21589.560246441284107277,15634.148949318792801932
2031087.868368533207103610,-16859.388517192281142343,-21905.422271960713260341,14035.221254937963749398
2031463.094791699666529894,-16241.523492592606999096,-22093.598879382570885355,12809.495433338961447589
2031694.997474693460389972,-15843.294099287100834772,-22187.756086433713790029,12038.955924293491989374
2031773.441157475579530001,-15705.698305985535625950,-22215.583831641826691339,11776.097333390041967505
2031851.884840257465839386,-15566.623995841180658317,-22241.320170914455957245,11512.130027255037930445
2032083.787523251259699464,-15146.730196340849943226,-22304.819635604962968500,10725.353927541098528309
2032459.013946417719125748,-14439.056892140530180768,-22365.650439337157877162,9432.504453978184756124
2032961.164914528373628855,-13435.522722470426742802,-22358.967017642440623604,7665.861888726819415751
2033568.294020688626915216,-12132.229492920796474209,-22200.118359455867903307,5479.307941789633332519
2034253.866809630999341607,-10536.879874491698501515,-21792.805702372188534355,2955.565373455518511037
2034987.920460735447704792,-8678.026079542167281033,-21042.650622361979912966,212.786759616998438105
2035738.373307068599388003,-6615.027591726247919723,-19878.283331943162920652,-2593.002817925892941275
2036472.426958173047751188,-4445.632889198759585270,-18280.595713119921128964,-5275.519300110302538087
2037157.999747115420177579,-2305.077106937203097914,-16315.099936388269270537,-7643.044000562326800718
2037765.128853275673463941,-349.388005017968623633,-14151.560601798470088397,-9541.998636554993936443
2038267.279821386327967048,1277.277249890637904173,-12048.275709139865284669,-10903.341082487100720755
2038642.506244552787393332,2475.318396071083043353,-10294.170979744378200849,-11758.709010915725230007
2038874.408927546581253409,3199.407548440000482515,-9136.539508424215455307,-12205.682894924848369556
2038952.852610328700393438,3440.474255177399754757,-8733.032399077301306534,-12341.486876939887224580
2039031.296293110819533467,3679.278452908110011776,-8323.783832487808467704,-12469.171535444602341158
2039263.198976104613393545,4370.193913730405256501,-7082.315470722769532586,-12797.345915518842957681
2039638.425399271072819829,5430.323691875853910460,-4986.381823887337304768,-13163.649630245730804745
2040140.576367381727322936,6707.642896007604576880,-2060.798901188741183432,-13317.456105725106681348
2040747.705473541980609298,7987.599154151993388950,1549.121806163378550991,-12984.288988738218904473
2041433.278262484353035688,9044.408544452087880927,5545.722491390940376732,-11979.308967276449038764
2042167.331913588801398873,9722.543220187000770238,9547.733900190114582074,-10301.837536427714439924
2042917.784759921953082085,9985.151763065368868411,13220.516513676284375833,-8127.258511337829986587
2043651.838411026401445270,9896.119786027924419614,16360.387363553158138529,-5714.718867684619908687
2044337.411199968773871660,9569.236757129934630939,18894.691531049709737999,-3317.310286347511919303
2044944.540306129027158022,9125.722292168862622930,20838.432310856758704176,-1138.245648107525539672
2045446.691274239681661129,8671.706822981592267752,22249.314145050451770658,676.587619343089272661
2045821.917697406141087413,8289.921550098806619644,23195.750773185114667285,2030.305761618128826740
2046053.820380399934947491,8038.246730264500001795,23737.225392821954301326,2863.477110442099728971
2046132.264063182054087520,7950.633923136258999875,23913.147634642053162679,3144.486470580679451814
2046210.707745964173227549,7861.830283646849238721,24085.488427836091432255,3425.024917774221648870
2046442.610428957967087626,7592.686913771382023697,24574.476979379458498443,4251.324922964125107683
2046817.836852124426513910,7138.096403977239788219,25303.181284643287654035,5577.136625233692029724
2047319.987820235081017017,6497.929839425353748084,26164.662831618410564261,7325.867150263760777307
2047927.116926395334303379,5684.371062718235407374,27045.960325743169960333,9394.864385016895539593
2048612.689715337706729770,4725.587131245058117202,27849.639601969316572649,11664.419706915236019995
2049346.743366442155092955,3664.658546990118338726,28507.754063436237629503,14009.685526232946358505
2050097.196212775306776166,2555.009609060185539420,28986.840784748324949760,16312.330266588727681665
2050831.249863879755139351,1454.447194272491742595,29285.529726639349973993,18469.342581238714046776
2051516.822652822127565742,419.565341801473039141,29427.531494201943132794,20397.869684628458344378
2052123.951758982380852103,-498.525748994044306528,29452.596999867571867071,22036.261004038467945065
2052626.102727093035355210,-1256.894377162426280847,29407.314406539724586764,23342.212664692349790130
2053001.329150259494781494,-1822.099212874930117323,29336.874659571065421915,24289.167217786358378362
2053233.231833253288641572,-2170.525487364656328282,29278.401257107940182323,24862.115075530324247666
2053311.675516035407781601,-2288.205194890005714115,29256.111370336297113681,25053.800899320198368514
2053390.119198817294090986,-2405.787218601251879591,29232.572439833820681088,25244.417008758584415773
2053622.021881811087951064,-2752.783689954116653098,29155.794677456320641795,25801.691567146983288694
2053997.248304977547377348,-3312.092101008258396178,29009.427668267257104162,26683.693430979583354201
2054499.399273088201880455,-4055.831228101819306175,28772.585271311912947567,27826.209095541806163965
2055106.528379248455166817,-4946.629711154007054574,28427.140852740645641461,29150.257830889306205790
2055792.101168190827593207,-5939.812779277755907970,27964.474056620692863362,30570.798006317214458250
2056526.154819295275956392,-6986.384940655612808769,27389.976308690609585028,32005.228148454800248146
2057276.607665628427639604,-8036.422474655953010370,26724.533611723563808482,33380.439779460779391229
2058010.661316732876002789,-9042.352258927387083531,26003.083661328550078906,34637.567836054840881843
2058696.234105675248429179,-9961.635298615108695230,25270.925519396623712964,35734.075850191271456424
2059303.363211835501715541,-10758.543387042074755300,24578.698128761971020140,36643.284240962471812963
2059805.514179946156218648,-11404.941019034746204852,23976.922144659740297357,37351.829208310380636249
2060180.740603112615644932,-11880.199877129402011633,23510.832824057331890799,37855.799753524683183059
2060412.643286106409505010,-12170.537134383455850184,23216.015035540491226129,38156.434006353818404023
2060491.086968888528645039,-12268.153453899254600401,23115.148236394801642746,38256.259426715114386752
2060569.530651670647785068,-12365.467611674313957337,23013.712112232075014617,38355.142543312802445143
2060801.433334664441645145,-12651.377675264182471437,22710.551729065173276467,38641.969696194297284819
2061176.659757830901071429,-13108.290239683870822773,22209.870801778801251203,39088.709321630514750723
2061678.810725941555574536,-13708.529204545204265742,21520.921260635514045134,39653.161020228188135661
2062285.939832101808860898,-14416.676001501158680185,20660.486141078843502328,40284.869652198402036447
2062971.512621044181287289,-15192.555404655646270839,19654.944763174480613088,40931.878773172778892331
2063705.566272148629650474,-15994.541134536799290800,18541.162334589087549830,41547.203957145939057227
2064456.019118481781333685,-16782.778451238686102442,17365.806761896252282895,42094.029716533179453108
2065190.072769586229696870,-17521.910070191068371059,16183.108957703630949254,42548.911618407051719259
2065875.645558528602123260,-18182.960520959295536159,15051.418577194857789436,42902.627729828243900556
2066482.774664688855409622,-18744.174519953987328336,14029.097069284747703932,43158.707874760635604616
2066984.925632799509912729,-19190.793726713105570525,13170.325199180060735671,43330.027744895742216613
2067360.152055965969339013,-19513.959730657163163414,12521.312881197274691658,43434.149868279549991712
2067592.054738959763199091,-19709.107709884436189895,12117.236963945329989656,43488.288598803475906607
2067670.498421741882339120,-19774.320224023398623103,11980.058150849581579678,43504.836314557003788650
2067748.942104523768648505,-19839.127174862602259964,11842.633631358590719174,43520.491714978736126795
2067980.844787517562508583,-20028.332655230791715439,11434.957453265025833389,43561.555791395199776161
2068356.071210684021934867,-20326.867085664191108663,10771.020938479981850833,43611.482820740668103099
2068858.222178794676437974,-20711.472189972046180628,9874.666573629234335385,43646.351496928393316921
2069465.351284954929724336,-21153.265620360391039867,8779.938736091018654406,43639.643332656298298389
2070150.924073897302150726,-21620.899149847933585988,7530.882357877910180832,43567.672078041927306913
2070884.977725001750513911,-22083.912595582980429754,6180.430585793679711060,43414.704130648700811435
2071635.430571334902197123,-22515.833821947438991629,4788.237316713869404339,43176.872787764339591376
2072369.484222439350560308,-22896.580099990351300221,3417.576388386508824624,42864.188912162986525800
2073055.057011381722986698,-23213.789515239543106873,2131.663811643978988286,42500.248697540737339295
2073662.186117541976273060,-23462.857710033618786838,989.897331720736929128,42119.597019655586336739
2074164.337085652630776167,-23645.668618399722618051,44.511130356011790354,41763.083982006544829346
2074539.563508819090202451,-23768.263360843960981583,-661.990157024861673563,41471.907222089212154970
2074771.466191812884062529,-23837.939681618416216224,-1098.485025946698669941,41281.304617228459392209
2074849.909874595003202558,-23860.444193858678772813,-1246.089523682221624767,41214.984910503852006514
2074928.353557377122342587,-23882.407466758308146382,-1393.665754204677796224,41147.730248659834614955
2075160.256240370916202664,-23944.153120825576479547,-1829.746087464432548586,40943.428188011443126015
2075535.482663537375628948,-24033.871757812787109287,-2534.522108631675564538,40595.466060921280586626
2076037.633631648030132055,-24133.885826629888470052,-3475.514479789391771192,40095.976976470527006313
2076644.762737808283418417,-24223.408001639967551455,-4608.616640186350196018,39439.958434242049406748
2077330.335526750655844808,-24281.919875132316519739,-5879.925122627065320557,38629.920659564675588626
2078064.389177855104207993,-24292.723222972163057420,-7228.500613298854659661,37680.170877804492192809
2078814.842024188255891204,-24246.142254494399821851,-8590.011017734572305926,36619.847960363607853651
2079548.895675292704254389,-24141.829607294483139412,-9900.954388776826817775,35493.958649707550648600
2080234.468464235076680779,-23989.673039783130661817,-11102.913007105045835488,34361.921699601392901968
2080841.597570395329967141,-23808.941244693643966457,-12146.134907774874591269,33293.487305260016000830
2081343.748538505984470248,-23625.569242421737726545,-12991.767555872069351608,32362.341270930417522322
2081718.974961672443896532,-23467.861969146568299038,-13612.347456870991663891,31638.170299853118194733
2081950.877644666237756610,-23361.326616478956566425,-13990.661761347517312970,31178.359132514822704252
2082029.321327448356896639,-23323.697604754852363840,-14117.683848073478657170,31020.692932521269540302
2082107.765010230476036668,-23285.256489208637503907,-14244.214367465538089164,30861.946549068601598265
2082339.667693224269896746,-23166.821124049536592793,-14615.324176465377604472,30386.308123377133597387
2082714.894116390729323030,-22959.774567034357460216,-15206.005052904798503732,29596.535074111274298048
2083217.045084501383826137,-22652.083384933182969689,-15976.100766423798631877,28500.237218141435732832
2083824.174190661637112498,-22231.548802729885210283,-16872.801211784950282890,27113.823124020000250312
2084509.746979604009538889,-21689.875390002038329840,-17834.453817383353452897,25466.943054446710448246
2085243.800630708457902074,-21027.069196955249935854,-18795.800047769298544154,23606.489584703231230378
2085994.253477041609585285,-20255.527245356748608174,-19694.498107217805227265,21599.129459361574845389
2086728.307128146057948470,-19403.032494012637471315,-20478.375004887682734989,19531.379659202837501653
2087413.879917088430374861,-18513.765673215322749456,-21112.283780041801946936,17506.466934115949698025
2088021.009023248683661222,-17646.486275299768749392,-21582.854093095407733927,15637.704372357447937247
2088523.159991359338164330,-16869.364674156218825374,-21899.137167648346803617,14038.906842228780078585
2088898.386414525797590613,-16251.670407561021420406,-22087.654448756315105129,12813.278159174342363258
2089130.289097519591450691,-15853.540763690711173695,-22182.034121801552828401,12042.798373572508353391
2089208.732780301710590720,-15715.977649961399947642,-22209.939268726706359303,11779.959897725490009179
2089287.176463083596900105,-15576.935463764497399097,-22235.754123478094697930,11516.012651905761231319
2089519.079146077390760183,-15157.133266169987109606,-22299.492379303581401473,10729.295467115838619065
2089894.305569243850186467,-14449.596823077703447780,-22360.731639673253084766,9436.539651791741562192
2090396.456537354504689574,-13446.221396753338922281,-22354.640741044360765954,7670.017553155979840085
2091003.585643514757975936,-12143.076811778964838595,-22196.585802957630221499,5483.597402017154308851
2091689.158432457130402327,-10547.826139822318509687,-21790.283732909527316224,2959.980521142668294488
2092423.212083561578765512,-8688.976244729657992139,-21041.362913968914654106,217.287597096389617946
2093173.664929894730448723,-6625.839422472406113229,-19878.439371423181000864,-2588.499128493042007904
2093907.718580999178811908,-4456.123523499018119765,-18282.353189081695745699,-5271.143353095545535325
2094593.291369941551238298,-2315.045785665328367031,-16318.512887996737845242,-7638.960791056272682908
2095200.420476101804524660,-358.662156188688356906,-14156.532951777095149737,-9538.365067387676390354
2095702.571444212459027767,1268.778683277991149225,-12054.554973655842331937,-10900.243289700270906906
2096077.797867378918454051,2467.533278066511684301,-10301.398805079645171645,-11756.115441576544981217
2096309.700550372712314129,3192.123328843531453458,-9144.326039585790567799,-12203.444151154295468586
2096388.144233154831454158,3433.369872189629404602,-8741.001326053050433984,-12339.375147084965647082
2096466.587915936950594187,3672.359114999229859677,-8331.931285232745722169,-12467.190143197027282440
2096698.490598930744454265,4363.851466670009358495,-7090.964960775752842892,-12795.767694228634354658
2097073.717022097203880548,5425.003320023806736572,-4995.745823134708189173,-13162.769134954765831935
2097575.867990207858383656,6703.832144044646156544,-2070.888290709236571274,-13317.553328064075685688
2098182.997096368111670017,7985.743028465602947108,1538.550910876336729416,-12985.534767626977554755
2098868.569885310716927052,9044.771533251212531468,5535.101083175866733654,-11981.670605780653204420
2099602.623536414932459593,9725.121938426858832827,9537.501038010341289919,-10305.088617086790691246
2100353.076382747851312160,9989.713986144266527845,13210.969001598672548425,-8131.095094905434962129
2101087.130033852532505989,9902.317963683519337792,16351.647218829959456343,-5718.873064990432794730
2101772.702822794672101736,9576.706679048229489126,18886.748966362501960248,-3321.596493248559454514
2102379.831928955391049385,9134.135086414518809761,20831.198310326202772558,-1142.556375997270151856
2102881.982897065579891205,8680.785168896947652684,22242.656842336382396752,672.302732593502696545
2103257.209320232272148132,8299.437012381515160087,23189.516030685659643495,2026.060220360129960682
2103489.112003226298838854,8048.008754842940106755,23731.247722319178137695,2859.262629572429432301
2103567.555686008185148239,7960.475486418946275080,23907.256182340610394021,3140.283497437486857962
2103645.999368790071457624,7871.749491212861357781,24079.682813516377791530,3420.833916140815290419
2103877.902051784098148346,7602.824912359000336437,24568.922877457807771862,4247.171798166250482609
2104253.128474950790405273,7148.556142188027479278,25298.026932483840937493,5573.051518237861273519
2104755.279443060979247093,6508.762787251386725984,26160.029490467430150602,7321.883083666659331357
2105362.408549221232533455,5695.576715815767784079,27041.936009296623524278,9391.012981200894500944
2106047.981338163837790489,4737.122801247091047117,27846.276705371732532512,11660.726327642963951803
2106782.034989268053323030,3676.454621797613981471,28505.070403559991973452,14006.165880335312976968
2107532.487835601437836885,2566.985629603102552210,28984.822882506745372666,16308.989198670687983395
2108266.541486705653369427,1466.525608267671259455,29284.137167729702923680,18466.174647500123683130
2108952.114275647792965174,431.681435449107425484,29426.701569413955439813,20394.860720256161584985
2109559.243381808511912823,-486.418069687436855020,29452.249191169961704873,22033.389995406098023523
2110061.394349918700754642,-1244.820633351867172678,29407.354516342846181942,23339.453519389557186514
2110436.620773085393011570,-1810.065613077941179654,29337.198503092051396379,24286.490271147366001969
2110668.523456079419702291,-2158.522684935397592199,29278.897912992895726347,24859.488323868023144314
2110746.967138861306011677,-2276.213811476934552047,29256.666049787796509918,25051.191021038142935140
2110825.410821643192321062,-2393.807751173516408016,29233.184926543970505008,25241.823950331643573008
2111057.313504637219011784,-2740.842303326576256950,29156.576806694592960412,25799.147919798881048337
2111432.539927803911268711,-3300.221080473475012695,29010.480384420468908502,26681.228740772949095117
2111934.690895914100110531,-4044.070464010963860346,28773.992750445118872449,27823.848163431997818407
2112541.820002074353396893,-4935.025276129219491850,28428.966373277889942983,29148.019478170375805348
2113227.392791016958653927,-5928.412911066419837880,27966.757798965634719934,30568.694401943917910103
2113961.446442121174186468,-6975.234401294423150830,27392.734976139887294266,32003.264689653180539608
2114711.899288454558700323,-8025.556506550666199473,26727.761574374304473167,33378.615420989139238372
2115445.952939558774232864,-9031.791256140651967144,26006.755230725553701632,34635.875714168570993934
2116131.525728500913828611,-9951.381007206120557385,25274.997937360763899051,35732.504053001051943284
2116738.654834661632776260,-10748.577084915834348067,24583.114874733084434411,36641.816619179429835640
2117240.805802771821618080,-11395.223795250363764353,23981.616220772135420702,37350.446172777912579477
2117616.032225938513875008,-11870.674873731781190145,23515.729763558203558205,37854.479047898617864121
2117847.934908932540565729,-12161.133437416114247753,23221.035494330903020455,38155.151465597766218707
2117926.378591714426875114,-12258.791213413504010532,23120.210156876277324045,38254.989735769617254846
2118004.822274496313184500,-12356.147038711882487405,23018.815332858408510219,38353.885672437747416552
2118236.724957490339875221,-12642.181501289875086513,22715.776101840470801108,38640.750554416641534772
2118611.951380657032132149,-13099.299110258605651325,22215.288224347383220447,39087.550703354776487686
2119114.102348767220973969,-13699.819480144220506190,21526.591292889002943411,39652.082439348152547609
2119721.231454927474260330,-14408.316678769446298247,20666.452844130733865313,40283.886483426809718367
2120406.804243870079517365,-15184.604331364751487854,19661.234978562803007662,40931.001726801616314333
2121140.857894974295049906,-15987.040964664663988515,18547.785429136551101692,41546.438856451917672530
2121891.310741307679563761,-16775.752922330397268524,17372.755690370238880860,42093.377512538136215881
2122625.364392411895096302,-17515.361170589851099066,16190.362358273803693010,42548.368570785176416393
2123310.937181354034692049,-18176.866983436746522784,15058.943522391593432985,42902.185700666392222047
2123918.066287514753639698,-18738.491884662271331763,14036.852054432642034953,43158.354711575309920590
2124420.217255624942481518,-19185.456012827882659622,13178.262968135721166618,43329.747756905861024279
2124795.443678791634738445,-19508.882581849764392246,12529.382770233331029885,43433.924414341134252027
2125027.346361785661429167,-19704.192755371208477300,12125.386584135932935169,43488.096801561448955908
2125105.790044567547738552,-19769.460327930592029588,11988.234406701982152299,43504.655895500138285570
2125184.233727349899709225,-19834.322433882178302156,11850.836353370497818105,43520.322671241985517554
2125416.136410343926399946,-20023.691525358521175804,11443.237422759080800461,43561.420362372751696967
2125791.362833510618656874,-20322.492394493274332490,10779.422731964748891187,43611.401751745863293763
2126293.513801620807498693,-20707.457214821813977323,9883.225219487367212423,43646.343164934274682309
2126900.642907781060785055,-21149.690064878926932579,8788.677448086551521556,43639.723022567544830963
2127586.215696723666042089,-21617.825221184146357700,7539.811569792376758414,43567.851418698439374566
2128320.269347827881574631,-22081.381509532428026432,6189.548343537100663525,43414.990673915744991973
2129070.722194161266088486,-22513.863115105974429753,4797.530909683886420680,43177.269704642370925285
2129804.775845265481621027,-22895.162090465692017460,3427.024937686701832718,42864.694789781409781426
2130490.348634207621216774,-23212.891138871033035684,2141.241396028429790022,42500.857445652094611432
2131097.477740368340164423,-23462.421798925650364254,999.576143478946733012,42120.297924323989718687
2131599.628708478529006243,-23645.616523825861804653,54.264137732420635984,41763.861964219955552835
2131974.855131645221263170,-23768.498692825007310603,-652.187483023493655310,41472.743358142914075870
2132206.757814639247953892,-23838.352870068527408876,-1088.654174988293561910,41282.176950381341157481
2132285.201497421134263277,-23860.917576396292133722,-1236.249582510420168546,41215.869533863522519823
2132363.645180203020572662,-23882.941058072217856534,-1383.816947342019375355,41148.627186084275308531
2132595.547863197047263384,-23944.864783762710430892,-1819.872393628471627380,40944.361672129933140241
2132970.774286363739520311,-24034.871737663983367383,-2524.612388639432083437,40596.459148284564435016
2133472.925254473928362131,-24135.271854264952708036,-3465.564931590472951939,40097.050792907801223919
2134080.054360634181648493,-24225.260749224889877951,-4598.632148186256927147,39441.131448655425629113
2134765.627149576786905527,-24284.299028600991732674,-5869.919237946112843929,38631.207975681019888725
2135499.680800681002438068,-24295.664485783934651408,-7218.494064068817351654,37681.583529950265074149
2136250.133647014386951923,-24249.655588435609388398,-8580.028840760798630072,36621.392212996113812551
2136984.187298118602484465,-24145.898931566771352664,-9891.021988765916830744,35495.635333256162994076
2137669.760087060742080212,-23994.257453256221197080,-11093.051673997917532688,34363.725660877513291780
2138276.889193221461027861,-23813.977634634957212256,-12136.357526217423583148,33295.407094035959744360
2138779.040161331649869680,-23630.975945166632300243,-12982.075366027900599875,32364.359203904790774686
2139154.266584498342126608,-23473.543018183198000770,-13602.728690536414433154,31640.263020377096836455
2139386.169267492368817329,-23367.176110627988236956,-13981.092705954710254446,31180.498714817738800775
2139464.612950274255126715,-23329.603874366439413279,-14108.132374810553301359,31022.848479205622425070
2139543.056633056141436100,-23291.219428413431160152,-14234.680869246927613858,30864.118117777503357502
2139774.959316050168126822,-23172.950956655844493071,-14605.846147207234025700,30388.527398393947805744
2140150.185739216860383749,-22966.172304823070589919,-15196.624331186545532546,29598.832635546867095400
2140652.336707327049225569,-22658.835152411993476562,-15966.865491035994637059,28502.641720465147955110
2141259.465813487302511930,-22238.720919561099435668,-16863.766418145365605596,27116.360341940169746522
2141945.038602429907768965,-21697.510603464907035232,-17825.680235019110114081,25469.634747181815328076
2142679.092253534123301506,-21035.184487718190212036,-18787.350770204277068842,23609.352162616309215082
2143429.545099867507815361,-20264.113598717307468178,-19686.432979075572802685,21602.172512844903394580
2144163.598750971723347902,-19412.056897303216828732,-20470.742857263172481908,19534.604533884226839291
2144849.171539913862943649,-18523.175332528076978633,-21105.113111063095857389,17509.865681763385509839
2145456.300646074581891298,-17656.214622503925056662,-21576.143470019738742849,15641.259491622684436152
2145958.451614184770733118,-16879.338196573793538846,-21892.847415616455691634,14042.592122041274706135
2146333.678037351462990046,-16261.814838735399462166,-22081.705235557099513244,12817.060576367568501155
2146565.580720345489680767,-15863.785043596080868156,-22176.307290378332254477,12046.640514384343987331
2146644.024403127375990152,-15726.254644147396902554,-22204.289810372960346285,11783.822153835186327342
2146722.468085909727960825,-15587.244617189815471647,-22230.183151872675807681,11519.894968669939771644
2146954.370768903754651546,-15167.534129370893424493,-22294.160113397851091577,10733.236700451134311152
2147329.597192070446908474,-14460.134733800803587656,-22355.807690521927725058,9440.574548403723383672
2147831.748160180635750294,-13456.918325672906576074,-22350.309124433199031046,7674.172929015997397073
2148438.877266340889036655,-12153.922762178470293293,-22193.047671044976596022,5487.886601413492826396
2149124.450055283494293690,-10558.771532350334382500,-21787.755916939138842281,2964.395463379505144985
2149858.503706387709826231,-8699.926169367508919095,-21040.069068530683580320,221.788331327625883205
2150608.956552721094340086,-6636.651795458807100658,-19878.588994073430512799,-2583.995368143899213464
2151343.010203825309872627,-4466.615632224924411275,-18284.104031535196554614,-5266.767065638720850984
2152028.582992767449468374,-2325.016985320000912907,-16321.919125636890385067,-7634.876873761049864697
2152635.712098928168416023,-367.939902544609822144,-14161.498706878815937671,-9534.730366101799518219
2153137.863067038357257843,1260.275548482587964827,-12060.827956734134204453,-10897.143963851796797826
2153513.089490205049514771,2459.742842877003567992,-10308.620750873820725246,-11753.520036978748976253
2153744.992173199076205492,3184.833334688107242982,-9152.107020846568048000,-12201.203397740328000509
2153823.435855980962514877,3426.259562922276472818,-8748.964829142265443807,-12337.261352464638548554
2153901.879538762848824263,3665.433701252984974417,-8340.073447425846097758,-12465.206633536670778994
2154133.782221756875514984,4357.502518294814763067,-7099.609596362650336232,-12794.187217370308644604
2154509.008644923567771912,5419.675833835474804800,-5005.105795180815221102,-13161.886231277403567219
2155011.159613033756613731,6700.013667630276358977,-2080.974933491874253377,-13317.648107870360036031
2155618.288719194009900093,7983.878842896100650250,1527.981127861007280444,-12986.778328697379038204
2156303.861508136615157127,9045.126599770837856340,5524.479101907239964930,-11984.030520745898684254
2157037.915159240830689669,9727.693309572645375738,9527.266182283314265078,-10308.338577817063196562
2157788.368005574215203524,9994.269664051571453456,13201.418462577097670874,-8134.931090022727403266
2158522.421656678430736065,9908.510419510652354802,16342.903352018929581391,-5723.027056094560975907
2159207.994445620570331812,9584.171608516826381674,18878.802225025799998548,-3325.882737936084595276
2159815.123551781289279461,9142.543481343298481079,20823.959838517737807706,-1146.867287156964948736
2160317.274519891478121281,8689.859566047733096639,22235.994880179594474612,668.017579512664042340
2160692.500943058170378208,8308.948839799637426040,23183.276513759661611402,2021.814367469866738247
2160924.403626052197068930,8057.767329356475784152,23725.265215563122183084,2855.047814861000460951
2161002.847308834083378315,7970.313660622510724352,23901.359874319434311474,3136.080183814968222578
2161081.290991615969687700,7881.665369934814407316,24073.872324703479534946,3416.642567799454809574
2161313.193674609996378422,7612.959755904453231778,24563.363849391360417940,4243.018310458418454800
2161688.420097776688635349,7159.012993713778996607,25292.867581786445953185,5568.966028240822197404
2162190.571065886877477169,6519.593184679549267457,26155.391072872629592894,7317.898616671528543520
2162797.700172047130763531,5706.780194079303328181,27037.906546953519864473,9387.161166676949505927
2163483.272960989736020565,4748.656685196663602255,27842.908611900063988287,11657.032535739010199904
2164217.326612093951553106,3688.249291549010649760,28502.381519485072203679,14002.645827139793254901
2164967.779458427336066961,2578.960602757369997562,28982.799752995753806317,16305.647733734373105108
2165701.833109531551599503,1478.603298323836270356,29282.739399612913985038,18463.006329516512778355
2166387.405898473691195250,443.797087005392768333,29425.866468865235219710,20391.851384853791387286
2166994.535004634410142899,-474.310597144481732812,29451.896248324686894193,22030.518627912777446909
2167496.685972744598984718,-1232.746910726282067117,29407.389534197980538011,23336.694025381511892192
2167871.912395911291241646,-1798.031900698074650791,29337.517290484847762855,24283.812983357467601309
2168103.815078905317932367,-2146.519689220488999126,29279.389536630158545449,24856.861235688673332334
2168182.258761687204241753,-2264.222207808266375650,29257.215705361602886114,25048.580807799411559245
2168260.702444469556212425,-2381.828036683097252535,29233.792397891575092217,25239.230558504543296294
2168492.605127463582903147,-2728.900591315577003115,29157.353946579332841793,25796.603943619935307652
2168867.831550630275160074,-3288.349610676469183090,29011.528155871350463713,26678.763729027697991114
2169369.982518740464001894,-4032.309090089489473030,28775.395349372094642604,27821.486919317576393951
2169977.111624900717288256,-4923.420044569136734935,28430.787098413304192945,29145.780824580611806596
2170662.684413843322545290,-5917.012044530926687003,27969.036850040582066868,30566.590508708952256711
2171396.738064947538077831,-6964.082657340851255867,27395.489072929231042508,32001.300954154397913953
2172147.190911280922591686,-8014.689132633493500180,26730.985098671069863485,33376.790797499605105259
2172881.244562385138124228,-9021.228659490559948608,26010.422499322892690543,34634.183337953378213570
2173566.817351327277719975,-9941.124953640235617058,25279.066189743109134724,35730.932010820266441442
2174173.946457487996667624,-10738.608877197033507400,24587.527579954807151807,36640.348760168330045417
2174676.097425598185509443,-11385.504551046960841632,23986.306362785384408198,37349.062906089406169485
2175051.323848764877766371,-11861.147766289117498673,23520.622850571529852459,37853.158115451406047214
2175283.226531758904457092,-12151.727585630353132728,23226.052151864379993640,38153.868700615057605319
2175361.670214540790766478,-12249.426801090425215079,23125.268293563724000705,38253.719821461054380052
2175440.113897322677075863,-12346.824276971199651598,23023.914787220517609967,38352.628579055955924559
2175672.016580316703766584,-12632.983088906677949126,22720.996760562567942543,38639.531192620517686009
2176047.243003483396023512,-13090.305663537372311112,22220.702018539679556852,39086.391868955273821484
2176549.393971593584865332,-13691.107335568351118127,21532.257813662130502053,39651.003647307843493763
2177156.523077753838151693,-14399.954815502382189152,20672.416180307700415142,40282.903109123915783130
2177842.095866696443408728,-15176.650586806126739248,19667.521994442453433294,40930.124480781349120662
2178576.149517800658941269,-15979.537989508695318364,18554.405507887669955380,41545.673561868643446360
2179326.602364134043455124,-16768.724457384403649485,17379.701795386728917947,42092.725119985072524287
2180060.656015238258987665,-17508.809213090687990189,16197.613127663378691068,42547.825339292285207193
2180746.228804180398583412,-18170.770279546803067205,15066.466019455336208921,42901.743491551787883509
2181353.357910341117531061,-18732.805991233028180432,14044.604756187361999764,43158.001371544531139079
2181855.508878451306372881,-19180.114967944609816186,13186.198591725284131826,43329.467594387693679892
2182230.735301617998629808,-19503.802049399193492718,12537.450618046439558384,43433.698787457709840965
2182462.637984612025320530,-19699.274385449556575622,12133.534227882748382399,43487.904832290027115960
2182541.081667393911629915,-19764.597005818272009492,11996.408708092623783159,43504.475304712781507988
2182619.525350175797939301,-19829.514256337821279885,11859.037142939838304301,43520.153456068001105450
2182851.428033169824630022,-20019.046928148000006331,11451.515525104417974944,43561.284762748560751788
2183226.654456336516886950,-20318.114187447310541756,10787.822764577726047719,43611.320513400372874457
2183728.805424446705728769,-20703.438661285868874984,9891.782247875918983482,43646.334665069225593470
2184335.934530606959015131,-21146.110859199707192602,8797.414717714964353945,43639.802546099839673843
2185021.507319549564272165,-21614.747566252208343940,7548.739539208084352140,43568.030594269228458870
2185755.560970653779804707,-22078.846621769320336170,6198.665075146123854211,43415.277053018442529719
2186506.013816987164318562,-22511.888535982918256195,4806.823700075368833495,43177.666457797138718888
2187240.067468091379851103,-22893.740146218813606538,3436.472905222263307223,42865.200503609332372434
2187925.640257033519446850,-23211.988775517944304738,2150.818606659161559946,42501.466029455121315550
2188532.769363194238394499,-23461.981859581712342333,1009.254767034518863511,42120.998663849946751725
2189034.920331304427236319,-23645.560370574392436538,64.017111265102101925,41764.639780326942855027
2189410.146754471119493246,-23768.729945611237781122,-642.384727021311391582,41473.579327204985020217
2189642.049437465146183968,-23838.761967616981564788,-1078.823170227351283756,41283.049115923568024300
2189720.493120247032493353,-23861.386864242915180512,-1226.409463214238485307,41216.753989390272181481
2189798.936803029384464025,-23883.470550992809876334,-1373.967938016721745953,41149.523955446726176888
2190030.839486023411154747,-23945.572337872745265486,-1809.998425274766532311,40945.294987473505898379
2190406.065909190103411674,-24035.867593449533160310,-2514.702277234287976171,40597.452065598321496509
2190908.216877300292253494,-24136.653740695619489998,-3455.614834972145217762,40098.124437350277730729
2191515.345983460545539856,-24227.109340024820994586,-4588.646917107939771086,39442.304288347069814336
2192200.918772403150796890,-24286.674014748572517419,-5859.912397872371911944,38632.495113484575995244
2192934.972423507366329432,-24298.601578726069419645,-7208.486326716194525943,37682.995999310238403268
2193685.425269840750843287,-24253.164759800249157706,-8570.045236618640046800,36622.936277569635421969
2194419.478920944966375828,-24149.964110720855387626,-9881.087926738618989475,35497.311822871211916208
2195105.051709887105971575,-23998.837747780376957962,-11083.188458659395109862,34365.529422068619169295
2195712.180816047824919224,-23819.009937309398083016,-12126.578066716278044623,33297.326676727621816099
2196214.331784158013761044,-23636.378593279041524511,-12972.380935876060902956,32366.376925431020936230
2196589.558207324706017971,-23479.220040988191612996,-13593.107562270832204376,31642.355525207047321601
2196821.460890318732708693,-23373.021597890008706599,-13971.521213332529441686,31182.638078700434562052
2196899.904573100619018078,-23335.506143952738057123,-14098.578438825110424659,31025.003806529322901042
2196978.348255882505327463,-23297.178374618117231876,-14225.144882800786945154,30866.289466176414862275
2197210.250938876532018185,-23179.076818002296931809,-14596.365554249186970992,30390.746450244329025736
2197585.477362043224275112,-22972.566109692234022077,-15187.240923421217303257,29601.129969031557266135
2198087.628330153413116932,-22665.583044697807054035,-15957.627365395974265994,28505.045988127516466193
2198694.757436313666403294,-22245.889241478926123818,-16854.728574920598475728,27118.897316646634862991
2199380.330225256271660328,-21705.142127682520367671,-17816.903376772072078893,25472.326186539779882878
2200114.383876360487192869,-21043.296221921009419020,-18778.897972748603933724,23612.214475833967298968
2200864.836722693871706724,-20272.696554643272975227,-19678.364079314349510241,21605.215289901858341182
2201598.890373798087239265,-19421.078084904416755307,-20463.106688983934873249,19537.829121000308077782
2202284.463162740226835012,-18532.581972562547889538,-21097.938185665447235806,17513.264132430122117512
2202891.592268900945782661,-17665.940148984984261915,-21569.428378551121568307,15644.814307164630008629
2203393.743237011134624481,-16889.309082341915200232,-21886.553017148464277852,14046.277094419256172841
2203768.969660177826881409,-16271.956783928872027900,-22075.751241023946931819,12820.842684959978214465
2204000.872343171853572130,-15874.026936762678815285,-22170.575593373832816724,12050.482346768658317160
2204079.316025953739881516,-15736.529286283319379436,-22198.635457780397700844,11787.684101755976371351
2204157.759708735626190901,-15597.551453840344038326,-22224.607257287221727893,11523.776977587796864100
2204389.662391729652881622,-15177.932783609969192185,-22288.822839045133150648,10737.177627584347646916
2204764.888814896345138550,-14470.670621879213285865,-22350.878592985856812447,9444.609143843917991035
2205267.039783006533980370,-13467.613506655363380560,-22345.972168830230657477,7678.328016316163484589
2205874.168889166787266731,-12164.767341356015094789,-22189.503964624738728162,5492.175539956769171113
2206559.741678109392523766,-10569.716049069660584792,-21785.222255209933791775,2968.810200091170372616
2207293.795329213608056307,-8710.875850144722789992,-21038.769086573753156699,226.288962141935257932
2208044.248175546992570162,-6647.464707014095438353,-19878.732200099959300132,-2579.491537190322560491
2208778.301826651208102703,-4477.109211307860277884,-18285.848240211602387717,-5262.390438254928085371
2209463.874615593347698450,-2334.990701464304947876,-16325.318648359489088762,-7630.792249421996530145
2210071.003721754066646099,-377.221239413436308041,-14166.457865282707643928,-9531.094533623345341766
2210573.154689864255487919,1251.767850214131613029,-12067.094655606311789597,-10894.043105937369546155
2210948.381113030947744846,2451.947095071290732449,-10315.836813551426530466,-11750.922798069554119138
2211180.283796024974435568,3177.537570361651887652,-9159.882448113556165481,-12198.960635544855904300
2211258.727478806860744953,3419.143331686002511560,-8756.922904074295729515,-12335.145493902678936138
2211337.171161589212715626,3658.502215894670371199,-8348.210314617963376804,-12463.221007244537759107
2211569.073844583239406347,4351.147072511538681283,-7108.249372541926277336,-12792.604485563118942082
2211944.300267749931663275,5414.341236529675370548,-5014.461734394966697437,-13161.000919490332307760
2212446.451235860120505095,6696.187468801117574912,-2091.058823321717682120,-13317.740444884342650766
2213053.580342020373791456,7982.006597905563467066,1517.412463379039309075,-12988.019671130094138789
2213739.153130962979048491,9045.473742949427105486,5513.856553215072381136,-11986.388711061681533465
2214473.206782067194581032,9730.257331511535085156,9517.029337638925426290,-10311.587417578433814924
2215223.659628400579094887,9998.818794152135524200,13191.864900273485545767,-8138.766495912798745849
2215957.713279504794627428,9914.697150694521042169,16334.155766035748456488,-5727.180840481346422166
2216643.286068446934223175,9591.631542700219142716,18870.851309413301351015,-3330.169020092268510780
2217250.415174607653170824,9150.947474153656003182,20816.716897426587820519,-1151.178381395011683708
2217752.566142717842012644,8698.930011676813592203,22229.328260312333441107,663.732160212885105466
2218127.792565884534269571,8318.457029632256308105,23177.032223968606558628,2017.568203015926201260
2218359.695248878560960293,8067.522451106970038381,23719.277874018480360974,2850.832666354441698786
2218438.138931660447269678,7980.148443056884389080,23895.458712011091847671,3131.876529751933503576
2218516.582614442333579063,7891.577917130710375204,24068.056962798495078459,3412.450872781475482043
2218748.485297436360269785,7623.091441748410034052,24557.799896493663254660,4238.864459855015411449
2219123.711720603052526712,7169.466955931330630847,25287.703233732525404776,5564.880155234173798817
2219625.862688713241368532,6530.421029134328819055,26150.747579853654315230,7313.913749244820792228
2220232.991794873494654894,5717.981494987308906275,27033.871939559452584945,9383.308941392298947903
2220918.564583816099911928,4760.188780629327084171,27839.535322225125128170,11653.338331138125795405
2221652.618234920315444469,3700.042553838412004552,28499.687411714749032399,13999.125366572803613963
2222403.071081253699958324,2590.934526173915401159,28980.771396564890892478,16302.305871703667435213
2223137.124732357915490866,1490.680262146885979746,29281.336422501615743386,18459.837627210694336100
2223822.697521300055086613,455.912294227150141523,29425.026192650791927008,20388.841678344739193562
2224429.826627460774034262,-462.203333564220429253,29451.538171329633769346,22027.646901485019043321
2224931.977595570962876081,-1220.673211446678578795,29407.419460027093009558,23333.934182595421589212
2225307.204018737655133009,-1785.998077868570589999,29337.831021616959333187,24281.135354346035455819
2225539.106701731681823730,-2134.516502336023677344,29279.876127854477090295,24854.233810923236887902
2225617.550384513568133116,-2252.230385993804247846,29257.760336881627154071,25045.970259534758952213
2225695.994067295454442501,-2369.848077231752540683,29234.394853690173476934,25236.636833205007860670
2225927.896750289481133223,-2716.958556005562513747,29158.126096892501664115,25794.059638539562001824
2226303.123173456173390150,-3276.477693673222802317,29012.570982352041028207,26676.298395675614301581
2226805.274141566362231970,-4020.547108353641760914,28776.793067761089332635,27819.125363131759513635
2227412.403247726615518332,-4911.814018441985354002,28432.603027741028199671,29143.541870056273182854
2228097.976036669220775366,-5905.610181584479505545,27971.311209359893837245,30564.486326552494574571
2228832.029687773436307907,-6952.929710647089450504,27398.238598492262099171,31999.336941901798127219
2229582.482534106820821762,-8003.820354693399167445,26734.204183968791767256,33374.965908939535438549
2230316.536185211036354303,-9010.664470702075050212,26014.085466402724705404,34632.490707359655061737
2231002.108974153175950050,-9930.867139581308947527,25283.130275761035591131,35729.359723602028680034
2231609.238080313894897699,-10728.638765495230472879,24591.936243588726938469,36638.880663885640387889
2232111.389048424083739519,-11375.783287987325820723,23990.992569817546609556,37347.679408202755439561
2232486.615471590775996447,-11851.618556329569400987,23525.512084183017577743,37851.836956142848066520
2232718.518154584802687168,-12142.319580532854160992,23231.065007206885638880,38152.585711366715258919
2232796.961837366688996553,-12240.060218429020096664,23130.322645516873308225,38252.449683750433905516
2232875.405520149040967226,-12337.499327944136894075,23029.010474371349118883,38351.371263129018188920
2233107.308203143067657948,-12623.782439584749226924,22726.213704265126580140,38638.311610768752871081
2233482.534626309759914875,-13081.309900954722252209,22226.112183358873153338,39085.232818396572838537
2233984.685594419948756695,-13682.392772203014828847,21537.920821919426089153,39649.924644073238596320
2234591.814700580202043056,-14391.590413025833186111,20678.376148528368503321,40281.919529258055263199
2235277.387489522807300091,-15168.694172237612292520,19673.805809681954997359,40929.247035083077207673
2236011.441140627022832632,-15972.032210252169534215,18561.022569660355657106,41544.908073369653720874
2236761.893986960407346487,-16761.693057507025514496,17386.645075713575351983,42092.072538850290584378
2237495.947638064622879028,-17502.254198722963337786,16204.861264594259409932,42547.281923907023156062
2238181.520427006762474775,-18164.670410246009851107,15073.986067067135081743,42901.301102465309668332
2238788.649533167481422424,-18727.116840558119292837,14052.355173194246162893,43157.647854651346278843
2239290.800501277670264244,-19174.770592900335032027,13194.132068567110763979,43329.187257325778773520
2239666.026924444362521172,-19498.718134101753094001,12545.516423234485046123,43433.472987615088641178
2239897.929607438389211893,-19694.352600890528265154,12141.679893771120987367,43487.712690975822624750
2239976.373290220275521278,-19759.730258448664244497,12004.581053603204054525,43504.294542181800352409
2240054.816973002161830664,-19824.702642984262638493,11867.235998641826881794,43519.984069444137276150
2240286.719655996188521385,-20014.398864328511990607,11459.791758864052098943,43561.148992510730749927
2240661.946079162880778313,-20313.732465214074181858,10796.221034862905071350,43611.239105693442979828
2241164.097047273069620132,-20699.416529995443852386,9900.337657315692922566,43646.325997323918272741
2241771.226153433322906494,-21142.528003885454381816,8806.150543469389958773,43639.881903245637658983
2242456.798942375928163528,-21611.666185536854754901,7557.666264588278863812,43568.209604748757556081
2243190.852593480143696070,-22076.307932693689508596,6207.780779055035964120,43415.563267953439208213
2243941.305439813528209925,-22509.910084891038422938,4816.115686294458100747,43178.063047227384231519
2244675.359090917743742466,-22892.314267475961969467,3445.920289374984349706,42865.706053647722001188
2245360.931879859883338213,-23211.082425324919313425,2160.395441897383989271,42502.074448952946113423
2245968.060986020602285862,-23461.537892073825787520,1018.933200730932639999,42121.699238238135876600
2246470.211954130791127682,-23645.500158656494022580,73.770049285755192159,41765.417430334069649689
2246845.438377297483384609,-23768.957119168291683309,-632.581890695737115493,41474.415129282948328182
2247077.341060291510075331,-23839.166974201154516777,-1068.992013346762860238,41283.921113863216305617
2247155.784743073396384716,-23861.852057326272188220,-1216.569167477770406549,41217.638277092679345515
2247234.228425855282694101,-23883.995945437749469420,-1364.118727911424457488,41150.420556757439044304
2247466.131108849309384823,-23946.275783044951822376,-1800.124184090985636431,40946.228134052973473445
2247841.357532016001641750,-24036.859325012534100097,-2504.791776111210310773,40598.444812874418857973
2248343.508500126190483570,-24138.031485702631471213,-3445.664191636569739785,40099.197909812028228771
2248950.637606286443769932,-24228.953773744622594677,-4578.660948661555266881,39443.476953333185520023
2249636.210395229049026966,-24289.044833193391241366,-5849.904604123056742537,38633.782072993715701159
2250370.264046333264559507,-24301.534501323170843534,-7198.477402961902043899,37684.408285905810771510
2251120.716892666649073362,-24256.669768015810404904,-8560.060207030321180355,36624.480154108161514159
2251854.770543770864605904,-24154.025144087954686256,-9871.152204414158404688,35498.988118579967704136
2252540.343332713004201651,-24003.413922595595067833,-11073.323362802591873333,34367.332983205182245001
2253147.472438873723149300,-23824.038151874745381065,-12116.796530977515431005,33299.246053367205604445
2253649.623406983911991119,-23641.777185848077351693,-12962.684267113261739723,32368.394435544363659574
2254024.849830150604248047,-23484.893036598532489734,-13583.484073763620472164,31644.447814379447663669
2254256.752513144630938768,-23378.863077269434143091,-13961.947285165384528227,31184.777224199962802231
2254335.196195926517248154,-23341.404412507246888708,-14089.022041799269572948,31027.158914530235051643
2254413.639878708869218826,-23303.133326805029355455,-14215.606409807642194210,30868.460594303091056645
2254645.542561702895909548,-23185.198707038278371328,-14586.882399266012726002,30392.965278966552432394
2255020.768984869588166475,-22978.955980537386494689,-15177.854831273038143991,29603.427074604795052437
2255522.919952979777008295,-22672.327060613413777901,-15948.386391150608687894,28507.450021171225671424
2256130.049059140030294657,-22253.053767215853440575,-16845.687683734144229675,27121.434048184772109380
2256815.621848082635551691,-21712.769961282167059835,-17808.123244235030142590,25475.017372568316204706
2257549.675499186851084232,-21051.404398074486380210,-18770.441656955597863998,23615.076524407351826085
2258300.128345520235598087,-20281.276111520241101971,-19670.291409440724237356,21608.257790585368638858
2259034.181996624451130629,-19430.096055073088791687,-20455.466501502698520198,19541.053420606091094669
2259719.754785566590726376,-18541.985591447741171578,-21090.759005243671708740,17516.662286171886080410
2260326.883891727309674025,-17675.662852750167076010,-21562.708820026600733399,15648.368819035866181366
2260829.034859837498515844,-16899.277329361746524228,-21880.253973527385824127,14049.961759413590698387
2261204.261283004190772772,-16282.096240957806003280,-22069.792466396098461701,12824.624484997844774625
2261436.163965998217463493,-15884.266440952056655078,-22164.839031998439168092,12054.323870767777407309
2261514.607648780103772879,-15746.801574112309026532,-22192.976212149173079524,11791.545741529744191212
2261593.051331561990082264,-15607.855971437691550818,-22219.026440912013640627,11527.658678695186608820
2261824.954014556016772985,-15188.329226550667954143,-22283.480557404152932577,10741.118248546041286318
2262200.180437722709029913,-14481.204484877855065861,-22345.944348168919532327,9448.643438132790834061
2262702.331405832897871733,-13478.306937125033073244,-22341.629875257596722804,7682.482815061217479524
2263309.460511993151158094,-12175.610546546198747819,-22185.954684604323119856,5496.464217620476119919
2263995.033300935756415129,-10580.659686970191614819,-21782.682748470499063842,2973.224731195556159946
2264729.086952039971947670,-8721.825283747719367966,-21037.462968624429777265,230.789489365941449250
2265479.539798373356461525,-6658.278153462035334087,-19878.868989706999855116,-2574.987635951202719298
2266213.593449477571994066,-4487.604256675956094114,-18287.585814841211686144,-5258.013471463395944738
2266899.166238419711589813,-2344.966929659799461660,-16328.711455216425747494,-7626.706918785883317469
2267506.295344580430537462,-386.506162116147606866,-14171.410425163850959507,-9527.457570883701919229
2268008.446312690619379282,1243.255593185379666465,-12073.355067505583065213,-10890.940716954062736477
2268383.672735857311636209,2444.146039224217020092,-10323.046989535157990758,-11748.323725799107705825
2268615.575418851338326931,3170.236040260899244458,-9167.652317288013364305,-12196.715865433827275410
2268694.019101633224636316,3412.021182798297104455,-8764.875546576166016166,-12333.027572225631956826
2268772.462784415110945702,3651.564663148823910888,-8356.341882370894381893,-12461.233265100299831829
2269004.365467409137636423,4344.785133228978338593,-7116.884284379117161734,-12791.019499426502079586
2269379.591890575829893351,5408.999531330277022789,-5023.813635148835601285,-13160.113199871537290164
2269881.742858686018735170,6692.353549596282391576,-2101.139953992781101988,-13317.830338847765233368
2270488.871964846272021532,7980.126293959118811472,1506.844923685188632589,-12989.258794107825451647
2271174.444753788877278566,9045.812961727826404967,5503.233442722987092566,-11988.745175620282680029
2271908.498404893092811108,9732.814002132667155820,9506.790508703092200449,-10314.835135333531070501
2272658.951251226477324963,10003.361373812464080402,13182.308318353858339833,-8142.601311796875961591
2273393.004902330692857504,9920.878154421681756503,16325.404463793174727471,-5731.334417638800005079
2274078.577691272832453251,9599.086478764143976150,18862.896221896986389766,-3334.455339402415120276
2274685.706797433551400900,9159.347062045724669588,20809.469489045157388318,-1155.489658524749529533
2275187.857765543740242720,8707.996503028391089174,22222.656984465611458290,659.446474803166211132
2275563.084188710432499647,8327.961579160077235429,23170.783162872336106375,2013.321727062726949953
2275794.986871704459190369,8077.274117398169437365,23713.285699147898412775,2846.617184094382537296
2275873.430554486345499754,7989.979831033620939706,23889.552696846683829790,3127.672535283030811115
2275951.874237268697470427,7901.487130119372523041,24062.236729202602873556,3408.258831116550936713
2276183.776920262724161148,7633.219967232636918197,24552.231020077913854038,4234.710246367935724265
2276559.003343429416418076,7179.918026218924751447,25282.533889502847159747,5560.793899206217247411
2277061.154311539605259895,6541.246318041030463064,26146.099012430404400220,7309.928481351347727468
2277668.283417699858546257,5729.180616019048102316,27029.832187960309966002,9379.456305292582328548
2278353.856206642463803291,4771.719085081734192499,27836.156837017842917703,11649.643713772768023773
2279087.909857746679335833,3711.834406260667037714,28496.988080752744281199,13995.604498559274361469
2279838.362704080063849688,2602.907397504726759507,28978.737813564115640474,16298.963612500325325527
2280572.416355184279382229,1502.756497443395801383,29279.928236609019222669,18456.668540504098928068
2281257.989144126418977976,468.027054871490179266,29424.180740866297128377,20385.831600651665212354
2281865.118250287137925625,-450.096281144734575719,29451.174960183394432534,22024.774816047414788045
2282367.269218397326767445,-1208.599537673834220186,29407.444293752818339271,23331.173990957842761418
2282742.495641564019024372,-1773.964146722108353060,29338.139696356614877004,24278.457384041237673955
2282974.398324558045715094,-2122.513126397200267093,29280.357686501385614974,24851.606049500929657370
2283052.842007339932024479,-2240.238348142813265440,29258.299944172507821349,25043.359376173761120299
2283131.285690121818333864,-2357.867874924895659206,29234.992293753115518484,25234.042774366360390559
2283363.188373115845024586,-2705.016199484291973931,29158.893257415769767249,25791.515004492102889344
2283738.414796282537281513,-3264.605331522686356038,29013.608863594345166348,26673.832740652756911004
2284240.565764392726123333,-4008.784520823318871408,28778.185905279569851700,27816.763494812945282320
2284847.694870552979409695,-4900.207199719633536006,28434.414160854139481671,29141.302614538639318198
2285533.267659495584666729,-5894.207324143560981611,27973.580876436746621039,30562.381855419025669107
2286267.321310599800199270,-6941.775563068921655940,27400.983552261004660977,31997.372652843227115227
2287017.774156933184713125,-7992.950174522574343428,26737.418829620743053965,33373.140755260137666482
2287751.827808037400245667,-9000.098691503681038739,26017.744131245093740290,34630.797822341788560152
2288437.400596979539841413,-9920.607566696982758003,25287.190194629351026379,35727.787191303614235949
2289044.529703140258789062,-10718.666751423112145858,24596.340864794270601124,36637.412330291117541492
2289546.680671250447630882,-11366.060007637961462024,23995.674840983800095273,37346.295679079732508399
2289921.907094417139887810,-11842.087245384689595085,23530.397463475681433920,37850.515569936142128427
2290153.809777411166578531,-12132.909423633383994456,23236.074059421927813673,38151.302497816846880596
2290232.253460193052887917,-12230.691466931652030325,23135.373211792717484059,38251.179322602190950420
2290310.697142974939197302,-12328.172193123913530144,23034.102393363202281762,38350.113724619935965165
2290542.599825968965888023,-12614.579554795303920400,22731.426931981419329531,38637.091808825221960433
2290917.826249135658144951,-13072.311823945990909124,22231.518717808074143250,39084.073551644003600813
2291419.977217245846986771,-13673.675791434980055783,21543.580316624695115024,39648.845429611566942185
2292027.106323406100273132,-14383.223472667021269444,20684.332747710628609639,40280.935743798610928934
2292712.679112348705530167,-15160.735088918132532854,19680.086423149368783925,40928.369389678620791528
2293446.732763452921062708,-15964.523628079674381297,18567.636613271635724232,41544.142390929322573356
2294197.185609786305576563,-16754.658723805638146587,17393.585530118034512270,42091.419769110747438390
2294931.239260890521109104,-17495.696128517327451846,16212.106767787321587093,42546.738324608799302951
2295616.812049832660704851,-18158.567376492352195783,15081.503663906561996555,42900.858533388585783541
2296223.941155993379652500,-18721.424433530417445581,14060.103304097890941193,43157.294160879348055460
2296726.092124103568494320,-19169.422888533525110688,13202.063397278012416791,43328.906745705258799717
2297101.318547270260751247,-19493.630836754942720290,12553.580184394155367045,43433.247014799570024479
2297333.221230264287441969,-19689.427402466160856420,12149.823580385593231767,43487.520377605862449855
2297411.664913046173751354,-19754.860086585176759399,12012.751441814201825764,43504.113607894469168968
2297490.108595828060060740,-19819.887594575888215331,11875.432919053728255676,43519.814511357864830643
2297722.011278822086751461,-20009.747334628831595182,11468.066122603475378128,43561.013051647489191964
2298097.237701988779008389,-20309.347228480681224028,10804.617541367175363121,43611.157528614479815587
2298599.388670098967850208,-20695.390821581517229788,9908.891446329573227558,43646.317161689315980766
2299206.517776259221136570,-21138.941499498658231460,8814.884923845038429135,43639.961093997801071964
2299892.090565201826393604,-21608.581079522493382683,7566.591744398733681010,43568.388450132013531402
2300626.144216306041926146,-22073.765442705429450143,6216.895453700222788029,43415.849318718006543349
2301376.597062639426440001,-22507.927762142939172918,4825.406866749819528195,43178.459472932736389339
2302110.650713743641972542,-22890.884454463430301985,3455.367088528737440356,42866.211439898565004114
2302796.223502685781568289,-23210.172088436873309547,2169.971900105939312198,42502.682704149789060466
2303403.352608846500515938,-23461.089896474171837326,1028.611442914162125817,42122.399647494741657283
2303905.503576956689357758,-23645.435888083713507513,83.522950127678910803,41766.194914249150315300
2304280.730000123381614685,-23769.180213462139363401,-622.778975722170116569,41475.250764385862566996
2304512.632683117408305407,-23839.567889758749515750,-1059.160706026965044657,41284.792944210108544212
2304591.076365899294614792,-23862.313155574462143704,-1206.728696983098870987,41218.522396980777557474
2304669.520048681646585464,-23884.517241326051589567,-1354.269318713329084858,41151.316990025086852256
2304901.422731675673276186,-23946.975119169859681278,-1790.249671768927100857,40947.161111877729126718
2305276.649154842365533113,-24037.846932197218848160,-2494.880886968869162956,40599.437390123435761780
2305778.800122952554374933,-24139.405089067873632303,-3435.713003290489268693,40100.271210305167187471
2306385.929229112807661295,-24230.794050090178643586,-4568.674244561839259404,39444.649443627844448201
2307071.502018055412918329,-24291.411483554631558945,-5839.895858419517026050,38635.068854224773531314
2307805.555669159628450871,-24304.463253100508154603,-7188.467294531404149893,37685.820389755805081222
2308556.008515493012964725,-24260.170612510311912047,-8550.073753722166657099,36626.023842633097956423
2309290.062166597228497267,-24158.082030999597918708,-9861.214823516231263056,35500.664220406513777561
2309975.634955539368093014,-24007.985976941959961550,-11063.456388145477831131,34369.136344313868903555
2310582.764061700087040663,-23829.062277488908875966,-12107.012920711204060353,33301.165223983720352408
2311084.915029810275882483,-23647.171721962698939024,-12952.985361440927590593,32370.411734275778144365
2311460.141452976968139410,-23490.562004051025724038,-13573.858226708449365105,31646.539887926770461490
2311692.044135970994830132,-23384.700547770538832992,-13952.370923141568709980,31186.916151349716528784
2311770.487818752881139517,-23347.298679023188014980,-14079.463185419399451348,31029.313803242068388499
2311848.931501534767448902,-23309.084283956988656428,-14206.065451949640191742,30870.631502194377389969
2312080.834184528794139624,-23191.316622713708056835,-14577.396683933751774020,30395.183884598478471162
2312456.060607695486396551,-22985.341916254717943957,-15168.466056407134601614,29605.723952306059800321
2312958.211575805675238371,-22679.067198981931142043,-15939.142569948393429513,28509.853819637966807932
2313565.340681965928524733,-22260.214495504693331895,-16836.643746211098914500,27123.970536598888429580
2314250.913470908533781767,-21720.394102891619695583,-17799.339839002022927161,25477.708305314601602731
2314984.967122012749314308,-21059.509014689643663587,-18761.981824380141915753,23617.938308386459539179
2315735.419968346133828163,-20289.852267734244378516,-19662.214970962540974142,21611.300014947784802644
2316469.473619450349360704,-19439.110806066128134262,-20447.822296273665415356,19544.277432755323388847
2317155.046408392488956451,-18551.386187312382389791,-21083.575571194203803316,17520.060143042370327748
2317762.175514553207904100,-17685.382731807025265880,-21555.984795784450398060,15651.923027288343291730
2318264.326482663396745920,-16909.242935534020944033,-21873.950286037754267454,14053.646117072989000008
2318639.552905830089002848,-16292.233207638522799243,-22063.828912914108514087,12828.405976526000813465
2318871.455588824115693569,-15894.503553926107997540,-22159.097607463769236347,12058.165086423354296130
2318949.899271606002002954,-15757.071505377427456551,-22187.312074680801742943,11795.407073196904093493
2319028.342954387888312340,-15618.158167706704261946,-22213.440703938151273178,11531.540072032777970890
2319260.245637381915003061,-15198.723455860186732025,-22278.133269634530734038,10745.058563372462231200
2319635.472060548607259989,-14491.736320366002473747,-22341.004957176122843521,9452.677431297410294064
2320137.623028658796101809,-13488.998614509893741342,-22337.282244738991721533,7686.637325261016485456
2320744.752134819049388170,-12186.452374987538860296,-22182.399831893239024794,5500.752634383382428496
2321430.324923761654645205,-10591.602443046602274990,-21780.137397472401062259,2977.639056616845664394
2322164.378574865870177746,-8732.774466867482260568,-21036.150715212712384528,235.289912831824040040
2322914.831421199254691601,-6669.092131131954374723,-19878.999363104063377250,-2570.483664738942934491
2323648.885072303470224142,-4498.100764262445409258,-18289.316755160631146282,-5253.636165777821588563
2324334.457861245609819889,-2354.945665472329892509,-16332.097545266877204995,-7622.620882595067996590
2324941.586967406328767538,-395.794665979014723689,-14176.356384707971301395,-9523.819478809076827019
2325443.737935516517609358,1234.738782106176813613,-12079.609189675211382564,-10887.836797895959534799
2325818.964358683209866285,2436.339679907924164581,-10330.251275259595786338,-11745.722821114963153377
2326050.867041677236557007,3162.928748779876059416,-9175.416624284574936610,-12194.469088270876454771
2326129.310724459122866392,3404.893120574925433175,-8772.822752387148284470,-12330.907588258367468370
2326207.754407241474837065,3644.621047249123876099,-8364.468146240413261694,-12459.243407887730427319
2326439.657090235501527786,4338.416704364815814188,-7125.514326934304335737,-12789.432259583320046659
2326814.883513402193784714,5403.650721469976815570,-5033.161491808685241267,-13159.223072701566707110
2327317.034481512382626534,6688.511912065049727971,-2111.218319288977909309,-13317.917789503766471171
2327924.163587672635912895,7978.237931530960850068,1496.278515046393295052,-12990.495696812411551946
2328609.736376615241169930,9046.144255053615779616,5492.609776067793973198,-11991.099913310643387376
2329343.790027719456702471,9735.363319329224395915,9496.549700114443112398,-10318.081730039724789094
2330094.242874052841216326,10007.897400400908736628,13172.748720493476866977,-8146.435536891322954034
2330828.296525157056748867,9927.053427879129230860,16316.649448213824143750,-5735.487787048174141091
2331513.869314099196344614,9606.536413873851415701,18854.936964857351995306,-3338.741695544949834584
2332120.998420259915292263,9167.742242218560932088,20802.217615373290755088,-1159.801118352659614175
2332623.149388370104134083,8717.059037345217802795,22215.981054377112741349,655.160523399293651892
2332998.375811536796391010,8337.462485662133985898,23164.529332036843698006,2009.074939681403066061
2333230.278494530823081732,8087.022325532059767283,23707.288692419857397908,2842.401368129118964134
2333308.722177312709391117,7999.807821862480523123,23883.641830263029987691,3123.468200449556661624
2333387.165860094595700502,7911.393006219922426681,24056.411625318578444421,3404.066442834326608136
2333619.068543088622391224,7643.345329699168360094,24546.657221458841377171,4230.555670009031928203
2333994.294966255314648151,7190.366201955035649007,25277.359550279627001146,5556.707260145190957701
2334496.445934365503489971,6552.069048825163008587,26141.445371624184190296,7305.942812955826411780
2335103.575040525756776333,5740.377554653952756780,27025.787293003326340113,9375.603258323299087351
2335789.147829468362033367,4783.247596090674051084,27832.773156950453994796,11645.948683575226823450
2336523.201480572577565908,3723.624846410719783307,28494.283527104031236377,13992.083223023964819731
2337273.654326905962079763,2614.879214401851186267,28976.699004344591230620,16295.620956045942875789
2338007.707978010177612305,1514.832001919975482451,29278.514842149532341864,18453.499069318004330853
2338693.280766952317208052,480.141366695529939079,29423.330113608582905727,20382.821151697120512836
2339300.409873113036155701,-437.989442084121833432,29450.806614885677845450,22021.902371524411137216
2339802.560841223224997520,-1196.525891568559927691,29407.464035298944509123,23328.413450395168183604
2340177.787264389917254448,-1761.930109391416181097,29338.443314573185489280,24275.779072371089569060
2340409.689947383943945169,-2110.509563519274706778,29280.834212407546147006,24848.977951350803778041
2340488.133630165830254555,-2228.246096364614913909,29258.834527059971151175,25040.748157645826722728
2340566.577312947716563940,-2345.887431865203780035,29235.584717895460926229,25231.448381917245569639
2340798.479995941743254662,-2693.073523836801086873,29159.655427932655584300,25788.970041407315875404
2341173.706419108435511589,-3252.732526281118225597,29014.641799332024675095,26671.366763890691800043
2341675.857387218624353409,-3997.021329515772777086,28779.573861597109498689,27814.401314295166230295
2342282.986493378877639771,-4888.599590371350132045,28436.220497348003846128,29139.063057964736799477
2342968.559282321482896805,-5882.803474122124498535,27975.845850786750816042,30560.277095248969999375
2343702.612933425698429346,-6930.620216459666153241,27403.723933670022233855,31995.408086922696384136
2344453.065779759082943201,-7982.078593910820018209,26740.629034982906887308,33371.315336408995790407
2345187.119430863298475742,-8989.531323621537012514,26021.398493132928706473,34629.104682850716926623
2345872.692219805438071489,-9910.346236652654624777,25291.245945565846341196,35726.214413879009953234
2346479.821325966157019138,-10708.692836591199011309,24600.741442733888106886,36635.943759341360419057
2346981.972294076345860958,-11356.334711563242308330,24000.353175402422493789,37344.911718679024488665
2347357.198717243038117886,-11832.553834983948036097,23535.278987535690248478,37849.193956791517848615
2347589.101400237064808607,-12123.497116439655655995,23241.079307576201244956,38150.019059926627960522
2347667.545083018951117992,-12221.320548098641666002,23140.419991451421083184,38249.908737977777491324
2347745.988765801303088665,-12318.842874005758858402,23039.190543247339519439,38348.855963492816954385
2347977.891448795329779387,-12605.374436011557918391,22736.636442743674706435,38635.871786754934873898
2348353.117871962022036314,-13063.311433948476405931,22236.921620889235782670,39082.914068663936632220
2348855.268840072210878134,-13664.956394652932431200,21549.236296740498801228,39647.766003890988940839
2349462.397946232464164495,-14374.853995755051073502,20690.285976771006971831,40279.951752715955080930
2350147.970735175069421530,-15152.773338108467214624,19686.363833711307961494,40927.491544540680479258
2350882.024386279284954071,-15957.012244177638422116,18574.247637536991533125,41543.376514522751676850
2351632.477232612669467926,-16747.621457389381248504,17400.523157365743827540,42090.766810743931273464
2352366.530883716885000467,-17489.135003506176872179,16219.349635961740204948,42546.194541377342829946
2353052.103672659024596214,-18152.461179245547100436,15089.018808651420840761,42900.415784303368127439
2353659.232778819743543863,-18715.728771044457971584,14067.849147541057391209,43156.940290212078252807
2354161.383746929932385683,-19164.071855684273032239,13209.992576472883229144,43328.626059511188941542
2354536.610170096624642611,-19488.540158157837140607,12561.641900120202990365,43433.020868997322395444
2354768.512853090651333332,-19684.498790950070542749,12157.965286308743088739,43487.327892166948004160
2354846.956535872537642717,-19749.986490992785547860,12020.919871304131447687,43503.932501837793097366
2354925.400218654423952103,-19815.069111869015614502,11883.627902750011344324,43519.644781796378083527
2355157.302901648450642824,-20005.092339779635949526,11476.338614885338756721,43560.876940146648848895
2355532.529324815142899752,-20304.958477936117560603,10813.012282634545044857,43611.075782152365718503
2356034.680292925331741571,-20691.361536676879040897,9917.443613437508247443,43646.308158155763521791
2356641.809399085585027933,-21135.351346603591082385,8823.617857334123982582,43640.040118348428222816
2357327.382188028190284967,-21605.492248695223679533,7575.515977102132637810,43568.567130413008271717
2358061.435839132405817509,-22071.219152206092985580,6226.009097514903260162,43416.135205308215518016
2358811.888685465790331364,-22505.941568052730872296,4834.697239846879710967,43178.855734911368926987
2359545.942336570005863905,-22889.450707408934249543,3464.813301064093138848,42866.716662362094211858
2360231.515125512145459652,-23209.257764999969367636,2179.547979644308725256,42503.290795047818392050
2360838.644231672864407301,-23460.637872856066678651,1038.289491926775326647,42123.099891623664007057
2361340.795199783053249121,-23645.367558868663763860,93.275812120734769906,41766.972232077569060493
2361716.021622949745506048,-23769.399228459744335851,-612.975983779468037937,41476.086232520217890851
2361947.924305943772196770,-23839.964714228379307315,-1049.329249951867495838,41285.664606971404282376
2362026.367988725658506155,-23862.770158916486252565,-1196.888053415783588207,41219.406349061966466252
2362104.811671507544815540,-23885.034438576578395441,-1344.419712106112456240,41152.213255258917342871
2362336.714354501571506262,-23947.670346137889282545,-1780.374889996882302512,40948.093920957799127791
2362711.940777668263763189,-24038.830414847787324106,-2484.969611502453972207,40600.429797356613562442
2363214.091745778452605009,-24140.774550573281885590,-3425.761271637207300955,40101.344338842682191171
2363821.220851938705891371,-24232.630168767511349870,-4558.686806520147911215,39445.821759246151486877
2364506.793640881311148405,-24293.773965451742697041,-5829.886162479793711100,38636.355457195291819517
2365240.847291985526680946,-24307.387833583754400024,-7178.456003146935472614,37687.232310880426666699
2365991.300138318911194801,-24263.667292712310882052,-8540.085878417361527681,36627.567343167487706523
2366725.353789423126727343,-24162.134770788001333131,-9851.275785765503314906,35502.340128376687061973
2367410.926578365266323090,-24012.553910060349153355,-11053.587536403074409463,34370.939505423251830507
2368018.055684525985270739,-23834.082313310667814221,-12097.227237624574627262,33303.084188608256226871
2368520.206652636174112558,-23652.562200712833146099,-12943.284220557747175917,32372.428821658460947219
2368895.433075802866369486,-23496.226942383527784841,-13564.230022796311459388,31648.631745883776602568
2369127.335758796893060207,-23390.534008398713922361,-13942.792128946739467210,31189.054860185457073385
2369205.779441578779369593,-23353.188942494904040359,-14069.901871369253058219,31031.468472700944403186
2369284.223124361131340265,-23315.031245056368788937,-14196.522010911576217040,30872.802189882957463851
2369516.125807355158030987,-23197.430563978043210227,-14567.908409931049391162,30397.402267173725704197
2369891.352230521850287914,-22991.723915739828953519,-15159.074600491218006937,29608.020602170472557191
2370393.503198632039129734,-22685.803458625752682565,-15929.895903440370602766,28512.257383564847259549
2371000.632304792292416096,-22267.371425077326421160,-16827.596763979061506689,27126.506781928495911416
2371686.205093734897673130,-21728.014551137512171408,-17790.553162669530138373,25480.398984820749319624
2372420.258744839113205671,-21067.610070276085025398,-18753.518476579414709704,23620.799827815913886297
2373170.711591172497719526,-20298.425021669630950782,-19654.134765389782842249,21614.341963035760272760
2373904.765242276713252068,-19448.122336138545506401,-20440.174074753016611794,19547.501157495753432158
2374590.338031218852847815,-18560.783758282963390229,-21076.387884915282484144,17523.457703089014103170
2375197.467137379571795464,-17695.099784160600393079,-21549.256307164530880982,15655.476931967506970977
2375699.618105489760637283,-16919.205898756721580867,-21867.641955965449596988,14057.330167439453362022
2376074.844528656452894211,-16302.367681784373417031,-22057.860581819753861055,12832.187159582425010740
2376306.747211650479584932,-15904.738273443652360584,-22153.351320982517790981,12062.005993770093482453
2376385.190894432365894318,-15767.339077818634905270,-22181.643046577799395891,11799.268096790894560399
2376463.634577214252203703,-15628.458040368252113694,-22207.850047557789366692,11535.421157632661561365
2376695.537260208278894424,-15209.115469201609812444,-22272.780976896781794494,10748.998572091153619112
2377070.763683374971151352,-14502.266125908561662072,-22336.060421113073971355,9456.711123355978998006
2377572.914651485159993172,-13499.688536233199556591,-22332.929278298248391366,7690.791546916343577323
2378180.043757645413279533,-12197.292823913387110224,-22178.839407400500931544,5505.040790214963635663
2378865.616546588018536568,-10602.544314287892120774,-21777.586202965900156414,2982.053176269758296257
2379599.670197692234069109,-8743.723396188734113821,-21034.832326866293442436,239.790232362241795272
2380350.123044025618582964,-6679.906636346288905770,-19879.123320497139502550,-2565.979623875320612569
2381084.176695129834115505,-4508.598729993011147599,-18291.041060901712626219,-5249.258521720840690250
2381769.749484071973711252,-2364.926904459467095876,-16335.476917564028553898,-7618.534141600128350547
2382376.878590232692658901,-405.086746319218491408,-14181.295742093687294982,-9520.180258333037272678
2382879.029558342881500721,1226.217421696306701051,-12085.857019350291011506,-10884.731349763647813234
2383254.255981509573757648,2428.528021705216815462,-10337.449667150192908593,-11743.120084970423704362
2383486.158664503600448370,3155.615700323723103793,-9183.175365008066364680,-12192.220304924869196839
2383564.602347285486757755,3397.759149342909950064,-8780.764517236451865756,-12328.785542830806662096
2383643.046030067373067141,3637.671372429329494480,-8372.589101791492794291,-12457.251436389544323902
2383874.948713061399757862,4332.041789837591750256,-7134.139495276648631261,-12787.842766655941886711
2384250.175136228092014790,5398.294810183505433088,-5042.505298749232679256,-13158.330538261336187134
2384752.326104338280856609,6684.662558259897195967,-2121.293913001213695679,-13318.002796596658299677
2385359.455210498534142971,7976.341511098916271294,1485.713243724664607726,-12991.730378427249888773
2386045.027999441139400005,9046.467621877469355240,5481.985558883154226351,-11993.452923023300172645
2386779.081650545354932547,9737.905280996597866761,9486.306916509411166771,-10321.327200656134664314
2387529.534496878739446402,10012.426871287401809241,13163.186110365826607449,-8150.269170414601830998
2388263.588147982954978943,9933.222968255173327634,16307.890722218802693533,-5739.640948193184158299
2388949.160936925094574690,9613.981345195870744647,18846.973540673647221411,-3343.028088201022001158
2389556.290043085813522339,9176.133011872543647769,20794.961278409835358616,-1164.112760688098205719
2390058.441011196002364159,8726.117611871430199244,22209.300471783713874174,650.874306114103546861
2390433.667434362694621086,8346.959746418877330143,23158.270733027464302722,2004.827840940104351830
2390665.570117356721311808,8096.767072812039259588,23701.286855302278127056,2838.185218503948817670
2390744.013800138607621193,8009.632412854651192902,23877.726113696437096223,3119.263525289808058005
2390822.457482920959591866,7921.295542749202468258,24050.581652555789332837,3399.873707973097225477
2391054.360165914986282587,7653.467526487650502531,24541.078501957432308700,4226.400730798733093252
2391429.586589081678539515,7200.811480515581934014,25272.180217250846908428,5552.620238047782549984
2391931.737557191867381334,6562.889218909484043252,26136.786658461409388110,7301.956744031246671511
2392538.866663352120667696,5751.572308368533413159,27021.737255540174373891,9371.749800438010424841
2393224.439452294725924730,4794.774311189861691673,27829.384282698942115530,11642.253240485573769547
2393958.493103398941457272,3735.413871880322403740,28491.573751276668190258,13988.561539899108538521
2394708.945949732325971127,2626.849974514060704678,28974.654969259965582751,16292.277902269241167232
2395442.999600836541503668,1526.906773279895787709,29277.096239339502062649,18450.329213580487703439
2396128.572389778681099415,492.255227453012594196,29422.474310976009292062,20379.810331410179060185
2396735.701495939400047064,-425.882818583872449381,29450.433135437382588862,22019.029567846762802219
2397237.852464049588888884,-1184.452275295068830019,29407.478684590139891952,23325.652560839906072943
2397613.078887216281145811,-1749.895968012623598042,29338.741876136740756920,24273.100419269539997913
2397844.981570210307836533,-2098.505815820902626001,29281.305705410220980411,24846.349516407768533099
2397923.425252992194145918,-2216.253632771932643664,29259.364085370358225191,25038.136603886181546841
2398001.868935774080455303,-2333.906750159455896210,29236.172125932676863158,25228.853655793220241321
2398233.771618768107146025,-2681.130531152223738900,29160.412608226921292953,25786.424749221740057692
2398608.998041934799402952,-3240.859280008859059308,29015.669789298906835029,26668.900465327624260681
2399111.149010044988244772,-3985.257536452315889619,28780.956936383121501422,27812.038821518905024277
2399718.278116205241531134,-4876.991192370440330706,28438.022036817554180743,29136.823200277827709215
2400403.850905147846788168,-5871.398633438114302407,27978.106131924865621841,30558.172045988696481800
2401137.904556252062320709,-6919.463672676592977950,27406.459742153008846799,31993.443244089849031297
2401888.357402585446834564,-7971.205614651840733131,26743.834799410127743613,33369.489652339005260728
2402622.411053689662367105,-8978.962368785658327397,26025.048551347754255403,34627.411288842464273330
2403307.983842631801962852,-9900.083151117496527149,25295.297527786737191491,35724.641391287041187752
2403915.112948792520910501,-10698.717022613722292590,24605.137976568330486771,36634.474950997573614586
2404417.263916902709752321,-11346.607401331219080021,24005.027572189857892226,37343.527526963785931002
2404792.490340069402009249,-11823.018326660438106046,23540.156655447299272055,37847.872116673526761588
2405024.393023063428699970,-12114.082660462980129523,23246.080750734443427064,38148.735397661439492367
2405102.836705845315009356,-12211.947463433900338714,23145.462983551176876063,38248.637929842923767865
2405181.280388627201318741,-12309.511372083848982584,23044.274923077853600262,38347.597979711310472339
2405413.183071621228009462,-12596.167084705695742741,22741.842235586966125993,38634.651544522428594064
2405788.409494787920266390,-13054.308732398498250404,22242.320891607247176580,39081.754369422385934740
2406290.560462898109108210,-13656.234583244646273670,21554.888761232385149924,39646.686366879410343245
2406897.689569058362394571,-14366.481983618166850647,20696.235834629111195682,40278.967555980161705520
2407583.262358000967651606,-15144.808921068581184954,19692.638040237521636300,40926.613499641804082785
2408317.316009105183184147,-15949.498059731720786658,18580.855641275127709378,41542.610444125086360145
2409067.768855438567698002,-16740.581259366728772875,17407.457956225614907453,42090.113663727519451641
2409801.822506542783230543,-17482.570824721318786032,16226.589867840022634482,42545.650574192804924678
2410487.395295484922826290,-18146.351819464765867451,15096.531499982876994181,42899.972855192107090261
2411094.524401645641773939,-18710.029853994321456412,14075.592702169911717647,43156.586242633929941803
2411596.675369755830615759,-19158.717495192267961102,13217.919604770075238775,43328.345198729548428673
2411971.901792922522872686,-19483.446099109209171729,12569.701569010845560115,43432.794550195503688883
2412203.804475916549563408,-19679.566767115586117143,12166.105010126639172086,43487.135234647008473985
2412282.248158698435872793,-19745.109472436190117151,12029.086340655001549749,43503.751223999948706478
2412360.691841480787843466,-19810.247195620100683300,11891.820948307838989422,43519.474880748217401560
2412592.594524474814534187,-20000.433880511762254173,11484.609234275014387094,43560.740657997499511112
2412967.820947641506791115,-20300.566214269569172757,10821.405257211743446533,43610.993866297554632183
2413469.971915751695632935,-20687.328675914570339955,9925.994157162160263397,43646.298986715220962651
2414077.101021911948919296,-21131.757545764809037792,8832.349342431572949863,43640.118976291269063950
2414762.673810854554176331,-21602.399693541497981641,7584.438961163904423302,43568.745645587565377355
2415496.727461958769708872,-22068.669061597589461599,6235.121708935061178636,43416.420927722130727489
2416247.180308292154222727,-22503.951502935007738415,4843.986803993846478988,43179.251833163638366386
2416981.233959396369755268,-22888.013026540731516434,3474.258925364410515613,42867.221721040885313414
2417666.806748338509351015,-23208.339455161079968093,2189.123678874771030678,42503.898721651719824877
2418273.935854499228298664,-23460.181821293645043625,1047.967346114138308621,42123.799970631531323306
2418776.086822609417140484,-23645.295171024823503103,103.028633597581745107,41767.749383827525889501
2419151.313245776109397411,-23769.614164128997799708,-603.172916543694213942,41476.921533695414836984
2419383.215928770136088133,-23840.357447549657081254,-1039.497646802587723869,41286.536102157297136728
2419461.659611552022397518,-23863.223067282382544363,-1187.047238458591436938,41220.290133346716174856
2419540.103294333908706903,-23885.547537110156554263,-1334.569909776789700118,41153.109352468432916794
2419772.005977327935397625,-23948.361463841385557316,-1770.499840466476825895,40949.026561303384369239
2420147.232400494627654552,-24039.809772810291178757,-2475.057951410486111854,40601.422034585346409585
2420649.383368604816496372,-24142.139870002571115037,-3415.808998383355628903,40102.417295437531720381
2421256.512474765069782734,-24234.462129484349134145,-4548.698636251153402554,39446.993900202971417457
2421942.085263707675039768,-24296.132278505789145129,-5819.875518025230121566,38637.641881922376342118
2422676.138914811890572309,-24310.308242300085112220,-7168.443530534013916622,37688.644049299298785627
2423426.591761145275086164,-24267.159808051725121913,-8530.096582842350471765,36629.110655733631574549
2424160.645412249490618706,-24166.183362786603538552,-9841.335092885847188882,35504.015842515538679436
2424846.218201191630214453,-24017.117721192760654958,-11043.716809293582628015,34372.742466560986940749
2425453.347307352349162102,-23839.098258499834628310,-12087.439483427995583043,33305.002947270826552995
2425955.498275462538003922,-23657.948621189352707006,-12933.580846165499679046,32374.445697724462661427
2426330.724698629230260849,-23501.887850634764618007,-13554.599463721260690363,31650.723388284062821185
2426562.627381623256951571,-23396.363458160176378442,-13933.210904269606544403,31191.193350741745234700
2426641.071064405143260956,-23359.075201917577942368,-14060.338101335626561195,31033.622922941714932676
2426719.514747187029570341,-23320.974209088184579741,-14186.976088375280596665,30874.972657407808583230
2426951.417430181056261063,-23203.540529783436795697,-14558.417578933655022411,30399.620426732300984440
2427326.643853347748517990,-22998.101977891172282398,-15149.680465190183895174,29610.317024239735474112
2427828.794821457937359810,-22692.535838370313285850,-15920.646393274881120306,28514.660712995839276118
2428435.923927618190646172,-22274.524554668900236720,-16818.546738663098949473,27129.042784220277098939
2429121.496716560795903206,-21735.631304650010861224,-17781.763216831695899600,25483.089411136421404080
2429855.550367665011435747,-21075.707563347314135171,-18745.051615108553960454,23623.661082748323678970
2430606.003213998395949602,-20306.994371715005399892,-19646.050794230766769033,21617.383634904399514198
2431340.056865102611482143,-19457.130643549917294877,-20432.521838395663507981,19550.724594884031830588
2432025.629654044751077890,-18570.178302490978239803,-21069.195947804277238902,17526.854966368537134258
2432632.758760205470025539,-17704.814007821332779713,-21542.523355506302323192,15659.030533128452589153
2433134.909728315658867359,-16929.166216933543182677,-21861.328984596399095608,14061.013910564952311688
2433510.136151482351124287,-16312.499661214696971001,-22051.887474355193262454,12835.968034215295119793
2433742.038834476377815008,-15914.970597269651989336,-22147.600173768023523735,12065.846592853053152794
2433820.482517258264124393,-15777.604289182079810416,-22175.969129043423890835,11803.128812355564150494
2433898.926200040616095066,-15638.755587148620179505,-22202.254472964079468511,11539.301935535810116562
2434130.828883034642785788,-15219.505264243580313632,-22267.423680352636438329,10752.938274738686232013
2434506.055306201335042715,-14512.793899076270463411,-22331.110741087009955663,9460.744514335907297209
2435008.206274311523884535,-13510.376699724412901560,-22328.570976961429551011,7694.945480037447850918
2435615.335380471777170897,-12208.131890563769047731,-22175.273412038161040982,5509.328685094443244452
2436300.908169414382427931,-10613.485297690303923446,-21775.029165705393097596,2986.467090079040644923
2437034.961820518597960472,-8754.672068404068340897,-21033.507804118446074426,244.290447790098141922
2437785.414666851982474327,-6690.721665435959039314,-19879.240862099733931245,-2561.475513671810404048
2438519.468317956198006868,-4519.098149802279294818,-18292.758731806079595117,-5244.880539805006264942
2439205.041106898337602615,-2374.910642187843222928,-16338.849571173410367919,-7614.446696542214340298
2439812.170213059056550264,-414.382398462603873668,-14186.228495514518726850,-9516.539910380866785999
2440314.321181169245392084,1217.691516667764972226,-12092.098553782920134836,-10881.624373550936070387
2440689.547604335937649012,2420.711069192143895634,-10344.642161650717753218,-11740.515518313508437132
2440921.450287329964339733,3148.296899291619865835,-9190.928535382226982620,-12189.969516260429372778
2440999.893970111850649118,3390.619273423607410223,-8788.700836872354557272,-12326.661436769003557856
2441078.337652893736958504,3630.715642927745193447,-8380.704744591224880423,-12455.257351390146141057
2441310.240335887763649225,4325.660393570968153654,-7142.759784477029825212,-12786.251021268513795803
2441685.466759054455906153,5392.931800711543473881,-5051.845050345955314697,-13157.435596833562158281
2442187.617727164644747972,6680.805490239857135748,-2131.366728919431807299,-13318.085359872264234582
2442794.746833324898034334,7974.437033147038164316,1475.149115985059779632,-12992.962838136390928412
2443480.319622267503291368,9046.783061154843380791,5471.360796807179212919,-11995.804203648318434716
2444214.373273371718823910,9740.439885033183600171,9476.062162529156921664,-10324.571546140598002239
2444964.826119705103337765,10016.949783843501791125,13153.620491648691313458,-8154.102211583585813059
2445698.879770809318870306,9939.386772738909712643,16299.128288732934379368,-5743.793900555940126651
2446384.452559751458466053,9621.421269897024103557,18839.005951728322543204,-3347.314517050250742614
2446991.581665912177413702,9184.519368208057130687,20787.700480156428966438,-1168.424585338970246085
2447493.732634022366255522,8735.172223850988302729,22202.615238424805284012,646.587823061825247350
2447868.959057189058512449,8356.453358710485190386,23152.007367411864834139,2000.580430908335983986
2448100.861740183085203171,8106.508356541199646017,23695.280189265296939993,2833.968735265503710252
2448179.305422964971512556,8019.453601320986308565,23871.805548585380165605,3115.058509843405772699
2448257.749105746857821941,7931.194737027942210261,24044.746812317633157363,3395.680626559158554301
2448489.651788740884512663,7663.586554941722170042,24535.494862889121577609,4222.245428745524804981
2448864.878211907576769590,7211.253859280633150775,25266.995891599526657956,5548.532832898858032422
2449367.029180017765611410,6573.706825721081258962,26132.122873964308382710,7297.970274538972262235
2449974.158286178018897772,5762.764874643776238372,27017.682076419150689617,9367.895931578914314741
2450659.731075120624154806,4806.299227917606913252,27825.990214936737174867,11638.557384432886465220
2451393.784726224839687347,3747.201480265897771460,28488.858753776959929382,13985.039449106356187258
2452144.237572558224201202,2638.819675494826697104,28972.605708662893448491,16288.934451088834975963
2452878.291223662439733744,1538.980809231128205283,29275.672428394951566588,18447.158973209992836928
2453563.864012604579329491,504.368634902358451200,29421.613333067121857312,20376.799139710641611600
2454170.993118765298277140,-413.776412840835575935,29450.054521840040251845,22016.156404936289618490
2454673.144086875487118959,-1172.378691012972922181,29407.488241552040562965,23322.891322215935360873
2455048.370510042179375887,-1737.861724717294691800,29339.035380918525333982,24270.421424662170466036
2455280.273193036206066608,-2086.501885416197183076,29281.772165347974805627,24843.720744598489545751
2455358.716875818092375994,-2204.260959472955619276,29259.888618931323435390,25035.524714821884117555
2455437.160558600444346666,-2321.925831910606575548,29236.754517681449215161,25226.258595922845415771
2455669.063241594471037388,-2669.187223515892128489,29161.164798083675123053,25783.879127865056943847
2456044.289664761163294315,-3228.985594762493747112,29016.692833230303222081,26666.433844895047514001
2456546.440632871352136135,-3973.493143650562160474,28782.335129308685282012,27809.676016418139624875
2457153.569739031605422497,-4865.382007686586803175,28439.818778859615122201,29134.583041414924082346
2457839.142527974210679531,-5859.992804005942161893,27980.361719368138437858,30556.066707578655041289
2458573.196179078426212072,-6908.305933573535185133,27409.190977145950455451,31991.478124288732942659
2459323.649025411810725927,-7960.331238536001364992,26747.036122259767580545,33367.663702997830114327
2460057.702676516026258469,-8968.391828722829814069,26028.694305173801694764,34625.717640268077957444
2460743.275465458165854216,-9889.818311757573610521,25299.344940511073218659,35723.068123481811198872
2461350.404571618884801865,-10688.739311101899147616,24609.530465461270068772,36633.005905216479732189
2461852.555539729073643684,-11336.878078506999372621,24009.698030465599003946,37342.143103892842191271
2462227.781962895765900612,-11813.480721944384640665,23545.030466297859675251,37846.550049542594933882
2462459.684645889792591333,-12104.666057211832594476,23251.078387964524154086,38147.451510982682520989
2462538.128328671678900719,-12202.572214438519949908,23150.502187153335398762,38247.366898159292759374
2462616.572011453565210104,-12300.177688853611471131,23049.355531907793192659,38346.339773239182250109
2462848.474694447591900826,-12586.957502351153380005,22747.044309545290161623,38633.431082092356518842
2463223.701117614284157753,-13045.303720733620139072,22247.716528965862380574,39080.594453885350958444
2463725.852085724472999573,-13647.510358599123719614,21560.537709064701630268,39645.606518544671416748
2464332.981191884726285934,-14358.107437585842490080,20702.182320203239214607,40277.983153561261133291
2465018.553980827331542969,-15136.841839059676203760,19698.909041596347378800,40925.735254954386618920
2465752.607631931547075510,-15941.981075928813879727,18587.460623303210013546,41541.844179711144533940
2466503.060478264931589365,-16733.538130847366119269,17414.389925464914995246,42089.460328038803709205
2467237.114129369147121906,-17476.003593195746361744,16233.827462142930016853,42545.106423034834733699
2467922.686918311286717653,-18140.239298110376694240,15104.041736580289580161,42899.529746036576398183
2468529.816024472005665302,-18704.327683275267190766,14083.333966628735652193,43156.232018128561321646
2469031.966992582194507122,-19153.359807898363214917,13225.844480785981431836,43328.064163345501583535
2469407.193415748886764050,-19478.348660408893920248,12577.759189662308926927,43432.568058380406000651
2469639.096098742913454771,-19674.631331737084110500,12174.242750423312827479,43486.942405032998067327
2469717.539781524799764156,-19740.229031681130436482,12037.250848446763484390,43503.569774368130310904
2469795.983464306686073542,-19805.421846585064486135,11900.012054305545461830,43519.304808200526167639
2470027.886147300712764263,-19995.771957555538392626,11492.877979339022203931,43560.604205187912157271
2470403.112570467405021191,-20296.170438169730914524,10829.796463646645861445,43610.911781039067136589
2470905.263538577593863010,-20683.292239927170157898,9934.543076027337519918,43646.289647358287766110
2471512.392644737847149372,-21128.160097546438919380,8841.079377633464901010,43640.197667818843910936
2472197.965433680452406406,-21599.303414547419379232,7593.360695050596405054,43568.923995650337019470
2472932.019084784667938948,-22066.115171281569928396,6244.233286397761730768,43416.706485956681717653
2473682.471931118052452803,-22501.957567104145709891,4853.275557599972671596,43179.647767688831663691
2474416.525582222267985344,-22886.571412086930649821,3483.703959814054996968,42867.726615936589951161
2475102.098371164407581091,-23207.417159066910244292,2198.698996160567276092,42504.506483965356892440
2475709.227477325126528740,-23459.721741860867041396,1057.645003822542093985,42124.499884524149820209
2476211.378445435315370560,-23645.218724565565935336,112.781412891767189421,41768.526369506478658877
2476586.604868602007627487,-23769.825020437710918486,-593.369775690050460071,41477.756667920155450702
2476818.507551596034318209,-23840.746089662094163941,-1029.665898259397636139,41287.407429777224024292
2476896.951234377920627594,-23863.671880602065357380,-1177.206253793451878664,41221.173749844703706913
2476975.394917160272598267,-23886.056536847110692179,-1324.719913408915772379,41154.005281663623463828
2477207.297600154299288988,-23949.048472172231413424,-1760.624524865899729775,40949.959032925245992374
2477582.524023320991545916,-24040.785005930396437179,-2465.145908388083626051,40602.414101821639633272
2478084.674991431180387735,-24143.501047139165166300,-3405.856185232205916691,40103.490080103445507120
2478691.804097591433674097,-24236.289931948216690216,-4538.709735466227357392,39448.165866514202207327
2479377.376886534038931131,-24298.486422337733529275,-5809.863926773937237158,38638.928128424406168051
2480111.430537638254463673,-24313.224478776704927441,-7158.429878415008715820,37690.055605033507163171
2480861.883383971638977528,-24270.648157958679803414,-8520.105868720520447823,36630.653780355409253389
2481595.937035075854510069,-24170.227806329228769755,-9831.392746598203302710,35505.691362849822326098
2482281.509824017994105816,-24021.677409581730898935,-11033.844208532374977949,34374.545227756607346237
2482888.638930178713053465,-23844.110112216865672963,-12077.649659829105075914,33306.921500003481924068
2483390.789898288901895285,-23663.330982483879779465,-12923.875239963326748693,32376.462362507932994049
2483766.016321455594152212,-23507.544727844280714635,-13544.966551174795313273,31652.814815163394086994
2483997.919004449620842934,-23402.188896062001731480,-13923.627250796356747742,31193.331623055339150596
2484076.362687231507152319,-23364.957456287240347592,-14050.771877002818655455,31035.777154001509188674
2484154.806370013393461704,-23326.913175036712345900,-14177.427686025352159049,30877.142904803546116455
2484386.709053007420152426,-23209.646519081255974015,-14548.924192620072062709,30401.838363309780106647
2484761.935476174112409353,-23004.476101606331212679,-15140.283652171665380592,29612.613218550981400767
2485264.086444284301251173,-22699.264337040036480175,-15911.394041102979826974,28517.063807970182097051
2485871.215550444554537535,-22281.673883013441809453,-16809.493671890919358702,27131.578543516003264813
2486556.788339387159794569,-21743.244362057976104552,-17772.970003085247299168,25485.779584306106698932
2487290.841990491375327110,-21083.801492415292159421,-18736.581241525174846174,23626.522073230826208601
2488041.294836824759840965,-20315.560316257178783417,-19637.963058996097970521,21620.425030603018967668
2488775.348487928975373507,-19466.135726557800808223,-20424.865588658591150306,19553.947744970679195831
2489460.921276871114969254,-18579.569818065618164837,-21061.999761260452942224,17530.251932931289047701
2490068.050383031833916903,-17714.525400797090696869,-21535.785942150869232137,15662.583830819647118915
2490570.201351142022758722,-16939.123887965430185432,-21855.011373217941581970,14064.697346494611338130
2490945.427774308715015650,-16322.629143745911278529,-22045.909591763818752952,12839.748600465793060721
2491177.330457302741706371,-15925.200523166051425505,-22141.844167034716519993,12069.686883710179245099
2491255.774140084628015757,-15787.867137210854707519,-22170.290323281984456116,11806.989219927607337013
2491334.217822866514325142,-15649.050805774324544473,-22196.653981350584217580,11543.182405782295973040
2491566.120505860541015863,-15229.892838654954175581,-22262.061381164239719510,10756.877671350694072316
2491941.346929027233272791,-14523.319637440052247257,-22326.155918205586203840,9464.777604263661487494
2492443.497897137422114611,-13521.063102413138039992,-22324.207341755045490572,7699.099124633601604728
2493050.627003297675400972,-12218.969572178815724328,-22171.701846718809974845,5513.616319000055227662
2493736.199792240280658007,-10624.425390250118653057,-21772.466286445898731472,2990.880797968450679036
2494470.253443344496190548,-8765.620480206038337201,-21032.177147503200103529,248.790558947338809048
2495220.706289677880704403,-6701.537214731737549300,-19879.351988126232754439,-2556.971334440751888906
2495954.759940782096236944,-4529.599019624535685580,-18294.469767616559693124,-5240.502220543611656467
2496640.332729724235832691,-2384.896874223363738565,-16342.215505162199406186,-7610.358548163105297135
2497247.461835884954780340,-423.681617733630389466,-14191.154643166115420172,-9512.898435878478267114
2497749.612803995143622160,1209.161071734815777745,-12098.333790227616191260,-10878.515870252413151320
2498124.839227161835879087,2412.888826947899815423,-10351.828755207383437664,-11737.909122093202313408
2498356.741910155862569809,3140.972350086497044686,-9198.676131333111698041,-12187.716723143294075271
2498435.185592937748879194,3383.473497142331780196,-8796.631707045380608179,-12324.535270900156319840
2498513.629275719635188580,3623.753862981180645875,-8388.815070218621258391,-12453.261153672177897533
2498745.531958713661879301,4319.272519487933095661,-7151.375189618232070643,-12784.657024044156059972
2499120.758381880354136229,5387.561696295382716926,-5061.180740985776537855,-13156.538248701072006952
2499622.909349990542978048,6676.940710065918210603,-2141.436760843685988220,-13318.165479077710187994
2500230.038456150796264410,7972.524498162030795356,1464.586138084545837046,-12994.193075126046096557
2500915.611245093401521444,9047.090571843638826977,5460.735495471773901954,-11998.153754078437486896
2501649.664896197617053986,9742.967129339251187048,9465.815442809840533300,-10327.814765454162625247
2502400.117742531001567841,10021.466135442300583236,13144.051868015580112115,-8157.934659618950718141
2503134.171393635217100382,9945.544838520905614132,16290.362150677316094516,-5747.946643622847659572
2503819.744182577356696129,9628.856185145707058837,18831.034200400594272651,-3351.600981776868593442
2504426.873288738075643778,9192.901308427182812011,20780.435222611937206239,-1172.736592117953932757
2504929.024256848264485598,8744.222870529665669892,22195.925356037354504224,642.301074351848910737
2505304.250680014956742525,8365.943319819025418838,23145.739236755511228694,1996.332709650747801788
2505536.153363008983433247,8116.246174024558058591,23689.268695777016546344,2829.751918455561281007
2505614.597045790869742632,8029.271384574285548297,23865.880136366362421541,3110.853154145121152396
2505693.040728573221713305,7941.090586374608392362,24038.907106013695738511,3391.487198627276939078
2505924.943411567248404026,7673.702412402642039524,24529.906305575153965037,4218.089763866304565454
2506300.169834733940660954,7221.693335627705891966,25261.806574513972009299,5544.445044691576185869
2506802.320802844129502773,6584.521866684290216654,26127.454019159737072187,7293.983404448498731654
2507409.449909004382789135,5773.955250957727002969,27013.621756492484564660,9364.041651696134067606
2508095.022697946988046169,4817.822343809104495449,27822.590954340517782839,11634.861115353891364066
2508829.076349051203578711,3758.987669160609584651,28486.138535113812395139,13981.516950574708971544
2509579.529195384588092566,2650.788314994250868040,28970.551222907986812061,16285.590602430345825269
2510313.582846488803625107,1551.054107478189052927,29274.243409533297381131,18443.988348131602833746
2510999.155635430943220854,516.481586798470061694,29420.747179981397493975,20373.787576524679025169
2511606.284741591662168503,-401.670227055420127726,29449.670774095695378492,22013.282882720934139797
2512108.435709701851010323,-1160.305140885466471445,29407.492706110504514072,23320.129734453024866525
2512483.662132868543267250,-1725.827381640589919698,29339.323828789823892293,24267.742088480255915783
2512715.564815862569957972,-2074.497774422876318567,29282.233592059281363618,24841.091635855209460715
2512794.008498644456267357,-2192.268078579479151813,29260.408127570415672380,25032.912490385504497681
2512872.452181426342576742,-2309.944679222417562414,29237.331892958885873668,25223.663202235646167537
2513104.354864420369267464,-2657.243603013958818337,29161.911997288407292217,25781.333177267875726102
2513479.581287587061524391,-3217.111472599443004583,29017.710930861860106234,26663.966902525382465683
2513981.732255697250366211,-3961.728153128987287346,28783.708440045164024923,27807.312898927735659527
2514588.861361857503652573,-4853.772038290356249490,28441.610723071200482082,29132.342581313881964888
2515274.434150800108909607,-5848.585987740935706825,27982.612612633696699049,30553.961079960037750425
2516008.487801904324442148,-6897.147001005264428386,27411.917638084803911624,31989.512727464058116311
2516758.940648237708956003,-7949.455467354631764465,26750.233002889035560656,33365.837488333658257034
2517492.994299341924488544,-8957.819705160809462541,26032.335753895062225638,34624.023737079070997424
2518178.567088284064084291,-9879.551720239929636591,25303.388182957598473877,35721.494610417837975547
2518785.696194444783031940,-10678.759703667938083527,24613.918908576040848857,36631.536621955245209392
2519287.847162554971873760,-11327.146744656689406838,24014.364549348705622833,37340.758449425440630876
2519663.073585721664130688,-11803.941022367009281879,23549.900419174264243338,37845.227755359439470340
2519894.976268715690821409,-12095.247308195701407385,23256.072218333811179036,38146.167399851983645931
2519973.419951497577130795,-12193.194802614598302171,23155.537601318723318400,38246.095642888853035402
2520051.863634279463440180,-12290.841825809166039107,23054.432368792073248187,38345.081344038117094897
2520283.766317273490130901,-12577.745690420084429206,22752.242663654513307847,38632.210399427298398223
2520658.992740440182387829,-13036.296400390156122739,22253.108531970690819435,39079.434322016932128463
2521161.143708550371229649,-13638.783722104177286383,21566.183139203683822416,39644.526458852822543122
2521768.272814710624516010,-14349.730358986416831613,20708.125432413624366745,40276.998545427566568833
2522453.845603653229773045,-15128.872093341877189232,19705.176836658109095879,40924.856810449229669757
2523187.899254757445305586,-15934.461293954811480944,18594.062582440437836340,41541.077721254383504856
2523938.352101090829819441,-16726.492072940043726703,17421.319063852970430162,42088.806803653838869650
2524672.405752195045351982,-17469.433309961568738800,16241.062417593293503160,42544.562087881909974385
2525357.978541137184947729,-18134.123616141911043087,15111.549517125054990174,42899.086456817494763527
2525965.107647297903895378,-18698.622259781750472030,14091.072939563851832645,43155.877616678648337256
2526467.258615408092737198,-19147.998794642659049714,13233.767203139037519577,43327.782953343339613639
2526842.485038574784994125,-19473.247842856093484443,12585.814760672854390577,43432.341393537491967436
2527074.387721568811684847,-19669.692485588340787217,12182.378505784845401649,43486.749403311121568549
2527152.831404350697994232,-19735.345169492764398456,12045.413393261424062075,43503.388152928804629482
2527231.275087133049964905,-19800.593065521985408850,11908.201219317834329559,43519.134564140389556997
2527463.177770127076655626,-19991.106571643416828010,11501.144848640225973213,43560.467581705612246878
2527838.404193293768912554,-20291.771150327367649879,10838.185900483407749562,43610.829526365727360826
2528340.555161403957754374,-20679.252229349272965919,9943.090368553050211631,43646.280140075199597050
2528947.684267564211040735,-21124.559002514575695386,8849.807961431964940857,43640.276192923076450825
2529633.257056506816297770,-21596.203412200913589913,7602.281177224746897991,43569.102180595175013877
2530367.310707611031830311,-22063.557481661413476104,6253.343828335967373278,43416.991880007743020542
2531117.763553944416344166,-22499.959760876135987928,4862.563499070308353112,43180.043538484867895022
2531851.817205048631876707,-22885.125864277135406155,3493.148402793107379694,42868.231347049164469354
2532537.389993990771472454,-23206.490876865576865384,2208.273929860587031726,42505.114081990577687975
2533144.519100151490420103,-23459.257634633038833272,1067.322463393868929415,42125.199633305062889121
2533646.670068261679261923,-23645.138219505472079618,122.534148332390088854,41769.303189119418675546
2534021.896491428371518850,-23770.031797354818991153,-583.566562898215124733,41478.591635200515156612
2534253.799174422398209572,-23841.130640506307827309,-1019.834006007062953358,41288.278589837951585650
2534332.242857204284518957,-23864.116598806551337475,-1167.365101106792053542,41222.057198562950361520
2534410.686539986170828342,-23886.561437708442099392,-1314.869724687922825979,41154.901042852907266933
2534642.589222980197519064,-23949.731371022971870843,-1750.748944885229548163,40950.891335832566255704
2535017.815646146889775991,-24041.756114054402132751,-2455.233484132279045298,40603.405999075890576933
2535519.966614257078617811,-24144.858081767069961643,-3395.902833888978420873,40104.562692852443433367
2536127.095720417331904173,-24238.113575867198960623,-4528.720105878726826631,39449.337658193879178725
2536812.668509359937161207,-24300.836396569040516624,-5799.851390446054210770,38640.214196717744925991
2537546.722160464152693748,-24316.136542541269591311,-7148.415048514358204557,37691.466978101969289128
2538297.175006797537207603,-24274.132341863642068347,-8510.113737777361166081,36632.196717054503096733
2539031.228657901752740145,-24174.268100749912264291,-9821.448748625631196774,35507.366689403919735923
2539716.801446843892335892,-24026.232974469883629354,-11023.969735836961262976,34376.347789037106849719
2540323.930553004611283541,-23849.117873622250044718,-12067.857768537687661592,33308.839846835602656938
2540826.081521114800125360,-23668.709283687985589495,-12914.167403652525536017,32378.478816040296806023
2541201.307944281492382288,-23513.197573051565996138,-13535.331286850569085800,31654.906026554723212030
2541433.210627275519073009,-23408.010321111185476184,-13914.041170215339661809,31195.469677160159335472
2541511.654310057405382395,-23370.835704599841847084,-14041.203200057267167722,31037.931165914553275798
2541590.097992839291691780,-23332.848141887065139599,-14167.876805545531169628,30879.312932105673098704
2541822.000675833318382502,-23215.748530823737382889,-14539.428252667970809853,30404.056076942655636230
2542197.227099000010639429,-23010.846285783765779343,-15130.884163102502498077,29614.909185142321803141
2542699.378067110199481249,-22705.988953460302582243,-15902.138848574992152862,28519.466668528122681892
2543306.507173270452767611,-22288.819408845945872599,-16800.437565289616031805,27134.114059858460677788
2543992.079962213058024645,-21750.853721991301426897,-17764.173523026394832414,25488.469504375389078632
2544726.133613317273557186,-21091.891855993075296283,-18728.107357386485091411,23629.382799311744747683
2545476.586459650658071041,-20324.122853684137226082,-19629.871561196148832096,21623.466150182226556353
2546210.640110754873603582,-19475.137583421015733620,-20417.205326998737291433,19557.170607807638589293
2546896.212899697013199329,-18588.958303137424081797,-21054.799326683161780238,17533.648602829078299692
2547503.342005857732146978,-17724.233961097157589393,-21529.044068439579859842,15666.136825091090940987
2548005.492973967920988798,-16949.078909754753112793,-21848.689123117812414421,14068.380475275147546199
2548380.719397134613245726,-16332.756127195891167503,-22039.926935289528046269,12843.528858376734206104
2548612.622080128639936447,-15935.428048896266773227,-22136.083301997619855683,12073.526866381100262515
2548691.065762910526245832,-15798.127619649545522407,-22164.606630498401500518,11810.849319545417529298
2548769.509445692878216505,-15659.343693967568469816,-22191.048573912550637033,11547.062568402912802412
2549001.412128686904907227,-15240.278190100134452223,-22256.694080495253729168,10760.816761953437890043
2549376.638551853597164154,-14533.843338566110105603,-22321.195953577655018307,9468.810393156167265261
2549878.789519963786005974,-13531.747741723918807111,-22319.838373706319543999,7703.252480704341905948
2550485.918626124039292336,-12229.805865993152110605,-22168.124712355031078914,5517.903691900096418976
2551171.491415066644549370,-10635.364588957596424734,-21769.897565941559150815,2995.294299851660070999
2551905.545066170860081911,-8776.568628280612756498,-21030.840357552613568259,253.290565655810723911
2552655.997912504244595766,-6712.353280557210382540,-19879.456698787824279862,-2552.467086504390863411
2553390.051563608460128307,-4540.101335386244500114,-18296.174168071447638795,-5236.123564459370754776
2554075.624352550599724054,-2394.885596123431241722,-16345.574718591802593437,-7606.269697213236213429
2554682.753458711318671703,-432.984399447483610857,-14196.074183237202305463,-9509.255835759529873030
2555184.904426821507513523,1200.626091621802515874,-12104.562725930931264884,-10875.405840869503663271
2555560.130849988199770451,2405.061299562444219191,-10359.009444257502764231,-11735.300897264569357503
2555792.033532982226461172,3133.642057122487585730,-9206.418148777185706422,-12185.461926444750133669
2555870.477215764112770557,3376.321824835746610916,-8804.557123496204440016,-12322.407046056843682891
2555948.920898545999079943,3616.786036839349890215,-8396.920074240124449716,-12451.262844024193327641
2556180.823581540025770664,4312.878171524697791028,-7159.985705769519881869,-12783.060775611098506488
2556556.050004706718027592,5382.184500189815480553,-5070.512365040405711625,-13155.638494150289261597
2557058.200972816906869411,6673.068219812220377207,-2151.504002556504019594,-13318.243153961269854335
2557665.330078977160155773,7970.603906642040783481,1454.024316299775819061,-12995.421088580151263159
2558350.902867919765412807,9047.390152910096730920,5450.109660529265056539,-12000.501573200470375014
2559084.956519023980945349,9745.487011819946928881,9455.566762006974386168,-10331.056857549063352053
2559835.409365357365459204,10025.975923458900069818,13134.480243157262520981,-8161.766513730851329456
2560569.463016461580991745,9951.697162791755545186,16281.592310988047756837,-5752.099176868966424081
2561255.035805403720587492,9636.286088109029151383,18823.058289082695409888,-3355.887482053443818586
2561862.164911564439535141,9201.278829729877543286,20773.165507786623493303,-1177.048780826012489342
2562364.315879674628376961,8753.269549150565580931,22189.230826368540874682,638.014060105220551122
2562739.542302841320633888,8375.429627023559078225,23139.466342633306339849,1992.084677243557280235
2562971.444985835347324610,8125.980522563934755453,23683.252376314481807640,2825.534768127401093807
2563049.888668617233633995,8039.085759924088961270,23859.949878484654618660,3106.647458241202912177
2563128.332351399119943380,7950.983088108559968532,24033.062535054054023931,3387.293424210353350645
2563360.235034393146634102,7683.815096212564640155,24524.312831337334500859,4213.933736176093589165
2563735.461457559838891029,7232.129906935221697495,25256.612267183121730341,5540.356873417224051082
2564237.612425670027732849,6595.334339224359609943,26122.780095075257122517,7289.996133727448068385
2564844.741531830281019211,5785.143434789355524117,27009.556296613209269708,9360.186960737941262778
2565530.314320772886276245,4829.343656400476902490,27819.186501587857492268,11631.164433183515939163
2566264.367971877101808786,3770.772436158549680840,28483.413095797102869255,13977.994044231430962100
2567014.820818210486322641,2662.755890663358968595,28968.491512350941775367,16282.246356217736320104
2567748.874469314701855183,1563.126665726513238042,29272.809182973145652795,18440.817338268869207241
2568434.447258256841450930,528.594080897162712063,29419.875851819630042883,20370.775641777021519374
2569041.576364417560398579,-389.564263427130185846,29449.281892207836790476,22010.409001127256487962
2569543.727332527749240398,-1148.231627074850166537,29407.492078192921326263,23317.367797479615546763
2569918.953755694441497326,-1713.792940916784573346,29339.607219623485434568,24265.062410653808910865
2570150.856438688468188047,-2062.493484957777582167,29282.689985384233295918,24838.462190108970389701
2570229.300121470354497433,-2180.274992202419070964,29260.922611116773623507,25030.299930508437682875
2570307.743804252706468105,-2297.963294202668748767,29237.904251582713186508,25221.067474667899659835
2570539.646487246733158827,-2645.299671736588152271,29162.654205627095507225,25778.786897367452183971
2570914.872910413425415754,-3205.236915581126595498,29018.724081929558451520,26661.499638157503795810
2571417.023878523614257574,-3949.962566910039640788,28785.076868264011864085,27804.949468988797889324
2572024.152984683867543936,-4842.161286156255300739,28443.397869049178552814,29130.101819918523688102
2572709.725773626472800970,-5837.178186562312475871,27984.858811238285852596,30551.855163079726480646
2573443.779424730688333511,-6885.986876830393157434,27414.639724404911248712,31987.547053565958776744
2574194.232271064072847366,-7938.578302902847099176,26753.425440654311387334,33364.011008299836248625
2574928.285922168288379908,-8947.245999831082372111,26035.972896794479311211,34622.329579231831303332
2575613.858711110427975655,-9869.283378235279087676,25307.427254343816457549,35719.920852054288843647
2576220.987817271146923304,-10668.778201927663758397,24618.303305074550735299,36630.067101175322022755
2576723.138785381335765123,-11317.413401349962441600,24019.027127956713229651,37339.373563524924975354
2577098.365208548028022051,-11794.399229463071606006,23554.766513161772309104,37843.905234088808356319
2577330.267891542054712772,-12085.826414927572841407,23261.062240907998784678,38144.883064234934863634
2577408.711574323941022158,-12183.815229467729295720,23160.569225106479279930,38244.824163997465802822
2577487.155257105827331543,-12281.503784448688747943,23059.505432783313153777,38343.822692074252699967
2577719.057940099854022264,-12568.531650388662455953,22757.437296948170114774,38630.989496494228660595
2578094.284363266546279192,-13027.286772808403839008,22258.496899624951765873,39078.273973785406269599
2578596.435331376735121012,-13630.054675151521223597,21571.825050613046187209,39643.446187773828569334
2579203.564437536988407373,-14341.350749152055868763,20714.065170177811523899,40276.013731551116507035
2579889.137226479593664408,-15120.899685179054358741,19711.441424290274881059,40923.978166100634553004
2580623.190877583809196949,-15926.938714999250805704,18600.661517502987408079,41540.311068731360137463
2581373.643723917193710804,-16719.443086757073615445,17428.245370155949785840,42088.153090551444620360
2582107.697375021409243345,-17462.859976054391154321,16248.294732910679158522,42544.017568715062225237
2582793.270163963548839092,-18128.004774522287334548,15119.054840295255417004,42898.642987517909205053
2583400.399270124267786741,-18692.913584411540796282,14098.809619618192300550,43155.523038268984237220
2583902.550238234456628561,-19142.634456268497160636,13241.687770444232228328,43327.501568709260027390
2584277.776661401148885489,-19468.143647253149538301,12593.868280637245334219,43432.114555654021387454
2584509.679344395175576210,-19664.750229446228331653,12190.512274793793039862,43486.556229469279060140
2584588.123027177061885595,-19730.457886639316711808,12053.573973677464891807,43503.206359670046367683
2584666.566709958948194981,-19795.760853188887267606,11916.388441922397760209,43518.964148555700376164
2584898.469392952974885702,-19986.437723507795453770,11509.409840744483517483,43560.330787539212906267
2585273.695816119667142630,-20287.368351433255156735,10846.573566269204093260,43610.747102267254376784
2585775.846784229855984449,-20675.208644815535080852,9951.636033262349883444,43646.270464857188926544
2586382.975890390109270811,-21120.954261235416197451,8858.535092322317723301,43640.354551597032696009
2587068.548679332714527845,-21593.099686990128247999,7611.200406152004688920,43569.280200417204468977
2587802.602330436930060387,-22060.995993140779319219,6262.453333185773772129,43417.277109872666187584
2588553.055176770314574242,-22497.958084567326295655,4871.850626813065900933,43180.439145551405090373
2589287.108827874530106783,-22883.676383341386099346,3502.592252684824870812,42868.735914380464237183
2589972.681616816669702530,-23205.560608705713093514,2217.848478336907191988,42505.721515731391264126
2590579.810722977388650179,-23458.789499686059571104,1076.999723173196343851,42125.899216980200435501
2591081.961691087577491999,-23645.053655859828722896,132.286838251746559081,41770.079842673832899891
2591457.188114254269748926,-23770.234494850017654244,-573.763279844669568774,41479.426435545181448106
2591689.090797248296439648,-23841.511100023693870753,-1010.001971727152977110,41289.149582348902185913
2591767.534480030182749033,-23864.557221827635657974,-1157.523782081843364722,41222.940479511111334432
2591770.074444709811359644,-23865.294409622107195901,-1162.300039468835848311,41220.781046205825987272
2591777.583330102264881134,-23867.470436101739323931,-1176.419904222107788883,41214.391392479781643488
2591789.732961884699761868,-23870.980813835893059149,-1199.265806147750481614,41204.034571811112982687
2591805.992342847865074873,-23875.658284691431617830,-1229.838566940857162990,41190.139345456351293251
2591825.650860022753477097,-23881.282510766301129479,-1266.801170291234711840,41173.285566881088016089
2591847.849341876804828644,-23887.592445660204248270,-1308.537324670579437225,41154.183578202741045970
2591871.617608232889324427,-23894.300375013608572772,-1353.222243352345230960,41133.647701588852214627
2591895.916871797759085894,-23901.106559084462787723,-1398.902526423821427670,41112.564200462045846507
2591919.685138153843581676,-23907.713478490077250171,-1443.581628748886032554,41091.854496096333605237
2591941.883620007429271936,-23913.838858803570474265,-1485.307155831024374493,41072.434908125927904621
2591961.542137182783335447,-23919.226896531865349971,-1522.256158122535680377,41055.174674270827381406
2591977.801518145948648453,-23923.657384209298470523,-1552.814695614767970255,41040.854416312678949907
2591989.951149928383529186,-23926.952689631394605385,-1575.648211415746573039,41030.127479594280885067
2591997.460035320837050676,-23928.982742880703881383,-1589.759669224828940060,41023.486622016665933188
2592000.000000000000000000,-23929.668296908606862416,-1594.532952847525393736,41021.238332724795327522
