Time (s), X (km), Y (km), Z (km)
0.000000000000000000,-19946.988367229998402763,11684.423263959999530925,43511.217134669997903984
355.492621985198525181,-20228.362131019377557095,11055.514745135653356556,43573.169769211999664549
1351.560814325730916607,-20971.102453122046426870,9269.453843274277460296,43649.146986989959259517
2790.921055553849782882,-21921.477760567271616310,6636.030927925943615264,43504.366720101665123366
4388.490397299419782939,-22797.523068997092195787,3659.965615110132148402,42989.483022641870775260
5827.850638527538649214,-23416.155828619368548971,950.555779208899821242,42203.296185392922780011
6823.918830868071381701,-23744.214241162182588596,-929.627012924285281770,41478.107725879905046895
7179.411452853270020569,-23840.676123376651958097,-1600.193771413951253635,41183.027350942866178229
7534.904074838468659436,-23926.012206301769765560,-2270.013126422627919965,40868.727292209710867610
8530.972267179000482429,-24104.276390592243842548,-4140.009063580087058654,39884.857362765877041966
9970.332508407120258198,-24196.158079759723477764,-6811.752155485679395497,38190.300260170573892538
11567.901850152689803508,-24052.398769566974806366,-9706.610488450509365066,35922.545611444591486361
13007.262091380809579277,-23682.418576703534199623,-12218.263950293439847883,33519.860487308214942459
14003.330283721341402270,-23281.787169074628764065,-13883.257972734025315731,31651.447973600723344134
14358.822905706540041137,-23108.422186979787511518,-14459.884429107361938804,30942.955746416209876770
14714.315527691738680005,-22918.457785959584725788,-15026.121316482756810728,30212.236442435460048728
15710.383720032270502998,-22294.189034335366159212,-16550.626204380514536751,28044.725209228214225732
17149.743961260388459777,-21135.598175434577569831,-18559.147499244048958644,24592.702682136579824146
18747.313303005961643066,-19455.368653893787268316,-20438.234683845435938565,20305.184600364053039812
20186.673544234079599846,-17539.100060433567705331,-21708.283522879559313878,16022.334975620513432659
21182.741736574611422839,-15961.618014325533295050,-22279.831942436045210343,12826.205577912996886880
21538.234358559810061706,-15344.497393286737860763,-22410.101458964029006893,11640.746419530141793075
21893.726980545008700574,-14697.418070770047052065,-22496.592877764629520243,10432.573362316299608210
22889.795172885540523566,-12716.683028720159200020,-22474.061286038329853909,6934.056048845200166397
24329.155414113658480346,-9385.851652557121269638,-21585.406731600731291110,1642.448607957800049917
25926.724755859228025656,-5008.328480552625478595,-18975.744286680484947283,-4309.468879732811728900
27366.084997087349620415,-550.456213992966695514,-14612.877310900283191586,-9184.635637286088240216
28362.153189427881443407,2604.647401176670427958,-10260.281568430198603892,-11755.282450193210024736
28717.645811413080082275,3684.937403821345014876,-8450.466603782733727712,-12413.150504180761345197
29073.138433398278721143,4715.022503037843307538,-6526.097026097050729732,-12902.205816846411835286
30069.206625738810544135,7192.431509681829993497,-728.434377499795118638,-13264.597494418807400507
31508.566866966928500915,9331.604247500576093444,7643.080472678065234504,-11235.587851847720230580
33106.136208712494408246,9764.509271724966311012,15390.618995851982617751,-6612.910838985000737011
34545.496449940612365026,8953.083640198030479951,20574.957011561622493900,-1565.988650466758372204
35541.564642281147825997,7982.332333792460303812,23271.895864066485955846,2032.786308592202658474
35897.057264266346464865,7580.188697698797113844,24080.972651328058418585,3309.184551366803134442
36252.549886251545103732,7154.874745900689049449,24816.537929947502561845,4575.532841959729921655
37248.618078592073288746,5865.292122031207327382,26520.961773732116853353,8049.261437718667366426
38687.978319820191245526,3829.870120475805833848,28185.089384325612627435,12818.032032828423325554
40285.547661565760790836,1448.134420839399354008,29136.573791654609522084,17705.221832718420046149
41724.907902793878747616,-733.706941752126112988,29346.889350695291796001,21722.032781496040115599
42720.976095134414208587,-2238.927152455730720249,29194.491148670735128690,24286.145750119190779515
43076.468717119612847455,-2772.737969003016587521,29087.892079580688005080,25158.910257616786111612
43431.961339104818762280,-3304.115164473556887970,28955.729482888171332888,26009.567823026762198424
44428.029531445354223251,-4777.107372532395856979,28458.295618298005138058,28276.397477257491118507
45867.389772673472180031,-6853.752641439265971712,27442.480253200752486009,31253.324418679967493517
47464.959114419041725341,-9069.979092117124309880,25961.760928103540209122,34154.328497666778275743
48904.319355647159682121,-10973.650177138097205898,24357.227554706492810510,36414.714531166224332992
49900.387547987695143092,-12234.024552313539970783,23116.839444614026433555,37787.343373611496645026
50255.880169972893781960,-12671.916841783067866345,22650.817560478983068606,38239.828267152894113678
50611.372791958092420828,-13103.343479707524238620,22173.236690528807230294,38672.799446879020251799
51607.440984298620605841,-14276.778119263712142128,20777.079923167722881772,39782.801152596082829405
53046.801225526738562621,-15876.390851680414925795,18622.670501922468247358,41121.140656787072657607
54644.370567272308107931,-17511.466078297809872311,16067.849580673588206992,42243.737455122711253352
56083.730808500426064711,-18850.905867692043102579,13642.169689727665172541,42931.765216298132145312
57079.799000840961525682,-19699.964702346667763777,11905.716531848169324803,43229.527146294938575011
57435.291622826160164550,-19987.053569841202261159,11275.957161916607219609,43300.548841081254067831
57790.784244811358803418,-20265.588251254277565749,10641.371751706208669930,43353.037413576748804189
58786.852437151886988431,-20999.523255622843862511,8839.952367943282297347,43401.365663699842116330
60226.212678380004945211,-21934.827846723219408887,6185.967842115958774230,43213.601412525575142354
61823.782020125574490521,-22790.599764939161104849,3189.806386120636489068,42646.625769942998886108
63263.142261353692447301,-23387.423743013787316158,465.300146729573953053,41809.339703346631722525
64259.210453694227908272,-23698.219421447669446934,-1423.326227318217206630,41046.355015834611549508
64614.703075679426547140,-23788.058423315691470634,-2096.456210617652232031,40737.284797065025486518
64970.195697664625186007,-23866.517309909395407885,-2768.582574019436833623,40408.725339246338990051
65966.263890005153371021,-24024.091483719563257182,-4643.563008931194417528,39383.430884939247334842
67405.624131233271327801,-24082.064216056223813212,-7318.097307138794349157,37625.029762830985418987
69003.193472978848149069,-23894.390266332688042894,-10208.587781168505898677,35280.578849659708794206
70442.553714206966105849,-23478.304088523931568488,-12707.821237186330108671,32803.218229408237675671
71438.621906547487014905,-23041.597915785117947962,-14358.360156026395998197,30879.895944235253409715
71794.114528532692929730,-22854.445648943867126945,-14928.469192831202235539,30151.152580517693422735
72149.607150517884292640,-22650.182671237769682193,-15487.398677796976699028,29399.835791969195270212
73145.675342858419753611,-21982.942048784985672683,-16986.752194109907577513,27172.770512014125415590
74585.035584086537710391,-20753.797932241563103162,-18944.332552115229191259,23630.035489764028170612
76182.604925832114531659,-18981.494148012279765680,-20740.257341970169363776,19236.266720304884074721
77621.965167060232488438,-16967.477533547920756973,-21902.127486186156602344,14854.964548201340221567
78618.033359400753397495,-15312.904795505957736168,-22373.602936325271002715,11591.753317036931548500
78973.525981385959312320,-14666.260014859848524793,-22461.908120724758191500,10383.196109231061200262
79329.018603371165227145,-13988.575447142980920034,-22502.645868261421128409,9152.680419229889594135
80325.086795711700688116,-11916.426607111257908400,-22328.514322974537208211,5598.021188455371884629
81764.447036939818644896,-8441.574503556475974619,-21143.345247140219726134,258.713367803032269876
83362.016378685395466164,-3908.849146991412453644,-18061.417157682775723515,-5637.009434441441044328
84801.376619913513422944,618.630459382133267354,-13141.152036142610086245,-10243.644433034525718540
85797.444812254048883915,3715.046742216870370612,-8399.455082907137693837,-12435.576649783064567600
86152.937434239240246825,4743.048897426704570535,-6474.134870571397186723,-12918.769352200019056909
86508.430056224431609735,5703.287003527446358930,-4456.624248289076604124,-13217.498914755711666658
87504.498248564967070706,7907.858133035893843044,1445.247705093172953639,-13018.757784094816088327
88943.858489793085027486,9591.599479035021431628,9581.568040972790186061,-10339.482964234852261143
90541.427831538661848754,9641.395917380674291053,16844.169758798092516372,-5369.763589565639449575
91980.788072766779805534,8620.931175135609009885,21614.524296427742228843,-237.220605152608186472
92976.856265107315266505,7558.275289273146881897,24067.940862479132192675,3356.456422749139164807
93332.348887092506629415,7130.816093544070099597,24798.586914135765255196,4623.551390477619861485
93687.841509077697992325,6683.383966582617176755,25459.863939138704154175,5877.756405454130799626
94683.909701418233453296,5345.801260069311865664,26976.159313747506530490,9306.363482636832486605
96123.269942646351410076,3267.735729686217382550,28412.116728439625148894,13992.403828561651607743
97720.839284391928231344,862.872193757718378038,29156.501203465311846230,18776.374125707119674189
99160.199525620046188124,-1325.611006083118354582,29211.106358877383172512,22696.089920350113970926
100156.267717960581649095,-2829.834978260565549135,28964.237423861679417314,25192.152888769207493169
100511.760339945773012005,-3362.392560321262862999,28826.150711079812026583,26040.557801225495495601
100867.252961930978926830,-3892.095543251983599475,28663.565897525346372277,26866.835282799027481815
101863.321154271514387801,-5358.372379331923184509,28086.079653604934719624,29065.298933777146885404
103302.681395499632344581,-7420.764733070527654490,26966.361855724899214692,31943.389751680460904026
104900.250737245209165849,-9615.894019498999114148,25383.895295664460718399,34734.583299298086785711
106339.610978473327122629,-11496.445235549212156911,23697.908530678141687531,36895.705864766765444074
107335.679170813848031685,-12738.729805863691581180,22406.082133254003565526,38199.298389910974947270
107691.171792799053946510,-13169.767675978791885427,21922.599610078730620444,38627.051212607286288403
108046.664414784245309420,-13594.133547595933123375,21428.009207123664964456,39035.232704820846265648
109042.732607124780770391,-14746.694599513155480963,19986.500843308160256129,40075.421474637900246307
110482.092848352898727171,-16313.314291717822925420,17772.237887965704430826,41311.752281379718624521
112079.662190098475548439,-17907.790933235603006324,15158.374545438367931638,42319.147533555755217094
113519.022431326593505219,-19206.919064141071430640,12685.885735511055827374,42901.162263557991536800
114515.090623667114414275,-20025.895407306252309354,10920.539281268702325178,43124.103551639651414007
114870.583245652320329100,-20301.795127257631975226,10281.164512871933766291,43168.101582184172002599
115226.075867637511692010,-20568.895061405703017954,9637.333358395115283201,43193.387398583297908772
116222.144059978047152981,-21269.438377900140039856,7812.004390442663861904,43164.484036712237866595
117661.504301206165109761,-22152.757142196056520334,5128.837192107619557646,42862.232567013656080235
119259.073642951741931029,-22945.162019828359916573,2108.210026202581047983,42163.667366672038042452
120698.433884179859887809,-23479.182298983636428602,-630.482009694556836621,41203.192647023017343599
121694.502076520380796865,-23742.981321206974826055,-2524.074802875651585055,40352.090890288309310563
122049.994698505586711690,-23815.289181538133561844,-3197.932142884476888867,40010.961107813134731259
122405.487320490778074600,-23875.797274698903493118,-3870.204223774800993851,39650.006424608851375524
123401.555512831313535571,-23980.717533265131351072,-5742.300308187874179566,38532.076743851961509790
124840.915754059431492351,-23955.886009963393007638,-8403.118045904377140687,36634.616302218491910025
126438.485095805008313619,-23665.646455120513564907,-11262.715131270197161939,34127.942641669302247465
127877.845337033126270398,-23145.876523706378065981,-13716.719413927332425374,31496.672593972532922635
128873.913529373647179455,-22630.134895087921904633,-15324.102382831584691303,29462.269416715746046975
129229.406151358853094280,-22413.166476633312413469,-15876.076118612741993275,28692.952337368275038898
129584.898773344044457190,-22178.180929758833372034,-16415.284273345248948317,27900.570462211457197554
130580.966965684579918161,-21419.674678250128636137,-17850.001452080356102670,25555.850365211808821186
132020.327206912712426856,-20043.454149950153805548,-19684.906135328004893381,21836.743522851698799059
133617.896548658260144293,-18082.949356666234962177,-21291.098534718039445579,17240.612872779907775111
135057.256789886392652988,-15872.452809174861613428,-22214.640175521988567198,12676.588378742682834854
136053.324982226913562045,-14064.880398024401074508,-22469.704234980050387094,9292.866279515928908950
136408.817604212119476870,-13360.083111552849004511,-22467.950858621312363539,8044.005436454328446416
136764.310226197325391695,-12622.390944701095577329,-22410.837622032329818467,6775.363071265967846557
137760.378418537846300751,-10372.931199564845883287,-21914.392891698924358934,3131.374227855462322623
139199.738659765978809446,-6627.706039623222750379,-20105.381541149672557367,-2251.244527040504635806
140797.308001511526526883,-1836.371876617167799850,-16054.535252813864644850,-7927.429281335522318841
142236.668242739659035578,2720.127995274385284574,-10076.004092142342415173,-11843.649787111335172085
143232.736435080179944634,5589.496533646975876763,-4710.425713742858533806,-13193.979563748098371434
143588.229057065385859460,6476.914709850645522238,-2635.621436429565619619,-13322.008745477531192591
143943.721679050591774285,7268.933681462124695827,-521.972036289297648182,-13253.684965877950162394
144939.789871391112683341,8911.358847378574864706,5347.207305223086223123,-12075.945958342766971327
146379.150112619245192036,9805.993998931417081621,12866.222645239544362994,-8421.401880614897891064
147976.719454364792909473,9258.070611748384180828,19236.543640192416205537,-3008.789688542799012794
149416.079695592925418168,7924.603345537952918676,23304.263765055089606903,2191.880128304565005237
150412.147887933446327224,6727.426855304256605450,25353.010260361421387643,5743.328687342627745238
150767.640509918652242050,6263.507621786087838700,25954.129397944801894482,6985.147186451089510228
151123.133131903887260705,5784.552626076469096006,26493.026030955967144109,8210.251356517981548677
152119.201324244408169761,4380.269651758684631204,27700.689805478239577496,11542.619213877234869869
153558.561565472540678456,2247.338932298387135233,28765.117020596797374310,16067.335515486673102714
155156.130907218088395894,-180.637932552302572731,29175.979500349745649146,20659.636803992187196855
156595.491148446220904589,-2367.788793498293671291,28983.244705063239962328,24404.023553028626338346
157591.559340786741813645,-3862.422712596633573412,28588.252639823869685642,26779.265243329151417129
157947.051962771947728470,-4390.178991728294931818,28401.185883285430463729,27584.781546341728244442
158302.544584757153643295,-4914.438828848677985661,28191.482938122873747488,28368.315126666038850090
159298.612777097674552351,-6362.403456751833800809,27491.061773048324539559,30447.845922814340156037
160737.973018325807061046,-8391.561981702358025359,26214.377233444465673529,33156.311497028516896535
162335.542360071354778484,-10542.149804149932606379,24481.578313646521564806,35762.118508928804658353
163774.902601299487287179,-12376.790199729884989210,22678.114280048441287363,37758.345716605799680110
164770.970793640008196235,-13584.444388603371407953,21313.628538398159435019,38948.712769839097745717
165126.463415625214111060,-14002.587390103704819921,20805.780291218095953809,39336.186839302761654835
165481.956037610420025885,-14413.783542734845468658,20287.608764889326266712,39704.143680729372135829
166478.024229950940934941,-15528.004188896002233378,18784.026481768334633671,40631.833598623954458162
167917.384471179073443636,-17035.523863109607191291,16489.835046410713403020,41705.795827380061382428
169514.953812924621161073,-18559.268617158624692820,13799.804304059704008978,42532.550571587853482924
170954.314054152753669769,-19789.887390053805575008,11269.352647580821212614,42950.725243575863714796
171950.382246493274578825,-20558.661117767485848162,9469.639642383430327754,43059.323683304966834839
172305.874868478480493650,-20816.065107057849672856,8819.129337724099968909,43062.272859639888338279
172661.367490463686408475,-21064.355221892419649521,8164.757817650191100256,43046.367113822605460882
173657.435682804207317531,-21710.462886579171026824,6313.086229991696200159,42901.199486709578195587
175096.795924032339826226,-22510.323811618643958354,3600.331828481645970896,42428.350744874616793822
176694.365265777887543663,-23202.774615469897980802,559.186868686372235970,41536.061118754339986481
178133.725507006020052359,-23639.300263153570995200,-2185.959704853355106025,40396.276838808997126762
179129.793699346540961415,-23830.990206866998050828,-4076.674273650210125197,39418.007884464292146731
179485.286321331746876240,-23876.561508667418820551,-4747.931463236574018083,39030.820692623565264512
179840.778943316952791065,-23909.776916413440631004,-5416.730721471012657275,38623.434802830350236036
180836.847135657473700121,-23935.089384843417064985,-7274.168390278129663784,37373.306965072581078857
182276.207376885606208816,-23786.227897996668616543,-9899.555143082940048771,35278.873577418940840289
183873.776718631153926253,-23343.919313846658042166,-12696.483970373983538593,32544.430290792999585392
185313.136959859286434948,-22671.744926330658927327,-15068.075716713890869869,29698.882647162023204146
186309.205152199807344005,-22040.502454422974551562,-16600.669623838552070083,27510.880141629531863146
186664.697774185013258830,-21780.083647386607481167,-17121.841157887316512642,26685.679964706803730223
187020.190396170219173655,-21500.387964467117853928,-17627.854464301552070538,25836.861952451756224036
188016.258588510740082711,-20609.382336878992646234,-18955.360584119593113428,23331.175443461826944258
189455.618829738872591406,-19020.439941031938360538,-20590.695193732357438421,19373.125131348038848955
191053.188171484420308843,-16788.893024067878286587,-21892.709488190816045972,14507.856627997280156706
192492.548412712552817538,-14296.978655869004796841,-22436.764762190927285701,9709.309749816897237906
193488.616605053073726594,-12272.031775574379935279,-22347.800209108976559946,6180.254904996980258147
193844.109227038279641420,-11485.251785763895895798,-22202.901413568499265239,4885.992431415797909722
194199.601849023485556245,-10663.468062358475435758,-21990.271289015829097480,3576.879977903137842077
195195.670041364006465301,-8169.912129041813386721,-20982.083487941599742044,-142.274589019370068854
196635.030282592138973996,-4077.873446784654788644,-18191.999370283640018897,-5453.681885151002461498
198232.599624337686691433,943.818920131587674405,-12697.168481926670210669,-10527.403479897027864354
199671.959865565819200128,5262.481099363747489406,-5411.032371066486120981,-13104.366185235892771743
200668.028057906340109184,7594.332463965463830391,445.621281505800652667,-13154.218788957239667070
201023.520679891546024010,8230.415925526463979622,2559.667537657787761418,-12807.408048248829800286
201379.013301876781042665,8754.237903194250975503,4639.049835665602586232,-12285.635533314780332148
202375.081494217301951721,9640.349103442473278847,10092.895840953642618842,-10051.865799614322895650
203814.441735445434460416,9653.949200190309056779,16602.043729479410103522,-5534.238723848131485283
205412.011077190982177854,8502.334432181036390830,21857.382251410293974914,174.936788473399246868
206851.371318419114686549,6862.635241194125228503,25103.180466251476900652,5347.398333075624577759
207847.439510759635595605,5536.009567871983563236,26683.837669503394863568,8802.771301388691426837
208202.932132744841510430,5037.492211626648895617,27135.181156547754653729,10001.693664312324472121
208558.424754730047425255,4528.925767972114954318,27532.469453586931194877,11180.713810490409741760
209554.492947070568334311,3063.668477172152961430,28382.280175687679729890,14371.903717833411064930
210993.853188298700843006,885.396995106970734923,29013.987929876751877600,18675.193768755598284770
212591.422530044248560444,-1553.205640658666197851,29034.417179863816272700,23013.519867580751451897
214030.782771272381069139,-3726.131815707333771570,28551.174966272228630260,26529.268867788839997957
215026.850963612901978195,-5201.435320054508338217,27982.021145388895092765,28748.056795006596075837
215382.343585598107893020,-5720.765333419656599290,27737.366338797961361706,29498.187567558499722509
215737.836207583313807845,-6235.882941730048514728,27472.276743259706563549,30226.588533030015241820
216733.904399923834716901,-7654.795836868044716539,26627.461439519429404754,32153.014910931458871346
218173.264641151967225596,-9634.298925195553238154,25166.876076128181011882,34643.749630809485097416
219770.833982897514943033,-11720.985816784628696041,23258.864078775830421364,37012.301781074398604687
221210.194224125647451729,-13491.331695426102669444,21319.524109856127324747,38798.062757782339758705
222206.262416466168360785,-14651.133866489886713680,19871.680569207499502227,39844.214152642496628687
222561.755038451374275610,-15051.565699650693204603,19336.029420073373330524,40180.444444536813534796
222917.247660436580190435,-15444.724611279807504616,18791.034104866506822873,40497.257683043790166266
223913.315852777101099491,-16506.692452291983499890,17217.301061777303402778,41282.078833089166437276
225352.676094005233608186,-17934.282748001660365844,14834.042261445665644715,42150.282380146956711542
226950.245435750781325623,-19363.127845665661880048,12061.072305480869545136,42748.749146608613955323
228389.605676978913834319,-20502.446854191457532579,9469.528054554899426876,42960.443332338269101456
229385.673869319434743375,-21204.633644515743071679,7634.932312492725941411,42925.264279087947215885
229741.166491304640658200,-21437.564699637048761360,6973.432937104485972668,42876.662056230037705973
230096.659113289846573025,-21660.996483522085327422,6308.843695207656310231,42809.059649914532201365
231092.727305630367482081,-22235.322753406238916796,4432.688406221563127474,42518.158517354233481456
232532.087546858499990776,-22925.534569248018669896,1695.615149301456767716,41831.947278059116797522
234129.656888604047708213,-23487.190130444694659673,-1356.353690940060914727,40698.031288544632843696
235569.017129832180216908,-23796.574940464019164210,-4095.360039920607505337,39335.196463790431153029
236565.085322172701125965,-23894.445316481855115853,-5972.062671231226886448,38199.071628699137363583
236920.577944157907040790,-23905.268625860895554069,-6636.218776867091037275,37754.778537787686218508
237276.070566143112955615,-23903.031926349089189898,-7296.748239734991329897,37289.858572663200902753
238272.138758483633864671,-23825.029134984961274313,-9124.393893871563705034,35876.113633923348970711
239711.498999711766373366,-23515.402098805683635874,-11687.477572658546705497,33538.428000871819676831
241309.068341457314090803,-22876.159415914509736467,-14383.430094946741519379,30523.551351253285247367
242748.428582685446599498,-22006.642668100506853079,-16628.263883334206184372,27415.173126594239874976
243744.496775025967508554,-21225.781242484546964988,-18048.373682982277387055,25039.534931056950881612
244099.989397011173423380,-20909.054764125859946944,-18523.618964002464053920,24146.269864164802129380
244455.482018996379338205,-20571.404286040979059180,-18980.321817781070421916,23228.842812996957945870
245451.550211336900247261,-19508.558507842193648685,-20149.452697350359812845,20528.344026977712928783
246890.910452565032755956,-17643.509473185789829586,-21491.702101034185034223,16284.587477052573376568
248488.479794310580473393,-15060.302194925663570757,-22347.574394001003383892,11106.840171894715240342
249927.840035538712982088,-12205.332018045573931886,-22333.091866727227170486,6054.613265354259056039
250923.908227879233891144,-9904.066383767489242018,-21735.761169047811563360,2390.965947069280900905
251279.400849864439805970,-9014.787284220179572003,-21379.055983129950618604,1063.075033034802345355
251634.893471849645720795,-8089.293771541597379837,-20936.347882778394705383,-269.004812618171172289
252630.961664190166629851,-5307.279434125823172508,-19173.995059641347324941,-3971.971720022213048651
254070.321905418299138546,-877.822040391102746071,-14980.657214346625551116,-8899.271887191482164781
255667.891247163846855983,4102.216209574470667576,-7690.835659762156865327,-12640.854903039693454048
257107.251488391979364678,7649.703370277284193435,625.684972502880555112,-13124.426170851897040848
258103.319680732500273734,9119.493197521844194853,6432.042160914716987463,-11675.906076015136932256
258458.812302717706188560,9434.063791083284741035,8383.058171054908598308,-10871.172382755075886962
258814.304924702912103385,9645.974310335157497320,10243.146941173574305139,-9947.877048333328275476
259810.373117043433012441,9762.038988758784398669,14904.827961545481230132,-6897.977774267704262456
261249.733358271565521136,8992.234249747201829450,20178.932987939620943507,-1849.553642270573618589
262847.302700017113238573,7336.130964712780951231,24259.974031088542687939,3937.049671469437271298
264286.662941245245747268,5445.549990237627753231,26667.447270049891812960,8970.469984040475537768
265282.731133585795760155,4014.989823504422929545,27770.095698823708517011,12276.923367812836659141
265638.223755571001674980,3489.295568862949039612,28067.789447842529625632,13416.872811713350529317
265993.716377556207589805,2957.860148789726736140,28319.381143891241663368,14534.799303124438665691
266989.784569896757602692,1447.741805951554397325,28798.804776207951363176,17546.990496392882050714
268429.144811124890111387,-757.256940990494967991,28977.571450950319558615,21581.141427875510999002
270026.714152870408724993,-3189.060698786702687357,28583.752219686983153224,25617.449233549014024902
271466.074394098541233689,-5333.180820701092670788,27788.528366162227030145,28863.335777669788512867
272462.142586439091246575,-6779.180589814650375047,27030.755905839636398014,30897.670968086742504966
272817.635208424297161400,-7286.504082187369931489,26723.473084024786658119,31582.476803616027609678
273173.127830409444868565,-7788.877725707170611713,26398.029649408192199189,32245.821692528978019254
274169.196022749994881451,-9168.487938683481843327,25395.332499200310849119,33991.372649667857331224
275608.556263978127390146,-11082.957141006281744922,23732.619846013654751005,36224.162339695758419111
277206.125605723646003753,-13087.662004748488470796,21631.132035705344605958,38310.446142311164294370
278645.485846951778512448,-14776.333634586300831870,19541.400765047332242830,39844.639937279302102979
279641.554039292328525335,-15875.576247828152190777,18001.302585333007300505,40717.744032917049480602
279997.046661277534440160,-16253.616978760284837335,17434.910426549606199842,40992.352641962679626886
280352.539283262740354985,-16623.979423358025087509,16860.281218505719152745,41247.594630812636751216
281348.607475603290367872,-17619.919674984877929091,15209.223929068399229436,41860.046239961448009126
282787.967716831422876567,-18946.452962502651644172,12728.441523227787911310,42479.045957008180266712
284385.537058576941490173,-20255.087501860536576714,9865.991840377337211976,42799.715962658083299175
285824.897299805073998868,-21278.432772466359892860,7210.276014706712885527,42758.995144425665785093
286820.965492145624011755,-21895.808072163261385867,5340.385101622347065131,42547.424283920918242075
287176.458114130829926580,-22097.516760886719566770,4668.115595932355063269,42435.454099408663751092
287531.950736115977633744,-22289.205625119095202535,3993.729672930793640262,42304.241217319904535543
288528.018928456527646631,-22771.704467269366432447,2095.403838419781095581,41833.682952791401476134
289967.379169684660155326,-23321.161655206804425688,-659.414554460367526190,40883.571776089615013916
291564.948511430178768933,-23714.142280439755268162,-3709.752409167153473390,39449.617744667470105924
293004.308752658311277628,-23858.754103276271052891,-6425.859088748095018673,37808.787362812239734922
294000.376944998861290514,-23834.524835310316120740,-8273.297738132585436688,36475.384295726587879471
294355.869566984067205340,-23800.016572698761592619,-8924.086597711617287132,35959.624067477489006706
294711.362188969273120165,-23751.468995241604716284,-9569.609829966226243414,35422.651284007697540801
295707.430381309823133051,-23538.158081616518757073,-11345.852546588421319029,33803.751763283216860145
297146.790622537955641747,-23016.963340933805739041,-13807.102832563899937668,31160.516235674949712120
298744.359964283474255353,-22116.903800613727071323,-16343.648740315989925875,27792.988386014803836588
300183.720205511606764048,-20984.285994916419440415,-18391.656712911990325665,24354.399835634234477766
301179.788397852156776935,-20002.868445480384252733,-19638.053522104291914729,21743.808311259112088010
301535.281019837362691760,-19610.442723008043685695,-20042.433190379291772842,20765.607063279112480814
301890.773641822568606585,-19194.761487458450574195,-20423.036966756866604555,19762.783403836838260759
302886.841834163118619472,-17899.929520158515515504,-21347.420103033484338084,16821.463840164549765177
304326.202075391251128167,-15660.795900327044364531,-22234.387211706776724895,12232.115385502587741939
305923.771417136769741774,-12601.473211251774046104,-22390.123091917364945402,6699.430109683539740217
307363.131658364902250469,-9262.677486618720649858,-21489.220350907715328503,1409.379630422256923339
308359.199850705452263355,-6608.116779368489915214,-20081.418086914905870799,-2313.460523029064006550
308714.692472690658178180,-5593.927697073857416399,-19387.921097173504676903,-3627.055462854747929669
309070.185094675805885345,-4547.125148187373270048,-18581.083973358985531377,-4919.283896057214406028
310066.253287016355898231,-1471.300434459429652634,-15649.594772713997372193,-8324.416628535378549714
311505.613528244488406926,3071.802176829678955983,-9491.963607345096534118,-12076.557141550658343476
313103.182869990007020533,7271.623986758364480920,-495.554434247571407468,-13235.410061406400927808
314542.543111218139529228,9347.917284908195142634,7835.620199867993505904,-11093.228057740410804399
315538.611303558689542115,9774.055292311211815104,12864.248962618803489022,-8333.534181400604211376
315894.103925543895456940,9760.362816174896579469,14459.260584848345388309,-7194.261862012684105139
316249.596547529101371765,9673.463809394614145276,15946.049528082567121601,-6000.850646251999023661
317245.664739869651384652,9108.912293995012078085,19553.775663064770924393,-2477.965571931280464923
318685.024981097783893347,7696.348010769224856631,23462.009189377684378996,2758.337012259520633961
320282.594322843302506953,5639.943906484122635447,26327.432373281855689129,8406.954235371878894512
321721.954564071435015649,3555.811839809215598507,27871.888023420073295711,13181.207741978807462147
322718.022756411985028535,2049.296880180194875720,28477.674710103245161008,16275.282319112056939048
323073.515378397190943360,1504.923866223738514236,28614.494365972197556403,17335.928681235378462588
323429.008000382338650525,958.525258117225575916,28712.929574140445765806,18373.329428114258917049
324425.076192722888663411,-576.702422192349331453,28800.037614184166159248,21155.670429779765981948
325864.436433951021172106,-2783.820408438697086240,28492.520991447661799612,24853.143550106091424823
327462.005775696539785713,-5184.001742852104143822,27646.886705114899086766,28516.625786071166658076
328901.366016924672294408,-7277.490370979131512286,26506.559764053257822525,31430.409155704939621501
329897.434209265222307295,-8678.877750539460976142,25538.058854357801465085,33237.463266740014660172
330252.926831250428222120,-9168.643394142709439620,25160.457709349167998880,33841.650460488846874796
330608.419453235634136945,-9652.663667547514705802,24767.085899984685966047,34424.626862111908849329
331604.487645576184149832,-10976.891225338797084987,23585.946244681836105883,35946.234528614964801818
333043.847886804316658527,-12801.952568354307004483,21693.287785545853694202,37858.188287670316640288
334641.417228549835272133,-14695.722603300493574352,19370.350780316955933813,39591.106724851131730247
336080.777469777967780828,-16274.637619283206731780,17107.898113911487598671,40808.180930367161636241
337076.845662118517793715,-17292.642384731087076943,15461.818321790486152167,41461.891582201795245055
337432.338284103723708540,-17640.646459338448039489,14860.147446050266808015,41658.122891544400772545
337787.830906088871415704,-17980.420846786004403839,14251.543591329775154009,41834.918473352678120136
338783.899098429421428591,-18887.688860067944915500,12512.088324619615377742,42227.045731030026217923
340223.259339657553937286,-20078.165774228309601313,9920.804632871082503698,42525.644397649666643701
341820.828681403072550893,-21224.238729844670160674,6959.104385149188601645,42486.549824552355858032
343260.188922631205059588,-22089.888610947647975991,4235.144559672697141650,42116.577293863781960681
344256.257114971755072474,-22591.364404569056205219,2330.113498941047510016,41673.607108567965042312
344611.749736956960987300,-22750.279610379453515634,1647.775275762106957700,41478.247912342252675444
344967.242358942166902125,-22898.390925725107081234,964.654991611613354507,41263.190246680700511206
345963.310551282716915011,-23254.422427415454876609,-950.816274796462153063,40555.096611083412426524
347402.670792510849423707,-23608.853097672938019969,-3710.163222431505801069,39254.162164949011639692
349000.240134256368037313,-23766.242560745587979909,-6734.429882511689356761,37418.718526057156850584
350439.600375484500546008,-23678.746613601175340591,-9394.818102577981335344,35403.583620914389030077
351435.668567825050558895,-23481.282060532230389072,-11182.974903459651613957,33803.339353543102333788
351791.161189810256473720,-23382.191699257888103602,-11808.010223538361969986,33190.686292304184462409
352146.653811795462388545,-23267.519634150718047749,-12425.174784482012910303,32555.914986694700928638
353142.722004136012401432,-22860.167053955177834723,-14106.921409948074142449,30658.006991845591983292
354582.082245364144910127,-22033.105149332361179404,-16386.525525339930027258,27598.097457399140694179
356179.651587109663523734,-20752.027591180038143648,-18643.541490842846542364,23749.163447765866294503
357619.011828337796032429,-19230.998051748862053500,-20347.681828146007319447,19861.424587231667828746
358615.080020678346045315,-17951.126089276021957630,-21289.525254534051782684,16934.145727182505652308
358970.572642663551960140,-17445.599521785541583085,-21569.180068782254238613,15842.495390285273970221
359326.065264648699667305,-16913.116701457307499368,-21815.492738610249944031,14726.372682924253240344
360322.133456989249680191,-15270.071903831367308157,-22305.320584595239779446,11471.348975754795901594
361761.493698217382188886,-12469.058010701257444452,-22373.184317818118870491,6458.679816078617477615
363359.063039962900802493,-8706.327310617956754868,-21247.391166089342732448,575.836367194221566024
364798.423281191033311188,-4701.023890958489573677,-18711.191591158738447120,-4750.759541965830976551
365794.491473531583324075,-1638.078031818260569707,-15836.470670407254146994,-8170.059082727646455169
366149.984095516789238900,-510.025989832135110191,-14552.926465152211676468,-9272.102744234336569207
366505.476717501995153725,622.823247026852413910,-13127.195126801267178962,-10283.184779087925562635
367501.544909842545166612,3713.640159594779106556,-8396.046269739093986573,-12453.210149720225672354
368940.905151070677675307,7383.289855721514868492,-173.469138661190299899,-13206.486977250049676513
370538.474492816196288913,9497.840224083132852684,8962.589275833028295892,-10562.958178340595623013
371977.834734044328797609,9678.680633240310271503,15699.964378311096879770,-6169.388736036902628257
372973.902926384878810495,9129.831502999491931405,19341.231442323285591556,-2648.656040873243910028
373329.395548370084725320,8838.762143703923356952,20451.013256872698548250,-1356.182623720857691296
373684.888170355232432485,8507.593293262594670523,21468.153197636856930330,-57.457001069026318874
374680.956362695782445371,7408.449073583543395216,23865.501030737679684535,3568.277776650479609089
376120.316603923914954066,5511.848640105030426639,26314.934835290452610934,8643.905350679722687346
377717.885945669433567673,3168.616105609551595990,27906.693303925319924019,13910.969761815067613497
379157.246186897566076368,960.931874515108120249,28540.033152098661958007,18267.093525869957375107
380153.314379238116089255,-582.744482191256338410,28615.294552116818522336,21055.782387274131906452
380508.807001223322004080,-1133.160901301944704755,28579.205610149710992118,22006.088333872768998845
380864.299623208527918905,-1682.367022360480405041,28512.478533727673493559,22932.808390818809129996
381860.367815549077931792,-3210.580223200542604900,28173.996298637623112882,25404.550089339878468309
383299.728056777210440487,-5376.532825299456817447,27333.839259571544971550,28655.548524800367886201
384897.297398522729054093,-7698.923415136982839613,25988.453235526547359768,31830.254067402725922875
386336.657639750861562788,-9700.404256357627673424,24463.681300362484762445,34310.640357766016677488
387332.725832091411575675,-11028.208119369290216127,23259.552653972354164580,35821.386341667966917157
387688.218454076617490500,-11489.963475701433708309,22803.223813738688477315,36320.460620550213207025
388043.711076061765197664,-11945.106336883087351453,22333.769179033020918723,36798.629258721477526706
389039.779268402315210551,-13184.024096249506328604,20952.714489587855496211,38028.017662674654275179
390479.139509630447719246,-14875.063657250133474008,18802.735174927856860450,39520.647168901356053539
392076.708851375966332853,-16606.075843335085664876,16233.177017141846590675,40790.497743170999456197
393516.069092604098841548,-18026.065679967679898255,13780.221970098700694507,41590.689978648028045427
394512.137284944648854434,-18927.223885805135068949,12018.713254246313226759,41955.183715180326544214
394867.629906929854769260,-19232.138764006394922035,11378.982506154254224384,42047.925524936428701039
395223.122528915060684085,-19528.081235564150119899,10733.942934498039903701,42121.049376542236132082
396219.190721255610696971,-20308.490711946433293633,8900.957046391322364798,42221.506322025728877634
397658.550962483743205667,-21304.653194107551826164,6196.639688719450532517,42094.596516795776551589
399256.120304229261819273,-22218.633940368763433071,3140.375941657928251516,41575.730279689771123230
400695.480545457394327968,-22858.841205959310173057,360.118476182535232510,40764.778255596262170002
401691.548737797944340855,-23194.279947663551865844,-1566.868987500806724711,40010.781392897886689752
402047.041359783150255680,-23291.796288563775306102,-2253.490448967314478068,39703.113369591497757938
402402.533981768356170505,-23377.326529013000254054,-2938.951516791436915810,39375.013124297547619790
403398.602174108906183392,-23551.383740054072404746,-4850.172307686281783390,38346.015796369727468118
404837.962415337038692087,-23624.026813634540303610,-7572.850885216544156719,36569.401962414456647821
406435.531757082557305694,-23438.892131035448983312,-10508.034857306700359914,34187.186143562641518656
407874.891998310689814389,-23011.431629766353580635,-13036.246245053935126634,31660.274586348798038671
408870.960190651239827275,-22558.510907280044193612,-14698.497615940097603016,29694.247651314330141759
409226.452812636445742100,-22363.799096469712822000,-15270.795027138694422320,28948.637162952414655592
409581.945434621593449265,-22151.001315958794293692,-15830.739459848182377755,28179.615735585524816997
410578.013626962143462151,-21454.403788264742615866,-17325.923364194859459531,25898.610138648266001837
412017.373868190275970846,-20167.501540604553156300,-19255.376295937967370264,22267.436766175582306460
413614.943209935794584453,-18307.259393073305545840,-20979.621111336349713383,17763.681439168267388595
415054.303451163927093148,-16189.752902720629208488,-22026.701910565268917708,13277.843958817551538232
416050.371643504477106035,-14448.898817680827050935,-22381.173837033722520573,9944.290986791384057142
416405.864265489683020860,-13768.482281842931115534,-22418.527976053632301046,8712.182586911061662249
416761.356887474888935685,-13055.483727408667618874,-22402.794839282141765580,7459.478883832385690766
417757.425079815438948572,-10876.742138207064272137,-22036.784962864076078404,3854.043982636855162127
419196.785321043571457267,-7234.720807116831565509,-20466.222012308335251873,-1501.856863147944295633
420794.354662789090070873,-2537.728776660160292522,-16771.659339620207902044,-7240.899616135258838767
422233.714904017222579569,2013.858686771045540809,-11171.130840506826643832,-11387.797194092236168217
423229.783096357772592455,4971.249570762469375040,-6016.436624388097698102,-13020.743501402583206072
423585.275718342978507280,5910.496668094470805954,-3988.114749444645894982,-13265.334636070705528255
423940.768340328126214445,6762.895991994621908816,-1901.274558854366659943,-13314.951628654845990241
424936.836532668676227331,8596.352913675464151311,3996.308680631120296312,-12434.804272685811156407
426376.196773896808736026,9731.094241858494569897,11725.223233006305235904,-9033.269316230052936589
427973.766115642327349633,9330.079488375864457339,18350.612607418835978024,-3682.357778653165041760
429413.126356870459858328,8043.601341012352349935,22579.868152596340223681,1559.713777451173882582
430409.194549211009871215,6850.048328532313462347,24699.076371654497052077,5159.232792527738638455
430764.687171196215786040,6383.624063623992697103,25318.135924807593255537,6419.420186245324657648
431120.179793181421700865,5900.629331546262619668,25871.563107329606282292,7663.002709203195081500
432116.247985521971713752,4478.759275411861381144,27103.739106619239464635,11045.840890034947733511
433555.608226750104222447,2310.160353970486994513,28168.843206603796716081,15634.973057203582357033
435153.177568495622836053,-163.440515358502580057,28544.467403225287853274,20281.667240971532010008
436592.537809723755344748,-2392.118147586334544030,28296.610353514173766598,24057.599046873456245521
437588.606002064305357635,-3914.146405163605322741,27853.861888204530259827,26444.729725293091178173
437944.098624049511272460,-4451.261113891149761912,27648.212660452158161206,27252.526871746809774777
438299.591246034658979625,-4984.620196873447639518,27419.218333979202725459,28037.316080617398256436
439295.659438375208992511,-6456.525304830382083310,26661.439742634927824838,30114.953735387691267533
440735.019679603341501206,-8515.608809926337926299,25295.024705574091058224,32806.830175676353974268
442332.589021348860114813,-10691.947483598118196824,23456.119045246148743900,35375.536467196943704039
443771.949262576992623508,-12542.257985945230757352,21553.640852741787966806,37321.941398999508237466
444768.017454917542636395,-13756.228646542418573517,20119.787631754883477697,38468.912833030051842798
445123.510076902748551220,-14175.684535091448196908,19587.144359304969839286,38839.152603700538747944
445479.002698887954466045,-14587.684242387551421416,19044.197259335101989564,39188.961402711174741853
446475.070891228504478931,-15701.368396411173307570,17471.501710111868305830,40060.955516320784226991
447914.431132456636987627,-17200.527651884516671998,15079.075382713665021583,41041.874866915881284513
449512.000474202155601233,-18703.811203605746413814,12283.925931589135871036,41748.008625472444691695
450951.360715430288109928,-19905.173132419211469823,9663.958697565474722069,42041.801172188337659463
451947.428907770838122815,-20647.276574423740385100,7806.053685501039581141,42055.518240283534396440
452302.921529756044037640,-20893.826227956516959239,7135.645590578025803552,42022.842296089256706182
452658.414151741191744804,-21130.537197898160229670,6461.877516118401217682,41970.377160756863304414
453654.482344081741757691,-21740.213658312433835818,4558.771368112404161366,41717.751670977690082509
455093.842585309874266386,-22476.459248210532678058,1780.397304055101812992,41076.328909397198003717
456691.411927055392879993,-23081.778702579831588082,-1319.003906982389707991,39978.016037100816902239
458130.772168283525388688,-23423.330656189216824714,-4100.507103953038495092,38634.944472386428969912
459126.840360624075401574,-23539.214394746966718230,-6005.617561998600649531,37505.839482133131241426
459482.332982609281316400,-23555.585018822977872333,-6679.588070140910531336,37062.756059740822820459
459837.825604594487231225,-23558.417799872389878146,-7349.718512207170533657,36598.371365924489509780
460833.893796935037244111,-23491.993506221337156603,-9202.886394613096854300,35182.572956266805704217
462273.254038163169752806,-23191.884004913259559544,-11798.137933195393998176,32832.843164275735034607
463870.823379908688366413,-22552.361815711694362108,-14520.694292724860133603,29792.449762983793334570
465310.183621136820875108,-21671.810156875868415227,-16778.141257830226095393,26650.710130145747825736
466306.251813477370887995,-20876.733193024116189918,-18198.684061869254946942,24246.669474529546278063
466661.744435462576802820,-20553.538504100117279449,-18672.105148304384783842,23342.303718181399744935
467017.237057447782717645,-20208.654448097273416352,-19125.816241623640962644,22413.307468676579446765
468013.305249788332730532,-19121.287846055747650098,-20279.562974748012493365,19678.169267886318266392
469452.665491016465239227,-17208.976408121758140624,-21577.338622507497348124,15380.222061183845653431
471050.234832761983852834,-14555.659341903250606265,-22342.534674092818022473,10142.170705470627581235
472489.595073990116361529,-11621.523195924017272773,-22194.400166964205709519,5046.252529672379750991
473485.663266330666374415,-9258.348804246166764642,-21465.857331119193986524,1368.744275478477902652
473841.155888315872289240,-8346.265586643388814991,-21053.083961838387040189,41.568592217911373154
474196.648510301019996405,-7398.022912792321221787,-20548.960505644703516737,-1285.689480979601739818
475192.716702641570009291,-4556.436331737957516452,-18584.367710751968843397,-4945.061641420410524006
476632.076943869702517986,-80.768130807417946926,-14028.209850696135617909,-9684.485096940839866875
478229.646285615221131593,4802.428438054224898224,-6353.599466440514333954,-12960.493575130311000976
479669.006526843353640288,8083.178295868336135754,2059.238327921010750288,-12878.285502629179973155
480665.074719183903653175,9327.567801776000123937,7747.980612913095683325,-11095.979973348950807122
481020.567341169109568000,9565.538247820224569296,9632.193049665282160277,-10196.883012819260329707
481376.059963154315482825,9705.163179908931851969,11417.660356376180061488,-9192.701068398040661123
482372.128155494865495712,9645.543571654161496554,15850.053079939374583773,-5979.875350129303114954
483811.488396722998004407,8687.161159331242743065,20792.051086342373309890,-817.097177992944125435
485409.057738468516618013,6886.910298053857331979,24538.887735294018057175,4999.601534006953443168
486848.417979696649126709,4904.144022697073523887,26677.488501631047256524,10012.215034215350897284
487844.486172037199139595,3424.234572136540919018,27608.681839793989638565,13287.314768257712785271
488199.978794022405054420,2883.226203068346421787,27847.627114647119014990,14413.447722557049928582
488555.471416007552761585,2337.555258209583371354,28041.630207619069551583,15516.333034062523438479
489551.539608348102774471,792.761799724593856808,28365.303494296807912178,18480.464863095861801412
490990.899849576235283166,-1450.468661963897375244,28331.631134640931122703,22431.608762705105618807
492588.469191321753896773,-3910.545714356499956921,27716.560468792889878387,26359.351902916823746637
494027.829432549886405468,-6068.742944953797632479,26733.131529357731778873,29493.934145138442545431
495023.897624890436418355,-7518.549702943131705979,25850.670595463412610115,31444.117949635186960222
495379.390246875642333180,-8026.087901993046216376,25499.930431088483601343,32097.507592210575239733
495734.882868860848248005,-8528.080718952147435630,25131.565836618821776938,32728.714530598201235989
496730.951061201398260891,-9903.470790558278167737,24011.415452308843669016,34380.390572239259199705
498170.311302429530769587,-11803.651951847265081597,22186.183992599871999118,36467.589651912596309558
499767.880644175049383193,-13781.060379263977665687,19914.290109296682203421,38378.461199622543063015
501207.240885403181891888,-15434.574767958612937946,17680.262229455893248087,39741.976712176001456100
502203.309077743731904775,-16503.425168323126854375,16045.666921228010323830,40489.808286969680921175
502558.801699728937819600,-16869.383355941274203360,15446.654776049352221889,40718.264217002986697480
502914.294321714085526764,-17227.000263524823822081,14840.004235131526002078,40926.584844420925946906
503910.362514054635539651,-18183.619760463392594829,13102.517911145327161648,41403.416117354310699739
505349.722755282768048346,-19443.565838681864988757,10505.929321080431691371,41815.371421253148582764
506947.292097028286661953,-20663.907704822464438621,7528.764261354092013789,41890.320917915589234326
508386.652338256419170648,-21593.697661649766814662,4783.695925428286500392,41613.172787677642190829
509382.720530596969183534,-22137.934113932431500871,2860.701895142179637332,41229.242269247908552643
509738.213152582175098360,-22311.778553339383506682,2171.365043940131272393,41053.964719880314078182
510093.705774567381013185,-22474.641703262008377351,1480.959927306249483081,40858.480531869739934336
511089.773966907931026071,-22871.048404605677205836,-456.332170943165920107,40202.587034231612051371
512529.134208136063534766,-23281.275031651726749260,-3250.420475108396203723,38970.460043623024830595
514126.703549881582148373,-23496.977530381664109882,-6316.842961184897831117,37202.717180729057872668
515566.063791109714657068,-23458.689281068265700014,-9017.683857463705862756,35241.248483079834841192
516562.131983450264669955,-23293.401203946435998660,-10834.855443296753946925,33674.312175748695153743
516917.624605435470584780,-23205.420078578747052234,-11470.403361913993649068,33072.820866013018530793
517273.117227420618291944,-23101.659681206823734101,-12098.149615294059913140,32448.840342002309625968
518269.185419761168304831,-22723.826971521400992060,-13809.844248534594953526,30579.250559049731236883
519708.545660989300813526,-21936.681448741219355725,-16133.227859230975809623,27555.532982646305754315
521306.115002734819427133,-20696.158514560949697625,-18439.055573777852259809,23740.789782882464351133
522745.475243962951935828,-19208.402134527827001875,-20187.031673628218413796,19879.101435747234063456
523741.543436303501948714,-17949.849903737351269228,-21159.075110864392627263,16967.565075244969193591
524097.036058288707863539,-17451.616318944816157455,-21449.493904597722576000,15881.132204160650871927
524452.528680273913778365,-16926.269440936615865212,-21706.574047419082489796,14770.032702000275094179
525448.596872614463791251,-15302.442020152315308223,-22226.694986232250812463,11528.131282315753196599
526887.957113842596299946,-12527.472555912778261700,-22339.431883062334236456,6532.185890755620675918
528485.526455588173121214,-8791.826540230227692518,-21267.889427273934416007,664.426512013851606753
529924.886696816305629909,-4808.930174046059619286,-18789.735226039832923561,-4655.075188567677287210
530920.954889156855642796,-1758.358386927320680115,-15963.199642209019657457,-8078.213054385249051847
531276.447511142003349960,-633.352713699125615676,-14698.455313919905165676,-9184.645841813646256924
531631.940133127151057124,497.574679451160818644,-13292.077157232452009339,-10202.215463692808043561
532628.008325467701070011,3591.601464891195064411,-8614.037145337810216006,-12403.488958910756991827
534067.368566695833578706,7293.391810271283247857,-438.659612413121976715,-13227.839817649331962457
535664.937908441410399973,9457.238206868121778825,8708.871697948008659296,-10644.026300024133888655
537104.298149669542908669,9661.207327493244520156,15476.518402037763735279,-6256.809991431476191792
538100.366342010092921555,9113.467109141933178762,19130.026757640938740224,-2722.715018714732195804
538455.858963995240628719,8820.463748916365148034,20241.440003187712136423,-1423.712521807294479004
538811.351585980388335884,8486.377480979108440806,21258.718497436191682937,-117.976347452671689098
539807.419778320938348770,7374.976608435059461044,23648.808744132769788848,3528.245439471077588678
541246.780019549070857465,5453.986816734342028212,26070.264241033022699412,8630.797992676702051540
542844.349361294647678733,3079.957373332725182991,27612.165307462742930511,13918.749736637222667923
544283.709602522780187428,844.563133592325357313,28188.334168578414391959,18283.377101827656588284
545279.777794863330200315,-717.227902230986046561,28219.068864890854456462,21071.859992824061919237
545635.270416848477907479,-1273.801245891572079927,28166.307746429676626576,22020.874987328406859888
545990.763038833625614643,-1828.977613872916663240,28082.553517513795668492,22945.664831668982515112
546986.831231174175627530,-3372.816422760460227437,27694.733596681187918875,25408.611472744200000307
548426.191472402308136225,-5558.097494256708159810,26780.016080178938864265,28638.190421499399235472
550023.760814147884957492,-7896.838575051397128846,25348.997544723108148901,31777.313520501924358541
551463.121055376017466187,-9907.972917277869782993,23745.842028076564020012,34215.235668449924560264
552459.189247716567479074,-11239.432017626155356993,22487.369461994479934219,35690.916263812687247992
552814.681869701715186238,-11701.866051191227597883,22011.698006443781196140,36176.360949152542161755
553170.174491686979308724,-12157.349903723998068017,21522.950500519895285834,36640.315920512803131714
554166.242684027529321611,-13395.379206205143418629,20088.217427886127552483,37826.776659196257242002
555605.602925255661830306,-15080.136485935026939842,17862.132021321292995708,39249.317171379065257497
557203.172267001238651574,-16796.841184693250397686,15211.064091649346664781,40430.211094690122990869
558642.532508229371160269,-18196.873855827721854439,12688.297075576665520202,41140.118092805612832308
559638.600700569921173155,-19080.042353553675638977,10880.994008607927753474,41436.432574032187403645
559994.093322555068880320,-19377.669995214371738257,10225.491769043235763093,41503.698702563735423610
560349.585944540216587484,-19665.855649198954779422,9565.006924976903974311,41550.740390587554429658
561345.654136880766600370,-20421.951960696016612928,7690.623834445959801087,41574.854021062245010398
562785.014378108899109066,-21375.903660353895247681,4932.031918575465169852,41328.971508576767519116
564382.583719854475930333,-22232.417819214741030009,1824.674394967987154814,40665.707509775951621123
565821.943961082608439028,-22810.318481896098091966,-991.639432364048388990,39713.092415750397776719
566818.012153423158451915,-23096.224023793449305231,-2936.998405900122634193,38854.391019414411857724
567173.504775408306159079,-23174.701562547332287068,-3628.705899242353552836,38507.995420955317968037
567528.997397393453866243,-23240.445241837936919183,-4318.418640189975121757,38140.439982247378793545
568525.065589734003879130,-23354.892232985599548556,-6236.747380643444557791,36996.946346357188303955
569964.425830962136387825,-23329.653056342358468100,-8955.425419251911080210,35044.308065595774678513
571561.995172707713209093,-23017.553132989985897439,-11862.112419371344003594,32451.516278410137601895
573001.355413935845717788,-22456.668127986555191455,-14337.370097698450990720,29720.738864863949856954
573997.423606276395730674,-21899.313746015599463135,-15944.136087280417996226,27605.709860874463629443
574352.916228261543437839,-21664.686344835117779439,-16492.259025662886415375,26805.372776118540059542
574708.408850246691145003,-21410.493490422781178495,-17025.483666162712324876,25980.828339995903661475
575704.477042587241157889,-20589.509735342919157119,-18430.708396244022878818,23540.184176831840886734
577143.837283815373666584,-19098.543535947635973571,-20182.895984412596590118,19669.087116058850369882
578741.406625560950487852,-16972.672556940502545331,-21623.619894417020987021,14891.759182655878248625
580180.766866789082996547,-14574.958309290184843121,-22306.041090151869866531,10165.001905862485727994
581176.835059129633009434,-12615.565529415433047689,-22324.952423885875759879,6680.438422718452784466
581532.327681114780716598,-11852.336192953804129502,-22221.928197710687527433,5400.594051231599223684
581887.820303100044839084,-11054.177080023950111354,-22053.357440641488210531,4104.870369653672241839
582883.888495440594851971,-8626.803103636186278891,-21182.910856368460372323,415.409306267204101459
584323.248736668727360666,-4624.563201370310707716,-18641.401166915857174899,-4891.222666809389920672
585920.818078414304181933,341.440911812668673520,-13498.695788210015962250,-10079.276377928992587840
587360.178319642436690629,4725.199008198390401958,-6512.605251087553369871,-12941.167937931248161476
588356.246511982986703515,7186.426079390990707907,-749.268047277597361244,-13254.833408199468976818
588711.739133968134410679,7878.703779699404549319,1363.998713258621137356,-12997.333343905331275892
589067.231755953282117844,8459.745892491049744422,3458.208540806349446939,-12556.085258990682632430
590063.299948293832130730,9491.544288085324296844,9011.440540575778868515,-10484.103194193870876916
591502.660189521964639425,9636.483930047732428648,15705.462199529145436827,-6039.502807173685141606
593100.229531267541460693,8525.754815996138859191,21102.445660786881489912,-281.279747808161118883
594539.589772495673969388,6864.747863110489561222,24394.980644509589183144,4973.664276424657145981
595535.657964836223982275,5505.994038732688750315,25969.485962470938829938,8486.474729913767077960
595891.150586821371689439,4993.960537601195937896,26412.262309120818827068,9704.489524447995790979
596246.643208806519396603,4471.129367757131149119,26798.015127175407542381,10901.577150581617388525
597242.711401147069409490,2963.273916889297197486,27601.530390253858058713,14136.952674225189184654
598682.071642375201918185,720.957356425339185080,28136.697240594938193681,18484.835720807546749711
600279.640984120778739452,-1786.209391898611556826,28019.754696968746429775,22843.804451288957352517
601719.001225348911248147,-4014.848784805666127795,27393.658560064523044275,26351.751490976635977859
602715.069417689461261034,-5524.096922049488057382,26718.146692923739465186,28550.680282750076003140
603070.562039674608968198,-6054.501953834610503691,26434.392380483212036779,29290.902955634628597181
603426.054661659873090684,-6580.113842754753022746,26129.700030612664704677,30007.927488693330815295
604422.122854000423103571,-8025.180290807724304614,25171.704201023199857445,31894.738812879222678021
605861.483095228555612266,-10033.420964940331032267,23543.571193282557942439,34308.408057493215892464
607459.052436974132433534,-12138.437035892233325285,21447.170573913765110774,36564.571752754571207333
608898.412678202264942229,-13912.137833237653467222,19338.631199416038725758,38225.326626085334282834
609894.480870542814955115,-15066.505595210008323193,17775.227676974060159409,39171.939489164738915861
610249.973492527962662280,-15463.398547623424747144,17198.797691455412859796,39470.075381427057436667
610605.466114513110369444,-15852.156270093768398510,16613.318537701201421442,39747.444250674714567140
611601.534306853660382330,-16897.083223730827739928,14927.993635912300305790,40414.554186038374609780
613040.894548081792891026,-18287.264894488867867040,12389.434810605647726334,41093.890841671447560657
614638.463889827369712293,-19655.752857850726286415,9454.735686840725975344,41456.534296870951948222
616077.824131055502220988,-20722.421013118739210768,6729.640337285992245597,41431.777470800407172646
617073.892323396052233875,-21363.444660797809774522,4810.795881733200076269,41219.390941431585815735
617429.384945381199941039,-21572.275140274723526090,4121.061960169330632198,41104.809017751162173226
617784.877567366347648203,-21770.370776126994314836,3429.277606459090293356,40969.771393640461610630
618780.945759706897661090,-22266.891805304916488240,1482.890574415851915546,40482.070052563452918548
620220.306000935030169785,-22825.831018892768042861,-1338.110306359223159234,39490.568822830573481042
621817.875342680606991053,-23213.192615535790537251,-4454.237194247116349288,37987.830980623431969434
623257.235583908739499748,-23336.779816560156177729,-7219.193556401613022899,36264.527750456101784948
624253.303776249289512634,-23288.310459852225903887,-9092.620279503473284421,34862.696528628977830522
624608.796398234437219799,-23243.101027648819581373,-9750.816193712376843905,34320.269254976417869329
624964.289020219584926963,-23182.727399730996694416,-10402.648822797678803909,33755.450404820876428857
625960.357212560134939849,-22930.018088828717736760,-12190.042100376422240515,32052.267980269840336405
627399.717453788267448545,-22334.298765414307126775,-14647.080851823873672402,29271.100475062608893495
628997.286795533844269812,-21324.182103384922811529,-17142.624486079279449768,25728.834755370415223297
630436.647036761976778507,-20064.178437699432834052,-19110.086074446935526794,22114.875000526630174136
631432.715229102526791394,-18976.823516776945325546,-20269.176118397641403135,19374.575611908909195336
631788.207851087674498558,-18542.744999749786074972,-20634.839172130672523053,18348.806129479969968088
632143.700473072938621044,-18083.280712238749401877,-20972.241744775576080428,17297.920797732880600961
633139.768665413488633931,-16653.856722418757271953,-21748.457505401616799645,14220.643064895146380877
634579.128906641621142626,-14187.139547095201123739,-22333.632251763505337294,9440.147311349293886451
636176.698248387197963893,-10828.562065805133897811,-21987.099427947276126361,3734.351925333394319750
637616.058489615330472589,-7189.785499592159794702,-20420.004489110731810797,-1610.318228801485929580
638612.126681955880485475,-4333.934524594666072517,-18397.495780421479139477,-5248.162828289225217304
638967.619303941028192639,-3256.449931553835995146,-17451.331632691046252148,-6492.036955085261979548
639323.111925926175899804,-2154.817203688114204851,-16375.089601834888526355,-7687.282250466561890789
640319.180118266725912690,998.384386902413552889,-12621.838083831480616936,-10635.646453492299770005
641758.540359494858421385,5291.544700450978780282,-5351.344011602294813201,-13131.328070888324873522
643356.109701240435242653,8594.691684245186479529,4014.421118949844640156,-12399.654901047411840409
644795.469942468567751348,9699.497046354470512597,11712.534688434359850362,-8945.220819517297059065
645791.538134809117764235,9581.171784929234490846,16066.326635907389572822,-5674.945517405457394489
646147.030756794265471399,9406.333511068402003730,17412.988961452054354595,-4418.550237843919603620
646502.523378779413178563,9174.607620185459381901,18654.525089638609642861,-3135.294383604353242845
647498.591571119963191450,8279.961878234171308577,21609.495579111422557617,526.712851414941724215
648937.951812348095700145,6539.866724721329774184,24688.760262886633427115,5773.540924287744928733
650535.521154093672521412,4253.784605146396643249,26781.122270451458462048,11293.536426982287594001
651974.881395321805030107,2038.254054769246067735,27732.181363864772720262,15886.155637861362265539
652970.949587662355042994,469.668133044157002587,27971.340137805451377062,18832.438888735065120272
653326.442209647502750158,-92.286305142197306850,27984.593801833623729181,19837.038549177417735336
653681.934831632766872644,-654.131386666536172925,27962.913324821598507697,20816.882521685332903871
654678.003023973316885531,-2222.385902881549554877,27730.134130838847340783,23430.761957345261180308
656117.363265201449394226,-4454.143545394161264994,26997.797261625415558228,26868.537871256863581948
657714.932606947026215494,-6854.662208106462458090,25723.384417889610631391,30224.073455443947750609
659154.292848175158724189,-8927.142304326369412593,24228.883199875697755488,32843.872442464635241777
660150.361040515708737075,-10303.045972053660079837,23030.929961427609669045,34438.462600160222791601
660505.853662500856444240,-10781.621035216048767325,22574.318559502222342417,34965.026076938971527852
660861.346284486004151404,-11253.362981557527746190,22103.396958467139484128,35469.425797063777281437
661857.414476826554164290,-12537.438887104421155527,20712.515296230929379817,36765.730187444627517834
663296.774718054686672986,-14289.566191765856274287,18535.698216039640101371,38338.410375008505070582
664894.344059800263494253,-16081.526157903021157836,15922.745424926302803215,39674.989649675211694557
666333.704301028396002948,-17549.343313225894235075,13421.734586200069315964,40516.183278977143345401
667329.772493368946015835,-18479.265623417559254449,11623.437861425156370387,40898.787448083603521809
667685.265115354093722999,-18793.536034926877619000,10970.058533454593998613,40996.000967623906035442
668040.757737339241430163,-19098.338781763835868333,10311.152579359413721249,41072.560416638327296823
669036.825929679791443050,-19900.848762036461266689,8438.438953131297239452,41177.180485763834440149
670476.186170907923951745,-20921.471716269305034075,5675.619667207954989863,41042.265329288078646641
672073.755512653500773013,-21851.459773771930485964,2555.250072232224738400,40495.430557143467012793
673513.115753881633281708,-22495.180671622594672954,-279.636836349399345636,39642.309290762510499917
674509.183946222183294594,-22826.508356255308171967,-2241.432804022542768507,38849.779438654375553597
674864.676568207331001759,-22921.187008502656681230,-2939.698341972087291651,38526.512079074469511397
675220.169190192478708923,-23003.132500038791476982,-3636.329990667460151599,38181.841682788741309196
676216.237382533028721809,-23163.015886471213889308,-5575.964720357666010386,37101.246742071074550040
677655.597623761161230505,-23203.718993457532633329,-8330.493594210853188997,35236.614593899794272147
679253.166965506738051772,-22965.650916839877027087,-11284.349644106419873424,32738.100160333444364369
680692.527206734870560467,-22472.800133804776123725,-13809.499968314634315902,30089.762617683318239870
681688.595399075420573354,-21963.634332093923148932,-15455.521785391507364693,28030.648842209891881794
682044.088021060568280518,-21746.485406411997246323,-16018.713995252299355343,27250.071393271718989126
682399.580643045832403004,-21509.940771612313255901,-16567.615238054560904857,26445.190116265919641592
683395.648835386382415891,-20739.443670456617837772,-18020.330197453546134057,24059.145673179591540247
684835.009076614514924586,-19324.776790787353093037,-19852.236623670043627499,20265.597079003990074852
686432.578418360091745853,-17289.702030871667375322,-21401.949427099163585808,15571.656104516961931949
687871.938659588224254549,-14980.880204580324061681,-22209.008375225523195695,10915.053780042006110307
688868.006851928774267435,-13087.505761693075328367,-22334.926708527305891039,7473.175242034583789064
689223.499473913921974599,-12348.713739951659590588,-22275.349674796307226643,6206.597529318509259610
689578.992095899069681764,-11575.397043488186682225,-22153.445021645089582307,4922.699134319599579612
690575.060288239619694650,-9219.027643256617011502,-21433.677298362188594183,1255.461003560234530596
692014.420529467752203345,-5315.182958388657425530,-19173.804569707044720417,-4069.506929559460331802
693611.989871213329024613,-411.149359202288906090,-14436.788852437977766385,-9423.764103931020144955
695051.350112441461533308,4045.098890388334439194,-7808.596056178695107519,-12654.374147951664781431
696047.418304782011546195,6659.938093881567510834,-2170.851480188220193668,-13319.679070267980932840
696402.910926767159253359,7422.521440542304844712,-64.005569393463247252,-13188.105923655566584785
696758.403548752306960523,8077.678457071752745833,2043.907900597228035622,-12865.451667198543873383
697754.471741092856973410,9313.370103198078140849,7719.604416058790775423,-11060.621568908096378436
699193.831982320989482105,9683.549556870981177781,14687.297693935672214138,-6813.487761328196029353
700791.401324066566303372,8711.602758785387777607,20365.614464797967229970,-1096.532713276185859286
702230.761565294698812068,7107.539813399058402865,23847.601829930801613955,4194.370379867383235251
703226.829757635248824954,5765.376471643086006225,25519.890458095145731932,7747.984242515496589476
703582.322379620396532118,5256.172702134082101111,25991.917957907258823980,8981.890382552803202998
703937.815001605660654604,4734.882799997754773358,26404.265813920232176315,10195.200889888583333232
704933.883193946210667491,3225.868802493771909212,27269.690564671549509512,13476.469283254056790611
706373.243435174343176186,972.035550220251025166,27867.177311962899693754,17888.137388986637233756
707970.812776919919997454,-1555.558094218003134301,27790.912550370441749692,22310.437702222359803272
709410.173018148052506149,-3805.778119882800183404,27182.504315714570111595,25867.052296160174591932
710406.241210488602519035,-5330.549262291964623728,26511.183183327048027422,28094.734286378039541887
710761.733832473750226200,-5866.497398031003285723,26227.597343220073526027,28844.237999812183261383
711117.226454458897933364,-6397.625015951637578837,25922.448384806408284931,29570.029982256190123735
712113.294646799447946250,-7857.871898659722319280,24960.185482719323772471,31478.695263903977320297
713552.654888027580454946,-9886.883920355216105236,23319.370403864111722214,33917.014762317921849899
715150.224229773157276213,-12012.636958428298385115,21201.978480213423608802,36191.249463718297192827
716589.584471001289784908,-13802.394330473094669287,19070.000370008066965966,37860.222145468425878789
717585.652663341839797795,-14966.198981641040518298,17488.572564420159324072,38808.186984093692444731
717941.145285326987504959,-15366.102160720920437598,16905.437760997901932569,39105.963881668751128018
718296.637907312135212123,-15757.674059598124586046,16313.136074287664087024,39382.536018692029756494
719292.706099652685225010,-16809.401636922371835681,14608.195693092260626145,40045.105594289270811714
720732.066340880817733705,-18206.418836385088070529,12040.508454734266706510,40711.958395601439406164
722329.635682626394554973,-19578.017836014085332863,9073.376260232209460810,41052.683713169804832432
723768.995923854527063668,-20643.107057305700436700,6319.918266386614050134,41001.003756019359570928
724765.064116195077076554,-21280.417354199569672346,4382.402091434576504980,40766.024855031755578239
725120.556738180224783719,-21487.375330312359437812,3686.261588157203277660,40642.595777199370786548
725476.049360165372490883,-21683.300879087400971912,2988.228744534051656956,40498.298193300579441711
726472.117552505922503769,-22172.101072261742956471,1025.302711334947161959,39982.448020669296965934
727911.477793734055012465,-22715.355565640900749713,-1816.498149884036138246,38944.505873648166016210
729509.047135479631833732,-23078.459589814374339767,-4950.131578489055755199,37382.162940353024168871
730948.407376707764342427,-23173.332404532375221606,-7724.310800919640314532,35597.795184203641838394
731944.475569048314355314,-23100.775247088524338324,-9599.562003218481549993,34149.569533899048110470
732299.968191033462062478,-23046.068772483489738079,-10257.356247692918259418,33589.759522756787191611
732655.460813018726184964,-22975.701283776150376070,-10908.178251802317390684,33007.123083223457797430
733651.529005359276197851,-22692.207360896012687590,-12689.164134698319685413,31251.701506491146574263
735090.889246587408706546,-22044.109244277897232678,-15125.981498274981277063,28389.070132943459611852
736688.458588332985527813,-20963.415497350477380678,-17579.741591108780994546,24748.455421645725436974
738127.818829561118036509,-19626.794970950388233177,-19486.464765904464002233,21039.621489758617826737
739123.887021901668049395,-18478.126539328117360128,-20586.783806097570050042,18231.143088731590978568
739479.379643886815756559,-18020.364923746721615316,-20927.451598659929004498,17180.769356932520167902
739834.872265871963463724,-17536.219033975346974330,-21237.466705275775893824,16105.245966558055442874
740830.940458212513476610,-16032.066435335435016896,-21922.429486353707034141,12959.580653949828047189
742270.300699440645985305,-13442.105613010273373220,-22328.544797691098210635,8087.381502097687189234
743867.870041186222806573,-9926.757722205098616541,-21692.779372019122092752,2309.761588275382564461
745307.230282414355315268,-6139.284255242891958915,-19750.786562699835485546,-3030.360212002468870196
746303.298474754905328155,-3194.074869866231892956,-17391.015570916733850027,-6584.850502087820132147
746658.791096740053035319,-2092.575305447025584726,-16309.434447683099278947,-7774.096782474870451551
747014.283718725200742483,-973.724087920247484362,-15091.471030851893374347,-8898.048601500242511975
748010.351911065750755370,2172.825581171322482987,-10929.519034947052205098,-11540.203387012048551696
749449.712152293883264065,6241.115708270230243215,-3212.489115362191114400,-13311.156162177485384746
751047.281494039460085332,9042.731087081465375377,6122.869969849068183976,-11698.336785276062073535
752486.641735267592594028,9711.617659541869215900,13413.716189029410088551,-7747.909044886381707329
753482.709927608142606914,9371.074103023143834434,17433.908342786060529761,-4313.370702054147841409
753838.202549593290314078,9132.424460599175290554,18664.729804690119635779,-3023.878334539615480026
754193.695171578554436564,8844.020132045041464153,19794.029671018692170037,-1717.789273796227462299
755189.763363919104449451,7822.638159965193153766,22457.490120256545196753,1966.747346416223990673
756629.123605147236958146,5961.277008446921172435,25176.434478306284290738,7177.658633974555414170
758226.692946892813779414,3595.432460775853996893,26940.171347863531991607,12608.971540182095850469
759666.053188120946288109,1338.926152394517885114,27643.877286903822096065,17100.000660699948639376
760662.121380461496300995,-246.253693524466825693,27732.616017912601819262,19969.199284628866735147
761017.614002446644008160,-812.276885935703489849,27695.625828351025120355,20945.332527794042107416
761373.106624431791715324,-1377.328802329250720504,27625.334139540278556524,21896.287720394844654948
762369.174816772341728210,-2950.449511092072498286,27264.247706076977920020,24427.267809776865760796
763808.535058000474236906,-5180.046534261036867974,26364.263412850337772397,27740.979077014526410494
765406.104399746051058173,-7567.557671759826916968,24924.062170818790036719,30953.746193722876341781
766845.464640974183566868,-9620.064780117822010652,23295.406298501762648812,33440.607684418413555250
767841.532833314733579755,-10977.950676115968235536,22011.981917413810151629,34940.775542058116116095
768197.025455299881286919,-11449.295991448083441355,21526.215822962698439369,35433.143588023747724947
768552.518077285028994083,-11913.394218892883145600,21026.821458704234828474,35903.079880151315592229
769548.586269625579006970,-13173.868324583107096259,19559.671972335170721635,37101.350322002028406132
770987.946510853711515665,-14886.228692610297002830,17281.393122181951184757,38528.338947460935742129
772585.515852599288336933,-16626.125079576610005461,14567.444820948443521047,39697.183331490472482983
774024.876093827420845628,-18039.646679275469068671,11985.747563082728447625,40381.315252033826254774
775020.944286167970858514,-18927.699979390268708812,10137.404614023691465263,40651.658606935976422392
775376.436908153118565679,-19226.142331722894596169,9467.336550645815805183,40708.059295082020980772
775731.929530138266272843,-19514.638498639433237258,8792.370672776760329725,40743.399246066968771629
776727.997722478816285729,-20268.832597421875107102,6878.088999605424760375,40730.284251098702952731
778167.357963706948794425,-21212.426915849271608749,4064.575979949571774341,40419.071855209076602478
779764.927305452525615692,-22046.059050524483609479,902.081016971691497019,39667.328339320687518921
781204.287546680658124387,-22592.107180373448500177,-1956.438517619786580326,38620.522698366650729440
782200.355739021208137274,-22849.166735711049113888,-3925.598819115028163651,37688.530605546700826380
782555.848361006355844438,-22915.913390463421819732,-4624.535502973428265250,37314.358452354739711154
782911.340982991619966924,-22969.139546200742188375,-5320.742669435758216423,36918.169865962401672732
783907.409175332169979811,-23044.141453160238597775,-7252.950380234830845438,35689.859823002945631742
785346.769416560302488506,-22949.659067022825183813,-9978.497625390256871469,33602.610436452487192582
786944.338758305879309773,-22541.759052167974004988,-12869.883228091865021270,30843.607057029988936847
788383.698999534011818469,-21875.069457619338209042,-15304.691377695728078834,27948.022603845412959345
789379.767191874561831355,-21232.214072439717710949,-16864.729079761273169424,25710.854526094637549249
789735.259813859709538519,-20964.406308017991250381,-17391.784325283279031282,24865.404588304983917624
790090.752435844857245684,-20675.548062504232802894,-17901.371359376011241693,23994.988266317308443831
791086.820628185407258570,-19749.045539360231487080,-19225.049328273747960338,21422.099792403569153976
792526.180869413539767265,-18081.556894898290920537,-20811.059742674773588078,17352.442574279783002567
794123.750211159116588533,-15721.879462518827494932,-21977.786406659572094213,12352.575001543507823953
795563.110452387249097228,-13075.639131940888546524,-22299.859840555851405952,7440.344213818118078052
796559.178644727799110115,-10923.432417523603362497,-21982.946079112709412584,3852.978235737192790111
796914.671266712946817279,-10087.891335341482772492,-21738.788372431456082268,2545.602520631678089558
797270.163888698094524443,-9216.065526150207006140,-21416.351948648873076309,1229.130113710012665251
798266.232081038644537330,-6580.046002553949620051,-20038.484138331765279872,-2467.404898309715463256
799705.592322266777046025,-2313.435164399748828146,-16539.104902712708280887,-7556.268036884728644509
801303.161664012353867292,2706.991959493305330398,-10101.159942782247526338,-11908.955098613218069659
802742.521905240486375988,6644.305034698467352428,-2212.537676088481020997,-13320.743083918476258987
803738.590097581036388874,8506.860989897031686269,3665.358079456177620159,-12475.420487158065952826
804094.082719566184096038,8958.361267801454232540,5701.955754642962347134,-11839.203012771360590705
804449.575341551448218524,9297.986590288450315711,7667.626702465916423535,-11054.858160572866836446
805445.643533891998231411,9703.973658478378638392,12672.439318493701648549,-8245.470126415841150447
806885.003775120130740106,9171.165678112762179808,18403.984874148529343074,-3261.465976103778302786
808482.573116865707561374,7595.627063739600998815,22822.289767132118868176,2642.838048315094965801
809921.933358093840070069,5684.749188908066571457,25383.375108475251181517,7831.427191146511177067
810918.001550434390082955,4212.381085209428420058,26525.862468268685915973,11243.522036008478607982
811273.494172419537790120,3668.404079897838528268,26826.935252295523241628,12418.812807136730043567
811628.986794404685497284,3117.421476503922804113,27076.867460486486379523,13570.447963193364557810
812625.054986745235510170,1547.883207950310634260,27527.903304574847425101,16667.043055719528638292
814064.415227973368018866,-748.342644940619493354,27615.063739516052010003,20793.542660944847739302
815661.984569718944840133,-3279.458456346985258278,27067.411399691274709767,24888.273108261091692839
817101.344810947077348828,-5505.234579216081328923,26100.035527567913959501,28146.512302757135330467
818097.413003287627361715,-7001.362669890620963997,25209.634059521606104681,30167.317212234022008488
818452.905625272775068879,-7525.102910001007330720,24852.917271359798178310,30842.984799383368226700
818808.398247257922776043,-8043.061272998977074167,24477.097319505261111772,31494.947081016296579037
819804.466439598472788930,-9461.641330490330801695,23329.005546596126805525,33196.771193682929151691
821243.826680826605297625,-11419.189524703857387067,21448.121316536973608891,35336.051842172390024643
822841.396022572182118893,-13451.630757634473411599,19098.546681055275257677,37277.445339877129299566
824280.756263800314627588,-15145.608275706978020025,16784.545719011064647930,38644.732924601768900175
825276.824456140864640474,-16236.828735565119131934,15090.925137459182224120,39382.375984069753030781
825632.317078126012347639,-16609.583296375756617635,14470.347700680209527491,39604.703734426322625950
825987.809700111160054803,-16973.349494675905589247,13841.938879722292767838,39805.597334589416277595
826983.877892451710067689,-17943.633900379001715919,12042.816464376035582973,40254.756030431999533903
828423.238133679842576385,-19213.535780308797257021,9356.887772596825016080,40609.049537269624124747
830020.807475425419397652,-20430.324514089817967033,6283.066388888849360228,40595.814147482335101813
831460.167716653551906347,-21342.617580309746699641,3456.072341380058787763,40217.561249019410752226
832456.235908994101919234,-21866.178575586949591525,1480.765586163811803999,39751.649991430764202960
832811.728530979249626398,-22030.851029006236785790,773.847990064784085007,39544.727866562243434601
833167.221152964513748884,-22183.565464320632599993,66.510894740978983464,39316.340444635061430745
834163.289345305063761771,-22546.141274668389087310,-1914.339272856468824102,38561.525375122277182527
835602.649586533196270466,-22892.534905413922388107,-4759.270909118647068681,37168.802088940588873811
837200.218928278773091733,-23014.643132864439394325,-7860.828735913304626592,35198.075902334894635715
838639.579169506905600429,-22869.078551343594881473,-10568.615013925176754128,33031.130318531431839801
839635.647361847455613315,-22615.340241827132558683,-12373.446842471228592331,31309.352578678914142074
839991.139983832603320479,-22492.741737035226833541,-13000.626090378935259650,30650.092474116616358515
840346.632605817751027644,-22352.675365301271085627,-13617.706457829510327429,29967.029382175613136496
841342.700798158301040530,-21863.628148506020806963,-15285.990371621757731191,27924.959611742709967075
842782.061039386433549225,-20888.722573755345365498,-17504.922976010559068527,24634.506404297080734977
844379.630381132010370493,-19396.922071430897631217,-19620.358432055538287386,20501.962639911704172846
845818.990622360142879188,-17637.776822152831300627,-21106.451599577183515066,16339.885164016450289637
846815.058814700692892075,-16162.973643688845186261,-21830.706399734590377193,13218.356210372490750160
847170.551436685840599239,-15581.472062056325739832,-22016.520211520466546062,12057.902622659636108438
847526.044058670988306403,-14969.535161459807568463,-22159.306767818907246692,10873.908505608918858343
848522.112251011538319290,-13085.074288013611294446,-22300.024196458871301729,7438.623674284241133137
849961.472492239670827985,-9888.724483287423936417,-21670.985941448907396989,2223.688290386692642642
851559.041833985247649252,-5651.067488081669580424,-19410.382562770151707809,-3684.125289232647446624
852998.402075213380157948,-1286.050688641734268458,-15445.678412420007589390,-8615.531621849684597692
853994.470267553930170834,1860.420367536715730239,-11399.966945183838106459,-11332.355307753898159717
854349.962889539077877998,2956.608221062705524673,-9694.286373877908772556,-12069.863279251470885356
854705.455511524225585163,4014.680625067573600973,-7864.446013533743098378,-12652.263684122786798980
855701.523703864775598049,6632.734188758097843674,-2242.388177254993934184,-13321.028316944370089914
857140.883945092908106744,9046.835323252822490758,6158.307056114670558600,-11667.666157707086313167
858738.453286838484928012,9680.213244728507561376,14123.017021880845277337,-7168.815094561963633168
860177.813528066617436707,8903.691239547839359147,19440.900689911231893348,-2041.596140891122558969
861173.881720407167449594,7899.570018567139413790,22158.624183883075602353,1653.682254773882505106
861529.374342392315156758,7477.866052904372736521,22961.145897065656754421,2966.478491036423292826
861884.866964377579279244,7029.961808295093760535,23683.330815529850951862,4268.958081195119120821
862880.935156718129292130,5665.181492328883905429,25317.283808531476097414,7837.825842996142455377
864320.295397946261800826,3503.830264320301012049,26807.944370064498798456,12715.550778463782990002
865917.864739691838622093,977.053105150887859054,27492.628260703259002184,17671.291254275314713595
867357.224980919971130788,-1328.741708671548622078,27415.115709035733743804,21697.962527883126313100
868353.293173260521143675,-2912.405996637884982192,27044.603717787063942524,24239.639717306767124683
868708.785795245668850839,-3472.411077555195788591,26857.226651822555140825,25098.635307577926141676
869064.278417230816558003,-4028.944519009778105101,26642.968818728091719095,25932.514582156378310174
870060.346609571366570890,-5566.487821309013270366,25909.565119819308165461,28136.441338441662082914
871499.706850799499079585,-7719.490242210255019017,24541.319806375540792942,30981.717578245144977700
873097.276192545075900853,-9994.611915347017202294,22660.510674040207959479,33681.403626192804949824
874536.636433773208409548,-11925.989684896219841903,20693.345776002046477515,35711.697423860343405977
875532.704626113758422434,-13190.523431607800375787,19203.397032281623978633,36898.441801482746086549
875888.197248098906129599,-13626.799931400502828183,18648.912801845868671080,37279.341027374321129173
876243.689870084053836763,-14054.938822596723184688,18083.290223217038146686,37637.975201847963035107
877239.758062424603849649,-15210.032053557279141387,16443.222883663001994137,38525.055663943428953644
878679.118303652736358345,-16758.376557265306473710,13945.851661416183560505,39503.159425562269461807
880276.687645398313179612,-18300.135640918873832561,11028.114371771818696288,40172.927832909677817952
881716.047886626445688307,-19520.300053904276865069,8296.260075315807625884,40404.645126405826886185
882712.116078966995701194,-20265.921714026502741035,6362.076529013982508332,40359.361830050474964082
883067.608700952143408358,-20511.747039203532040119,5664.938163226551296248,40302.471892233239486814
883423.101322937407530844,-20746.658372044883435592,4964.785740696625907731,40224.136371793785656337
884419.169515277957543731,-21345.375238470594922546,2990.065789672285063716,39890.214332864197785966
885858.529756506090052426,-22049.509566740020090947,116.317707775053349906,39108.386317895536194555
887456.099098251666873693,-22594.726771057998121250,-3073.205109584002912015,37822.404055428203719202
888895.459339479799382389,-22857.833566847853944637,-5916.605664031656488078,36281.350974897017295007
889891.527531820349395275,-22904.620375445858371677,-7850.840442864049691707,34999.055034248900483362
890247.020153805497102439,-22893.188165782143187243,-8532.014010216153110377,34498.072350961425399873
890602.512775790644809604,-22866.490627970822970383,-9207.496797906360370689,33974.085538429557345808
891598.580968131194822490,-22707.688777243314689258,-11064.782231581175437896,32382.194362587852083379
893037.941209359327331185,-22246.937984799471450970,-13632.655470177413008059,29754.330611880464857677
894635.510551104904152453,-21386.722337843013519887,-16266.357231129779393086,26372.933479596395045519
896074.870792333036661148,-20263.313466711912042229,-18374.715481672021269333,22896.439266784211213235
897070.938984673586674035,-19272.267416335605958011,-19642.722865288735192735,20247.324010548232763540
897426.431606658734381199,-18873.065466770956845721,-20049.976373932004207745,19253.291921830288629280
897781.924228643882088363,-18448.796888553784810938,-20430.590696981544169830,18233.691855514822236728
898777.992420984432101250,-17119.991102646494255168,-21337.802445379802520620,15241.364866182804689743
900217.352662212564609945,-14805.127163713041227311,-22145.294796052807214437,10574.055080461654142709
901814.922003958141431212,-11625.374630306727340212,-22112.090023003522219369,4969.216865996254455240
903254.282245186273939908,-8152.781375386384752346,-20918.211572018517472316,-334.732772325244695821
904250.350437526823952794,-5404.109377381364538451,-19222.980207194006652571,-4003.409580715024276287
904605.843059511971659958,-4359.728642754387692548,-18408.938498747767880559,-5277.397759030671295477
904961.335681497119367123,-3286.471116015173265623,-17472.528240075538633391,-6516.110769448997416475
905957.403873837669380009,-171.533201377636942198,-14140.414652313640544889,-9677.485112643853426562
907396.764115065801888704,4255.387863154584010772,-7422.264404402703803498,-12770.297709426004075794
908994.333456811378709972,8003.154428310790535761,1787.961549203031609068,-12900.300071056250089896
910433.693698039511218667,9546.927491338856270886,9797.268128005956896232,-9976.194290688452383620
911429.761890380061231554,9647.343158108951683971,14448.523215362773044035,-6868.710977409407860250
911785.254512365208938718,9531.288002962841346744,15898.192613103519761353,-5639.362934511045750696
912140.747134350473061204,9349.167205779349387740,17237.872037378059758339,-4370.765471803612854274
913136.815326691023074090,8551.918985994008835405,20434.706939339161181124,-701.663629364003099909
914576.175567919155582786,6873.636771812191909703,23771.727930929639114765,4625.776086038188623206
916173.744909664732404053,4591.318872725622895814,26040.491361207252339227,10267.658107956352978363
917613.105150892864912748,2348.432317196308758867,27075.734722214692737907,14968.398231084174767602
918609.173343233414925635,752.049066692275346213,27341.962700861924531637,17981.723325176812068094
918964.665965218562632799,179.153027118524505568,27359.832566100660187658,19008.250306481419102056
919320.158587203710339963,-393.993867169467534950,27340.420853059775254223,20008.884737235202919692
920316.226779544260352850,-1995.086694545346290397,27102.902498004921653774,22674.687737945459957700
921755.587020772392861545,-4274.865144257046267739,26339.901496268183109351,26170.404447805216477718
923353.156362517969682813,-6725.884192585897835670,25006.620152963896543952,29566.317906790529377759
924792.516603746102191508,-8838.885591520480375038,23442.944841864245972829,32201.254251371155987727
925788.584796086652204394,-10239.190814328627311625,22190.610938786165206693,33794.810292088979622349
926144.077418071799911559,-10725.658257521581617766,21713.582300494366791099,34318.766714518460503314
926499.570040056947618723,-11204.836333178018321632,21221.793238670212303987,34819.395248336069926154
927495.638232397497631609,-12507.188033544205609360,19770.437839224723575171,36098.998932213056832552
928934.998473625630140305,-14278.552693903242470697,17502.550763461702445056,37631.832227227925613988
930532.567815371206961572,-16081.003715103697686573,14786.198339544353075325,38902.871209246062790044
931971.928056599339470267,-17547.593866230741696199,12192.468743753150192788,39666.131821447757829446
932967.996248939889483154,-18470.288508175937749911,10331.452631573210965144,39984.424544938228791580
933323.488870925037190318,-18780.651394749467726797,9656.137107927563192789,40056.636571717775950674
933678.981492910301312804,-19080.826248796583968215,8975.583190393550466979,40107.117348823237989563
934675.049685250851325691,-19866.410361122558242641,7044.033375312424141157,40132.925929375305713620
936114.409926478983834386,-20851.711948161588225048,4202.188172461394970014,39869.129930067312670872
937711.979268224560655653,-21726.229179378959088353,1005.096683854646926193,39158.311284570867428556
939151.339509452693164349,-22303.890797205240232870,-1885.985085250181782612,38138.295926781822345220
940147.407701793243177235,-22579.745117024540377315,-3877.742002548920936533,37219.457686963069136254
940502.900323778390884399,-22652.562165467261365848,-4584.657376867518905783,36848.940360848835553043
940858.392945763538591564,-22711.514270570020016748,-5288.765576080438222561,36455.868084430490853265
941854.461138104088604450,-22800.673674019966711057,-7242.519151615018927259,35233.465955139719881117
943293.821379332221113145,-22721.501281049509998411,-9996.855764773950795643,33147.593985455372603610
944891.390721077797934413,-22322.939712199055065867,-12915.176001685449591605,30380.627313580323971109
946330.750962305930443108,-21657.155809670071903383,-15367.652316580943079316,27469.821369617133314023
947326.819154646480455995,-21010.407737228651967598,-16934.994691373245586874,25217.992846167144307401
947682.311776631628163159,-20740.261820326930319425,-17463.475928353102062829,24366.555709914176986786
948037.804398616775870323,-20448.547832841511990409,-17973.791398252265935298,23489.780675567493744893
949033.872590957325883210,-19511.184612236334942281,-19295.331364726105675800,20897.269535444727807771
950473.232832185458391905,-17820.118093774526641937,-20865.038613953689491609,16795.554941942755249329
952070.802173931035213172,-15422.587463273916000617,-21989.412009237876191037,11758.160051125021709595
953510.162415159167721868,-12731.490221081547133508,-22243.314749873054097407,6816.166549754389961890
954506.230607499717734754,-10542.973841924489533994,-21857.133136412485328037,3215.827324339483766380
954861.723229484865441918,-9693.730713710821873974,-21582.993220199303323170,1906.539547918635207679
955217.215851470013149083,-8807.997009016677111504,-21227.511688735230563907,590.140863997752830983
956213.284043810563161969,-6133.601193554387464246,-19739.408250223950744839,-3091.563840844501100946
957652.644285038695670664,-1826.083248831426317338,-16034.290294669512149994,-8097.028790368794034293
959250.213626784272491932,3171.607368289457554056,-9344.322016087773590698,-12214.425708483095149859
960689.573868012405000627,6977.993143161113039241,-1331.684747173093455785,-13287.806769091039313935
961685.642060352955013514,8703.662888453902269248,4516.652262289941972995,-12207.793035843880716129
962041.134682338102720678,9104.479362597263389034,6521.845267286511443672,-11499.619774543230960262
962396.627304323366843164,9394.682500385380990338,8448.085050777572178049,-10651.462126085036288714
963392.695496663916856050,9675.444948521999322111,13316.063517828315525549,-7706.823093099021207308
964832.055737892049364746,9003.083422998923197156,18829.309372804789745715,-2619.122901935065783618
966429.625079637626186013,7319.331966850068056374,23018.299261253807344474,3322.141927762953855563
967868.985320865758694708,5338.967859124976712337,25391.905803184592514299,8504.742570822858397150
968865.053513206308707595,3829.323767024204244080,26414.017637336062762188,11898.800578680238686502
969220.546135191456414759,3273.767337558936560526,26673.727816147275007097,13065.504618082915840205
969576.038757176604121923,2712.016034414849855239,26883.062680586808710359,14207.551283361910464009
970572.106949517154134810,1116.232154471575086063,27224.073123175054206513,17272.443588032430852763
972011.467190745286643505,-1208.923625601968524279,27160.721420256981218699,21342.052322819836263079
973609.036532490863464773,-3761.323042139100380155,26455.958426519668137189,25360.234339884435030399
975048.396773718995973468,-5997.466361982185844681,25354.844928082373371581,28538.536485537653788924
976044.464966059545986354,-7496.137869872645751457,24375.896245138912490802,30498.250441423399024643
976399.957588044693693519,-8019.887743998014229874,23988.344102688948623836,31150.997919821355026215
976755.450210029841400683,-8537.386597547509154538,23582.087574835954001173,31779.458186783544078935
977751.518402370391413569,-9952.187177428560971748,22350.828703351773583563,33412.351873355713905767
979190.878643598523922265,-11897.769190516133676283,20355.292364406373962993,35444.052239640615880489
980788.447985344100743532,-13907.784480946262192447,17886.319699013285571709,37255.000655940697470214
982227.808226572233252227,-15573.054195372053072788,15472.213121688882893068,38494.710275580277084373
983223.876418912783265114,-16639.500502461094583850,13713.746621003920154180,39138.393752391421003267
983579.369040897930972278,-17002.409083789883879945,13070.952365826557070250,39326.046811238760710694
983934.861662883195094764,-17355.789233753665030235,12420.832342305546262651,39491.659033925294352230
984930.929855223745107651,-18294.025947760823328281,10563.679015973382774973,39838.691139566290075891
986370.290096451877616346,-19509.609624933742452413,7801.721963007414160529,40036.705576786800520495
987967.859438197454437613,-20654.242217585720936768,4655.620061225718018250,39837.540705364903260488
989407.219679425586946309,-21489.887636721698072506,1775.984858662488932168,39280.035681026478414424
990403.287871766136959195,-21953.382135619955079164,-227.847699079558424273,38683.283940643465030007
990758.780493751284666359,-22095.136121001793071628,-943.221593946906295969,38428.277923197842028458
991114.273115736432373524,-22224.121019382193480851,-1658.049703839295489161,38151.062659465307660867
992110.341308076982386410,-22515.701350532119249692,-3654.400789771058043698,37255.395295471411373001
993549.701549305114895105,-22746.882054772180708824,-6505.744712789577533840,35648.281900479501928203
995147.270891050691716373,-22721.575970963298459537,-9588.148575281034936779,33423.926712921253056265
996586.631132278824225068,-22423.079882977563102031,-12249.639397609151274082,31013.784939429413498146
997582.699324619374237955,-22050.818582085637899581,-14002.803573455228615785,29115.394335467124619754
997938.191946604521945119,-21883.161357619010232156,-14607.052135475467366632,28391.455901360815914813
998293.684568589669652283,-21696.497226349936681800,-15198.610219445290567819,27642.857876882801065221
999289.752760930219665170,-21068.172699756669317139,-16780.155770819215831580,25412.710837081460340414
1000729.113002158352173865,-19866.871841168896935415,-18826.781848800939769717,21839.812983671828988008
1002326.682343903928995132,-18083.419136207081464818,-20666.660640100366435945,17382.982375043029605877
1003766.042585132061503828,-16018.925398006282193819,-21800.919073711196688237,12927.798789412501719198
1004762.110777472611516714,-14306.268704532609262969,-22204.337281836389593082,9611.982566285096254433
1005117.603399457759223878,-13634.367377253289305372,-22256.677818419007962802,8386.040956957871458144
1005473.096021442906931043,-12929.134816712870815536,-22254.572710982531134505,7139.620213131418495323
1006469.164213783456943929,-10768.651101941744855139,-21919.413323906865116442,3553.650647245620803005
1007908.524455011589452624,-7146.869644847214658512,-20375.526936583155475091,-1763.306779093252316670
1009506.093796757166273892,-2472.289042444043843716,-16696.002460691150190542,-7432.787204771466349484
1010945.454037985298782587,2051.476808164016802039,-11118.176617811792311841,-11492.490305614526732825
1011941.522230325848795474,4986.844685154625040013,-5993.645881121105048805,-13061.653370696021738695
1012297.014852310996502638,5918.469804599148119451,-3978.204182190079791326,-13284.360734694515485899
1012652.507474296260625124,6763.413153924586367793,-1904.600248534918137011,-13312.465259952739870641
1013648.575666636810638011,8574.392768240048098960,3956.429740892060181068,-12370.097362169843108859
1015087.935907864943146706,9656.756987415708863409,11624.248857164026048849,-8859.462831754146463936
1016685.505249610519967973,9156.767193217578096665,18132.858056274631962879,-3368.892913136901370308
1018124.865490838652476668,7755.519278555011624121,22197.285274460846267175,1986.732036011788295582
1019120.933683179202489555,6476.756459959241510660,24172.754014077207102673,5647.295272953742824029
1019476.426305164350196719,5979.706904824256525899,24735.539911527270305669,6925.008522010000888258
1019831.918927149497903883,5466.207460379817348439,25230.376969308053958230,8183.736766089321463369
1020827.987119490047916770,3960.493114498934119183,26287.545703785912337480,11595.934161279747058870
1022267.347360718180425465,1678.194474496226575866,27077.207858538800792303,16192.779848407612007577
1023864.916702463757246733,-906.788789872813595139,27125.339825811897753738,20800.327969530790142016
1025304.276943691889755428,-3219.538769102323840343,26570.198344589163752971,24499.252385223582678009
1026300.345136032439768314,-4789.704364672365045408,25910.942161009243136505,26810.669512971151561942
1026655.837758017587475479,-5341.901750392293251934,25627.595336562491866061,27587.101579485799447866
1027011.330380002735182643,-5889.209706997397006489,25320.776369558931037318,28338.270127949483139673
1028007.398572343285195529,-7394.009864380637736758,24344.740750443706929218,30309.832279448179178871
1029446.758813571417704225,-9483.913000914952135645,22664.309170800304855220,32818.038274286576779559
1031044.328155316994525492,-11670.166108219131274382,20482.237006003131682519,35141.664514314790721983
1032483.688396545127034187,-13506.342248216486041201,18278.636418181689805351,36830.678414751062518917
1033479.756588885677047074,-14697.097732645757787395,16642.437134194104146445,37779.370274557135417126
1033835.249210870824754238,-15105.513440104270557640,16038.988271625319612212,38074.856808878503215965
1034190.741832855972461402,-15504.991441467127515352,15426.048243143890431384,38347.812677721136424225
1035186.810025196522474289,-16575.515478930741664954,13661.950579009091597982,38993.261519782172399573
1036626.170266424654982984,-17990.431981791545695160,11006.923228884768832359,39617.452364784563542344
1038223.739608170231804252,-19368.030151208924507955,7943.344895992894635128,39886.456289443638524972
1039663.099849398364312947,-20424.936017436386464396,5106.421470278789456643,39748.494173449151276145
1040659.168041738914325833,-21048.448738713661441579,3114.562527065721042163,39441.863075724555528723
1041014.660663724062032998,-21248.782582393290795153,2399.920047147403693089,39290.500055626718676649
1041370.153285709326155484,-21437.159143862434575567,1683.927476744403520570,39117.026007180924352724
1042366.221478049876168370,-21899.706524687411729246,-326.025760752407450127,38512.799665909638861194
1043805.581719278008677065,-22390.930353476174786920,-3225.344736379794085224,37329.840399202221306041
1045403.151061023585498333,-22674.930012161396007286,-6404.182916471309908957,35582.412897753492870834
1046842.511302251718007028,-22677.101856567176582757,-9197.307008998919627629,33609.358442841650685295
1047838.579494592268019915,-22527.192751566253718920,-11070.524603117390142870,32018.319015631808724720
1048194.072116577415727079,-22442.057730895423446782,-11724.093177659224238596,31405.115637696173507720
1048549.564738562563434243,-22339.703012221470999066,-12368.663578562720431364,30767.814933923011267325
1049545.632930903229862452,-21957.846761492506630020,-14120.222795156609208789,28852.509016753159812652
1050984.993172131245955825,-21142.801381825913267676,-16477.906350612323876703,25741.784451921856089029
1052582.562513876706361771,-19837.687671388797753025,-18778.920180236196756596,21804.116566793087258702
1054021.922755104955285788,-18257.983490043920028256,-20469.968873902940686094,17812.349325009312451584
1055017.990947445388883352,-16915.245617305412451969,-21364.058794313285034150,14803.903604798601008952
1055373.483569430653005838,-16382.663722634848454618,-21617.372877128218533471,13682.347660189325324609
1055728.976191415917128325,-15820.646470068659255048,-21831.828116917058650870,12536.217401353615059634
1056725.044383756350725889,-14081.555340219532808987,-22199.123486556614807341,9199.388127755370078376
1058164.404624984599649906,-11108.539168419656562037,-21983.629378953577543143,4091.961393808977845765
1059761.973966730060055852,-7122.669756974344636546,-20349.142195233664097032,-1803.017891000813506253
1061201.334207958308979869,-2933.700631665315086138,-17137.913235649688431295,-6941.126898071775940480
1062197.402400298742577434,188.311025642493859777,-13688.765836472206501639,-10022.942224956248537637
1062552.895022284006699920,1310.178159906404744106,-12191.831521839756533154,-10948.002342945723285084
1062908.387644269270822406,2417.017680455490335589,-10557.095426169576967368,-11748.871366045377726550
1063904.455836609704419971,5305.397171118394908262,-5333.556344334012464969,-13160.519579748859541724
1065343.816077837953343987,8356.792443047925189603,3074.350210326530941529,-12604.885317541013137088
1066941.385419583413749933,9654.282628611557811382,11642.175467440465581603,-8831.997390112484936253
1068380.745660811662673950,9249.483592924811091507,17584.625609915248787729,-3906.627872679407118994
1069376.813853152096271515,8394.105474947595212143,20668.773159896016295534,-208.721679669857167028
1069732.306475137360394001,8009.535128658120811451,21585.694310350674641086,1121.120878069363016039
1070087.799097122391685843,7591.969905361213932338,22413.823668108489073347,2446.435576843312446726
1071083.867289462825283408,6282.942766136648060638,24302.567998127509781625,6100.088747578290167439
1072523.227530691074207425,4148.502648476232934627,26067.494554918030189583,11126.187617196155770216
1074120.796872436534613371,1607.604598138746951008,26956.512495094873884227,16250.798920965535216965
1075560.157113664783537388,-732.385546832093950798,26996.878654645985079696,20418.798671352797100553
1076556.225306005217134953,-2346.162190782727066107,26680.125740530380426208,23049.143168452264944790
1076911.717927990481257439,-2917.686266438397069578,26507.378710652883455623,23937.779221684777439805
1077267.210549975745379925,-3486.020431416158317006,26305.610740656167763518,24800.212763595096475910
1078263.278742316178977489,-5057.593329519267172145,25596.985762989839713555,27078.281539963612885913
1079702.638983544427901506,-7260.465804470812145155,24242.233272682853566948,30015.365380537463352084
1081300.208325289888307452,-9589.208722578987362795,22352.459136172019498190,32796.079182926383509766
1082739.568566518137231469,-11565.435431503459767555,20361.054331926527083851,34881.196723965920682531
1083735.636758858570829034,-12858.386338450847688364,18847.510000657432101434,36096.146339645711123012
1084091.129380843834951520,-13304.208827555301468237,18283.502791580041957786,36485.232125059097597841
1084446.622002829099074006,-13741.558367575953525375,17707.849631782370124711,36851.078845283307600766
1085442.690195169532671571,-14920.566911868721945211,16037.326907070473680506,37753.255174312776944134
1086882.050436397781595588,-16498.126185097822599346,13491.210974489405998611,38740.152320169312588405
1088479.619778143242001534,-18064.145728890260215849,10515.330868652361459681,39402.171167859713023063
1089918.980019371490925550,-19298.076103023588075303,7729.749995761868376576,39611.545172389989602380
1090915.048211711924523115,-20048.362481488446064759,5758.733468572887431947,39542.433804938380490057
1091270.540833697188645601,-20294.836760617588879541,5048.666077017723182507,39475.399392017621721607
1091626.033455682219937444,-20529.844823201681720093,4335.746475996123990626,39386.060752738761948422
1092622.101648022653535008,-21125.791573049093130976,2326.376295133813528082,39016.753069917380344123
1094061.461889250902459025,-21817.549546226109669078,-593.367541371762854396,38171.983841636632860173
1095659.031230996362864971,-22336.427721303178259404,-3825.815002683731108846,36799.858951896705548279
1097098.391472224611788988,-22563.272250399182667024,-6697.741623391088069184,35166.539853724170825444
1098094.459664565045386553,-22577.317677804570848821,-8644.426050387686700560,33812.265867063222685829
1098449.952286550309509039,-22552.576788555990788154,-9328.334563463520680671,33283.987554724066285416
1098805.444908535573631525,-22511.677841963435639627,-10005.557876074095474905,32731.861970087385998340
1099801.513100876007229090,-22308.103769611956522567,-11861.852332870428654132,31056.658575597626622766
1101240.873342104256153107,-21768.616178975389630068,-14410.206578087025263812,28296.942476691994670546
1102838.442683849716559052,-20799.095162762645486509,-16990.229775165003957227,24754.068759984314965550
1104277.802925077965483069,-19554.501812702372262720,-19012.037150566509808414,21120.063777795159694506
1105273.871117418399080634,-18465.276879390828980831,-20192.581761359379015630,18356.893762513100227807
1105629.363739403663203120,-18027.945002538614062360,-20562.026814341312274337,17321.530787890213105129
1105984.856361388927325606,-17563.838036094974086154,-20900.921467185926303500,16260.446931892654902185
1106980.924553729360923171,-16113.894626383345894283,-21667.592311349901137874,13152.386175549092513393
1108420.284794957609847188,-13597.936544701553430059,-22195.623989373645599699,8327.647526155638843193
1110017.854136703070253134,-10160.183185890713502886,-21707.145153833476797445,2592.467062495042227965
1111457.214377931319177151,-6438.424853493675982463,-19920.628229468806239311,-2725.415348893949158082
1112453.282570271752774715,-3532.943673934702474071,-17689.165769958497548942,-6284.009749773258590722
1112808.775192257016897202,-2443.078990430958583602,-16658.206770504893938778,-7481.431473203325367649
1113164.267814242048189044,-1333.690872414043724348,-15493.198922095163652557,-8618.385726976393925725
1114160.336006582481786609,1804.408363794800379765,-11486.068219076889363350,-11329.983857183018699288
1115599.696247810730710626,5934.407542181219469057,-3950.129300181505641376,-13294.817921668975031935
1117197.265589556191116571,8885.989620999027465587,5363.329173018967594544,-11913.980556129998149117
1118636.625830784440040588,9662.560750893253498361,12750.754103606257558567,-8050.221390074135342729
1119632.694023124873638153,9353.898305558101128554,16835.025066677455470199,-4608.458900533314590575
1119988.186645110137760639,9118.826801986087957630,18082.680631405262829503,-3308.040973225333345908
1120343.679267095401883125,8830.527394883210945409,19224.961545017638854915,-1988.182217036265001298
1121339.747459435835480690,7794.465875237750879023,21903.582443737497669645,1743.640397212075868083
1122779.107700664084404707,5885.854579141731846903,24593.029209848045866238,7026.476590573866815248
1124376.677042409544810653,3450.376977726573386462,26266.855995413861819543,12521.048376624612501473
1125816.037283637793734670,1127.410606163812644809,26851.943541578359145205,17044.601412880474526901
1126812.105475978227332234,-502.247481317798474265,26843.369498936579475412,19920.921459059107291978
1127167.598097963491454720,-1083.513000063165236497,26769.259199919448292349,20896.461851392406970263
1127523.090719948755577207,-1663.392650258486355597,26660.762758636104990728,21845.167379848622658756
1128519.158912289189174771,-3275.493474635838538234,26187.659583808308525477,24361.030189235523721436
1129958.519153517438098788,-5553.499048487141408259,25115.859317533333523897,27630.143039870923530543
1131556.088495262898504734,-7981.861198036998757743,23476.193777893073274754,30762.509989937203499721
1132995.448736491147428751,-10058.088046190354361897,21664.036934120595105924,33149.731835438120469917
1133991.516928831581026316,-11424.506000480489092297,20253.266041860613768222,34566.132900454438640736
1134347.009550816845148802,-11897.256875315464640153,19722.194944373601174448,35025.702298200827499386
1134702.502172801876440644,-12361.873706540329294512,19177.637242669276020024,35461.321217981923837215
1135698.570365142310038209,-13618.946489364083390683,17585.035718107661523391,36555.381401833794370759
1137137.930606370558962226,-15313.188087710414038156,15129.725164624140234082,37810.904671465257706586
1138735.499948116019368172,-17013.515556590675259940,12227.957710670527376351,38760.599847883968323004
1140174.860189344268292189,-18372.556029250674328068,9487.708138354617403820,39221.190072906218119897
1141170.928381684701889753,-19211.726659754083812004,7537.079445196133747231,39322.213956225699803326
1141526.421003669966012239,-19490.397261289013840724,6832.202091833652048081,39315.260113472482771613
1141881.913625655230134726,-19757.859388811622920912,6123.395724332870486251,39285.695483178904396482
1142877.981817995663732290,-20446.171120874507323606,4119.890145946356824425,39082.396254836596199311
1144317.342059223912656307,-21275.436340669424680527,1194.027795322416750423,38474.341001991786470171
1145914.911400969373062253,-21953.329727480817382457,-2065.617501125519538618,37361.858910686270974111
1147354.271642197621986270,-22330.264035470841918141,-4981.326977345775048889,35960.957274167609284632
1148350.339834538055583835,-22452.636513785975694191,-6969.852908356585430738,34767.293290732486639172
1148705.832456523319706321,-22467.551803624824970029,-7671.148586276646710758,34296.370434443357225973
1149061.325078508350998163,-22466.872839095634844853,-8367.118348403553682147,33801.642469352773332503
1150057.393270848784595728,-22379.236562620120821521,-10283.620657935320195975,32287.605836684473615605
1151496.753512077033519745,-22016.895951325604983140,-12941.323805594853183720,29762.093692404378089122
1153094.322853822493925691,-21260.074299565625551622,-15679.985886106585894595,26481.447192030122096185
1154533.683095050742849708,-20225.021768088270619046,-17887.475185130693716928,23085.356504015486279968
1155529.751287391176447272,-19292.791353175402036868,-19226.864476928851217963,20486.718448359428293770
1155885.243909376440569758,-18914.179304380806570407,-19660.231014613855222706,19509.753151646094920579
1156240.736531361704692245,-18510.312701930452021770,-20067.337799209057266125,18506.741444577834045049
1157236.804723702138289809,-17237.811965576278453227,-21051.138101579992508050,15558.422781286129975342
1158676.164964930387213826,-15002.744637587904435350,-21977.566992431136895902,10948.295738770877505885
1160273.734306675847619772,-11910.709401217654885841,-22094.774734921436902368,5396.309464870091687771
1161713.094547904096543789,-8516.503266630174039165,-21064.770760511299158679,123.449715360055051860
1162709.162740244530141354,-5819.337329298854456283,-19507.129480155592318624,-3542.333240269675570744
1163064.655362229794263840,-4791.775598936458663957,-18748.144237423119193409,-4821.489457723821033142
1163420.147984215058386326,-3733.878162123854053789,-17870.097760654760350008,-6069.848644404777587624
1164416.216176555491983891,-648.629180173263193865,-14717.141789116001746152,-9290.435588224037928740
1165855.576417783740907907,3803.898300196719901578,-8258.931237614047859097,-12584.499823207694134908
1167453.145759529201313853,7712.773124779874706292,821.734744214587408351,-13055.543531331368285464
1168892.506000757450237870,9439.222768882424134063,8922.156888560266452259,-10360.981762928369789734
1169888.574193097883835435,9629.773275882798770908,13684.346389589336467907,-7318.445125981827004580
1170244.066815083147957921,9536.193627825330622727,15172.558451824483199744,-6096.781249510965608351
1170599.559437068179249763,9371.744589616404482513,16548.232465883047552779,-4829.636380475838450366
1171595.627629408612847328,8601.893598501275846502,19827.356224378101615002,-1140.912584955183319835
1173034.987870636861771345,6921.284784934525305289,23229.622567444897867972,4245.916623612814873923
1174632.557212382322177291,4603.658047649560103309,25505.162729056646639947,9959.619199850512814010
1176071.917453610571101308,2315.831165687571683520,26501.666817004472250119,14712.810909598621947225
1177067.985645951004698873,685.992987053702790945,26722.591209653823170811,17751.896995149887516163
1177423.478267936268821359,101.136715279819441093,26721.347657995713234413,18785.299852608302899171
1177778.970889921532943845,-483.873131292818129623,26681.470273453516711015,19791.552484720759821357
1178775.039082261966541409,-2117.227778400344050169,26380.319477561064559268,22466.295029474895272870
1180214.399323490215465426,-4439.540021045382673037,25512.328810777664330089,25957.082005252490489511
1181811.968665235675871372,-6929.840031944089787430,24049.920519571674958570,29323.031068223597685574
1183251.328906463924795389,-9069.463114597478124779,22362.865965350334590767,31909.373203667051711818
1184247.397098804358392954,-10482.703061345528112724,21022.998513684291538084,33457.577785441586456727
1184602.889720789622515440,-10972.627196832059780718,20514.512367286362859886,33963.060110620775958523
1184958.382342774886637926,-11454.630312638399118441,19991.213528840646176832,34444.020485200591792818
1185954.450535115320235491,-12761.422808138455366134,18451.602935727263684385,35662.200739773499662988
1187393.810776343569159508,-14529.697752701587887714,16057.530766480223974213,37089.992494046004139818
1188991.380118089029565454,-16314.640916828011540929,13205.395566240082189324,38222.128208688831364270
1190430.740359317278489470,-17751.805408984644600423,10495.538996146384306485,38840.224585236595885362
1191426.808551657712087035,-18646.032791188594273990,8558.811796465983206872,39046.931556880459538661
1191782.301173642976209521,-18944.551536774444684852,7857.569338271950982744,39077.105007402366027236
1192137.793795628007501364,-19231.968820740687078796,7151.722269811144542473,39084.377748422441072762
1193133.861987968441098928,-19976.785356248874450102,5153.004927717674945598,38982.858810463934787549
1194573.222229196690022945,-20889.374953397895296803,2225.232333682148691878,38518.594996409694431350
1196170.791570942150428891,-21662.440099280345748411,-1048.473009096021996811,37562.046642661611258518
1197610.151812170399352908,-22128.060858080967591377,-3987.722605596708490339,36299.195432957712910138
1198606.220004510832950473,-22313.775381977433426073,-5998.848307761499199842,35200.126388142190990038
1198961.712626496097072959,-22351.743297932160203345,-6709.524730147273658076,34762.833106494712410495
1199317.205248481361195445,-22374.372233691483415896,-7415.595317999607686943,34301.682872278528520837
1200313.273440821794793010,-22353.525727411051775562,-9364.424897192997377715,32881.539381347749440465
1201752.633682050043717027,-22092.155352315407071728,-12080.362728460457219626,30491.549657306321023498
1203350.203023795504122972,-21454.997229634602263104,-14902.487759870797162876,27361.628483225271338597
1204789.563265023753046989,-20536.371360297503997572,-17206.376028046084684320,24101.792010982691863319
1205785.631457364186644554,-19690.570580555529886624,-18627.323741318381507881,21597.454169095984980231
1206141.124079349450767040,-19344.135259085876896279,-19093.307900354724552017,20654.048256361314997775
1206496.616701334714889526,-18973.204126948607154191,-19535.105960666653118096,19684.490421022059308598
1207492.684893675148487091,-17797.352243303710565669,-20628.625203839557798347,16828.887998609719943488
1208932.045134903397411108,-15714.631638201357418438,-21754.117163555565639399,12346.856159513241436798
1210529.614476648857817054,-12810.802553612458723364,-22170.294549318485223921,6916.239974665370027651
1211968.974717877106741071,-9600.191701376268611057,-21511.509734374270919943,1706.157953492875094526
1212965.042910217540338635,-7029.284348479768596007,-20287.046713679803360719,-1971.086714421076521830
1213320.535532202804461122,-6043.714295694771863054,-19664.469825982916518115,-3272.034389031922728464
1213676.028154187835752964,-5024.534885256652160024,-18932.286642125716753071,-4554.602093643226908171
1214672.096346528269350529,-2016.487990122454903030,-16233.085452387886107317,-7957.881881156254166854
1216111.456587756518274546,2490.419347705520522140,-10456.288058769712733920,-11826.529329172140933224
1217709.025929501978680491,6819.498234488637535833,-1768.356991082579042995,-13312.716500470058235805
1219148.386170730227604508,9100.777036579565901775,6562.655608474378823303,-11429.846430344856344163
1220144.454363070661202073,9621.810895738130056998,11679.552742859763384331,-8716.572435851468981127
1220499.946985055925324559,9625.353448275100163301,13304.965651920269010589,-7568.224872075633356872
1220855.439607041189447045,9546.870668463223410072,14817.240155906805739505,-6355.182993598715256667
1221851.507799381623044610,8964.088423889439582126,18457.949154660433123354,-2738.388876013000299281
1223290.868040609871968627,7445.364739007715797925,22297.420842712432204280,2674.627062275546450110
1224888.437382355332374573,5212.502850509289601177,24940.148745032969600288,8500.222850486898096278
1226327.797623583581298590,2951.809178774919928401,26183.177029194499482401,13380.634994694975830498
1227323.865815924014896154,1324.180314938502760924,26539.008064981662755599,16511.366839598420483526
1227679.358437909279018641,737.780100402584707808,26580.095529370268195635,17577.414312791166594252
1228034.851059894543141127,150.223625975730783466,26579.827874544916994637,18616.124897355264693033
1229030.919252234976738691,-1494.675064770412973303,26376.709659223302878672,21380.279347089239308843
1230470.279493463225662708,-3842.119782566514459177,25622.149237685523985419,24994.872392139259318355
1232067.848835208686068654,-6367.801981712869746843,24255.144117741980153369,28489.493835854198550805
1233507.209076436934992671,-8543.356148568680509925,22632.886653297711745836,31183.676952042231278028
1234503.277268777368590236,-9982.842538116194191389,21328.460354220860608621,32802.175197014017612673
1234858.769890762632712722,-10482.323630742581372033,20831.015507382275245618,33331.921743241226067767
1235214.262512747664004564,-10973.962402905515773455,20317.981982721605163533,33836.726265056800912134
1236210.330705088097602129,-12308.081060133905339171,18803.326029763626138447,35119.552158482889353763
1237649.690946316346526146,-14116.388346089413971640,16436.593241960417799419,36635.444551399246847723
1239247.260288061806932092,-15946.077782914921044721,13604.688120328773948131,37858.649223878994234838
1240686.620529290055856109,-17423.562787053768261103,10905.471815799217438325,38553.366970573275466450
1241682.688721630489453673,-18345.617291927897895221,8972.492153713885272737,38810.380649697435728740
1242038.181343615753576159,-18654.046819628340017516,8271.937328142481419491,38858.009021263249451295
1242393.673965601017698646,-18951.363227487127005588,7566.454348608109285124,38882.486091812286758795
1243389.742157941451296210,-19723.854061758051102515,5567.118935729139593604,38827.900519990558677819
1244829.102399169700220227,-20676.288486640856717713,2634.493356313816093461,38428.404083446832373738
1246426.671740915160626173,-21493.458041624617180787,-649.613668562709335674,37540.015546946458925959
1247866.031982143409550190,-21998.847163246657146374,-3602.462707922461959242,36335.696229282824788243
1248862.100174483843147755,-22212.199801214846957009,-5625.288541349584193085,35275.766786755746579729
1249217.592796469107270241,-22260.072216284588648705,-6340.596554589161314652,34852.202646207231737208
1249573.085418454138562083,-22292.633466009578114608,-7051.541963578494687681,34404.665230675062048249
1250569.153610794572159648,-22299.803940189889544854,-9015.357753033296830836,33022.095125190178805497
1252008.513852022821083665,-22079.599120373721234500,-11756.619761657999333693,30685.127273388789035380
1253606.083193768281489611,-21489.539863784055341966,-14612.619001430699427146,27612.674694376477418700
1255045.443434996530413628,-20615.208294390387891326,-16953.348352138331392780,24403.668619157433568034
1256041.511627336964011192,-19801.459804543912468944,-18404.168926438029302517,21934.045841774390282808
1256397.004249322228133678,-19466.800102492990845349,-18881.847419723588245688,21002.930477652414992917
1256752.496871307492256165,-19107.842463358338136459,-19335.950528047465923009,20045.602254965400788933
1257748.565063647925853729,-17966.712503940361784771,-20467.642485710726759862,17223.850533640797948465
1259187.925304876174777746,-15937.737013372161527514,-21660.330550096761726309,12788.909872571572122979
1260785.494646621635183692,-13099.337131836766275228,-22174.570558497762249317,7404.818020206157598295
1262224.854887849884107709,-9952.574753255777977756,-21635.431565955248515820,2223.940775201152973750
1263220.923080190317705274,-7426.594205299496934458,-20517.935657697667920729,-1448.341541568352567992
1263576.415702175581827760,-6456.460162813765236933,-19939.292019684202386998,-2752.523627697943538806
1263931.908324160845950246,-5451.957036446582606004,-19254.285230080382461892,-4041.891197464045944798
1264927.976516501279547811,-2477.090773175822050689,-16704.116855734981072601,-7489.765887564830336487
1266367.336757729528471828,2028.624638371320997976,-11165.678082167616594234,-11520.600034101365963579
1267964.906099474988877773,6475.668864452343768789,-2652.714847833982275915,-13332.769562578851036960
1269404.266340703237801790,8942.643370685600530123,5719.504284622455088538,-11742.760882058364586555
1270400.334533043671399355,9581.947556922663352452,10947.186874628476289217,-9156.250861598571646027
1270755.827155028935521841,9620.637885195308626862,12618.046520028268787428,-8036.635124673820428143
1271111.319777013966813684,9573.212693094055794063,14176.212827562550955918,-6844.872847461337187269
1272107.387969354400411248,9057.029736018757830607,17939.487255000345612643,-3256.368825991462017555
1273546.748210582649335265,7592.485456300855730660,21924.872750212180108065,2166.809248627189390390
1275144.317552328109741211,5383.099406648986587243,24683.446010623360052705,8034.467207951716773096
1276583.677793556358665228,3125.271216686185198341,25997.558531804123049369,12960.591455403220606968
1277579.745985896792262793,1493.878303769269223267,26388.596150043205852853,16122.811908697192848194
1277935.238607882056385279,905.383044729994480804,26439.994390016479883343,17199.763360062555875629
1278290.731229867320507765,315.427033581427735953,26448.991658641931280727,18249.144033936798223294
1279286.799422207754105330,-1337.440550604884265340,26266.902478010037157219,21041.753627593487181002
1280726.159663436003029346,-3698.426162291742002708,25532.174218181909964187,24693.234027838545443956
1282323.729005181463435292,-6240.254563204738587956,24176.151733923725259956,28222.589687221323401900
1283763.089246409712359309,-8430.281885806216450874,22556.509476178605837049,30942.520551217367028585
1284759.157438750145956874,-9879.389979235587816220,21250.851509039111988386,32575.871480437970603816
1285114.650060735410079360,-10382.191945576409125351,20752.474905227245471906,33110.351141992017801385
1285470.142682720674201846,-10877.083014814365014900,20238.281392969784064917,33619.596760530876053963
1286466.210875061107799411,-12219.908131860156572657,18719.305291145941737341,34913.346493475975876208
1287905.571116289356723428,-14039.591939838654070627,16344.092670456102496246,36441.215097900159889832
1289503.140458034817129374,-15880.003613734821556136,13500.619537831229536096,37672.720451601220702287
1290942.500699263066053391,-17365.241233852255390957,10789.831674357586962287,38370.672955851994629484
1291938.568891603499650955,-18291.519216015385609353,8848.552024863671249477,38627.682409816203289665
1292294.061513588763773441,-18601.219370310096564936,8145.020587276510013908,38674.878925865908968262
1292649.554135573795065284,-18899.678521251691563521,7436.566818309440350276,38698.701877487663296051
1293645.622327914228662848,-19674.672107779941143235,5429.007984647978446446,38641.120148278983833734
1295084.982569142477586865,-20628.824073750995012233,2485.052915771967491310,38234.345752315632125828
1296682.551910887937992811,-21445.104276356603804743,-810.275647774591107009,37333.944936256222717930
1298121.912152116186916828,-21946.986347594291146379,-3771.401653714142867102,36115.390383112680865452
1299117.980344456620514393,-22156.303303157576010562,-5798.603118605402414687,35043.778748575598001480
1299473.472966441884636879,-22202.400189479718392249,-6515.154386636824710877,34615.691337380761979148
1299828.965588427148759365,-22233.003722224882949376,-7227.157850703569238249,34163.447426187485689297
1300825.033780767582356930,-22233.684514775359275518,-9192.849115239761886187,32766.731297111262392718
1302264.394021995831280947,-22001.327403102797688916,-11933.496072781352268066,30406.910502744583936874
1303861.963363741291686893,-21393.573247493659437168,-14783.042655345678213052,27305.980804794755385956
1305301.323604969540610909,-20499.074602667154977098,-17111.266196642009163043,24068.860559845841635251
1306297.391797309974208474,-19668.773570780860609375,-18548.740082510747015476,21578.701194455497898161
1306652.884419295238330960,-19327.654212531251687324,-19020.556824975301424274,20640.100884665338526247
1307008.377041280502453446,-18961.933859896038484294,-19468.155610834019171307,19675.231639859102870105
1308004.445233620936051011,-17800.174791791589086642,-20577.795204785878013354,16832.234736822214472340
1309443.805474849184975028,-15736.768634035475770361,-21726.549404215318645583,12367.412797203214722686
1311041.374816594645380974,-12853.592330645349647966,-22169.776318475822336040,6955.092808259019875550
1312480.735057822894304991,-9661.592655807928167633,-21538.996511541314248461,1760.647827879322903755
1313476.803250163327902555,-7103.688614557830078411,-20338.069783502178324852,-1907.276669278279769060
1313832.295872148592025042,-6122.706999757526318717,-19725.101298758996563265,-3205.560725267617272038
1314187.788494133623316884,-5108.015110495945918956,-19003.287296923317626351,-4486.017084554040593503
1315183.856686474056914449,-2111.205775109624028119,-16337.578552855515226838,-7887.938117294456787931
1316623.216927702305838466,2389.183899105657928885,-10617.633576669853937346,-11775.193045892257941887
1318220.786269447766244411,6738.701808996094769100,-1975.324330823836135096,-13315.814373268296549213
1319660.146510676015168428,9054.386722541094059125,6360.346713579005154315,-11477.895966120802768273
1320656.214703016448765993,9592.448532476424588822,11496.183287589636165649,-8774.004566759485896910
1321011.707325001712888479,9599.426281891284816083,13128.375696087408869062,-7624.691599997633602470
1321367.199946986977010965,9522.961109108238815679,14646.696810969822763582,-6408.898004386196589621
1322363.268139327410608530,8939.125694748852765770,18298.355249358672153903,-2777.811801729240869463
1323802.628380555659532547,7406.301047199237473251,22135.414003805730317254,2662.810877866943883419
1325400.197722301119938493,5149.006259809064431465,24753.128738034298294224,8516.169743802282027900
1326839.557963529368862510,2864.056514751773192984,25958.965275897440733388,13413.440588982502958970
1327835.626155869802460074,1220.052866705860424190,26283.375415457125200192,16550.344725655828369781
1328191.118777855066582561,628.033247541657033253,26312.394831498215353349,17617.469783403612382244
1328546.611399840330705047,35.008960932589047843,26299.683360430481116055,18656.665475281690305565
1329542.679592180764302611,-1624.265196226582702366,26060.034687754268816207,21419.049259746687312145
1330982.039833409013226628,-3989.577175346458716376,25249.575301922242942965,25023.119923615879088175
1332579.609175154473632574,-6530.442573180436738767,23818.189659109564672690,28495.504139249373110943
1334018.969416382722556591,-8715.062524075026885839,22137.360243952502059983,31160.614943469183344860
1335015.037608723156154156,-10158.103195072890230222,20792.708938533247419400,32754.195037778081314173
1335370.530230708420276642,-10658.295438683106112876,20281.043260194757749559,33274.123812093363085296
1335726.022852693451568484,-11150.346472228369748336,19753.882168269701651298,33768.631655679790128488
1336722.091045033885166049,-12483.998403119607246481,18200.250081529498856980,35020.091677333301049657
1338161.451286262134090066,-14287.279302021152034285,15779.234950550229768851,36484.241132673640095163
1339759.020628007594496012,-16105.093443523890528013,12890.786685957564259297,37641.341076780961884651
1341198.380869235843420029,-17565.899870433560863603,10144.849612660354978289,38268.829426824500842486
1342194.449061576277017593,-18472.917373923624836607,8182.343895630848237488,38475.104401516437064856
1342549.941683561541140079,-18775.260527587415708695,7471.874534167665842688,38503.792474278554436751
1342905.434305546805262566,-19066.102225893711874960,6756.827889283231343143,38508.891942029964411631
1343901.502497887238860130,-19818.326534418818482663,4732.695018286885897396,38397.681228717490739655
1345340.862739115487784147,-20735.676602348896267358,1770.045041376387416676,37910.275190218817442656
1346938.432080860948190093,-21505.265970403957908275,-1537.973331231346946879,36915.835381560093082953
1348377.792322089197114110,-21959.265345667943620356,-4502.237086302409807104,35608.249080384579428937
1349373.860514429630711675,-22131.882596189567266265,-6526.333857872008593404,34472.534618686666362919
1349729.353136414894834161,-22164.121697424328885972,-7240.618494724822994613,34021.063433951523620635
1350084.845758399926126003,-22180.448326955400261795,-7949.703316674307643552,33545.166393818602955434
1351080.913950740359723568,-22138.779654596200998640,-9903.484325500563500100,32080.728239108622801723
1352520.274191968608647585,-21838.570806074745632941,-12615.898291402736504097,29619.261111710038676392
1354117.843533714069053531,-21145.017427679551474284,-15415.541928240400011418,26400.415155580536520574
1355557.203774942317977548,-20162.219385976724879583,-17677.569379544467665255,23052.992438002449489431
1356553.271967282751575112,-19263.793651607880747179,-19054.348276455893937964,20484.866719870813540183
1356908.764589268015697598,-18896.830336215491115581,-19501.001827078922360670,19518.268130788921553176
1357264.257211253279820085,-18504.413465665718831588,-19921.379147637217101874,18525.382135121380997589
1358260.325403593713417649,-17263.058482949669269146,-20942.407012554071116028,15604.330358498942587175
1359699.685644821962341666,-15071.188997756673416006,-21923.719762343484035227,11031.412784425356221618
1361297.254986567422747612,-12026.068428824908551178,-22106.971350323208753252,5518.399527092117750726
1362736.615227795671671629,-8674.474827678326619207,-21147.835277024449169403,276.924603750477217545
1363732.683420136105269194,-6006.652270694308754173,-19650.864200030089705251,-3372.997192441459901602
1364088.176042121369391680,-4989.165081114188978972,-18916.685693338546116138,-4648.818809752129709523
1364443.668664106633514166,-3940.860062010418005229,-18065.318139070277538849,-5895.672193792767757259
1365439.736856447067111731,-877.300866265230524732,-14996.935858506341901375,-9126.191614023486181395
1366879.097097675316035748,3574.762560495937123051,-8670.187203217028582003,-12490.639386038074007956
1368476.666439420776441693,7550.256542446515595657,333.988085344031787827,-13105.002038271557466942
1369916.026680649025365710,9356.453012037161897752,8470.794310264245723374,-10501.594513535010264604
1370912.094872989458963275,9579.931736144921160303,13280.418365297748096054,-7470.307380540604754060
1371267.587494974723085761,9492.130724201919292682,14783.686742706646327861,-6244.183004376288408821
1371623.080116959754377604,9330.524054389250522945,16172.231786304606430349,-4969.327246596085387864
1372619.148309300187975168,8555.377317036902240943,19472.995064041380828712,-1247.738834724681510124
1374058.508550528436899185,6843.298583805318230588,22867.403624039623537101,4196.542818322276616527
1375656.077892273897305131,4474.843726789345964789,25088.904309506589925149,9965.241011817279286333
1377095.438133502146229148,2137.661701810563954496,26007.478775617681094445,14750.348603319529502187
1378091.506325842579826713,474.823232628629284591,26163.149952891384600662,17800.082664643261523452
1378446.998947827843949199,-121.308578698495352910,26136.913125237009808188,18834.961734263575635850
1378802.491569813108071685,-717.265427309281790258,26071.291450817039731191,19841.469257398548506899
1379798.559762153541669250,-2379.275031448210938834,25694.678142807573749451,22510.477583553343720268
1381237.920003381790593266,-4736.862344493771161069,24711.412039979077235330,25976.562380869843764231
1382835.489345127250999212,-7256.566434706191103032,23116.397538758301379858,29293.278907116182381287
1384274.849586355499923229,-9413.014434455832088133,21308.802080201472563203,31816.524234223077655770
1385270.917778695933520794,-10832.192021996110270265,19886.209061690744420048,33311.076725234845071100
1385626.410400681197643280,-11323.064141312230276526,19348.490135258285590680,33795.481990429361758288
1385981.903022666461765766,-11805.386532053391420050,18796.158259882042329991,34254.364728284017473925
1386977.971215006895363331,-13109.658107980016211513,17176.498489283509115921,35405.422115087225392926
1388417.331456235144287348,-14865.106973434390965849,14671.103777609072494670,36722.758884681883500889
1390014.900797980604693294,-16622.487785612636798760,11703.325231747623547562,37714.048791409848490730
1391454.261039208853617311,-18022.120672255288809538,8898.324261125551856821,38189.054970072029391304
1392450.329231549287214875,-18882.929357780529244337,6901.785961302441137377,38287.820027340596425347
1392805.821853534551337361,-19167.984438556159147993,6180.540102168378325587,38277.705701929357019253
1393161.314475519582629204,-19441.107827981988521060,5455.446974051045799570,38243.762574978347402066
1394157.382667860016226768,-20141.324967019601899665,3407.126375026048663130,38021.809287224066792987
1395596.742909088265150785,-20977.025504512723273365,420.272607409129705047,37370.572541176014055964
1397194.312250833725556731,-21646.153003782819723710,-2898.502792382321331388,36188.439291459857486188
1398633.672492061974480748,-21999.719637385780515615,-5856.181033466855296865,34705.890324653824791312
1399629.740684402408078313,-22096.679360038328013616,-7865.475142264549504034,33445.575992123427568004
1399985.233306387672200799,-22100.592461564465338597,-8572.236587223431342863,32948.905239178777264897
1400340.725928372936323285,-22087.858672759222827153,-9272.539394996971168439,32427.415546157506469171
1401336.794120713369920850,-21960.629931219129503006,-11194.512049719372953405,30833.100476065934344660
1402776.154361941618844867,-21524.951274236809695140,-13839.680748829265212407,28178.349964206150616519
1404373.723703687079250813,-20662.159798019529262092,-16528.703796393201628234,24737.495331758382235421
1405813.083944915328174829,-19506.858713365785661153,-18649.602073407026182394,21184.480440484752762131
1406809.152137255761772394,-18476.175080704899301054,-19899.392143640932772541,18472.397942889292608015
1407164.644759241025894880,-18059.192725452478043735,-20293.778622061308851698,17454.435952316307520960
1407520.137381226290017366,-17615.187816481036861660,-20657.787668020544515457,16410.360994076338101877
1408516.205573566723614931,-16220.486291671215440147,-21496.171578154790040571,13348.077891966415336356
1409955.565814794972538948,-13782.662137650539079914,-22134.089247143772809068,8585.094297380790521856
1411553.135156540432944894,-10431.504791737708728760,-21785.535084153842035448,2910.877191990109167818
1412992.495397768681868911,-6787.856655350130495208,-20156.869754560204455629,-2368.055319215875897498
1413988.563590109115466475,-3932.524353067049560195,-18062.409731404717604164,-5921.789357467512672883
1414344.056212094379588962,-2858.146068894460768206,-17086.794270246693486115,-7125.292861172782977519
1414699.548834079410880804,-1762.005570121145638041,-15980.335544773914079997,-8273.993723514311568579
1415695.617026419844478369,1358.549957289273379502,-12147.902230649890043424,-11057.629666113021812635
1417134.977267648093402386,5548.301689187853298790,-4824.828306617881025886,-13242.369067023850220721
1418732.546609393553808331,8671.716631332801625831,4459.929622648138320073,-12142.945867932947294321
1420171.906850621802732348,9579.869571171662755660,11972.303949000724969665,-8391.249270771893861820
1421167.975042962236329913,9311.746896522476163227,16144.202221865833053016,-4942.476299431798906880
1421523.467664947500452399,9081.618914042936012265,17416.057193748900317587,-3628.826927660279579868
1421878.960286932764574885,8794.017665265804680530,18577.884510606669209665,-2292.069012875776934379
1422875.028479273198172450,7741.734451240050475462,21285.497936634539655643,1498.342827076206958736
1424314.388720501447096467,5778.728069146006419032,23954.710802034729567822,6870.735915737917821389
1425911.958062246907502413,3263.634330251292340108,25538.482136506747337990,12444.621189058654636028
1427351.318303475156426430,865.936620611332273256,25999.545270809041539906,17010.359924993503227597
1428347.386495815590023994,-812.906812989691843541,25888.509886088551866123,19897.810460615386546124
1428702.879117800854146481,-1410.850917183707224467,25775.317040466492471751,20873.692674751353479223
1429058.371739785885438323,-2006.858660873436974725,25626.627217388337157900,21820.836531112017837586
1430054.439932126319035888,-3660.835715786769469560,25035.970560517216654262,24322.277642572229524376
1431493.800173354567959905,-5989.445183949925194611,23785.051872447416826617,27544.939914135145954788
1433091.369515100028365850,-8458.351551212690537795,21939.709850504401401849,30591.567432158029987477
1434530.729756328277289867,-10555.622708879031051765,19940.840573609490093077,32871.988577111871563829
1435526.797948668710887432,-11927.438070899102967815,18402.086143324428121559,34198.632613310692249797
1435882.290570653975009918,-12400.228387550960178487,17825.827093125484680058,34623.094089607016940136
1436237.783192639239132404,-12863.869668933530192589,17236.413253844657447189,35022.006302912923274562
1437233.851384979672729969,-14112.683053330969414674,15520.278837778203524067,36004.786039156322658528
1438673.211626207921653986,-15780.076640649242108339,12893.654728920209890930,37077.855398541018075775
1440270.780967953382059932,-17428.843517401583085302,9814.871615959889822989,37795.523373513307888061
1441710.141209181630983949,-18720.561924041041493183,6930.228374254807022226,38020.721895381393551361
1442706.209401522064581513,-19500.838077985466952669,4889.800825044988414447,37944.268623752024723217
1443061.702023507328704000,-19755.939684006239986047,4155.139821662556641968,37871.082316063519101590
1443417.194645492592826486,-19998.451834128190967022,3417.831145983187070669,37773.761095063353423029
1444413.262837833026424050,-20609.270102930175198708,1341.801604099442101869,37372.470605763221101370
1445852.623079061275348067,-21305.723049341024307068,-1667.359925989980183658,36456.980184899417508859
1447450.192420806735754013,-21804.881457227362261619,-4984.172787171024538111,34973.433751375334395561
1448889.552662034984678030,-21989.567422772957797861,-7912.853467243274280918,33211.011734956184227485
1449885.620854375418275595,-21959.779248832273879088,-9884.783663481293842779,31751.965513236937113106
1450241.113476360682398081,-21916.315992660376650747,-10574.400760150712812901,31183.318088746218563756
1450596.606098345713689923,-21855.013440564132906729,-11255.408353212586007430,30589.287718485204095487
1451592.674290686147287488,-21584.956476870906044496,-13110.947137472112444812,28788.680655172880506143
1453032.034531914396211505,-20923.466226579057547497,-15623.221895323287753854,25827.989106519646156812
1454629.603873659856617451,-19778.813494171423371881,-18101.450493156411539530,22037.797918867268890608
1456068.964114888105541468,-18336.263401334810623666,-19958.238367553822172340,18164.424386283568310319
1457065.032307228539139032,-17085.398973312127054669,-20971.947824341987143271,15231.071783873470849358
1457420.524929213803261518,-16585.186884693222964415,-21269.314550166523986263,14135.078673077368875965
1457776.017551199067384005,-16055.384933329669365776,-21528.717870080396096455,13013.875167677562785684
1458772.085743539500981569,-14406.105119949350410025,-22028.021691269110306166,9743.389134325676423032
1460211.445984767749905586,-11563.083576593333418714,-22026.840778903722821269,4720.469851274498068960
1461809.015326513210311532,-7721.822538655023890897,-20686.121899119956651703,-1110.927210908031156578
1463248.375567741459235549,-3651.002227562199550448,-17820.185936666068300838,-6259.962985891939752037
1464244.443760081892833114,-580.880857883174485323,-14660.030355926362972241,-9430.694129384111874970
1464599.936382067156955600,534.784852225051736241,-13271.845469442285320838,-10411.805384322027748567
1464955.429004052421078086,1644.666348430904918132,-11744.957345729257212952,-11283.707885352829180192
1465951.497196392854675651,4603.443935836721720989,-6784.523016709411422198,-12972.858473235666679102
1467390.857437621103599668,7908.871412382164635346,1491.160718077065212128,-12908.249644135919879773
1468988.426779366564005613,9510.554414870473920018,10262.380658444380969740,-9478.373849885887466371
1470427.787020594812929630,9247.610338594373388332,16450.425907013435789850,-4596.910685843228748126
1471423.855212935246527195,8416.936645316331123468,19651.811752364552376093,-844.039505090468082926
1471779.347834920510649681,8030.360215481948216620,20596.839521739886549767,513.566592233773008047
1472134.840456905541941524,7606.312504457417162484,21445.905155633197864518,1868.880523147832036557
1473130.908649245975539088,6260.786649853590461134,23357.545162473008531379,5610.799938514222958474
1474570.268890474224463105,4044.125349110050592571,25076.135234754139673896,10754.050366821629722835
1476167.838232219684869051,1396.008251566735452798,25831.154256934478326002,15971.735360368664260022
1477607.198473447933793068,-1040.026406547401165881,25698.911537576892442303,20181.311516846413724124
1478603.266665788367390633,-2715.472138681949218153,25242.509118668258452090,22815.664822778486268362
1478958.759287773631513119,-3307.640406588269797794,25016.855925162955827545,23700.814653921817807714
1479314.251909758895635605,-3895.797499861298547330,24760.825320270309020998,24557.191162718077976024
1480310.320102099329233170,-5518.088539111137833970,23894.135608240350848064,26804.727506120925681898
1481749.680343327578157187,-7780.123664700777226244,22299.746563581084046746,29663.059720187648053980
1483347.249685073038563132,-10152.520587539640473551,20135.967665838688844815,32309.890764960229716962
1484786.609926301287487149,-12146.293600321110716322,17896.704946541540266480,34233.879589430929627270
1485782.678118641721084714,-13438.449348468830066849,16213.791761688975384459,35315.428070870810188353
1486138.170740626985207200,-13881.314927803048703936,15590.104869605043859337,35652.632547195185907185
1486493.663362612249329686,-14314.265856875264944392,14955.280995321938462439,35964.369049571345385630
1487489.731554952682927251,-15473.078177538933232427,13122.226365400068971212,36703.139334802399389446
1488929.091796180931851268,-17000.104029023426846834,10352.060211393691133708,37423.463663540147535969
1490526.661137926392257214,-18478.644696191036928212,7147.194671364295572857,37747.790892981596698519
1491966.021379154641181231,-19603.392686641618638532,4178.042193196877633454,37615.312316712064784952
1492962.089571495074778795,-20260.069001951233076397,2095.348468377238532412,37288.688818325921602082
1493317.582193480338901281,-20469.372339671961526619,1348.879680743894823536,37125.580326058217906393
1493673.074815465370193124,-20665.164828963756008307,601.521032780867813017,36937.965559316806320567
1494669.143007805803790689,-21139.961289405589923263,-1493.060061886125367892,36281.509854937052296009
1496108.503249034052714705,-21625.514991279524110723,-4502.623206053716785391,34990.851960638159653172
1497706.072590779513120651,-21868.294714917781675467,-7779.456504486680387345,33080.455880986686679535
1499145.432832007762044668,-21798.867141236518364167,-10630.143153371249354677,30922.679052888684964273
1500141.501024348195642233,-21578.530014129592018435,-12520.954701776236106525,29183.532618870456644800
1500496.993646333459764719,-21463.849884848226793110,-13175.565289894911984447,28513.587820607051980915
1500852.486268318723887205,-21329.533449766080593690,-13818.119032111657361384,27817.557073819458310027
1501848.554460659157484770,-20844.691041681242495542,-15545.913301809117911034,25727.462048215325921774
1503287.914701887406408787,-19843.246350293564319145,-17813.047225885904481402,22339.600783948018943192
1504885.484043632866814733,-18273.431400733712507645,-19912.986563927835959475,18066.909614527525263838
1506324.844284861115738750,-16396.923727829827839741,-21301.289035317062371178,13760.402434092213297845
1507320.912477201549336314,-14813.612549778905304265,-21897.034332503768382594,10537.728334916735548177
1507676.405099186813458800,-14187.970610469867096981,-22022.473182031648320844,9342.805038216258253669
1508031.897721172077581286,-13529.112037435208549141,-22096.323207459896366345,8126.026349019653025607
1509027.965913512511178851,-11499.300415587737006717,-21992.672571448136295658,4613.809102093782712473
1510467.326154740760102868,-8066.050177933861959900,-20850.714661807880474953,-636.650056549478904344
1512064.895496486220508814,-3576.377423237036964565,-17751.936976053784746910,-6356.356845674898977450
1513504.255737714469432831,883.219951323821078404,-12811.890760043614136521,-10707.945788537850603461
1514500.323930054903030396,3907.542388454839965561,-8095.533518653413921129,-12683.073276727871416369
1514855.816552040167152882,4905.958450617912603775,-6190.440922182283429720,-13086.424108628934845910
1515211.309174025198444724,5835.313786042677747901,-4198.514590895082619681,-13305.674923839318580576
1516207.377366365632042289,7947.184674290712791844,1610.881872370477140066,-12887.200056471399875591
1517646.737607593880966306,9460.371873640769990743,9567.987956923661840847,-9876.117572686518542469
1519244.306949339341372252,9232.188329510821859003,16511.098650027364783455,-4512.434485732543180347
1520683.667190567590296268,7896.398151781025262608,20840.933102827708353288,941.026311107844776416
1521679.735382908023893833,6599.731144231729558669,22909.778871182930743089,4709.902485014628837234
1522035.228004893288016319,6088.126451605528927757,23489.591346883749793051,6027.971307694604547578
1522390.720626878552138805,5556.865375084265906480,23993.679193684965866851,7326.655944616859414964
1523386.788819218985736370,3988.850393311961852305,25039.742494940892356681,10844.067653180149136460
1524826.149060447234660387,1598.464252145355658286,25734.260264904674841091,15563.018576341524749296
1526423.718402192695066333,-1111.800835729496157001,25596.314866825308854459,20252.187294075261888793
1527863.078643420943990350,-3530.085199933725562005,24823.226276176363171544,23971.704099472128291382
1528859.146835761377587914,-5165.384120070753851905,23993.630823122493893607,26267.679880776799109299
1529214.639457746641710401,-5738.889805070741203963,23646.551717151218326762,27032.772814446583652170
1529570.132079731673002243,-6306.390229401705255441,23274.712335222353431163,27769.563868724726489745
1530566.200272072106599808,-7861.386840355155072757,22110.859466362191597000,29684.826781630108598620
1532005.560513300355523825,-10005.614392242619942408,20148.999457160291058244,32070.732613227395631839
1533603.129855045815929770,-12224.277562219027458923,17648.747031586830416927,34203.400135415162367281
1535042.490096274064853787,-14062.212578477108763764,15160.209478470562316943,35671.872484974257531576
1536038.558288614498451352,-15237.870380730582837714,13330.940585351741901832,36441.522487669593829196
1536394.050910599762573838,-15637.517691013459625538,12659.811876204301370308,36667.926925929088611156
1536749.543532585026696324,-16026.400196627733748755,11979.967135915063408902,36869.086640511050063651
1537745.611724925460293889,-17057.234111247056716820,10033.229264517738556606,37298.958952226363180671
1539184.971966153709217906,-18387.536622986612201203,7129.837995241730823182,37574.233685594161215704
1540782.541307899169623852,-19630.822253678925335407,3818.413461823510715476,37404.213584132026880980
1542221.901549127418547869,-20527.263697897251404356,790.126896862050216441,36823.812290088877489325
1543217.969741467852145433,-21016.062162069687474286,-1312.547352609477002261,36184.734025624617061112
1543573.462363453116267920,-21163.352780940866068704,-2061.858872584040000220,35909.475005558284465224
1543928.954985438380390406,-21295.976946611692255829,-2809.740648089483329386,35609.329016285133548081
1544925.023177778813987970,-21587.312696837961993879,-4892.999259116861139773,34635.302235714589187410
1546364.383419007062911987,-21789.404330089830182260,-7850.536477388004641398,32878.871768053650157526
1547961.952760752523317933,-21688.547333085200079950,-11013.815336933639628114,30440.254480418494495098
1549401.313001980772241950,-21278.903345884587906767,-13702.754629634573575458,27795.117313364466099301
1550397.381194321205839515,-20803.405792599955020705,-15442.270553140806441661,25712.098429714671510737
1550752.873816306469962001,-20593.315330104513122933,-16033.954098893613263499,24918.157629498909955146
1551108.366438291501253843,-20361.146178595339733874,-16608.442414093908155337,24097.502045761932095047
1552104.434630631934851408,-19588.205691795483289752,-18115.373347266577184200,21655.248900669714203104
1553543.794871860183775425,-18129.955740946850710316,-19970.309081686245917808,17753.706134785279573407
1555141.364213605644181371,-15987.883087485361102154,-21444.879280430937797064,12915.994774299251730554
1556580.724454833893105388,-13528.333237670549351606,-22061.826332269229169469,8130.324482220611571393
1557576.792647174326702952,-11502.140449063012056286,-21967.616284532075951574,4618.388365949544095201
1557932.285269159590825438,-10711.105343550627367222,-21808.548227961942757247,3334.704625440771906142
1558287.777891144854947925,-9883.505520092499864404,-21574.960777110783965327,2039.685475794837657304
1559283.846083485288545489,-7368.808894371468340978,-20471.181440936568833422,-1613.687923384543410066
1560723.206324713537469506,-3256.132953411960443191,-17454.424258122573519358,-6722.652483606307214359
1562320.775666458997875452,1705.009176833325909683,-11658.715234613460779656,-11343.917608397945514298
1563760.135907687246799469,5823.018592434578749817,-4227.060301403974335699,-13305.626935133544975542
1564756.204100027680397034,7937.514438090248404478,1577.442315792742192571,-12890.698217238361394266
1565111.696722012944519520,8486.163879501633346081,3641.195512432079794962,-12384.192972409608046291
1565467.189343998208642006,8919.256446863239034428,5655.587599871209022240,-11708.799364051235897932
1566463.257536338642239571,9539.879195492016151547,10860.953553924966399791,-9082.685846392256280524
1567902.617777566891163588,9155.126186625147965970,16874.138077102652459871,-4102.716942570486935438
1569500.187119312351569533,7561.300350872709714167,21433.609304184683423955,1973.366467372307852202
1570939.547360540600493550,5541.512779404664797767,23954.442772023274301318,7343.804799226201794227
1571935.615552881034091115,3969.393940326839583577,24993.533716649882990168,10863.760512990542338230
1572291.108174866298213601,3387.485145241129885108,25245.432216854402213357,12071.724681563602644019
1572646.600796851329505444,2797.938708103781209502,25440.528199718304676935,13252.550654925471462775
1573642.668989191763103008,1119.445583243967121234,25711.530782424266362796,16411.013391516036790563
1575082.029230420012027025,-1328.585472255075728754,25483.685828369812952587,20571.857580828775098780
1576679.598572165472432971,-4009.267828999776611454,24532.886820501273177797,24626.511213381454581395
1578118.958813393721356988,-6345.464024626740865642,23171.288157405087986263,27778.882689028654567664
1579115.027005734154954553,-7901.990487188530096319,21997.606184388267138274,29688.579231896746932762
1579470.519627719419077039,-8443.846153626976956730,21538.487834795741946436,30317.231130439133266918
1579826.012249704683199525,-8978.034972074912730022,21059.805433610483305529,30918.347690475256968057
1580822.080442045116797090,-10431.686364566863630898,19622.139484536528470926,32457.518790449827065459
1582261.440683273365721107,-12411.374751980014480068,17323.576548591303435387,34310.017231344492756762
1583859.010025018826127052,-14426.156702712052720017,14519.395844607119215652,35862.840335582361149136
1585298.370266247075051069,-16063.455118675690755481,11811.312287935696076602,36817.670777191771776415
1586294.438458587508648634,-17091.397207149693713291,9857.206558714429775137,37235.534077844124112744
1586649.931080572772771120,-17436.593098828820075141,9146.588585378811330884,37336.943163960655510891
1587005.423702558036893606,-17770.111455865036987234,8429.844557458527560811,37413.344988481207110453
1588001.491894898470491171,-18640.910716436705115484,6393.212890760268237500,37494.625998259238258470
1589440.852136126719415188,-19726.804748992173699662,3394.231805025452104019,37267.466613895965565462
1591038.421477872179821134,-20679.403379014773236122,23.731307967977045337,36539.133872578371665440
1592477.781719100428745151,-21294.666969794478063704,-3014.386561003359929600,35452.731749950231460389
1593473.849911440862342715,-21576.992407248537347186,-5098.468146441061435326,34460.683475184880080633
1593829.342533426126465201,-21648.038964104955084622,-5835.835877413384878309,34058.743926000031933654
1594184.835155411157757044,-21703.002008164319704520,-6568.866487954828699003,33631.499232972142635845
1595180.903347751591354609,-21768.753157822109642439,-8594.281005001192170312,32298.891426242753368570
1596620.263588979840278625,-21621.976452068091020919,-11422.015286177251255140,30017.023925371580844512
1598217.832930725300684571,-21097.230166600267693866,-14366.718740212487318786,26983.905327307747938903
1599657.193171953549608588,-20266.498143815246294253,-16776.733323276996088680,23792.796024915271118516
1600653.261364293983206153,-19474.141362934944481822,-18267.304583276327321073,21327.128092810089583509
1601008.753986279247328639,-19145.338367145312076900,-18757.193765375188377220,20395.975690216473594774
1601364.246608264511451125,-18791.292033177433040692,-19222.343430697768781101,19437.933526467506453628
1602360.314800604945048690,-17658.852963940953486599,-20378.062814367680402938,16611.116411065304419026
1603799.675041833193972707,-15629.253321507048895000,-21584.018105867577105528,12163.778866164455394028
1605397.244383578654378653,-12772.831630588319967501,-22075.429401526300352998,6767.207271608523114992
1606836.604624806903302670,-9597.419047180446796119,-21473.129354282107669860,1589.588808102392249566
1607832.672817147336900234,-7048.735479152524931123,-20284.455303835155064007,-2061.614188190258118993
1608188.165439132601022720,-6070.965594303745092475,-19674.785201088645408163,-3352.427802450176386628
1608543.658061117865145206,-5059.580079006941559783,-18955.932040278472413775,-4624.500138736642838921
1609539.726253458298742771,-2073.214315251716925559,-16298.446281409618677571,-7997.886054432241508039
1610979.086494686547666788,2407.902882162361038354,-10598.526583919907352538,-11834.363751154607598437
1612576.655836432008072734,6735.825156796037845197,-1994.333885929190728348,-13321.261009725869371323
1614016.016077660256996751,9032.370386140353730298,6307.216872439747021417,-11435.746856060011850786
1615012.084270000690594316,9548.497520928471203661,11417.400644500261478242,-8689.404979062517668353
1615367.576891985954716802,9544.899191801119741285,13038.011578726660445682,-7522.960002102965518134
1615723.069513970986008644,9456.390744791433462524,14542.885691295730794081,-6289.386621782546171744
1616719.137706311419606209,8831.926672921394128934,18145.231125951278954744,-2607.753243019842557260
1618158.497947539668530226,7228.264846339408904896,21879.429167059552128194,2897.619159144155673857
1619756.067289285128936172,4886.679767245632319828,24345.299475385061668931,8798.177880031398672145
1621195.427530513377860188,2528.665580674263765104,25389.423947473645966966,13709.881593559668544913
1622191.495722853811457753,838.236568608168454375,25592.254945109219988808,16840.332506432016089093
1622546.988344839075580239,230.703566366443396873,25576.448414409824181348,17901.895644093896407867
1622902.480966824339702725,-377.220556437186814946,25518.290912602064054227,18933.827849547757068649
1623898.549159164773300290,-2074.722866330173928873,25148.640803652218892239,21666.896250375302770408
1625337.909400393022224307,-4485.239950960803980706,24145.776863611525186570,25205.761706497905834112
1626935.478742138482630253,-7061.031880267309134069,22498.606743237534828950,28575.192122441345418338
1628374.838983366731554270,-9262.303229550214382471,20624.762472077276470372,31120.939456690219230950
1629370.907175707165151834,-10708.169669225733741769,19148.808760194235219387,32617.546390636300202459
1629726.399797692429274321,-11207.584781128509348491,18590.920614449787535705,33100.063215969559678342
1630081.892419677460566163,-11697.898873619165897253,18017.932082597450062167,33555.696446149646362755
1631077.960612017894163728,-13021.459499404880261864,16338.308026598666401696,34690.492533481708960608
1632517.320853246143087745,-14796.052050395221158396,13742.830828094898606651,35966.068403158438741229
1634114.890194991603493690,-16561.402598597509495448,10673.959822956712741870,36886.385176300202147104
1635554.250436219852417707,-17955.105695889702474233,7780.244315413907315815,37275.791763003224332351
1636550.318628560286015272,-18803.950511710463615600,5725.253874827949402970,37303.502601252868771553
1636905.811250545550137758,-19083.094583676625916269,4983.953335152782528894,37265.709434958211204503
1637261.303872530814260244,-19349.415044242698058952,4239.303695914868512773,37202.872337246248207521
1638257.372064871247857809,-20025.659100985092663905,2139.246907577463844063,36893.509751387085998431
1639696.732306099496781826,-20813.189877974040427944,-912.574177073229293455,36099.237099835721892305
1641294.301647844957187772,-21408.472618591542413924,-4285.876236093495208479,34735.289183213237265591
1642733.661889073206111789,-21675.205577172539051389,-7272.147664545429506688,33068.237971892682253383
1643729.730081413639709353,-21699.661797479671804467,-9287.015271714448317653,31668.834582940562540898
1644085.222703398903831840,-21675.059896052127442090,-9992.494970802476018434,31120.283671444572973996
1644440.715325384167954326,-21632.358801661906909430,-10689.628518938099659863,30545.745907097669260111
1645436.783517724601551890,-21413.054616618057480082,-12591.664536712121844175,28796.655501863013341790
1646876.143758952850475907,-20821.445468172907567350,-15174.260653613207978196,25902.826433454538346268
1648473.713100698310881853,-19749.867831884403130971,-17734.607694085098046344,22177.323673480510478839
1649913.073341926559805870,-18369.560835784643131774,-19669.309842628794285702,18354.566441612958442420
1650909.141534266993403435,-17160.085712091229652287,-20739.641154378507053480,15452.361201390263886424
1651264.634156252257525921,-16674.364184601148735965,-21057.885928700237855082,14366.746033477131277323
1651620.126778237288817763,-16158.923583029005385470,-21338.582833295389718842,13255.532485954725416377
1652616.194970577722415328,-14549.295647503304280690,-21900.220052016742556589,10010.899414027198872645
1654055.555211805971339345,-11762.379346967063611373,-21998.793791605534352129,5018.806206211416792939
1655653.124553551431745291,-7981.357146506898061489,-20790.362373664094775449,-792.952602469858902623
1657092.484794779680669308,-3958.175206892123696889,-18073.785050412454438629,-5952.369416758118859434
1658088.552987120114266872,-908.988654043807855487,-15036.121036932243441697,-9161.715667137570562772
1658444.045609105378389359,203.919700507242168896,-13694.122365119379537646,-10165.965908230920831556
1658799.538231090642511845,1314.577594960941041791,-12213.438471589368418790,-11066.887650522165131406
1659795.606423431076109409,4299.875580300344154239,-7370.254147476400248706,-12869.900134800982414163
1661234.966664659325033426,7710.526062795030156849,829.218796193397793104,-13019.253470036443104618
1662832.536006404785439372,9454.134512238309980603,9672.996252289576659678,-9762.081655563972162781
1664271.896247633034363389,9270.103085008073321660,15972.686859700956119923,-4923.191669851505139377
1665267.964439973467960954,8461.968612281329114921,19235.167557291657431051,-1158.428590600955431000
1665623.457061958732083440,8078.439754894364341453,20196.743489578348089708,207.833213311850613536
1665978.949683943996205926,7655.316850319859440788,21059.484556560262717539,1573.186080722158294520
1666975.017876284429803491,6303.464291012973262696,22994.744210681634285720,5346.982436279461580853
1668414.378117512678727508,4062.564361121996626025,24713.990525583383714547,10535.776158927770666196
1670011.947459258139133453,1377.943352209774729999,25434.124948247295833426,15792.046436738477495965
1671451.307700486388057470,-1092.710595194216693926,25247.645086158881895244,20020.794736033585650148
1672447.375892826821655035,-2790.962362669228241430,24744.671206365444959374,22658.907936723437160254
1672802.868514812085777521,-3390.844076564282659092,24501.004425586190336617,23543.482561381733830785
1673158.361136797117069364,-3986.441011093757879280,24226.337270148243987933,24398.274763393979810644
1674154.429329137550666928,-5627.902860293779667700,23304.625749511673348024,26636.020784841031854739
1675593.789570365799590945,-7912.515963327476129052,21625.346538110588880954,29466.446244247767026536
1677191.358912111259996891,-10301.671637551977255498,19363.143700019616517238,32063.698238919885625364
1678630.719153339508920908,-12302.099923204028527834,17034.133682058047270402,33926.700382855138741434
1679626.787345679942518473,-13593.756546092496137135,15289.704075828234635992,34957.183742447516124230
1679982.279967665206640959,-14035.378556200936145615,14644.329647344085969962,35274.430345097847748548
1680337.772589650470763445,-14466.508087087142484961,13988.005675936734405695,35565.303298443344829138
1681333.840781990904361010,-15617.045571545810162206,12095.952951057743121055,36240.817289303777215537
1682773.201023219153285027,-17123.443823305366095155,9244.815686044425092405,36857.323865126127202529
1684370.770364964613690972,-18566.205183867361483863,5958.151823530886758817,37049.339086996820697095
1685810.130606192862614989,-19646.115856298685685033,2924.873534856369587942,36782.267087967047700658
1686806.198798533296212554,-20264.201435835508164018,804.393950087501252710,36353.931025646561465692
1687161.691420518560335040,-20458.146122515416209353,45.940215239705480599,36152.816467951619415544
1687517.184042503824457526,-20637.714770285856502596,-712.545192481950380170,35926.295641468939720653
1688513.252234844258055091,-21062.265451138038770296,-2833.332274519036673155,35156.017358023455017246
1689952.612476072506979108,-21461.902393944477807963,-5865.919725036948875641,33688.290751374093815684
1691550.181817817967385054,-21588.954087809910561191,-9143.249680362543585943,31563.865536518562294077
1692989.542059046216309071,-21394.574143027919490123,-11966.115386970772306086,29197.594165194550441811
1693985.610251386649906635,-21074.888288202411786187,-13818.331071205957414350,27305.706685507582733408
1694341.102873371914029121,-20921.978885566837561782,-14454.716253570435583242,26579.640456293993338477
1694696.595495356945320964,-20747.896268620461341925,-15076.469263773784405203,25826.675567559468618128
1695692.663687697378918529,-20142.990637862563744420,-16730.819636313361115754,23572.985721886667306535
1697132.023928925627842546,-18943.440615984793112148,-18844.961890356360527221,19939.828507644902856555
1698729.593270671088248491,-17115.092573229794652434,-20690.927450955448875902,15388.616863967836252414
1700168.953511899337172508,-14966.309404104664281476,-21747.336123055443749763,10837.483842720981556340
1701165.021704239770770073,-13171.318144657687298604,-22036.953259555048134644,7460.578436715033603832
1701520.514326225034892559,-12465.600072986939267139,-22034.547000157414004207,6216.248214191185979871
1701876.006948210299015045,-11724.440403933773268363,-21969.447430749292834662,4954.273611439536580292
1702872.075140550732612610,-9454.144720324362424435,-21409.291781217249081237,1347.192128423403119086
1704311.435381778981536627,-5666.662059473213957972,-19396.435744899579731282,-3897.481181978001586685
1705909.004723524441942573,-871.409957408437549020,-14994.578853185725165531,-9208.986609759709608625
1707348.364964752690866590,3558.149715976043808041,-8716.369779567368823336,-12529.281146490406172234
1708344.433157093124464154,6233.326722695795979234,-3269.362484866972408781,-13347.264259483155910857
1708699.925779078388586640,7032.324398515734173998,-1203.893686899862586870,-13276.962072319183789659
1709055.418401063419878483,7728.272048348449970945,879.254005539995887375,-13011.962656546376820188
1710051.486593403853476048,9074.691835053747126949,6560.487037059127942484,-11315.012563570417114533
1711490.846834632102400064,9510.686117940447729779,13602.568740419432288036,-7034.197765894389704044
1713088.416176377562806010,8446.903818565473557101,19247.015738491390948184,-1107.604149351371233934
1714527.776417605811730027,6663.400869171847261896,22532.774274933559354395,4397.899671960769410362
1715523.844609946245327592,5171.822157325256739568,23987.531907943037367659,8074.670835816141334362
1715879.337231931509450078,4607.181910125797912769,24368.353435433138656663,9344.663200730812604888
1716234.829853916773572564,4030.047674035445197660,24683.205829808954149485,10589.391396399949371698
1717230.898046257207170129,2365.318992878694189130,25246.137820359090255806,13932.118043961601870251
1718670.258287485456094146,-102.067426650646211783,25345.888152238865586696,18359.598334945745591540
1720267.827629230916500092,-2837.687393361813519732,24659.115171367677248782,22696.405634947979706340
1721707.187870459165424109,-5240.687284908142828499,23468.424912622056581313,26084.516351893551473040
1722703.256062799599021673,-6849.051565400257459260,22384.160836485556501430,28146.120428238853492076
1723058.748684784863144159,-7410.139965698394007632,21952.128707146574015496,28826.745129235023341607
1723414.241306770127266645,-7963.851999650260950148,21498.234123016369267134,29478.664253185561392456
1724410.309499110560864210,-9473.342670799525876646,20118.894310781630338170,31154.040159976520953933
1725849.669740338809788227,-11535.283025068425558857,17879.706475454335304676,33187.890558360202703625
1727447.239082084270194173,-13641.455754494832945056,15113.570445609781017993,34921.815594901760050561
1728886.599323312519118190,-15359.759687853374998667,12419.833308489482078585,36022.930946057291293982
1729882.667515652952715755,-16442.524548246041376842,10466.636423359286709456,36533.298326186057238374
1730238.160137638216838241,-16806.991111866944265785,9754.790225910264780396,36666.077287115287617780
1730593.652759623248130083,-17159.611413500741036842,9036.067798423295243992,36773.010031400517618749
1731589.720951963681727648,-18082.974166879655967932,6990.218131069690571167,36935.502276703184179496
1733029.081193191930651665,-19242.114884601847734302,3969.574208174726663856,36814.956646166530845221
1734626.650534937391057611,-20271.932765493289480219,565.605309579548702459,36191.120674065445200540
1736066.010776165639981627,-20952.859189714767126134,-2509.369657272713084240,35187.358277835723129101
1737062.078968506073579192,-21278.373539530111884233,-4621.916530894313837052,34246.560166586212289985
1737417.571590491337701678,-21364.380196272672037594,-5369.937458307098495425,33861.794342857116134837
1737773.064212476601824164,-21434.062700698417756939,-6113.853983422074634291,33451.154165838168410119
1738769.132404817035421729,-21539.767955807288672077,-8170.875190902612303034,32162.136590887810598360
1740208.492646045284345746,-21447.354657267966103973,-11046.635072257595311385,29936.027973349388048518
1741806.061987790744751692,-20978.293079315815703012,-14046.981380666909899446,26955.611179739473300288
1743245.422229018993675709,-20193.616203252946434077,-16508.494841141604410950,23804.546955048066593008
1744241.490421359427273273,-19430.927723410615726607,-18035.201289094191452023,21362.897717255251336610
1744596.983043344691395760,-19112.293847646615176927,-18538.065364336627681041,20439.647247708071517991
1744952.475665329955518246,-18768.203114851523423567,-19016.229566362664627377,19489.174387928695068695
1745948.543857670389115810,-17662.568288353377283784,-20208.647090556929470040,16681.899338204544619657
1747387.904098898638039827,-15669.107713650813821005,-21468.528456046165956650,12258.875817370779259363
1748985.473440644098445773,-12849.816870765680505428,-22022.437844083717209287,6884.403637840949158999
1750424.833681872347369790,-9705.752893464587032213,-21481.812149298417352838,1721.812571452849624620
1751420.901874212780967355,-7177.518504032323107822,-20341.382734757386060664,-1923.278887206915896968
1751776.394496198045089841,-6206.657961577518108243,-19750.499901940107520204,-3213.280414202253723488
1752131.887118183076381683,-5201.864926051410293439,-19051.408953116071643308,-4485.544246615680094692
1753127.955310523509979248,-2231.130427049130958039,-16454.910696125713002402,-7867.045148926717956783
1754567.315551751758903265,2243.667037218271616439,-10853.218970279165660031,-11747.219671640788874356
1756164.884893497219309211,6608.750514637627929915,-2330.501496053064329317,-13336.670107512374670478
1757604.245134725468233228,8969.373349143277664552,5971.580640726544515928,-11544.710716206058350508
1758600.313327065901830792,9523.455997142093110597,11113.330075680223671952,-8831.648726630057353759
1758955.805949051165953279,9529.727288799698726507,12746.781713563741504913,-7670.038331001016558730
1759311.298571036430075765,9448.956375773448598920,14264.057389814985072007,-6438.162370696876678267
1760307.366763376863673329,8835.531912989570628270,17894.718816935372160515,-2748.712108684703252948
1761746.727004605112597346,7226.333275457704985456,21645.820234865070233354,2784.996896388805453171
1763344.296346350573003292,4861.497551889801798097,24097.574968006232666085,8719.624388567975984188
1764783.656587578821927309,2476.181061821990624594,25105.823621947576612001,13653.946506487372971606
1765779.724779919255524874,766.151173293759256921,25274.347376077483204426,16793.357208713190630078
1766135.217401904519647360,151.738937241860639915,25244.814164765346504282,17856.660787145156064071
1766490.710023889783769846,-462.941373216250099176,25172.259951520518370671,18889.546444982493994758
1767486.778216230217367411,-2178.455984822408481705,24759.216438673844095320,21621.046050205448409542
1768926.138457458466291428,-4611.731109977998130489,23687.584533468751033070,25146.576285356120934011
1770523.707799203926697373,-7206.956954508325907227,21958.814954940680763684,28486.106405382823140826
1771963.068040432175621390,-9419.550168398469395470,20009.205947081511112629,30991.667379525290016318
1772959.136232772609218955,-10869.450771983349113725,18480.615774464771675412,32453.299343900805979501
1773314.628854757873341441,-11369.508753321357289678,17904.028002768609439954,32921.938005302639794536
1773670.121476742904633284,-11860.033080610834076651,17312.423413425691251177,33362.965596161317080259
1774666.189669083338230848,-13181.808428101337995031,15581.279350512939345208,34452.994584466643573251
1776105.549910311587154865,-14947.340716021040861961,12913.833248391178130987,35653.987038824830960948
1777703.119252057047560811,-16693.048865882876270916,9770.115782286793546518,36477.995433864503866062
1779142.479493285296484828,-18059.746529486725194147,6815.142766750817827415,36768.533767382534279022
1780138.547685625730082393,-18884.360255876279552467,4722.066996815468883142,36721.122223628524807282
1780494.040307610994204879,-19153.700928537746221991,3968.157344995155654033,36655.188502682118269149
1780849.532929596258327365,-19409.590008638635481475,3211.461007957768742926,36563.510072251578094438
1781845.601121936691924930,-20053.145003603855002439,1080.903895253075916116,36169.593922567059053108
1783284.961363164940848947,-20783.883149577592121204,-2005.310662909648726782,35243.346834301955823321
1784882.530704910401254892,-21301.657634434566716664,-5400.584858592541422695,33719.269834504164464306
1786321.890946138650178909,-21484.029428201924019959,-8388.613146342155232560,31895.594118094290024601
1787317.959138479083776474,-21441.152535336725122761,-10392.530387631137273274,30380.978643960719637107
1787673.451760464347898960,-21390.605417397466226248,-11091.334189487224648474,29789.974042703008308308
1788028.944382449612021446,-21320.901794357367180055,-11780.202505825705884490,29172.290263507937197573
1789025.012574790045619011,-21020.013713090276723960,-13649.801955086055386346,27298.703383969121205155
1790464.372816018294543028,-20293.705727062060759636,-16157.278559479720570380,24216.167900950807961635
1792061.942157763754948974,-19046.218417638039682060,-18584.689056840867124265,20271.186131843038310762
1793501.302398992003872991,-17480.076371164584998041,-20340.536434421406738693,16245.970682581326400395
1794497.370591332437470555,-16124.996426502952090232,-21244.244374237798183458,13205.195528518746868940
1794852.863213317701593041,-15583.726033040804395569,-21492.727018678313470446,12071.372527985093256575
1795208.355835302732884884,-15010.806414624210447073,-21697.538789103877206799,10913.044847807221231051
1796204.424027643166482449,-13229.839788198622045456,-22009.473246260622545378,7545.481139175240969053
1797643.784268871415406466,-10170.933630238476325758,-21627.794056687405827688,2420.327986801187762467
1799241.353610616875812411,-6073.929408870388215291,-19666.425819278112612665,-3402.716471073988941498
1800680.713851845124736428,-1817.160912557921619737,-16030.402624470887531061,-8304.961655867558874888
1801676.782044185558333993,1287.871773388679230266,-12250.844981978336363682,-11070.982090388726646779
1802032.274666170822456479,2382.355009742051606736,-10642.021018141897002351,-11847.244054944258095929
1802387.767288156086578965,3447.976843579284832231,-8905.305451989081120701,-12480.649703733797650784
1803383.835480496520176530,6141.692325689933568356,-3489.537273482910677558,-13344.719619833387696417
1804823.195721724769100547,8752.063575032063454273,4846.267991012971833698,-11963.041944062433685758
1806420.765063470229506493,9520.684793758675368736,12931.581219417101237923,-7509.697287799417608767
1807860.125304698478430510,8706.588657677804803825,18285.455938616312778322,-2225.355547700528404675
1808856.193497038912028074,7609.316404521970071073,20935.500404313446779270,1615.723543556731328863
1809211.686119024176150560,7145.636000551376127987,21695.346711698148283176,2980.151544668671249383
1809567.178741009207442403,6652.456105964026392030,22365.763571470259194029,4332.371187424681011180
1810563.246933349641039968,5148.890638202903573983,23810.766941465273703216,8024.472968507170662633
1812002.607174577889963984,2774.465543343035278667,24933.937938254584878450,13022.201729439282644307
1813600.176516323350369930,19.205043317466788722,25115.644096844342129771,18015.382046249429549789
1815039.536757551599293947,-2469.580061806404955860,24527.727945064809318865,21985.115259377071197378
1816035.604949892032891512,-4162.267504254622508597,23783.234883099255966954,24437.326219073784159264
1816391.097571877297013998,-4757.214446912507810339,23459.499727517446444836,25254.624910884354903828
1816746.590193862561136484,-5346.477424668526509777,23107.710563460346747888,26041.728324519310262986
1817742.658386202994734049,-6963.371620480221281468,21984.356776418109802762,28087.867955038229411002
1819182.018627431243658066,-9196.757419407334964490,20046.970649449434858980,30636.924031644957722165
1820779.587969176704064012,-11510.000873237933774362,17537.778922879668243695,32915.925484213606978301
1822218.948210404952988029,-13426.387243719054822577,15017.309463025632794597,34486.431127578973246273
1823215.016402745386585593,-14651.544537553225381998,13156.163316507982017356,35310.922203938898746856
1823570.509024730650708079,-15067.793724427559936885,12472.127569060567111592,35553.878525951811752748
1823926.001646715914830565,-15472.685386801820641267,11778.689454983588802861,35770.032574212935287505
1824922.069839056348428130,-16545.057942289844504558,9790.795431828790242434,36233.781527583429124206
1826361.430080284597352147,-17926.108356442786316620,6822.271182026338465221,36537.460335154399217572
1827958.999422030057758093,-19211.682256891595898196,3435.034478427349768026,36371.684772476597572677
1829398.359663258306682110,-20132.404315129384485772,339.341784740068305837,35771.554074617910373490
1830394.427855598740279675,-20629.729475042415288044,-1807.473489687118672009,35106.210150595332379453
1830749.920477584004402161,-20778.335798308082303265,-2571.761297471300167672,34819.137669861593167298
1831105.413099569035694003,-20911.336866044319322100,-3334.116678856052203628,34505.913386366111808456
1832101.481291909469291568,-21198.558266945950890658,-5454.730288220278453082,33488.603002814656065311
1833540.841533137718215585,-21380.459671266511577414,-8455.539642495048610726,31652.771717191873904085
1835138.410874883178621531,-21235.719941647501400439,-11646.666089057936915196,29103.680552452482515946
1836577.771116111427545547,-20765.144092013531917473,-14336.065782857329395483,26340.163413421785662649
1837573.839308451861143112,-20234.415774700013571419,-16058.224646523503906792,24165.700494925898965448
1837929.331930437125265598,-20001.843421586931071943,-16639.545394835335173411,23337.420231537820654921
1838284.824552422389388084,-19745.672103635635721730,-17201.228525888156582369,22481.606622856939793564
1839280.892744762822985649,-18897.030738327841390856,-18657.739329534775606589,19937.019624549055151874
1840720.252985991071909666,-17305.875652344257105142,-20394.171778436637396226,15880.831190781906116172
1842317.822327736532315612,-14981.042388644931634190,-21653.879465794481802732,10872.491600782512250589
1843757.182568964781239629,-12324.186347964710876113,-21974.283936292602447793,5953.350147486877176561
1844753.250761305214837193,-10145.619247695462036063,-21598.935582126385270385,2378.406359447722934419
1845108.743383290478959680,-9298.064829451694095042,-21321.398768699102220125,1082.136485595411841132
1845464.236005275743082166,-8413.439519647523411550,-20958.754848189269978320,-218.377073312251241077
1846460.304197616176679730,-5741.909235174508467026,-19432.044711735572491307,-3835.642603665532988089
1847899.664438844425603747,-1453.826937524356253562,-15639.242647113534985692,-8676.680358017129037762
1849497.233780589886009693,3466.514294504639110528,-8875.760002917370002251,-12497.361508806014171569
1850936.594021818134933710,7142.766746439608141372,-896.115480330580794543,-13247.056348906202401849
1851932.662214158568531275,8754.623831530447205296,4866.742720363221451407,-11946.951746188116885605
1852288.154836143832653761,9110.749036077730124816,6830.790805740251016687,-11162.776177896112130838
1852643.647458128863945603,9353.956756865491115605,8710.439404308632219909,-10239.991220514006272424
1853639.715650469297543168,9490.363975464304530760,13417.424215114013350103,-7094.956279210447064543
1855079.075891697546467185,8581.626155072035544435,18613.974347497027338250,-1753.251906822944874875
1856676.645233443006873131,6618.545064824058499653,22342.481937719836423639,4392.997929441821725050
1858116.005474671255797148,4392.703649033873261942,24224.135918937750830082,9674.312331960041774437
1859112.073667011689394712,2724.384337298449736409,24874.706665729383530561,13086.187386354928094079
1859467.566288996953517199,2115.161585718707556225,24997.090472532650892390,14249.238791321626194986
1859823.058910982217639685,1501.486935714165156242,25067.022758633003832074,15382.410280620611956692
1860819.127103322651237249,-229.711748832247621976,25008.326208055135793984,18394.967492741237947484
1862258.487344550900161266,-2721.658901629737556505,24350.955454505165107548,22319.188990556958742673
1863856.056686296360567212,-5415.182960267201451643,22976.444268437840946717,26083.154654235837369924
1865295.416927524609491229,-7735.794848018989796401,21272.659004533776169410,28952.198538207823730772
1866291.485119865043088794,-9267.959964383662736509,19881.405600869991758373,30654.838680226490396308
1866646.977741850307211280,-9798.555715531045279931,19348.186788849379809108,31207.475094074201479089
1867002.470363835571333766,-10320.160954279674115242,18797.209589419966505375,31731.470811045001028106
1867998.538556176004931331,-11731.590743376797036035,17166.350263992138934555,33048.680050781505997293
1869437.898797404253855348,-13632.298797301828017225,14612.332211825072590727,34565.072660660829569679
1871035.468139149714261293,-15534.388199260129113100,11556.951870453449373599,35723.192782621641526930
1872474.828380377963185310,-17046.921304128281917656,8652.170532040230682469,36302.269020961219212040
1873470.896572718396782875,-17975.056969960263813846,6579.096817948361604067,36448.523483981247409247
1873826.389194703660905361,-18281.862070064693398308,5829.565154134372278349,36450.640504215814871714
1874181.881816688692197204,-18575.493399249280628283,5075.832623089816479478,36426.489333109035214875
1875177.950009029125794768,-19326.327498794606071897,2946.196037801404145284,36219.190815997855679598
1876617.310250257374718785,-20216.361622241955046775,-157.544083452828090230,35556.690883829403901473
1878214.879592002835124731,-20917.700596282764308853,-3598.365686299430308281,34318.712168247620866168
1879654.239833231084048748,-21272.723936229955143062,-6651.930978641754336422,32748.256275329855270684
1880650.308025571517646313,-21354.126903226271679159,-8715.862634471337514697,31406.983371556427300675
1881005.800647556781768799,-21349.013370582528295927,-9439.209792266126896720,30877.542265506770490902
1881361.293269542045891285,-21325.357493837636866374,-10154.356513183634888264,30321.282154520024050726
1882357.361461882479488850,-21157.041167173676512903,-12107.426521470155421412,28619.127637270234117750
1883796.721703110728412867,-20632.880905212397919968,-14764.365535445533168968,25782.665496961446478963
1885394.291044856188818812,-19627.522788815851527033,-17406.442221676898043370,22107.801652729478519177
1886833.651286084437742829,-18299.191874408792500617,-19412.651527945723501034,18320.521269014356221305
1887829.719478424871340394,-17121.559925338227913016,-20530.717966619155049557,15438.141116633374622324
1888185.212100410135462880,-16646.418911338547331979,-20865.599932537170388969,14358.803583462531605619
1888540.704722395166754723,-16141.160982104929644265,-21162.715775762935663806,13253.495559974298885209
1889536.772914735600352287,-14558.045838319114409387,-21769.210786772055143956,10023.690574987245781813
1890976.133155963849276304,-11804.734002020710249781,-21930.121468018751329510,5049.642018498294419260
1892573.702497709309682250,-8055.805520113904094615,-20790.299968047838774510,-745.290225123944765073
1894013.062738937558606267,-4057.491505790823794086,-18141.042054384921357268,-5894.105216505152384343
1895009.130931277992203832,-1021.677707274346630584,-15156.834839976127113914,-9103.421605629886471434
1895364.623553263256326318,87.947799949281716181,-13835.403566580313054146,-10110.429432397928394494
1895720.116175248520448804,1196.515199712941921462,-12375.790642710395331960,-11016.096188352637909702
1896716.184367588954046369,4184.903550376955536194,-7590.148001833646048908,-12844.882424939814882237
1898155.544608817202970386,7627.514403282017156016,557.144710721994670166,-13054.815653794146783184
1899753.113950562663376331,9415.790382537787081674,9406.427744108215847518,-9839.225557142683101119
1901192.474191790912300348,9242.567485925148503156,15723.709609404186267057,-4985.042630919069779338
1902188.542384131345897913,8422.658273731467488687,18982.451909133531444240,-1191.963349501180346124
1902544.035006116610020399,8031.992571997187951638,19938.408771810136386193,185.655009231828444172
1902899.527628101874142885,7600.530876779428581358,20793.253304703179310309,1562.444363182478127783
1903895.595820442307740450,6220.564266900828442886,22694.891788914668723010,5366.469050976843391254
1905334.956061670556664467,3932.399544605517803575,24339.770232952560036210,10587.922720602338813478
1906932.525403416017070413,1194.251682344419805304,24950.588682912002695957,15858.616850359116142499
1908371.885644644265994430,-1320.499478401010946982,24649.228321975988365011,20078.282451669118017890
1909367.953836984699591994,-3045.382788046596942877,24060.733953475781163434,22697.631104218678956386
1909723.446458969963714480,-3653.846228855069512065,23785.698529149532987503,23573.055327624959318200
1910078.939080954995006323,-4257.499911679445176560,23479.314386544891021913,24417.417852048678469146
1911075.007273295428603888,-5918.561734697175779729,22467.343203051401360426,26619.198654269883263623
1912514.367514523677527905,-8223.103980861473246478,20655.786633653420722112,29380.423498436670342926
1914111.936856269137933850,-10621.666726444555024500,18247.320165429468033835,31877.654655920578079531
1915551.297097497386857867,-12618.153829915796450223,15789.776530822136919596,33630.171522275428287685
1916547.365289837820455432,-13899.730621588132635225,13959.471383847816468915,34573.105393142090179026
1916902.857911823084577918,-14336.234459285427874420,13284.226581056123905000,34856.931250037341669668
1917258.350533808348700404,-14761.424324806284857914,12598.496289386406715494,35113.244929459324339405
1918254.418726148782297969,-15890.823727286415305571,10626.816116905672970461,35685.883542185809346847
1919693.778967377031221986,-17354.426113855792209506,7669.119299549533025129,36138.055456785063142888
1921291.348309122491627932,-18731.522343314671161352,4278.739774041912824032,36126.005557586540817283
1922730.708550350740551949,-19734.503188746366504347,1168.261736598680272436,35655.489119055826449767
1923726.776742691174149513,-20288.670938848408695776,-994.814816041636731825,35075.426971278538985644
1924082.269364676438271999,-20457.559854231265489943,-1766.042545466154251699,34817.984396358508092817
1924437.761986661702394485,-20610.846897794541291660,-2535.922567640074248629,34533.986491510455380194
1925433.830179002135992050,-20954.964571466596680693,-4680.690425431854237104,33596.524754262936767191
1926873.190420230384916067,-21219.434303786485543242,-7724.346544660207655397,31871.198811765552818542
1928470.759761975845322013,-21167.357574234240018995,-10974.328095257098539150,29438.813301911890448537
1929910.120003204094246030,-20781.893152518467104528,-13727.850876288241124712,26775.773990192552446388
1930906.188195544527843595,-20311.417744896258227527,-15501.393033573120192159,24668.496819769490684848
1931261.680817529791966081,-20100.691588138881343184,-16102.613019446340331342,23863.745845116820419207
1931617.173439514823257923,-19866.573198183818021789,-16685.088284415676753270,23031.224186404364445480
1932613.241631855256855488,-19080.979258114828553516,-18205.089719776107813232,20550.587307279973174445
1934052.601873083505779505,-17584.914869692463980755,-20049.513010944017878501,16582.864468353909614962
1935650.171214828966185451,-15372.577855786783402436,-21459.005586416413279949,11664.684768752407762804
1937089.531456057215109468,-12824.254096042381206644,-21952.600600638790638186,6813.356804522306447325
1938085.599648397648707032,-10724.192222980120277498,-21726.522966658008954255,3271.177399853801034624
1938441.092270382912829518,-9904.959590310047133244,-21509.513630685392854502,1982.152743277009903977
1938796.584892368176952004,-9048.564542239702859661,-21211.717597925235168077,685.750868899101305942
1939792.653084708610549569,-6453.218210724546224810,-19892.207457352200435707,-2942.684898201685427921
1941232.013325936859473586,-2247.971937006213011045,-16468.733683070287952432,-7895.870121102539087588
1942829.582667682319879532,2694.604942217317329778,-10155.038297146922559477,-12067.613154687667702092
1944268.942908910568803549,6578.590659436814348737,-2417.616962333719129674,-13345.218319697962215287
1945265.011101251002401114,8416.223637795903414371,3373.272251613290791283,-12414.362905610931193223
1945620.503723236266523600,8855.944430875186299090,5384.226260565072152531,-11740.943563869670470012
1945975.996345221530646086,9179.865573463179316605,7325.017299196076237422,-10913.744288118239637697
1946972.064537561964243650,9512.562552339377361932,12246.973795222984335851,-7953.439114214512301260
1948411.424778790213167667,8792.419283272227403359,17767.013688440136320423,-2704.537783363738526532
1950008.994120535673573613,6932.320879361220249848,21783.570582500506134238,3471.771529230551095679
1951448.354361763922497630,4740.733146493966160051,23850.485549356126284692,8827.568954446705902228
1952444.422554104356095195,3077.037935598697458772,24595.070023188829509309,12299.014797735877436935
1952799.915176089620217681,2466.911439587296626996,24745.368228285613440676,13483.605762387611321174
1953155.407798074651509523,1851.278534152717838879,24840.582989619644649792,14638.203660027120349696
1954151.475990415085107088,110.167388886119624658,24840.284939152152219322,17709.270667260047048330
1955590.836231643334031105,-2403.801850399122031376,24240.632348918828938622,21711.597462235440616496
1957188.405573388794437051,-5127.190182551964426239,22902.331118327278090874,25550.875279757488897303
1958627.765814617043361068,-7476.295108866363079869,21212.794979729980695993,28476.732395288105180953
1959623.834006957476958632,-9027.997076966663371422,19823.710109254127019085,30212.568361088004166959
1959979.326628942741081119,-9565.425377213743558968,19290.015912849252345040,30775.862276750020100735
1960334.819250928005203605,-10093.762585453405336011,18737.981986397669970756,31309.899191377906390699
1961330.887443268438801169,-11523.398471521368264803,17101.423905830786679871,32652.017910643175127916
1962770.247684496687725186,-13448.275429486231587362,14533.386346891013090499,34196.263564531538577285
1964367.817026242148131132,-15373.536798016113607446,11456.729682618546576123,35374.541736301449418534
1965807.177267470397055149,-16903.100852262272383086,8529.554688590540536097,35962.572072126022248995
1966803.245459810830652714,-17840.650327447889139876,6440.033204062561708270,36110.132749768112262245
1967158.738081796094775200,-18150.315117958532937337,5684.549009652505446866,36111.774858437573129777
1967514.230703781358897686,-18446.533569568226084812,4924.853372396582017245,36086.661972345311369281
1968510.298896121792495251,-19203.114160452496435028,2778.623373115027334279,35874.117435868298343848
1969949.659137350041419268,-20097.319974303754861467,-348.071051930319754319,35197.560107733443146572
1971547.228479095501825213,-20797.105120876112778205,-3811.472903340695211227,33935.328216856454673689
1972986.588720323750749230,-21144.642332142841041787,-6881.186898661104351049,32335.533008463917212794
1973982.656912664184346795,-21217.195036543336755130,-8953.077640531666474999,30969.964878374808904482
1974338.149534649448469281,-21208.151214102636004100,-9678.491126999922926188,30431.087993983725027647
1974693.642156634479761124,-21180.143404992792056873,-10395.247992714954307303,29864.999311381190636894
1975689.710348974913358688,-20997.297198647283948958,-12350.111799563546810532,28133.273792102158040507
1977129.070590203162282705,-20445.639025601663888665,-15001.168539960885027540,25249.113554660558293108
1978726.639931948622688651,-19399.825387929005955812,-17621.562189302967453841,21515.381396241926267976
1980166.000173176871612668,-18025.056638530721102143,-19590.064451137495780131,17671.309876534622162580
1981162.068365517305210233,-16809.221688226130936528,-20668.914124167065892834,14748.914856585004599765
1981517.560987502569332719,-16319.183333874105301220,-20986.668017190844693687,13655.447851147377150482
1981873.053609487833455205,-15798.350771613011602312,-21264.803053705003549112,12536.221632725553718046
1982869.121801828267052770,-14167.983274073698339635,-21806.966596066198690096,9269.495994037250056863
1984308.482043056515976787,-11337.586679545558581594,-21839.392890851690026466,4253.450360349987931841
1985906.051384801976382732,-7495.923309810458704305,-20492.258141871949192137,-1551.848487158813441056
1987345.411626030225306749,-3423.711048788064999826,-17584.175967576891707722,-6638.379555829362288932
1988341.479818370658904314,-362.001922947521052265,-14384.981335668915562565,-9732.398830473597627133
1988696.972440355923026800,747.165390625897543941,-12983.860042054799123434,-10678.626750251980411122
1989052.465062340954318643,1848.262381438092916142,-11445.858238964932752424,-11511.882827171553799417
1990048.533254681387916207,4769.325909295530436793,-6470.941298360627115471,-13076.895092050246603321
1991487.893495909636840224,7991.139665017861261731,1766.277598604761806200,-12818.914729905753119965
1993085.462837655097246170,9474.403129243284638505,10419.280954485857364489,-9193.312095816922010272
1994524.823078883346170187,9086.779517948009015527,16443.956033993490564171,-4163.233368191063163977
1995520.891271223779767752,8163.009950558671334875,19502.018222336602775613,-327.629907431035917398
1995876.383893209043890238,7742.623282412337175629,20390.339225283532869071,1054.732745603655757805
1996231.876515194308012724,7284.717189912975300103,21180.005651810723065864,2432.093729877396981465
1997227.944707534741610289,5845.320279644095535332,22912.291996469262812752,6220.633807256003819930
1998667.304948762990534306,3500.061671164454764948,24344.251707438528683269,11390.160548639756598277
2000264.874290508450940251,725.563363983293584170,24754.569654191564040957,16579.585180709469568683
2001704.234531736699864268,-1805.186154769558925182,24297.426976900860609021,20713.195041566752479412
2002700.302724077133461833,-3534.042488129856792511,23612.149257654273242224,23267.898233729669300374
2003055.795346062397584319,-4142.711058732278615935,23304.469963783059938578,24119.393532974314439343
2003411.287968047661706805,-4745.977068783616232395,22966.366723168375756359,24939.407488161858054809
2004407.356160388095304370,-6402.979475534306402551,21870.123767986406164709,27070.843980461810133420
2005846.716401616344228387,-8694.488509571026952472,19947.686264917188964318,29725.202332856737484690
2007444.285743361804634333,-11069.378886935468472075,17429.689500566310016438,32096.882849681631341809
2008883.645984590053558350,-13036.564999607770005241,14884.749842681991140125,33730.054617233225144446
2009879.714176930487155914,-14293.459253089644334977,13000.024559985580708599,34586.876295742717047688
2010235.206798915751278400,-14720.271661520264387946,12306.553061863785842434,34839.256597850435355213
2010590.699420900782570243,-15135.300337895725533599,11603.228468577894091140,35063.744246516514976975
2011586.767613241216167808,-16233.686254034153535031,9585.658327561161058838,35545.148079726881405804
2013026.127854469465091825,-17645.631133552586106816,6570.797751181431522127,35859.960708570506540127
2014623.697196214925497770,-18955.341955042789777508,3130.485959334890139871,35687.470725912236957811
2016063.057437443174421787,-19887.796937030576373218,-11.540601948633138818,35064.849188396234239917
2017059.125629783608019352,-20387.236291404486109968,-2188.122776634249930794,34375.154354494348808657
2017414.618251768872141838,-20535.342507534220203524,-2962.371564226272312226,34077.694861089315963909
2017770.110873754136264324,-20667.161211996834026650,-3734.269741349638024985,33753.205293733299185988
2018766.179066094569861889,-20947.310021250170393614,-5879.005090508215289447,32699.728527944193047006
2020205.539307322818785906,-21108.623345276668260340,-8906.074360370503200102,30799.998107770417846041
2021803.108649068279191852,-20925.384451633217395283,-12110.392481575308920583,28164.686742062214761972
2023242.468890296528115869,-20404.516619974692730466,-14792.377379273206315702,25310.802222325506591005
2024238.537082636961713433,-19829.455746022034873022,-16495.605290711100678891,23067.579009066746948520
2024594.029704622225835919,-19579.042288533273676876,-17066.918875654035218759,22213.686319132542848820
2024949.522326607489958405,-19303.923075778981001349,-17616.690282864114124095,21331.764759289279027143
2025945.590518947923555970,-18396.052047063589270692,-19028.484390127228834899,18711.860779315949912416
2027384.950760176172479987,-16702.317197756699897582,-20664.675982004868274089,14544.029093051838572137
2028982.520101921632885933,-14238.604650675817538286,-21748.026539665344898822,9417.132612647317728261
2030421.880343149881809950,-11434.623882848585708416,-21829.234255069855862530,4413.262959228577528847
2031417.948535490315407515,-9145.148233835156133864,-21229.635591046182526043,808.093425878658308648
2031773.441157475579530001,-8257.325153357738599880,-20858.244739162448240677,-489.714287101051468198
2032128.933779460610821843,-7332.720122198620629206,-20393.812629486801597523,-1785.246894112597829007
2033125.001971801044419408,-4556.396190249129176664,-18537.396124496615811950,-5342.023587789843077189
2034564.362213029293343425,-177.098032005429558922,-14162.509405657223396702,-9908.187322234502062201
2036161.931554774753749371,4625.320048481878075108,-6757.837008495047484757,-13033.210276764148147777
2037601.291796003002673388,7899.439713042364019202,1448.628013315179487108,-12882.983613759770378238
2038597.359988343436270952,9137.108119523754794500,7060.469728666055743815,-11013.754918589349472313
2038952.852610328700393438,9360.935004192215274088,8921.590817588396021165,-10064.599810094137865235
2039308.345232313964515924,9477.767787324290111428,10681.005231231503785239,-9000.159154515122281737
2040304.413424654398113489,9305.296928449046390597,15001.062500089565219241,-5576.349565530312247574
2041743.773665882647037506,8075.793163291436030704,19625.070071895253931871,-68.833629003677742730
2043341.343007628107443452,5891.298417348858492915,22793.061724365827103611,6071.310995089777861722
2044780.703248856356367469,3544.090159068837238010,24246.862475129197264323,11260.382461688106559450
2045776.771441196789965034,1820.697566350474289720,24637.349631642005988397,14581.448106465701130219
2046132.264063182054087520,1196.260512973375398360,24672.985085437536326936,15708.320106630888403743
2046487.756685167318210006,569.408103059426025538,24659.060505675926833646,16803.656285171444324078
2047483.824877507751807570,-1189.089540990597924974,24379.400107575213041855,19702.608333830299670808
2048923.185118736000731587,-3699.299925221595458424,23434.221305981547629926,23446.451962357823504135
2050520.754460481461137533,-6388.924807249258265074,21776.388658001302246703,26991.946710286210873164
2051960.114701709710061550,-8687.276394879740109900,19844.815438728855951922,29649.751330936909653246
2052956.182894050143659115,-10194.474431791841197992,18309.537653214065358043,31198.663452405140560586
2053311.675516035407781601,-10714.330455146078747930,17727.463952908201463288,31694.964298201532074017
2053667.168138020439073443,-11224.245843954939118703,17128.938096728241362143,32161.852726349789008964
2054663.236330360872671008,-12597.892033425336194341,15371.686046832182910293,33314.931434037222061306
2056102.596571589121595025,-14430.900793750033699325,12652.554984708427582518,34583.311707199369266164
2057700.165913334582000971,-16239.375905632441572379,9438.266728447357309051,35450.788645586901111528
2059139.526154562830924988,-17650.210920615343638929,6413.082528738379551214,35753.648831282618630212
2060135.594346903264522552,-18497.810670320624922169,4270.099518753941083560,35700.488014421964180656
2060491.086968888528645039,-18773.769518333043379243,3498.422300878827172710,35629.752194523796788417
2060846.579590873792767525,-19035.414252727747225435,2724.077828245211549074,35531.848264597603701986
2061842.647783214226365089,-19690.347485386821063003,545.218656641609413782,35113.025370301387738436
2063282.008024442475289106,-20424.478450629823782947,-2605.603663682835758664,34131.835179717665596399
2064879.577366187935695052,-20926.481723998716915958,-6060.781643316189729376,32521.481243739253841341
2066318.937607416184619069,-21075.376675455736403819,-9087.035546438964956906,30598.255870231798326131
2067315.005799756618216634,-20997.683934660395607352,-11105.720338573608387378,29003.207127834604762029
2067670.498421741882339120,-20932.256445521503337659,-11807.014884151598380413,28381.304826618172228336
2068025.991043726913630962,-20846.329449736516835401,-12496.743526744421615149,27731.607470825678319670
2069022.059236067347228527,-20492.534943830225529382,-14359.067676638082048157,25762.616466819094057428
2070461.419477295596152544,-19669.011208417836314766,-16825.883394052798394114,22528.697469319369702134
2072058.988819041056558490,-18281.893806562613463029,-19154.159061361639032839,18401.006657779420493171
2073498.349060269305482507,-16558.249555675149167655,-20755.550243590914760716,14204.904123479162080912
2074494.417252609739080071,-15075.266893383102797088,-21505.002542709120461950,11048.523952851806825493
2074849.909874595003202558,-14484.517861139867818565,-21687.076463622699520783,9875.300858072960181744
2075205.402496580267325044,-13860.124047615603558370,-21818.748182529838231858,8679.155105942663794849
2076201.470688920700922608,-11924.812349896637897473,-21885.227726437431556405,5218.464355195539610577
2077640.830930148949846625,-8622.539686347179667791,-21020.577731287095957668,19.903673159157733608
2079238.400271894410252571,-4261.350464650582580362,-18299.472569129728071857,-5704.840841512677798164
2080677.760513122659176588,135.478192805107937602,-13774.075333976943511516,-10188.800633748540349188
2081673.828705463092774153,3188.847663953192750341,-9347.589998477920744335,-12374.873361608875711681
2082029.321327448356896639,4218.903927796681273321,-7531.427415211283005192,-12878.963272634600798483
2082384.813949433621019125,5191.978608740800154919,-5613.997911181662857416,-13209.339580316733190557
2083380.882141774054616690,7480.103904769137443509,91.739456497171886440,-13120.871566462803457398
2084820.242383002303540707,9283.225959828887425829,8166.827890971356282535,-10464.115024710099532967
2086417.811724747763946652,9249.556041274185190559,15370.935362603608155041,-5197.420112917727237800
2087857.171965976012870669,7949.086403799597064790,19854.844031059474218637,336.867409576458157972
2088853.240158316446468234,6624.557722403689695057,21958.847903055007918738,4193.208348340691372869
2089208.732780301710590720,6096.256024118799359712,22537.798404754543298623,5543.211236306136015628
2089564.225402286741882563,5545.688878932671286748,23034.564152516144531546,6873.058205157878546743
2090560.293594627175480127,3913.692477865134605963,24029.246769297908031149,10469.561422081125783734
2091999.653835855424404144,1418.102521622943186230,24583.712290382925857557,15270.428239344460962457
2093597.223177600884810090,-1408.873102388135976071,24224.374989643489243463,19994.921063690941082314
2095036.583418829133734107,-3921.270236266198025987,23212.071825942563009448,23692.699161693039059173
2096032.651611169567331672,-5612.072814260125596775,22202.432960661430115579,25943.835697601225547260
2096388.144233154831454158,-6203.135844470637493941,21789.069274326546292286,26687.096107205445150612
2096743.636855140095576644,-6786.918488602052093484,21350.116148063774744514,27399.019623016414698213
2097739.705047480762004852,-8380.327994415320063126,19994.940427829104010016,29228.623686479655589210
2099179.065288708545267582,-10559.744501189545189845,17752.469275213388755219,31449.929079387839010451
2100776.634630454238504171,-12786.651650663250620710,14942.809007866548199672,33344.897602862532949075
2102215.994871682487428188,-14601.814331819839935633,12184.325538987737672869,34550.910530146560631692
2103212.063064022921025753,-15743.756715214181895135,10176.428054536603667657,35112.615927847742568702
2103567.555686008185148239,-16127.645280248822018621,9443.612224127204171964,35259.643991587145137601
2103923.048307993449270725,-16498.752149025600374443,8703.311105188602596172,35378.724635124272026587
2104919.116500333882868290,-17468.718448842952057021,6594.522253407398238778,35564.272556365111086052
2106358.476741562131792307,-18680.808414472587173805,3479.587671031277295697,35449.286945056250260677
2107956.046083307359367609,-19747.765566378126095515,-27.702612640302049840,34794.748285117420891766
2109395.406324535608291626,-20440.908117451454018010,-3188.677605136107104045,33731.510202378500252962
2110391.474516876041889191,-20762.139172103667078773,-5353.752170449956793163,32732.567149163180147298
2110746.967138861306011677,-20843.953192677396145882,-6118.691071392575395294,32323.777436524462245870
2111102.459760846570134163,-20907.992935369718907168,-6878.410819910872305627,31887.422972299984394340
2112098.527953187003731728,-20989.885819920873473166,-8972.903417363155313069,30517.528586252225068165
2113537.888194415252655745,-20840.942099642212269828,-11881.003329235114506446,28152.419512128493806813
2115135.457536160480231047,-20275.627136696406523697,-14877.510147853527087136,24989.285216081232647412
2116574.817777388729155064,-19370.708558507471025223,-17287.778236931444553193,21651.234108979515440296
2117570.885969729162752628,-18504.341272085282980697,-18744.765339353689341806,19070.360423077054292662
2117926.378591714426875114,-18144.381510579918540316,-19214.639610992846428417,18096.002846032759407535
2118281.871213699690997601,-17756.604913583269080846,-19655.046126028988510370,17093.906351949262898415
2119277.939406040124595165,-16515.575327742088120431,-20713.150877272819343489,14140.854496189978817711
2120717.299647268373519182,-14291.362679547422885662,-21688.678508733195485547,9514.066873465202661464
2122314.868989013601094484,-11168.401482890985789709,-21760.750585262001550291,3955.922586217492607830
2123754.229230241850018501,-7720.606793623976045637,-20582.599186628689494682,-1270.956811323983856710
2124750.297422582283616066,-4986.427354902158185723,-18859.448447108741675038,-4845.565985165156234871
2125105.790044567547738552,-3949.067919456163053837,-18030.197764749187626876,-6074.885411607622700103
2125461.282666553277522326,-2884.706735515163018135,-17077.208866040775319561,-7262.322845487768972816
2126457.350858893711119890,190.675855047797995212,-13701.825602336737574660,-10243.574906837955495575
2127896.711100121960043907,4511.834405616241383541,-6979.168706292010938341,-13000.087404179459554143
2129494.280441867187619209,8088.332558801535924431,2110.663163526883181476,-12730.448277591260193731
2130933.640683095436543226,9431.979203761149619822,9917.053040514001622796,-9451.569714272718556458
2131929.708875435870140791,9356.449169509203784401,14364.993842774096265202,-6100.141960738172201673
2132285.201497421134263277,9170.253509723133902298,15726.528838618787631276,-4786.730189660517680750
2132640.694119406398385763,8914.748005445642775157,16969.416973473329562694,-3436.969803770693033584
2133636.762311746831983328,7899.081162546181076323,19849.494251678777800407,437.545542810893039132
2135076.122552975080907345,5890.862650578192187822,22621.800687639675743412,5983.841287153485609451
2136673.691894720308482647,3253.406888916862953920,24148.849906982282846002,11738.279150673759431811
2138113.052135948557406664,721.307059935212691926,24444.925874055745225633,16416.188722081191372126
2139109.120328288991004229,-1051.552156441537363207,24173.924890531452547293,19345.311262074919795850
2139464.612950274255126715,-1682.115948801076228847,23996.524621106989798136,20328.503672511538752588
2139820.105572259519249201,-2309.975092137327465025,23780.421445788655546494,21278.919531601099151885
2140816.173764599952846766,-4047.916286772788225790,22986.313015594285388943,23767.922745442996529164
2142255.534005828201770782,-6480.060701601966684393,21412.742416828019486275,26916.597683867581508821
2143853.103347573429346085,-9033.131292597006904543,19185.020657175205997191,29805.040246386222861474
2145292.463588801678270102,-11173.944848550167080248,16832.325967998112901114,31876.301000900602957699
2146288.531781142111867666,-12556.114580238107009791,15048.859419980566599406,33022.147868079853651579
2146644.024403127375990152,-13028.452988816596189281,14385.949877771223327727,33375.056682832568185404
2146999.517025113105773926,-13489.389362893261932186,13710.447575658432469936,33698.752307575916347560
2147995.585217453539371490,-14718.246839584642657428,11757.132567798202217091,34451.416933066109777428
2149434.945458681788295507,-16322.950675837251765188,8802.635989562075337744,35142.085364678976475261
2151032.514800427015870810,-17851.870730949198332382,5389.282260558107736870,35367.087320637489028741
2152471.875041655264794827,-18986.560377193243766669,2238.833376974173916096,35087.390708708866441157
2153467.943233995698392391,-19628.815960016971075675,39.262118810785977985,34627.761265672263107263
2153823.435855980962514877,-19828.517249721640837379,-746.525938488377619251,34411.130510248083737679
2154178.928477966226637363,-20012.283388421270501567,-1531.713349447349401089,34166.843505978475150187
2155174.996670306660234928,-20440.014739261143404292,-3723.061519148889601638,33334.995709922659443691
2156614.356911534909158945,-20820.653804457575461129,-6842.562964872227894375,31748.434071338273497531
2158211.926253280136734247,-20891.191304967520409264,-10186.815896615846213535,29452.566600786223716568
2159651.286494508385658264,-20610.783072491314669605,-13033.179376232084905496,26898.363283501414116472
2160647.354686848819255829,-20210.234303952074697008,-14875.064241174270136980,24859.308347053527540993
2161002.847308834083378315,-20023.958002176848822273,-15501.485927610528960940,24077.599784466219716705
2161358.339930819347500801,-19814.039629468923521927,-16109.600123038944730069,23267.463641364178329241
2162354.408123159781098366,-19095.025435051698877942,-17703.889606626904424047,20846.196393501537386328
2163793.768364388030022383,-17692.492622336398198968,-19662.948221551399910823,16956.033727574584190734
2165391.337706133257597685,-15581.480419115232507465,-21213.074413675039977534,12112.906489333901845384
2166830.697947361506521702,-13123.459638579866805230,-21851.486795537181023974,7317.892814894258663116
2167826.766139701940119267,-11085.623104712072745315,-21740.675350025638181251,3805.812629199217099085
2168182.258761687204241753,-10288.455081675900146365,-21568.744092685214127414,2525.007667027854495245
2168537.751383672934025526,-9453.953567940312495921,-21318.470472342316497816,1235.093441423511194444
2169533.819576013367623091,-6917.936580762447192683,-20147.247548199433367699,-2387.675769027545811696
2170973.179817241616547108,-2782.940900062938453630,-16984.039818425026169280,-7387.253495599958114326
2172570.749158986844122410,2149.189379750248008349,-11002.264263442582887365,-11751.469839876532205380
2174010.109400215093046427,6150.125595671588598634,-3483.178228590716571489,-13360.483598417669782066
2175006.177592555526643991,8135.515376738751001540,2287.089218648383393884,-12682.003696856625538203
2175361.670214540790766478,8632.444071432069904404,4318.960033381138600816,-12086.569014390244774404
2175717.162836526054888964,9012.254421239127623267,6292.447723576818134461,-11326.908131545276773977
2176713.231028866488486528,9480.452041958631525631,11344.104951080253158580,-8493.689204718119071913
2178152.591270094737410545,8878.866450700041241362,17063.292440276676643407,-3291.078614789826133347
2179750.160611839964985847,7059.239645762977488630,21232.365968279678781983,2935.874622817364979710
2181189.520853068213909864,4855.369715712633478688,23363.587290505933196982,8364.042069949566212017
2182185.589045408647507429,3168.968308598367002560,24119.086607069672027137,11883.643590664765724796
2182541.081667393911629915,2549.126001460002044041,24267.802889304890413769,13083.862737073726748349
2182896.574289379175752401,1923.215456549951341003,24358.906847789556195494,14253.044320410912405350
2183892.642481719609349966,151.500751054466036294,24335.303631988808774622,17358.650645950394391548
2185332.002722947858273983,-2407.560180761372066627,23677.472253886484395480,21392.551453724165185122
2186929.572064693085849285,-5176.884282795243052533,22250.679551579327380750,25240.014732419418578502
2188368.932305921334773302,-7560.223696493932948215,20467.517013371179928072,28149.010917350839008577
2189365.000498261768370867,-9130.477377041457657469,19008.905655020324047655,29860.018735745943558868
2189720.493120247032493353,-9673.385588752815237967,18449.801022068921156460,30411.897381661288818577
2190075.985742232762277126,-10206.568422710628510686,17872.140912311278952984,30933.192982572061737301
2191072.053934573195874691,-11646.239496656271512620,16163.112805405698964023,32232.640642917122022482
2192511.414175801444798708,-13575.756424594448617427,13490.516661659032251919,33697.446910950813617092
2194108.983517546672374010,-15491.330893814760202076,10301.546090520845609717,34763.614553765932214446
2195548.343758774921298027,-16997.635865229873161297,7279.871321702497880324,35229.618697889542090707
2196544.411951115354895592,-17910.417795001194463111,5130.322856000361753104,35281.288315052435791586
2196899.904573100619018078,-18209.436431530462868977,4354.712867249616465415,35246.464432405184197705
2197255.397195085883140564,-18494.027723106424673460,3575.652593507917117677,35183.712411069231166039
2198251.465387426316738129,-19212.630837114287714940,1379.657886783952108090,34859.488717725747846998
2199690.825628654565662146,-20037.096266683322028257,-1805.236032430571412988,34005.488456441351445392
2201288.394970399793237448,-20637.085919405781169189,-5309.710583161597241997,32524.336315614895283943
2202727.755211628042161465,-20872.390709325914940564,-8389.791233195292079472,30707.847399589754786575
2203723.823403968475759029,-20853.616539079495851183,-10450.724389462986437138,29181.810272775954217650
2204079.316025953739881516,-20809.072945088755659526,-11168.085470943477048422,28583.642014515149639919
2204434.808647939004004002,-20743.965884191897202982,-11874.407433006910650874,27957.226831281375780236
2205430.876840279437601566,-20448.239402291619626340,-13786.107369615023344522,26051.158391809960448882
2206870.237081507686525583,-19708.290444323221890954,-16332.339551510747696739,22902.479039662259310717
2208467.806423252914100885,-18414.349617518746526912,-18761.885279509922838770,18861.905984184057160746
2209907.166664481163024902,-16776.083671274991502287,-20469.752324650657101301,14737.245333125036268029
2210903.234856821596622467,-15353.531587991035848972,-21304.101434580512432149,11625.571418006660678657
2211258.727478806860744953,-14784.678536444351266255,-21519.234137666611786699,10467.119063506652310025
2211614.220100792590528727,-14182.363024267582659377,-21685.636847245641547488,9284.990484201531216968
2212610.288293133024126291,-12309.828663119376869872,-21859.770456255846511340,5858.502381903036621225
2214049.648534361273050308,-9099.291347027525262092,-21185.039217123343405547,688.756075244190469675
2215647.217876106500625610,-4831.478725696816582058,-18738.701321207994624274,-5060.893899029732892814
2217086.578117334749549627,-481.070022212677031348,-14521.581754357059253380,-9672.969821295459041721
2218082.646309675183147192,2592.907064201407138171,-10313.850357754006836331,-12041.849883476457762299
2218438.138931660447269678,3646.180559870630531805,-8566.332778171199606732,-12631.870435726195864845
2218793.631553645711392164,4651.897521802230585308,-6707.671104127462058386,-13057.471408475981661468
2219789.699745986144989729,7077.871571781246530009,-1090.163993220639895299,-13261.870865914406749653
2221229.059987214393913746,9135.865111308534324053,7078.689945700259158912,-10967.707249310198676540
2222826.629328959621489048,9324.031597662615240552,14545.863522603933233768,-5886.010678645016923838
2224265.989570187870413065,8128.842986422105241218,19253.070261085587844718,-366.965505920960822550
2225262.057762528304010630,6837.467624690598313464,21475.432044609391596168,3520.088982273509373044
2225617.550384513568133116,6315.398520205693785101,22089.135241955278615933,4885.078251794097923266
2225973.043006498832255602,5768.732200646203637007,22616.942011848892434500,6231.135440099353218102
2226969.111198839265853167,4137.876900099197882810,23680.536553614161675796,9876.288771004394220654
2228408.471440067514777184,1626.975417617918083124,24295.135536457513808273,14746.742866809767292580
2230006.040781812742352486,-1228.944758824378823192,23961.519916640227165772,19537.658513353722810280
2231445.401023040991276503,-3771.180782710550829506,22946.084566069952416001,23281.395498964975558920
2232441.469215381424874067,-5482.569570505274896277,21923.685437411641032668,25555.927095205101068132
2232796.961837366688996553,-6080.764378143074281979,21504.104598769092262955,26305.849351433902484132
2233152.454459352418780327,-6671.514550593897183717,21058.178700940905400785,27023.549112890930700814
2234148.522651692852377892,-8283.347539073321968317,19680.000002063210558845,28864.657615099073154852
2235587.882892921101301908,-10485.741192738405516138,17397.342255353993095923,31090.627228394187113736
2237185.452234666328877211,-12731.873562253527779831,14536.967814721707327408,32974.762709905284282286
2238624.812475894577801228,-14557.734698624442899018,11730.207150786405691179,34157.152006175470887683
2239620.880668235011398792,-15702.995297707759164041,9688.734157995990244672,34695.077615727816009894
2239976.373290220275521278,-16087.206770246342784958,8944.062972559826448560,34832.179469732851430308
2240331.865912205539643764,-16458.166985027095506666,8192.023507150346631533,34940.586452091636601835
2241327.934104545973241329,-17425.133380683611903805,6051.229689649910142180,35092.294187529150804039
2242767.294345774222165346,-18625.763235259000794031,2893.468483878781626117,34918.354309145448496565
2244364.863687519449740648,-19669.322386889678455191,-654.313700151806642680,34184.806457381724612787
2245804.223928747698664665,-20330.851508430623653112,-3842.922523213395834318,33038.470579375847592019
2246800.292121088132262230,-20623.838567905964737292,-6020.791754248413781170,31975.577297511776123429
2247155.784743073396384716,-20694.230835069945896976,-6788.822910686248178536,31542.713971700377442176
2247511.277365058660507202,-20746.114725930801796494,-7550.780589881327614421,31081.638390435608016560
2248507.345557399094104767,-20789.873903694122418528,-9646.528163564127680729,29639.093106596716097556
2249946.705798627343028784,-20574.451571304896788206,-12541.123121180327871116,27160.551331406008102931
2251544.275140372570604086,-19917.865173747475637356,-15495.914885139987745788,23860.924801072545960778
2252983.635381600819528103,-18912.946210469977813773,-17837.267972219327930361,20392.270464330591494218
2253979.703573941253125668,-17966.401316139985283371,-19224.326122349179058801,17718.461872275649511721
2254335.196195926517248154,-17575.496952400691952789,-19663.990434552004444413,16710.791307897059596144
2254690.688817912247031927,-17155.503244410647312179,-20071.096901140437694266,15675.467403816624937463
2255686.757010252680629492,-15817.218506927076305146,-21017.389376364018971799,12630.937282050814246759
2257126.117251480929553509,-13433.908490392579551553,-21772.576222427524044178,7883.429410555708273023
2258723.686593226157128811,-10111.281661276199884014,-21491.566603083079826320,2232.056558655416665715
2260163.046834454406052828,-6475.962550744983673212,-19863.966420254608237883,-2993.797412155835445446
2261159.115026794839650393,-3627.120688099386370595,-17742.852318811601435300,-6475.754539650494734815
2261514.607648780103772879,-2557.211772236641081690,-16754.653179157357953954,-7644.461380230834038230
2261870.100270765367895365,-1467.401232991996494093,-15635.262337313792158966,-8753.073235343765190919
2262866.168463105801492929,1622.118185823569092463,-11773.688540897128405049,-11396.608345979750083643
2264305.528704334050416946,5727.351815649288255372,-4464.179021586499402474,-13328.518619892865899601
2265903.098046079277992249,8716.212242593332121032,4705.648802516027899401,-11942.401569730929622892
2267342.458287307526916265,9469.678570506919641048,12039.780942110985051841,-7948.169269803409406450
2268338.526479647960513830,9071.819703302882771823,16041.335699173272587359,-4343.212939530382755038
2268694.019101633224636316,8791.504164357420449960,17241.889858849925076356,-2978.025790975380004966
2269049.511723618488758802,8452.141739822893214296,18326.838436020403605653,-1592.687122736115952648
2270045.579915958922356367,7249.328118126204572036,20790.528999362941249274,2314.670321256324314163
2271484.940157187171280384,5065.998972457222407684,23042.163448835810413584,7795.790918497002166987
2273082.509498932398855686,2320.758978077502433734,24094.270727540137158940,13396.385391447451183922
2274521.869740160647779703,-258.914409121875905839,24035.483638672569213668,17898.969443912104907213
2275517.937932501081377268,-2045.531411580278245310,23550.661397494735865621,20695.005011929562897421
2275873.430554486345499754,-2677.939269490444530675,23302.284584023112984141,21628.998710596879391233
2276228.923176472075283527,-3306.200653917688214278,23017.759804142184293596,22529.449386457574291853
2277224.991368812508881092,-5038.291680919246573467,22044.422698664522613399,24874.836197128715866711
2278664.351610040757805109,-7446.047292642503634852,20240.475711863444303162,27807.830947642076353077
2280261.920951785985380411,-9952.935475689317172510,17790.897718497675668914,30446.872962765442935051
2281701.281193014234304428,-12036.561559964145999402,15264.988604362231853884,32284.741932977747637779
2282697.349385354667901993,-13370.892186729497552733,13375.284869357457864680,33264.164045083838573191
2283052.842007339932024479,-13824.537124398459127406,12677.064278845871740486,33556.674737991066649556
2283408.334629325196146965,-14265.926738893258516327,11967.603389807261919486,33819.433495662538916804
2284404.402821665629744530,-15435.438198672607541084,9926.302056452845135937,34398.416745818547497038
2285843.763062893878668547,-16942.211796234536450356,6863.393862809657548496,34830.124741089035524055
2287441.332404639106243849,-18344.777762378831539536,3356.476386525251200510,34755.946958765336603392
2288880.692645867355167866,-19348.536799987865379080,147.544660495804691891,34195.377362933650147170
2289876.760838207788765430,-19889.924418139737099409,-2076.850303470438120712,33534.739486947983095888
2290232.253460193052887917,-20051.465417732506466564,-2868.158857795623589482,33245.009960629249690101
2290587.746082178317010403,-20195.887647088609810453,-3657.017713250268116099,32926.896060794533696026
2291583.814274518750607967,-20506.798409489532787120,-5848.229961599472517264,31884.254222445073537529
2293023.174515746999531984,-20700.161878235587209929,-8937.478828098035592120,29982.676727378428040538
2294620.743857492227107286,-20534.165153362184355501,-12199.115072215314285131,27322.801423454067844432
2296060.104098720476031303,-20011.044595169631065801,-14916.799098888288426679,24428.511679456023557577
2297056.172291060909628868,-19423.864213415439735400,-16632.710043264283740427,22148.471584813691151794
2297411.664913046173751354,-19166.935306193794531282,-17205.661093786238780012,21279.912107704749359982
2297767.157535031437873840,-18884.116972142186568817,-17755.364921102831431199,20382.610781614337611245
2298763.225727371871471405,-17948.208366003880655626,-19156.776776027330924990,17716.408689760792185552
2300202.585968600120395422,-16196.553701328592069331,-20745.931361152750469046,13476.650385827937498107
2301800.155310345347970724,-13644.110844001455916441,-21719.102202657904854277,8273.078025982451435993
2303239.515551573596894741,-10740.283992418651905609,-21631.246225337905343622,3220.562175106378163036
2304235.583743914030492306,-8374.746433814159900066,-20865.455230045183270704,-391.421336373497069872
2304591.076365899294614792,-7459.638122305234901432,-20423.608446957674459554,-1683.020348281150063485
2304946.568987885024398565,-6508.346656691650423454,-19882.540203914133599028,-2966.340077151705827418
2305942.637180225457996130,-3665.980507977279103216,-17778.562978416295663919,-6446.974097776076632726
2307381.997421453706920147,748.887224596464420756,-12981.869635527596983593,-10743.195763025170890614
2308979.566763198934495449,5405.273772076634486439,-5173.262607556008333631,-13277.473566714634216623
2310418.927004427183419466,8343.961028489356976934,3087.309933130053650530,-12456.015163340902290656
2311414.995196767617017031,9304.112792492476728512,8525.004713070853540557,-10198.112071308911254164
2311770.487818752881139517,9433.047251760979634128,10294.968845432349553448,-9139.626232646805874538
2312125.980440738145262003,9459.857138402665441390,11953.737455845828662859,-7981.956213875071625807
2313122.048633078578859568,9066.441447258057451108,15965.790514861171686789,-4374.456751996398452320
2314561.408874306827783585,7597.029762960883999767,20139.337931227037188364,1246.082227579402569972
2316158.978216052055358887,5229.931060841619910207,22846.504313990655646194,7382.845895325544915977
2317598.338457280304282904,2769.815820471966617333,23925.057102432499959832,12500.304326901175954845
2318594.406649620737880468,989.422603836889265949,24075.068154141121340217,15745.727493660400796216
2318949.899271606002002954,348.175579461823190286,24028.240240126866410719,16841.360804342730261851
2319305.391893591266125441,-293.777780419242048993,23933.498343907918751938,17903.427346499622217380
2320301.460085931699723005,-2086.085692088438918290,23435.619860395585419610,20699.127551323803345440
2321740.820327159948647022,-4624.874510902948713920,22194.742413985793973552,24270.050468758567149052
2323338.389668905176222324,-7320.482252972183232487,20233.545188123141997494,27593.889089752359723207
2324777.749910133425146341,-9602.199371964608872076,18049.921635909831820754,30026.989541077462490648
2325773.818102473858743906,-11085.852663369756555767,16351.957038205464414204,31407.027537283389392542
2326129.310724459122866392,-11594.916458212657744298,15714.180832652493336354,31840.449058010712178657
2326484.803346444852650166,-12092.774848978948284639,15061.214196396827901481,32243.093833956354501424
2327480.871538785286247730,-13425.834608728242528741,13158.290900527301346301,33208.924160247552208602
2328920.231780013535171747,-15182.081695252287317999,10247.364843197989102919,34187.902488299543620087
2330517.801121758762747049,-16879.192634132905368460,6848.280041609525142121,34708.031188163949991576
2331957.161362987011671066,-18164.643001084699790226,3684.828108139342930372,34674.152852772080223076
2332953.229555327445268631,-18910.634956376601621741,1463.715859083127725171,34374.588891092302219477
2333308.722177312709391117,-19147.238853901242691791,667.945385606764034492,34213.237867931115033571
2333664.214799297973513603,-19367.847221538726444123,-128.382614150162339683,34023.303124286598176695
2334660.282991638407111168,-19898.519375988853425952,-2356.907629445263410162,33339.033618793058849405
2336099.643232866656035185,-20427.380122980939631816,-5545.030517510385834612,31954.378702457095641876
2337697.212574611883610487,-20662.359500273538287729,-8985.563221470827556914,29868.618537739737803349
2339136.572815840132534504,-20531.000998092782538151,-11937.311094416245396133,27492.624247767846100032
2340132.641008180566132069,-20234.731261495679063955,-13863.337842132001242135,25571.349996997156267753
2340488.133630165830254555,-20086.002693356778763700,-14522.212939550250666798,24830.638174607531254878
2340843.626252151094377041,-19913.845064804798312252,-15164.144237255248299334,24060.963169940212537767
2341839.694444491527974606,-19301.997232906880526571,-16861.056650290200195741,21750.215268845448008506
2343279.054685719776898623,-18058.940698422509740340,-18992.307772957952693105,18011.936464300626539625
2344876.624027465004473925,-16133.585835779593253392,-20776.488446819745149696,13323.864547993394808145
2346315.984268693253397942,-13852.470421664565947140,-21679.622823777765006525,8649.212455132324976148
2347312.052461033686995506,-11942.264172903122016578,-21793.111194789311412023,5201.701043284410843626
2347667.545083018951117992,-11191.351374771016708110,-21711.387128187940106727,3938.261102082781690115
2348023.037705004680901766,-10403.227150897208048264,-21557.411911000177497044,2661.767482595912042598
2349019.105897345114499331,-7995.281938919843014446,-20692.591136186638323124,-951.713974162450085714
2350458.466138573363423347,-4019.004544733386865119,-18080.225073231853457401,-6058.114116261063827551
2352056.035480318590998650,866.538206715901651478,-12824.233046213528723456,-10844.966703091202361975
2353495.395721546839922667,5089.360787153521414439,-5835.357791488971997751,-13204.328217918724476476
2354491.463913887273520231,7396.364583855813179980,-167.401349080338150088,-13148.199438345991438837
2354846.956535872537642717,8027.172777878411579877,1894.537386914488706680,-12760.435532314728334313
2355202.449157857801765203,8543.129136847275731270,3929.508591108511609491,-12189.891160487160959747
2356198.517350198235362768,9368.424602039813180454,9273.826535185660759453,-9758.088434504763426958
2357637.877591426484286785,9140.345282620110083371,15527.533359948012730456,-4809.194665411378991848
2359235.446933171711862087,7535.481554331405277480,20210.272159329484566115,1422.744491800666764902
2360674.807174399960786104,5406.233837179064721568,22675.467910413193749264,6965.840186159354743722
2361670.875366740394383669,3732.214076573355669098,23598.146261658737785183,10585.388229480278823758
2362026.367988725658506155,3111.567064346067127190,23795.814104187164048199,11822.321031656763807405
2362381.860610710922628641,2482.711242278892314062,23930.854389315452863229,13028.167705138001110754
2363377.928803051356226206,693.845759122548997766,24006.656352232323115459,16234.125858977469761157
2364817.289044279605150223,-1905.154902109885597383,23441.858813414673932130,20401.146600489933916833
2366414.858386024832725525,-4728.897745955808204599,22066.034414454843499698,24374.194065792537003290
2367854.218627253081649542,-7163.565926725222198002,20294.907752118066127878,27374.451685953201376833
2368850.286819593515247107,-8768.454464809621640597,18830.755150767956365598,29136.417015067694592290
2369205.779441578779369593,-9323.337456961318821413,18267.465748893413547194,29704.106987607327027945
2369561.272063564509153366,-9868.237664212709205458,17684.609313123928586720,30239.983180533079575980
2370557.340255904942750931,-11339.125896136856681551,15956.340981525892857462,31573.842518106892384822
2371996.700497133191674948,-13308.682244134415668668,13246.414323971876001451,33072.111000585602596402
2373594.269838878419250250,-15260.275941624720871914,10007.381591123474208871,34153.939351421016908716
2375033.630080106668174267,-16790.305381313650286756,6936.708149104304538923,34615.681294307360076346
2376029.698272447101771832,-17714.162632837222190574,4752.811345118592726067,34654.655963016601162963
2376385.190894432365894318,-18016.010945757432637038,3965.077038548465225176,34613.428227989243168849
2376740.683516417630016804,-18302.820417128270491958,3174.032832288866302406,34543.304455898411106318
2377736.751708758063614368,-19024.269984979055152507,945.577024451255056192,34193.359468214293883648
2379176.111949986312538385,-19843.585468482557189418,-2281.721705286877295293,33289.367943617849959992
2380773.681291731540113688,-20423.983898006295930827,-5823.683760784559126478,31735.713841677385062212
2382213.041532959789037704,-20627.952978950397664448,-8925.197693267355134594,29839.355190733676863601
2383209.109725300222635269,-20579.222799822702654637,-10991.963534750359031023,28250.438724496143549914
2383564.602347285486757755,-20522.245991967869485961,-11709.283025181870470988,27628.401419903158966918
2383920.094969270750880241,-20443.753077258774283109,-12414.323002392507987679,26977.397120553378044860
2384916.163161611184477806,-20105.239539730690012220,-14315.087049232854042202,24998.797263582880987087
2386355.523402839433401823,-19288.767004788685881067,-16822.760521412892558146,21736.961106296006619232
2387953.092744584660977125,-17887.530601459118770435,-19168.938279439429607010,17562.605825102516973857
2389392.452985812909901142,-16130.460347083921078593,-20752.947096060146577656,13315.811268993373232661
2390388.521178153343498707,-14612.715218388182620401,-21466.253994174927356653,10123.790197761651143082
2390744.013800138607621193,-14007.316841660473073716,-21629.742691599858517293,8938.583925121101856348
2391099.506422124337404966,-13367.147217985055249301,-21739.508335140952112852,7731.206856342885657796
2392095.574614464771002531,-11382.179024786410082015,-21725.007756195391266374,4245.588503001110439072
2393534.934855693019926548,-7998.527337739134964067,-20683.951781855372246355,-956.911257052437576931
2395132.504197438247501850,-3554.492426500187320926,-17673.464895651097322116,-6594.541235232932194776
2396571.864438666496425867,862.996291291101442766,-12822.781267379752534907,-10846.603246750888501992
2397567.932631006930023432,3861.445220110624177323,-8186.920882989403253305,-12755.183871878962236224
2397923.425252992194145918,4853.087116310177407286,-6312.873426087418920361,-13138.283306305915175471
2398278.917874977458268404,5777.416150719533106894,-4351.599863004308645031,-13339.294564866298969719
2399274.986067317891865969,7882.159889374397607753,1383.145335911914116878,-12873.434246556193102151
2400714.346308546140789986,9369.159560779628009186,9262.308108542147238040,-9758.346764564397744834
2402311.915650291368365288,9031.443865357554386719,16075.637527993501862511,-4204.623403703004441923
2403751.275891519617289305,7528.194861286629929964,20181.350631145760416985,1431.247386741172704205
2404747.344083860050886869,6095.438119331251073163,22032.728999051425489597,5302.096163639331280137
2405102.836705845315009356,5533.641012303800380323,22524.090859079587971792,6649.138438148551358609
2405458.329327830579131842,4951.959569806282161153,22934.651530593291681726,7972.381493667218819610
2406454.397520171012729406,3244.146589593408407382,23694.969465614198270487,11533.421221447872085264
2407893.757761399261653423,664.453714599767408799,23928.151048932162666460,16246.167638951948902104
2409491.327103144489228725,-2225.942620792575780797,23233.844112472896085819,20830.902746256040700246
2410930.687344372738152742,-4771.440726745256142749,21937.719984544462931808,24370.141832215616886970
2411926.755536713171750307,-6472.550023305038848775,20741.371178124343714444,26494.990290316658501979
2412282.248158698435872793,-7064.845974238343842444,20263.299774690633057617,27190.036214528437994886
2412637.740780684165656567,-7648.582492134069070744,19760.664385210780892521,27852.126208289835631149
2413633.808973024599254131,-9235.057591791686718352,18232.611731964316277299,29533.621041316597256809
2415073.169214252848178148,-11386.632894254140410339,15755.362000664839797537,31519.295947150592837716
2416670.738555998075753450,-13557.449984185415814864,12707.493655342184865731,33123.455149941510171629
2418110.098797226324677467,-15298.497009377279027831,9756.661521082696708618,34041.399917951144743711
2419106.166989566758275032,-16375.447102375144822872,7629.359192479436387657,34389.340686231000290718
2419461.659611552022397518,-16733.322256825562362792,6856.862984860948017740,34457.218416035073460080
2419817.152233537286520004,-17076.895206750054057920,6078.505502402626007097,34495.642059458616131451
2420813.220425877720117569,-17961.388292807598190848,3872.210568878802860127,34447.147368705460394267
2422252.580667105969041586,-19027.203731082885497017,642.434233488900190423,33972.895725036185467616
2423850.150008851196616888,-19897.753852226283925120,-2950.753162640174195985,32890.211632891674526036
2425289.510250079445540905,-20380.161133555400738260,-6144.744091041970023070,31414.591080215523106745
2426285.578442419879138470,-20534.944204644933051895,-8303.651551423226919724,30115.526542900013737381
2426641.071064405143260956,-20552.973808369799371576,-9059.910800150710201706,29596.734224868643650552
2426996.563686390407383442,-20550.819130958563619060,-9807.270315319499786710,29048.875023481647076551
2427992.631878730840981007,-20433.785254778045782587,-11845.869211041626840597,27358.707042162212019321
2429431.992119959089905024,-19959.438984778316807933,-14609.536657267759437673,24511.454382951778825372
2431029.561461704317480326,-18973.780842651896819007,-17336.553612157531460980,20790.435750856049708091
2432468.921702932566404343,-17629.202979633333598031,-19376.974374468445603270,16937.175019577953207772
2433464.989895273000001907,-16420.670371592372248415,-20487.798252062733808998,14000.232465451917960308
2433820.482517258264124393,-15930.550578449279782944,-20812.754801301620318554,12900.547553294654790079
2434175.975139243993908167,-15408.240412076313077705,-21095.637259122697287239,11774.804263431642539217
2435172.043331584427505732,-13766.511248301270825323,-21636.646484489287104225,8489.813979384152844432
2436611.403572812676429749,-10902.798786792667669943,-21623.584891947390133282,3456.256229035178876074
2438208.972914557904005051,-7009.526055695750983432,-20153.874039310459920671,-2329.857413628741596767
2439648.333155786152929068,-2898.153352614157483913,-17067.893294545567187015,-7323.188634305730374763
2440644.401348126586526632,166.427773482203974709,-13721.719751277210889384,-10283.475715991182369180
2440999.893970111850649118,1267.855854143457008831,-12268.674429910259277676,-11165.025878972268401412
2441355.386592097114771605,2355.257111913867902331,-10681.823698907401194447,-11924.398120671092328848
2442351.454784437548369169,5201.502107372282807773,-5604.993328717468102695,-13239.389405139012524160
2443790.815025665797293186,8228.729879317397717386,2625.058985277633837541,-12575.759027218695337069
2445388.384367411024868488,9452.478418037391747930,11057.116797218250212609,-8588.060542214341694489
2446827.744608639273792505,8851.988781977717735572,16783.723113076583103975,-3358.488706865136919077
2447823.812800979707390070,7799.113741654878140253,19613.850065966384136118,557.474145564483478665
2448179.305422964971512556,7336.074200672695042158,20418.562738787382841110,1959.125465518169448842
2448534.798044950235635042,6837.230011546776040632,21123.777187819316168316,3351.326932159929128829
2449530.866237290669232607,5291.899071498100965982,22616.138114744091581088,7159.715537386198775494
2450970.226478518918156624,2815.417361876137874788,23696.452457608738768613,12307.416175997297614231
2452567.795820264145731926,-75.321707158864228404,23715.071516923529998166,17410.900092371059145080
2454007.156061492394655943,-2684.322984585134690860,22908.225731636746786535,21416.802850659543764777
2455003.224253832828253508,-4452.424974539671893581,21984.734046647499781102,23857.076500010560266674
2455358.716875818092375994,-5072.103483050928844023,21593.048709930950280977,24662.767039258487784537
2455714.209497803822159767,-5684.785985987627100258,21171.553630421469279099,25434.416770499912672676
2456710.277690144255757332,-7359.582692187823340646,19845.356187916680937633,27416.948462290696625132
2458149.637931372504681349,-9653.939756037892948370,17602.112721362474985654,29822.129889489668130409
2459747.207273117732256651,-11999.168503917369889678,14747.707043875054296223,31871.527387664875277551
2461186.567514345981180668,-13908.627955099776954739,11921.356661880296087475,33174.077178303690743633
2462182.635706686414778233,-15107.506701602145767538,9856.085542426408210304,33780.057297295345051680
2462538.128328671678900719,-15509.898428032285664813,9101.313612933512558811,33938.571711859127390198
2462893.620950656943023205,-15898.503303540132037597,8338.450243031355057610,34066.914313027984462678
2463889.689142997376620770,-16911.898141769681387814,6164.080843574198297574,34266.798573860643955413
2465329.049384225625544786,-18171.165107434186211322,2951.734326118463741295,34143.228553895205550361
2466926.618725970853120089,-19266.981676659474032931,-660.615647179984534887,33440.375181102972419467
2468365.978967199102044106,-19962.971184373400319600,-3906.826311957779125805,32300.325361628696555272
2469362.047159539535641670,-20272.263901365560741397,-6122.183780922680853109,31230.578652978842001176
2469717.539781524799764156,-20346.905323326562211150,-6902.834825025304780866,30793.141509944471181370
2470073.032403510063886642,-20402.186633945981157012,-7676.915967382256894780,30326.403243581054994138
2471069.100595850497484207,-20450.785372968854062492,-9803.446337607923851465,28862.363972534949425608
2472508.460837078746408224,-20229.525737270418176195,-12731.737217253630660707,26338.922296830838604365
2474106.030178823973983526,-19547.306250048099173000,-15703.316461981279644533,22972.296773321009823121
2475545.390420052222907543,-18500.528007223478198284,-18034.277474382583022816,19430.594554502487881109
2476541.458612392656505108,-17513.840188725189364050,-19395.600063587997283321,16701.279326385585591197
2476896.951234377920627594,-17106.301819717697071610,-19821.670378561466350220,15673.226504339265375165
2477252.443856363650411367,-16668.437058088031335501,-20212.587213733102544211,14617.393572918848803965
2478248.512048704084008932,-15273.428219725539747742,-21098.003173995959514286,11515.930790463453377015
2479687.872289932332932949,-12791.179118783878948307,-21716.386710049064276973,6694.723148686873173574
2481285.441631677560508251,-9339.501012163922496256,-21195.523840748417569557,996.843659394507085381
2482724.801872905809432268,-5585.051908285900026385,-19250.608759611503046472,-4196.280502273078127473
2483720.870065246243029833,-2670.770048455278356414,-16849.047779925524082500,-7577.211308089657904929
2484076.362687231507152319,-1585.632092905716262976,-15750.646238923191049253,-8687.266737430605644477
2484431.855309216771274805,-487.083582349544712997,-14517.668676716468326049,-9722.824741643136803759
2485427.923501557204872370,2578.022622072004196525,-10340.081865422062037396,-12074.514940707549612853
2486867.283742785453796387,6470.813339914482639870,-2716.853586452750278113,-13371.155319200852318318
2488464.853084530681371689,9021.072108403572201496,6368.276496708921513346,-11236.974678663513259380
2489904.213325758930295706,9381.820255827602522913,13308.596734906906931428,-6810.929343798286026868
2490900.281518099363893270,8772.431536754778790055,16983.169858721976197558,-3058.210026019800352515
2491255.774140084628015757,8429.153341134840957238,18067.455177502371952869,-1663.067331017812648497
2491611.266762069892138243,8032.780956417304878414,19038.123367197647894500,-257.308878657849618321
2492607.334954410325735807,6697.767663981780060567,21196.299557226397155318,3667.040830483539593843
2494046.695195638574659824,4379.165438529809762258,23049.082875090993184131,9100.261647204462860827
2495644.264537383802235126,1537.696032872739579034,23711.769427884952165186,14585.945037522244092543
2497083.624778612051159143,-1094.126092147535018739,23340.860838489195884904,18948.643515173294872511
2498079.692970952484756708,-2901.641633124111649522,22657.729880113103718031,21632.434610043903376209
2498435.185592937748879194,-3538.838535292448341352,22341.692598455952975200,22523.677874995100864908
2498790.678214923013001680,-4170.561568539204017725,21991.049481190311780665,23380.042212006512272637
2499786.746407263446599245,-5905.585107956311730959,20840.262875958193035331,25595.093992950671236031
2501226.106648491695523262,-8300.856969694101280766,18798.969027704377367627,28322.936506115718657384
2502823.675990236923098564,-10771.728370782031561248,16110.894064566791712423,30712.089187994628446177
2504263.036231465172022581,-12803.183435918042960111,13392.186838797477321350,32305.314864087609748822
2505259.104423805605620146,-14090.314921910927296267,11381.569061157257237937,33104.676769335099379532
2505614.597045790869742632,-14524.871593168132676510,10642.750566751514270436,33330.787908679201791529
2505970.089667776599526405,-14945.973212255308681051,9894.071390770077414345,33526.019049250193347689
2506966.157860117033123970,-16052.121063194868838764,7750.463442521324395784,33909.756252636027056724
2508405.518101345282047987,-17449.705941614844050491,4560.678018833253190678,34043.449020641884999350
2510003.087443090509623289,-18705.063119538001046749,945.096914671010381426,33616.165644371816597413
2511442.447684318758547306,-19550.702348679002170684,-2328.591007389343303657,32716.970896088907466037
2512438.515876659192144871,-19967.261432383002102142,-4576.693686844890180510,31810.482815646009839838
2512794.008498644456267357,-20080.998114069196162745,-5371.827690460532721772,31430.720199699295335449
2513149.501120629720389843,-20175.831967580448690569,-6161.903502742383352597,31021.369297146466124104
2514145.569312970153987408,-20337.872346407410077518,-8341.600422079569398193,29716.705615607545041712
2515584.929554198402911425,-20288.251619294209376676,-11370.200416411782498471,27420.206338862913980847
2517182.498895943630486727,-19809.348440328110882547,-14490.673744073705165647,24300.955814298136829166
2518621.859137171879410744,-18959.877618502490804531,-16997.279987408615852473,20977.107977688185201259
2519617.927329512313008308,-18119.048506643081054790,-18508.805219281457539182,18394.315350557892088545
2519973.419951497577130795,-17765.623041612765518948,-18995.194278968057915336,17417.339725587113207439
2520328.912573482841253281,-17383.017584595978405559,-19450.373010694587719627,16411.760161564343434293
2521324.980765823274850845,-16149.233682509437130648,-20539.492444061928836163,13445.309145972287296900
2522764.341007051523774862,-13917.098792491466156207,-21527.759507963764917804,8794.889851174179057125
2524361.910348796751350164,-10762.802094891987508163,-21558.600089191240840591,3219.475758813820903015
2525801.270590025000274181,-7274.262755306566759828,-20283.157410756575700361,-1991.413733675354706065
2526797.338782365433871746,-4513.651352666922321077,-18457.543213115961407311,-5519.433056399776432954
2527152.831404350697994232,-3469.278679342701707355,-17585.596374689117510570,-6721.845887787198989827
2527508.324026336427778006,-2400.113608561113323958,-16587.450921525534795364,-7875.820476824705110630
2528504.392218676861375570,670.805202379553975334,-13080.186222785810969071,-10723.040342969741686829
2529943.752459905110299587,4913.154836491390597075,-6207.523805178186194098,-13176.467622879807095160
2531541.321801650337874889,8293.723032750012862380,2873.067755647375633998,-12500.446041331091691973
2532980.682042878586798906,9422.835642468993682996,10497.105096805957145989,-8923.042716910920717055
2533976.750235219020396471,9206.894805162823104183,14763.075914971253951080,-5428.775248474879845162
2534332.242857204284518957,8973.566510707461929996,16053.620452637574999244,-4075.927829593602382374
2534687.735479189548641443,8672.561378340506053064,17223.305017679256707197,-2692.173375616217981587
2535683.803671529982239008,7537.925624114493984962,19889.593263865797780454,1251.571495234818030440
2537123.163912758231163025,5378.919378147051247652,22338.362245437729143305,6839.640148910636526125
2538720.733254503458738327,2602.141544453908863943,23495.495563467789907008,12572.088849184026912553
2540160.093495731707662344,-30.312916188060171407,23454.865613260051759426,17175.992064723104704171
2541156.161688072141259909,-1858.408730923281837022,22951.539924802622408606,20026.255473200679261936
2541511.654310057405382395,-2505.823584178815508494,22691.678586282767355442,20976.080921360116917640
2541867.146932042669504881,-3149.010462710257797880,22393.450601565811666660,21890.451077576952229720
2542863.215124383103102446,-4921.684870513754503918,21371.522275625975453295,24264.506874198377772700
2544302.575365611352026463,-7382.167342555216237088,19476.752871187531127362,27211.918862014768819790
2545900.144707356579601765,-9935.397590738997678272,16907.617039328295504674,29830.191418864847946679
2547339.504948584828525782,-12046.928724232870081323,14264.929920285994739970,31617.290426745301374467
2548335.573140925262123346,-13391.774136025700499886,12292.645783669839147478,32544.383923440982471220
2548691.065762910526245832,-13847.297778706835742923,11565.000977939394942950,32814.892810457124141976
2549046.558384896256029606,-14289.540605412066724966,10826.261975631188761326,33053.924582796520553529
2550042.626577236689627171,-15455.775457344236201607,8704.323585003759944811,33557.360482959833461791
2551481.986818464938551188,-16942.191653675432462478,5531.115585410587300430,33856.782103060941153672
2553079.556160210166126490,-18298.764787613450607751,1915.554815532145767065,33604.670674186512769666
2554518.916401438415050507,-19238.087757598081225296,-1373.436138972647313494,32856.572048021502268966
2555514.984593778848648071,-19721.048139254093257478,-3640.372281229888358212,32051.453411989681626437
2555870.477215764112770557,-19858.832495996994111920,-4443.864252545248746173,31707.304854029505804647
2556225.969837749376893044,-19977.913020301326469053,-5243.169465026148827747,31333.291311852051876485
2557222.038030089810490608,-20209.045725781150395051,-7453.471364992445160169,30126.264373646074091084
2558661.398271318059414625,-20262.746620584232005058,-10539.349639271014893893,27967.622333689425431658
2560258.967613063286989927,-19904.494212160323513672,-13743.713313263791860663,24997.361688823530130321
2561698.327854291535913944,-19170.534187761088105617,-16347.822150897720348439,21804.073542875732528046
2562694.396046631969511509,-18414.262132779022067552,-17941.721353842716780491,19309.122740115995839005
2563049.888668617233633995,-18092.055735621979692951,-18460.971866850984952180,18362.856000481609953567
2563405.381290602497756481,-17741.257852083057514392,-18951.038273019934422337,17387.573023681074118940
2564401.449482942931354046,-16599.934728654909122270,-20150.023627104310435243,14503.225154432977433316
2565840.809724171180278063,-14510.724785436728780041,-21335.624541061872150749,9960.236935932987762499
2567438.379065916407853365,-11527.360482959775254130,-21657.752751471984083764,4473.912051360777695663
2568877.739307144656777382,-8197.027973915215625311,-20734.895999752476200229,-714.014191126761033956
2569873.807499485090374947,-5536.792868011054451927,-19216.055178757243993459,-4287.242988678392066504
2570229.300121470354497433,-4523.080818721346076927,-18466.714821814406604972,-5524.289232152264958131
2570584.792743456084281206,-3480.107061030793374812,-17597.545030559242150048,-6725.321094275119321537
2571580.860935796517878771,-445.449042018768977869,-14475.295065365246045985,-9786.496845581496017985
2573020.221177024766802788,3910.256285410822329141,-8115.875403850533075456,-12808.242586649990698788
2574617.790518769994378090,7706.626326976142081548,782.161727519730447966,-12990.134822057434575981
2576057.150759998243302107,9304.788857791198097402,8704.392334458027107758,-10014.742238699582230765
2577053.218952338676899672,9351.687276066559206811,13302.660843006851791870,-6737.290787445856039994
2577408.711574323941022158,9193.843471689326179330,14715.599077377530193189,-5427.001394306211295770
2577764.204196309205144644,8958.896565432534771389,16005.355227121322968742,-4071.013729303192121733
2578760.272388649638742208,7964.573058390313235577,18983.698137471259542508,-144.584464428744468023
2580199.632629877887666225,5918.880345456885152089,21801.789485333254560828,5515.092434705997220590
2581797.201971623115241528,3189.909889691167791170,23262.097729306362452917,11384.983026446907388163
2583236.562212851364165545,560.362634135936787061,23419.431134932074201060,16127.631789954548366950
2584232.630405191797763109,-1279.032884460110835789,23021.347188365110923769,19073.783168634781759465
2584588.123027177061885595,-1932.321524696745882466,22793.875348743917129468,20057.234558696130989119
2584943.615649162326008081,-2582.162423614997805998,22525.618742630504129920,21004.809826282875292236
2585939.683841502759605646,-4376.855412711496683187,21576.165846954638254829,23469.309387754175986629
2587379.044082731008529663,-6875.411387423294399923,19761.081037078558438225,26539.846877918931568274
2588976.613424476236104965,-9476.067951044391520554,17253.388353301663300954,29283.853677219813107513
2590415.973665704485028982,-11632.789525017511550686,14647.371353785254541435,31174.725098347673338139
2591412.041858044918626547,-13009.586653646287231822,12692.174754637046135031,32168.698434791582258185
2591767.534480030182749033,-13476.584382745661059744,11969.211256226866680663,32462.155068263728026068
2591779.045141838956624269,-13491.485342840322118718,11945.600453157110678148,32471.122183489165763604
2591811.297299522906541824,-13533.162782338484248612,11879.378944661535570049,32496.069155639666860225
2591857.903017707169055939,-13593.195093763908516848,11783.516601852217718260,32531.654453213614033302
2591909.631462323479354382,-13659.557698352389706997,11676.885010492913352209,32570.509223333014233503
2591956.237180507741868496,-13719.106017869960851385,11580.606021296478502336,32604.938233440519979922
2591988.489338191691786051,-13760.179931034530454781,11513.864955453209404368,32628.443336001455463702
2592000.000000000000000000,-13774.812297249884068151,11490.022924827693714178,32636.768757926460239105
