Time (s), X (km), Y (km), Z (km)
0.000000000000000000,-23760.532622380000248086,-33715.879108560002350714,-8669.038042340000174590
58.835409358300346128,-23610.930493309828307247,-33815.690888861296116374,-8689.138061937617749209
232.770247720626855426,-23166.128464067158347461,-34107.112735908085596748,-8747.621766167794703506
514.202728018589709791,-22438.552720589850650867,-34566.988429626966535579,-8839.262153211271652253
890.832900400296580301,-21450.118542872318357695,-35159.585435089153179433,-8956.062736789599512122
1346.200219060585823172,-20233.485917317819257732,-35840.574680264588096179,-9088.241703631207201397
1860.402947079175874023,-18832.882236978788569104,-36561.957318785716779530,-9225.431739310866760206
2410.967957823209417256,-17303.904141139064449817,-37277.286565812479238957,-9357.924638958846117021
2973.832918419134784926,-15711.927356402631630772,-37946.416882520214130636,-9477.767588741118743201
3524.397929163168555533,-14129.088842246250351309,-38539.029997999554325361,-9579.530609632889536442
4038.600657181757469516,-12630.152749554548790911,-39036.371678450246690772,-9660.617573570840249886
4493.967975842046143953,-11287.819202415259496775,-39430.964616964673041366,-9721.078787393797028926
4870.598148223754833452,-10168.109961350453886553,-39724.466624086031515617,-9762.981674661094075418
5152.030628521717517287,-9326.362470453110290691,-39924.216405544815643225,-9789.482779040903551504
5325.965466884043962636,-8804.145522931457890081,-40039.258751768858928699,-9803.798507049908948829
5384.800876242344202183,-8627.174715752364136279,-40076.714791627899103332,-9808.283747309389582369
5443.636285600644441729,-8450.044963567139348015,-40113.432467675869702362,-9812.588268656783839106
5617.571123962970887078,-7925.499166207653615857,-40217.656366937051643617,-9824.256117746272138902
5899.003604260933570913,-7074.100323356317858270,-40372.571765713604690973,-9839.783741501032636734
6275.633776642640441423,-5930.104297133199906966,-40553.252249339348054491,-9854.072891978605184704
6731.001095302930480102,-4541.050445156110072276,-40730.812439716981316451,-9861.414050297225912800
7245.203823321519848832,-2966.580723067626877310,-40877.276274011666828301,-9856.621565134062620928
7795.768834065553164692,-1276.202121979540379471,-40970.338221090030856431,-9836.116431674976411159
8358.633794661478532362,454.047373146805512079,-40997.168397987268690486,-9798.752520554602597258
8909.198805405512757716,2145.766870039952664229,-40956.553465174707525875,-9746.223437247121182736
9423.401533424101216951,3722.684987454508245719,-40858.965256158946431242,-9682.965261487694078824
9878.768852084391255630,5114.869319452845047635,-40724.548140411992790177,-9615.568381057759324904
10255.399024466099945130,6262.135401750598248327,-40579.417890423654171173,-9551.805511561262392206
10536.831504764060809975,7116.378886282967869192,-40450.972031782221165486,-9499.450406346742965980
10710.766343126388164819,7642.853844611608110426,-40363.061390611539536621,-9465.090020933190317010
10769.601752484688404365,7820.665681924395357782,-40331.853379436055547558,-9453.122092537494609132
10828.437161842988643912,7998.333482809270208236,-40299.902559857684536837,-9440.980049144129225169
11002.372000205315998755,8522.698031480311328778,-40201.108349564834497869,-9404.068544745505278115
11283.804480503278682590,9368.195453330779855605,-40027.558218369296810124,-9341.140954839498590445
11660.434652884985553101,10493.452953505398909329,-39768.927241272598621435,-9250.773404935658618342
12115.801971545273772790,11843.300031879329253570,-39416.170600128018122632,-9132.197523161246863310
12630.004699563864051015,13351.772046299762223498,-38965.591300359767046757,-8986.197871554315497633
13180.569710307896457380,14946.045139401168853510,-38422.415315391408512369,-8815.867929307672966388
13743.434670903821825050,16551.005175521611818112,-37803.073276563234685455,-8627.040494422781193862
14293.999681647856050404,18093.930362832779792370,-37135.630837150885781739,-8428.272168640562085784
14808.202409666446328629,19508.657506635205209022,-36458.179709928394004237,-8230.352882068031249219
15263.569728326732729329,20738.668930131490924396,-35815.407119869872985873,-8045.406814549623049970
15640.199900708441418828,21738.777793013312475523,-35253.899952332380053122,-7885.725994545619869314
15921.632381006405921653,22475.432591815697378479,-34816.934490709070814773,-7762.515745689218420011
16095.567219368731457507,22925.996139867376768962,-34539.529910898287198506,-7684.729209908935445128
16154.402628727031697053,23077.572990169315744424,-34444.434578322609013412,-7658.136526235295605147
16213.238038085331936600,23228.724974086460861145,-34348.705111364732147194,-7631.402843045274494216
16387.172876447657472454,23673.063414340493181953,-34062.009245090644981246,-7551.550393568304571090
16668.605356745621975278,24383.919794249744882109,-33586.538326907277223654,-7419.778472147600950848
17045.235529127327026799,25319.109378547294909367,-32928.135688859503716230,-7238.552982027012149047
17500.602847787617065478,26424.236848903798090760,-32098.966625139702955494,-7012.161724126593981055
18014.805575806207343703,27637.063814792709308676,-31120.166375419761607191,-6747.237546407966874540
18565.370586550241569057,28892.540657788948010420,-30023.685403368366678478,-6453.072583681536343647
19128.235547146166936727,30127.913757155565690482,-28852.701174662310222629,-6141.587539327121703536
19678.800557890201162081,31287.209333914001035737,-27660.273591262524860213,-5826.896436944512970513
20193.003285908791440306,32324.439535345918557141,-26506.304483872554556001,-5524.497861784460837953
20648.370604569077841006,33205.097745460807345808,-25453.212223136131797219,-5250.202025040981425263
21025.000776950786530506,33905.864965395448962227,-24560.956371181480790256,-5018.947573264148559247
21306.433257248751033330,34412.841677424396038987,-23882.099846414708736120,-4843.664702596885945241
21480.368095611076569185,34718.938524512755975593,-23457.496892735580331646,-4734.309327607831619389
21539.203504969376808731,34821.217706693409127183,-23313.012786779418092920,-4697.145399042219651164
21598.038914327677048277,34922.856051353039219975,-23168.099636281182029052,-4659.895019430376123637
21771.973752690002584131,35219.563398507591045927,-22737.210355849842017051,-4549.272970519733462424
22053.406232987967086956,35687.627640046433953103,-22032.301686759408767102,-4368.740679094328697829
22430.036405369672138477,36290.475230887022917159,-21074.487947450019419193,-4124.276527598576649325
22885.403724029962177156,36982.767028470450895838,-19895.282720014427468413,-3824.569330226784586557
23399.606452048552455381,37715.463901311581139453,-18537.424998369398963405,-3481.087819892693460133
23950.171462792586680735,38441.188819344948569778,-17054.714932679693447426,-3107.905617842253377603
24513.036423388512048405,39119.094747790804831311,-15510.494297292420014855,-2721.214383725032803341
25063.601434132546273759,39718.467580481650657021,-13974.732751422689034371,-2338.535342246868367511
25577.804162151136551984,40220.484913899344974197,-12520.019252661892096512,-1977.715490365431151076
26033.171480811422952684,40617.893269227039127145,-11217.000283609055259149,-1655.844121017027646303
26409.801653193131642183,40912.781336401065345854,-10129.881817543360739364,-1388.232805054584559912
26691.234133491096145008,41113.009207377603161149,-9312.514590350770959049,-1187.568991734271094174
26865.168971853421680862,41228.108471997067681514,-8805.371798341197063564,-1063.296570669779157470
26924.004381211721920408,41265.542515680084761698,-8633.500519561230248655,-1021.220331510061782865
26982.839790570022159955,41302.217344152915757149,-8461.470399177069339203,-979.125302251501580031
27156.774628932347695809,41406.192648037998878863,-7952.000272315222900943,-854.577570078091071082
27438.207109230312198633,41560.319994867400964722,-7124.987970628579205368,-652.772795890994984802
27814.837281612017250154,41739.200304808044165839,-6013.598508746173138206,-382.290344959596723129
28270.204600272307288833,41913.446178973623318598,-4663.889579150828467391,-54.895768870787378546
28784.407328290897567058,42054.674495659717649687,-3133.691426954695998575,314.853631953486171824
29334.972339034931792412,42140.382881547709985171,-1490.459347638136705427,710.246165277275622429
29897.837299630857160082,42157.838031733263051137,191.944870857049181723,1113.284399055828771452
30448.402310374891385436,42106.250303867105685640,1837.291875550823078811,1505.706745984154622420
30962.605038393481663661,41996.818483507879136596,3371.351393806209216564,1870.033547835115541602
31417.972357053768064361,41850.638817949147778563,4725.996726807693448791,2190.496347255063483317
31794.602529435476753861,41694.884410788356035482,5842.541874199975609372,2453.739725237199763797
32076.035009733441256685,41557.975230855292466003,6674.038462793178041466,2649.248651593843533192
32249.969848095766792540,41464.611235196352936327,7186.549357444125234906,2769.527481415835154621
32308.805257454067032086,41431.520230716952937655,7359.654519907154281100,2810.113323215390209953
32367.640666812363633653,41397.667090872106200550,7532.624301072806701995,2850.647468967679742491
32541.575505174689169507,41293.136348406689648982,8043.151599860056194302,2970.168852449909991265
32823.007985472650034353,41109.949324163586425129,8866.427664648688732996,3162.538728885698219528
33199.638157854358723853,40837.740922749653691426,9962.286630937520385487,3417.882977869177921093
33655.005476514648762532,40467.540247397606435698,11277.138314507403265452,3723.150348048300656956
34169.208204533235402778,39995.931115659390343353,12746.863220890149023035,4062.910584798955824226
34719.773215277273266111,39428.701745191014197189,14300.615794261349947192,4420.356971560177953506
35282.638175873194995802,38783.162797223616507836,15865.251935425645569921,4778.424545061977369187
35833.203186617232859135,38088.563589438614144456,17369.878700889494211879,5120.889391864224307938
36347.405914635819499381,37384.416571994515834376,18749.915125846109731356,5433.297984830615860119
36802.773233296109538060,36716.956416510343842674,19950.115655678790062666,5703.601025481338183454
37179.403405677818227559,36134.306532724978751503,20926.239325573063979391,5922.430469515343247622
37460.835885975779092405,35681.124081518348248210,21645.379941040333505953,6083.042912097733278642
37634.770724338100990281,35393.521049122304248158,22085.297501945631665876,6181.030954566047512344
37693.606133696404867806,35294.945916296012001112,22233.304456665835459717,6213.952367589155983296
37752.441543054716021288,35195.721551530019496568,22380.902441460919362726,6246.759469740855820419
37926.376381417037919164,34898.606024389060621615,22814.827807479621696984,6343.072638398927665548
38207.808861714998784009,34406.001371756050502881,23509.135239489856758155,6496.743976980184925196
38584.439034096707473509,33724.149102397932438180,24422.768451089352311101,6698.106761923198064324
39039.806352756997512188,32865.854651689835009165,25502.756886351566208759,6934.809417428949018358
39554.009080775584152434,31853.183725160790345399,26688.444980692744138651,7192.895875255244391155
40104.574091519622015767,30719.330812257707293611,27916.372613749459560495,7458.020804756874895247
40667.439052115543745458,29509.014955888851545751,29125.238365541183156893,7716.647361664097843459
41218.004062859581608791,28277.074562295925716171,30260.268374496732576517,7957.057083446884462319
41732.206790878168249037,27085.326367117781046545,31276.354108852494391613,8170.021214757180132437
42187.574109538458287716,25998.112780736926652025,32139.535135018388245953,8349.042759331628985819
42564.204281920166977216,25077.190159642599610379,32826.746450727601768449,8490.166536613091011532
42845.636762218127842061,24376.662768198249978013,33324.131383601983543485,8591.447124698948755395
43019.571600580457015894,23938.563871638907585293,33624.532008571208280046,8652.236368476704228669
43078.407009938753617462,23789.497331838421814609,33724.924654236507194582,8672.484608997408940922
43137.242419297057494987,23639.993145466869464144,33824.696874952329380903,8692.573293178311359952
43311.177257659379392862,23195.481886384113749955,34116.007082778734911699,8751.024730134782657842
43592.609737957340257708,22468.380035716880229302,34575.719008790190855507,8842.616850813390556141
43969.239910339048947208,21480.585236629503924632,35168.129609904259268660,8959.360477834898119909
44424.607228999338985886,20264.730671265042474261,35848.943703259043104481,9091.482243436257704161
44938.809957017925626133,18865.007550717960839393,36570.194603883239324205,9228.622952330280895694
45489.374967761963489465,17336.968493028114608023,37285.459976410020317417,9361.080778884832398035
46052.239928357885219157,15745.940765340676080086,37954.606429774503340013,9480.906479505063543911
46602.804939101923082490,14164.013074734124529641,38547.313377470316481777,9582.670344669941187021
47117.007667120509722736,12665.906260899842891376,39044.810533870208018925,9663.773391767705106759
47572.374985780799761415,11324.285653296963573666,39439.594138174106774386,9724.260710967322665965
47949.005158162508450914,10205.148301302649997524,39733.290180821859394200,9766.193272756596343243
48230.437638460469315760,9363.816437598035918199,39933.205739544260723051,9792.721147897029368323
48404.372476822798489593,8841.850980951558085508,40048.359193398115166929,9807.055325506476947339
48463.207886181095091160,8664.964274078947710223,40085.854285897876252420,9811.547128974852967076
48522.043295539398968685,8487.918121221109686303,40122.611749435403908137,9815.858374508634369704
48695.978133901720866561,7963.616475128227648383,40226.957522462274937425,9827.547031651540237362
48977.410614199681731407,7112.602856170855375240,40382.083299931124201976,9843.111196676396502880
49354.040786581390420906,5969.102311032354919007,40563.069939175606123172,9857.454583178870962001
49809.408105241680459585,4580.614812641742901178,40741.036015003563079517,9864.868994501066481462
50323.610833260267099831,3006.738493082885270269,40888.001981001885724254,9860.168535436790989479
50874.175844004304963164,1316.937260328146066968,40981.648548283388663549,9839.771768830371001968
51437.040804600226692855,-412.787834342314909009,41009.121143510295951273,9802.527822496174849221
51987.605815344264556188,-2104.062198110641020321,40969.172580229875165969,9750.123667935453340760
52501.808543362851196434,-3680.627655823428085569,40872.235405424369673710,9686.987689407347716042
52957.175862023141235113,-5072.552107028035607073,40738.413869298041390721,9619.702506817742687417
53333.806034404849924613,-6219.641243933037912939,40593.787100148103490938,9556.033874795608426211
53615.238514702810789458,-7073.775270631394050724,40465.722588050142803695,9503.749977556730300421
53789.173353065139963292,-7600.192391157493148057,40378.049403243283450138,9469.433841030378971482
53848.008762423436564859,-7777.986367130277358228,40346.921975366480182856,9457.480911315495177405
53906.844171781747718342,-7955.637169143926257675,40315.051858033344615251,9445.353879264861461706
54080.779010144069616217,-8479.956515756468434120,40216.496846802721847780,9408.486809278980217641
54362.211490442030481063,-9325.396823976961968583,40043.335282396998081822,9345.631196294811161351
54738.841662823739170562,-10450.608944652109130402,39785.225941404169134330,9255.359819426639660378
55194.208981484029209241,-11800.448615814120785217,39433.099749265340506099,9136.899361232648516307
55708.411709502615849487,-13308.974427276129063102,38983.227702511991083156,8991.027936778888033587
56258.976720246653712820,-14903.377403361268079607,38440.797797010141948704,8820.831522047823455068
56821.841680842575442512,-16508.546043565314903390,37822.200094559615536127,8632.135131781325981137
57372.406691586613305844,-18051.747444012649793876,37155.461405491776531562,8433.488247555644193199
57886.609419605199946091,-19466.794810201496147783,36478.640471247104869690,8235.675193967826999142
58341.976738265489984769,-20697.138034934141614940,35836.400235929031623527,8050.816567986687914527
58718.606910647198674269,-21697.554127527302625822,35275.312755763654422481,7891.202858266077782901
59000.039390945159539115,-22434.457118455298768822,34838.647606285056099296,7768.039443078497242823
59173.974229307481436990,-22885.181757476577331545,34561.422601719510566909,7690.280363565908373857
59232.809638665785314515,-23036.814400644452689448,34466.386934560636291280,7663.696702524841384729
59291.645048024089192040,-23188.022827004835562548,34370.716578061474137940,7636.971906058503918757
59465.579886386411089916,-23632.531874954187514959,34084.192156504264858086,7557.144921705143133295
59747.012366684371954761,-24343.675870175371528603,33608.987868922915367875,7425.411585780078894459
60123.642539066080644261,-25279.271771074585558381,32950.920257501566084102,7244.232476078385843721
60579.009857726370682940,-26384.921179963934264379,32122.121073337773850653,7017.888886250210816797
61093.212585744957323186,-27598.374443640776007669,31143.689414358545036521,6753.006929625305929221
61643.777596488995186519,-28854.560449713593698107,30047.542030592463561334,6458.872891954132683168
62206.642557084916916210,-30090.693960449501901167,28876.830146889104071306,6147.403577796424542612
62757.207567828954779543,-31250.761855978125822730,27684.598828035213955445,5832.711824199668626534
63271.410295847541419789,-32288.733305883633875055,26530.748258107931178529,5530.297987876452680212
63726.777614507831458468,-33170.059736631956184283,25477.707464006110967603,5255.976650887068899465
64103.407786889540147968,-33871.385248583734210115,24585.455587457829096820,5024.692541267864726251
64384.840267187501012813,-34378.781091913879208732,23906.579004158189491136,4849.382435795930177846
64558.775105549822910689,-34685.137373135730740614,23481.953755078313406557,4740.008060758746069041
64617.610514908126788214,-34787.504333325450716075,23337.460392127417435404,4702.837330890288285445
64676.445924266430665739,-34889.230453337506332900,23192.537116698884346988,4665.579960970075262594
64850.380762628752563614,-35186.197195607303001452,22761.612824993400863605,4554.936142970907894778
65131.813242926713428460,-35654.680404881684808061,22056.631420495075872168,4374.365146191488747718
65508.443415308422117960,-36258.085862852865830064,21098.689249323677358916,4129.842508325543349201
65963.810733968712156639,-36951.045010237692622468,19919.281379338361148257,3830.054498818211413891
66478.013461987298796885,-37684.481574798228393774,18561.133046627659496153,3486.468708035116833344
67028.578472731329384260,-38410.976277821275289170,17078.040295763516041916,3113.159977082581008290
67591.443433327265665866,-39089.638811867298500147,15533.353768350087193539,2726.324111228635956650
68142.008444071296253242,-39689.715538787386321928,13997.065819031611681567,2343.489401025345159724
68656.211172089882893488,-40192.352498193460633047,12541.800033887268000399,1982.512232419500833203
69111.578490750165656209,-40590.275153589085675776,11238.245251199159611133,1660.492561867522681496
69488.208663131881621666,-40885.561770496773533523,10150.652007552624127129,1392.752647377104949555
69769.641143429835210554,-41086.070479987211001571,9332.912152090142626548,1191.989458271822741153
69943.575981792164384387,-41201.335708566497487482,8825.531707739506600774,1067.654292656518464355
70002.411391150468261912,-41238.824540806643199176,8653.578799842462103697,1025.556608462874010002
70061.246800508772139437,-41275.553464985539903864,8481.466432399663972319,983.440024926540672823
70235.181638871101313271,-41379.684581928973784670,7971.749599976829813386,858.827947746513245875
70516.614119169054902159,-41534.050713265212834813,7144.327167349167211796,656.917168597108684480
70893.244291550770867616,-41713.223847044973808806,6032.368671153484683600,386.289462502734522786
71348.611610211053630337,-41887.781037020686198957,4681.943071694627178658,58.714644036256515847
71862.814338229640270583,-42029.301924043043982238,3150.901532898012192163,-311.243432110010473934
72413.379348973670857958,-42115.250935452517296653,1506.731357609900669559,-706.864155567136094760
72976.244309569607139565,-42132.871126662044844124,-176.663337183181056389,-1110.139232124104637478
73526.809320313637726940,-42081.362839676119619980,-1823.003579991208198408,-1502.795144402181904297
74041.012048332224367186,-41971.929994300415273756,-3358.006811033246776788,-1867.340369363982972573
74496.379366992507129908,-41825.687609274566057138,-4713.496411949612593162,-2187.995748409366569831
74873.009539374223095365,-41669.836932105870801024,-5830.743069465980624955,-2451.397117820431049040
75154.442019672176684253,-41532.829405503507587127,-6662.764356693482113769,-2647.023003046258509130
75328.376858034505858086,-41439.393300564988749102,-7175.599297143957301159,-2767.373540145106744603
75387.212267392809735611,-41406.275943751003069337,-7348.813982591555941326,-2807.983526435786643560
75446.047676751128165051,-41372.395460216423089150,-7521.893227789800221217,-2848.541757126726224669
75619.982515113457338884,-41267.778084294084692374,-8032.743708519199572038,-2968.133975331675628695
75901.414995411410927773,-41084.432543032031389885,-8856.540889963320296374,-3160.617194633311555663
76278.045167793126893230,-40811.976611954160034657,-9953.092338867014404968,-3416.110336295755132596
76733.412486453409655951,-40441.422859011312539224,-11268.770868770754532306,-3721.552785346728796867
77247.615214471996296197,-39969.344997391897777561,-12739.411167841819406021,-4061.503158197730044776
77798.180225216026883572,-39401.532851613061211538,-14294.116329993326871772,-4419.142851517787676130
78361.045185811963165179,-38755.313822199568676297,-15859.690113561802718323,-4777.395528943835415703
78911.610196555993752554,-38059.969703121430939063,-17365.191973233919270569,-5120.027707401817679056
79425.812924574580392800,-37355.058673919091233984,-18746.002529865116230212,-5432.579085473634222581
79881.180243234863155521,-36686.869344346116122324,-19946.849742382481053937,-5702.996808794525350095
80257.810415616579120979,-36103.580797876289580017,-20923.478237955980148399,-5921.912231378738397325
80539.242895914532709867,-35649.901019219832960516,-21642.977174235300481087,-6082.583432703157086507
80713.177734276861883700,-35361.982342278381111100,-22083.107750327715621097,-6180.605369244462963252
80772.013143635165761225,-35263.299042457627365366,-22231.185263730942097027,-6213.537821119318323326
80830.848552993469638750,-35163.965814867027802393,-22378.853040523033996578,-6246.355744539563602302
81004.783391355798812583,-34866.524448761716485023,-22812.980188980196544435,-6342.699619441172217194
81286.215871653752401471,-34373.380236957040324342,-23507.599403874810377602,-6496.416509224311994330
81662.846044035468366928,-33690.783150584320537746,-24421.620428528032789472,-6697.832063071593438508
82118.213362695751129650,-32831.555792889441363513,-25502.030836591577099171,-6934.585620653511796263
82632.416090714337769896,-31817.792798867991223233,-26688.130845339084771695,-7192.712039267627005756
83182.981101458368357271,-30682.730730376704741502,-27916.420163294213125482,-7457.858525986498534621
83745.846062054304638878,-29471.142747463483829051,-29125.567385662074229913,-7716.483824291103701398
84296.411072798335226253,-28237.929784192812803667,-30260.783400916308892192,-7956.869055095736257499
84810.613800816921866499,-27044.974098938961105887,-31276.960972473461879417,-8169.789243738777258841
85265.981119477204629220,-25956.680719955726090120,-32140.156045360206917394,-8348.754747246381157311
85642.611291858920594677,-25034.860675824209465645,-32827.330640661712095607,-8489.819982728055038024
85924.043772156874183565,-24333.661660498153651133,-33324.659364756378636230,-8591.049624872248386964
86097.978610519203357399,-23895.147726328334101709,-33625.012904467541375197,-8651.804309130629917490
86156.814019877507234924,-23745.940856522000103723,-33725.387485321996791754,-8672.040329220712010283
86215.649429235811112449,-23596.296386169033212354,-33825.140560040315904189,-8692.116525287066906458
86389.584267598140286282,-23151.370763915045245085,-34116.387842197495047003,-8750.529480894147127401
86671.016747896093875170,-22423.600086273359920597,-34575.977933676127577201,-8842.054407628735134494
87047.646920277809840627,-21434.914915564615512267,-35168.186822456860681996,-8958.698642302551888861
87503.014238938092603348,-20217.994175652591366088,-35848.698170750096323900,-9090.685928373432034277
88017.216966956679243594,-18817.085729963546327781,-36569.530420592112932354,-9227.656286395153074409
88567.781977700709830970,-17287.805975947958359029,-37284.258570426885853522,-9359.910512828846549382
89130.646938296646112576,-15695.547649820748119964,-37952.762748857079714071,-9479.506150038889245479
89681.211949040676699951,-14112.460467483953834744,-38544.753057576643186621,-9581.024425546249403851
90195.414677059263340198,-12613.316352392344924738,-39041.504714389200671576,-9661.880625910293019842
90650.781995719546102919,-11270.818359325432538753,-39435.569089560311113019,-9722.135987510484483209
91027.412168101262068376,-10150.987276944542827550,-39728.630066706864454318,-9763.867725956473805127
91308.844648399215657264,-9309.157176253063880722,-39928.048226453465758823,-9790.240498301549450844
91482.779486761544831097,-8786.892797674798202934,-40042.884803952707443386,-9804.476749910323633230
91541.614896119848708622,-8609.906574862678098725,-40080.271106658918142784,-9808.935081083644035971
91600.450305478152586147,-8432.761725213980753324,-40116.918980151865980588,-9813.212681372971928795
91774.385143840481759980,-7908.173158592438994674,-40220.936152420290454756,-9824.800878650748927612
92055.817624138435348868,-7056.711025602098743548,-40375.515958174786646850,-9840.199443419527597143
92432.447796520151314326,-5912.641774153924416169,-40555.745418361766496673,-9854.315615759152933606
92887.815115180434077047,-4523.516998110068016103,-40732.757821008308383171,-9861.447402783282086602
93402.017843199020717293,-2948.990450722131754446,-40878.600551119263400324,-9856.418464613076139358
93952.582853943051304668,-1258.578443250082955274,-40970.995440670558309648,-9835.660485335321936873
94515.447814538987586275,471.675819909746223857,-40997.142582237182068639,-9798.038845981529448181
95066.012825283018173650,2163.371231960869408795,-40955.859586154307180550,-9745.258830216545902658
95580.215553301604813896,3740.241213763851192198,-40857.648436582458089106,-9681.767694579768431140
96035.582871961887576617,5132.362295954337241710,-40722.681185249915870372,-9614.165908075861807447
96412.213044343603542075,6279.561480249605665449,-40577.097459409298608080,-9550.234723502710039611
96693.645524641557130963,7133.746388232090794190,-40448.313874478350044228,-9497.754614692628820194
96867.580363003886304796,7660.181483525429939618,-40360.195059643112472259,-9463.317327178539926535
96926.415772362190182321,7837.979205155284944340,-40328.916734429520147387,-9451.323449822430120548
96985.251181720494059846,8015.632571514663140988,-40296.895655041196732782,-9439.155490630919302930
97159.186020082823233679,8539.952585494735103566,-40197.894065630083787255,-9402.167570022540530772
97440.618500380776822567,9385.372070268682364258,-40024.009500940286670811,-9339.116990173599333502
97817.248672762492788024,10510.513953467987448676,-39764.933333961547759827,-9248.586192348751865211
98272.615991422775550745,11860.204062130525926477,-39411.642496641128673218,-9129.815152046694493038
98786.818719441362190992,13368.476423298254303518,-38960.466025180139695294,-8983.598299325223706546
99337.383730185392778367,14962.509712625267638941,-38416.658663572678051423,-8813.039860358921941952
99900.248690781329059973,16567.197154317043896299,-37796.680757742040441372,-8623.983543573765928159
100450.813701525359647349,18109.829309725646453444,-37128.626772351788531523,-8424.996321427204748034
100965.016429543946287595,19524.259622272053093184,-36450.614677816796756815,-8226.877360920618230011
101420.383748204229050316,20753.989850928614032455,-35807.354172120278235525,-8041.758540164034457121
101797.013920585945015773,21753.853363106096367119,-35245.450146951909118798,-7881.937870877409295645
102078.446400883898604661,22490.317393685658316826,-34808.192286589059222024,-7758.624982031372383062
102252.381239246227778494,22940.759901174649712630,-34530.608829355136549566,-7680.775828374709817581
102311.216648604531656019,23092.295269658658071421,-34435.453313192090718076,-7654.162107043000105477
102370.052057962850085460,23243.405500798748107627,-34339.663828119315439835,-7627.407459398428727582
102543.986896325179259293,23687.618930417946103262,-34052.791508911541313864,-7547.493464617198696942
102825.419376623132848181,24398.268089113236783305,-33577.038239683635765687,-7415.623348216535305255
103202.049549004848813638,25333.170920244330773130,-32918.264028066820173990,-7234.269194258830793842
103657.416867665131576359,26437.937550377882871544,-32088.655687121281516738,-7007.726700342159347201
104171.619595683718216605,27650.338921376078360481,-31109.373103796304349089,-6742.637635626744668116
104722.184606427748803981,28905.339408114388788817,-30012.392537497828016058,-6448.303303214147490507
105285.049567023685085587,30140.204200826130545465,-28840.916383348554518307,-6136.653055904730535985
105835.614577767715672962,31298.982553275913232937,-27648.026831604645849438,-5821.808402358511557395
106349.817305786302313209,32335.712547320563317044,-26493.644083649422100279,-5519.273819852623091720
106805.184624446585075930,33215.914537867414765060,-25440.200357468020229135,-5244.863664595121008460
107181.814796828301041387,33916.295395481072773691,-24547.664637276397115784,-5013.519103428397102107
107463.247277126254630275,34422.978254611938609742,-23868.605518521369958762,-4838.171569001588068204
107637.182115488583804108,34728.891349756304407492,-23443.880191531894524815,-4728.777384714327126858
107696.017524846887681633,34831.108012184406106826,-23299.355186321881774347,-4691.600529595752050227
107754.852934205191559158,34932.683655184002418537,-23154.401387993246316910,-4654.337325499219332414
107928.787772567520732991,35229.204585100400436204,-22723.393418087784084491,-4543.677962786529860750
108210.220252865474321879,35696.963928078999742866,-22018.297421761042642174,-4363.087205317307962105
108586.850425247190287337,36299.397361164119502064,-21060.242231580858060624,-4118.548540410379246168
109042.217743907473050058,36991.179469355367473327,-19880.759441562342544785,-3818.757026261239388987
109556.420471926059690304,37723.289689219418505672,-18522.607558621293719625,-3475.188012614322360605
110106.985482670090277679,38448.374307340338418726,-17039.605629759509611176,-3101.921315658864841680
110669.850443266026559286,39125.613681628754420672,-15495.111783040661975974,-2715.153668298064985720
111220.415454010057146661,39724.323907767146010883,-13959.108055668819361017,-2332.409757128374621971
111734.618182028643786907,40225.713863032447989099,-12504.191098881285142852,-1971.538231468672393021
112189.985500688926549628,40622.560468576579296496,-11201.010515546975511825,-1649.628347153653294299
112566.615673070642515086,40916.980008625374466646,-10113.771688477216230240,-1381.990350611934900371
112848.048153368596103974,41116.855694923098781146,-9296.322447504267984186,-1181.309672096536360186
113021.982991730925277807,41231.736479464489093516,-8789.132374470322247362,-1057.028144948283170379
113080.818401089229155332,41269.096486203314270824,-8617.245693048489556531,-1014.949053641777481971
113139.653810447533032857,41305.697212439023132902,-8445.200469103028808604,-972.851287628070849678
113313.588648809862206690,41409.453079578932374716,-7935.687443321457976708,-848.296140080056602528
113595.021129107815795578,41563.224277053144760430,-7108.611288412532303482,-646.481507427272731547
113971.651301489531761035,41741.626083090806787368,-5997.147164920179420733,-375.990007713763077390
114427.018620149814523757,41915.291015158421942033,-4647.364532357061762013,-48.590834708259080799
114941.221348168401164003,42055.860924928463646211,-3117.105049334583782183,321.155404212383245977
115491.786358912431751378,42140.862527067576593254,-1473.833138817947428834,716.534736214311124058
116054.651319508368032984,42157.594320373951632064,208.584116094973069266,1119.549002295675336427
116605.216330252398620360,42105.299437159490480553,1853.916772495363147755,1511.937701360035589460
117119.419058270985260606,41995.208531349999248050,3387.938706557068144321,1876.224012244069854205
117574.786376931268023327,41848.447056100070767570,4742.531296699911763426,2196.643689812150569196
117951.416549312983988784,41692.213238724485563580,5859.019052531275519868,2459.846281695573907200
118232.849029610937577672,41554.947121000266633928,6690.464645726930939418,2655.321724389117207465
118406.783867973266751505,41461.363153883874474559,7202.940565346531002433,2775.578581143619885552
118465.619277331570629030,41428.197858108382206410,7376.033300395318292431,2816.156769929163147026
118524.454686689874506555,41394.270488126399868634,7548.990352865846944042,2856.683151492582510400
118698.389525052203680389,41289.520670299672929104,8059.478262277940302738,2976.180932982074864412
118979.822005350157269277,41105.980421914624457713,8882.685037501370970858,3168.510575072959454701
119356.452177731873234734,40833.301955336071841884,9978.440576602468354395,3423.797050476294771215
119811.819496392155997455,40462.537447198279551230,11293.150959128101021633,3728.988620196034389664
120326.022224410742637701,39990.298293354360794183,12762.695108129211803316,4068.655534064874700562
120876.587235154773225076,39422.403145546573796310,14316.229493315286163124,4425.993054651779857522
121439.452195750709506683,38776.194042654016811866,15880.616580049521871842,4783.939947224725983688
121990.017206494740094058,38080.950666244229068980,17384.974709331643680343,5126.277766343730945664
122504.219934513326734304,37376.213077521264494862,18764.738274413386534434,5438.559879121012272662
122959.587253173609497026,36708.239520320916199125,19964.679765954482718371,5708.744733399212236691
123336.217425555325462483,36125.172238821876817383,20940.577050182051607408,5927.472138297765013704
123617.649905853279051371,35671.682369122398085892,21659.541437190619035391,6088.005848115823937405
123791.584744215608225204,35383.891320210779667832,22099.347097984256834025,6185.944184453363050125
123850.420153573912102729,35285.252937557714176364,22247.315689098144503077,6218.848604625104599108
123909.255562932215980254,35185.965501249833323527,22394.875052549861720763,6251.638623852863020147
124083.190401294545154087,34888.664569809247041121,22828.684742114284745185,6347.900766644006580464
124364.622881592498742975,34395.763324373583600391,23522.800295538319915067,6501.487903137820467236
124741.253053974214708433,33713.520899180344713386,24436.167739336022350471,6702.734885888869939663
125196.620372634497471154,32854.765451645776920486,25515.821377373998984694,6939.292879206594079733
125710.823100653084111400,31841.588677551797445631,26701.114131402402563253,7197.210053076588337717
126261.388111397114698775,30707.212219753571844194,27928.598749326018150896,7462.147013979886651214
126824.253071993050980382,29496.381302749257883988,29136.991235886329377536,7720.574534191300699604
127374.818082737081567757,28263.957669975745375268,30271.539172286022221670,7960.783169289251418377
127889.020810755668208003,27071.777213079938519513,31287.158259568630455760,8173.554067088613919623
128344.388129415950970724,25984.196696828705171356,32149.913335146989993518,8352.400334128491522279
128721.018301797666936181,25062.982158472223090939,32836.763687486622075085,8493.376336252424152917
129002.450782095620525070,24362.243613899408956058,33333.873948819556972012,8594.544914920363225974
129176.385620457949698903,23924.017246101317141438,33634.102758991793962196,8655.264277885577030247
129235.221029816253576428,23774.908115992853709031,33734.436936588674143422,8675.488769649304231280
129294.056439174557453953,23625.361607664304756327,33834.150514183333143592,8695.553649787569156615
129467.991277536886627786,23180.726809199921262916,34125.286342354127555154,8753.934395890457381029
129749.423757834840216674,22453.430100025067076785,34584.712967398067121394,8845.411150135438219877
130126.053930216556182131,21465.384387630529090529,35176.735857168692746200,8961.998554379761117161
130581.421248876838944852,20249.241771245833660942,35857.072545260190963745,9093.928791894946698449
131095.623976895440137014,18849.213913547344418475,36577.773611586271726992,9230.849994889826120925
131646.188987639470724389,17320.873177351324557094,37292.438475938521150965,9363.069330183965575998
132209.053948235377902165,15729.563834290125669213,37960.959384163521463051,9482.647900838162968284
132759.618958979408489540,14147.387352260497209500,38553.044092360119975638,9584.167194606074190233
133273.821686998009681702,12649.072356791739366599,39049.951739914700738154,9665.039635404446016764
133729.189005658292444423,11307.287127849896933185,39444.207222138240467757,9725.321236663035961101
134105.819178039993857965,10188.027765908558649244,39737.462587860500207171,9767.082756674593838397
134387.251658337976550683,9346.613152951405936619,39937.046780916673014872,9793.482377170432300773
134561.186496700305724517,8824.600173466598789673,40051.994620745390420780,9807.737125030727838748
134620.021906058595050126,8647.698018965917071910,40089.420027784777630586,9812.202034982332406798
134678.857315416884375736,8470.636736175207261113,40126.107740131403261330,9816.486374918853471172
134852.792153779213549569,7946.292222088486596476,40230.246936054958496243,9828.095425310359132709
135134.224634077196242288,7095.215144741227959457,40385.037356621069193352,9843.530602149889091379
135510.854806458897655830,5951.641133366362737434,40565.573275390823255293,9857.701100998036054079
135966.222125119180418551,4563.082396555440027441,40742.991908636853622738,9864.906243539251590846
136480.424853137781610712,2989.148868654178841098,40889.337130508967675269,9859.969437627285515191
137030.989863881812198088,1299.313789381237938869,40982.316988615231821314,9839.319926937703712611
137593.854824477719375864,-430.416551731920890234,41009.106862587657815311,9801.818342978598593618
138144.419835221749963239,-2121.667322620720369741,40968.490500077437900472,9749.163330937040882418
138658.622563240351155400,-3698.185122169069018128,40870.930591247459233273,9685.794449977767726523
139113.989881900633918121,-5090.046758188281273760,40736.559069181988888886,9618.304401820143539226
139490.620054282335331663,-6237.069363212604002911,40591.478923874223255552,9554.467480763700223179
139772.052534580318024382,-7091.145090013848857780,40463.076745569414924830,9502.058594946913217427
139945.987372942647198215,-7617.522519522870425135,40375.195418021459772717,9467.665563695223681862
140004.822782300936523825,-7795.302438149481531582,40343.997685489099239931,9455.686687184688707930
140063.658191659225849435,-7972.938864041491797252,40312.057317182829137892,9443.533741333811121876
140237.593030021555023268,-8497.213848965026045335,40213.294949761897441931,9406.590260068694988149
140519.025510319537715986,-9342.576500837412822875,40039.798978821942000650,9343.611662032146341517
140895.655682701239129528,-10467.673380906959209824,39781.244464382478327025,9253.177037831808775081
141351.023001361521892250,-11817.356536661372956587,39428.584065916344115976,9134.521412773969132104
141865.225729380123084411,-13325.683204046597893466,38978.114796674686658662,8988.432766028916375944
142415.790740124153671786,-14919.846913300512824208,38435.053414385067299008,8818.007818343709004694
142978.655700720060849562,-16524.743494987476879032,37815.819694500387413427,8629.082495048143755412
143529.220711464091436937,-18067.652370864798285766,37148.469266516491188668,8430.216651184029615251
144043.423439482692629099,-19482.403361058091832092,36471.087145192024763674,8232.203853257753507933
144498.790758142975391820,-20712.465776604913116898,35828.358768898448033724,8047.172403033438968123
144875.420930524676805362,-21712.636823494754935382,35266.874223785504000261,7887.418779482943136827
145156.853410822659498081,-22449.349265128312254092,34829.916508738017000724,7764.152672805425936531
145330.788249184988671914,-22899.952994828010560013,34552.512518706316768657,7686.330942247826897074
145389.623658543277997524,-23051.544199845699040452,34457.416630577434261795,7659.726232103809707041
145448.459067901596426964,-23202.710916723248374183,34361.686218163340527099,7632.980459626058291178
145622.393906263925600797,-23647.095079805956629571,34074.985229514757520519,7553.091895159278465144
145903.826386561908293515,-24358.032050069079559762,33599.498398728654137813,7421.260305958154276595
146280.456558943609707057,-25293.341445811503945151,32941.058942749230482150,7239.952450792228773935
146735.823877603892469779,-26398.630290747445542365,32111.820133820165210636,7013.457521171641019464
147250.026605622493661940,-27611.658238644529774319,31132.905724692667718045,6748.410554401007175329
147800.591616366524249315,-28867.368146481570875039,30036.258275269272417063,6454.107009180971544993
148363.456576962431427091,-30102.993568471843900625,28865.053960546978487400,6142.472345908207898901
148914.021587706462014467,-31262.544406042092305142,27672.360159402978752041,5827.626894323793749209
149428.224315725063206628,-32300.015760729202156654,26518.095454922175122192,5525.076911200518225087
149883.591634385345969349,-33180.886035567280487157,25464.702749234860675642,5250.641131181675518746
150260.221806767047382891,-33881.825212119860225357,24572.170630965185409877,5019.266809011324767198
150541.654287065030075610,-34388.927207315384293906,23893.091172772445133887,4843.891962858878287079
150715.589125427359249443,-34695.099732937269436661,23468.343376260818331502,4734.478731140491618135
150774.424534785648575053,-34797.404170993933803402,23323.809055097597592976,4697.295058727569994517
150833.259944143937900662,-34899.067586386678158306,23178.845072858090134105,4660.024848352164553944
151007.194782506267074496,-35195.847899282824073453,22747.801917233289714204,4549.343669475612841779
151288.627262804249767214,-35664.026179632528510410,22042.632903253132099053,4368.714131006352545228
151665.257435185951180756,-36267.017418469462427311,21084.448904361444874667,4124.116879775747293024
152120.624753846233943477,-36959.466770642051415052,19904.763019213951338315,3824.244435144338240207
152634.827481864835135639,-37692.316521468615974300,18546.320020905815908918,3480.571011561552950297
153185.392492608865723014,-38418.170704641066549812,17062.934878446059883572,3107.177653058675787179
153748.257453204772900790,-39096.166409704550460447,15517.974615865558007499,2720.265246010791997833
154298.822463948803488165,-39695.580213854213070590,13981.443992655335023301,2337.365549655032282317
154813.025191967404680327,-40197.589459026792610530,12525.974310836281802040,1976.336607271715593015
155268.392510627687443048,-40594.950035549460153561,11222.257544963191321585,1654.278340988341369666
155645.022683009388856590,-40889.767831803903391119,10134.543650549012454576,1386.511685078428854467
155926.455163307371549308,-41089.924125195662782062,9316.721574550878358423,1185.731589037030516920
156100.390001669700723141,-41204.970725683226191904,8809.293725785293645458,1061.387293192683273446
156159.225411027990048751,-41242.385470069391885772,8637.325374289730461896,1019.286748976766830310
156218.060820386279374361,-41279.040240681344585028,8465.197862730339693371,977.167420959125479385
156391.995658748608548194,-41382.951766712256358005,7955.438013877507728466,852.547906446915021661
156673.428139046591240913,-41536.961491781221411657,7127.951545633560272108,650.627236154118236300
157050.058311428292654455,-41715.655764054441533517,6015.918159309038856009,379.990443222584929117
157505.425630088575417176,-41889.631559876484971028,4665.418605559772913693,52.410990818134678193
158019.628358107176609337,-42030.493505921665928327,3134.315486729952681344,-317.543952948099160949
158570.193368851207196712,-42115.735137245210353285,1490.105256171876817461,-713.151491728633800449
159133.058329447114374489,-42132.631339605002722237,-193.302656282507768992,-1116.402601101029858910
159683.623340191144961864,-42080.415261347123305313,-1839.628679473912825415,-1509.024849472903042624
160197.826068209746154025,-41970.322724405225017108,-3374.594401771424600156,-1873.529553454347023944
160653.193386870028916746,-41823.497985933230665978,-4730.031289786423258192,-2194.141771825240539329
161029.823559251730330288,-41667.167445672144822311,-5847.220553981973353075,-2457.502314301562819310
161311.256039549713023007,-41529.802641913614934310,-6679.190828679263177037,-2653.094680191884890519
161485.190877912042196840,-41436.146355658682296053,-7191.990776715222636994,-2773.423219974538369570
161544.026287270331522450,-41402.954636571805167478,-7365.193027691428142134,-2814.025544668821112282
161602.861696628620848060,-41368.999851937434868887,-7538.259536541860143188,-2854.576002396681360551
161776.796534990950021893,-41264.163191002087842207,-8049.070601788603198656,-2974.144591549997130642
162058.229015288932714611,-41080.464087093168927822,-8872.798440391767144320,-3166.587529192443525972
162434.859187670634128153,-40807.537640145441400819,-9969.246369488108030055,-3422.022827173404039058
162890.226506330916890875,-40436.419514873123262078,-11284.783453885738708777,-3727.389380767521288362
163404.429234349518083036,-39963.711031930302851833,-12755.242790059048274998,-4067.246310245554013818
163954.994245093548670411,-39395.232482901323237456,-14309.729494859295300557,-4424.776993260061317415
164517.859205689455848187,-38748.342679797417076770,-15875.053897463425528258,-4782.908826831834630866
165068.424216433486435562,-38052.353811776294605806,-17380.286752808438905049,-5125.413803702029326814
165582.626944452087627724,-37346.851695170633320231,-18760.824063776370167034,-5437.838526875028037466
166037.994263112370390445,-36678.148530286031018477,-19961.411863908466330031,-5708.137899777115308098
166414.624435494071803987,-36094.442245717975310981,-20937.813642357203207212,-5926.951141325496791978
166696.056915792054496706,-35640.454805740468145814,-21657.136089991923654452,-6087.543500385591869417
166869.991754154383670539,-35352.347967362766212318,-22097.154599997596960748,-6185.515661708831430587
166928.827163512672996148,-35253.601369609401444905,-22245.193692777171236230,-6218.431097126228451089
166987.662572870962321758,-35154.205022840404126327,-22392.822790772370353807,-6251.231913899122446310
167161.597411233291495591,-34856.578114391064445954,-22826.834090409425698454,-6347.524692127660273400
167443.029891531274188310,-34363.137095443868020084,-23521.261140056940348586,-6501.157263202972899307
167819.660063912975601852,-33680.149584477869211696,-24435.015998898845282383,-6702.456855061243004457
168275.027382573258364573,-32820.460933898531948216,-25515.091107903830561554,-6939.065552066374948481
168789.230110591859556735,-31806.191797852225136012,-26700.795184819737187354,-7197.022456729499936046
169339.795121335890144110,-30670.605918258152087219,-27928.640828275179956108,-7461.980722739828706835
169902.660081931797321886,-29458.502657263008586597,-29137.314087340349942679,-7720.406721741001092596
170453.225092675827909261,-28224.806297550709132338,-30272.047327780779596651,-7960.590605665693146875
170967.427820694429101422,-27031.418254599531792337,-31287.757582651542179519,-8173.317316097921320761
171422.795139354711864144,-25942.757902615601778962,-32150.526103685075213434,-8352.107324988255641074
171799.425311736413277686,-25020.645935655204084469,-32837.339234244587714784,-8493.024606117140137940
172080.857792034395970404,-24319.235780971048370702,-33334.392910637558088638,-8594.142105455708588124
172254.792630396725144237,-23880.594391771111986600,-33634.574402710321010090,-8654.826826781041745562
172313.628039755014469847,-23731.344938472822832409,-33734.890436703346495051,-8675.039070401338904048
172372.463449113303795457,-23581.658153653268527705,-33834.584789500280749053,-8695.091434748295796453
172546.398287475632969290,-23136.609018106904841261,-34125.657459054687933531,-8753.433617909448003047
172827.830767773615662009,-22408.643536662257247372,-34584.961872968517127447,-8844.843047011474482133
173204.460940155317075551,-21419.707549991479027085,-35176.782547942231758498,-8961.330885220178970485
173659.828258815599838272,-20202.498913514293235494,-35856.815887641940207686,-9093.126436714484952972
174174.030986834201030433,-18801.285953061727923341,-36577.097630330885294825,-9229.877061256083834451
174724.595997578231617808,-17271.704814263954176567,-37291.224565322765556630,-9361.892560594567839871
175287.460958174138795584,-15679.165231235365354223,-37959.102495225219172426,-9481.240836531305831159
175838.025968918169382960,-14095.829663411484943936,-38550.469899330855696462,-9582.514325339559945860
176352.228696936770575121,-12596.477793484764333698,-39046.631450173845223617,-9663.139729249454831006
176807.596015597053337842,-11253.815593986468229559,-39440.167196491951472126,-9723.189214148169412510
177184.226187978754751384,-10133.862869985079669277,-39732.787094788218382746,-9764.749786839694934315
177465.658668276737444103,-9291.950309574216589681,-39931.873599461476260331,-9790.994216463304837816
177639.593506639066617936,-8769.638593025078080245,-40046.504388976180052850,-9805.150985910293456982
177698.428915997355943546,-8592.636986121749941958,-40083.820948250344372354,-9809.582406194553186651
177757.264325355645269156,-8415.477070577975609922,-40120.399013028341869358,-9813.833083696781613980
177931.199163717974442989,-7890.845828169503874960,-40224.209440792234090623,-9825.341624483591658645
178212.631644015957135707,-7039.320556728624069365,-40378.453627407543535810,-9840.611124064971590997
178589.261816397658549249,-5895.178283811765140854,-40558.232033509215398226,-9854.554312620375640108
179044.629135057941311970,-4505.982831009117944632,-40734.696617981600866187,-9861.476725583657753305
179558.831863076542504132,-2931.399738516054640058,-40879.918218269653152674,-9856.211336628603021381
180109.396873820573091507,-1240.954625334807815307,-40971.646033153279859107,-9835.200520193391639623
180672.261834416480269283,489.304098248458331000,-40997.110132916539441794,-9797.321168161744935787
181222.826845160510856658,2180.975124851103828405,-40955.159078050863172393,-9744.290241683904241654
181737.029573179112048820,3757.796690972760643490,-40856.325001769859227352,-9680.566172278209705837
182192.396891839394811541,5149.854276206423492113,-40720.807634884637081996,-9612.759507468290394172
182569.027064221096225083,6296.986358908599868300,-40574.770455259284062777,-9548.660034060443649651
182850.459544519078917801,7151.112538796646731498,-40445.649163767615391407,-9496.054943186920354492
183024.394382881408091635,7677.507677677013816719,-40357.322188842124887742,-9461.540767697906630929
183083.229792239697417244,7855.291252089969930239,-40325.973554420430446044,-9449.520946300473951851
183142.065201597986742854,8032.930152417197859904,-40293.882220172505185474,-9437.327076301005945425
183316.000039960315916687,8557.205538728814644855,-40194.673266980651533231,-9400.262754650226270314
183597.432520258298609406,9402.546936540158640128,-40020.454295832634670660,-9337.089210707717938931
183974.062692640000022948,10527.573003346888071974,-39760.932979427416285034,-9246.395202067787977285
184429.430011300282785669,11877.105903177147411043,-39407.108001336790039204,-9127.429051904886364355
184943.632739318883977830,13385.178344001182267675,-38955.334429217327851802,-8980.995057964622901636
185494.197750062914565206,14978.971547424802338355,-38410.895776877136086114,-8810.208192127069196431
186057.062710658821742982,16583.386110834264400182,-37790.282102256322104950,-8620.923070847089547897
186607.627721402852330357,18125.724961623640410835,-37121.616676955251023173,-8421.717033790891946410
187121.830449421453522518,19539.858193006875808351,-36443.043722949245420750,-8223.398480435496821883
187577.197768081736285239,20769.307009669086255599,-35799.295404072006931528,-8038.106982194633019390
187953.827940463437698781,21768.924994664987025317,-35236.994610866458970122,-7878.146529019572881225
188235.260420761420391500,22505.198127086590830004,-34799.444421536187292077,-7754.731050635949031857
188409.195259123749565333,22955.519514563133270713,-34521.682131194153043907,-7676.819310952280829952
188468.030668482038890943,23107.013374505026149563,-34426.466446638594788965,-7650.184562850327893102
188526.866077840328216553,23258.081826220761286095,-34330.616958748876641039,-7623.408961696552978538
188700.800916202657390386,23702.170166882973717293,-34043.568232432393415365,-7543.433454303024518595
188982.233396500640083104,24412.611979102268378483,-33567.532688189705368131,-7411.465196866350197524
189358.863568882341496646,25347.227892349070316413,-32908.387008344347123057,-7229.982453252775485453
189814.230887542624259368,26451.633487726361636305,-32078.339522922262403881,-7003.288815977296508208
190328.433615561225451529,27663.609050498493161285,-31098.574762807100341888,-6738.034972678535268642
190878.998626305256038904,28918.132960329796333099,-30001.094778053513437044,-6443.531390942442158121
191441.863586901163216680,30152.489229478556808317,-28829.126886323447251925,-6131.716068110109517875
191992.428597645193804055,31310.750154280191054568,-27635.775557655415468616,-5816.717992127464640362
192506.631325663794996217,32346.979759204019501340,-26480.979354481802147347,-5514.047525960222628783
192961.998644324077758938,33226.725376046757446602,-25427.184332078002626076,-5239.523164367592471535
193338.628816705779172480,33926.719748810035525821,-24534.368887080880085705,-5008.088588379422617436
193620.061297003761865199,34433.108666472413460724,-23855.107283495701267384,-4832.676461868109072384
193793.996135366091039032,34738.837956229566771071,-23430.259651483862398891,-4723.243512997331890801
193852.831544724380364642,34840.992081053387664724,-23285.693770259334996808,-4686.053746521562061389
193911.666954082669690251,34942.505004656050004996,-23140.699347409765323391,-4648.777733171292311454
194085.601792444998864084,35238.839465573531924747,-22709.572757345664285822,-4538.081101886757096509
194367.034272742981556803,35706.293828393994772341,-22004.289547198932268657,-4357.431952185165755509
194743.664445124682970345,36308.312998739944305271,-21045.993060294887982309,-4112.818873811589583056
195199.031763784965733066,36999.585297155310399830,-19866.232897529265756020,-3812.943165405921263300
195713.234491803566925228,37731.108736876427428797,-18507.787071964932692936,-3469.286788850665288919
196263.799502547597512603,38455.552929434568795841,-17024.493518798473814968,-3095.935749522303012782
196826.664463143504690379,39132.125632546951237600,-15479.726709617489177617,-2709.091846957921916328
197377.229473887535277754,39730.173149047419428825,-13943.481048338479013182,-2326.283222483706595085
197891.432201906136469916,40230.935640190866251942,-12488.360868130826929701,-1965.360170488100948205
198346.799520566419232637,40627.220428230175457429,-11185.018880719768276322,-1643.411902724076753657
198723.429692948120646179,40921.171391167757974472,-10097.659868065258706338,-1375.747334943463556556
199004.862173246103338897,41120.694859020994044840,-9280.128745229334526812,-1175.049873216216383298
199178.797011608432512730,41235.357144156514550559,-8772.891473031386340153,-1050.759290755387155514
199237.632420966721838340,41272.643107680378307123,-8600.989416712203819770,-1008.677364491972980431
199296.467830325011163950,41309.169725543397362344,-8428.929116976551085827,-966.576878920538092643
199470.402668687340337783,41412.706138591369381174,-7919.373274525306442229,-842.014366879557314860
199751.835148985323030502,41566.121161154602305032,-7092.233399926426500315,-640.189958202062598502
200128.465321367024444044,41744.044433962757466361,-5980.694794307342817774,-369.689520198695788622
200583.832640027307206765,41917.128395953477593139,-4630.838676798889537167,-42.285884009976143716
201098.035368045908398926,42057.039877089904621243,-3100.518110195886038127,327.457041982161570104
201648.600378789938986301,42141.334683871937158983,-1457.206634069316351088,722.823011174519024280
202211.465339385846164078,42157.343120899073255714,225.223385253548030960,1125.813144960055979027
202762.030350129876751453,42104.341095116709766444,1870.541427259536021666,1518.168035908708588977
203276.233078148477943614,41993.591126665465708356,3404.525528948978717381,1882.413707057407691536
203731.600396808760706335,41846.247870664388756268,4759.065157018236277509,2202.790131924587967660
204108.230569190462119877,41689.534673190697503742,5875.495340559955366189,2465.951830229344068357
204389.663049488444812596,41551.911643818173615728,6706.889803742365074868,2661.393709438595124084
204563.597887850773986429,41458.107722952292533591,7219.330665345916713704,2781.628544020308709150
204622.433297209063312039,41424.868142138155235443,7392.410944949617260136,2822.199063222409677110
204681.268706567381741479,41390.866548411519033834,7565.355240715176478261,2862.717664048775986885
204855.203544929710915312,41285.897674910156638362,8075.803678074011259014,2982.191794751287943654
205136.636025227693608031,41102.004236726337694563,8898.941030387151840841,3174.481123965174447221
205513.266197609395021573,40828.855755735232378356,9994.592964769184618490,3429.709721552311748383
205968.633516269677784294,40457.527483447789563797,11309.161833186395597295,3734.825366203875091742
206482.836244288278976455,39984.658394483878510073,12778.524986571217596065,4074.398818511125227815
207033.401255032309563830,39416.097573488274065312,14331.840931628470571013,4431.627327035382222675
207596.266215628216741607,38769.218433753092540428,15895.978710127590602497,4789.453392548709416587
208146.831226372247328982,38073.331015381692850497,17400.067959061110741459,5131.664044232292326342
208661.033954390848521143,37368.002983464808494318,18779.558440231397980824,5443.819549343403195962
209116.401273051131283864,36699.516145722773217130,19979.240698566536593717,5713.886106961030236562
209493.031445432832697406,36116.031572130537824705,20954.911438550752791343,5932.511383443887098110
209774.463925730815390125,35662.234366001335729379,21673.699480240684351884,6092.966294972805371799
209948.398764093144563958,35374.255352617765311152,22113.393169422444771044,6190.854885205012578808
210007.234173451433889568,35275.553737969676149078,22261.323372871862375177,6223.742299095237285655
210066.069582809723215178,35176.203248066056403331,22408.844090987324307207,6256.515222015674225986
210240.004421172052389011,34878.716966045794833917,22842.538033553286368260,6352.726299650525106699
210521.436901470035081729,34385.519216817745473236,23536.461595493230561260,6506.229171371697702853
210898.067073851736495271,33702.886758891756471712,24449.563122882642346667,6707.360269796170541667
211353.434392512019257993,32843.670469334931112826,25528.881787961472582538,6943.773504383786530525
211867.637120530620450154,31829.988030130632978398,26713.779008648285525851,7201.521289043725118972
212418.202131274651037529,30695.088231508303579176,27940.820411418742878595,7466.270173236525806715
212981.067091870558215305,29483.742471479952655500,29148.739435705439973390,7724.498551303165186255
213531.632102614588802680,28250.835820818141655764,30282.805114412854891270,7964.506001708408803097
214045.834830633189994842,27058.223316099985822802,31297.957388766477379249,8177.083579190420095983
214501.202149293472757563,25970.276064974124892615,32160.286372758499055635,8355.754495735429372871
214877.832321675174171105,25048.769774431773839751,32846.775649398703535553,8496.582665194806395448
215159.264801973156863824,24347.820202246090047993,33343.611157842737156898,8597.639193178634741344
215333.199640335486037657,23909.466441681932337815,33643.668104066891828552,8658.288650565287753125
215392.035049693775363266,23760.314747962580440799,33743.943797165615251288,8678.489385323131500627
215450.870459052064688876,23610.725944450528913876,33843.598715309068211354,8698.530453235056484118
215624.805297414393862709,23165.967686196920112707,34134.560116133732663002,8756.840484673699393170
215906.237777712376555428,22438.476248670347558800,34593.701364915694284718,8848.201835178117107716
216282.867950094077968970,21450.179799721860035788,35185.336446244866237976,8964.632969101345224772
216738.235268754360731691,20233.749349775403970852,35865.195617375597066712,9096.371624735993464128
217252.437996772961923853,18833.417005136594525538,36585.346730919663968962,9233.073266011162559153
217803.003007516992511228,17304.774863430251571117,37299.410969406148069538,9365.054056152566772653
218365.867968112899689004,15713.184189085099205840,37967.306222168983367737,9484.385448114278915455
218916.432978856930276379,14130.759197944795232615,38558.768592911314044613,9585.660129132671499974
219430.635706875531468540,12632.236288061718369136,39055.086649168937583454,9666.301930704852566123
219886.003025535814231262,11290.286676982410426717,39448.813943675777409226,9726.377789493819363997
220262.633197917515644804,10170.905504554266371997,39741.628583478464861400,9767.968250747371712350
220544.065678215498337522,9329.408292249194346368,39940.881377410667482764,9794.239605873324762797
220718.000516577827511355,8807.347882909027248388,40055.623583891552698333,9808.414918197709994274
220776.835925936116836965,8630.430312287702690810,40092.979299169513978995,9812.852932820884234388
220835.671335294406162575,8453.353931098332395777,40129.597254143212921917,9817.110365422238828614
221009.606173656735336408,7928.966642393520487531,40233.529855384636903182,9828.639804356182139600
221291.038653954718029127,7077.826258188679275918,40387.984892817396030296,9843.945986763363180216
221667.668826336419442669,5934.178984133567610115,40568.070060304744401947,9857.943592246047046501
222123.036144996702205390,4545.549255982976319501,40744.941220317472470924,9864.939463156022611656
222637.238873015303397551,2971.558799697532776918,40890.665672172457561828,9859.766312517203914467
223187.803883759333984926,1281.690174353807151419,40982.978803675738163292,9838.864066290223490796
223750.668844355241162702,-448.045105795747758748,41009.085949610671377741,9801.104860137345895055
224301.233855099271750078,-2139.271983368199471442,40967.801792040598229505,9748.199012232689710800
224815.436583117872942239,-3715.741844813367606548,40869.619162725946807768,9684.597254828462610021
225270.803901778155704960,-5107.540418591697743977,40734.697674475319217891,9616.902368760291210492
225647.434074159857118502,-6254.496288205795281101,40589.164174842670036014,9552.897184818977621035
225928.866554457839811221,-7108.513563600985435187,40460.424349882749083918,9500.363331886841478990
226102.801392820168985054,-7634.851208733177372778,40372.334893057937733829,9465.893419992315102718
226161.636802178458310664,-7812.617038485054763441,40341.066860662700491957,9453.888601590620964998
226220.472211536747636274,-7990.239056753853219561,40309.056246296277095098,9441.709746915081268526
226394.407049899076810107,-8514.469587023377243895,40210.086537911920459010,9404.689869494917729753
226675.839530197059502825,-9359.754432674761119415,40036.256187294355186168,9341.588312185571339796
227052.469702578760916367,-10484.735872726148954825,39777.256539623245771509,9250.990477665896833059
227507.837021239043679088,-11834.262273937391000800,39424.061989945068489760,9132.139734299413248664
228022.039749257644871250,-13342.389530111631756881,38972.995568923812243156,8985.833925034805361065
228572.604760001675458625,-14936.313690328353914083,38429.302795409101236146,8815.180514114381367108
229135.469720597582636401,-16540.937929533705755603,37809.433155958853603806,8626.026335067417676328
229686.034731341613223776,-18083.554007984970667167,37141.471094799890124705,8426.941612900178370182
230200.237459360214415938,-19498.008372118718398269,36463.527893943617527839,8228.729151615036244038
230655.604778020497178659,-20727.789761165684467414,35820.311478882242226973,8043.524952813213531044
231032.234950402198592201,-21727.715585729147278471,35258.429958217275270727,7883.631480758207544568
231313.667430700181284919,-22464.237348015969473636,34821.179747230402426794,7760.262732994061479985
231487.602269062510458753,-22914.720088868707534857,34543.596815961798711214,7682.378383211869731895
231546.437678420799784362,-23066.269828985972708324,34448.440722029117750935,7655.752634843130181252
231605.273087779089109972,-23217.394809706984233344,34352.650268969686294440,7628.985897289833701507
231779.207926141418283805,-23661.654009521182160825,34065.772758972190786153,7549.035785374221632082
232060.640406439400976524,-24372.383829430094920099,33590.003460881955106743,7417.105996798794876668
232437.270578821102390066,-25307.406555109460896347,32931.192265520672663115,7235.669470297523730551
232892.637897481385152787,-26412.334641317458590493,32101.513964390978799202,7009.023293485322938068
233406.840625499986344948,-27624.937059810847131303,31122.116961741288832854,6743.811424927605003177
233957.405636244016932324,-28880.170648437160707545,30024.969622274667926831,6449.338492473935730231
234520.270596839924110100,-30115.287764424869237700,28853.273064241257088725,6137.538607482179941144
235070.835607583954697475,-31274.321340342965413583,27660.116972103962325491,5822.539586614707332046
235585.038335602555889636,-32311.292417737844516523,26505.438318327345768921,5519.853580366326241347
236040.405654262838652357,-33191.706382222524553072,25451.693870219431119040,5245.303469497913283703
236417.035826644540065899,-33892.259100589573790785,24558.881653627471678192,5013.839029352430770814
236698.468306942522758618,-34399.067158886711695231,23879.599429684960341547,4838.399514204234947101
236872.403145304851932451,-34705.055875345628010109,23454.729154024313174887,4728.947470527036784915
236931.238554663141258061,-34807.297773377009434626,23310.153897886928461958,4691.750870768299137126
236990.073964021430583671,-34908.898466373029805254,23165.149232145082351053,4654.467835171682054352
237164.008802383759757504,-35205.492298014760308433,22733.987281916288338834,4543.749340657841457869
237445.441282681742450222,-35673.365567647633724846,22028.630771876949438592,4363.061334329000601429
237822.071455063443863764,-36275.942482107406249270,21070.205099432576389518,4118.389569708684575744
238277.438773723726626486,-36967.881918372622749303,19890.241389002865616931,3818.432812518874015950
238791.641501742327818647,-37700.144727952094399370,18531.503943844876630465,3474.671896601981643471
239342.206512486358406022,-38425.358265259485051502,17047.826648765898426063,3101.194063158232438582
239905.071473082265583798,-39102.687023960505030118,15502.592900029310840182,2714.205273047800346831
240455.636483826296171173,-39701.437801913991279434,13965.819850689789745957,2331.240747027593442908
240969.839211844897363335,-40202.819246579820173793,12510.146506984074221691,1970.160178413354060467
241425.206530505180126056,-40599.617676252208184451,11206.267968310625292361,1648.063448015918083911
241801.836702886881539598,-40893.966601665830239654,10118.433598709942089044,1380.270160114341479130
242083.269183184864232317,-41093.770445048983674496,9300.529434222213239991,1179.473239188271463718
242257.204021547193406150,-41208.598398030815587845,8793.054262984534943826,1055.119863929328857921
242316.039430905482731760,-41245.939048263600852806,8621.070495663299880107,1013.016476895822847837
242374.874840263772057369,-41282.519659144680190366,8448.927867787020659307,970.894421609189294031
242548.809678626101231202,-41386.211576833986327983,7939.125084840556155541,846.267520691085337603
242830.242158924083923921,-41539.864869951750733890,7111.574714657197546330,644.337041769842130634
243206.872331305785337463,-41718.080251230800058693,5999.466617888749169651,373.691272595329508022
243662.239649966068100184,-41891.474624741917068604,4648.893328127977838449,46.107320113891887559
244176.442377984669292346,-42031.677607913850806653,3117.728876815490366425,-323.844340098533621131
244727.007388728699879721,-42116.211847380393010098,1473.478856919606187148,-719.438532550512832131
245289.872349324607057497,-42132.384061355463927612,-209.942000824150909466,-1122.665509967737762054
245840.437360068637644872,-42079.460204506132868119,-1856.253537929469075607,-1515.253934010542252508
246354.640088087238837034,-41968.707998742771451361,-3391.181502951020775072,-1879.717968081828530558
246810.007406747521599755,-41821.300935732520883903,-4746.565458531964395661,-2200.286894785815093201
247186.637579129223013297,-41664.490562486615090165,-5863.697148412546084728,-2463.606502729032854404
247468.070059427205706015,-41526.768507718450564425,-6695.616275764207784960,-2659.165269374445870199
247642.004897789534879848,-41432.892057861783541739,-7208.381148277353531739,-2779.471762681338987022
247700.840307147824205458,-41399.625982762481726240,-7381.570936709571469692,-2820.066409191506409115
247759.675716506113531068,-41365.596903424237098079,-7554.624681160552427173,-2860.609077389834510541
247933.610554868442704901,-41260.540977175027364865,-8065.396248122760880506,-2980.153988643386128388
248215.043035166425397620,-41076.488344989913457539,-8889.054610339433565969,-3172.556566007906894811
248591.673207548126811162,-40803.091432975161296781,-9985.398841829814045923,-3427.933915956866258057
249047.040526208409573883,-40431.409004092289251275,-11300.794267335872063995,-3733.224449349533642817
249561.243254227010766044,-39958.069986933267500717,-12771.072402018276989111,-4072.987796625692226371
250111.808264971041353419,-39388.925138968144892715,-14325.340397147179828607,-4430.409323292632507219
250674.673225566948531196,-38741.364680456106725615,-15890.415164607784390682,-4788.420166729805714567
251225.238236310979118571,-38044.731190382728527766,-17395.378771105370105943,-5130.797802122114262602
251739.440964329580310732,-37338.638114698878780473,-18775.642612056752113858,-5443.095742798841456533
252194.808282989863073453,-36669.421235911169787869,-19975.970804621196293738,-5713.276654894913008320
252571.438455371564486995,-36085.297319073375547305,-20952.145707156691059936,-5931.987626050898143149
252852.870935669547179714,-35631.002300001746334601,-21671.291549134537490318,-6092.501077268309018109
253026.805774031876353547,-35342.707352335979521740,-22111.197921462004160276,-6190.423423367420582508
253085.641183390165679157,-35243.897474517645605374,-22259.198569529467931716,-6223.321828886843832151
253144.476592748455004767,-35144.438026552590599749,-22406.788964704821410123,-6256.105525618777392083
253318.411431110784178600,-34846.625629587935691234,-22840.684344890061765909,-6352.347167855446059548
253599.843911408766871318,-34352.887892689708678517,-23534.919116255681728944,-6505.895357492759103479
253976.474083790468284860,-33669.510080484571517445,-24448.407660506720276317,-6707.078905172643317201
254431.841402450751047581,-32809.360292143042897806,-25528.147294524722383358,-6943.542645001145501737
254946.044130469352239743,-31794.585196902040479472,-26713.455246383549820166,-7201.329930405860977771
255496.609141213382827118,-30658.475710695394809591,-27940.857015135858091526,-7466.099867552120485925
256059.474101809290004894,-29445.857389673899888294,-29149.056113699163688580,-7724.326461772135189676
256610.039112553320592269,-28211.677855259677016875,-30283.306394066519715125,-7964.308900796423586144
257124.241840571921784431,-27017.857668933476816164,-31298.549166308708663564,-8176.842046213815592637
257579.609159232204547152,-25928.830539328166196356,-32160.890994437242625281,-8355.456487540259331581
257956.239331613905960694,-25006.426814935017318930,-32847.342547898078919388,-8496.225756828898738604
258237.671811911888653412,-24304.805646648601396009,-33344.121095231763320044,-8597.231072115120696253
258411.606650274217827246,-23866.036881039864965715,-33644.130490513191034552,-8657.845805755519904778
258470.442059632507152855,-23716.744870996921235928,-33744.387961215223185718,-8678.034264662277564639
258529.277468990796478465,-23567.015798534499481320,-33844.023575761282700114,-8698.062789111469101044
258703.212307353125652298,-23121.843229436854016967,-34134.921585026124375872,-8756.334176032833056524
258984.644787651108345017,-22393.683074585751455743,-34593.940246093639871106,-8847.628070225875489996
259361.274960032809758559,-21404.496449026864866028,-35185.372610193495347630,-8963.959464472885883879
259816.642278693092521280,-20187.000133828209072817,-35864.927829660628049169,-9095.563227663233192288
260330.845006711693713441,-18785.482909252765239216,-36584.658946805800951552,-9232.094062992428007419
260881.410017455724300817,-17255.600659119721967727,-37298.184549394951318391,-9363.870781452445953619
261444.274978051631478593,-15662.780103728306130506,-37965.436120614489482250,-9482.971647516003940837
261994.839988795662065968,-14079.196433153914767900,-38556.180522346534417011,-9584.000308410571960849
262509.042716814263258129,-12579.637075992795871571,-39051.751884978089947253,-9664.394883080458384939
262964.410035474575124681,-11236.810909587295100209,-39444.758937013837567065,-9724.238466883169166977
263341.040207856276538223,-10116.736743681389270932,-39736.937707651399250608,-9765.627856957058611442
263622.472688154201023281,-9274.741873640014091507,-39935.692523940495448187,-9791.743933224928696291
263796.407526516530197114,-8752.382912213552117464,-40050.117506242218951229,-9805.821214781071830657
263855.242935874848626554,-8575.365952763173481799,-40087.364315815757436212,-9810.225722384375330876
263914.078345233167055994,-8398.191002894995108363,-40123.872565729543566704,-9814.449475381483352976
264088.013183595496229827,-7873.517178181652525382,-40227.476231508589989971,-9825.878355030632519629
264369.445663893420714885,-7021.928919989203677687,-40381.384772918609087355,-9841.018783275949317613
264746.075836275122128427,-5877.713829371317842742,-40560.712094357128080446,-9854.788982471558483667
265201.443154935433994979,-4488.447947128282976337,-40736.628830295776424464,-9861.502018693206991884
265715.645882954006083310,-2913.808589732107975578,-40881.229275216413952876,-9856.000181272118425113
266266.210893698036670685,-1223.330671519344605258,-40972.289998393542191479,-9834.736536443968361709
266829.075854294002056122,506.932204880208473696,-40997.071049984959245194,-9796.599487395304095116
267379.640865038032643497,2198.578545435716478096,-40954.451940926046518143,-9743.317672051740373718
267893.843593056604731828,3775.351415818172426953,-40854.994951878063147888,-9679.360695080698860693
268349.210911716916598380,5167.345256960617916775,-40718.927489557194348890,-9611.349179816386822495
268725.841084098618011922,6314.410034493916100473,-40572.436878284017439000,-9547.081443884511827491
269007.273564396542496979,7168.477334755181800574,-40442.977900012185273226,-9494.351392530716111651
269181.208402758871670812,7694.832423853371437872,-40354.442778602613543626,-9459.760343223779273103
269240.043812117190100253,7872.601819518626143690,-40323.023839813562517520,-9447.714582714692369336
269298.879221475508529693,8050.226222310273442417,-40290.862255667110730428,-9435.494806908023747383
269472.814059837837703526,8574.456887985281355213,-40191.445954063790850341,-9398.354099413385483786
269754.246540135762188584,9419.720048963736189762,-40016.892603544918529224,-9335.057617276903329184
270130.876712517463602126,10544.630099984486150788,-39756.926178236994019244,-9244.200434994429087965
270586.244031177775468677,11894.005551893536903663,-39402.567114863690221682,-9125.039223717105414835
271100.446759196347557008,13401.877805322852509562,-38950.196513211718411185,-8978.388148542422641185
271651.011769940378144383,14995.430640761867834954,-38405.126656142114370596,-8807.372925775220210198
272213.876730536343529820,16599.572042089639580809,-37783.877311040967470035,-8617.859077499151680968
272764.441741280374117196,18141.617315600709844148,-37114.600551990210078657,-8418.434307077266566921
273278.644469298946205527,19555.453215971498138970,-36435.466846441086090636,-8219.916242039722419577
273734.011787959258072078,20784.620403539571270812,-35791.230816915493051056,-8034.452142138868111942
274110.641960340959485620,21783.992684924385685008,-35228.533345327567076311,-7874.351970526528930350
274392.074440638883970678,22520.074789289526961511,-34790.690896847256226465,-7750.833953099238897266
274566.009279001213144511,22970.274977327291708207,-34512.749817739721038379,-7672.859659263443973032
274624.844688359531573951,23121.727302011066058185,-34417.473979995687841438,-7646.203895287616433052
274683.680097717850003392,23272.753947663484723307,-34321.564504596070037223,-7619.407351578476664145
274857.614936080179177225,23716.717121070716530085,-34034.339417023082205560,-7539.370364289676217595
275139.047416378103662282,24426.951461591630504699,-33558.021673839146387763,-7407.304019800989408395
275515.677588759805075824,25361.280292291630757973,-32898.504631163079466205,-7225.692760765162347525
275971.044907420116942376,26465.324658448764239438,-32068.018134081492462428,-6998.848072849880736612
276485.247635438689030707,27676.874199740952462889,-31087.771354065731429728,-6733.429559448355576023
277035.812646182719618082,28930.921312107326230034,-29989.792126726380956825,-6438.756848820350569440
277598.677606778685003519,30164.768840882341464749,-28817.332685353954730090,-6126.776577964310490643
278149.242617522715590894,31322.512134794877056265,-27623.519771253533690469,-5811.625208334852686676
278663.445345541287679225,32358.241168959368224023,-26468.310298272845102474,-5508.818982246049017704
279118.812664201599545777,33237.530258048616815358,-25414.164148923890024889,-5234.180526543609630608
279495.442836583300959319,33937.138023505467572249,-24521.069122596272791270,-5002.656030339008793817
279776.875316881225444376,34443.232911184415570460,-23841.605143370961741311,-4827.179383444561608485
279950.810155243554618210,34748.778342145953502040,-23416.635274643846059917,-4717.707714720707372180
280009.645564601873047650,34850.869911525718634948,-23272.028540650378999999,-4680.505052088717093284
280068.480973960191477090,34952.320098006537591573,-23126.993516595535766101,-4643.216244720825670811
280242.415812322520650923,35248.468038199629518203,-22695.748375706829392584,-4532.482390109780681087
280523.848292620445135981,35715.617339321528561413,-21990.278065186063031433,-4351.774922011060880322
280900.478465002146549523,36317.222142022939806338,-21031.740435742824047338,-4107.087530145547134452
281355.845783662458416075,37007.984510374990350101,-19851.703090109429467702,-3807.127750038314843550
281870.048511681030504405,37738.921042897854931653,-18492.963540641008876264,-3463.384151014669441793
282420.613522425061091781,38462.724684363485721406,-17009.378602083357691299,-3089.948921879682075087
282983.478483021026477218,39138.630599406787951011,-15464.339079352612316143,-2703.028922182478254399
283534.043493765057064593,39736.015303308347938582,-13927.851731799928529654,-2320.155740816878733312
284048.246221783629152924,40236.150244478165404871,-12472.528562811501615215,-1959.181309948543912469
284503.613540443941019475,40631.873147396734566428,-11169.025381554360137670,-1637.194790268538326927
284880.243712825642433017,40925.355483324943634216,-10081.546358753801541752,-1369.503760600033274386
285161.676193123566918075,41124.526699033864133526,-9263.933485986017331015,-1168.789597650966697984
285335.611031485896091908,41238.970465476617391687,-8756.649096492164972005,-1044.490010652348246367
285394.446440844214521348,41276.182379528640012722,-8584.731693022493345779,-1002.405266622987028313
285453.281850202532950789,41312.634882897305942606,-8412.656345270062956843,-960.302078692276609218
285627.216688564862124622,41415.951824547621072270,-7903.057768406260947813,-835.732253042876777727
285908.649168862786609679,41569.010646710594301112,-7075.854307660737504193,-633.898150785579105104
286285.279341244488023221,41746.455357052152976394,-5964.241399410571830231,-363.388884988025836265
286740.646659904799889773,41918.958321095495193731,-4614.312014991813157394,-35.980919351128420658
287254.849387923371978104,42058.211352003527281340,-3083.930612065246350539,333.758542689219325439
287805.414398667402565479,42141.799351951987773646,-1440.579835926699615811,729.110987590050967810
288368.279359263367950916,42157.084433434472884983,241.862675794942106222,1132.076824491372690318
288918.844370007398538291,42103.375277996092336252,1887.165837305954255498,1524.397747086674371531
289433.047098025970626622,41991.966269834032573272,3421.111858448481598316,1888.602629748455228764
289888.414416686282493174,41844.041262129816459492,4775.598305235895168153,2208.935671083622764854
290265.044589067983906716,41686.848714763589669019,5891.970735766922189214,2472.056368346679391834
290546.477069365908391774,41548.868799951844266616,6723.313934326909475203,2667.464604264210720430
290720.411907728237565607,41454.844943085176055320,7235.719654934514437628,2787.677367576920914871
290779.247317086555995047,41421.531083503556146752,7408.787451064176821092,2828.240200629354148987
290838.082726444932632148,41387.455272438470274210,7581.718962116787224659,2868.751004173716864898
291012.017564807261805981,41282.267362989703542553,8092.127844749737050734,2988.201435304755250399
291293.450045105186291039,41098.020769415736140218,8915.195640816829836695,3180.450373126070189755
291670.080217486887704581,40824.402324851063895039,10010.743792963185114786,3435.620988684806434321
292125.447536147199571133,40452.510357154242228717,11325.170934228017358691,3740.660583690647399635
292639.650264165771659464,39979.011420172435464337,12794.352853787733693025,4080.140435794913173595
293190.215274909802246839,39409.785030263417866081,14347.450106804069946520,4437.259786412966604985
293753.080235505767632276,38762.235971891444933135,15911.338323299691182910,4794.964878785597647948
294303.645246249798219651,38065.704638340139354113,17415.158447757072281092,5137.048223333754322084
294817.847974268370307982,37359.786291422889917158,18794.375621019302343484,5449.076993353530269815
295273.215292928682174534,36690.786294407880632207,19993.798451272377860732,5719.025144071051727224
295649.845465310383588076,36106.884534419426927343,20969.242488470157695701,5937.548202899854004500
295931.277945608308073133,35652.780073980131419376,21687.854068007305613719,6097.924250647045482765
296105.212783970637246966,35364.613148202661250252,22127.435714093579008477,6195.763054819753961056
296164.048193328955676407,35265.848319402772176545,22275.327505826211563544,6228.633449005314105307
296222.883602687274105847,35166.434793861015350558,22422.809554618394031422,6261.389262242080803844
296396.818441049603279680,34868.763215014951128978,22856.387679658899287460,6357.549235452201173757
296678.250921347527764738,34375.269051059221965261,23550.119137245070305653,6510.967779749987130344
297054.881093729229178280,33692.246683574077906087,24462.954599659315135796,6711.982911760759634490
297510.248412389541044831,32832.569706883281469345,25541.938116094028373482,6948.251291135483370454
298024.451140408113133162,31818.381785115572711220,26726.439610469296894735,7205.829581400944334746
298575.016151152143720537,30682.958849835431465181,27953.037598132745188195,7470.390280848075235554
299137.881111748109105974,29471.098464487698947778,29160.482963174763426650,7728.419411402543119038
299688.446122492139693350,28237.709017317443795037,30294.066199125736602582,7968.225579189531345037
300202.648850510711781681,27044.664678750530583784,31308.751494764466769993,8180.609749626848497428
300658.016169171023648232,25956.350887811931897886,32170.654246235393657116,8359.105242788433315582
301034.646341552725061774,25034.553010212468507234,32856.782334900679416023,8499.785522136713552754
301316.078821850649546832,24333.392535967763251392,33353.343009149473800790,8600.729958216028535389
301490.013660212978720665,23894.911461133109696675,33653.228042300339438953,8661.309485286690687644
301548.849069571297150105,23745.717230507434578612,33753.445234480073850136,8681.486454799482089584
301607.684478929615579545,23596.086158592814172152,33853.041476851205516141,8701.503702311125380220
301781.619317291944753379,23151.204520164501445834,34143.828402665501926094,8759.742995303784482530
302063.051797589869238436,22423.518484477299352875,34602.684199933813943062,8850.988904807854851242
302439.681969971570651978,21434.971475772785197478,35193.931375782041868661,8967.263720929990086006
302895.049288631882518530,20218.253409774257306708,35873.312918326599174179,9098.810740968079699087
303409.252016650454606861,18817.616828460293618264,36592.913960687779763248,9235.292764792728121392
303959.817027394485194236,17288.673554292734479532,37306.377455708046909422,9367.034955986584463972
304522.681987990450579673,15696.801832802690114477,37973.646942780731478706,9486.119120630402903771
305073.246998734481167048,14114.128614907422161195,38564.486878207957488485,9587.149147646696292213
305587.449726753053255379,12615.398057866117596859,39060.215260806282458361,9667.560277160133409780
306042.817045413365121931,11273.284303878866921877,39453.414302040175243746,9727.430369034949762863
306419.447217795066535473,10153.781520444739726372,39745.788166996077052318,9768.849754620096064173
306700.879698092991020530,9312.201858710279338993,39944.709528396859241184,9794.992833703270662227
306874.814536455320194364,8790.094112505577868433,40059.246082238452800084,9809.088704737439911696
306933.649945813638623804,8613.161157273512799293,40096.532099464529892430,9813.499822231515281601
306992.485355171957053244,8436.069709222128949477,40133.080290893871278968,9817.730345770791245741
307166.420193534286227077,7911.639739281938091153,40236.806279905744304415,9829.180168573533592280
307447.852673832210712135,7060.436199762127216673,40390.925908025477838237,9844.357350354033769690
307824.482846213912125677,5916.715866594420731417,40570.560293491267657373,9858.182056830748479115
308279.850164874223992229,4528.015394195374028641,40746.883949702605605125,9864.968653344705671770
308794.052892892796080559,2953.968289491693212767,40891.987605744041502476,9859.559160196404263843
309344.617903636826667935,1264.066418527736914257,40983.633993318166176323,9838.404187081001509796
309907.482864232792053372,-465.673493254327240720,41009.058404536670423113,9800.387374270690997946
310458.047874976822640747,-2156.876177081160676607,40967.106456178560620174,9747.230712223099544644
310972.250602995394729078,-3733.297820496194617590,40868.301120014111802448,9683.396104455217937357
311427.617921655706595629,-5125.033084992525800772,40732.829685416312713642,9615.496408217595671886
311804.248094037408009171,-6271.922015681364428019,40586.842853361013112590,9551.322987609542906284
312085.680574335332494229,-7125.880688173901035043,40457.765401349373860285,9498.664189075636386406
312259.615412697661668062,-7652.178455577884960803,40369.467828743785503320,9464.117410652152102557
312318.450822055980097502,-7829.930164929482998559,40338.129501289098698180,9452.086655274373697466
312377.286231414298526943,-8007.537744076527815196,40306.048645786235283595,9439.881896760329254903
312551.221069776627700776,-8531.723726736303433427,40206.871611697089974768,9402.785638340490550036
312832.653550074552185833,-9376.930616309718971024,40032.706908309752179775,9339.561147588125095353
313209.283722456253599375,-10501.796416953930020100,39773.262167690176283941,9248.800139828557803412
313664.651041116565465927,-11851.165824518153385725,39419.533521997072966769,9129.754326788255639258
314178.853769135137554258,-13359.093402387057722080,38967.870019996546034236,8983.231414864452744951
314729.418779879168141633,-14952.777731408115869272,38423.545940916337713134,8812.349610520961505244
315292.283740475133527070,-16557.129344221091741929,37803.040479866773239337,8622.966653093630156945
315842.848751219164114445,-18099.452352447577140993,37134.466891367781499866,8423.663134047863422893
316357.051479237736202776,-19513.609840515557152685,36455.962718614064215217,8225.251090464897060883
316812.418797898048069328,-20743.109985803261224646,35812.258367067755898461,8039.874218821682006819
317189.048970279749482870,-21742.790411464749922743,35249.979960307522560470,7879.840963644577641389
317470.481450577673967928,-22479.121364389291557018,34812.437323055943124928,7756.369625238982735027
317644.416288940003141761,-22929.483036893048847560,34534.675494807292125188,7678.422688078147984925
317703.251698298321571201,-23080.991285367683303775,34439.459210246299335267,7651.775912371485901531
317762.087107656640000641,-23232.074503266754618380,34343.608731820211687591,7624.988220687015200383
317936.021946018969174474,-23676.208661434669920709,34056.554746243498811964,7544.976594012249734078
318217.454426316893659532,-24386.731205632997443900,33580.503056793451833073,7412.948660004329212825
318594.084598698595073074,-25321.467096398097055499,32921.320227283984422684,7231.383536349056157633
319049.451917358906939626,-26426.034229172844788991,32091.202566586260218173,7004.586205007682110590
319563.654645377479027957,-27638.210904720006510615,31111.323127115221723216,6739.209543088738428196
320114.219656121509615332,-28892.967953251602011733,30013.676073296999675222,6444.567343785689445212
320677.084616717475000769,-30127.576546076797967544,28841.487459736636083107,6132.602364538287474716
321227.649627461505588144,-31286.092656747365253977,27647.869267974765534746,5817.449903154904859548
321741.852355480077676475,-32322.563274871186877135,26492.776850224545341916,5514.627997511765897798
322197.219674140389543027,-33202.520774645927303936,25438.680828915745223640,5239.963668020198383601
322573.849846522090956569,-33902.686912114331789780,24545.588657444382988615,5008.409204512279757182
322855.282326820015441626,-34409.200944804913888220,23866.103776927226135740,4832.905092079430687591
323029.217165182344615459,-34715.005798572659841739,23441.111090419446554733,4723.414281181598198600
323088.052574540663044900,-34817.185138698398077395,23296.494922552439675201,4686.204769280941945908
323146.887983898981474340,-34918.723091532177932095,23151.449596623227989767,4648.908923702303582104
323320.822822261310648173,-35215.130390074002207257,22720.168921124361077091,4538.153158806443570938
323602.255302559235133231,-35682.698567255494708661,22014.625028478003514465,4357.406758472080582578
323978.885474940936546773,-36284.861052173437201418,21055.957836686535301851,4112.660580467298132135
324434.252793601248413324,-36976.290451932392898016,19875.716490898241318064,3812.619633319006425154
324948.455521619820501655,-37707.966192862251773477,18516.684817684494191781,3468.771365569133195095
325499.020532363851089031,-38432.538958410739724059,17032.715609008948376868,3095.209209828259645292
326061.885492959816474468,-39109.200653494852303993,15487.208623170668943203,2708.144194817613424675
326612.450503703847061843,-39707.288301950953609776,13950.193395503039937466,2325.114995647226351139
327126.653231722419150174,-40208.041859954581013881,12494.316624731480260380,1963.982948369487985474
327582.020550382731016725,-40604.278074904781533405,11190.276523668382651522,1641.847885490812814169
327958.650722764432430267,-40898.158079377841204405,10102.321854481993796071,1374.028075036122118036
328240.083203062356915325,-41097.609438908431911841,9284.335733564264955930,1173.214411283590379753
328414.018041424686089158,-41212.218725011458445806,8776.813321805142550147,1048.852007428129127220
328472.853450783004518598,-41249.485274805338121951,8604.814166433588979999,1006.745794782839880099
328531.688860141322948039,-41285.991719805504544638,8432.656450042584765470,964.621029440606434946
328705.623698503652121872,-41389.464011765194300096,7922.810815345983428415,839.986793045836179772
328987.056178801576606929,-41542.760847314471902791,7095.196676910861242504,638.046588014989765725
329363.686351183278020471,-41720.497308201222040225,5983.014049396101654565,367.391953195179326030
329819.053669843589887023,-41893.310231352756090928,4632.367241915420891019,39.803634499342535946
330333.256397862161975354,-42032.854229878328624181,3101.141705681936400651,-330.144590987073627275
330883.821408606192562729,-42116.681065848679281771,1456.852162388327769804,-725.725275464248170465
331446.686369202157948166,-42132.129292038880521432,-226.581368269087306544,-1128.927956165852720005
331997.251379946188535541,-42078.497669410295202397,-1872.878152819210981761,-1521.482395470807205129
332511.454107964760623872,-41967.085817692830460146,-3407.768112037363152922,-1885.905610718987190921
332966.821426625072490424,-41819.096459160340600647,-4763.098915658210898982,-2206.431114781576980022
333343.451599006773903966,-41661.806283126250491478,-5880.172850237164311693,-2469.709680610222676478
333624.884079304698389024,-41523.727003561260062270,-6712.040695434569897770,-2665.234768115165024938
333798.818917667027562857,-41429.630407858363469131,-7224.770409321381521295,-2785.519165795823028020
333857.654327025345992297,-41396.289983020898944233,-7397.947707138767327706,-2826.106117537332011125
333916.489736383664421737,-41362.186615388454811182,-7570.988659140412892157,-2866.640979642886577494
334090.424574745993595570,-41256.911443565171794035,-8081.720645021665404784,-2986.162164158301038697
334371.857055043918080628,-41072.505317540053511038,-8905.309397315915703075,-3178.524302642764268967
334748.487227425619494170,-40798.637991348230571020,-10001.549753416291423491,-3433.843600233049528470
335203.854546085931360722,-40426.391327678080415353,-11316.803306665555282962,-3739.057988710968402302
335718.057274104503449053,-39952.421863526586093940,-12786.900001289883221034,-4078.727614994813393423
336268.622284848534036428,-39382.610821062327886466,-14340.949034459014001186,-4436.039839317024416232
336831.487245444499421865,-38734.379825548072403762,-15905.773912633356303559,-4793.929546388982089411
337382.052256188530009240,-38037.101840431903838180,-17410.468025802609190578,-5136.179700465582754987
337896.254984207102097571,-37330.417934103723382577,-18790.458172424332587980,-5448.350731100604207313
338351.622302867413964123,-36660.687462915790092666,-19990.526562277103948873,-5718.413072052063398587
338728.252475249115377665,-36076.146019713429268450,-20966.474430144386133179,-5937.021683501026927843
339009.684955547039862722,-35621.543503831053385511,-21685.443549479172361316,-6097.456161329734641185
339183.619793909369036555,-35333.060499059894937091,-22125.237712553600431420,-6195.328652219084688113
339242.455203267687465996,-35234.187359055809793063,-22273.199891826239763759,-6228.210014407009111892
339301.290612626005895436,-35134.664827888576837722,-22420.751560164575494127,-6260.976577711399841064
339475.225450988335069269,-34836.666996271313109901,-22854.530950283511629095,-6357.167044658364829957
339756.657931286259554327,-34342.632630667918419931,-23548.573330360955878859,-6510.630790162080302252
340133.288103667960967869,-33658.864640649204375222,-24461.795411281189444708,-6711.698211521759731113
340588.655422328272834420,-32798.253869751948514022,-25541.199394433857378317,-6948.016897633209737251
341102.858150346844922751,-31782.972998238728905562,-26726.111028069259191398,-7205.634458541586354841
341653.423161090875510126,-30646.340110005068709143,-27953.068721981377166230,-7470.215958745400712360
342216.288121686840895563,-29433.206947106333245756,-29160.793462914749397896,-7728.243042788217280759
342766.853132430871482939,-28198.544459817519964417,-30294.560598022228077753,-7968.023938974129123380
343281.055860449443571270,-27004.292344516819866840,-31309.335721763865876710,-8180.363432651907714899
343736.423179109755437821,-25914.898632735585124465,-32171.250715999849489890,-8358.802233539723602007
344113.053351491456851363,-24992.203316358423762722,-32857.340580059732019436,-8499.423433561243655276
344394.485831789381336421,-24290.371260263607837260,-33353.843917017933563329,-8600.316523594305181177
344568.420670151710510254,-23851.475196890263759997,-33653.681166381014918443,-8660.861244826526672114
344627.256079510028939694,-23702.140656857562134974,-33753.880057371359725948,-8681.025910785730957286
344686.091488868347369134,-23552.369323583548975876,-33853.456917345931287855,-8701.030587168552301591
344860.026327230676542968,-23107.073400697849137941,-34144.180218660745595116,-8759.231154085238813423
345141.458807528601028025,-22378.718702871719870018,-34602.913051643496146426,-8850.409476140144761303
345518.088979910302441567,-21389.281615543462976348,-35193.957007861259626225,-8966.584378992889469373
345973.456298570614308119,-20171.497839518189721275,-35873.033995529032836203,-9097.996300230366614414
346487.659026589186396450,-18769.676601514511276037,-36592.214368822969845496,-9234.307290704780825763
347038.224037333216983825,-17239.493513546251051594,-37305.138521540546207689,-9365.845174600746759097
347601.088997929182369262,-15646.392270379739784403,-37971.763624016886751633,-9484.698582292436185526
348151.654008673212956637,-14062.560779834568165825,-38561.884925710117386188,-9585.482374158853417612
348665.856736691785044968,-12562.794203075562109007,-39056.866017977874435019,-9665.646086897244458669
349121.224055352096911520,-11219.804309315162754501,-39449.344310382111871149,-9725.283745293592801318
349497.854227733798325062,-10099.608901241228522849,-39741.081904619553824887,-9766.501935956648594583
349779.286708031722810119,-9257.531871671486442210,-39939.504999264179787133,-9792.489648286982628633
349953.221546394051983953,-8735.125758469039283227,-40053.724155155759945046,-9806.487436255707507371
350012.056955752370413393,-8558.093478018505265936,-40090.901208770657831337,-9810.865029397155012703
350070.892365110688842833,-8380.903525399275167729,-40127.339637681543536019,-9815.061856182117480785
350244.827203473018016666,-7856.187211870041210204,-40230.736524026877305005,-9826.411070079471755889
350526.259683770942501724,-7004.536118634642662073,-40384.309394216616055928,-9841.422420892811715021
350902.889856152643915266,-5860.248414094789950468,-40563.185600482764129993,-9855.019625223743787501
351358.257174812955781817,-4470.912349740389799990,-40738.554457611462567002,-9861.523282108519197209
351872.459902831527870148,-2896.217007650340747205,-40882.533721714826242533,-9855.784998636816453654
352423.024913575558457524,-1205.706585086600398427,-40972.927336248299980070,-9834.268534283526605577
352985.889874171523842961,524.560136524196423125,-40997.025333403573313262,-9795.873803983948164387
353536.454884915554430336,2216.181490441756977816,-40953.738174842968874145,-9742.341121724257391179
354050.657612934126518667,3792.905385039457542007,-40853.658287065292824991,-9678.151263486539392034
354506.024931594438385218,5184.835234970658348175,-40717.040749509891611524,-9609.934925703104454442
354882.655103976139798760,6331.832503773985990847,-40570.096728795142553281,-9545.498953626567526953
355164.087584274064283818,7185.840772889173422300,-40440.300083575290045701,-9492.643963426651680493
355338.022422636393457651,7712.155718844445800642,-40351.556829319648386445,-9457.976054490171009093
355396.857831994711887091,7889.910904233959627163,-40320.067591014783829451,-9445.904359809703237261
355455.693241353030316532,8067.520777989417183562,-40287.835761941671080422,-9433.658683207178910379
355629.628079715359490365,8591.706630068994854810,-40188.212127327911730390,-9396.441605098403670127
355911.060560013283975422,9436.891404360905653448,-40013.324424576647288632,-9333.022210717681446113
356287.690732394985388964,10561.685240225986490259,-39752.912930957965727430,-9242.001892031792522175
356743.058051055297255516,11910.903005156626022654,-39398.019837871412164532,-9122.645668466080678627
357257.260779073869343847,13418.574804180570936296,-38945.052277904367656447,-8975.777572129900363507
357807.825789817899931222,15011.886989601574896369,-38399.351302205526735634,-8804.534062467810144881
358370.690750413865316659,16615.754945101802150020,-37777.466385031679237727,-8614.791564787730749231
358921.255761157895904034,18157.506368733098497614,-37107.578398486344667617,-8415.148142633308452787
359435.458489176467992365,19571.044688300426059868,-36427.884049408152350225,-8216.430647161596425576
359890.825807836779858917,20799.930029729210218647,-35783.160411841745371930,-8030.794021495430570212
360267.455980218481272459,21799.056431121058267308,-35220.066351587367535103,-7870.554196953928112634
360548.888460516405757517,22534.947377568583760876,-34781.931713819220021833,-7746.933691018619356328
360722.823298878734931350,22985.026286764667020179,-34503.811890316348581109,-7668.896874931069760351
360781.658708237053360790,23136.437049482148722745,-34408.475914597271184903,-7642.220105986334601766
360840.494117595371790230,23287.421862440143740969,-34312.506467004190199077,-7615.402630684244286385
361014.428955957700964063,23731.259790318556042621,-34025.105064054099784698,-7535.304196242252146476
361295.861436255625449121,24441.286533959060761845,-33548.505198045771976467,-7403.139818725449003978
361672.491608637326862663,25375.328117504937836202,-32888.616897994186729193,-7221.400118553350694128
362127.858927297638729215,26479.011060047221690184,-32057.691522138098662253,-6994.404472778826857393
362642.061655316210817546,27690.134366687372676097,-31076.962879185753990896,-6728.821397822142898804
363192.626666060241404921,28943.704461122026259545,-29978.484585207304917276,-6433.979678802668786375
363755.491626656206790358,30177.043032809255237225,-28805.533782207483454840,-6121.834587489347541123
364306.056637400237377733,31334.268492690309358295,-27611.259474238093389431,-5806.530053065065658302
364820.259365418809466064,32369.496774552233546274,-26455.636916925752302632,-5503.588190849670354510
365275.626684079121332616,33248.329181925160810351,-25401.139809963700827211,-5228.835753309169376735
365652.256856460822746158,33947.550217692813021131,-24507.765345824238465866,-4997.221431529711480835
365933.689336758747231215,34453.350986929341161158,-23828.099100180061213905,-4821.680335979631308874
366107.624175121076405048,34758.712505721654451918,-23403.007063063858367968,-4712.169992148868914228
366166.459584479394834489,34860.741501829295884818,-23258.359499553593195742,-4674.954448566917562857
366225.294993837713263929,34962.128933475090889260,-23113.283897615670866799,-4637.652862422764883377
366399.229832200042437762,35258.090301253592770081,-22681.920275254935404519,-4526.881829745665527298
366680.662312497966922820,35724.934459194402734283,-21976.262977835016499739,-4346.116117108647813438
367057.292484879668336362,36326.124789424146001693,-21017.484360075093718478,-4101.354511756080682972
367512.659803539980202913,37016.377107521569996607,-19837.170021496953268070,-3801.310782536396345677
368026.862531558552291244,37746.726605901574657764,-18478.136966889698669547,-3457.480101519624895445
368577.427542302582878619,38469.889570865554560442,-16994.260881900372623932,-3083.960835178393153910
369140.292502898548264056,39145.128581071934604552,-15448.948894575898520998,-2696.964896450013384310
369690.857513642578851432,39741.850369538093218580,-13912.220108421555778477,-2314.027314632248362614
370205.060241661150939763,40241.357675000304880086,-12456.694185324024147121,-1953.001652375019375540
370660.427560321462806314,40636.518625287477334496,-11153.030020477621292230,-1630.977012327477950748
371037.057732703164219856,40929.532284395892929751,-10065.431162989236327121,-1363.259630132700294780
371318.490213001088704914,41128.351214326692570467,-9247.736672233639183105,-1162.528847958410096908
371492.425051363417878747,41242.576442830650194082,-8740.405247319718910148,-1038.220307200373326850
371551.260460721736308187,41279.714301167754456401,-8568.472524449160118820,-996.132762597197938703
371610.095870080054737628,41316.092683934213710018,-8396.382156456060329219,-954.026889506788961626
371784.030708442383911461,41419.190136922195961233,-7886.740927443887812842,-829.449801136411338121
372065.463188740308396518,41571.892733262284309603,-7059.474014105195237789,-627.606087747922060771
372442.093361122009810060,41748.858851989520189818,-5947.786982732176511490,-357.088104655266874943
372897.460679782321676612,41920.780790323420660570,-4597.784549450954727945,-29.675943306795772969
373411.663407800893764943,42059.375349531088431831,-3067.342557468513859931,340.059903760218901425
373962.228418544924352318,42142.256531301143695600,-1423.952746923728682304,735.398662893385562711
374525.093379140889737755,42156.818258108178270049,258.501985181347208709,1138.340038332220501616
375075.658389884920325130,42102.401986057142494246,1903.790000097281790659,1530.626832350690619933
375589.861117903492413461,41990.333961237614857964,3437.697692522588113206,1894.790777790948141046
376045.228436563804280013,41841.827230986251379363,4792.130738826355809579,2215.080304780902679340
376421.858608945505693555,41684.155364021964487620,5908.445235633183983737,2478.159893556155566330
376703.291089243430178612,41545.818590046132158022,6739.737034968906300492,2673.534406388523166243
376877.225927605759352446,41451.574814968123973813,7252.107531605461190338,2793.725049345117440680
376936.061336964077781886,41418.186682903993641958,7425.162816233633748197,2834.280179684776157956
376994.896746322396211326,41384.036660920493886806,7598.081514566603800631,2874.783169405288845155
377168.831584684725385159,41278.629735292124678381,8108.450759806513815420,2994.209852190127094218
377450.264064982649870217,41094.030020801903447136,8931.448866301929228939,3186.418320120032149134
377826.894237364351283759,40819.941663589575910009,10026.893058710567856906,3441.530849462019432394
378282.261556024663150311,40447.486069327875156887,11341.178259799058650970,3746.494270275833059713
378796.464284043235238642,39973.357371546495414805,12810.178707351073171594,4085.880383574238749134
379347.029294787265826017,39403.465517121221637353,14363.057016446027773782,4442.890430487369485490
379909.894255383231211454,38755.246658441879844759,15926.695417205688499962,4800.474403687796439044
380460.459266127261798829,38058.071536610863404348,17430.246173098763392773,5142.430301452760431857
380974.661994145833887160,37351.563002995215356350,18809.189814496672624955,5454.332209008061909117
381430.029312806145753711,36682.049968070241448004,20008.353021829661884112,5724.161842634460299450
381806.659485187847167253,36097.731127459082927089,20983.570197731372900307,5942.582594612741559104
382088.091965485771652311,35643.319494885428866837,21702.005198308066610480,6102.879713118025392760
382262.026803848100826144,35354.964708826519199647,22141.474729831843433203,6200.668691297469194978
382320.862213206419255584,35256.136683729760989081,22289.328085800883854972,6233.522052362149224791
382379.697622564737685025,35156.660140519139531534,22436.771441288306959905,6266.260742545870016329
382553.632460927066858858,34858.803318635065807030,22870.233678293538105208,6362.369572083762250259
382835.064941224991343915,34365.012829070343286730,23563.772918685132026440,6515.703726342044319608
383211.695113606692757457,33681.600675270921783522,24476.342167596852959832,6716.602809899484782363
383667.062432267004624009,32821.463166418659966439,25554.990359752238873625,6952.726237637825761340
384181.265160285576712340,31806.769944726456742501,26739.095934905199101195,7210.134928393823429360
384731.830171029607299715,30670.824077049997868016,27965.250307574024191126,7474.507335137150221271
385294.695131625572685152,29458.449284181333496235,29172.221816470853809733,7732.337112893535049807
385845.260142369603272527,28224.577261970014660619,30305.322424673515342874,7971.941900219092531188
386359.462870388175360858,27031.101303605883003911,31319.540575881666882196,8184.132576963537758274
386814.830189048487227410,25942.421167982742190361,32181.016953960657701828,8362.452573924887474277
387191.460361430188640952,25020.331868507491890341,32866.783742429819540121,8502.984905776018422330
387472.892841728113126010,24318.960617795186408330,33363.069501218647928908,8603.817208776314146235
387646.827680090442299843,23880.352307208475394873,33662.782572196883847937,8664.326780822158980300
387705.663089448760729283,23731.115566388863953762,33762.941247045491763856,8684.479976860424358165
387764.498498807079158723,23581.442252860375447199,33862.478797331903479062,8704.473395807561246329
387938.433337169408332556,23136.437313894010003423,34153.091200497859972529,8762.641926601425439003
388219.865817467332817614,22408.556810271744325291,34611.661471044091740623,8853.772357892625223030
388596.495989849034231156,21419.759418653942702804,35202.520644430347601883,8969.890808797585123102
389051.863308509346097708,20202.753954164443712216,35881.424446835313574411,9101.246139601431423216
389566.066036527918186039,18801.813386494330188725,36600.475299695877765771,9237.508490334552334389
390116.631047271948773414,17272.569252967845386593,37313.337933740251173731,9369.012028883587845485
390679.496007867914158851,15680.416768521638005041,37979.981544989335816354,9487.848917685134438216
391230.061018611944746226,14097.495606270367716206,38570.198947334873082582,9588.634249546743376413
391744.263746630516834557,12598.557669362618980813,39065.337574000986933243,9668.814674263165215962
392199.631065290828701109,11256.280011725177246262,39458.008296485757455230,9728.478974863386611105
392576.261237672530114651,10136.655816786445939215,39749.941337734562694095,9769.727267939631929039
392857.693717970454599708,9294.993855554563197074,39948.531233246867486741,9795.742060359558308846
393031.628556332783773541,8772.838865483990957728,40062.862115188938332722,9809.758484381663947715
393090.463965691102202982,8595.890557153796180501,40100.078428083223116118,9814.142702956958601135
393149.299375049420632422,8418.784073779697791906,40136.556849807340768166,9818.346315718235928216
393323.234213411749806255,7894.311515993810644432,40240.076209073638892733,9829.716517748665864929
393604.666693709674291313,7043.044972711467380577,40393.860401751720928587,9844.764692760865727905
393981.296866091375704855,5899.251784010294613836,40573.043974525338853709,9858.416494661734759575
394436.664184751687571406,4510.480814464774084627,40748.820096450472192373,9864.993814100380404852
394950.866912770259659737,2936.377341316250749514,40893.302930976460629608,9859.347980756499964627
395501.431923514290247113,1246.442525185678960042,40984.282557396822085138,9837.940289504871543613
396064.296884110255632550,-483.301710826986436587,41009.024227324072853662,9799.665885678674385417
396614.861894854286219925,-2174.479900486559927231,40966.404492551657313015,9746.258431310732703423
397129.064622872858308256,-3750.853045956572714204,40866.976463267368671950,9682.190999355565509177
397584.431941533170174807,-5142.524754143965765252,40730.955102244464796968,9614.086520773220399860
397961.062113914871588349,-6289.346542407091874338,40584.514959738087782171,9549.744889785244595259
398242.494594212796073407,-7143.246460513213605736,40455.099900329718366265,9496.961167214130909997
398416.429432575125247240,-7669.504256846004864201,40366.594225471286335960,9462.337536406950675882
398475.264841933443676680,-7847.241814274560056219,40335.185607771367358509,9450.280848978762151091
398534.100251291762106121,-8024.834922804147936404,40303.034516066567448433,9438.050191622958664084
398708.035089654091279954,-8548.976264907694712747,40203.650171562992909458,9400.877567389994510449
398989.467569952015765011,-9394.105048562594674877,40029.151142364855331834,9337.530169074543664465
399366.097742333717178553,-10518.855010434210271342,39769.261349148189765401,9246.606025221126401448
399821.465060994029045105,-11868.067185279107434326,39414.998662719204730820,9127.365191221464556293
400335.667789012601133436,-13375.794817788446380291,38962.738150631281314418,8980.625236587409744971
400886.232799756631720811,-14969.239033502955862787,38417.782851742114871740,8809.515108726198377553
401449.097760352597106248,-16573.317736066175712040,37796.641667157331539784,8619.903450382909795735
401999.662771096627693623,-18115.347401326565886848,37127.456657247443217784,8420.381215972480276832
402513.865499115199781954,-19529.207763380596588831,36448.391620316942862701,8221.769671234125780757
402969.232817775511648506,-20758.426447704103338765,35804.199434643836866599,8036.220202556088224810
403345.862990157213062048,-21757.861297935560287442,35241.524231306299043354,7876.047229696308932034
403627.295470455137547106,-22494.001311519463342847,34803.689237509643135127,7752.473351136231940472
403801.230308817466720939,-22944.241836195596988546,34525.748556565420585684,7674.463858468226135301
403860.065718175785150379,-23095.708566293254989432,34430.472096560988575220,7647.796066319042438408
403918.901127534161787480,-23246.749994712965417420,34334.561608056254044641,7620.987431456327612977
404092.835965896490961313,-23690.759032880927406950,34047.331192697289225180,7540.914322737169641186
404374.268446194415446371,-24401.074176052487018751,33570.997187875182135031,7408.788297278527352319
404750.898618576116859913,-25335.523067107231327100,32911.442829508676368278,7227.094650703023944516
405206.265937236428726465,-26439.729051812526449794,32080.885941943619400263,7000.146257556561067759
405720.468665255000814795,-27651.479770952566468623,31100.524222426713095047,6734.604910769385242020
406271.033675999031402171,-28905.760058596490125638,30002.377630026025144616,6439.793565070184740762
406833.898636594996787608,-30139.859911195944732754,28829.697148799554270227,6127.663619097809714731
407384.463647339027374983,-31297.858353122115659062,27635.617048853724554647,5812.357846028166022734
407898.666375357599463314,-32333.828330091280804481,26480.111052516458585160,5509.400164775921439286
408354.033694017911329865,-33213.329210886055079754,25425.663627281490335008,5234.621728934146631218
408730.663866399612743407,-33913.108644815998559352,24532.291644417360657826,5002.977336713124714151
409012.096346697537228465,-34419.328563247756392229,23852.604216532112332061,4827.408698732931043196
409186.031185059866402298,-34724.949500830924080219,23427.489187498256796971,4717.879165368411122472
409244.866594418184831738,-34827.066265182387724053,23282.832131152717920486,4680.656756535023305332
409303.702003776503261179,-34928.541460100168478675,23137.746168357632996049,4643.348116218800896604
409477.636842138832435012,-35224.762173731884104200,22706.346836941236688290,4532.555126211349488585
409759.069322436756920069,-35692.025176785304211080,22000.615675169130554423,4351.750405749194214877
410135.699494818458333611,-36293.773127075037336908,21041.707118274120148271,4106.929914395440391672
410591.066813478770200163,-36984.692369825010246132,19861.188327094761916669,3806.804899922837648774
411105.269541497342288494,-37715.780914813520212192,18501.862644665663538035,3462.869420876544154453
411655.834552241372875869,-38439.712782829941716045,17017.601761462461581687,3089.223095516511875758
412218.699512837338261306,-39115.707297168039076496,15471.821787620676332153,2702.082013798964908347
412769.264523581368848681,-39713.131712950176734012,13934.564629464846802875,2318.988298018845853221
413283.467251599940937012,-40213.257298254095076118,12478.484666480810119538,1957.804919665793704553
413738.834570260252803564,-40608.931230715614219662,11174.283213465083463234,1635.631655954198549807
414115.464742641954217106,-40902.342264236263872590,10086.208420313389069634,1367.785432395607813305
414396.897222939878702164,-41101.441106136444432195,9268.140475038357180892,1166.955107881451795038
414570.832061302207875997,-41215.831706028518965468,8760.570904716227232711,1042.583726251157031584
414629.667470660526305437,-41253.024149111799488310,8588.556389072420643060,1000.474705201059578030
414688.502880018844734877,-41289.456422094852314331,8416.383611971525169793,958.347247017740073716
414862.437718381173908710,-41392.709070978024101350,7906.495207875402229547,833.705726078446218708
415143.870198679098393768,-41545.649423408271104563,7078.817434886493174417,631.755877460597844220
415520.500371060799807310,-41722.906934594109770842,5966.560456335671915440,361.092487596615228540
415975.867689721111673862,-41895.138379445990722161,4615.840349439598867320,33.499936550576762784
416490.070417739683762193,-42034.023371675102680456,3084.553975857665591320,-336.444703039320870630
417040.635428483714349568,-42117.142792641978303436,1440.225175114300100176,-732.011717901226006688
417603.500389079679735005,-42131.867031782043341082,-243.220756076883390051,-1135.189937136877688317
418154.065399823710322380,-42077.527656318132358138,-1889.502521603111745208,-1527.710231309354185214
418668.268127842282410711,-41965.456181636574910954,-3424.354226494683189230,-1892.092478838450006151
419123.635446502594277263,-41816.884556706085277256,-4779.631658635816165770,-2212.574429303076158249
419500.265618884295690805,-41659.114608169518760405,-5896.647656934053884470,-2475.811845452636134723
419781.698099182220175862,-41520.678130086722376291,-6728.464085175821310258,-2671.303173935524682747
419955.632937544549349695,-41426.361406333919148892,-7241.158557337575985002,-2791.565426848585502739
420014.468346902867779136,-41392.946638046349107753,-7414.323336470828508027,-2832.144667240025682986
420073.303756261186208576,-41358.768988543190062046,-7587.351467974842307740,-2872.671706692742191080
420247.238594623515382409,-41253.274590926252130885,-8098.043789984190880205,-2992.169115641425378271
420528.671074921439867467,-41068.515005562723672483,-8921.562798830133033334,-3184.490736660437960381
420905.301247303141281009,-40794.177316170869744383,-10017.699101771097048186,-3439.751877589276773506
421360.668565963453147560,-40421.366486641163646709,-11332.810569418374143424,-3744.889996470440109988
421874.871293982025235891,-39946.766662837413605303,-12802.725585443688032683,-4084.465763010109185416
422425.436304726055823267,-39376.289530434034531936,-14356.555404396323865512,-4441.668539035347748722
422988.301265322021208704,-38727.388116447284119204,-15921.130139177763339831,-4799.436963561156517244
423538.866276066051796079,-38029.465763416519621387,-17425.554514577266672859,-5141.559496536568985903
424053.069004084623884410,-37322.191154986496258061,-18805.270742596643685829,-5453.603489636572703603
424508.436322744935750961,-36651.947212995684822090,-20005.079134631916531362,-5723.547149153439022484
424885.066495126637164503,-36066.988349410588853061,-20980.799809109601483215,-5942.053311622743422049
425166.498975424561649561,-35612.078419057077553589,-21699.592088841633085394,-6102.408750549185242562
425340.433813786890823394,-35323.407409397674200591,-22139.273971104834345169,-6200.231346263583873224
425399.269223145209252834,-35224.471025098748214077,-22287.197657505497772945,-6233.095651693442050600
425458.104632503527682275,-35124.885428734887682367,-22434.710574995249771746,-6265.845068190701567801
425632.039470865856856108,-34826.702216361678438261,-22868.373904450618283590,-6361.984320571113130427
425913.471951163781341165,-34332.371311353075725492,-23562.223780262505897554,-6515.363559280316621880
426290.102123545482754707,-33648.213267017708858475,-24475.179249151671683649,-6716.314772225574415643
426745.469442205794621259,-32787.141668855496391188,-25554.247405610582063673,-6952.488308138968022831
427259.672170224366709590,-31771.355204084691649769,-26738.762527915547252633,-7209.936039382654598739
427810.237180968397296965,-30634.199118504879152169,-27965.275946916874090675,-7474.328994642847646901
428373.102141564362682402,-29420.551331971837498713,-29172.526133163089980371,-7732.156463194093703351
428923.667152308393269777,-28185.406113723347516498,-30305.809937896410701796,-7971.735718686197287752
429437.869880326965358108,-26990.722283926697855350,-31320.117247335925640073,-8183.881473978903159150
429893.237198987277224660,-25900.962185481326741865,-32181.605266755919728894,-8362.144561625238566194
430269.867371368978638202,-24977.975442621424008394,-32867.333329167042393237,-8502.617635013375547715
430551.299851666903123260,-24275.932624549714091700,-33363.561374475233606063,-8603.398458638439478818
430725.234690029232297093,-23836.909342078819463495,-33663.226428818925342057,-8663.873142767895842553
430784.070099387550726533,-23687.532298819038260262,-33763.366723685605393257,-8684.014007555248099379
430842.905508745869155973,-23537.718731572436809074,-33862.884812776836042758,-8703.994827712831465760
431016.840347108198329806,-23092.299534684032551013,-34153.433358507521916181,-8762.124550888935118564
431298.272827406122814864,-22363.750424348847445799,-34611.880288210377329960,-8853.187263623885883135
431674.902999787824228406,-21374.063052414701814996,-35202.535739596452913247,-8969.205627713827198022
432130.270318448136094958,-20155.992033509010070702,-35881.134383970260387287,-9100.425653427999350242
432644.473046466708183289,-18753.867032825506612426,-36599.763895188858441543,-9236.516743495210903347
433195.038057210738770664,-17223.383380575156479608,-37312.086480657046195120,-9367.815739239225877100
433757.903017806704156101,-15630.001734270817905781,-37978.085004424661747180,-9486.421640161546747549
434308.468028550734743476,-14045.922706577699500485,-38567.583108508319128305,-9586.960521985482046148
434822.670756569306831807,-12545.949177892845909810,-39061.973848349531181157,-9666.893340195294513251
435278.038075229618698359,-11202.795796357668223209,-39453.923315853404346853,-9726.325048959113701130
435654.668247611320111901,-10082.479345872610792867,-39745.219685016309085768,-9767.372023488125705626
435936.100727909244596958,-9240.320306890496794949,-39943.311024806520435959,-9793.231361351590749109
436110.035566271573770791,-8717.867135021178910392,-40057.324335122088086791,-9807.149650068819028093
436168.870975629892200232,-8540.819565119809340104,-40094.431626530960784294,-9811.500326978513840004
436227.706384988210629672,-8363.614641325242700987,-40130.800228310879901983,-9815.670225855314129149
436401.641223350539803505,-7838.855932475997178699,-40233.990317805073573254,-9826.939769419295771513
436683.073703648464288563,-6987.142155916503725166,-40387.227490810582821723,-9841.822036757499517989
437059.703876030165702105,-5842.782041245058280765,-40565.652551463790587150,-9855.246240789567309548
437515.071194690477568656,-4453.376042118613440834,-40740.473499589767016005,-9861.540515827791750780
438029.273922709049656987,-2878.624995551405845617,-40883.831557520614296664,-9855.565788817497377750
438579.838933453080244362,-1188.082369320016823622,-40973.558046574973559473,-9833.796513910143403336
439142.703894049045629799,542.187889899782703651,-40996.972983134000969585,-9795.144118231004540576
439693.268904793076217175,2233.783956596501411695,-40953.017779865214833990,-9741.360591107239088160
440207.471632811648305506,3810.458595375965160201,-40852.315007490302377846,-9676.937877996615497977
440662.838951471960172057,5202.324206990583661536,-40715.147414985556679312,-9608.516745712951887981
441039.469123853661585599,6349.253763517628613045,-40567.750007104812539183,-9543.912563939802566892
441320.901604151586070657,7203.202849979901657207,-40437.615714820771245286,-9490.932656578936075675
441494.836442513915244490,7729.477559440008008096,-40348.664341388925095089,-9456.187902232664782787
441553.671851872233673930,7907.218503028817394807,-40317.104808430536650121,-9444.090278331668741885
441612.507261230552103370,8084.813816250612035219,-40284.802739413375093136,-9431.818705955198311131
441786.442099592881277204,8608.954761785291339038,-40184.971787221933482215,-9394.525272493181546452
442067.874579890805762261,9454.060999553048532107,-40009.749759427977551240,-9330.982991868133467506
442444.504752272507175803,10578.738420916577524622,-39748.893238158685562667,-9239.799574084538107854
442899.872070932819042355,11927.798259843653795542,-39393.466171010128164198,-9120.248387136041856138
443414.074798951391130686,13435.269337491719852551,-38939.901724037044914439,-8973.163329799841449130
443964.639809695421718061,15028.340590909179809387,-38393.569715906021883711,-8801.691603370751181501
444527.504770291387103498,16631.934816890166985104,-37771.049325164669426158,-8611.720533971976692555
445078.069781035417690873,18173.392118097897764528,-37100.550217473806696944,-8411.858541807338042418
445592.272509053989779204,19586.632607128791278228,-36420.295332966888963711,-8212.941697230764475535
446047.639827714301645756,20815.235885428039182443,-35775.084190042223781347,-8027.132621764287250699
446424.270000096003059298,21814.116230492731119739,-35211.593630898416449782,-7866.753209858658010489
446705.702480393927544355,22549.815889198336662957,-34773.166873749774822500,-7743.030265992775639461
446879.637318756256718189,22999.773440173270500964,-34494.868350249307695776,-7664.930959579323825892
446938.472728114575147629,23151.142614224394492339,-34399.472251777850033250,-7638.233196579192735953
446997.308137472893577069,23302.085567865004122723,-34303.442847316953702830,-7611.394800655079961871
447171.242975835222750902,23745.798171964921493782,-34015.865174896374810487,-7531.234951827013901493
447452.675456133147235960,24455.617193582842446631,-33538.983262224144709762,-7398.972595345961963176
447829.305628514848649502,25389.371365422543021850,-32878.723810309566033538,-7217.104528375898553350
448284.672947175160516053,26492.692690024752664613,-32047.359688631753670052,-6989.958017584165645530
448798.875675193732604384,27703.389548922368703643,-31066.149339781441085506,-6724.210489686955952493
449349.440685937763191760,28956.482405049711815082,-29967.172155187854514224,-6429.199882845262436604
449912.305646533728577197,30189.311803032345778774,-28793.730178651680034818,-6116.890098708136065397
450462.870657277759164572,31346.019225838128477335,-27598.994668448380252812,-5801.432528403335709299
450977.073385296331252903,32380.746573949381854618,-26442.959212344110710546,-5498.355153911503293784
451432.440703956643119454,33259.122145729881594889,-25388.111317155606229790,-5223.488846851012567640
451809.070876338344532996,33957.956329498869308736,-24494.457558766513102455,-4991.784794174784110510
452090.503356636269018054,34463.462891889583261218,-23814.589155956455215346,-4816.179321722795066307
452264.438194998598191887,34768.640445173878106289,-23389.375018796436052071,-4706.630347547005840170
452323.273604356916621327,34870.606850193216814660,-23244.686649027818930335,-4669.401938226567835954
452382.109013715235050768,34971.931509302732592914,-23099.570492535280209268,-4632.087588552686611365
452556.043852077564224601,35267.706253011732769664,-22668.088458073620131472,-4521.279423085087728396
452837.476332375488709658,35734.245186346510308795,-21962.244287258847180055,-4340.455539792290437617
453214.106504757190123200,36335.020939355745213106,-21003.224835442531912122,-4095.619820987679759128
453669.473823417501989752,37024.763087103521684185,-19822.633693886109540472,-3795.492265278694503650
454183.676551436074078083,37754.525424506668059621,-18463.307352951578650391,-3451.574642779384248570
454734.241562180104665458,38477.047587680448486935,-16979.140360536090156529,-3077.971491866327596654
455297.106522776070050895,39151.619576407516433392,-15433.556157616972996038,-2690.899772239098183491
455847.671533520100638270,39747.678346726257586852,-13896.586180571459408384,-2307.897946434396999393
456361.874261538672726601,40246.557930864597437903,-12440.857738069065817399,-1946.821200292778939911
456817.241580198984593153,40641.156861115065112244,-11137.032799916098156245,-1624.758571441451294959
457193.871752580686006695,40933.701793681029812433,-10049.314283217558113392,-1357.014946092580885306
457475.304232878610491753,41132.168404265801655129,-9231.538306431692035403,-1156.267626696339675618
457649.239071240939665586,41246.175075625826139003,-8724.159927981258078944,-1031.950182960818438005
457708.074480599258095026,41283.238872018802794628,-8552.211913461853328045,-989.859854977052805225
457766.909889957576524466,41319.543128089084348176,-8380.106553006582544185,-947.751313927566229722
457940.844728319905698299,41422.421075191086856648,-7870.422754117283147934,-823.167013726524260164
458222.277208617830183357,41574.767420352189219557,-7043.092521749640582129,-621.313771659269718839
458598.907380999531596899,41751.254918406761134975,-5931.331546774506932707,-350.787181773953761876
459054.274699659843463451,41922.595803377589618322,-4581.256282691182605049,-23.370958451959609192
459568.477427678415551782,42060.531869535676378291,-3050.753948931546801759,346.361122621910851649
460119.042438422446139157,42142.706221914158959407,-1407.325369594005223917,741.686034517157850132
460681.907399018411524594,42156.544595049555937294,275.141310875637600475,1144.602783925565518075
461232.472409762442111969,42101.421219560674217064,1920.413913096904025224,1536.855289157951801826
461746.675137781014200300,41988.694201259415422101,3454.283028638761152251,1900.978148659047292313
462202.042456441326066852,41839.605777724827930797,4808.662455263822266716,2221.224030508615669532
462578.672628823027480394,41681.454621545832196716,5924.918837640551828372,2484.262403366940816341
462860.105109120951965451,41542.761014747215085663,6756.159103156918718014,2679.603113334575027693
463034.039947483281139284,41448.297339288044895511,7268.494292852126818616,2799.771586857061720366
463092.875356841599568725,41414.834941040106059518,7441.537037953159597237,2840.318997924034192692
463151.710766199917998165,41380.610714571877906565,7614.442895562075136695,2880.814157282191445120
463325.645604562247171998,41274.984792572235164698,8124.772420747272008157,3000.217042955887791322
463607.078084860171657056,41090.031991705029213335,8947.700704354929257534,3192.384962512171568960
463983.708257241873070598,40815.473772857854783069,10043.040759538456768496,3447.439301472968054441
464439.075575902184937149,40442.454620979879109655,11357.183807446916034678,3752.326423579796937702
464953.278303920757025480,39967.696249733511649538,12826.002544834595028078,4091.618659507973461587
465503.843314664787612855,39397.139035311847692356,14378.661658159360740683,4448.519256962356848817
466066.708275260752998292,38748.250494777857966255,15942.049989487106358865,4805.981965008825682162
466617.273286004783585668,38050.431711685756454244,17445.331132767103554215,5147.810276395119217341
467131.476014023355673999,37343.333119782160792965,18824.001018384507915471,5459.585194164817949058
467586.843332683667540550,36673.307168404346157331,20022.904407997695670929,5729.296200557681913779
467963.473505065368954092,36088.571353020466631278,20997.894564127196645131,5947.614556530909794674
468244.905985363293439150,35633.852630544541170821,21716.152868961733474862,6107.832680366416752804
468418.840823725622612983,35345.310036351052985992,22155.510214472596999258,6205.571792639246268664
468477.676233083941042423,35246.418832823866978288,22303.325110637004399905,6238.408107173825555947
468536.511642442259471864,35146.879289925134798978,22450.729748843998095253,6271.129660942154259828
468710.446480804588645697,34848.837278824728855398,22884.076027321323635988,6367.187307581270943047
468991.878961102513130754,34354.750552823992620688,23577.422937705916410778,6520.437009218469938787
469368.509133484214544296,33670.948736026388360187,24489.725824627312249504,6721.219962330478665535
469823.876452144526410848,32810.350850069153239019,25568.038516918135428568,6957.198342068320016551
470338.079180163098499179,31795.152511183499882463,26751.747979996969661443,7214.437328269291356264
470888.644190907129086554,30658.683915467354381690,27977.458537849801359698,7478.621334427754845819
471451.509151503094471991,29445.794932969485671492,29183.955993771927751368,7736.251654181758567574
472002.074162247125059366,28211.440557271929719718,30316.573789306694379775,7975.654963285112899030
472516.276890265697147697,27017.533193240236869315,31330.324630438579333713,8187.652059767659011413
472971.644208926009014249,25928.486908126782509498,32191.374494318861252395,8365.796487783765769564
473348.274381307710427791,25006.106352009552210802,32876.779870424979890231,8506.180814812209064257
473629.706861605634912848,24304.524450459106446942,33372.790632530348375440,8606.900943604823623900
473803.641699967964086682,23865.788982661622867454,33672.331692262494470924,8667.340535945631927461
473862.477109326282516122,23716.509758368018083274,33772.431833376693248283,8687.469950289629196050
473921.312518684600945562,23566.794230021874682279,33871.910675274863024242,8707.439532517790212296
474095.247357046930119395,23121.666070176208449993,34162.348508180795761291,8765.537277388986694859
474376.679837344854604453,22393.591228879406116903,34620.633176839437510353,8856.552193301991792396
474753.310009726556017995,21404.543631235781504074,35211.104250841162865981,8972.514231637631382910
475208.677328386867884547,20187.250985867518465966,35889.530201625202607829,9103.677819647931755753
475722.880056405439972878,18786.006682214276224840,36608.030746750438993331,9239.720441738316367264
476273.445067149470560253,17256.461962484270770801,37320.292402400045830291,9370.985274042810488027
476836.310027745435945690,15664.028999319729337003,37986.310027786785212811,9489.574838578782873810
477386.875038489466533065,14080.860175154597527580,38575.904799378273310140,9590.115434233121050056
477901.077766508038621396,12581.715125708062259946,39070.453587928575871047,9670.065121508523589000
478356.445085168350487947,11239.273803706088074250,39462.595926268164475914,9729.523606557791936211
478733.075257550051901489,10119.528396784635333461,39754.088095016413717531,9770.600790354543278227
479014.507737847976386547,9277.784286001218788442,39952.346491333446465433,9796.487285543158577639
479188.442576210305560380,8755.582145071261038538,40066.471682146977400407,9810.424256863809205242
479247.277985568623989820,8578.618515157990259468,40103.618284440170100424,9814.781574741631629877
479306.113394926942419261,8401.497028002859224216,40140.026930308820737991,9818.958275019982465892
479480.048233289271593094,7876.981975767907897534,40243.339642344893945847,9830.248851669515715912
479761.480713587196078151,7025.652580285787735193,40396.788373503615730442,9845.168013824486479280
480138.110885968897491693,5881.786739641710482829,40575.521102982980664819,9858.646905650259213871
480593.478204629209358245,4492.945520062152354512,40750.749660220382793341,9865.014945419776267954
481107.680932647781446576,2918.785958449841018592,40894.611647623511089478,9859.132774290745146573
481658.245943391812033951,1228.818497609268888482,40984.924495767074404284,9837.472373758293542778
482221.110903987777419388,-500.929755234664298769,41008.983417932300653774,9798.940394662942708237
482771.675914731808006763,-2192.083150313021178590,40965.695901221188250929,9745.282169899635846377
483285.878642750380095094,-3768.407517934972929652,40865.645192642092297319,9680.981940028614189941
483741.245961410691961646,-5160.015422800975102291,40729.073925200136727653,9612.672707009871373884
484117.876133792393375188,-6306.769865152544298326,40582.180494283529696986,9548.162891997455517412
484399.308614090317860246,-7160.610877400820754701,40452.427847185084829107,9495.254267004705980071
484573.243452452647034079,-7686.828609327843878418,40363.714083633574773557,9460.553797990458406275
484632.078861810965463519,-7864.551983313641358109,40332.235180513380328193,9448.471183448114970815
484690.914271169283892959,-8042.130589733177657763,40300.013857551886758301,9436.214632257859193487
484864.849109531613066792,-8566.227198343287454918,40200.422217955987434834,9398.965657429489510832
485146.281589829537551850,-9411.277726255046218284,40025.588889957238279749,9335.495377481063769665
485522.911762211238965392,-10535.911650012278187205,39765.254084563035576139,9244.408134746425275807
485978.279080871550831944,-11884.966353097377577797,39410.457412759045837447,9124.972328581443434814
486492.481808890122920275,-13392.493773232821695274,38957.599961567197169643,8978.015391274657304166
487043.046819634153507650,-14985.697593577515362995,38412.013528722513001412,8806.677009894236107357
487605.911780230118893087,-16589.503102087506704265,37790.236718764223041944,8616.836728192693044548
488156.476790974149480462,-18131.239151697915076511,37120.440393466597015504,8417.095860020686814096
488670.679518992721568793,-19544.802137847636913648,36440.814600166355376132,8218.284895350769147626
489126.046837653033435345,-20773.739144056744407862,35796.134682799704023637,8032.562905514861995471
489502.677010034734848887,-21772.928242377653077710,35233.062772463999863248,7872.250280468808341539
489784.109490332659333944,-22508.877186679303122219,34794.935491887074022088,7748.573912283054596628
489958.044328694988507777,-22958.996484072547900723,34516.816002559346088674,7670.501896004856462241
490016.879738053306937218,-23110.421669066960021155,34421.479382305587932933,7643.813098317107687762
490075.715147411625366658,-23261.421281357572297566,34325.508899019718228374,7616.983531237682655046
490249.649985773954540491,-23705.305121196019172203,34038.102099702715349849,7536.848973213963290618
490531.082466071879025549,-24415.412738064409495564,33561.485855540035117883,7404.624910326392637216
490907.712638453580439091,-25349.574464667872234713,32901.560073665095842443,7222.802815116827332531
491363.079957113892305642,-26453.419106736851972528,32070.564092001339304261,6995.703452950924656761
491877.282685132464393973,-27664.743656090351578314,31089.720249288824561518,6729.997529855645552743
492427.847695876494981349,-28918.546962144733697642,29991.074294152313086670,6435.017158282448690443
492990.712656472460366786,-30152.137857552341301925,28817.902133196876093280,6122.722373182948103931
493541.277667216490954161,-31309.618427335757587571,27623.360316579568461748,5807.263417319136351580
494055.480395235063042492,-32345.087581361731281504,26467.440927106334129348,5504.170084298744768603
494510.847713895374909043,-33224.131688993213174399,25412.642267274695768720,5229.277654426146000333
494887.477886277076322585,-33923.524296818162838463,24518.990616548166144639,4997.543428177954410785
495168.910366575000807643,-34429.450012394408986438,23839.100750533223617822,4821.910336414017365314
495342.845204937329981476,-34734.886980334413237870,23413.863447313509823289,4712.342125352512994141
495401.680614295648410916,-34836.941151054867077619,23269.165525746866478585,4675.106834800809338049
495460.516023653966840357,-34938.353570314829994459,23124.038949413697991986,4637.785414996626059292
495634.450862016296014190,-35234.387647261522943154,22692.521031450916780159,4526.955245163152540044
495915.883342314220499247,-35701.345394567782932427,21986.602714063879830064,4346.092278474689010181
496292.513514695921912789,-36302.678705221238487866,21027.452946346813405398,4101.197573837671370711
496747.880833356233779341,-36993.087670555840304587,19846.656899787532893242,3800.988614709071043762
497262.083561374805867672,-37723.588892421903437935,18487.037427030001708772,3456.966064938357703795
497812.648572118836455047,-38446.879737253788334783,17002.485108414279238787,3083.235722671289295249
498375.513532714801840484,-39122.206953842331131455,15456.432395710458877147,2696.018732470952727454
498926.078543458832427859,-39718.968033898549037986,13918.933554945029754890,2312.860656647668747610
499440.281271477404516190,-40218.465560583084879909,12462.650634634645030019,1951.626094828252462321
499895.648590137716382742,-40613.577142894901044201,11158.288040129349610652,1629.414761947438819334
500272.278762519417796284,-40906.519155539179337211,10070.093298652327575837,1361.542234744782490452
500553.711242817342281342,-41105.265446097087988164,9251.943661106282888795,1160.695331540559664063
500727.646081179671455175,-41219.437340487012988888,8744.327014187358145136,1036.315022960704482102
500786.481490537989884615,-41256.555670601897872984,8572.297166051821477595,994.203210713873431814
500845.316899896308314055,-41292.913765445540775545,8400.109356048276822548,952.073076905034099582
501019.251738258637487888,-41395.946753946387616452,7890.178264910357029294,827.424322356255288469
501300.684218556561972946,-41548.530597773700719699,7062.436991076466256345,625.464912677857569179
501677.314390938263386488,-41725.309130039560841396,5950.105841212451196043,354.792878374229701421
502132.681709598575253040,-41896.959068760363152251,4599.312653218141349498,27.196228843680671616
502646.884437617147341371,-42035.185033165907952935,3067.965689871421091084,-342.744673680877383504
503197.449448361177928746,-42117.597027753945440054,1423.597897634124137767,-738.297857292896651416
503760.314408957143314183,-42131.597280713474901859,-259.860161707315000967,-1141.451450322569371565
504310.879419701173901558,-42076.550165489890787285,-1906.126641741378989536,-1533.937438982157345890
504825.082147719745989889,-41963.819090956909349188,-3440.939843787209611037,-1898.278569913157298288
505280.449466380057856441,-41814.665228860809293110,-4796.163684935720084468,-2218.716835841289594100
505657.079638761759269983,-41656.415538196539273486,-5913.121565981741696305,-2481.912994764244558610
505938.512119059683755040,-41517.621887941269960720,-6744.886442473230999894,-2677.370484357385976182
506112.446957422012928873,-41423.085053975715709385,-7257.545589816010760842,-2797.610543370619325287
506171.282366780331358314,-41389.595948539885284845,-7430.697822197631467134,-2838.182055833779031673
506230.117776138649787754,-41355.344023603254754562,-7603.713105157567952119,-2878.701256076838944864
506404.052614500978961587,-41249.630420013723778538,-8114.365680509547928523,-2998.174840639994727098
506685.485094798903446645,-41064.517409878913895227,-8937.814812390855877311,-3190.455865624813213799
507062.115267180604860187,-40789.709408351176534779,-10033.846884417662295164,-3445.658745613375685934
507517.482585840916726738,-40416.334481993995723315,-11348.816053138065399253,-3750.720470247175398981
508031.685313859488815069,-39941.104385994745825883,-12818.549152049443364376,-4090.202238329380179493
508582.250324603519402444,-39369.961268335238855798,-14372.159504560599089018,-4447.295420150380778068
509145.115285199484787881,-38720.389554529283486772,-15936.483841879107785644,-4804.942415998962133017
509695.680295943515375257,-38021.822960830802912824,-17440.638235106955107767,-5146.937188140102080069
510209.883023962087463588,-37313.957778950156352948,-18820.080320291512180120,-5458.854016263895573502
510665.250342622399330139,-36643.200487848145712633,-20019.628519441906973952,-5728.678884104899225349
511041.880515004100743681,-36057.824309938783699181,-20995.121841842224966967,-5947.082508363931083295
511323.312995302025228739,-35602.607047510231495835,-21713.737165037855447736,-6107.358842906925929128
511497.247833664354402572,-35313.748085214196180459,-22153.306694948296353687,-6205.131503501644147036
511556.083243022672832012,-35214.748474522886681370,-22301.191864405616797740,-6237.978738753878133139
511614.918652380991261452,-35115.099830979437683709,-22448.666007041039847536,-6270.710995071464822104
511788.853490743320435286,-34816.731291780924948398,-22882.213205252824991476,-6366.798993629470714950
512070.285971041244920343,-34322.103936721468926407,-23575.870463850253145210,-6520.093662917863184703
512446.916143422946333885,-33637.555961637714062817,-24488.559172047789616045,-6720.928585402120916115
512902.283462083258200437,-32776.023691585469350684,-25567.291326034672238166,-6956.956874695961232646
513416.486190101830288768,-31759.731816663999779848,-26751.409743961357889930,-7214.234671176182928320
513967.051200845860876143,-30622.052738514179509366,-27977.478688047773175640,-7478.438973568823712412
514529.916161441826261580,-29407.890546683167485753,-29184.254122620866837678,-7736.066721395917738846
515080.481172185856848955,-28172.262819477469747653,-30317.054411938301200280,-7975.444238421358932101
515594.683900204428937286,-26977.147489741604658775,-31330.893741344367299462,-8187.396168762851630163
516050.051218864740803838,-25887.021200209961534711,-32191.954645089223049581,-8365.483470436805873760
516426.681391246442217380,-24963.743196421099128202,-32877.320793658254842740,-8505.808359885933896294
516708.113871544366702437,-24261.489742242050851928,-33373.273466083308449015,-8606.476875994096189970
516882.048709906695876271,-23822.339319363520189654,-33672.766276332513371017,-8666.881498354867289891
516940.884119265014305711,-23672.919799646897445200,-33772.847958672449749429,-8686.998553755824104883
516999.719528623332735151,-23523.064025274215964600,-33872.307260577406850643,-8706.955509539076956571
517173.654366985661908984,-23077.521634190557961119,-34162.681003116224019323,-8765.014365267685207073
517455.086847283586394042,-22348.778241847241588403,-34620.841954387105943169,-8855.961431548153996118
517831.717019665287807584,-21358.840762515403184807,-35211.108804050563776400,-8971.823209570809922297
518287.084338325599674135,-20140.482718726576422341,-35889.228993708122288808,-9102.851286269764386816
518801.287066344171762466,-18738.054206165619689273,-36607.307524710544385016,-9238.722420467305710190
519351.852077088202349842,-17207.270263239341147710,-37319.028425642580259591,-9369.782474569195983349
519914.717037684167735279,-15613.608498483428775216,-37984.400260830938350409,-9488.140820425884157885
520465.282048428198322654,-14029.282216508245255682,-38573.275069828741834499,-9588.434751293163571972
520979.484776446770410985,-12529.102003605321442592,-39067.075375270207587164,-9668.136642471723462222
521434.852095107082277536,-11185.785373903341678670,-39458.495952685152587947,-9727.362377461049618432
521811.482267488783691078,-10065.348080784446210600,-39749.351048166136024520,-9768.238119202796951868
522092.914747786708176136,-9223.107182519601337845,-39947.110599942418048158,-9793.969072122536090319
522266.849586149037349969,-8700.607045100281538907,-40060.918045547405199613,-9807.807855956682033138
522325.684995507355779409,-8523.544217299900992657,-40097.955568513461912517,-9812.131614875726882019
522384.520404865732416511,-8346.324353907986733248,-40134.254337045014835894,-9816.274584159358710167
522558.455243228061590344,-7821.523343241491602384,-40237.237612302087654825,-9827.464452840955345891
522839.887723525986075401,-6969.747035086784308078,-40390.139062210480915383,-9842.217630713616017601
523216.517895907745696604,-5825.314714085216110107,-40568.112946878864022437,-9855.468829083332821028
523671.885214567999355495,-4435.839027536565481569,-40742.385955892743368167,-9861.553719850879133446
524186.087942586629651487,-2861.032556716066210356,-40885.122782390491920523,-9855.342551910618567490
524736.652953330660238862,-1170.458027503088260346,-40974.182129231994622387,-9833.320475523558343411
525299.517913926625624299,559.815461726157764133,-40996.913999138887447771,-9794.410430441455901018
525850.082924670656211674,2251.385940627118998236,-40952.290756057416729163,-9740.376080608113625203
526364.285652689170092344,3828.011043566903026658,-40850.965113312871835660,-9675.720539113450286095
526819.652971349540166557,5219.812169774430003599,-40713.247486228021443821,-9607.094640432062078617
527196.283143731183372438,6366.673810493528435472,-40565.396713526235544123,-9542.322275479033123702
527477.715624029166065156,7220.563562808897586365,-40434.924794113459938671,-9489.217472693368108594
527651.650462391553446651,7746.797942430272996717,-40345.765315207099774852,-9454.395887188416963909
527710.485871749813668430,7924.524612696232907183,-40314.135492468260054011,-9442.272339028340866207
527769.321281107957474887,8102.105333889418034232,-40281.763188500495743938,-9429.974875910442278837
527943.256119470344856381,8626.201279939283267595,-40181.724934195844980422,-9392.605102387229635497
528224.688599768327549100,9471.228831361710035708,-40006.168608600062725600,-9328.939961567912177998
528601.318772149970754981,10595.789638901480429922,-39744.867100408519036137,-9237.593482058897279785
529056.686090810224413872,11944.691312831675531925,-39388.906114931123738643,-9117.847380712795711588
529570.888818828854709864,13451.961402173808892258,-38934.744852352538146079,-8970.545422626559229684
530121.453829572885297239,15044.791441650124397711,-38387.781898083245323505,-8798.845549651459805318
530684.318790168850682676,16648.111654474239912815,-37764.626132377205067314,-8608.645986312540117069
531234.883800912881270051,18189.274560772344557336,-37093.516009983832191210,-8408.565505949140060693
531749.086528931395150721,19602.216969591845554532,-36412.700698234868468717,-8209.449393678320120671
532204.453847591765224934,20830.537967826352542033,-35767.002152709508663975,-8023.467944446811998205
532581.084019973408430815,21829.172080277276108973,-35203.115184514477732591,-7862.949010799018651596
532862.516500271391123533,22564.680321453837677836,-34764.396377937620854937,-7739.123679621731753286
533036.451338633778505027,23014.516434851771919057,-34485.919198864765348844,-7660.961914833669652580
533095.286747992038726807,23165.843993544352997560,-34390.462992872948234435,-7634.243168700238129531
533154.122157350298948586,23316.745061252553568920,-34294.373646879219450057,-7607.383863133584782190
533328.056995712686330080,23760.332263348638662137,-34006.619750921861850657,-7527.162632711562764598
533609.489476010669022799,24469.943437841990089510,-33529.455867789663898293,-7394.802351370022734045
533986.119648392312228680,25403.410033478612604085,-32868.825369582060375251,-7212.805991992626331921
534441.486967052565887570,26506.369545884826948168,-32037.022635103232460096,-6985.508709087200259091
534955.689695071196183562,27716.639744031264854129,-31055.330737467997096246,-6719.596836931040343188
535506.254705815226770937,28969.255141566954989685,-29955.854838360519352136,-6424.417462905136744666
536069.119666411192156374,30201.575149325326492544,-28781.921876455216988688,-6111.943113644713776011
536619.684677155222743750,31357.764332110698887846,-27586.725355724713153904,-5796.332636435968197475
537133.887405173736624420,32391.990565118292579427,-26430.277186432598682586,-5493.119873573007680534
537589.254723834106698632,33269.909147517086239532,-25375.078672458799701417,-5218.139809356866862800
537965.884896215749904513,33968.356357051183294971,-24481.145763426000485197,-4986.346120498461459647
538247.317376513732597232,34473.568624248538981192,-23801.075312734472390730,-4810.676342924412892899
538421.252214876119978726,34778.562158720938896295,-23375.739143894850712968,-4701.088783181137841893
538480.087624234380200505,34880.465954847546527162,-23231.009991132857976481,-4663.847523338949031313
538538.923033592640422285,34981.727823731322132517,-23085.853303420652082423,-4626.520425387091563607
538712.857871955027803779,35277.315891751306480728,-22654.252926247558207251,-4515.675172419593764062
538994.290352253010496497,35743.549519112915731966,-21948.221995571348088561,-4334.793192377117520664
539370.920524634653702378,36343.910590231011155993,-20988.961863996843021596,-4089.883460185593321512
539826.287843294907361269,37033.142447630307287909,-19808.094109472243872005,-3789.672200644505664968
540340.490571313537657261,37762.317497333351639099,-18448.474701068040303653,-3445.667777208451752813
540891.055582057568244636,38484.198733549026655965,-16964.017040277874912135,-3071.980894391965648538
541453.920542653533630073,39158.103584279815549962,-15418.160870806390448706,-2684.833552028870144568
542004.485553397564217448,39753.499233863658446353,-13880.949950618642105837,-2301.767638728410474869
542518.688281416078098118,40251.751011179585475475,-12425.019223448256525444,-1940.639956227538959865
542974.055600076448172331,40645.787854093425266910,-11121.033722297190251993,-1618.539470151405112119
543350.685772458091378212,40937.864010482029698323,-10033.195721885766033665,-1350.769711031178303529
543632.118252756074070930,41135.978268218830635305,-9215.338391040322676417,-1150.005936422820241205
543806.053091118461452425,41249.766363270704459865,-8707.913140944474434946,-1025.679640495249259402
543864.888500476721674204,41286.756091504154028371,-8535.949862530949758366,-983.586546325264180268
543923.723909834981895983,41322.986214798111177515,-8363.829537394649378257,-941.475354518420431305
544097.658748197369277477,41425.644638831567135639,-7854.103250906340690563,-816.883893379837218163
544379.091228495351970196,41577.634707524215627927,-7026.709833084352794685,-615.021205089941531696
544755.721400876995176077,41753.643555937152996194,-5914.875094040500698611,-344.486118917759370106
545211.088719537248834968,41924.403359999705571681,-4564.727217228186418652,-17.065967361747880204
545725.291447555879130960,42061.680911881805513985,-3034.164788980732737400,352.662196701024242884
546275.856458299909718335,42143.148423787220963277,-1390.697706471622041136,747.973099894047663838
546838.721418895875103772,42156.263444389405776747,291.780650340058400616,1150.865058714446149679
547389.286429639905691147,42100.432978768942120951,1937.037573767615185716,1543.083114965791764917
547903.489157658419571817,41987.046990284106868785,3470.867864263823321380,1907.164739827094990687
548358.856476318789646029,41837.376902838150272146,4825.193452021982920996,2227.366845759206626099
548735.486648700432851911,41678.746487916687328834,5941.391539270178327570,2490.363895288467119826
549016.919128998415544629,41539.696074702682381030,6772.580136379216128262,2685.670722625788584992
549190.853967360802926123,41445.012516733237134758,7284.879936167773848865,2805.816977645358747395
549249.689376719063147902,41411.475858613979653455,7457.910113717567583080,2846.356652882876005606
549308.524786077323369682,41377.177434108503803145,7630.803102599438716425,2886.843965343319268868
549482.459624439710751176,41271.332535586436279118,8141.092825073915264511,3006.223005150779044925
549763.892104737693443894,41086.026682946809160057,8963.951152487641593325,3198.350297867971221422
550140.522277119336649776,40810.998653564529377036,10059.186892973168141907,3453.346342307047052600
550595.889595779590308666,40437.416013123089214787,11373.187574717969255289,3758.157041223277246900
551110.092323798220604658,39962.028055862530891318,12841.824363810928844032,4097.355261255479490501
551660.657334542251192033,39390.805586087044503074,14394.264029548405233072,4454.146263542247652367
552223.522295138216577470,38741.247482274491630960,15957.402037784684580402,4811.487560502787346195
552774.087305882247164845,38042.785165058368875179,17460.413324442277371418,5153.188145967284071958
553288.290033900761045516,37335.096643385790230241,18838.809230403054243652,5464.835946682299436361
553743.657352561131119728,36664.557897106344171334,20037.452607535167771857,5734.428215747892863874
554120.287524942774325609,36079.405212876306904946,21012.215585449695936404,5952.644086603472715069
554401.720005240757018328,35624.379482786389417015,21730.297077786661247956,6112.783150373740681971
554575.654843603144399822,35335.649132639489835128,22169.542165850962192053,6210.472356847073569952
554634.490252961404621601,35236.694768559995281976,22317.318578175250877393,6243.291611449285483104
554693.325662319664843380,35137.092243965540546924,22464.684475131736689946,6275.996015446866294951
554867.260500682052224874,34838.865097504283767194,22897.914724605863739271,6372.002439981665702362
555148.692980980034917593,34344.482224294581101276,23591.069192199724056991,6525.167626450829629903
555525.323153361678123474,33660.290867886200430803,24503.105568682447483297,6725.834367172842576110
555980.690472021931782365,32799.232759964623255655,25581.082585573287360603,6961.667602605439242325
556494.893200040562078357,31783.529486708521289984,26764.395743785393278813,7218.736779275337539730
557045.458210784592665732,30646.538367404431483010,27989.662287067156285048,7482.732277045004593674
557608.323171380558051169,29433.135413262472866336,29195.685493255994515494,7740.163033673966310744
558158.888182124588638544,28198.298905720923357876,30327.820291275631461758,7979.364766876791691175
558673.090910143102519214,27003.960350229484902229,31341.103656755563861225,8191.168196607591198699
559128.458228803472593427,25914.548110885891219368,32201.726865694545267615,8369.136983005291767768
559505.088401185115799308,24991.876463413089368260,32886.770717324936413206,8509.373247946030460298
559786.520881483098492026,24290.084036691696383059,33382.506401564831321593,8609.981161448200509767
559960.455719845485873520,23851.221490247411566088,33681.875401003409933764,8670.350749432394877658
560019.291129203746095300,23701.899809207523503574,33781.916991988618974574,8690.456373872089898214
560078.126538562006317079,23552.142092847650928888,33881.337109203770523891,8710.402111236531709437
560252.061376924393698573,23106.890791803376487223,34171.600324264378286898,8768.429046490155087668
560533.493857222376391292,22378.621743127208901569,34629.599315913030295633,8859.328409906898741610
560910.124029604019597173,21389.324116390078415861,35219.682193666085368022,8975.133988385010525235
561365.491348264273256063,20171.744507806575711584,35897.630181419881409965,9106.105780120842609904
561879.694076282903552055,18770.196718596962455194,36615.580300658242776990,9241.928618107127476833
562430.259087026934139431,17240.351685871908557601,37327.240860585028713103,9372.954690664937515976
562993.124047622899524868,15647.638528276071156142,37992.632390165388642345,9491.296882613125490025
563543.689058366930112243,14064.222324682345060864,38581.604433424741728231,9591.592701107629181934
564057.891786385443992913,12564.870430060593207600,39075.563301764959760476,9671.311618392293894431
564513.259105045814067125,11222.265683007530242321,39467.177190643487847410,9730.564263698362992727
564889.889277427457273006,10102.399263645884275320,39758.228438164587714709,9771.470321514934767038
565171.321757725439965725,9260.573153270368493395,39956.155302029925223906,9797.228508956601217506
565345.256596087827347219,8738.323954495137513732,40070.074782517185667530,9811.086021918870756053
565404.092005446087568998,8561.345034516538362368,40107.151667950522096362,9815.416437331514316611
565462.927414804347790778,8384.208575124690469238,40143.490531824005302042,9819.566223433002960519
565636.862253166735172272,7859.651121844063709432,40246.596579176650266163,9830.777170125587872462
565918.294733464717864990,7008.259025734858369105,40399.709822789329336956,9845.567313387113244971
566294.924905846361070871,5864.320736750008109084,40577.991678440863324795,9858.873289709172240691
566750.292224506614729762,4475.409514259518800827,40752.672640672288252972,9865.032047301232523751
567264.494952525245025754,2901.194144171812240529,40895.913755439680244308,9858.913540894014658988
567815.059963269275613129,1211.194339080794406982,40985.559808284990140237,9837.000440039351815358
568377.924923865240998566,-518.557623197533757775,41008.935976321547059342,9798.210901526766974712
568928.489934609271585941,-2209.685923288466256054,40964.980682249231904279,9744.301928395483628265
569442.692662627785466611,-3785.961233171137791942,40864.307308295465190895,9679.768926975099020638
569898.059981288155540824,-5177.505087717924652679,40727.186154524541052524,9611.254967511871655006
570274.690153669798746705,-6324.191980686573515413,40579.839457307905831840,9546.576994899171040743
570556.122633967781439424,-7177.973935618298128247,40449.749242277648590971,9493.543489151334142662
570730.057472330168820918,-7704.151509813585107622,40360.827403624643920921,9458.766196138005398097
570788.892881688429042697,-7881.860668839703066624,40329.278219919913681224,9446.657659428357874276
570847.728291046689264476,-8059.424741659446226549,40296.986670657744980417,9434.375219421543079079
571021.663129409076645970,-8583.476523848386932514,40197.187751323319389485,9397.049909246639799676
571303.095609707059338689,-9428.448646208678837866,40022.020151585311396047,9333.456773645491921343
571679.725782088702544570,-10552.966332533245804370,39761.240374501343467273,9242.206469308839587029
572135.093100748956203461,-11901.863324849708078546,39405.909772765138768591,9122.575739852163678734
572649.295828767586499453,-13409.190265637160337064,38952.455453544389456511,8975.401879998698859708
573199.860839511617086828,-15002.153408596468580072,38406.237972694536438212,8803.835315190717665246
573762.725800107582472265,-16605.685439303579187253,37783.825635622139088809,8613.766487781902469578
574313.290810851613059640,-18147.127600637631985592,37113.418101053961436264,8413.807067540599746280
574827.493538870126940310,-19560.392961050500161946,36433.231659277429571375,8214.796764244310907088
575282.860857530497014523,-20789.048072049870825140,35788.064112725565792061,8028.902329197831022611
575659.491029912140220404,-21787.991242027164844330,35224.595585032104281709,7868.450117518885235768
575940.923510210122913122,-22523.748987142033001874,34786.176087484753224999,7744.671310278032251517
576114.858348572510294616,-22973.746977820668689674,34507.877834113111020997,7666.536802312090003397
576173.693757930770516396,-23125.130590993430814706,34412.481068813533056527,7639.827009998324683693
576232.529167289147153497,-23276.088360513873340096,34316.450606052923831157,7612.976521672154376574
576406.464005651534534991,-23719.846923717515892349,34028.867468629236100242,7532.780547108731298067
576687.896485949517227709,-24429.746889046407886781,33551.969061200972646475,7400.458500853966143040
577064.526658331160433590,-25363.621286512683582259,32891.671961223713879008,7218.508031348897930002
577519.893976991414092481,-26467.104391447646776214,32060.237018297939357581,6991.257793010768182285
578034.096705010044388473,-27678.002557716885348782,31078.911209314654115587,6725.387402234557157499
578584.661715754074975848,-28931.328661570954864146,29979.766067366403149208,6430.238125378390577680
579147.526676350040361285,-30164.410382917627430288,28806.102414695509651210,6117.778628816764467047
579698.091687094070948660,-31321.372877258483640617,27611.099072991033608560,5802.166619113265369378
580212.294415112584829330,-32356.341026647769467672,26454.766475897438795073,5498.937758220952673582
580667.661733772954903543,-33234.928207019409455825,25399.616750853296252899,5223.931446683281137666
581044.291906154598109424,-33933.933866246043180581,24505.685575838579097763,4992.107481130448832118
581325.724386452580802143,-34439.565290425918647088,23825.593380963870004052,4816.410007372556719929
581499.659224814968183637,-34744.818235299091611523,23400.233871917524083983,4706.803163399466029659
581558.494634173228405416,-34846.809794543543830514,23255.495108393748523667,4669.555006349138238875
581617.330043531488627195,-34948.159420415642671287,23110.327941856794495834,4632.220822311852316489
581791.264881893876008689,-35244.006808937803725712,22678.691506737224699464,4521.353517953009941266
582072.697362191858701408,-35710.659218935608805623,21972.586147275294933934,4340.432378963370865677
582449.327534573501907289,-36311.577785022927855607,21013.195323055730113992,4095.463561139001740230
582904.694853233755566180,-37001.476352631958434358,19832.122211171492381254,3795.170780056865623919
583418.897581252385862172,-37731.390124305289646145,18472.209167018696462037,3451.061300169052174169
583969.462591996416449547,-38454.039820420854084659,16987.365652151769609191,3077.247093741162643710
584532.327552592381834984,-39128.699622381813242100,15441.040449770778650418,2689.954353312916737195
585082.892563336412422359,-39724.797263784763345029,13903.300174312998933601,2306.732074039087819983
585597.095291354926303029,-40223.666646048070106190,12446.814531595206062775,1945.446476382981018105
586052.462610015296377242,-40618.215810654648521449,11142.291006089319125749,1623.197206011957632654
586429.092782396939583123,-40910.688752586422197055,10053.976491946668829769,1355.298484635686918409
586710.525262694922275841,-41109.082458156248321757,9235.745294229134742636,1154.435084819557459923
586884.460101057309657335,-41223.035627793804451358,8728.081652687225869158,1030.045900118940153334
586943.295510415569879115,-41260.079838696321530733,8556.036499843186902581,987.931313884604946907
587002.130919773830100894,-41296.363749292104330380,8383.833684746898143203,945.798521666919441486
587176.065758136217482388,-41399.177060145950235892,7873.859988931832958770,821.142584446527280306
587457.498238434200175107,-41551.404369953132118098,7046.055347972232084430,619.173696237766193917
587834.128410815843380988,-41727.703894169433624484,5933.650206530651303183,348.493128102417301761
588289.495729476097039878,-41898.772299036303593311,4582.784155768129494390,20.892513954551134248
588803.698457494727335870,-42036.339214214174717199,3051.376850251102951006,-349.044500337658405442
589354.263468238757923245,-42118.043771179894974921,1406.970332483522497569,-744.583691071088423996
589917.128428834723308682,-42131.320038963349361438,-276.499582620893079365,-1147.712493165086925728
590467.693439578753896058,-42075.565197187432204373,-1922.750510694989088734,-1540.164015945655364703
590981.896167597267776728,-41962.174546038317203056,-3457.524961379882370238,-1904.463881416552567316
591437.263486257637850940,-41812.438476117131358478,-4812.694992029681088752,-2224.858331887768144952
591813.893658639281056821,-41653.709073789010290056,-5929.594574859422209556,-2488.013126053596351994
592095.326138937263749540,-41514.558277772819565143,-6761.307764813096582657,-2683.436696903297615791
592269.260977299651131034,-41419.801351472444366664,-7273.931504247966586263,-2803.654512893664559670
592328.096386657911352813,-41386.237915204008459114,-7447.071161812003992964,-2844.218280853478063364
592386.931796016171574593,-41351.911721284945087973,-7620.073568183010138455,-2884.729625333252442942
592560.866634378558956087,-41245.978931584468227811,-8130.686314097819376912,-3004.179336701942247601
592842.299114676541648805,-41060.512531310931080952,-8954.065435508073278470,-3196.419687100584724249
593218.929287058184854686,-40785.234268798565608449,-10049.993098880480829393,-3451.564201893984773051
593674.296605718438513577,-40411.295314750379475299,-11364.819755369198901462,-3756.549407661202621966
594188.499333737068809569,-39935.435034128808183596,-12834.370698678001645021,-4095.937038611340540228
594739.064344481099396944,-39363.626036019129969645,-14387.761332554449836607,-4452.920480365870389505
595301.929305077064782381,-38713.384141170870861970,-15951.835018376470543444,-4810.445901456015235453
595852.494315821095369756,-38014.173434170217660721,-17455.719185070287494455,-5152.312773082247076673
596366.697043839609250426,-37305.717807598892250098,-18834.886903227696166141,-5464.102308840790101385
596822.064362499979324639,-36634.447289171606826130,-20034.174714464363205479,-5733.808274813431125949
597198.694534881622530520,-36048.653903073143737856,-21009.440526133003004361,-5952.109271673600233044
597480.127015179605223238,-35593.129391021917399485,-21727.878775884950300679,-6112.306436384442349663
597654.061853541992604733,-35304.082528375227411743,-22167.335881917912047356,-6210.029121935259354359
597712.897262900252826512,-35205.019709205676917918,-22315.182510366095812060,-6242.859273597278843226
597771.732672258513048291,-35105.308036511341924779,-22462.617854147061734693,-6275.574356369655106391
597945.667510620900429785,-34806.754224452000926249,-22896.048850552630028687,-6371.611061870449702838
598227.099990918883122504,-34311.830508750215813052,-23589.513379015472310130,-6524.821099146432970883
598603.730163300526328385,-33626.892726557773130480,-24501.935177900384587701,-6725.539649170744269213
599059.097481960779987276,-32764.899940074676123913,-25580.331153686925972579,-6961.422595483027180308
599573.300209979410283267,-31748.102838201535632834,-26764.052674246871902142,-7218.530352170668265899
600123.865220723440870643,-30609.900972353083488997,-27989.676943480742920656,-7482.545893849110143492
600686.730181319406256080,-29395.224593653922056546,-29195.977429465878230985,-7739.973815801274213300
601237.295192063436843455,-28159.114579580971621908,-30328.294018398250045720,-7979.149496669814652705
601751.497920081950724125,-26963.567964540841785492,-31341.665202109747042414,-8190.907515573289856547
602206.865238742320798337,-25873.075679566769395024,-32202.298849384686036501,-8368.818958615949668456
602583.495411123964004219,-24949.506580455348739633,-32887.302971972698287573,-8508.995606881080675521
602864.927891421946696937,-24247.042616076254489599,-33382.980190323069109581,-8609.551774409423160250
603038.862729784334078431,-23807.765131502685107989,-33682.300707428759778850,-8669.886310364279779606
603097.698139142594300210,-23658.303162107229582034,-33782.323760847604717128,-8689.979548174020237639
603156.533548500854521990,-23508.405207462696125731,-33881.724259272115887143,-8709.912631443596183090
603330.468386863241903484,-23062.739702013175701723,-34171.923151037779462058,-8767.900596046820282936
603611.900867161224596202,-22333.802158197282551555,-34629.798048767850559670,-8858.731978785624960437
603988.531039542867802083,-21343.614748720778152347,-35219.676199876332248095,-8974.437123500567395240
604443.898358203121460974,-20124.969898097362602130,-35897.317823467557900585,-9105.273197770911792759
604958.101086221751756966,-18722.238124514984519919,-36614.845256196371337865,-9240.924320726315272623
605508.666096965782344341,-17191.154164571918954607,-37325.964355396550672594,-9371.745379793637766852
606071.531057561747729778,-15597.212566099788091378,-37990.709392230048251804,-9489.856122389677693718
606622.096068305778317153,-14012.639312751416582614,-38578.960808760217332747,-9589.905061486289923778
607136.298796324292197824,-12512.252683373968466185,-39072.170597918258863501,-9669.375993225332422298
607591.666114984662272036,-11168.773045140804242692,-39463.062220136067480780,-9728.395730382417241344
607968.296287366305477917,-10048.215109185875917319,-39753.475993394749821164,-9769.100222753673733678
608249.728767664288170636,-9205.892501781389000826,-39950.903724048039293848,-9794.702780305313353892
608423.663606026675552130,-8683.345491936499456642,-40064.505285839193675201,-9808.462053657292926800
608482.499015384935773909,-8506.267437791610063869,-40101.473034136230126023,-9812.758892837789971964
608541.334424743195995688,-8329.032666383474861505,-40137.701963312487350777,-9816.874930854239210021
608715.269263105583377182,-7804.189447409182321280,-40240.478406977956183255,-9827.985120137007470476
608996.701743403566069901,-6952.350759397972979059,-40393.044107927460572682,-9842.609202606479811948
609373.331915785209275782,-5807.846435879702767124,-40570.566786307710572146,-9855.687390021053943201
609828.699234445462934673,-4418.301309268630575389,-40744.291826183623925317,-9861.562894179363865987
610342.901962464093230665,-2843.439694426349888090,-40886.407396082351624500,-9855.115288014376346837
610893.466973208123818040,-1152.833562920524627771,-40974.799584078995394520,-9832.840419325248149107
611456.331933804089203477,577.442848721347218088,-40996.848381382122170180,-9793.672740922032971866
612006.896944548119790852,2268.987439259663005942,-40951.557103485509287566,-9739.387590636060849647
612521.099672566633671522,3845.562726350949560583,-40849.608604694127279799,-9674.499247341293084901
612976.466991227003745735,5237.299120075213977543,-40711.340963482572988141,-9605.668610448317849659
613353.097163608646951616,6384.092641469916998176,-40563.036848374009423424,-9540.728088900790680782
613634.529643906629644334,7237.922908156738230900,-40432.227321819693315774,-9487.498412477491001482
613808.464482269017025828,7764.116864603991416516,-40342.859751172421965748,-9452.600010096362893819
613867.299891627277247608,7941.829230028311030765,-40311.159643536906514782,-9440.450542649214185076
613926.135300985537469387,8119.395327702405666059,-40278.717109622491989285,-9428.127193832877310342
614100.070139347924850881,8643.446181336576046306,-40178.471568700901116244,-9390.681095571702826419
614381.502619645907543600,9488.394896608426279272,-40002.580972595431376249,-9326.893120658347470453
614758.132792027550749481,10612.838891026460260036,-39740.834518278112227563,-9235.383616862720373319
615213.500110687804408371,11961.582160998854305944,-39384.339670286797627341,-9115.442650183700607158
615727.702838706434704363,13468.650995144987973617,-38929.581663594908604864,-8967.923851685945919598
616278.267849450465291739,15061.239538790543520008,-38381.987849578130408190,-8795.995902478905918542
616841.132810046430677176,16664.285454874257993652,-37758.196807607848313637,-8605.567923071592304041
617391.697820790461264551,18205.153693834457953926,-37086.475777048937743530,-8405.269036409992622794
617905.900548808975145221,19617.797772826143045677,-36405.100146330682036933,-8205.953737936748439097
618361.267867469345219433,20845.836274115306878230,-35758.914301037402765360,-8019.799991045813840174
618737.898039850988425314,21844.223977713925705757,-35194.631013690275722183,-7859.141601334641563881
619019.330520148971118033,22579.540671611070138169,-34755.620227682702534366,-7735.213933506903231319
619193.265358511358499527,23029.255268099321256159,-34476.964437490401905961,-7656.989742321032281325
619252.100767869618721306,23180.541184749516105512,-34381.448139219348377082,-7630.250023984892322915
619310.936177227878943086,23331.400339918669487815,-34285.298867036835872568,-7603.369819763647683430
619484.871015590266324580,23774.862061809479200747,-33997.368793503810593393,-7523.087240564854255354
619766.303495888249017298,24484.265264116038451903,-33519.923016159315011464,-7390.629088506544576376
620142.933668269892223179,25417.444119108306040289,-32858.921577285764215048,-7208.504511164660470968
620598.300986930145882070,26520.041625132362241857,-32026.680363094234053278,-6981.056549110414380266
621112.503714948776178062,27729.884949600458639907,-31044.507073861874232534,-6714.980441443871313822
621663.068725692806765437,28982.022668351444735890,-29944.532636419029586250,-6419.632420940482006699
622225.933686288772150874,30213.833069463089486817,-28770.108877388011023868,-6106.993634324255253887
622776.498697032802738249,31369.503809381611063145,-27574.451537908629688900,-5791.230379250358055288
623290.701425051316618919,32403.228746028056775685,-26417.590841096709482372,-5487.882351976581048802
623746.068743711686693132,33280.690185342406039126,-25362.041877833671605913,-5212.788643015455818386
624122.698916093329899013,33978.750298478975309990,-24467.829961806364735821,-4980.905412725834139565
624404.131396391312591732,34483.668182190944207832,-23787.557572549616452307,-4805.171401835779761313
624578.066234753699973226,34788.477644582220818847,-23362.099440413967386121,-4695.545301318309611815
624636.901644111960195005,34890.318814023718005046,-23217.329527929665346164,-4658.291206176254490856
624695.737053470220416784,34991.517875004356028512,-23072.132332338795094984,-4620.951375203279894777
624869.671891832607798278,35286.919215750938747078,-22640.413681862566591008,-4510.069080041621418786
625151.104372130590490997,35752.847455829767568503,-21934.196104887891124235,-4329.129077179237356177
625527.734544512233696878,36352.793740464629081544,-20974.695447890873765573,-4084.145431695900697378
625983.101863172487355769,37041.515187613076705020,-19793.551270451382151805,-3783.850591013793291495
626497.304591191117651761,37770.102823003311641514,-18433.639013481599249644,-3439.759507222062893561
627047.869601935148239136,38491.343007213661621790,-16948.890923414204735309,-3065.989045204460126115
627610.734562531113624573,39164.580603556663845666,-15402.763036475800618064,-2678.766238299077031115
628161.299573275144211948,39759.313029942692082841,-13865.311420933187037008,-2295.636394019923045562
628675.502301293658092618,40256.936915055564895738,-12409.178643863795514335,-1934.457922705384817164
629130.869619954028166831,40650.411603438114980236,-11105.032790049344839645,-1612.319710998727032347
629507.499792335671372712,40942.018934102328785229,-10017.075481441386727965,-1344.523927500270474411
629788.932272633654065430,41139.780805555106780957,-9199.136928520701985690,-1143.743779696282672376
629962.867110996041446924,41253.350305175437824801,-8691.664888678582428838,-1019.408682365702134121
630021.702520354301668704,41290.265959047894284595,-8519.686374127844828763,-977.312839204883175626
630080.537929712561890483,41326.421943499328335747,-8347.551112093789924984,-935.199013843370494214
630254.472768074949271977,41428.860827322641853243,-7837.782420291970993276,-810.600442663284297851
630535.905248372931964695,41580.494594323885394260,-7010.325950601129079587,-608.728390610662358995
630912.535420754575170577,41756.024764215697359759,-5898.417627034083125181,-338.184918660593041295
631367.902739414828829467,41926.203459933291014750,-4548.197355578101451101,-10.760972611346858230
631882.105467433459125459,42062.822476435780117754,-3017.575080143400555244,358.963123424163995878
632432.670478177489712834,42143.583136918336094823,-1374.069760091588250361,754.259856456674697256
632995.535438773455098271,42155.974806260383047629,308.420001035968880387,1157.126860141904444390
633546.100449517485685647,42099.437263946099847089,1953.660979571354573636,1549.310307231610977396
634060.303177535999566317,41985.392328698224446271,3487.452196864292091050,1913.350548769682745842
634515.670496196369640529,41835.140606820743414573,4841.723726573724889022,2233.508748025298700668
634892.300668578012846410,41676.030963717887061648,5957.863338002953241812,2496.464366830507515260
635173.733148875995539129,41536.623770562080608215,6789.000132123304865672,2691.737231785835774645
635347.667987238382920623,41441.720347994050825946,7301.264459044396062382,2811.861219242762217618
635406.503396596643142402,41408.109436329657910392,7474.282041020920587471,2852.393142097323561757
635465.338805954903364182,41373.736820248101139441,7647.162133174872906238,2892.872591128009389649
635639.273644317290745676,41267.672965093064703979,8157.411970287785152323,3012.227736323883164005
635920.706124615273438394,41082.014095351019932423,8980.200208210830169264,3204.314323753165808739
636297.336296996916644275,40806.516306620214891154,10075.331456540498038521,3459.251969554064089607
636752.703615657170303166,40432.370246772166865412,11389.189559158599877264,3763.986120827592912974
637266.906343675800599158,39956.352791064564371482,12857.644161852240358712,4103.090186476641974878
637817.471354419831186533,39384.465170700539601967,14409.864128217071993276,4459.771447931943839649
638380.336315015796571970,38734.237622308879508637,15972.751559738771902630,4816.991187924424593803
638930.901325759827159345,38035.131898224230099004,17475.492745804112928454,5158.563907976406881062
639445.104053778341040015,37326.853575409921177197,18853.614448272695881315,5470.084464419868709228
639900.471372438711114228,36655.802155874378513545,20051.997618200468423311,5739.557886113069798739
640277.101544820354320109,36070.232708801020635292,21026.533259491123317275,5957.671182780486560659
640558.534025118337012827,35614.900053441844647750,21744.437822600972140208,6117.731121122389595257
640732.468863480724394321,35325.981999557283415925,22183.570581801392108900,6215.370381923728928086
640791.304272838984616101,35226.964492814957338851,22331.308486256071773823,6248.172563198360876413
640850.139682197244837880,35127.299004528496880084,22478.635617998006637208,6280.859804076929322036
641024.074520559632219374,34828.886776595943956636,22911.749768010562547715,6376.814967322790835169
641305.507000857614912093,34334.207845458709925879,23604.711680058248020941,6529.895576111532136565
641682.137173239258117974,33649.627072897943435237,24516.481397693860344589,6730.446022546653694008
642137.504491899511776865,32788.108898236452660058,25594.122563699551392347,6966.134017428764309443
642651.707219918142072856,31771.900873525177303236,26777.039224311163707171,7223.033279661016422324
643202.272230662172660232,30634.387435179982276168,28001.861553333124902565,7486.840161315129080322
643765.137191258138045669,29420.470727472409635084,29207.410313101059728069,7744.071249778073251946
644315.702202002168633044,28185.152309816516208230,30339.061928830713441130,7983.071309484538687684
644829.904930020682513714,26990.382777150869515026,31351.877653153384017060,8194.680986053037486272
645285.272248681052587926,25900.604778903638361953,32212.074066472345293732,8372.474058230984155671
645661.902421062695793808,24977.642205413823830895,32896.756281568901613355,8512.562203879611843149
645943.334901360678486526,24275.639379226828168612,33392.216806802498467732,8613.057861054436216364
646117.269739723065868020,23836.649832722840073984,33691.413696925730619114,8673.357420059033756843
646176.105149081326089799,23687.285721671705687186,33791.396721396398788784,8693.439246394160363707
646234.940558439586311579,23537.485844109309255145,33890.758097642792563420,8713.361130759934894741
646408.875396801973693073,23092.111481569503666833,34180.846647298887546640,8771.317232730003524921
646690.307877099956385791,22363.648355844223260647,34638.559886858027311973,8862.101006579641762073
647066.938049481599591672,21374.100876990280085010,35228.254471556996577419,8977.750077976041211514
647522.305368141853250563,20156.234522905862831976,35905.724384943532641046,9108.530020034942936036
648036.508096160483546555,18754.383498620805767132,36623.123960226461349521,9244.133018545595405158
648587.073106904514133930,17224.238426162210089387,37334.183307193248765543,9374.920277952187461779
649149.938067500479519367,15631.245358471287545399,37998.948631117920740508,9493.015049091500259237
649700.503078244510106742,14047.582057977318982012,38587.297848561363935005,9593.066049573653799598
650214.705806263023987412,12548.023585579278005753,39080.666714686747582164,9672.554164412193131284
650670.073124923394061625,11205.255652816818837891,39471.752088868386636022,9731.600945866914116777
651046.703297305037267506,10085.268420577593133203,39762.362366502748045605,9772.335861072560874163
651328.135777603019960225,9243.360460583451640559,39959.957664710222161375,9797.965730304053067812
651502.070615965407341719,8721.064296985194232548,40073.671415704651735723,9811.743779283471667441
651560.906025323667563498,8544.070118461182573810,40110.678578030056087300,9816.047290474230976542
651619.741434681927785277,8366.918718379041820299,40146.947653779367101379,9820.170160715928432182
651793.676273044315166771,7842.318957463393417129,40249.847019026696216315,9831.301472908040523180
652075.108753342297859490,6990.864312310230161529,40402.624749117589090019,9845.962591292605793569
652451.738925723941065371,5846.853778597739619727,40580.455700476370111573,9859.095646752981338068
652907.106244384194724262,4457.872800329511846940,40754.589037466961599421,9865.045119744749172241
653421.308972402825020254,2883.601901762615398184,40897.209254180263087619,9858.690280662840450532
653971.873983146855607629,1193.570052883582320646,40986.188494807494862471,9836.524488547791406745
654534.738943742820993066,-536.185311434795039531,41008.881902452856593300,9797.477406575078930473
655085.303954486851580441,-2227.288216139912037761,40964.258835698776238132,9743.317707205600527232
655599.506682505365461111,-3803.514188404503329366,40862.962810385557531845,9678.551960697375761811
656054.874001165735535324,-5194.993745648404910753,40725.291790459836192895,9609.833302865185032715
656431.504173547378741205,-6341.612885777830342704,40577.491849122641724534,9544.987199144989062916
656712.936653845361433923,-7195.335631946520152269,40447.064085970552696381,9491.828834359617758309
656886.871492207748815417,-7721.472955092203847016,40357.934185839541896712,9456.974731586577036069
656945.706901566009037197,-7899.167867645047408587,40326.314726396725745872,9444.840277667031841702
657004.542310924269258976,-8076.717375378641008865,40293.952955800588824786,9432.531953872092344682
657178.477149286656640470,-8600.724238227643581922,40193.946772113245970104,9395.130323630717612104
657459.909629584639333189,-9445.617805243962720851,40018.444927748612826690,9331.414358407282634289
657836.539801966282539070,-10570.019054841653996846,39757.220219530783651862,9240.001029814360663295
658291.907120626536197960,-11918.758097412850474939,39401.355743386957328767,9120.175426019148289924
658806.109848645166493952,-13425.884291917986047338,38947.304627304023597389,8972.784703833620369551
659356.674859389197081327,-15018.606475524102279451,38400.456184496295463759,8800.990025782846714719
659919.539819985162466764,-16621.864744732574763475,37777.408418666906072758,8610.692730410995864077
660470.104830729193054140,-18163.012745221469231183,37106.389781039433728438,8410.514839881845546188
660984.307558747706934810,-19575.980230123295768863,36425.642798766268242616,8211.305279345653616474
661439.674877408077009022,-20804.353228872038016561,35779.987725612860231195,8025.238475106285477523
661816.305049789720214903,-21803.050294120595935965,35216.122670263066538610,7864.646742404711403651
662097.737530087702907622,-22538.616710180813242914,34777.411025600405992009,7740.765546721164355404
662271.672368450090289116,-22988.493314736249885755,34498.934052552234788891,7662.568579015463910764
662330.507777808350510895,-23139.835329377281595953,34403.477157419438299257,7635.837802996739810624
662389.343187166610732675,-23290.751229493802384241,34307.386730500227713492,7608.966404402452099021
662563.278025528998114169,-23734.384437781212909613,34019.627300848660524935,7528.709046089282310277
662844.710505826980806887,-24444.076626373993349262,33542.446806273634138051,7396.289070569069735939
663221.340678208624012768,-25377.663530072732100962,32881.778493657446233556,7214.210301159348091460
663676.707996868877671659,-26480.784903445648524212,32049.904722374118136941,6986.809279557658555859
664190.910724887507967651,-27691.256473414305219194,31068.097104119860887295,6720.774529794789486914
664741.475735631538555026,-28944.105154548524296843,29968.452951361476152670,6425.456468315520396573
665304.340696227503940463,-30176.677485062326013576,28794.297995065055147279,6112.832388023884959694
665854.905706971534527838,-31333.121700759478699183,27598.833319929592107655,5797.067453497529641027
666369.108434990048408508,-32367.588663914073549677,26442.087700795436830958,5493.703188684648011986
666824.475753650418482721,-33245.718763015858712606,25386.587079978075053077,5218.583107894090971968
667201.105926032061688602,-33944.337351224450685550,24492.376524292831163621,4986.669497795603092527
667482.538406330044381320,-34449.674395522655686364,23812.082109860250056954,4810.907713859817704360
667656.473244692431762815,-34754.743263939970347565,23386.600463365935866022,4701.262281776333111338
667715.308654050691984594,-34856.672193875478114933,23241.820881155119423056,4664.001273452233363059
667774.144063408952206373,-34957.959008641744730994,23096.613147754753299523,4626.654340441821659624
667948.078901771339587867,-35253.619657034985721111,22664.858264886879624100,4515.749946873444969242
668229.511382069322280586,-35719.966648220601200592,21958.565976919777313014,4334.770709531495413103
668606.141554450965486467,-36320.470364890505152289,20998.934250554899335839,4089.727878645746841357
669061.508873111219145358,-37009.858414560330857057,19817.584263444052339764,3789.351398346525002125
669575.711601129849441350,-37739.184609081275993958,18457.377866875875042751,3445.155128984317798313
670126.276611873880028725,-38461.193031069553398993,16972.243394965247716755,3071.257211175857264607
670689.141572469845414162,-39135.185301650519249961,15425.645952135359038948,2683.888878805293188634
671239.706583213876001537,-39730.619401597592514008,13887.664489941123974859,2300.602552699532679981
671753.909311232389882207,-40228.860553755912405904,12430.976359767171743442,1939.266066856951510999
672209.276629892759956419,-40622.847233207176032010,11126.292113776085898280,1616.978990690105320027
672585.906802274403162301,-40914.851054678358195815,10037.858002646713430295,1349.054184621119702570
672867.339282572385855019,-41112.892141680276836269,9219.545376870950349257,1148.174370277938123763
673041.274120934773236513,-41226.626567356128362007,8711.834822687967971433,1023.776360288986779778
673100.109530293033458292,-41263.596652816268033348,8539.774392920851823874,981.659017277399584600
673158.944939651293680072,-41299.806373069695837330,8367.556600543872264097,939.523583868517221163
673332.879778013681061566,-41402.399989052923046984,7857.540382423746450513,814.860514917320756467
673614.312258311663754284,-41554.270739489438710734,7029.672508068674687820,612.882230712207160650
673990.942430693306960166,-41730.091226616255880799,5917.193554797385331767,342.193239356287222108
674446.309749353560619056,-41900.578070015086268540,4566.254859608998231124,14.588794459616906352
674960.512477372190915048,-42037.485914684220915660,3034.787459527451574104,-355.344180434986867567
675511.077488116221502423,-42118.483022916137997527,1390.342482201018128762,-750.869216667107821195
676073.942448712186887860,-42131.035306662903167307,-293.139016275378253340,-1153.973063106140443779
676624.507459456217475235,-42074.572751673782477155,-1939.374125922216762774,-1546.389959655910843139
677138.710187474731355906,-41960.522547266511537600,-3474.109576735511836887,-1910.648410821894913170
677594.077506135101430118,-41810.204298969008959830,-4829.225577386857366946,-2230.998914933816649864
677970.707678516744635999,-41650.995215529917913955,-5946.066681044248980470,-2494.112236829163975926
678252.140158814727328718,-41511.487300230706750881,-6777.728049679187279253,-2689.501809095649150549
678426.074997177114710212,-41416.510299514353391714,-7290.316298121704676305,-2809.697332949204792385
678484.910406535374931991,-41382.872538742682081647,-7463.443352804277310497,-2850.253339833880090737
678543.745815893635153770,-41348.472082305939693470,-7636.432854543616485898,-2890.756812000059653656
678717.680654256022535264,-41242.320126396873092744,-8147.005688246621502913,-3010.182601375105150510
678999.113134554005227983,-41056.500370682748325635,-8970.314665688831155421,-3202.382198652267561556
679375.743306935648433864,-40780.751898424037790392,-10066.137742681661620736,-3457.468244019731173466
679831.110625595902092755,-40406.248985925623856019,-11380.821673654518235708,-3762.376806332714295422
680345.313353614532388747,-39929.758608371565060224,-12850.190222897959756665,-4101.670161514820392767
680895.878364358562976122,-39357.283834740665042773,-14403.360885978307123878,-4458.543717385753552662
681458.743324954528361559,-38706.371877750658313744,-15967.183666306831582915,-4815.947417686197695730
682009.308335698558948934,-38006.517184932075906545,-17470.797362143850477878,-5157.686249169406437431
682523.511063717072829604,-37297.471242538522346877,-18849.690489122483995743,-5469.348365225978341186
682978.878382377442903817,-36625.687618666408525314,-20048.717717454717785586,-5738.935319186479318887
683355.508554759086109698,-36039.477130590457818471,-21023.755859771354153054,-5957.133599501367825724
683636.941035057068802416,-35583.645451425501960330,-21742.016919198300456628,-6117.251528963757664314
683810.875873419456183910,-35294.410740748789976351,-22181.361529845456971088,-6214.924199566884453816
683869.711282777716405690,-35195.284731026527879294,-22329.169593224723939784,-6247.737254233168641804
683928.546692135976627469,-35095.510047221367130987,-22476.566114157154515851,-6280.435150101904582698
684102.481530498364008963,-34796.771016299833718222,-22909.880838210861838888,-6376.420523331651565968
684383.914010796346701682,-34301.551029418726102449,-23603.152523647378984606,-6529.545866038264648523
684760.544183177989907563,-33616.223563828403712250,-24515.307264638719061622,-6730.147961651457990229
685215.911501838243566453,-32753.770416457577084657,-25593.366886547042668099,-6965.885468679816767690
685730.114229856873862445,-31736.468270924182434101,-26776.691316810844000429,-7222.823080615388789738
686280.679240600904449821,-30597.743822343702049693,-28001.870711321127600968,-7486.649753810328547843
686843.544201196869835258,-29382.553475299686397193,-29207.696051874700060580,-7743.877744818647443026
687394.109211940900422633,-28145.961396536935353652,-30339.528755525479937205,-7982.851491922717286798
687908.311939959414303303,-26949.983710905267798807,-31352.431627951918926556,-8194.415512980827770662
688363.679258619784377515,-25859.125626198972895509,-32212.637878026253019925,-8372.151024805240012938
688740.309431001427583396,-24935.265597423560393509,-32897.279862549061363097,-8512.179374702118366258
689021.741911299410276115,-24232.591248789867677260,-33392.681545674524386413,-8612.623152633675999823
689195.676749661797657609,-23793.186781256983522326,-33691.829720613466633949,-8672.887577574041642947
689254.512159020057879388,-23643.682388968030863907,-33791.794128725916380063,-8692.956989597532810876
689313.347568378318101168,-23493.742280913153081201,-33891.135807384882355109,-8712.866192223898906377
689487.282406740705482662,-23047.953740949535131222,-34181.159800822300894652,-8770.783242052826608415
689768.714887038688175380,-22318.822176231693447335,-34638.748569945732015185,-8861.498904210095133749
690145.345059420331381261,-21328.385013907896791352,-35228.237925725799868815,-8977.047368441037178854
690600.712378080585040152,-20109.453574549210316036,-35905.400871973150060512,-9107.691386947979481192
691114.915106099215336144,-18706.418790855554107111,-36622.377088454137265217,-9243.122443378762909560
691665.480116843245923519,-17175.035087607775494689,-37332.894268817894044332,-9373.704454116848864942
692228.345077439211308956,-15580.813940203828678932,-37997.012397615922964178,-9491.567545358506322373
692778.910088183241896331,-13995.993998434089007787,-38584.640324391242756974,-9591.371451970640919171
693293.112816201755777001,-12495.401220360870865989,-39077.259515471938357223,-9670.611391956364968792
693748.480134862125851214,-11151.758813260245005949,-39467.622117464648908935,-9729.425107307672078605
694125.110307243769057095,-10031.080434287043317454,-39757.594520027792896144,-9769.958333795235375874
694406.542787541751749814,-9188.676267899940285133,-39954.690396499412599951,-9795.432485606881527929
694580.477625904139131308,-8666.082478761982201831,-40068.086055404739454389,-9809.112242910106942873
694639.313035262399353087,-8488.989229829225223511,-40104.984022817225195467,-9813.382160615170505480
694698.148444620659574866,-8311.739581987556448439,-40141.143106542062014341,-9817.471265701449738117
694872.083282983046956360,-7786.854248222112801159,-40243.712701292839483358,-9828.501771101504346007
695153.515763281029649079,-6934.953332103429602284,-40395.942627472715685144,-9842.996752282902889419
695530.145935662672854960,-5790.377209892183600459,-40573.014069330347410869,-9855.901923520261334488
695985.513254322926513851,-4400.762890588884147292,-40746.191110125859268010,-9861.568038816338230390
696499.715982341556809843,-2825.846411963364516851,-40887.685398354326025583,-9854.883997228462249041
697050.280993085587397218,-1135.208978856033809279,-40975.410410975855484139,-9832.356345518179296050
697613.145953681552782655,595.070047604460341972,-40996.776129827812837902,-9792.931049980938041699
698163.710964425583370030,2286.588449221350856533,-40950.816822215587308165,-9738.395121601713981363
698677.913692444097250700,3863.113640467482582608,-40848.245481795325758867,-9673.274003185853871400
699133.281011104467324913,5254.785054647250944981,-40709.427846994534775149,-9604.238656351017198176
699509.911183486110530794,6401.510253215845295927,-40560.670411962826619856,-9539.130004863036447205
699791.343663784093223512,7255.280882805384862877,-40429.523298305794014595,-9485.775476640232227510
699965.278502146480605006,7781.434322751851141220,-40339.947649683053896297,-9450.800271696771233110
700024.113911504740826786,7959.132351818571805779,-40308.177262045428506099,-9438.624889945149334380
700082.949320863001048565,8136.683794484933059721,-40275.664503199295722879,-9426.275660484016043483
700256.884159225388430059,8660.689462782123882789,-40175.211691188764234539,-9388.753252839258493623
700538.316639523371122777,9505.559192114653342287,-39998.986851916939485818,-9324.842469982220791280
700914.946811905014328659,10629.886174136740009999,-39736.795492338555050083,-9233.169979405343838152
701370.314130565267987549,11978.470801222360023530,-39379.766837730174302123,-9113.034196537637399160
701884.516858583898283541,13485.338113323005018174,-38924.412158508712309413,-8965.298618055347105837
702435.081869327928870916,15077.684879296248254832,-38376.187571232112532016,-8793.142663023485511076
702997.946829923894256353,16680.456215110225457465,-37751.761351795670634601,-8602.486345512705156580
703548.511840667924843729,18221.029514362107875058,-37079.429519702171091922,-8401.969134542543542921
704062.714568686438724399,19633.375013967695849715,-36397.493678373728471342,-8202.454731439944225713
704518.081887346808798611,20861.130801486058771843,-35750.820636220298183616,-8016.128763065410566924
704894.712059728452004492,21859.271920041501289234,-35186.141119681378768291,-7855.330983026519788837
705176.144540026434697211,22594.396936946097412147,-34746.838424285531800706,-7731.301029250968895212
705350.079378388822078705,23043.989937215632380685,-34468.004067454210598953,-7653.014443669506363221
705408.914787747082300484,23195.234185147492098622,-34372.427692154400574509,-7626.253764069824683247
705467.750197105342522264,23346.051401178909145528,-34276.218509136488137301,-7599.352672190481825965
705641.685035467729903758,23789.387564687385747675,-33988.112304015994595829,-7519.008777057075349148
705923.117515765712596476,24498.582669785177131416,-33510.384708750301797409,-7386.452808465566704399
706299.747688147355802357,25431.473619747059274232,-32849.012434895317710470,-7204.200087654306116747
706755.115006807609461248,26533.708925272188935196,-32016.332874147319671465,-6976.601539477521328081
707269.317734826239757240,27743.125163216736837057,-31033.678350580041296780,-6710.361305116018229455
707819.882745570270344615,28994.784983081328391563,-29933.205551057621050859,-6414.844758910532618756
708382.747706166235730052,30226.085561221039824886,-28758.291183220451785019,-6102.041662772927338665
708933.312716910266317427,31381.237655525019363267,-27562.173216842129477300,-5786.125758934837904235
709447.515444928780198097,32414.461114648038346786,-26404.900178242769470671,-5482.642591265610462870
709902.882763589150272310,33291.465257262112572789,-25349.000935241034312639,-5207.435350016342454182
710279.512935970793478191,33989.138151911822205875,-24454.510155912099435227,-4975.462673082899527799
710560.945416268776170909,34493.761563902284251526,-23774.035937437794927973,-4799.664500708960986231
710734.880254631163552403,34798.386900978162884712,-23348.455910408625641139,-4689.999904226208855107
710793.715663989423774183,34900.165425953913654666,-23203.645261479596229037,-4652.732989011422432668
710852.551073347683995962,35001.301661365811014548,-23058.407581357547314838,-4615.380440279398499115
711026.485911710071377456,35296.516223290032939985,-22626.570727004851505626,-4504.461148244326977874
711307.918392008054070175,35762.138994834313052706,-21920.166617323775426485,-4323.463196515328490932
711684.548564389697276056,36361.670388472113700118,-20960.425589277798280818,-4078.405737865321952995
712139.915883049950934947,37049.881305563605565112,-19779.005179020310606575,-3778.027438767227522476
712654.118611068581230938,37777.881400139165634755,-18418.800292435051233042,-3433.849835235983391613
713204.683621812611818314,38498.480407417671813164,-16933.762012233793939231,-3059.995946753430871468
713767.548582408577203751,39171.050633106897294056,-15387.362656957055150997,-2672.697833529867239122
714318.113593152607791126,39765.119733956780692097,-13849.670593885339258122,-2289.504214814905026287
714832.316321171121671796,40262.115641603733820375,-12393.336001718505940516,-1928.275102252797751134
715287.683639831491746008,40655.028108365790103562,-11089.030005601103766821,-1606.099296525022054993
715664.313812213134951890,40946.166563846367353108,-10000.953564332517998992,-1338.277598051930908696
715945.746292511117644608,41143.576015645063307602,-9182.933921334040860529,-1137.481159075294726790
716119.681130873505026102,41256.926900751393986866,-8675.415173652318117092,-1013.137311134204082919
716178.516540231765247881,41293.768474075222911779,-8503.421450723953967099,-971.038736179069587706
716237.351949590025469661,41329.850313631752214860,-8331.271279578055327875,-928.922294466661924162
716411.286787952412851155,41432.069640144436561968,-7821.460264755080061150,-804.316664143879279436
716692.719268250395543873,41583.347080297979118768,-6993.940876791228220100,-602.435330792076570106
717069.349440632038749754,41758.398542878567241132,-5881.959148259126777702,-331.883583576362639178
717524.716759292292408645,41927.996102922974387184,-4531.666700257496813720,-4.455976776009777041
718038.919487310922704637,42063.956563065075897612,-3000.984824946754088160,365.263900218057074198
718589.484498054953292012,42144.010361306689446792,-1357.441532988745620969,760.546301637848728205
719152.349458650918677449,42155.678680796307162382,325.059360424936812706,1163.388185651243475149
719702.914469394949264824,42098.434075357436086051,1970.284127970310009914,1555.536863413139599288
720217.117197413463145494,41983.730216889489383902,3504.036023906449372589,1919.535572961671505254
720672.484516073833219707,41832.896890168267418630,4858.253276392252701044,2239.649734799962516263
721049.114688455476425588,41673.308049534010933712,5974.334231319593527587,2502.563815503207479196
721330.547168753459118307,41533.544102976091380697,6805.419087877056881553,2697.802638338917404326
721504.482007115846499801,41438.420833761862013489,7317.647858974881273753,2817.904309182696124481
721563.317416474106721580,41404.735674892297538463,7490.652817357664389419,2858.428463103957710700
721622.152825832366943359,41370.288873709600011352,7663.519984784426924307,2898.900032176043168874
721796.087664194754324853,41264.006081851570343133,8173.729853890620688617,3018.231234024868172128
722077.520144492737017572,41077.994229742405877914,8996.447869036181145930,3210.277037734228997579
722454.150316874380223453,40802.026732936581538524,10091.474447766686353134,3465.156180804489849834
722909.517635534633882344,40427.317322942966711707,11405.189758315169456182,3769.813660014660399611
723423.720363553264178336,39950.670456471663783304,12873.461936531217361335,4108.823432832115031488
723974.285374297294765711,39378.117790407079155557,14425.461951769826555392,4465.394807837176813337
724537.150334893260151148,38727.220916259102523327,15988.098552990304597188,4822.492845029372801946
725087.715345637290738523,38027.471912679822708014,17490.569394533060403774,5163.937560230590861465
725601.918073655804619193,37318.603917459513468202,18868.416669714009913150,5475.330745237783958146
726057.285392316174693406,36647.039946407443494536,20066.539437752671801718,5744.685209562236195779
726433.915564697817899287,36061.053842570137931034,21040.847584043982351432,5962.695843012988007104
726715.348044995800592005,35605.414344342592812609,21758.575101223494129954,6122.676590595863672206
726889.282883358187973499,35316.308638970403990243,22197.595460159504000330,6220.265865873213442683
726948.118292716448195279,35217.228007466394046787,22345.294832720646809321,6253.050960432016836421
727006.953702074708417058,35117.499573503278952558,22492.583175289590144530,6285.721024850308822352
727180.888540437095798552,34818.902318022774124984,22925.581155399566341657,6381.624887643648435187
727462.321020735078491271,34323.927418293489608914,23618.350399174367339583,6534.620856274260404462
727838.951193116721697152,33638.957353110003168695,24529.853309593927406240,6735.054926573198827100
728294.318511776975356042,32776.979267017115489580,25607.158449279180786107,6970.597584719036603929
728808.521239795605652034,31760.266673857830028282,26789.678419615807797527,7227.326827676673929091
729359.086250539636239409,30622.231121113411063561,28014.056334755594434682,7490.944985565690330986
729921.951211135601624846,29407.800878012007160578,29219.130451486009405926,7747.976300903364972328
730472.516221879632212222,28172.000772058756410843,30350.298700223243940854,7986.774589600171566417
730986.718949898146092892,26976.800476582520786906,31362.646617953403620049,8198.190426675066191819
731442.086268558516167104,25886.656914824026898714,32222.416095037857303396,8375.807712103818630567
731818.716440940159372985,24963.403580708305526059,32906.736561596735555213,8515.747681316499438253
732100.148921238142065704,24261.190480798737553414,33401.921846724704664666,8616.131041173011908541
732274.083759600529447198,23822.074012844797834987,33700.946578536837478168,8676.360546603691545897
732332.919168958789668977,23672.667498525217524730,33800.871020116122963373,8696.418566643700614804
732391.754578317049890757,23522.825486579215066740,33900.173639116772392299,8716.316589885593202780
732565.689416679437272251,23077.328142268870578846,34190.087475835563964210,8774.201834935114675318
732847.121896977419964969,22348.671069859323324636,34647.514888268815411720,8864.869982194089971017
733223.752069359063170850,21358.873915910047799116,35236.821083166745665949,8980.362499348571873270
733679.119388019316829741,20140.721034090282046236,35913.812810921059281100,9110.950538406510531786
734193.322116037947125733,18738.567025264354015235,36630.661724263227370102,9246.333642159896044177
734743.887126781977713108,17208.122186386692192173,37341.119741123722633347,9376.882035108366835630
735306.752087377943098545,15614.849492986002587713,38005.258749638167500962,9494.729337318851321470
735857.317098121973685920,14030.939378163164292346,38592.985043876258714590,9594.535479036199831171
736371.519826140487566590,12531.174595423572100117,39085.763825871435983572,9673.792759067540828255
736826.887144800857640803,11188.243716321103420341,39476.320620200582197867,9732.633652646902191918
737203.517317182500846684,10068.135870787480598665,39766.489879355511220638,9773.197408680805892800
737484.949797480483539402,9226.146211161674727919,39963.753578749361622613,9798.698949291338067269
737658.884635842870920897,8703.803175770228335750,40077.261581115686567500,9812.397528695908476948
737717.720045201131142676,8526.793770223403043929,40114.199014095618622378,9816.674133919066662202
737776.555454559391364455,8349.627461000018229242,40150.398295602310099639,9820.770086629034267389
737950.490292921778745949,7824.985485866722228820,40253.090961353897000663,9831.821759809688956011
738231.922773219761438668,6973.468443262607252109,40405.533151998293760698,9846.353847386497363914
738608.552945601404644549,5829.385868447100619960,40582.913168667939316947,9859.313976697856560349
739063.920264261658303440,4440.335381544903611939,40756.498850266150839161,9865.054162751986950752
739578.122992280288599432,2866.009234502251274535,40898.498143601573246997,9858.462993695418845164
740128.688003024319186807,1175.945642300454437645,40986.810555192525498569,9836.044519485016280669
740691.552963620284572244,-553.812816666207027083,41008.821196288321516477,9796.739910114465601509
741242.117974364315159619,-2244.890025594982944313,40963.530361633842403535,9742.329506738966301782
741756.320702382829040289,-3821.066380374623804528,40861.611699071530892979,9677.331041699471825268
742211.688021043199114501,-5212.481393346696677327,40723.390833249213756062,9608.407713657408748986
742588.318193424842320383,-6359.032577195154772198,40575.137670040283410344,9543.393505391159123974
742869.750673722825013101,-7212.695963167108857306,40444.372378627966099884,9490.110303336768993177
743043.685512085212394595,-7738.792941953965964785,40355.034430674269970041,9455.179405074733949732
743102.520921443472616374,-7916.473576522746952833,40323.344700350608036388,9443.019038913291296922
743161.356330801732838154,-8094.008487686701300845,40290.912713397992774844,9430.684836369240656495
743335.291169164120219648,-8617.970338286506375880,40190.699280775043007452,9393.206901372597712907
743616.723649462102912366,-9462.785200182708649663,40014.863218947590212338,9329.368132607432926307
743993.353821843746118248,-10587.069813782902201638,39753.193620220023149159,9237.791817170538706705
744448.721140503999777138,-11935.650667663931017159,39396.795325275081268046,9117.771388069497334072
744962.923868522630073130,-13442.575848992762985290,38942.147483588232717011,8970.163863855012095883
745513.488879266660660505,-15035.056791325690937811,38394.668164966846234165,8798.141142839302119683
746076.353839862626045942,-16638.041015393697307445,37770.985068835281708743,8607.615457341875298880
746626.918850606656633317,-18178.894582526256272104,37099.355434453820635099,8407.219178395462222397
747141.121578625170513988,-19591.563942200766177848,36418.048019750101957470,8207.810442087144110701
747596.488897285540588200,-20819.654611712954647373,35771.905522653898515273,8021.571344742857945675
747973.119069667183794081,-21818.105395895181572996,35207.644029410461371299,7860.840156685850161011
748254.551549965166486800,-22553.480353070015553385,34768.640307532623410225,7736.856623213745479006
748428.486388327553868294,-23003.235492117244575638,34489.984659202818875201,7658.597227741718597827
748487.321797685814090073,-23154.535881524341675686,34394.467649458798405249,7631.845478947676383541
748546.157207044074311852,-23305.409885612010839395,34298.317273705913976301,7604.953181072293773468
748720.092045406461693347,-23748.917660726063331822,34010.381597732419322710,7524.634471824338106671
749001.524525704444386065,-24458.401947426249535056,33532.919092172960517928,7392.116621180324727902
749378.154698086087591946,-25391.701192782198631903,32871.879672438743000384,7209.909626309130544541
749833.522016746341250837,-26494.460640234283346217,32039.567205770366854267,6982.357914414041260898
750347.724744764971546829,-27704.505400767840910703,31057.277935319485550281,6716.158914425744114851
750898.289755509002134204,-28956.876438753864931641,29957.134947829992597690,6420.672189052014800836
751461.154716104967519641,-30188.939161759972193977,28782.488876074319705367,6107.883652829535094497
752011.719726848998107016,-31344.864895710910786875,27586.563059235842956696,5791.965922559439604811
752525.922454867511987686,-32378.830491127919231076,26429.404603705432236893,5488.466377832512080204
752981.289773527882061899,-33256.503355036678840406,25373.553256608771334868,5213.232640247536437528
753357.919945909525267780,-33954.734749880772142205,24479.063463914480962558,4981.229480398897067062
753639.352426207507960498,-34459.777325867857143749,23798.566939257438207278,4805.403458127410885936
753813.287264569895341992,-34764.662064475232909899,23372.963223712817125488,4695.719482750386305270
753872.122673928155563772,-34866.528347280604066327,23228.142846091595856706,4658.445638382632751018
753930.958083286415785551,-34967.752333234857360367,23082.894569174699427094,4621.085971664296266681
754104.892921648803167045,-35263.226189830209477805,22651.021307985443854704,4510.144534217266482301
754386.325401946785859764,-35729.267680757737252861,21944.542205112094961805,4329.107272495461984363
754762.955574328429065645,-36329.356443237229541410,20984.669730997120495886,4083.990528704432563245
755218.322892988682724535,-37018.233854850463103503,19803.043058801791630685,3783.530471958626094420
755732.525621007313020527,-37746.972345370239054319,18442.543528844315005699,3439.247553799938941665
756283.090631751343607903,-38468.339367941021919250,16957.118339143631601473,3065.266077425128514733
756845.955592347308993340,-39141.663990515138721094,15410.248905136460962240,2677.822311428480134055
757396.520603091339580715,-39736.434446328406920657,13872.026504200261115329,2294.472095135328800097
757910.723331109853461385,-40234.047282815845392179,12415.136121554156488855,1933.084868777094015968
758366.090649770223535597,-40627.471409767233126331,11110.291365619137650356,1610.760118524013023489
758742.720822151866741478,-40919.006061117601348087,10021.737833201628745883,1342.809337253740295637
759024.153302449849434197,-41116.694496037889621221,9203.343911494097483228,1141.913190474897419335
759198.088140812236815691,-41230.210158583708107471,8695.586526659524679417,1017.506406033524626764
759256.923550170497037470,-41267.106112385292362887,8523.510847757454030216,975.386323456078685012
759315.758959528757259250,-41303.241636215730977710,8351.278105914490879513,933.248266074742446108
759489.693797891144640744,-41405.615540145867271349,7841.219447868296811066,808.578116336342418435
759771.126278189127333462,-41557.129705927894974593,7013.288473858427096275,606.590518672553912438
760147.756450570770539343,-41732.471127014810917899,5900.735888518004685466,335.893214710520624067
760603.123769231024198234,-41902.376381440095428843,4549.724767258914653212,8.285072934952324886
761117.326497249654494226,-42038.625134442438138649,3018.197520229392466717,-361.643711398723837647
761667.891507993685081601,-42118.914782960979209747,1373.714349323289980020,-757.154431512861265219
762230.756468589650467038,-42130.743083945322723594,-309.778460130398116235,-1160.233157588101903457
762781.321479333681054413,-42073.572829213830118533,-1955.997484883226206875,-1552.615267569707611983
763295.524207352194935083,-41958.863095029009855352,-3490.693687318294905708,-1916.832155603095088736
763750.891526012565009296,-41807.962697912102157716,-4845.755438478325231699,-2237.138582471560766862
764127.521698394208215177,-41648.273964004001754802,-5962.537882014783463092,-2500.210324600158401154
764408.954178692190907896,-41508.408955965896893758,-6794.147294557204986631,-2695.565818457718251011
764582.889017054578289390,-41413.211898793168074917,-7306.699968927936424734,-2815.739001069749065209
764641.724426412838511169,-41379.499819861448486336,-7479.814392666720777925,-2856.287230310653285414
764700.559835771098732948,-41345.025107385576120578,-7652.790961733258882305,-2896.782813616133807955
764874.494674133486114442,-41238.654005210868490394,-8163.323800455513264751,-3016.184632208253333374
765155.927154431468807161,-41052.480928819721157197,-8986.562500442640157416,-3208.343397845457275253
765532.557326813112013042,-40776.262298140041821171,-10082.280813345274509629,-3463.370869580240196228
765987.924645473365671933,-40401.195496536551218014,-11396.821805538233093102,-3768.202663882828801434
766502.127373491995967925,-39924.075109856225026306,-12866.007722279884546879,-4107.401604699737617921
767052.692384236026555300,-39350.934665755979949608,-14418.958162434575569932,-4464.165128915102286555
767615.557344831991940737,-38699.352765648349304684,-15982.529783309149934212,-4821.446962444575547124
768166.122355576022528112,-37998.854214614701049868,-17485.872764006217039423,-5163.057614209211351408
768680.325083594536408782,-37289.218085376065573655,-18864.491075694670144003,-5474.592183279348319047
769135.692402254906482995,-36616.921478033778839745,-20063.257526170364144491,-5744.060015132794433157
769512.322574636549688876,-36030.293994268620735966,-21038.067840548184904037,-5962.155489798081362096
769793.755054934532381594,-35574.155230555130401626,-21756.151592795205942821,-6122.194118628248361347
769967.689893296919763088,-35284.732724203364341520,-22195.383636565064080060,-6219.816734400437781005
770026.525302655179984868,-35185.543541865605220664,-22343.153110821211157599,-6252.612678672446236305
770085.360712013440206647,-35085.705865001313213725,-22490.510784916648844955,-6285.293374286125072103
770259.295550375827588141,-34786.781669250041886698,-22923.709166090266080573,-6381.227376052067484125
770540.728030673810280859,-34291.265500706744205672,-23616.787895637542533223,-6534.267961667104827939
770917.358203055453486741,-33605.548475500720087439,-24528.675430193987267558,-6734.753520965712596080
771372.725521715707145631,-32742.635122869487531716,-25606.398522596242401050,-6970.345492467357871647
771886.928249734337441623,-31724.828117059249052545,-26789.325669693942472804,-7227.112854761122434866
772437.493260478368028998,-30585.581290808488120092,-28014.059989676155964844,-7490.750551780634850729
773000.358221074333414435,-29369.877194036303990288,-29219.409988025763595942,-7747.778506858083346742
773550.923231818364001811,-28132.803272848610504298,-30350.758621571047115140,-7986.550222672812196834
774065.125959836877882481,-26936.394731416261492996,-31363.193017192199476995,-8197.920159557625083835
774520.493278497247956693,-25845.171042753845540574,-32222.971729399658215698,-8375.479667648887698306
774897.123450878891162574,-24921.020250025558198104,-32907.251463827502448112,-8515.359662053942884086
775178.555931176873855293,-24218.135643120400345651,-33402.377530619465687778,-8615.691009417772875167
775352.490769539261236787,-23778.604271386575419456,-33701.353314394495100714,-8675.885298763787432108
775411.326178897521458566,-23629.057482997213810449,-33801.259060823991603684,-8695.930876815729789087
775470.161588255781680346,-23479.075248401200951776,-33900.541903441080648918,-8715.816190679106512107
775644.096426618169061840,-23033.163753797158278758,-34190.390951021654473152,-8773.662302113867553999
775925.528906916151754558,-22303.838298782571655465,-34647.693516515886585694,-8864.262206697103465558
776302.159079297794960439,-21313.151560953614534810,-35236.793980252710753120,-8979.653943331852133269
776757.526397958048619330,-20093.933751010150444927,-35913.478137950871314388,-9110.105852819162464584
777271.729125976678915322,-18690.596208168921293691,-36629.903020293262670748,-9245.316787532889065915
777822.294136720709502697,-17158.913035381370718824,-37339.818164807147695683,-9375.659696744853135897
778385.159097316674888134,-15564.412623878990416415,-38003.309275984080159105,-9493.275088639677051106
778935.724108060705475509,-13979.346276682572352001,-38590.313615811857744120,-9592.833922153726234683
779449.926836079219356179,-12478.547617727992474101,-39082.342127110845467541,-9671.842838166770889075
779905.294154739589430392,-11134.742681451165481121,-39472.175643930873775389,-9730.450507823001316865
780281.924327121232636273,-10013.944059297880812665,-39761.706627392275549937,-9770.812451983680148260
780563.356807419215328991,-9171.458484098566259490,-39958.470616674021584913,-9796.158187735931278439
780737.291645781602710485,-8648.818008807564183371,-40071.660353652863705065,-9809.758423456316450029
780796.127055139862932265,-8471.709596646243880969,-40108.488533975847531110,-9814.001417960062099155
780854.962464498123154044,-8294.445103956502862275,-40144.577766163682099432,-9818.063588464185158955
781028.897302860510535538,-7769.517748923206454492,-40246.940494708178448491,-9829.014405530215299223
781310.329783158493228257,-6917.554756455839196860,-40398.834620358800748363,-9843.380279591421640362
781686.959955540136434138,-5772.907039386848737195,-40575.454795527955866419,-9856.112429500191865372
782142.327274200390093029,-4383.223774771709940978,-40748.083807384093233850,-9861.569153766600720701
782656.530002219020389020,-2808.252712608656111115,-40888.956788965740997810,-9854.648679654283114360
783207.095012963050976396,-1117.584278593711587746,-40976.014609783633204643,-9831.868254307026290917
783769.959973559016361833,612.697055094271718190,-40996.697244441245857161,-9792.185357928074154188
784320.524984303046949208,2304.188967239116209385,-40950.069912314960674848,-9737.398673917399719357
784834.727712321560829878,3880.663782655825343681,-40846.875744778961234260,-9672.044807154517911840
785290.095030981930904090,5272.269970244664364145,-40707.508137010489008389,-9602.804778731133410474
785666.725203363574109972,6418.926642500384332379,-40558.297404608616488986,-9537.528024025390550378
785948.157683661556802690,7272.637483536670515605,-40426.812723939365241677,-9484.048665892185454140
786122.092522023944184184,7798.750313664250825241,-40337.029011138438363560,-9448.996672731591388583
786180.927931382204405963,7976.433974860427952080,-40305.188348404037242290,-9436.795381668676782283
786239.763340740464627743,8153.970731033839001611,-40272.605369651799264830,-9424.420276626926352037
786413.698179102852009237,8677.931121082192476024,-40171.945302112057106569,-9386.821574984111066442
786695.130659400834701955,9522.721714703000543523,-39995.386247068388911430,-9322.788010383872460807
787071.760831782477907836,10646.931485078894183971,-39732.750023161825083662,-9230.952570597622980131
787527.128150442731566727,11995.357230380923283519,-39375.187617915064038243,-9110.622020764956687344
788041.330878461361862719,13502.022753627035854151,-38919.236337839291081764,-8962.669722813563566888
788591.895889205392450094,15094.127460134521243162,-38370.381063887376512866,-8790.285832457015203545
789154.760849801357835531,16696.623932203659933293,-37745.319765880449267570,-8599.401254900829371763
789705.325860545388422906,18236.902019434706744505,-37072.377238977220258676,-8398.665801700779411476
790219.528588563902303576,19648.948690154233190697,-36389.881295483894064091,-8198.952375623075568001
790674.895907224272377789,20876.421547131350962445,-35742.721159453110885806,-8012.454262010982347419
791051.526079605915583670,21874.315904500588658266,-35177.645503743769950233,-7851.517157436851448438
791332.958559903898276389,22609.249114736616320442,-34738.050969047093531117,-7727.384968457815375587
791506.893398266285657883,23058.720439501914370339,-34459.038090084708528593,-7649.036020508406181762
791565.728807624545879662,23209.922992047540901694,-34363.401653015891497489,-7622.254390592892377754
791624.564216982806101441,23360.698242350626969710,-34267.132574525217933115,-7595.332422060456337931
791798.499055345193482935,23803.908769323934393469,-33978.850283832645800430,-7514.927243859580812568
792079.931535643176175654,24512.895652231098210905,-33500.840946980373701081,-7382.273512958299761522
792456.561708024819381535,25445.498532831959892064,-32839.097943885753920767,-7199.892723224979818042
792911.929026685073040426,26547.371443810960045084,-32005.980169805297919083,-6972.143682013275792997
793426.131754703703336418,27756.360382468596071703,-31022.844569239790871507,-6705.739429839073636685
793976.696765447733923793,29007.542083436484972481,-29921.873583970802428667,-6410.054478775493407738
794539.561726043699309230,30238.332622376339713810,-28746.468795723169023404,-6097.087201017809093173
795090.126736787729896605,31392.965868416860757861,-27549.890394367412227439,-5781.018777578594381339
795604.329464806243777275,32425.687668949507497018,-26392.205199777137750061,-5477.400593584248781553
796059.696783466613851488,33302.234361334289133083,-25335.955846641820244258,-5202.079932549841032596
796436.326955848257057369,33999.519915481221687514,-24441.186347747643594630,-4970.017903796326208976
796717.759436146239750087,34503.848767569819756318,-23760.510409434969915310,-4794.155641796696727397
796891.694274508627131581,34808.289926130884850863,-23334.808555933839670615,-4684.452594173216311901
796950.529683866887353361,34910.005788872127595823,-23189.957193844042194542,-4647.172874118041363545
797009.365093225147575140,35011.079181061570125166,-23044.679052544634032529,-4609.807622894202722819
797183.299931587534956634,35306.106912649796868209,-22612.724063760644639842,-4498.851379321492458985
797464.732411885517649353,35771.424134465516544878,-21906.133534994452929823,-4317.795552702704299008
797841.362584267160855234,36370.540532670813263394,-20946.152290310779790161,-4072.664381041130127414
798296.729902927414514124,37058.240799995575798675,-19764.455837375604460249,-3772.202746285937337234
798810.932630946044810116,37785.653227365335624199,-18403.958540171079221182,-3427.938763666416434717
799361.497641690075397491,38505.610932906209200155,-16918.630309025204041973,-3054.001601488869255263
799924.362602286040782928,39177.513671801134478301,-15371.959734581800148590,-2666.628340201694300049
800474.927613030071370304,39770.919344901129079517,-13834.027471845094623859,-2283.371103619564564724
800989.130341048585250974,40267.287189937116636429,-12377.491299414750756114,-1922.091497396394061070
801444.497659708955325186,40659.637368094830890186,-11073.025371380677825073,-1599.878229272015232709
801821.127832090598531067,40950.306899020339187700,-9984.829973006726504536,-1332.030725238265404187
802102.560312388581223786,41147.363897860865108669,-9166.729371941168210469,-1131.218077118463725128
802276.495150750968605280,41260.496149411635997240,-8659.163998334184725536,-1006.865529362842380579
802335.330560109228827059,41297.263636013041832484,-8487.155094790286966600,-964.764239810994467916
802394.165969467489048839,41333.271324636159988586,-8314.990042320914653828,-922.645198952502255452
802568.100807829876430333,41435.271076778772112448,-7805.136786776150984224,-798.032560388618321667
802849.533288127859123051,41586.192164994892664254,-6977.554614145634332090,-596.142028204818529957
803226.163460509502328932,41760.764891563565470278,-5865.499660219027646235,-325.582116238877858905
803681.530779169755987823,41929.781288715006667189,-4515.135253782256768318,1.849017569205102518
804195.733507188386283815,42065.083171638725616504,-2984.394025917447834217,371.564524509646162187
804746.298517932416871190,42144.430096952986787073,-1340.813027697345887645,766.832432870661818924
805309.163478528382256627,42155.375068132496380713,341.698725969160250315,1169.649032686114423996
805859.728489272412844002,42097.423413269716547802,1986.907016427336202469,1561.762780968520928582
806373.931217290926724672,41982.060655247034446802,3520.619342857452465978,1925.719809878436080908
806829.298535951296798885,41830.645753377779328730,4874.782098951503940043,2245.789803576794838591
807205.928708332940004766,41670.577745950948155951,5990.804216701746554463,2508.662238817321394890
807487.361188630922697484,41530.457072596705984324,6821.837001129117197706,2703.866939809834548214
807661.296026993310078979,41435.113974729392793961,7334.030133452727568510,2823.946244999163354805
807720.131436351570300758,41401.354575008379470091,7507.022440223029661865,2864.462613439983215358
807778.966845709946937859,41366.833595213145599701,7679.876654925453294709,2904.926286027953665325
807952.901684072334319353,41260.331886622618185356,8190.046473385303215764,3024.233495804132871854
808234.334164370317012072,41073.967086946933704894,9012.694132476366576157,3216.238437378354774410
808610.964336751960217953,40797.529933426441857591,10107.615864179146228707,3471.058973649596282485
809066.331655412213876843,40422.257242652376589831,11421.188169735401970684,3775.639656407285656314
809580.534383430844172835,39944.981053216884902213,12889.277685421757269069,4114.554997983457724331
810131.099394174874760211,39371.763446462333376985,14441.057497812371366308,4471.016340964639312006
810693.964354770840145648,38720.197365504092886113,16003.443015181484952336,4827.992529574281434179
811244.529365514870733023,38019.805209922393260058,17505.643268310861458303,5169.309100539003338781
811758.732093533384613693,37310.347671140152669977,18883.215892449024977395,5480.574786997451155912
812214.099412193754687905,36638.271270405195537023,20081.078063952165393857,5749.810184005570590671
812590.729584575397893786,36051.868615959705493879,21055.158556902242708020,5967.718065253236090939
812872.162064873380586505,35595.922357320887385868,21772.708911474379419815,6127.619556778872720315
813046.096903235767967999,35306.629052745462104212,22211.616798762093822006,6225.158806700716922933
813104.932312594028189778,35207.485314392462896649,22359.277615411472652340,6257.926801162445372029
813163.767721952288411558,35107.693952779554820154,22506.527144854731886880,6290.579675786234474799
813337.702560314675793052,34808.911723708282806911,22939.408884638341987738,6386.432198984484784887
813619.135040612658485770,34313.640944776554533746,23631.985347442139755003,6539.343465013934292074
813995.765212994301691651,33628.281710571129224263,24543.221302316360379336,6739.661077375065360684
814451.132531654555350542,32765.843868439274956472,25620.190240295887633692,6975.058302658359934867
814965.335259673185646534,31748.626889931074401829,26802.313327742172987200,7231.617421574024774600
815515.900270417216233909,30610.069427524278580677,28026.246629443783604074,7495.046748125656449702
816078.765231013181619346,29395.125867294056661194,29230.845906591050152201,7751.878185460572240117
816629.330241757212206721,28158.844294947710295673,30361.530603705825342331,7990.474605716984115134
817143.532969775726087391,26963.213451102375984192,31373.410549478394386824,8201.696517046280860086
817598.900288436096161604,25872.704521290936099831,32232.752949777950561838,8379.137943268311573775
817975.530460817739367485,24949.160591992753325030,32916.711555849680735264,8518.929678961816534866
818256.962941115722060204,24246.737344141431094613,33411.621519814092607703,8619.200700554982176982
818430.897779478109441698,23807.494033370079705492,33710.474044345261063427,8679.360127846071918611
818489.733188836369663477,23658.045142532464524265,33810.339886665140511468,8699.394333410145918606
818548.568598194629885256,23508.161023029326315736,33909.583732151899312157,8719.268487412700778805
818722.503436557017266750,23062.540776695466774981,34199.322808426899428014,8777.082851933655547327
819003.935916854999959469,22333.689888001201325096,34656.464318740945600439,8867.635335625696825446
819380.566089236643165350,21343.643236022653582040,35245.382027149404166266,8982.971251442069842597
819835.933407896896824241,20125.204044284113479080,35921.895458078666706569,9113.367334253471199190
820350.136135915527120233,18722.747301505609357264,36638.193591577866754960,9248.530488057847833261
820900.701146659557707608,17192.002969576242321637,37348.050161276645667385,9378.839961338931971113
821463.566107255523093045,15598.450934900134598138,38011.562744721035414841,9496.439746601778097101
822014.131117999553680420,14014.294288362743827747,38598.666018458614416886,9596.000988901936580078
822528.333846018067561090,12514.323462751912302338,39090.854634497613005806,9675.027401859331803280
822983.701164678437635303,11171.229876706616778392,39480.882783898807247169,9733.662383623444839031
823360.331337060080841184,10051.001617482119399938,39770.610976048505108338,9774.054963994713034481
823641.763817358063533902,9208.930408225236533326,39967.543043523284723051,9799.428165625926339999
823815.698655720450915396,8686.540594078183858073,40080.845278157474240288,9813.047269896118450561
823874.534065078711137176,8509.515993033646736876,40117.712975564994849265,9817.296967416948973550
823933.369474436971358955,8332.334806220511381980,40153.842456721220514737,9821.366000934243857046
824107.304312799358740449,7807.650710293815791374,40256.328405618027318269,9832.338030624989187345
824388.736793097341433167,6956.071421841772462358,40408.435030942200683057,9846.741081515951009351
824765.366965478984639049,5811.917009559138023178,40585.364082594875071663,9859.528279461599595379
825220.734284139238297939,4422.797261177078326000,40758.402078732469817623,9865.059176326230954146
825734.937012157868593931,2848.416145669443267252,40899.780423460739257280,9858.231680091555972467
826285.502022901899181306,1158.321110612888787728,40987.425989298775675707,9835.560533054023835575
826848.366983497864566743,-571.440135612940821375,41008.753857790696201846,9795.998412453081982676
827398.931994241895154119,-2262.491348382784053683,40962.795260119062731974,9741.337327406097756466
827913.134722260409034789,-3838.617805822772879765,40860.253974513077992015,9676.106170486917108065
828368.502040920779109001,-5229.968027568675097427,40721.483283136381942313,9606.978200477627979126
828745.132213302422314882,-6376.451051709202147322,40572.776920373828033917,9541.795914295391412452
829026.564693600405007601,-7230.054926063355196675,40441.674120614516141359,9488.387896791457023937
829200.499531962792389095,-7756.111467190648909309,40352.128138525273243431,9453.380217342490141164
829259.334941321052610874,-7933.777792267565928341,40320.368142188744968735,9441.193943917729484383
829318.170350679312832654,-8111.298075381435410236,40287.865943867895111907,9428.833867674145949422
829492.105189041700214148,-8635.214820832134137163,40187.445277758386509959,9391.279643264580954565
829773.537669339682906866,-9479.950827848291737610,40011.275025683091371320,9327.318097088367721881
830150.167841721326112747,-10604.118606204161551432,39749.160577138078224380,9235.578832286319084233
830605.535160381579771638,-11952.541032482069567777,39392.228519080359546933,9115.363626991667842958
831119.737888400210067630,-13459.264933780819774256,38936.984023139404598624,8967.539361139797620126
831670.302899144240655005,-15051.504352968415332725,38388.873914945426804479,8795.288667530054226518
832233.167859740206040442,-16654.214248308111564256,37764.555587064118299168,8604.534669837692490546
832783.732870484236627817,-18194.773109630816179560,37092.315062327936175279,8403.920084433686497505
833297.935598502750508487,-19607.144094419843895594,36410.447323346015764400,8204.312253902260636096
833753.302917163120582700,-20834.952217764377564890,35763.817505040875403211,8017.900939611296962539
834129.933089544763788581,-21833.156544590365228942,35199.159663727616134565,7857.030361922919837525
834411.365569842746481299,-22568.339913086088927230,34759.863934579807391856,7732.944541358125206898
834585.300408205133862793,-23017.973507263544888701,34481.029655390841071494,7654.622750118657677376
834644.135817563394084573,-23169.232244742528564529,34385.452546266853460111,7627.850039487489084422
834702.971226921654306352,-23320.064326184197852854,34289.242237014666898176,7600.936853326607888448
834876.906065284041687846,-23763.446589891944313422,34001.130360652408853639,7520.556825983841008565
835158.338545582024380565,-24472.722849583075003466,33523.385920314423856325,7387.941154397576610791
835534.968717963667586446,-25405.734272076260822359,32861.975499040476279333,7205.606008560363989091
835990.336036623921245337,-26508.131599318152439082,32029.224470027460483834,6977.903699403457721928
836504.538764642551541328,-27717.749337363784434274,31046.453704528947127983,6711.540558017904004373
837055.103775386582128704,-28969.642511864520201925,29945.812058464776782785,6415.885289547084539663
837617.968735982547514141,-30201.195410785279818811,28770.675059492430591490,6102.932425259924457350
838168.533746726578101516,-31356.602459986177564133,27574.288292750679829624,5786.862028387437021593
838682.736474745091982186,-32390.066506257979199290,26416.717186532670893939,5483.227327808068366721
839138.103793405462056398,-33267.281981137304683216,25360.515282705389836337,5207.880045933407927805
839514.733965787105262280,-33965.126060343827703036,24465.746396707185340347,4975.787431166564601881
839796.166446085087954998,-34469.874079646106110886,23785.047871190730802482,4799.897242427708079049
839970.101284447475336492,-34774.574635124321503099,23359.322155012589064427,4690.174768589676205011
840028.936693805735558271,-34876.378252990223700181,23214.461005263987317448,4652.888103413607495895
840087.772103163995780051,-34977.539392438178765588,23069.172208183801558334,4615.515718257724984142
840261.706941526383161545,-35272.826405602012528107,22637.180638118650676915,4504.537282277990925650
840543.139421824365854263,-35738.562314883303770330,21930.514833967306913109,4323.442070172381136217
840919.769594206009060144,-36338.236018477749894373,20970.401766535313072382,4078.251513662214165379
841375.136912866262719035,-37026.602672013374103699,19788.498599441227270290,3777.708003274283782957
841889.339640884893015027,-37754.753331793966935948,18427.706155166852113325,3433.338577032217472151
842439.904651628923602402,-38475.478829777828650549,16941.990486975842941320,3059.273694939181950758
843002.769612224888987839,-39148.135687843823689036,15394.849311106314416975,2671.754653663258977758
843553.334622968919575214,-39742.242396970039408188,13856.386219461197470082,2288.340703853118156985
844067.537350987433455884,-40239.226832338630629238,12399.293819359501867439,1926.902884670551202362
844522.904669647803530097,-40632.088339551082754042,11094.288764047822041903,1604.540592056009472799
844899.534842029446735978,-40923.153771208322723396,10005.615986060247450951,1336.563945086317517053
845180.967322327429428697,-41120.489520599272509571,9187.140900560763839167,1135.651547969747525713
845354.902160689816810191,-41233.786400887656782288,8679.336767071821668651,1011.236039915369929076
845413.737570048077031970,-41270.608216828375589103,8507.245866825445773429,969.113234984550445006
845472.572979406337253749,-41306.669538169066072442,8334.998203333687342820,926.972570850547981536
845646.507817768724635243,-41408.823712904733838513,7824.897187747482348641,802.295391271357175356
845927.940298066707327962,-41559.981268815150542650,6996.903247834073226841,600.298562690244693840
846304.570470448350533843,-41734.843595001300855074,5884.277210197613385390,329.593056739774567632
846759.937789108604192734,-41904.167233056148688775,4533.193881235589287826,1.981351956509172396
847274.140517127234488726,-42039.756873356644064188,3001.607034885527809820,-367.943090654874822576
847824.705527871265076101,-42119.339051314127573278,1357.085936386656385366,-763.439333040467772662
848387.570488467230461538,-42130.443370945147762541,-326.417911645981575930,-1166.492774053624998487
848938.135499211261048913,-42072.565430073795141652,-1972.620585038620674823,-1558.839937144178975359
849452.338227229774929583,-41957.196189714653883129,-3507.277290593073303171,-1923.015113234517230012
849907.705545890145003796,-41805.713673443366133142,-4862.284572775664855726,-2243.277331993595453241
850284.335718271788209677,-41645.545319797238335013,-5979.008175250290150871,-2506.307386876346754434
850565.768198569770902395,-41505.323245630599558353,-6810.565496933400027046,-2701.628722513332377275
850739.703036932158283889,-41409.906150001916103065,-7323.082514157757941575,-2821.779514788337110076
850798.538446290418505669,-41376.119759267108747736,-7496.184278892160364194,-2862.319949820042893407
850857.373855648678727448,-41341.570797244421555661,-7669.147887246542268258,-2902.807627720971140661
851031.308694011066108942,-41234.980568787636002526,-8179.640648224624783325,-3022.185426750761052972
851312.741174309048801661,-41048.454206548478396144,-9002.808937279422025313,-3214.303282246346498141
851689.371346690692007542,-40771.765468860256078187,-10098.422308395991422003,-3469.272076165816542925
852144.738665350945666432,-40396.134847601148067042,-11412.820148565346244141,-3774.026977933433954604
852658.941393369575962424,-39918.384539717204461340,-12881.823194395001337398,-4113.131365826799992647
853209.506404113606549799,-39344.578530322360165883,-14434.553159526345552877,-4469.784712659838987747
853772.371364709571935236,-38692.326806244745966978,-15997.873367023094033357,-4826.944533487122498627
854322.936375453602522612,-37991.184524717456952203,-17500.945388336684118258,-5168.426866010258891038
854837.139103472116403282,-37280.958337719428527635,-18879.288660663958580699,-5479.833760861843074963
855292.506422132486477494,-36608.148868975877121557,-20077.794138369466963923,-5749.182360562190297060
855669.136594514129683375,-36021.104495886313088704,-21052.376466255354898749,-5967.174940515723392309
855950.569074812112376094,-35564.658730245784681756,-21770.282794493788969703,-6127.134203362418702454
856124.503913174499757588,-35275.048480608347745147,-22209.402199911546631483,-6224.706724440949074051
856183.339322532759979367,-35175.796143603882228490,-22357.133060996100539342,-6257.485544927154478501
856242.174731891020201147,-35075.895491743707680143,-22504.451864271850354271,-6290.149026941414376779
856416.109570253407582641,-34776.786185229073453229,-22937.533832054421509383,-6386.031618071857337782
856697.542050551390275359,-34280.973924594938580412,-23630.419492878216260578,-6538.987384107859725191
857074.172222933033481240,-33594.867463626636890694,-24542.039672498209256446,-6739.356325236181874061
857529.539541593287140131,-32731.494061446370324120,-25619.426059816712950123,-6974.802665027968032518
858043.742269611917436123,-31713.182378834775590803,-26801.955730937686894322,-7231.399672859944075753
858594.307280355948023498,-30573.413380070578568848,-28026.244776653922599507,-7494.848286089518296649
859157.172240951913408935,-29357.195752280254964717,-29231.119236098395049339,-7751.676100331005727639
859707.737251695943996310,-28119.640211019821435912,-30361.983614786917314632,-7990.245687414257190540
860221.939979714457876980,-26922.801028655572736170,-31373.949368152949318755,-8201.421453877303065383
860677.307298374827951193,-25831.211931879115581978,-32233.300401891567162238,-8378.804885792565983138
861053.937470756471157074,-24906.770540961435472127,-32917.217774249242211226,-8518.536467642956267809
861335.369951054453849792,-24203.675801805744413286,-33412.068143640630296431,-8618.755343514134438010
861509.304789416841231287,-23764.017604652141017141,-33710.871487280579458456,-8678.879472714639632613
861568.140198775101453066,-23614.428446963076567044,-33810.718555659412231762,-8698.901208619487078977
861626.975608133361674845,-23464.404112702701240778,-33909.942545967169280630,-8718.762625609868337051
861800.910446495749056339,-23018.369743353945523268,-34199.616600188666780014,-8776.537775059621708351
862082.342926793731749058,-22288.850528682516596746,-34656.632887074323662091,-8867.021885123696847586
862458.973099175374954939,-21297.914392735088767949,-35245.344362111783993896,-8982.256847114187621628
862914.340417835628613830,-20078.410430408308457118,-35921.549620127785601653,-9112.516594404234638205
863428.543145854258909822,-18674.770379436871735379,-36637.423050524172140285,-9247.507352298516707378
863979.108156598289497197,-17142.788010927280993201,-37346.736042265831201803,-9377.611106885271510691
864541.973117194254882634,-15548.008620208762295078,-38009.600026331005210523,-9494.978751542119425721
865092.538127938285470009,-13962.696150623170979088,-38595.980682113091461360,-9594.292471444690818316
865606.740855956799350679,-12461.691878637066110969,-39087.418432015612779651,-9673.070331360155250877
866062.108174617169424891,-11117.724652902959860512,-39476.722798795693961438,-9731.471931516247423133
866438.738346998812630773,-9996.805987427998843486,-39765.812314816183061339,-9771.662576976863419986
866720.170827296795323491,-9154.239153600403369637,-39962.244383950295741670,-9796.879886402808551793
866894.105665659182704985,-8631.552085304059801274,-40075.228179993289813865,-9810.400595038774554268
866952.941075017442926764,-8454.428541475959718809,-40111.986567032436141744,-9814.616664626319106901
867011.776484375703148544,-8277.149235526030679466,-40148.005941608316788916,-9818.651898907308350317
867185.711322738090530038,-7752.179952754982878105,-40250.161786686396226287,-9829.523023220572213177
867467.143803036073222756,-6900.155035707625756913,-40401.720086099223408382,-9843.759784382229554467
867843.773975417716428638,-5755.435927627228920755,-40577.888964482728624716,-9856.318907881743143662
868299.141294077970087528,-4365.683965090774108830,-40749.969917623966466635,-9861.566239036608749302
868813.344022096600383520,-2790.658599642994886381,-40890.221567676904669497,-9854.409335394893787452
869363.909032840630970895,-1099.959465416816328798,-40976.612180364354571793,-9831.376145898108006804
869926.773993436596356332,630.323867910455192032,-40996.611725188675336540,-9791.435665074981443468
870477.339004180626943707,2321.788990040850876539,-40949.316373851870594081,-9736.398247997067301185
870991.541732199140824378,3898.213149656310633873,-40845.499393808422610164,-9670.811659756276640110
871446.909050859510898590,5289.753863622634526109,-40705.581833777898282278,-9601.366978181227750611
871823.539223241154104471,6436.341806093700142810,-40555.917826628174225334,-9535.922147049039267586
872104.971703539136797190,7289.992707133552357845,-40424.095599088846938685,-9482.317980945492308820
872278.906541901524178684,7816.064834132728719851,-40334.103835938862175681,-9447.189213944307994097
872337.741951259784400463,7993.734095948438152845,-40302.192903023773396853,-9434.962018573853129055
872396.577360618044622242,8171.256134146758995485,-40269.539709401797153987,-9422.561043026229526731
872570.512198980432003736,8695.171153043867889210,-40168.672401924311998300,-9384.886062802022934193
872851.944679278414696455,9539.882461196926669800,-39991.779158554505556822,-9320.729742709178026416
873228.574851660057902336,10663.974820700390409911,-39728.698111320809402969,-9228.731391351935599232
873683.942170320311561227,12012.241445354206007323,-39370.602011496186605655,-9108.206123857513375697
874198.144898338941857219,13518.704912977231288096,-38914.054202332896238659,-8960.037167040873100632
874748.709909082972444594,15110.567278273665579036,-38364.568328386994835455,-8787.425411952757713152
875311.574869678937830031,16712.788603177137702005,-37738.872050802820012905,-8596.312652502330820425
875862.139880422968417406,18252.771206132776569575,-37065.318935908624553122,-8395.359039240067431820
876376.342608441482298076,19664.518798524652083870,-36382.262998781909118406,-8195.446671922660243581
876831.709927101852372289,20891.708508245130360592,-35734.615871931593574118,-8008.776489389223570470
877208.340099483495578170,21889.355928332995972596,-35169.144167134254530538,-7847.700126129120690166
877489.772579781478270888,22624.097202261556958547,-34729.257863269209337886,-7723.465752732595319685
877663.707418143865652382,23073.446772260616853600,-34450.066506711264082696,-7645.054474468298394640
877722.542827502125874162,23224.607602760166628286,-34354.370023142459103838,-7618.251905193197671906
877781.378236860386095941,23375.340860752439766657,-34258.041064550903683994,-7591.309071021179988747
877955.313075222773477435,23818.425673061989073176,-33969.582734328825608827,-7510.842642644951411057
878236.745555520756170154,24527.204208836792531656,-33491.291732268087798730,-7378.091203697158562136
878613.375727902399376035,25459.518855801426980179,-32829.178105732906260528,-7195.582419641271371802
879068.743046562653034925,26561.029178256674640579,-31995.622251611752290046,-6967.682978543566605367
879582.945774581283330917,27769.590604945911763934,-31012.005731459157686913,-6701.114817505720566260
880133.510785325313918293,29020.293967098194116261,-29910.536736853799084201,-6405.261582496609662485
880696.375745921279303730,30250.574250707573810359,-28734.641716667472792324,-6092.130251086969110474
881246.940756665309891105,31404.688445934520132141,-27537.603072327321569901,-5775.909437271753631649
881761.143484683823771775,32436.908406905218726024,-26379.505907606780965580,-5472.156361077540168480
882216.510803344193845987,33312.997495618510583881,-25322.906613997554813977,-5196.722392807111646107
882593.140975725837051868,34009.895587320184858982,-24427.858539318014663877,-4964.571107093594946491
882874.573456023819744587,34513.929791382368421182,-23746.980990577667398611,-4788.644827352510219498
883048.508294386207126081,34818.186718264063529205,-23321.157379045183915878,-4678.903373428474878892
883107.343703744467347860,34919.839901013881899416,-23176.265327084940508939,-4641.610863770455580379
883166.179113102727569640,35020.850432339044346008,-23030.946747968318959465,-4604.232925327195516729
883340.113951465114951134,35315.691282112988119479,-22598.873694216690637404,-4493.239775567627475539
883621.546431763097643852,35780.702873063899460249,-21892.096860015877609840,-4312.126148059373917931
883998.176604144740849733,36379.404171479625802021,-20931.875553143461729633,-4066.921363571256279101
884453.543922804994508624,37066.593669424262770917,-19749.903247714308236027,-3766.376515951663805026
884967.746650823624804616,37793.418303307866153773,-18389.113758932817290770,-3422.026294930122276128
885518.311661567655391991,38512.734582426033739466,-16903.495816077418567147,-3048.006011861263232277
886081.176622163620777428,39183.969718511652899906,-15356.554271682089165552,-2660.557760795445119584
886631.741632907651364803,39776.711861772615520749,-13818.382057182829157682,-2277.237062940482246631
887145.944360926165245473,40272.451559170411201194,-12361.644539355253073154,-1915.907110663104958803
887601.311679586535319686,40664.239381845334719401,-11057.018889816617956967,-1593.656511781696281105
887977.941851968178525567,40954.439938932147924788,-9968.704709911909958464,-1325.783311611601448021
888259.374332266161218286,41151.144451576372375712,-9150.523282803231268190,-1124.954536384586390341
888433.309170628548599780,41264.058050570929481182,-8642.911365193001984153,-1000.593339613873467897
888492.144579986808821559,41300.751444289977371227,-8470.887308798171943636,-958.489352663991553527
888550.979989345069043338,41336.684975955038680695,-8298.707402796160749858,-916.367729865255228106
888724.914827707456424832,41438.465136709179205354,-7788.811988835979718715,-791.748133964634348558
889006.347308005439117551,41589.029847964768123347,-6961.167165155633483664,-589.848485419626740622
889382.977480387082323432,41763.123809910255658906,-5849.039165417469121167,-319.280519222009786517
889838.344799047335982323,41931.559017057421442587,-4498.603018668532968150,8.154007849230083593
890352.547527065966278315,42066.202302027573750820,-2967.802685582379126572,377.864993725923397960
890903.112537809996865690,42144.842343859745597001,-1324.184246751858836433,773.118247588318354246
891465.977498405962251127,42155.063968406080675777,358.338095130646479447,1175.909398690345824434
892016.542509149992838502,42096.405277951511379797,2003.529642405126878657,1567.988057356137233000
892530.745237168506719172,41980.383644161811389495,3537.202151184324065980,1931.903256995648462180
892986.112555828876793385,41828.387196948140626773,4891.310191725303411658,2251.928951849740315083
893362.742728210519999266,41667.840053556414204650,6007.273291630966014054,2514.759634283994273574
893644.175208508502691984,41527.362680077749246266,6838.253869368054438382,2709.930133723809831281
893818.110046870890073478,41431.799771591169701423,7350.411279971367548569,2829.987024226608809840
893876.945456229150295258,41397.966137386167247314,7523.390907112184322614,2870.495590643054129032
893935.780865587410517037,41363.370985480942181312,7696.232141093874815851,2910.951350224409452494
894109.715703949797898531,41256.650380168954143301,8206.361826273294354905,3030.234519212232044083
894391.148184247780591249,41069.932667792694701348,9028.938996042665166897,3222.198520252928119589
894767.778356629423797131,40793.025909004769346211,10123.755703303930204129,3476.960345680890441145
895223.145675289677456021,40417.190006919488951098,11437.184790965693537146,3781.464107628561578167
895737.348403308307752013,39939.284582435524498578,12905.091406096476930543,4120.284879592577453877
896287.913414052338339388,39365.402140124264406040,14456.650763949170141132,4476.636045021436075331
896850.778374648303724825,38713.166971425125666428,16018.784943953323818278,4833.490239316278348269
897401.343385392334312201,38012.131791451589378994,17520.714364818111789646,5174.678526711354606960
897915.546113410848192871,37302.084838059869071003,18898.012114198689232580,5485.816587560874722840
898370.913432071218267083,36629.496129569750337396,20095.613494558292586589,5754.932807353898169822
898747.543604452861472964,36042.677030748243851122,21069.466175858880887972,5972.737847454175607709
899028.976084750844165683,35586.424094211484771222,21786.839251172819786007,6132.560017656845957390
899202.910923113231547177,35296.943242751578509342,22225.634595445008017123,6230.049202412171325705
899261.746332471491768956,35197.736415473846136592,22373.256832170121924719,6262.800083402584277792
899320.581741829751990736,35097.882144249531847890,22520.467524540752492612,6295.435754904688110400
899494.516580192139372230,34798.914995578539674170,22953.232953591457771836,6391.236899386319237237
899775.949060490122064948,34303.348426888092944864,23645.616522754757170333,6544.063400406274013221
900152.579232871765270829,33617.600147332632332109,24556.585373794034239836,6744.264473075677415181
900607.946551532018929720,32754.702704638173599960,25633.217934732623689342,6979.516169429721230699
901122.149279550649225712,31736.981523972099239472,26814.943946732411859557,7235.905059605717724480
901672.714290294679813087,30597.902356734753993805,28038.432435506270849146,7499.145447324985980231
902235.579250890645198524,29382.445697733957786113,29242.556676595824683318,7755.776901861468104471
902786.144261634675785899,28145.682880986038071569,30372.757637530583451735,7994.171356329365153215
903300.346989653189666569,26949.621703290973528055,31384.169446050709666451,8205.199255740419175709
903755.714308313559740782,25858.747600950850028312,32243.084629079156002263,8382.464750370147157810
904132.344480695202946663,24934.913241966001805849,32926.681262768681335729,8522.108195521888774238
904413.776960993185639381,24232.279971991538332077,33421.315824553043057676,8622.266837952623973251
904587.711799355573020875,23792.909897058088972699,33719.996092859313648660,8682.356162567117280560
904646.547208713833242655,23643.418656460449710721,33819.803319560596719384,8702.366545484181187931
904705.382618072093464434,23493.492456234202109044,33918.988375274166173767,8722.216822141706870752
904879.317456434480845928,23047.749387645886599785,34208.552643625225755386,8779.960282555068260990
905160.749936732463538647,22318.704813101161562372,34665.408176869830640499,8870.397065751203626860
905537.380109114106744528,21328.408840203981526429,35253.937302158992679324,8985.576333197317580925
905992.747427774360403419,20109.683556414234772092,35929.972325142553017940,9115.780406595102249412
906506.950155792990699410,18706.924330325164191891,36645.719560979785455856,9250.723555348658919684
907057.515166537021286786,17175.880778764323622454,37354.974566552351461723,9380.794055850767108495
907620.380127132986672223,15582.049687296146657900,38017.860615361663803924,9498.146276248347930959
908170.945137877017259598,13997.646791701437905431,38604.340771397954085842,9597.462578579030378023
908685.147865895531140268,12497.470190725216525607,39095.939139744266867638,9676.258092290092463372
909140.515184555901214480,11154.214137162050974439,39485.438579222238331567,9734.687138383220371907
909517.145356937544420362,10033.865663870521530043,39774.725655907874170225,9774.908526670913488488
909798.577837235527113080,9191.713054996751452563,39971.326058408521930687,9800.153379016890539788
909972.512675597914494574,8669.276555139405900263,40084.422506237810011953,9813.693002625645021908
910031.348084956174716353,8492.236790124756225850,40121.220461856573820114,9817.915790720417135162
910090.183494314434938133,8315.040757275797659531,40157.280136565095745027,9821.957903395097673638
910264.118332676822319627,7790.314633986808075861,40259.559351279516704381,9832.850285150021591107
910545.550812974805012345,6938.673251299855110119,40411.330385460758407135,9847.124293529768692679
910922.180985356448218226,5794.447205197217044770,40587.808441837245482020,9859.738554963661954389
911377.548304016701877117,4405.258442499699413020,40760.298722529347287491,9865.060160472432471579
911891.751032035332173109,2830.822638545150311984,40901.056093515777320135,9857.996339952740527224
912442.316042779362760484,1140.696461104543232068,40988.034796985928551294,9835.072529459506768035
913005.181003375328145921,-589.067264994046354332,41008.679886923855519854,9795.252913900798375835
913555.746014119358733296,-2280.092181230355890875,40962.053531220270087942,9740.341169619241554756
914069.948742137872613966,-3856.168461488216053112,40858.889636871164839249,9674.877347566978642135
914525.316060798242688179,-5247.453645068258992978,40719.569140366387728136,9605.544763916670490289
914901.946233179885894060,-6393.868306088715144142,40570.409600437669723760,9540.194426517140527721
915183.378713477868586779,-7247.412517416668379155,40438.969312296263524331,9486.661615434095438104
915357.313551840255968273,-7773.428527592169302807,40349.215309790473838802,9451.577169131605842267
915416.148961198516190052,-7951.080511672416832880,40317.385052319834358059,9439.364993432678602403
915474.984370556776411831,-8128.586135258811737003,40284.812647629732964560,9426.979048549701474258
915648.919208919163793325,-8652.457682669870337122,40184.184763514451333322,9389.348550100708962418
915930.351689217146486044,-9497.114685062309945351,40007.680348457506624982,9325.264252694249080378
916306.981861598789691925,-10621.165428950869682012,39745.121090855544025544,9233.362076072380659753
916762.349180259043350816,-11969.429188744707062142,39387.655325455285492353,9112.952143775839431328
917276.551908277673646808,-13475.951543199875231949,38931.814246701644151472,8964.911196766621287679
917827.116919021704234183,-15067.949157417930109659,38383.073435273079667240,8792.432601026783231646
918389.981879617669619620,-16670.384440495538001414,37758.119974292181723285,8601.450369163288996788
918940.546890361700206995,-18210.648323612607782707,37085.268665694609808270,8400.617559350435840315
919454.749618380214087665,-19622.720683916177222272,36402.840710673182911705,8200.810716226145814289
919910.116937040584161878,-20850.246044216852169484,35755.723673968110233545,8014.227261216997248994
920286.747109422227367759,-21848.203737444448051974,35190.669574470026418567,7853.217359678173124848
920568.179589720210060477,-22583.195387504380050814,34751.081908042549912352,7729.029302758274752705
920742.114428082597441971,-23032.707357473969750572,34472.069042444491060451,7650.645147775700024795
920800.949837440857663751,-23183.924416338701121276,34376.431849181099096313,7623.851486254146038846
920859.785246799117885530,-23334.714548525313148275,34280.161621773251681589,7596.917422811882715905
921033.720085161505267024,-23777.971222618001775118,33991.873590982642781455,7516.476110239284935233
921315.152565459487959743,-24487.039330223680735799,33513.847292115657182876,7383.762671932209741499
921691.782737841131165624,-25419.762765389474225231,32852.065974937693681568,7201.299449676685981103
922147.150056501384824514,-26521.797778201300388901,32018.876516688385891030,6973.446636350943663274
922661.352784520015120506,-27730.988280787980329478,31035.624413365905638784,6706.919462463211857539
923211.917795264045707881,-28982.403371557673381176,29934.484284960919467267,6411.095771761361902463
923774.782755860011093318,-30213.446229912682611030,28758.856547090828826185,6097.978707342641428113
924325.347766604041680694,-31368.334391458476602565,27562.009022317331982777,5781.755773071301518939
924839.550494622555561364,-32401.296707272795174504,26404.025451184756093426,5477.986040756140937447
925294.917813282925635576,-33278.054639373112877365,25347.473160230307257734,5202.525327142757305410
925671.547985664568841457,-33975.511280742437520530,24452.425324676994932815,4970.343352326070998970
925952.980465962551534176,-34479.964655042043887079,23771.524907697821618058,4794.389069014286178572
926126.915304324938915670,-34784.480974106743815355,23345.677259322073950898,4684.628141563444842177
926185.750713683199137449,-34886.221909235704515595,23200.775360735518916044,4647.328670819616490917
926244.586123041459359229,-34987.320184494958084542,23055.446066851636715000,4609.943582501742639579
926418.520961403846740723,-35282.420302628997887950,22623.336257374656270258,4498.928193350302535691
926699.953441701829433441,-35747.850548933696700260,21916.483865602916921489,4317.775104880504841276
927076.583614083472639322,-36347.109089026918809395,20956.130359324844903313,4072.510835867356036033
927531.950932743726298213,-37034.964864560351998080,19773.950887561346462462,3771.883994675678422936
928046.153660762356594205,-37762.527566974640649278,18412.865748088799591642,3427.428201098471163277
928596.718671506387181580,-38482.611415323015535250,16926.859840753299067728,3053.280066169186284242
929159.583632102352567017,-39154.600392505293712020,15379.447172379641415318,2665.685907991316071275
929710.148642846383154392,-39748.043252515999483876,13840.743638097206712700,2282.208381360390376358
930224.351370864897035062,-40244.399201435800932813,12383.449455589030549163,1920.720117065259046285
930679.718689525267109275,-40636.698021775831875857,11078.284311493960558437,1598.320413829167137010
931056.348861906910315156,-40927.294184255617437884,9989.492463673866950558,1330.318010672322998289
931337.781342204893007874,-41124.277214735629968345,9170.936346535590928397,1129.389445322471829058
931511.716180567280389369,-41237.355293680178874638,8663.085546397225698456,1004.965264497991256576
931570.551589925540611148,-41274.102965571619279217,8490.979452599720389117,962.839754427368802681
931629.386999283800832927,-41310.090078369699767791,8318.716895278832453187,920.696500761526067436
931803.321837646188214421,-41412.024506810674211010,7808.573604545733360283,796.012342290749302265
932084.754317944170907140,-41562.825427699077408761,6980.516832490617161966,594.006365337305396679
932461.384490325814113021,-41737.208630213193828240,5867.817522343719247147,323.292768019251013811
932916.751808986067771912,-41905.950624609424266964,4516.662204059119176236,-4.322365899268561407
933430.954537004698067904,-42040.881131296097009908,2985.016006026822196873,-374.242315629013489797
933981.519547748728655279,-42119.755827976820000913,1340.457245929763757886,-769.723918681679037945
934544.384508344694040716,-42130.136167798555106856,-343.057368279863567295,-1172.751909945063744090
935094.949519088724628091,-42071.550554521629237570,-1989.243423846748555661,-1565.063965836223815131
935609.152247107238508761,-41955.521831714067957364,-3523.860384022477319377,-1929.197281190353351121
936064.519565767608582973,-41803.457226061625988223,-4878.812977748280900414,-2249.415160992396522488
936441.149738149251788855,-41642.809283497525029816,-5995.477558227891677234,-2512.403421167420219717
936722.582218447234481573,-41502.230169878988817800,-6826.982654291907238076,-2707.690518786276243191
936896.517056809621863067,-41406.593053835582395550,-7339.463931300169861061,-2827.818871637987285794
936955.352466167882084846,-41372.732357668435724918,-7512.553008971333838417,-2868.351495898281427799
937014.187875526142306626,-41338.109152605014969595,-7685.503628575986112992,-2908.831251854062884377
937188.122713888529688120,-41231.299817890336271375,-8195.956229052018898074,-3028.184982552019391733
937469.555194186512380838,-41044.420204697657027282,-9019.053973707063050824,-3220.261849421178339981
937846.185366568155586720,-40767.261411500388931017,-10114.562225356490671402,-3475.171861366861776332
938301.552685228409245610,-40391.067040139481832739,-11428.816700278919597622,-3779.849746106568545656
938815.755413247039541602,-39912.686899091051600408,-12897.636636812645519967,-4118.859442556928115664
939366.320423991070128977,-39338.215429699303058442,-14450.145874854883004446,-4475.402466326165267674
939929.185384587035514414,-38685.294000922927807551,-16013.214415086575172609,-4832.440128570161505195
940479.750395331066101789,-37983.508116742050333414,-17516.015232812875183299,-5173.794002381560858339
940993.953123349579982460,-37272.692001178926147986,-18894.083241748441650998,-5485.073095834877676680
941449.320442009950056672,-36599.369793197300168686,-20092.327551808652060572,-5754.302353385008245823
941825.950614391593262553,-36011.908637224703852553,-21066.681734683224931359,-5972.191949606846719689
942107.383094689575955272,-35555.155952334993344266,-21784.410522110720194178,-6132.071781151374125329
942281.317933051963336766,-35265.358011835713114124,-22223.417217718295432860,-6229.594167694069255958
942340.153342410223558545,-35166.042538124900602270,-22371.109441588509071153,-6262.355851009969228471
942398.988751768483780324,-35066.078929343624622561,-22518.389350067649502307,-6295.002106087506035692
942572.923590130871161819,-34766.784566165915748570,-22951.354833965520811034,-6390.833247431836753094
942854.356070428853854537,-34270.676303066516993567,-23644.047313260314695071,-6543.704131436123134336
943230.986242810497060418,-33584.180530260608065873,-24555.399989482131786644,-6743.956372586269026215
943686.353561470750719309,-32720.347234326756733935,-25632.449496189441561000,-6979.256984544743318111
944200.556289489381015301,-31701.531058481377840508,-26814.581498582469066605,-7235.683533164766231494
944751.121300233411602676,-30561.240092455700505525,-28038.425070361492544180,-7498.942955067369439348
945313.986260829376988113,-29344.509152450609690277,-29242.823794270963844610,-7755.570523649794267840
945864.551271573407575488,-28106.472213557008217322,-30373.203733424186793854,-7993.937884642220524256
946378.753999591921456158,-26909.202605207585293101,-31384.700679155735997483,-8204.919394514548912412
946834.121318252291530371,-25817.248296225145168137,-32243.623893887939630076,-8382.126677883059528540
947210.751490633934736252,-24892.516472933915792964,-32927.178792254831932951,-8521.709790176704700571
947492.183970931917428970,-24189.211727586418419378,-33421.753383220144314691,-8621.816153676350950263
947666.118809294304810464,-23749.426783816979877884,-33720.384237779857357964,-8681.870098208910349058
947724.954218652565032244,-23599.795283636514795944,-33820.172611749156203587,-8701.867983800877482281
947783.789628010825254023,-23449.728876596098416485,-33919.337733489002857823,-8721.705495818043345935
947957.724466373212635517,-23003.571712420369294705,-34208.836746875618700869,-8779.409659720997296972
948239.156946671195328236,-22273.858868766688829055,-34665.566680216550594196,-8869.777938368179093231
948615.787119052838534117,-21282.673512132034375099,-35253.889069957302126568,-8984.856078730510489549
949071.154437713092193007,-20062.883615674363682047,-35929.615317230585787911,-9114.923610724301397568
949585.357165731722488999,-18658.941307643734035082,-36644.937177957013773266,-9249.694136786838498665
950135.922176475753076375,-17126.660017282621993218,-37353.647900095311342739,-9379.558683747138275066
950698.787137071718461812,-15531.601932279147149529,-38015.884647653139836621,-9496.678533376203631633
951249.352147815749049187,-13946.043623384668535437,-38601.641522385994903743,-9595.747099254154818482
951763.554875834262929857,-12444.834006252269318793,-39092.488429366996570025,-9674.293871041625607177
952218.922194494633004069,-11100.704730807427040418,-39481.263581320265075192,-9732.489377976777177537
952595.552366876276209950,-9979.666221889381631627,-39769.911581627799023408,-9772.508708434192158165
952876.984847174258902669,-9137.018279630936376634,-39966.011697706984705292,-9797.597581319425444235
953050.919685536646284163,-8614.284711484619037947,-40078.789533836112241261,-9811.038757401900511468
953109.755094894906505942,-8437.146067553998364019,-40115.478121407701110002,-9815.227900369367489475
953168.590504253166727722,-8259.851979934179325937,-40151.427632307306339499,-9819.236196797257434810
953342.525342615554109216,-7734.840862962273604353,-40253.376576690323418006,-9830.027623971587672713
953623.957822913536801934,-6882.754173113499746250,-40404.599024207935144659,-9844.135266507117194124
954000.587995295180007815,-5737.963877879109531932,-40580.316575777338584885,-9856.521358587426220765
954455.955313955433666706,-4348.143464821959241817,-40751.849440511658031028,-9861.559294634447724093
954970.158041974063962698,-2773.064076349315655534,-40891.479734248721797485,-9854.165964554989841417
955520.723052718094550073,-1082.334542610710514055,-40977.203122580736817326,-9830.880020499393140199
956083.588013314059935510,647.950482770645521668,-40996.519572037112084217,-9790.681971734858962009
956634.153024058090522885,2339.388514352475795022,-40948.556206895387731493,-9735.393844256333977683
957148.355752076604403555,3915.761738207367216091,-40844.116429048001009505,-9669.574561501794960350
957603.723070736974477768,5307.236731534499085683,-40703.648937545192893595,-9599.925255295542228851
957980.353243118617683649,6453.755740764168876922,-40553.531678339306381531,-9534.312374596858717268
958261.785723416600376368,7307.346550377234962070,-40421.371924123726785183,-9480.583422513987898128
958435.720561778987757862,7833.377880947097764874,-40331.172124485688982531,-9445.377896080100981635
958494.555971137247979641,8011.032711875444874750,-40299.190926316761760972,-9433.124801416437549051
958553.391380495508201420,8188.540000619625061518,-40266.467522872168046888,-9420.697960448245794396
958727.326218857895582914,8712.409555472551801358,-40165.392991080159845296,-9382.946717090455422294
959008.758699155878275633,9557.041428418251598487,-39988.165586881150375120,-9318.667667805708333617
959385.388871537521481514,10681.016177847106519039,-39724.639757389588339720,-9226.506442582349336590
959840.756190197775140405,12029.123443020354898181,-39366.010019129491411150,-9105.786506808848571382
960354.958918216405436397,13535.384588292312400881,-38908.865752737052389421,-8957.400951819230613182
960905.523928960436023772,15127.004330680640123319,-38358.749365575378760695,-8784.561402685638313415
961468.388889556401409209,16728.950225051990855718,-37732.418207504830206744,-8593.220539585219739820
962018.953900300431996584,18268.637071535682480317,-37058.254611532385752071,-8392.048848517399164848
962533.156628318945877254,19680.085336216761788819,-36374.638789390024612658,-8191.937621776818559738
962988.523946979315951467,20906.991682020325242775,-35726.504774853041453753,-8005.095446708413874148
963365.154119360959157348,21904.391988779589155456,-35160.637111111202102620,-7843.879890668378720875
963646.586599658941850066,22638.941196798969031079,-34720.459108255257888231,-7719.543383682012063218
963820.521438021329231560,23088.168932793330895947,-34441.089318664802704006,-7641.069807181292162568
963879.356847379589453340,23239.288014595025742892,-34345.332803874305682257,-7614.246309511385334190
963938.192256737849675119,23389.979253702109417645,-34248.943980562988144811,-7587.282620721803141350
964112.127095100237056613,23832.938273243591538630,-33960.309656881152477581,-7506.754975087299499137
964393.559575398219749331,24541.508336984483321430,-33481.737066033594601322,-7373.905882396070410323
964770.189747779862955213,25473.534586093177495059,-32819.252921914230682887,-7191.269178669257598813
965225.557066440116614103,26574.682126116724248277,-31985.259121111932472559,-6963.219430895738696563
965739.759794458746910095,27782.815828238035464892,-31001.161838857882685261,-6696.487470010060860659
966290.324805202777497470,29033.040631747320730938,-29899.195011403575335862,-6400.466072036503646814
966853.189765798742882907,30262.810443993021181086,-28722.809947826444840757,-6087.170815009810212359
967403.754776542773470283,31416.405385955171368551,-27525.311252566498296801,-5770.797740105730554205
967917.957504561287350953,32448.123326487788290251,-26366.802303640495665604,-5466.909895891771157039
968373.324823221657425165,33323.754658174308133312,-25309.853239271600614302,-5191.362732980518558179
968749.954995603300631046,34020.265165561737376265,-24414.526732630074548069,-4959.122285203352475946
969031.387475901283323765,34524.004633528791600838,-23733.447682904268731363,-4783.132059631065203575
969205.322314263670705259,34828.077275601455767173,-23307.502381800084549468,-4673.352244262254316709
969264.157723621930927038,34929.667760614807775710,-23162.569663266091083642,-4636.046960244131696527
969322.993132980191148818,35030.615413445761078037,-23017.210669698735728161,-4598.656349858997600677
969496.927971342578530312,35325.269329962495248765,-22585.019620461625891039,-4487.626339278344858030
969778.360451640561223030,35789.975208970150561072,-21878.056594505891553126,-4306.454984904424236447
970154.990624022204428911,36388.261303317696729209,-20917.595379931375646265,-4061.176687804669199977
970610.357942682458087802,37074.939912365218333434,-19735.347412235347292153,-3760.548750147137070599
971124.560670701088383794,37801.176626593151013367,-18374.265950965283991536,-3416.112431444793855917
971675.125681445118971169,38519.851354724363773130,-16888.358535681305511389,-3042.009180321972962702
972237.990642041084356606,39190.418772111268481240,-15341.146270591838401742,-2654.486097792816053698
972788.555652785114943981,39782.497283568729471881,-13802.734352270770614268,-2271.102095284984443424
973302.758380803628824651,40277.608748419013863895,-12345.795723944569544983,-1909.721944580545823555
973758.125699463998898864,40668.834148838133842219,-11041.010563339294094476,-1587.434146596683831376
974134.755871845642104745,40958.565682890497555491,-9952.577777497757779201,-1319.535359724850877683
974416.188352143624797463,41154.917676166282035410,-9134.315656383152600029,-1118.690539433009462300
974590.123190506012178957,41267.612603644891350996,-8626.657276699355861638,-994.320744450082543153
974648.958599864272400737,41304.231898335521691479,-8454.618095220694158343,-952.214077301915722273
974707.794009222532622516,41340.091267031762981787,-8282.423363479330873815,-910.089889769798446650
974881.728847584920004010,41441.651819420127139892,-7772.485873417101174709,-785.463387439552207070
975163.161327882902696729,41591.860128758700739127,-6944.778532314233416400,-583.554705007697293695
975539.791500264545902610,41765.475297559183673002,-5832.577666359834438481,-312.978795100039974386
975995.158818924799561501,41933.329287699270935263,-4482.069997434146898740,14.458991488644983292
976509.361546943429857492,42067.313954103527066763,-2951.210806470083298336,384.165305293593632996
977059.926557687460444868,42145.247102030611131340,-1307.555192688353599806,779.403743223805690832
977622.791518283425830305,42154.745381755368725862,374.977465369844139786,1182.169281107622282434
978173.356529027456417680,42095.379669672627642285,2020.152003364858273926,1574.212690034298702813
978687.559257045970298350,41978.699184026045259088,3553.784446352609847963,1938.085911788975408854
979142.926575706340372562,41826.121221379529742990,4907.837552186038010404,2258.067177112797708105
979519.556748087983578444,41665.094972939463332295,6023.741453587399519165,2520.855999414473444631
979800.989228385966271162,41524.260926074399321806,6854.669690081055705377,2715.992217606204121694
979974.924066748353652656,41428.478225043116253801,7366.791296022865935811,2836.026644399636097660
980033.759476106613874435,41394.570362735343223903,7539.758215518936594890,2876.527392250990942557
980092.594885464874096215,41359.901045236212667078,7712.586440786314597062,2916.975222306732121069
980266.529723827261477709,41252.961563254328211769,8222.675910056768771028,3036.234301800393041049
980547.962204125244170427,41065.890973108733305708,9045.182457247083220864,3228.157283926036598132
980924.592376506887376308,40788.514660587461548857,10139.893962667834784952,3482.860294490624255559
981379.959695167141035199,40412.115616764283913653,11453.179619553213342442,3787.287011302378232358
981894.162423185771331191,39933.581045263737905771,12920.903096128793549724,4126.013075322233817133
982444.727433929801918566,39359.033872651612909976,14472.241747785523330094,4482.253917715581337688
983007.592394525767304003,38706.129735404174425639,16034.124336947692427202,4838.985972013459104346
983558.157405269797891378,38004.451658767684421036,17535.782681736298400210,5180.045836558378141490
984072.360133288311772048,37293.815419827231380623,18912.805332684853055980,5491.056144791135920968
984527.727451948681846261,36620.714525603711081203,20110.145727331331727328,5760.053077519164617115
984904.357624330325052142,36033.479088714724639431,21083.770438707815628732,5977.755187569909139711
985185.790104628307744861,35576.919556849534274079,21800.966118138960155193,6137.497971216395853844
985359.724942990695126355,35287.251210858245030977,22239.648848045060731238,6234.937051014703683904
985418.560352348955348134,35187.981312591582536697,22387.232480839113122784,6267.670805166572790768
985477.395761707215569913,35088.064149805766646750,22534.404312195933016483,6300.289260226857550151
985651.330600069602951407,34788.912135559934540652,22967.053360124438768253,6396.038986891389868106
985932.763080367585644126,34293.049866608576849103,23659.243923006375553086,6548.780660528245789465
986309.393252749228850007,33606.912665446070604958,24569.945521960806217976,6748.865111799738770060
986764.760571409482508898,32743.555777749243134167,25646.241530573308409657,6983.971183217426187184
987278.963299428112804890,31725.330578208202496171,26827.570274629655614262,7240.189740025762148434
987829.528310172143392265,30585.729911067035573069,28050.613751052627776517,7503.241081495032631210
988392.393270768108777702,29369.760371747070166748,29254.262759680972521892,7759.672448519257159205
988942.958281512139365077,28132.516532676294445992,30383.979799950629967498,7997.864839933166877017
989457.161009530653245747,26936.025235728659026790,31394.923305993695976213,8208.698641332715851604
989912.528328191023319960,25844.786156449987174710,32253.411131328979536192,8385.788132056537506287
990289.158500572666525841,24920.661533326547214529,32936.645680795671069063,8525.283229704586119624
990570.590980870649218559,24217.818367085295903962,33431.004759424919029698,8625.329452119771303842
990744.525819233036600053,23778.321606667821470182,33729.512722588289761916,8685.348649549330730224
990803.361228591296821833,23628.788043075765017420,33829.261317320597299840,8705.335201658053847495
990862.196637949557043612,23478.819788967979548033,33928.387567010540806223,8725.161592874623238458
991036.131476311944425106,23032.953977916284202365,34217.776979983827914111,8782.834125630361086223
991317.563956609927117825,22303.715847990006295731,34674.346461251850996632,8873.155171448937835521
991694.194128991570323706,21313.170731329344562255,35262.486906850463128649,8988.177743556700079353
992149.561447651823982596,20094.159573406890558545,35938.043410839854914229,9118.189754452294437215
992663.764175670454278588,18691.098114702894235961,36653.239631279298919253,9252.912843143167265225
993214.329186414484865963,17159.755616983595245983,37361.892955852083105128,9382.744317852400854463
993777.194147010450251400,15565.645753255616000388,38024.152360556079656817,9499.848925568276172271
994327.759157754480838776,13980.996891303657321259,38610.009301784644776490,9598.920247477302837069
994841.961885772994719446,12480.614782503362221178,39101.017340791207971051,9677.484829864000857924
995297.329204433364793658,11137.196500874984849361,39489.988005430881457869,9735.707916514556927723
995673.959376815007999539,10016.728013160523914848,39778.833918260563223157,9775.758096367682810524
995955.391857112990692258,9174.494154697620615480,39975.102622782353137154,9800.874589174945867853
996129.326695475378073752,8652.011062182997193304,40087.993264765231288038,9814.334726627677810029
996188.162104833638295531,8474.956164728322619339,40124.721472389479458798,9818.530603583654738031
996246.997514191898517311,8297.745317399901978206,40160.711334563660784625,9822.545793776776918094
996420.932352554285898805,7772.977260186559760768,40262.783797799485910218,9833.358523182509088656
996702.364832852268591523,6921.273934887669383897,40414.219215066106698941,9847.503483278387648170
997078.995005233911797404,5776.976458623332291609,40590.246245975744386669,9859.944803125124963117
997534.362323894165456295,4387.718928784996933246,40762.188781320815905929,9865.057115197161692777
998048.565051912795752287,2813.228716408823856909,40902.325153525263885967,9857.756973382065552869
998599.130062656826339662,1123.071697057496521666,40988.636978114169323817,9834.580508907749390346
999161.995023252791725099,-606.694201530223608643,41008.599283652081794571,9794.503414769045775756
999712.560033996822312474,-2297.692520866459744866,40961.305175003653857857,9739.341033792179587181
1000226.762762015336193144,-3873.718344112004160706,40857.518686307077587117,9673.644573448433220619
1000682.130080675706267357,-5264.938242601205274696,40717.648405184532748535,9604.107404566848344984
1001058.760253057349473238,-6411.284337104318183265,40568.035710546399059240,9538.589042717321717646
1001340.192733355332165956,-7264.768734010373918863,40436.257954039421747439,9484.931459976540281787
1001514.127571717719547451,-7790.744119950379172224,40346.295944867924845312,9449.770261185272829607
1001572.962981075979769230,-7968.381731532151206920,40314.395431152675882913,9437.532188211906031938
1001631.798390434239991009,-8145.872664116740452300,40281.752825103074428625,9425.120379760233845445
1001805.733228796627372503,-8669.698920607012041728,40180.917738494536024518,9387.413622676438535564
1002087.165709094610065222,-9514.276768648343932000,40004.079187773306330200,9323.206600270634226035
1002463.795881476253271103,-10638.210278870496040327,39741.075161943037528545,9231.141549440771996160
1002919.163200136506929994,-11986.315133331365359481,39383.075745052301499527,9110.536939413532309118
1003433.365928155137225986,-13492.635674169780031662,38926.638155018939869478,8962.279371815424383385
1003983.930938899167813361,-15084.391201642061787425,38377.266726790650864132,8789.572944502422615187
1004546.795899495133198798,-16686.551588977898063604,37751.678231457924994174,8598.362556584719641251
1005097.360910239163786173,-18226.520221551338181598,37078.216245586248987820,8397.311604500786415883
1005611.563638257677666843,-19638.293707827695470769,36395.228182850281882565,8197.305830495050031459
1006066.930956918047741055,-20865.536088263237616047,35747.624030629376647994,8010.550311066415815731
1006443.561129299690946937,-21863.246971698059496703,35182.173762892576633021,7849.401151514881348703
1006724.993609597673639655,-22598.046773602578468854,34742.294229220788110979,7725.110909019153950794
1006898.928447960061021149,-23047.437040049688221188,34463.102821691289136652,7646.664422343233127322
1006957.763857318321242929,-23198.612393622068339027,34367.405559538332454395,7619.849820886576708290
1007016.599266676581464708,-23349.360549952649307670,34271.075429327713209204,7592.894891175557859242
1007190.534105038968846202,-23792.491556245735409902,33982.611290096378070302,7512.392326263096038019
1007471.966585336951538920,-24501.351386729631485650,33504.303208993464068044,7379.581175496507057687
1007848.596757718594744802,-25433.786670158755441662,32842.151101604562427383,7196.989951422589001595
1008303.964076378848403692,-26535.459174390154657885,32008.523347295184066752,6968.986727082335164596
1008818.166804397478699684,-27744.222228628634184133,31024.790063446991553064,6702.295629654353433580
1009368.731815141509287059,-28995.159015512861515163,29923.151629012401826913,6406.303637656155842706
1009931.596775737474672496,-30225.691616918968065875,28747.033340639751259005,6093.022501105882838601
1010482.161786481505259871,-31380.060688003348332131,27549.725249777744465973,5776.647158701350235788
1010996.364514500019140542,-32412.521092143251735251,26391.329399567919608671,5472.742518822023157554
1011451.731833160389214754,-33288.821327801815641578,25334.426891144452383742,5197.168486067048434052
1011828.362005542032420635,-33985.890409207764605526,24439.100249828450614586,4964.897246105241720215
1012109.794485840015113354,-34490.049050242632802110,23757.998050814851012547,4788.878940141046768986
1012283.729324202402494848,-34794.381079644343117252,23332.028538696515170159,4679.079603941236200626
1012342.564733560662716627,-34896.059314250756870024,23187.085914567815052578,4641.767342875410577108
1012401.400142918922938406,-34997.094707650809141342,23041.716147246181208175,4604.369566676265094429
1012575.334981281310319901,-35292.007879192133259494,22609.488167839979723794,4493.317269729145664314
1012856.767461579293012619,-35757.132381247662124224,21902.449302134737081360,4312.106378938310626836
1013233.397633960936218500,-36355.975653301902639214,20941.855511519341234816,4066.768497668296731717
1013688.764952621189877391,-37043.320431004976853728,19759.399925359306507744,3766.058448545104056393
1014202.967680639820173383,-37770.295049536667647772,18398.022309853564365767,3421.516428416060989548
1014753.532691383850760758,-38489.737123321807303000,16911.726402765427337727,3047.285193566277030186
1015316.397651979816146195,-39161.058103370378375985,15364.042491289101235452,2659.616076894229536265
1015866.962662723846733570,-39753.837011961833923124,13825.098762479425204219,2276.075130164451365999
1016381.165390742360614240,-40249.564389220853627194,12367.603032646364226821,1914.536568488899092699
1016836.532709402730688453,-40641.300455660471925512,11062.278010387117319624,1592.099586386242435765
1017213.162881784373894334,-40931.427299566392321140,9973.367268491479990189,1324.071536564860480212
1017494.595362082356587052,-41128.057577819898142479,9154.730251880884679849,1123.126885092647853526
1017668.530200444743968546,-41240.916836375152342953,8646.832867105753393844,998.694082344427556563
1017727.365609803004190326,-41277.590358042769366875,8474.711607552808345645,956.565884348650229185
1017786.201019161264412105,-41313.503256259260524530,8302.434184224930504570,914.420058372823177706
1017960.135857523651793599,-41415.217921346411458217,7792.248700745096357423,789.728971962434684428
1018241.568337821634486318,-41565.662182129097345751,6964.129230320650094654,587.713929185255892662
1018618.198510203277692199,-41739.566232289449544623,5851.356827461377179134,316.992351123595710760
1019073.565828863531351089,-41907.726555847497365903,4500.129738247098430293,-10.626078056553012630
1019587.768556882161647081,-42041.997908131357689854,2968.424436181688179204,-380.541383747396082526
1020138.333567626192234457,-42120.165112951508490369,1323.828280488661448544,-776.008185869000044477
1020701.198528222157619894,-42129.821474642820248846,-359.696827492424972661,-1179.010562705595930311
1021251.763538966188207269,-42070.528202826259075664,-2005.865998768643748917,-1571.287351103632772720
1021765.966266984702087939,-41953.840021418749529403,-3540.442965071853905101,-1935.378656945748616636
1022221.333585645072162151,-41801.193356266478076577,-4895.340650868321972666,-2255.552066961448417715
1022597.963758026715368032,-41640.065855693450430408,-6011.946028427471901523,-2518.498424984123630566
1022879.396238324698060751,-41499.129729365864477586,-6843.398764119634506642,-2713.751204801420954027
1023053.331076687085442245,-41403.272610989763052203,-7355.844217846953142725,-2833.857069152822987235
1023112.166486045345664024,-41369.337615774798905477,-7528.920580397762932989,-2874.381866082711439958
1023171.001895403605885804,-41334.640174190484685823,-7701.858183216900215484,-2914.853683556016676448
1023344.936733765993267298,-41227.611753282697463874,-8212.270540438556054141,-3034.183297162552662485
1023626.369214063975960016,-41040.378924096417904366,-9035.297607236256226315,-3226.219096937360973243
1024002.999386445619165897,-40762.750126976592582650,-10130.700561752262728987,-3481.070222774982539704
1024458.366705105872824788,-40385.992075171947362833,-11444.811458224834495923,-3785.670966025525558507
1024972.569433124503120780,-39906.982189114518405404,-12913.448047104984652833,-4124.585832552346801094
1025523.134443868533708155,-39331.845365146356925834,-14465.736306024291479844,-4481.018387621640613361
1026085.999404464499093592,-38678.254351065901573747,-16028.552925140351362643,-4837.933745451423419581
1026636.564415208529680967,-37975.824992189991462510,-17531.082295115244050976,-5179.159021133583337360
1027150.767143227043561637,-37264.419077364553231746,-18908.874816669038409600,-5490.310186061364220222
1027606.134461887413635850,-36590.584252402215497568,-20106.857764247350132791,-5759.419991513122113247
1027982.764634269056841731,-36002.706420064438134432,-21080.983643624953401741,-5977.206515025565749966
1028264.197114567039534450,-35545.646898659651924390,-21798.534773465446050977,-6137.006849981803497940
1028438.131952929426915944,-35255.661319756734883413,-22237.428687821466155583,-6234.479062167042684450
1028496.967362287687137723,-35156.282727311503549572,-22385.082250440333154984,-6267.223594935159781016
1028555.802771645947359502,-35056.256179695439641364,-22532.323240151719801361,-6299.852609745732479496
1028729.737610008334740996,-34756.776813988835783675,-22965.172169688528811093,-6395.632262174431161839
1029011.170090306317433715,-34260.372638103908684570,-23657.671354677513591014,-6548.418201729115935450
1029387.800262687960639596,-33573.487677456228993833,-24568.756379079233738594,-6748.553661141028896964
1029843.167581348214298487,-32709.194643648199416930,-25645.468829698118497618,-6983.708449202461451932
1030357.370309366844594479,-31689.874158228569285711,-26827.202970671354705701,-7239.964433930207633239
1030907.935320110875181854,-30549.061430288347764872,-28050.600868908550182823,-7503.034557046307782002
1031470.800280706840567291,-29331.817396965092484606,-29254.523660724422370549,-7759.461775228583064745
1032021.365291450871154666,-28093.299282965122984024,-30384.418975736480206251,-7997.626812853648516466
1032535.568019469385035336,-26895.599463655067665968,-31395.446948524604522390,-8208.413980045841526589
1032990.935338129755109549,-25803.280138440593873383,-32253.942203777158283629,-8385.445042568955614115
1033367.565510511398315430,-24878.258048643940128386,-32937.134516287209407892,-8524.879628364546078956
1033648.997990809381008148,-24174.743423201103723841,-33431.433247842483979184,-8624.873438659826206276
1033822.932829171768389642,-23734.831811642514367122,-33729.891564402787480503,-8684.857174030725218472
1033881.768238530028611422,-23585.157995786546962336,-33829.621227612551592756,-8704.831201153785514180
1033940.603647888288833201,-23435.049542857952474151,-33928.727464534786122385,-8724.644800107294940972
1034114.538486250676214695,-22988.769663794988446170,-34218.051389637104875874,-8782.277954930703344871
1034395.970966548658907413,-22258.863321868288039695,-34674.494894540359382518,-8872.530365310654815403
1034772.601138930302113295,-21267.428922022125334479,-35262.428102445781405549,-8987.451637125090201152
1035227.968457590555772185,-20047.353309736845403677,-35937.675227988132974133,-9117.326900802268937696
1035742.171185609186068177,-18643.108995771581248846,-36652.445401404031144921,-9251.877140110849722987
1036292.736196353216655552,-17110.529057482133794110,-37360.553737198933959007,-9381.502426541286695283
1036855.601156949182040989,-15515.192563173666712828,-38022.163138948795676697,-9498.374433454102472751
1037406.166167693212628365,-13929.388698093265702482,-38607.296135723430779763,-9597.197804994533726131
1037920.368895711726509035,-12427.974003735109363333,-39097.552118347470241133,-9675.513456718077577534
1038375.736214372096583247,-11083.682918353628338082,-39485.797990767379815225,-9733.502846795738150831
1038752.366386753739789128,-9962.524765891221250058,-39774.004427156956808176,-9773.350846016835930641
1039033.798867051722481847,-9119.795865412817875040,-39969.772557324373337906,-9798.311272199443919817
1039207.733705414109863341,-8597.015890579532424454,-40082.344414592909743078,-9811.672910291865264298
1039266.569114772370085120,-8419.862178113115078304,-40118.963196523829537909,-9815.835124946384894429
1039325.404524130746722221,-8242.553340415757702431,-40154.842837693526234943,-9819.816481902224040823
1039499.339362493134103715,-7717.500482786652355571,-40256.584864184289472178,-9830.528207584024130483
1039780.771842791116796434,-6865.352171924874710385,-40407.471434200342628174,-9844.506725819604980643
1040157.402015172760002315,-5720.490893404924463539,-40582.737628995855629910,-9856.719781541463817121
1040612.769333833013661206,-4330.602277237730959314,-40753.722375714671215974,-9861.548320569891075138
1041126.972061851643957198,-2755.469146007070776250,-40892.731288443334051408,-9853.918567240931224660
1041677.537072595674544573,-1064.709513457211642162,-40977.787436296595842578,-9830.379878320483840071
1042240.402033191639930010,665.576896396079291662,-40996.420784954549162649,-9789.924278222501015989
1042790.967043935670517385,2356.987536903562613588,-40947.789411515463143587,-9734.385463112372235628
1043305.169771954184398055,3933.309545051116401737,-40842.726850662766082678,-9668.333512903254813864
1043760.537090614554472268,5324.718570737318259489,-40701.709448561465251260,-9598.479610669794055866
1044137.167262996197678149,6471.168443283910164610,-40551.138960060408862773,-9532.698707333163838484
1044418.599743294180370867,7324.699010052682751848,-40418.641699414038157556,-9478.844991312920683413
1044592.534581656567752361,7850.689450900938027189,-40328.233877180769923143,-9443.562719885549086030
1044651.369991014827974141,8028.329819438057711523,-40296.182418695607339032,-9431.283730953575286549
1044710.205400373088195920,8205.822327252137256437,-40263.388810486263537314,-9418.831029660675994819
1044884.140238735475577414,8729.646325177425751463,-40162.107070034675416537,-9381.003538648230460240
1045165.572719033458270133,9574.198613192580523901,-39984.545532554540841375,-9316.601786522369366139
1045542.202891415101476014,10698.055553368723849417,-39720.574961942496884149,-9224.277725204230591771
1045997.570210075471550226,12046.003220261671231128,-39361.411641471015173011,-9103.363170613720285473
1046511.772938093985430896,13552.061776494814694161,-38903.670989799356902950,-8954.761078231787905679
1047062.337948838132433593,15143.438614326560127665,-38352.924176296757650562,-8781.693805831690042396
1047625.202909433981403708,16745.108794853364088340,-37725.958236928352562245,-8590.124917418595941854
1048175.767920178128406405,18284.499612726922350703,-37051.184266884076350834,-8388.735230890752063715
1048689.970648196758702397,19695.648300372817175230,-36367.008668429771205410,-8188.425226624551214627
1049145.337966857012361288,20922.271065653978439514,-35718.387869414102169685,-8001.411135477707830432
1049521.968139238655567169,21919.424083085323218256,-35152.124336932247388177,-7840.056452620510754059
1049803.400619536638259888,22653.781095630965864984,-34711.654705307839321904,-7715.617862913571116223
1049977.335457898909226060,23102.886918405420146883,-34432.106527275624102913,-7637.082020280330652895
1050036.170867257285863161,23253.964224865841970313,-34336.289996550789510366,-7610.237605188872294093
1050095.006276615429669619,23404.613418521174025955,-34239.841323910259234253,-7583.253072812291065929
1050268.941114977700635791,23847.446567214246897493,-33951.031052865764650051,-7502.664242861586899380
1050550.373595275683328509,24555.808034059849887853,-33472.176949696484371088,-7369.717550769782974385
1050927.003767657326534390,25487.545721148362645181,-32809.322393906535580754,-7186.953002075798394799
1051382.371086317580193281,26588.330284901898266980,-31974.890779850342369173,-6958.753040897872779169
1051896.573814336210489273,27796.036049937694770051,-30990.312893054870073684,-6691.857389246875754907
1052447.138825080357491970,29045.782075068324047606,-29887.848409315934986807,-6395.667949358353325806
1053010.003785676090046763,30275.041200013994966866,-28710.973490972402942134,-6082.208894816352767521
1053560.568796420237049460,31428.116686359229788650,-27513.014936928484530654,-5765.683688172426627716
1054074.771524438867345452,32459.332425673273974098,-26354.094389785623206990,-5461.661200173584802542
1054530.138843099121004343,33334.505847064378031064,-25296.795724426072411006,-5186.000955262795287126
1054906.769015480764210224,34030.628648342055385001,-24401.190929689379117917,-4953.671440354572951037
1055188.201495778746902943,34534.073292201072035823,-23719.910488451809214894,-4777.617340887318277964
1055362.136334141017869115,34837.961596369721519295,-23293.843566254898178158,-4667.799208945169084473
1055420.971743499394506216,34939.489365913621440995,-23148.870204449922312051,-4630.481165814798259817
1055479.807152857771143317,35040.374122632543731015,-23003.470819804344500881,-4593.077898770410683937
1055653.741991220042109489,35334.841054484306368977,-22571.161844582660705782,-4482.011072749491177092
1055935.174471518024802208,35799.241140528036339674,-21864.012740580878016772,-4300.782065557140413148
1056311.804643899668008089,36397.111926607190980576,-20903.311772828550601844,-4055.430356090491386567
1056767.171962559921666980,37083.279527337006584276,-19720.788333136089931941,-3754.719451255186868366
1057281.374690578551962972,37808.928195850552583579,-18359.415118511864420725,-3410.197175628164586669
1057831.939701322698965669,38526.961248551444441546,-16873.218470125713793095,-3036.011109322255379084
1058394.804661918431520462,39196.860831475452869199,-15325.735733643528874381,-2648.413353675493453920
1058945.369672662578523159,39788.275609289681597147,-13787.084359479331396869,-2264.966203160242457670
1059459.572400681208819151,40282.758756801064009778,-12329.944855585063123726,-1903.536001676036221397
1059914.939719341462478042,40673.421668296665302478,-11025.000394377166230697,-1581.211136259329805398
1060291.569891723105683923,40962.684130206638656091,-9936.449178212027618429,-1313.286872130614028720
1060573.002372021088376641,41158.683571007815771736,-9118.106495141906634672,-1112.426088822736119255
1060746.937210383359342813,41271.159808051568688825,-8610.401735322209788137,-988.047746433974907632
1060805.772619741735979915,41307.704997581633506343,-8438.347456528976181289,-945.938416288252255981
1060864.608029100112617016,41343.490197312225063797,-8266.137926843661261955,-903.811681230549879729
1061038.542867462383583188,41444.831124398471729364,-7756.158443000073930307,-779.178323380600886594
1061319.975347760366275907,41594.683006930135888979,-6928.388718112446440500,-577.260689539798022452
1061696.605520142009481788,41767.819354153209133074,-5816.115165549484117946,-306.676946446778856625
1062151.972838802263140678,41935.092100391862913966,-4465.536192594870954053,20.763965912550872872
1062666.175566820893436670,42068.418127740667841863,-2934.618391107014758745,390.465456639939532124
1063216.740577565040439367,42145.644371471316844691,-1290.925868040440718687,785.688917210832642013
1063779.605538160772994161,42154.419308320662821643,391.616834148991983966,1188.428677382241403393
1064330.170548904919996858,42094.346588704764144495,2036.774096769867355761,1580.436676462069499394
1064844.373276923550292850,41977.007275233729160391,3570.366225830382518325,1944.267771734972257036
1065299.740595583803951740,41823.847827173856785521,4924.364177808291060501,2264.204476860817067063
1065676.370767965447157621,41662.342504690808709711,6040.208700053402935737,2526.951331720895268518
1065957.803248263429850340,41521.151811243435076904,6871.084460757521810592,2722.053188983295513026
1066131.738086625700816512,41425.149335782771231607,7383.170179101164649182,2842.065103053704660852
1066190.573495984077453613,41391.167251767117704730,7556.124362939312959497,2882.558015802555473783
1066249.408905342454090714,41356.423775203882541973,7728.939551500587185728,2922.997899816952212859
1066423.343743704725056887,41249.265436644243891351,8238.988722238756963634,3042.232841120491229958
1066704.776224002707749605,41061.842003725847462192,9061.424513602489241748,3234.114725966447167593
1067081.406396384350955486,40783.996189092133136000,10156.030639798535048612,3488.758817671768156288
1067536.773715044604614377,40407.034073208407789934,11469.172653046025516232,3793.108365053389206878
1068050.976443063234910369,39927.870442839295719750,12936.712753093041101238,4131.739582836000408861
1068601.541453807381913066,39352.658645304596575443,14487.830446927988305106,4487.869956756032479461
1069164.406414403114467859,38699.085658824929851107,16049.461191807096838602,4844.479725424766911601
1069714.971425147261470556,37996.764813372486969456,17550.848216747872356791,5185.411027891776029719
1070229.174153165891766548,37285.539418052154360339,18927.595545630654669367,5496.293456552397401538
1070684.541471826145425439,36611.926460211157973390,20124.674760032536141807,5765.170992414367901802
1071061.171644207788631320,36024.274791639560135081,21098.071343243947922019,5982.770083555622477434
1071342.604124505771324039,35567.408747071618563496,21815.089510193931346294,6142.433415445238097163
1071516.538962868042290211,35277.552958936568757053,22253.659554399760963861,6239.822350516496044293
1071575.374372226418927312,35178.220007628122402821,22401.204559261976100970,6272.538964469676102453
1071634.209781584795564413,35078.239971342016360722,22548.337505669849633705,6305.140189775126600580
1071808.144619947066530585,34778.903145580246928148,22980.870102103817771422,6400.838459543079807190
1072089.577100245049223304,34282.745265919867961202,23672.867546092169504846,6553.495243457979086088
1072466.207272626692429185,33596.219266964340931736,24583.301744751559454016,6753.462991673142823856
1072921.574591286946088076,32732.403089909203117713,25659.261025802919903072,6988.423342207001041970
1073435.777319305576384068,31713.674054867940867553,26840.192309478105016751,7244.471461089420699864
1073986.342330049723386765,30573.552092844282014994,28062.790574193764769007,7507.333648968500710907
1074549.207290645455941558,29357.069891750157694332,29265.964154027991753537,7763.564823848428204656
1075099.772301389602944255,28119.345252522129158024,30395.197089220197085524,8001.555055025613910402
1075613.975029408233240247,26922.424050996563892113,31405.672127632053161506,8212.194672399853516254
1076069.342348068486899137,25830.820190435588301625,32263.732454916076676454,8389.108086976113554556
1076445.972520450130105019,24906.405468773889879230,32946.604808373718697112,8528.454780219220992876
1076727.405000748112797737,24203.352532159926340682,33440.688322914225864224,8628.388541811717004748
1076901.339839110383763909,23763.729164959528134204,33739.023932042429805733,8688.337587576650548726
1076960.175248468760401011,23614.153305145962804090,33838.713878464419394732,8708.300300725484703435
1077019.010657827137038112,23464.143024005457846215,33937.781305889344366733,8728.102798414978678920
1077192.945496189408004284,23018.154550303737778449,34226.995816057162301149,8785.704379992030226276
1077474.377976487390697002,22288.722995499450917123,34683.279170484544010833,8875.909651598722120980
1077851.008148869033902884,21297.928912274939648341,35271.030839879946142901,8990.775481464110271190
1078306.375467529287561774,20078.632098189158568857,35946.108713898895075545,9120.595376847468287451
1078820.578195547917857766,18675.268657619461009745,36660.753801287937676534,9255.098350553756972658
1079371.143206292064860463,17143.627487267131073168,37368.805328078444290441,9384.690746553951612441
1079934.008166887797415257,15549.239135861142131034,38030.437979301401355769,9501.547693872842501150
1080484.573177631944417953,13964.344590294451336376,38615.671608710305008572,9600.373995008179917932
1080998.775905650574713945,12463.757241246470584883,39106.089236819629149977,9678.707614086870307801
1081454.143224310828372836,11120.176971033541121869,39494.531061786008649506,9736.724717607408820186
1081830.773396692471578717,9999.588668560478254221,39782.935762434783100616,9776.603672744930008776
1082112.205876990454271436,9157.273710549732641084,39978.872736023367906455,9801.591795812444615876
1082286.140715352725237608,8634.744118438889927347,40091.557553149490559008,9814.972441647034429479
1082344.976124711101874709,8457.674120076411782065,40128.216006584152637515,9819.141405762480644626
1082403.811534069478511810,8280.448489826960212667,40164.136050148044887464,9823.129671846107157762
1082577.746372431749477983,7755.638592134375358000,40266.001744640416291077,9833.862744521808053833
1082859.178852729732170701,6903.873475856448749255,40417.101519271724100690,9847.878650613885838538
1083235.809025111375376582,5759.504773099863086827,40592.677494592455332167,9860.147023868712494732
1083691.176343771629035473,4370.178723305542916933,40764.072254772298038006,9865.050040508631354896
1084205.379071790259331465,2795.634382540212300228,40903.587603249179664999,9857.513580484270278248
1084755.944082534406334162,1105.446821753712583813,40989.232532545102003496,9834.084471606667648302
1085318.809043130138888955,-624.320941941626642802,41008.512047941105265636,9793.749915370908638579
1085869.374053874285891652,-2315.292364019720480428,40960.550191536851343699,9738.336920340332653723
1086383.576781892916187644,-3891.267450435455430124,40856.141122983506647870,9672.407848641674718237
1086838.944100553169846535,-5282.421816923229016538,40715.721077837573830038,9602.666123022101601236
1087215.574272934813052416,-6428.699141526631137822,40565.655251016076363157,9536.979763558470949647
1087497.006753232795745134,-7282.123572627819157788,40433.540046211695880629,9483.197431132268320653
1087670.941591595066711307,-7808.058241056818587822,40343.370044157229131088,9447.959494248325427179
1087729.777000953443348408,-7985.681448641668794153,40311.399279097575345077,9435.695529010794416536
1087788.612410311819985509,-8163.157658753539180907,40278.686476708891859744,9423.257862071661293157
1087962.547248674090951681,-8686.938531450938171474,40177.644203151408873964,9385.474861788841735688
1088243.979728972073644400,-9531.437075430079858052,40000.471544134459691122,9321.145140664693826693
1088620.609901353716850281,-10655.253152810641040560,39737.022790972703660373,9228.917253305144186015
1089075.977220013970509171,-12003.198863121735485038,39378.489778525399742648,9108.118014897851026035
1089590.179948032600805163,-13509.317323610601306427,38921.455748836815473624,8959.643887367712522973
1090140.744958776747807860,-15100.830482609244427294,38371.453790340397972614,8786.709699131410161499
1090703.609919372480362654,-16702.715690777135023382,37745.230359501510974951,8595.271233369589026552
1091254.174930116627365351,-18242.388800527114653960,37071.157803036861878354,8394.002221241296865628
1091768.377658135257661343,-19653.863163293091929518,36387.609740997431799769,8193.797598146637028549
1092223.744976795511320233,-20880.822347096876910655,35739.518576220048998948,8006.870090667445765575
1092600.375149177154526114,-21878.286244592352886684,35173.672230251773726195,7845.581738997736465535
1092881.807629475137218833,-22612.894068658919422887,34733.500899416088941507,7721.189361747128714342
1093055.742467837408185005,-23062.162552292131294962,34454.130994460567308124,7642.680575453095116245
1093114.577877195784822106,-23213.296173902410373557,34358.373678676965937484,7615.845045025106628600
1093173.413286554161459208,-23364.002327784386579879,34261.983661025537003297,7588.869260066415336041
1093347.348124916432425380,-23807.007588117248815252,33973.343459368516050745,7508.305475729086538195
1093628.780605214415118098,-24515.659016483132290887,33494.753672366328828502,7375.396666804124834016
1094005.410777596058323979,-25447.805983821694098879,32832.230880516952311154,7192.677515563916131214
1094460.778096256311982870,-26549.115785391852114117,31998.164963391605851939,6964.523973424792529840
1094974.980824274942278862,-27757.451178474730113521,31013.950656390563381137,6697.669061485300517234
1095525.545835019089281559,-29007.909441410723957233,29911.814092314703884767,6401.508889193959475961
1096088.410795614821836352,-30237.931569581574876793,28735.205441911428351887,6088.063808579119722708
1096638.975806358968839049,-31391.781347497304523131,27537.436976975619472796,5771.536187369069011766
1097153.178534377599135041,-32423.739658841477648821,26378.629033589902974200,5467.496764152069772535
1097608.545853037852793932,-33299.582044482180208433,25321.376477410547522595,5191.809524898841118556
1097985.176025419495999813,-33996.263443872041534632,24425.771174167886783835,4959.449114732969064789
1098266.608505717478692532,-34500.127263435926579405,23744.467302579771057935,4783.366858062934625195
1098440.543344079749658704,-34804.274949959850346204,23318.375995193255221238,4673.529157993693843309
1098499.378753438126295805,-34905.890466270167962648,23173.392668824326392496,4636.204121856764686527
1098558.214162796502932906,-35006.862960152611776721,23027.982451436946575996,4598.793673062154994113
1098732.149001158773899078,-35301.589133573448634706,22595.636371602970029926,4487.704513710469655052
1099013.581481456756591797,-35766.407810165052069351,21888.411145680416666437,4306.435894665255545988
1099390.211653838399797678,-36364.835709721002785955,20927.577225274264492327,4061.024501414420683432
1099845.578972498653456569,-37051.669369861992890947,19744.845715034120075870,3760.231367265760127339
1100359.781700517283752561,-37778.055778105685021728,18383.175842706416005967,3415.603261403206943214
1100910.346711261430755258,-38496.855952520876599010,16896.590175303197611356,3041.289079582318663597
1101473.211671857163310051,-39167.508819311151455622,15348.635270169530485873,2653.545162854411501030
1102023.776682601310312748,-39759.623674304515589029,13809.451594980848312844,2269.940952773307344614
1102537.979410619940608740,-40254.722394808872195426,12351.754552936643449357,1908.352241469720866007
1102993.346729280194267631,-40645.895640425544115715,11046.269863158704538364,1585.878112270596375311
1103369.976901661837473512,-40935.553116449154913425,9957.240402963929227553,1317.824525317601228380
1103651.409381959820166230,-41131.830609226664819289,9138.522619060797296697,1116.863869840392453625
1103825.344220322091132402,-41244.471028388063132297,8630.578731669602348120,992.422496018322704003
1103884.179629680467769504,-41281.070393671267083846,8458.442334159084566636,950.291627313026538104
1103943.015039038844406605,-41316.909071281159413047,8286.150072648484638194,908.143246250011770826
1104116.949877401115372777,-41418.403955996414879337,7775.922478829451392812,783.445282854819993190
1104398.382357699098065495,-41568.491531656392908189,6947.740443818591302261,581.421256806077508372
1104775.012530080741271377,-41741.916400870839424897,5834.895128057462898141,310.691808627876469018
1105230.379848740994930267,-41909.495026519813109189,4483.596486318935603776,-16.929781939142117153
1105744.582576759625226259,-42043.107203734907670878,2951.832327880337743409,-386.840292435959497652
1106295.147587503772228956,-42120.566906242624099832,1307.199042600827397109,-782.292132034759561066
1106858.012548099504783750,-42129.499291617255948950,-376.336286741942330991,-1185.268729778116721718
1107408.577558843651786447,-42069.498375258706801105,-2022.488307263610295195,-1577.510090404058018976
1107922.780286862282082438,-41952.150759222320630215,-3557.025031205193954520,-1941.559237975849100621
1108378.147605522535741329,-41798.922064559716091026,-4911.867589606260480650,-2261.688047394202840223
1108754.777777904178947210,-41637.315036975844122935,-6028.413583327263040701,-2524.592395837210915488
1109036.210258202161639929,-41496.021924748303717934,-6859.813823901856267184,-2719.810778083677178074
1109210.145096564432606101,-41399.944822162397031207,-7372.223371287922418560,-2839.894104866947600385
1109268.980505922809243202,-41365.935534297837875783,-7545.286990663347751251,-2880.411057910743238608
1109327.815915281185880303,-41331.163862726178194862,-7718.211548663313806173,-2920.874920367595677817
1109501.750753643456846476,-41223.916375730754225515,-8228.583579883481434081,-3040.180368132982493989
1109783.183233941439539194,-41036.330365576221083757,-9051.539835376097471453,-3232.175022362430354406
1110159.813406323082745075,-40758.231616207369370386,-10146.837315107237373013,-3486.967157981955097057
1110615.180724983336403966,-40380.909953721347847022,-11460.804419947447968298,-3791.490635313817165297
1111129.383453001966699958,-39901.270410926816111896,-12929.257422842705636867,-4130.310533475558258942
1111679.948463746113702655,-39325.468337925478408579,-14481.324450637566769728,-4486.632474254235603439
1112242.813424341846257448,-38671.207858059373393189,-16043.888894823467126116,-4843.425381888964693644
1112793.378435085993260145,-37968.135152565359021537,-17546.146572922913037473,-5184.521920077252616466
1113307.581163104623556137,-37256.139567888727469835,-18923.663383145689294906,-5495.545029404804154183
1113762.948481764877215028,-36581.792248297424521297,-20121.384773443754966138,-5764.535272858970529342
1114139.578654146520420909,-35993.497846188809489831,-21095.282190872509090696,-5982.218634726598793350
1114421.011134444503113627,-35536.131571059340785723,-21812.655546376263373531,-6141.939407841028696566
1114594.945972806774079800,-35245.958406245590595063,-22251.436608055792021332,-6239.361405867703979311
1114653.781382165150716901,-35146.516713049240934197,-22399.051485392330505420,-6272.088774717659362068
1114712.616791523527354002,-35046.427244696038542315,-22546.253532370883476688,-6304.700535938161010563
1114886.551629885798320174,-34746.762930628799949773,-22978.985837087293475633,-6400.428660342756302271
1115167.984110183781012893,-34250.062931692242273130,-23671.291615022408223012,-6553.129593064781147405
1115544.614282565424218774,-33562.788907269808987621,-24582.108839221968082711,-6753.148189026274849311
1115999.981601225677877665,-32698.036291550994064892,-25658.484058325469959527,-6988.157057186701422324
1116514.184329244308173656,-31678.211680308639188297,-26839.820145246510946890,-7244.242373411741937161
1117064.749339988455176353,-30536.877395895568042761,-28062.772170404212374706,-7507.123090359416892170
1117627.614300584187731147,-29319.120488244479929563,-29266.218833638733485714,-7763.349853482418438944
1118178.179311328334733844,-28080.121421751933667110,-30395.629339976760093123,-8001.312470546499753254
1118692.382039346965029836,-26881.991606583342218073,-31406.188174583243380766,-8211.905209048765755142
1119147.749358007218688726,-25789.307461176937067648,-32264.255329947078280384,-8388.759978499942008057
1119524.379530388861894608,-24863.995270795268879738,-32947.084944788854045328,-8528.045980916971529950
1119805.812010686844587326,-24160.270891391286568251,-33441.107735991703520995,-8627.927197221126334625
1119979.746849049115553498,-23720.232690893273684196,-33739.393465659246430732,-8687.840698965350384242
1120038.582258407492190599,-23570.516586185000051046,-33839.064401768504467327,-8707.790859473281670944
1120097.417667765868827701,-23420.366114267337252386,-33938.111737632498261519,-8727.580537282521618181
1120271.352506128139793873,-22973.963600279166712426,-34227.260527027312491555,-8785.142659522663961980
1120552.784986426122486591,-22243.863890823296969756,-34683.417528643163677771,-8875.279164832470996771
1120929.415158807765692472,-21252.180625285815040115,-35270.961458233417943120,-8990.043521243465875159
1121384.782477468019351363,-20031.819515527069597738,-35945.729351129048154689,-9119.726463662345850025
1121898.985205486649647355,-18627.273446805258572567,-36659.947719677285931539,-9254.056361384884439758
1122449.550216230796650052,-17094.395134562986640958,-37367.453552480117650703,-9383.442334479948840453
1123012.415176826529204845,-15498.780515978907715180,-38028.435499216204334516,-9500.066451089369365945
1123562.980187570676207542,-13912.731377877873455873,-38612.944521218370937277,-9598.644588079676395864
1124077.182915589306503534,-12411.111874249430911732,-39102.609498139805509709,-9676.729087897881981917
1124532.550234249560162425,-11066.659218733269881341,-39490.326026400100090541,-9734.512337565758571145
1124909.180406631203368306,-9945.381622645321840537,-39778.090850733824481722,-9774.188989387470428483
1125190.612886929186061025,-9102.571914171285243356,-39973.526962183088471647,-9799.020958758048436721
1125364.547725291457027197,-8579.745625822011788841,-40085.892821675559389405,-9812.303053456354973605
1125423.383134649833664298,-8402.576876388635355397,-40122.441791803386877291,-9816.438338116071463446
1125482.218544008210301399,-8225.253320209198136581,-40158.251557200026581995,-9820.392753991905919975
1125656.153382370481267571,-7700.158815473654613015,-40259.786648632762080524,-9831.024773860150162363
1125937.585862668463960290,-6847.949035397105944867,-40410.337315592048980761,-9844.874162174746743403
1126314.216035050107166171,-5703.016977471021164092,-40585.152123722633405123,-9856.914176669633889105
1126769.583353710360825062,-4313.060405614434785093,-40755.588722900880384259,-9861.533316854296572274
1127283.786081728991121054,-2737.873811899543852633,-40893.976230023377866019,-9853.667143560687691206
1127834.351092473138123751,-1047.084381241552136999,-40978.365121376402385067,-9829.875719572612069896
1128397.216053068870678544,683.203105503929918996,-40996.315363909758161753,-9789.162584854375381838
1128947.781063813017681241,2374.586054420050004410,-40947.015987782935553696,-9733.373104984040764975
1129461.983791831647977233,3950.856566926473533385,-40841.330658818755182438,-9667.088514474524345133
1129917.351110491901636124,5342.199377984659804497,-40699.763367076935537625,-9597.030044901423025294
1130293.981282873544842005,6488.579910421613021754,-40548.739672111078107264,-9531.081145924003067194
1130575.413763171527534723,7342.050082941475011467,-40415.904925331058620941,-9477.102688059281717869
1130749.348601533798500896,7867.999540784123382764,-40325.289094427316740621,-9441.743686108999099815
1130808.184010892175137997,8045.625415429544773360,-40293.167380574224807788,-9429.438807944163272623
1130867.019420250551775098,8223.103110841013403842,-40260.303572668701235671,-9416.960251432950826711
1131040.954258612822741270,8746.881458964366174769,-40158.814639244286809117,-9379.056528275934397243
1131322.386738910805433989,9591.354012342268106295,-39980.918996082342346199,-9314.532099709840622381
1131699.016911292448639870,10715.092944111736869672,-39716.503725555405253544,-9222.045240134728373960
1132154.384229952702298760,12062.880773955987024237,-39356.806879178780945949,-9100.936116268807381857
1132668.586957971332594752,13568.736474504283251008,-38898.469914269116998184,-8952.117547363492121804
1133219.151968715479597449,15159.870126178660939331,-38347.092761397550930269,-8778.822622568846782087
1133782.016929311212152243,16761.264309603324363707,-37719.492140017297060695,-8587.025787273378227837
1134332.581940055359154940,18300.358826786065037595,-37044.107903001851809677,-8385.418187720055357204
1134846.784668073989450932,19711.207688130325550446,-36359.372637025880976580,-8184.909487906953472702
1135302.151986734243109822,20937.546656339469336672,-35710.265156814253714401,-7997.723557208210877434
1135678.782159115886315703,21934.452208491602505092,-35143.605845857971871737,-7836.229813553344683896
1135960.214639413869008422,22668.616896036190155428,-34702.844655732558749150,-7711.689192036717031442
1136134.149477776139974594,23117.600726399712584680,-34423.118133876509091351,-7633.091115400135095115
1136192.984887134516611695,23268.636230882919335272,-34327.241602514346595854,-7606.225793869011795323
1136251.820296492893248796,23419.243352529258118011,-34230.733095943629450630,-7579.220428944281593431
1136425.755134855164214969,23861.950552318474365165,-33941.746923660371976439,-7498.570447644278829102
1136707.187615153146907687,24570.103297447625664063,-33462.611384677969908807,-7365.526210534531855956
1137083.817787534790113568,25501.552258407260524109,-32799.386523188310093246,-7182.633891629213394481
1137539.185106195043772459,26601.973652122207568027,-31964.517229373206646414,-6954.283810379476562957
1138053.387834213674068451,27809.251267636922420934,-30979.458895670759375207,-6687.224577112336191931
1138603.952844957821071148,29058.518294744291779352,-29876.496932289141113870,-6390.867216426874620083
1139166.817805553553625941,30287.266516552077519009,-28699.132347878672590014,-6077.244492537724909198
1139717.382816297700628638,31439.822345026732364204,-27500.714127258594089653,-5760.567283565002071555
1140231.585544316330924630,32470.535702436754945666,-26341.382167952091549523,-5456.410276071047519508
1140686.952862976584583521,33345.251060351212800015,-25283.734071424863941502,-5180.637061847847689933
1141063.583035358227789402,34040.986033797140407842,-24387.851132503266853746,-4948.218574777364665351
1141345.015515656210482121,34544.135765591083327308,-23706.369409259103122167,-4772.100673377334715042
1141518.950354018481448293,34847.839678796044609044,-23280.180934466883627465,-4662.244269748703118239
1141577.785763376858085394,34949.304715148980903905,-23135.166952700623369310,-4624.913482759270664246
1141636.621172735234722495,35050.126558149539050646,-22989.727200356239336543,-4587.497574343539781694
1141810.556011097505688667,35344.406453964329557493,-22557.300368668784358306,-4476.393978277975293167
1142091.988491395488381386,35808.500666081301460508,-21849.965300358995591523,-4295.107392337841702101
1142468.618663777131587267,36405.956039770331699401,-20889.024733990780077875,-4049.682370778841232095
1142923.985982437385246158,37091.612512858293484896,-19706.226012615665240446,-3748.888621659590171475
1143438.188710456015542150,37816.673009709586040117,-18344.561263817700819345,-3404.280529898857366788
1143988.753721200162544847,38534.064262657338986173,-16858.075621702184434980,-3030.011801314431977517
1144551.618681795895099640,39203.295895480441686232,-15310.322663170394662302,-2642.339530925682538509
1145102.183692540042102337,39794.046837936126394197,-13771.432081180619206862,-2258.829389074121991143
1145616.386420558672398329,40287.901583434904750902,-12314.091936681754305027,-1897.349284477773153412
1146071.753739218926057220,40678.001939444911840837,-11008.988385360338725150,-1574.987483312561380444
1146448.383911600569263101,40966.795280192411155440,-9920.318914504092390416,-1307.037851382020562596
1146729.816391898551955819,41162.442135478791897185,-9101.895801542061235523,-1106.161187113263167703
1146903.751230260822921991,41274.699663209838035982,-8594.144743531085623545,-981.774348128277324577
1146962.586639619199559093,41311.170741460919089150,-8422.075395195712189889,-939.662372186950165087
1147021.422048977576196194,41346.881766242760932073,-8249.851095364976572455,-897.533106812633832305
1147195.356887339847162366,41448.003051131760003045,-7739.829700067011799547,-772.892944355443546556
1147476.789367637829855084,41597.498482033246546052,-6911.997725042820093222,-570.966441587095118848
1147853.419540019473060966,41770.155979335948359221,-5799.651665491284802556,-300.374975836387704931
1148308.786858679726719856,41936.847454887312778737,-4449.001606667945452500,27.068928545757273696
1148822.989586698357015848,42069.514822813944192603,-2918.025442021052185737,396.765445192019058140
1149373.554597442504018545,42146.034152188498410396,-1274.296275344149762532,791.973766982703637041
1149936.419558038236573339,42154.085748243225680199,408.256198930050231866,1194.687584958671322966
1150486.984568782383576035,42093.306035320652881637,2053.395920082221891789,1586.660014098505598668
1151001.187296801013872027,41975.307918180034903344,3586.947487083457417611,1950.448834310006759551
1151456.554615461267530918,41821.567014834130532108,4940.890066065469909518,2270.340848588767585170
1151833.184787842910736799,41659.582649402305833064,6056.675028510193442344,2533.045628715562997968
1152114.617268140893429518,41518.035336242821358610,6887.498178885743982391,2728.113045381564916170
1152288.552106503164395690,41421.813104508677497506,7399.547926700140124012,2848.102397724738693796
1152347.387515861541032791,41387.756805193916079588,7572.489346868253051070,2888.587458836741461710
1152406.222925220150500536,41352.939176110121479724,7745.291470733427559026,2929.019380297337193042
1152580.157763582421466708,41245.562001105245144572,8255.300260322252142942,3048.230134724899016874
1152861.590243880404159427,41057.785760475861025043,9077.665162621749914251,3240.070843943456111447
1153238.220416262047365308,40779.470495437410136219,10172.165732223742452334,3494.655912817866010300
1153693.587734922301024199,40401.945377274510974530,11485.163888992268766742,3798.928166506876095809
1154207.790462940931320190,39922.152776300943514798,12952.520374563668156043,4137.464399798138401820
1154758.355473685078322887,39346.276459344750037417,14503.416858982305711834,4493.484159852273478464
1155321.220434280810877681,38692.034743071562843397,16064.795506175210903166,4849.971497310178165208
1155871.785445024957880378,37989.071256768671446480,17565.910967535543022677,5190.774098524128930876
1156385.988173043588176370,37277.256834345884271897,18942.382750758617476095,5501.528520709546683065
1156841.355491703841835260,36603.131935096971574239,20139.200590423519315664,5770.286549953485518927
1157217.985664085485041142,36015.064141303933865856,21112.368887262575299246,5987.782533367519135936
1157499.418144383467733860,35557.891666715069732163,21829.209425159286183771,6147.366348332137931720
1157673.352982745738700032,35267.848488857809570618,22267.666712347931024851,6244.705098926989194297
1157732.188392104115337133,35168.452502466665464453,22415.173065282662719255,6277.404559328228060622
1157791.023801462491974235,35068.409610753391461913,22562.267102811634686077,6309.988541572759459086
1157964.958639824762940407,34768.888027567998506129,22994.683177396578685148,6405.635315385866306315
1158246.391120122745633125,34272.434626804511935916,23686.487389907775650499,6558.207147274729322817
1158623.021292504388839006,33585.519953941009589471,24596.654040101671853336,6758.058110822948037821
1159078.388611164642497897,32721.244643255409755511,25672.276418406945595052,6992.872644585179841670
1159592.591339183272793889,31702.011956180442211917,26852.810049322495615343,7248.750221053212953848
1160143.156349927419796586,30561.368904390914394753,28074.962903040392120602,7511.423148079231395968
1160706.021310523152351379,29344.374260159685945837,29277.660857819693774218,7767.454026264969797921
1161256.586321267299354076,28106.169043027603038354,30406.409503594124544179,8005.242000105316037661
1161770.789049285929650068,26908.818151676990964916,31416.415909290437411983,8215.687347519797185669
1162226.156367946183308959,25816.849705555188847939,32274.048598229743220145,8392.424613778966886457
1162602.786540327826514840,24892.145051007770234719,32956.558643946562369820,8531.622845776584654232
1162884.219020625809207559,24188.882469952855899464,33450.366513506152841728,8631.444105785250940244
1163058.153858988080173731,23749.132574692768685054,33748.529719733240199275,8691.322975434632098768
1163116.989268346456810832,23599.514445438773691421,33848.161001511987706181,8711.261841481702504097
1163175.824677704833447933,23449.462164122487592977,33947.169590438963496126,8731.040437567691697041
1163349.759516067104414105,23003.351107605485594831,34236.209150400340149645,8788.571044474088921561
1163631.191996365087106824,22273.726258461330871796,34692.206303166130965110,8878.660505081912560854
1164007.822168746730312705,21282.683385917040141067,35279.569099904256290756,8993.369545864998144680
1164463.189487406983971596,20063.101133688145637279,35954.168233048672846053,9122.997272804623207776
1164977.392215425614267588,18659.435962055493291700,36668.262069817901647184,9257.280076694414674421
1165527.957226169761270285,17127.496392648874461884,37375.711682134286093060,9386.633341167080288869
1166090.822186765493825078,15532.829838194144031149,38036.717470595824124757,9503.242580475029171794
1166641.387197509640827775,13947.689891798618191388,38621.327691267229965888,9601.823820584730128758
1167155.589925528271123767,12446.897570115375856403,39111.154827011065208353,9679.926444466118482524
1167610.957244188524782658,11103.155550825473255827,39499.067747549546766095,9737.737541253392919316
1167987.587416570167988539,9982.447633278316061478,39787.031187759399472270,9777.445255464228466735
1168269.019896868150681257,9140.051725774521401036,39982.636397510766983032,9802.304998643407088821
1168442.954735230421647429,8617.475727135481065488,40095.115370801213430241,9815.606147430227792938
1168501.790144588798284531,8440.390659400596632622,40131.704063861645408906,9819.748197014385368675
1168560.625553947174921632,8263.150277791664848337,40167.554282749748381320,9823.709537371561964392
1168734.560392309445887804,7738.298633071042786469,40269.213191265356726944,9834.362948968950149720
1169015.992872607428580523,6886.471877456874608470,40419.977297591671231203,9848.249795390012877760
1169392.623044989071786404,5742.032151888590306044,40595.102187270000285935,9860.345217118821892655
1169847.990363649325445294,4352.637829333252739161,40765.949142549747193698,9865.038936416729484336
1170362.193091667955741286,2778.039640218342356093,40904.843442448021960445,9857.266161365756488522
1170912.758102412102743983,1087.821838475443200878,40989.821460140803537797,9833.584417765854595928
1171475.623063007835298777,-641.947482950334006091,41008.418179757114558015,9792.992416021083045052
1172026.188073751982301474,-2332.891707419677914004,40959.788580887950956821,9737.328829680745911901
1172540.390801770612597466,-3908.815777199791227758,40854.756947063680854626,9671.167173658754109056
1172995.758120430866256356,-5299.904364791063926532,40713.787158572689804714,9601.220919877958294819
1173372.388292812509462237,-6446.112716127328894800,40563.268222163176687900,9535.366589704697616980
1173653.820773110492154956,-7299.477030053434646106,40430.815589181176619604,9481.459529616306099342
1173827.755611472763121128,-7825.370887705182212812,40340.437608058178739157,9446.144869067064064438
1173886.591020831139758229,-8002.979659796973464836,40308.396596565187792294,9433.855016586259807809
1173945.426430189516395330,-8180.441115967581936275,40275.613602868717862293,9421.391496251499120262
1174119.361268551787361503,-8704.176512010148144327,40174.364157938180142082,9383.532268236505842651
1174400.793748849770054221,-9548.595602232358942274,39996.857418045226950198,9319.079874725090121501
1174777.423921231413260102,-10672.294047620103810914,39732.963978516942006536,9226.689188580612608348
1175232.791239891666918993,-12020.080374996756290784,39373.897426528783398680,9105.695371223337133415
1175746.993967910297214985,-13525.996488443697671755,38916.267028901012963615,8957.004744506399219972
1176297.558978654444217682,-15117.266997288252241560,38365.634626765153370798,8783.842866089664312312
1176860.423939250176772475,-16718.876742917545925593,37738.776359362840594258,8592.176400786713202251
1177410.988949994323775172,-18258.254057621445099358,37064.093339080565783661,8390.689410929822770413
1177925.191678012954071164,-19669.429047451551014092,36379.985386235312034842,8190.286020619965711376
1178380.558996673207730055,-20896.104817912590078777,35731.407311935559846461,8003.186601529198924254
1178757.189169054850935936,-21893.321553369984030724,35165.164977804139198270,7841.759123692611865408
1179038.621649352833628654,-22627.737269953169743530,34724.701919930012081750,7717.264662549719105300
1179212.556487715104594827,-23076.883891505171050085,34445.153562081068230327,7638.693608738102739153
1179271.391897073481231928,-23227.975754491046245676,34349.336207935404672753,7611.837160311189109052
1179330.227306431857869029,-23378.639879339341860032,34252.886318214754282963,7584.840531134518641920
1179504.162144794128835201,-23821.519315576188091654,33964.070100173892569728,7504.215560312172783597
1179785.594625092111527920,-24529.962216867945244303,33485.198683652626641560,7371.209147569790729904
1180162.224797473754733801,-25461.820703817458706908,32822.305313150558504276,7188.362143867544546083
1180617.592116134008392692,-26562.767608715126698371,31987.801366521176532842,6960.058377206460136222
1181131.794844152638688684,-27770.675127916867495514,31003.106193814703146927,6693.039759850958944298
1181682.359854896785691381,-29020.654646932754985755,29900.471676563691289630,6396.711528338331845589
1182245.224815492518246174,-30250.166085680342803244,28723.372852676962793339,6083.102631792437023250
1182795.789826236665248871,-31403.496367818504950264,27525.144205754211725434,5766.422861166692200641
1183309.992554255295544863,-32434.952405340573022841,26365.924355158738762839,5462.248778893532289658
1183765.359872915549203753,-33310.336787474632728845,25308.321920990747457836,5186.448445831326353073
1184141.990045297192409635,-34006.630382869167078752,24412.438099701041210210,4953.998960438730136957
1184423.422525595175102353,-34510.199292811659688596,23730.932665029882628005,4777.852825035443856905
1184597.357363957446068525,-34814.162583278302918188,23304.719630868115928024,4667.976805991771470872
1184656.192773315822705626,-34915.715363530449394602,23159.695625567826937186,4630.639010039974891697
1184715.028182674199342728,-35016.624940248380880803,23014.244981493633531500,4593.215903941011674760
1184888.963021036470308900,-35311.164064056742063258,22581.780870751284965081,4482.089927590716797567
1185170.395501334453001618,-35775.676834027457516640,21874.369398356888268609,4300.763654381252308667
1185547.025673716096207500,-36373.689256704259605613,20913.295502744324039668,4055.278849455521594791
1186002.392992376349866390,-37060.011679647897835821,19730.288258783995843260,3754.402753221196235245
1186516.595720394980162382,-37785.809751309054263402,18368.326348891765519511,3409.688702478413688368
1187067.160731139127165079,-38503.967901668140257243,16881.451160657623404404,3035.291726669627678348
1187630.025691734859719872,-39173.952539201731269713,15333.225511353839465301,2647.473168354172230465
1188180.590702479006722569,-39765.403238542654435150,13793.802137973450953723,2263.805851695033197757
1188694.793430497637018561,-40259.873217316242516972,12335.904018864937825128,1902.167138536220818423
1189150.160749157890677452,-40650.483575293168541975,11030.259872239019387052,1579.655994025530389990
1189526.790921539533883333,-40939.671634213962533977,9941.111869540900443099,1311.576979484106686868
1189808.223401837516576052,-41135.596308332053013146,9122.313450538295001024,1110.600402125674918352
1189982.158240199787542224,-41248.017869136150693521,8614.323142558745530550,986.150508082900159934
1190040.993649558164179325,-41284.543071888081612997,8442.171634891714347759,944.016985884951623120
1190099.829058916540816426,-41320.307522880102624185,8269.864563025808820385,901.866066958729334146
1190273.763897278811782598,-41421.582610246645344887,7759.594941281451610848,777.161277536104307728
1190555.196377576794475317,-41571.313475833623670042,6931.350475477604959451,575.128350771507484751
1190931.826549958437681198,-41744.259135599560977425,5818.432426637564276461,304.391143106868184987
1191387.193868618691340089,-41911.256036377184500452,4467.062450792706840730,-23.233474971186126368
1191901.396596637321636081,-42044.209017980545468163,2935.239683651606355852,-393.139039121059568060
1192451.961607381468638778,-42120.961207855827524327,1290.569534803366877895,-788.575754611524075699
1193014.826567977201193571,-42129.169618862353672739,-392.975743489193291680,-1191.526408606330733164
1193565.391578721348196268,-42068.461072091136884410,-2039.110346792444943276,-1583.732181195778821348
1194079.594306739978492260,-41950.454045519581995904,-3573.606579886971758242,-1947.739021756242891570
1194534.961625400232151151,-41796.643351444152358454,-4928.393791434116792516,-2267.823099784855912731
1194911.591797781875357032,-41634.556827936503395904,-6044.880220407065280597,-2530.685331238224080153
1195193.024278079858049750,-41492.906756684307765681,-6876.227831125431293913,-2725.869236158777312085
1195366.959116442129015923,-41396.609688052136334591,-7388.601389115513484285,-2845.929976315544990939
1195425.794525800505653024,-41362.526113950123544782,-7561.652237261585469241,-2886.439068920633872040
1195484.629935158882290125,-41327.680218938541656826,-7734.563722409835463623,-2926.894959830174229864
1195658.564773521153256297,-41220.213686001385212876,-8244.895344887661849498,-3046.176193014800446690
1195939.997253819135949016,-41032.274529969370632898,-9067.780655637317977380,-3238.129623264823294448
1196316.627426200779154897,-40753.705880111992883030,-10162.972482946986929164,-3492.862664580497948918
1196771.994744861032813787,-40375.820676811184966937,-11476.795582992779600318,-3797.308751595946887392
1197286.197472879663109779,-39895.551565667767135892,-12945.064761598170662182,-4136.033542990110618121
1197836.762483623810112476,-39319.084349299497262109,-14496.910306298415889614,-4492.244723932800297916
1198399.627444219542667270,-38664.154523289049393497,-16059.222321777637262130,-4848.915035642220573209
1198950.192454963689669967,-37960.438599372602766380,-17561.208063916717946995,-5189.882697024706430966
1199464.395182982319965959,-37247.853474364674184471,-18938.448938899142376613,-5500.777623729743027070
1199919.762501642573624849,-36572.993782589946931694,-20135.908577157799300039,-5769.648195336290882551
1200296.392674024216830730,-35984.282917381278821267,-21109.577374219585180981,-5987.228306665993841307
1200577.825154322199523449,-35526.609971373771259096,-21826.772838663182483288,-6146.869452717724925606
1200751.759992684470489621,-35236.249273175970301963,-22265.440976258600130677,-6244.241196805446634244
1200810.595402042847126722,-35136.744497223757207394,-22413.017144286983238999,-6276.951388373768168094
1200869.430811401223763824,-35036.592126242991071194,-22560.180224572817678563,-6309.545882688036726904
1201043.365649763494729996,-34736.742918016847397666,-22992.795834027387172682,-6405.222439981310344592
1201324.798130061477422714,-34239.747185816690034699,-23684.908092189300077735,-6557.838303522463320405
1201701.428302443120628595,-33552.084221757642808370,-24595.457367844483087538,-6757.739954369252700417
1202156.795621103374287486,-32686.872180175334506202,-25671.495180055895616533,-6992.602806684506504098
1202670.998349122004583478,-31666.543626953669445356,-26852.433020351760205813,-7248.517349866338918218
1203221.563359866151586175,-30524.687991604834678583,-28074.938972958476369968,-7511.208553341148217442
1203784.428320461884140968,-29306.418428708377177827,-29277.909311196199269034,-7767.234756828063837020
1204334.993331206031143665,-28066.938632424702518620,-30406.834824399564240593,-8004.994856220323526941
1204849.196059224661439657,-26868.379036577956867404,-31416.924355656206898857,-8215.393080102383464691
1205304.563377884915098548,-25775.330267084969818825,-32274.563270787093642866,-8392.071484327343569021
1205681.193550266558304429,-24849.728142090909386752,-32957.030076203744101804,-8531.208846546122003929
1205962.626030564540997148,-24145.794134897667390760,-33450.776846153341466561,-8630.977428118474563234
1206136.560868926811963320,-23705.629424332080816384,-33748.889940061184461229,-8690.820671799829142401
1206195.396278285188600421,-23555.871057602871587733,-33848.502132737434294540,-8710.746957556099005160
1206254.231687643565237522,-23405.678593603373883525,-33947.490551311057060957,-8730.512706150168014574
1206428.166526005836203694,-22959.153524673394713318,-34236.464157601978513412,-8788.003772332469452522
1206709.599006303818896413,-22228.860578466796141583,-34692.334581123926909640,-8878.024335816642633290
1207086.229178685462102294,-21236.928624802581907716,-35279.489135977928526700,-8992.631730032855557511
1207541.596497345715761185,-20016.282235975282674190,-35953.777685383436619304,-9122.122298330432386138
1208055.799225364346057177,-18611.434663728450686904,-36667.444131590309552848,-9256.231799724975644494
1208606.364236108493059874,-17078.258251562077930430,-37374.347344843270548154,-9385.378406776988413185
1209169.229196704225614667,-15482.365793779112209450,-38034.701727455321815796,-9501.754585597340337699
1209719.794207448372617364,-13896.071665865962131647,-38618.586677965082344599,-9600.087447925152446260
1210233.996935467002913356,-12394.247620958582047024,-39107.660567927698139101,-9677.940764091081291554
1210689.364254127256572247,-11049.633635136466182303,-39494.847687482666515280,-9735.517849881180154625
1211065.994426508899778128,-9928.236795361841359409,-39782.170851689705159515,-9775.023138210473916843
1211347.426906806882470846,-9085.346429129891475895,-39977.274911664891988039,-9799.726640712120570242
1211521.361745169153437018,-8562.473920442509552231,-40089.434754497284302488,-9812.929186644776564208
1211580.197154527530074120,-8385.290165614162106067,-40125.913906670073629357,-9817.037539638824455324
1211639.032563885906711221,-8207.951922550144445268,-40161.653790261203539558,-9820.965012837719768868
1211812.967402248177677393,-7682.815864264945957984,-40262.981929501736885868,-9831.517322603971479111
1212094.399882546160370111,-6830.544766781627913588,-40413.196667900112515781,-9845.237575429309799802
1212471.030054927803575993,-5685.542133339764404809,-40587.560059543386159930,-9857.104543899404234253
1212926.397373588057234883,-4295.517853224357168074,-40757.448481739425915293,-9861.514283500679084682
1213440.600101606687530875,-2720.278077305885290116,-40895.214558752610173542,-9853.411693623849714641
1213991.165112350834533572,-1029.459149245830758446,-40978.936177685558504891,-9829.367544468606865848
1214554.030072946567088366,700.829106816719104245,-40996.203308872318302747,-9788.396891948452321230
1215104.595083690714091063,2392.184063632209472416,-40946.235935769320349209,-9732.356770291682551033
1215618.797811709344387054,3968.402800575668152305,-40839.927853682616841979,-9665.839566730965088937
1216074.165130369598045945,5359.679150034514350409,-40697.810693342195008881,-9595.576558589265914634
1216450.795302751241251826,6505.990138950415712316,-40546.333814811179763637,-9529.459691036787262419
1216732.227783049223944545,7359.399765829660282179,-40413.161602246269467287,-9475.356513471395373926
1216906.162621411494910717,7885.308147392061073333,-40322.337776628504798282,-9439.920795500043823267
1216964.998030769871547818,8062.919496647654341359,-40290.145812366659811232,-9427.590033148408110719
1217023.833440128248184919,8240.382348186403760337,-40257.211809844375238754,-9415.085626535876144771
1217197.768278490519151092,8764.114953643747867318,-40155.515699165465775877,-9377.105686775432332070
1217479.200758788501843810,9608.507622694178280653,-39977.285977972162072547,-9312.458608220042151515
1217855.830931170145049691,10732.128346927169332048,-39712.426048804016318172,-9219.808988292188587366
1218311.198249830398708582,12079.756100987733589136,-39352.195732909945945721,-9098.505344771740055876
1218825.400977849029004574,13585.408679244808809017,-38893.262526895210612565,-8949.470360300379979890
1219375.965988593176007271,15176.298863209725823253,-38341.255121723239426501,-8775.947854075962823117
1219938.830949188908562064,16777.416766329457459506,-37713.019917714460461866,-8583.923150421336686122
1220489.395959933055564761,18316.214710799151362153,-37037.025520922114083078,-8382.097720365874920390
1221003.598687951685860753,19726.763496634172042832,-36351.730696300634008367,-8181.390407065534418507
1221458.966006611939519644,20952.818451276536507066,-35702.136638250813120976,-7994.032713411512304447
1221835.596178993582725525,21949.476362246128701372,-35135.081639146621455438,-7832.399975035137686064
1222117.028659291565418243,22683.448595299552835058,-34694.028960832576558460,-7707.757372661277258885
1222290.963497653836384416,23132.310354084380378481,-34414.124139798303076532,-7629.097094175938764238
1222349.798907012213021517,23283.304029962804634124,-34318.187623104880913161,-7602.210877195502689574
1222408.634316370589658618,23433.869053049540525535,-34221.619298013189109042,-7575.184690770225643064
1222582.569154732860624790,23876.450225903463433497,-33932.457270642393268645,-7494.473591112792746571
1222864.001635030843317509,24584.394124535225273576,-33453.040372398914769292,-7361.331863407474884298
1223240.631807412486523390,25515.554195312834053766,-32789.445311237606802024,-7178.311849098708989914
1223695.999126072740182281,26615.612225290333299199,-31954.138471226244291756,-6949.811741170894492825
1224210.201854091370478272,27822.461478930428711465,-30968.599848325629864121,-6682.589035503394370608
1224760.766864835517480969,29071.249288461753167212,-29865.140582020110741723,-6386.063875207311866689
1225323.631825431250035763,30299.486391390746575780,-28687.286520318630209658,-6072.277610205905148177
1225874.196836175397038460,31451.522359840339049697,-27488.408825401362264529,-5755.448528377208276652
1226388.399564194027334452,32481.733154756599105895,-26328.665640048180648591,-5451.157125732546774088
1226843.766882854280993342,33355.990296099866100121,-25270.668282230974000413,-5175.271054930061836785
1227220.397055235924199224,34051.337320065562380478,-24374.507343078144913306,-4942.763690702273379429
1227501.829535533906891942,34554.192051893238385674,-23692.824447363997023785,-4766.582059357581783843
1227675.764373896177858114,34857.711521109522436745,-23266.514488493183307583,-4656.687428944945168041
1227734.599783254554495215,34959.113806562054378446,-23121.459910081408452243,-4619.343913354739925126
1227793.435192612931132317,35059.872718250029720366,-22975.979813423658924876,-4581.915378860636337777
1227967.370030975202098489,35353.965526691026752815,-22543.435194807971129194,-4470.775058161054403172
1228248.802511273184791207,35817.753783976200793404,-21835.914275957355130231,-4289.430967567161133047
1228625.432683654827997088,36414.793641231815854553,-20874.734265572769800201,-4043.932734220104066480
1229080.800002315081655979,37099.938867450196994469,-19691.660452872056339402,-3743.056263744335865340
1229595.002730333711951971,37824.411066802204004489,-18329.704389126738533378,-3398.362496675643797062
1230145.567741077858954668,38541.160395794919168111,-16842.929992700053844601,-3024.011258750668275752
1230708.432701673591509461,39209.723963004376855679,-15294.907061505324236350,-2636.264632025844548480
1231258.997712417738512158,39799.810968510973907541,-13755.777519745379322558,-2252.691655534437359165
1231773.200440436368808150,40293.037227441418508533,-12298.236969637269794475,-1891.161795513594142903
1232228.567759096622467041,40682.574961509060813114,-10992.974538717475297744,-1568.763190299137932016
1232605.197931478265672922,40970.899132161823217757,-9904.186988821857084986,-1300.788300031986864269
1232886.630411776248365641,41166.193368959196959622,-9085.683578044690875686,-1099.895836863840941078
1233060.565250138519331813,41278.232168540518614464,-8577.886303795025014551,-975.500552095699390520
1233119.400659496895968914,41314.629129408116568811,-8405.801913692095695296,-933.385947561684474749
1233178.236068855272606015,41350.265973272042174358,-8233.562871516569430241,-891.254169080643464440
1233352.170907217543572187,41451.167599109649017919,-7723.499647098507011833,-766.607252931441621513
1233633.603387515526264906,41600.306553624286607374,-6895.605555596359408810,-564.671963720419967103
1234010.233559897169470787,41772.485172753047663718,-5783.187168688538804417,-294.072885842647963273
1234465.600878557423129678,41938.595350939700438175,-4432.466242169020006259,33.373876813506456074
1234979.803606576053425670,42070.604039200195984449,-2901.431961738456266175,403.065268377382039944
1235530.368617320200428367,42146.416444190632319078,-1257.666417132822971325,798.258289973529599592
1236093.233577915932983160,42153.744701666102628224,424.895557175602107236,1200.946001281749431655
1236643.798588660079985857,42092.258009794692043215,2070.017470765679718170,1592.882700403343733342
1237158.001316678710281849,41973.601113261633145157,3603.528227580396560370,1956.629096991429832997
1237613.368635338963940740,41819.278784864909539465,4957.415214432709035464,2276.476289792402894818
1237989.998807720607146621,41656.815407667294493876,6073.140436440728080925,2539.138887911605252157
1238271.431288018589839339,41514.911501731934549753,6903.910841955764226441,2734.171784328347712290
1238445.366126380860805511,41418.469531920964072924,7415.924536314398210379,2854.138525949294489692
1238504.201535739237442613,41384.339023729538894258,7588.853164802456376492,2894.615718893420762470
1238563.036945097614079714,41349.447248682794452179,7761.642195981622535328,2935.039661290641106461
1238736.971783459885045886,41241.851257405782234855,8271.610521809283454786,3054.226180166256654047
1239018.404263757867738605,41053.722244192525977269,9093.904401816775134648,3246.025635426661665406
1239395.034436139510944486,40774.937580543883086648,10188.299237470229854807,3500.551577522809566290
1239850.401754799764603376,40396.849529987237474415,11501.153324939177764463,3804.746413288520670903
1240364.604482818394899368,39916.428046789456857368,12968.325958114257446141,4143.187523873370992078
1240915.169493562541902065,39339.887316035281401128,14519.000981554370810045,4499.096524714537736145
1241478.034454158274456859,38684.976989530739956535,16080.127277693965879735,4855.461285430040334177
1242028.599464902421459556,37981.370990461007750127,17580.970931781284889439,5196.135046268664154923
1242542.802192921051755548,37268.967670321268087719,18957.166945791483158246,5506.761335128385326243
1242998.169511581305414438,36594.330951968142471742,20153.723216265221708454,5775.399748051251663128
1243374.799683962948620319,36005.847139491139387246,21126.663068558351369575,5992.792534962600257131
1243656.232164260931313038,35548.368317619322624523,21843.325860855951759731,6152.296767866685513582
1243830.167002623202279210,35258.137802495897631161,22281.670319726905290736,6249.585294256275119551
1243889.002411981578916311,35158.678798992477823049,22429.137996744531847071,6282.267587759413800086
1243947.837821339955553412,35058.573069936450337991,22576.193101470704277745,6314.834313644070789451
1244121.772659702226519585,34758.866783453748212196,23008.492583869126974605,6410.429552465097913228
1244403.205140000209212303,34262.117951247120799962,23700.103452348288556095,6562.916370058646862162
1244779.835312381852418184,33574.814728431701951195,24610.002405946001090342,6762.650467377140557801
1245235.202631042106077075,32710.080439927281986456,25685.287706370403611800,6997.319088539667973237
1245749.405359060736373067,31690.344284376915311441,26865.423492207155504730,7253.026018174676210037
1246299.970369804883375764,30549.180348032692563720,28087.130735703634854872,7515.509577162297318864
1246862.835330400615930557,29331.673479394965397660,29289.352869237878621789,7771.340054185829103517
1247413.400341144762933254,28092.987906698846927611,30417.617041327033803100,8008.925673672044467821
1247927.603069163393229246,26895.207540353483636864,31427.154649294025148265,8219.176665271854290040
1248382.970387823646888137,25802.874704458379710559,32284.359559659176738933,8395.737711116422360647
1248759.600560205290094018,24877.880282729980535805,32966.507185957874753512,8534.787425088736199541
1249041.033040503272786736,24174.408183203562657582,33460.039329685838310979,8634.496142798447181121
1249214.967878865543752909,23734.531838630020502023,33758.030084171623457223,8694.304811910013086163
1249273.803288223920390010,23584.871466723965568235,33857.602684983248764183,8714.219822723234756268
1249332.638697582297027111,23434.777212096079892945,33956.552419188396015670,8733.974509139110523392
1249506.573535944567993283,22988.543652620799548458,34245.416981568523624446,8791.434117911870998796
1249788.006016242550686002,22258.725639709507959196,34701.127857894898625091,8881.407730781205827952
1250164.636188624193891883,21267.434155133934837067,35288.101685580317280255,8995.959935706172473147
1250620.003507284447550774,20047.566682832952210447,35962.221967018376744818,9125.395441349142856780
1251134.206235303077846766,18643.600030993588006822,36675.764435681645409204,9259.458020680538538727
1251684.771246047224849463,17111.362336163732834393,37382.612016923201736063,9388.572100904972103308
1252247.636206642957404256,15516.417863338952884078,38042.990833437535911798,9504.933584689226336195
1252798.201217387104406953,13931.032798942836961942,38626.977548548151389696,9603.269723621533557889
1253312.403945405734702945,12430.035772271732639638,39116.214110547858581413,9681.141320510745572392
1253767.771264065988361835,11086.132243440351885511,39503.598061983975640032,9738.746387045679512084
1254144.401436447631567717,9965.304910523758735508,39791.120193563889188226,9778.282844188723174739
1254425.833916745614260435,9122.828203595187005703,39986.393606624435051344,9803.014197383432474453
1254599.768755107885226607,8600.205891503976090462,40098.666717131469340529,9816.235843725329687004
1254658.604164466261863708,8423.105785934205414378,40135.185643643708317541,9820.350977098447401659
1254717.439573824638500810,8245.850684529406862566,40170.966031801210192498,9824.285390123228353332
1254891.374412186909466982,7720.957386239085280977,40272.418137138105521444,9834.859136326560474117
1255172.806892484892159700,6869.069142941340032849,40422.846549540787236765,9848.616917462120909477
1255549.437064866535365582,5724.558598252972842602,40597.520323591852502432,9860.539382801458486938
1256004.804383526789024472,4335.096250141682503454,40767.819444320019101724,9865.023802932957551093
1256519.007111545419320464,2760.444492723834628123,40906.092670883226674050,9857.014716134557602345
1257069.572122289566323161,1070.196750505405361764,40990.403760764384060167,9833.080347596524006804
1257632.437082885298877954,-659.573821275870386671,41008.317679067389690317,9792.230917035936727189
1258183.002093629445880651,-2350.490547794447593333,40959.020343126176157966,9736.316762232112523634
1258697.204821648076176643,-3926.363321145937334222,40853.366158711913158186,9669.922549013315801858
1259152.572140308329835534,-5317.385882960130402353,40711.846647638281865511,9599.771795731589008938
1259529.202312689973041415,-6463.525057676821234054,40560.874624305426550563,9533.749521821751841344
1259810.634792987955734134,-7316.829103070422206656,40428.084583317249780521,9479.717756145328166895
1259984.569631350226700306,-7842.682056686903706577,40337.498636972071835771,9444.326386389509934816
1260043.405040708603337407,-8020.276361792871284706,40305.387383967514324468,9432.010651696866261773
1260102.240450066979974508,-8197.723032557103579165,40272.534204005241917912,9419.521283068846969400
1260276.175288429250940681,-8721.412859091971768066,40171.077603309357073158,9381.585842819671597681
1260557.607768727233633399,-9565.752345878880078089,39993.236810011323541403,9317.010803302144267946
1260934.237941108876839280,-10689.332960146586628980,39728.898725149650999811,9224.457356183957017493
1261389.605259769130498171,-12036.959665836326166755,39369.298689718205423560,9103.269009386192919919
1261903.807987787760794163,-13542.673165589461859781,38911.071995958831394091,8954.361944316045992309
1262454.372998531907796860,-15133.700742647964943899,38359.809236908957245760,8780.972446554627822479
1263017.237959127640351653,-16735.034742421634291532,37732.316231983859324828,8589.078060106643533800
1263567.802969871787354350,-18274.115989915128011489,37057.022854753144201823,8387.373174925805869862
1264082.005697890417650342,-19684.991357442570006242,36372.355119685817044228,8186.771099355514706986
1264537.373016550671309233,-20911.383497904622345231,35723.290238973051600624,7999.499845162322344549
1264914.003188932314515114,-21908.352895273081230698,35156.652006807933503296,7837.933307166898885043
1265195.435669230297207832,-22642.576374764601496281,34715.897292065870715305,7713.336813035950399353
1265369.370507592568174005,-23091.601054991315322695,34436.170525883862865157,7634.703523832728023990
1265428.205916950944811106,-23242.651132698843866820,34340.293148653814569116,7607.826168387776306190
1265487.041326309321448207,-23393.273201936794066569,34243.783402244589524344,7580.808706031266410719
1265660.976164671592414379,-23836.026735965791885974,33954.791213889155187644,7500.122581688758145901
1265942.408644969575107098,-24544.260985267465002835,33475.638244272566225845,7367.018619509706695681
1266319.038817351218312979,-25475.830827584912185557,32812.374400982960651163,7184.043838101803885365
1266774.406136011471971869,-26576.414641868490434717,31977.432558229342248524,6955.589940256908448646
1267288.608864030102267861,-27783.894074545500188833,30992.256677339431917062,6688.407726647624258476
1267839.173874774249270558,-29033.394629761165560922,29889.124383456477517029,6391.911557053992510191
1268402.038835369981825352,-30262.395162994384008925,28711.535574710189393954,6078.138972777425806271
1268952.603846114128828049,-31415.205746845225803554,27512.846937958791386336,5761.307182187720172806
1269466.806574132759124041,-32446.159329614529269747,26353.215366183696460212,5456.998565194676302781
1269922.173892793012782931,-33321.085554839875840116,25295.263223849269706989,5181.085251058881112840
1270298.804065174655988812,-34016.991224333396530710,24399.101028435718035325,4948.546785453156189760
1270580.236545472638681531,-34520.265136559966776986,23717.394140204585710308,4772.336843315199985227
1270754.171383834909647703,-34824.043977824541798327,23291.059447779869515216,4662.422550207756103191
1270813.006793193286284804,-34925.534004268512944691,23145.994786863182525849,4625.072009702445029689
1270871.842202551662921906,-35026.380646187142701820,23000.503739487154234666,4587.636261595313044381
1271045.777040913933888078,-35320.732668926226324402,22567.921667374659591587,4476.473513667414408701
1271327.209521211916580796,-35784.939451176949660294,21860.324062283161765663,4295.089660407275005127
1271703.839693593559786677,-36382.536292672266426962,20899.010346086302888580,4049.531544142418169940
1272159.207012253813445568,-37068.347358879800594877,19715.727558809216134250,3748.572608795944233862
1272673.409740272443741560,-37793.556967774849908892,18353.473830656090285629,3403.772754061115847435
1273223.974751016590744257,-38511.072969512766576372,16866.309361120831454173,3029.293137281156305107
1273786.839711612323299050,-39180.389261916760005988,15317.813217177956175874,2641.400095876880641299
1274337.404722356470301747,-39771.175703675864497200,13778.150393831254405086,2257.669829438460510573
1274851.607450375100597739,-40265.016855860740179196,12320.051432837355605443,1895.981262217351059007
1275306.974769035354256630,-40655.064259486622177064,11014.248040060387211270,1573.433234194998249222
1275683.604941416997462511,-40943.782852172080310993,9924.981670674094857532,1305.328901618548570696
1275965.037421714980155230,-41139.354674513408099301,9106.102748778350360226,1104.336484509043657454
1276138.972260077251121402,-41251.557358037658559624,8598.066102246182708768,979.878121102192835679
1276197.807669435627758503,-41288.008392125411774032,8425.899512225867511006,937.741962629432123322
1276256.643078794004395604,-41323.698610502258816268,8253.577657834193814779,895.588523064908599736
1276430.577917156275361776,-41424.753883584344293922,7743.266090585744677810,770.876958575011940411
1276712.010397454258054495,-41574.128014214766153600,6914.959327792841577320,568.835213653775554121
1277088.640569835901260376,-41746.594436119208694436,5801.968725709237332921,298.090357135794135957
1277544.007888496154919267,-41913.009585171901562717,4450.527634188437332341,-29.537154576439604625
1278058.210616514785215259,-42045.303350743633927777,2918.646506026251699950,-399.437621228716295718
1278608.775627258932217956,-42121.348017798452929128,1273.939759634226675189,-794.859051031840976975
1279171.640587854664772749,-42128.832456520343839657,-409.615195192067631069,-1197.783596633490788008
1279722.205598598811775446,-42067.416293597481853794,-2055.732114814143642434,-1589.953620936939159947
1280236.408326617442071438,-41948.749880707058764528,-3590.187608580945379799,-1953.918005762693155702
1280691.775645277695730329,-41794.357217424498230685,-4944.919253822196878900,-2273.957221627587387047
1281068.405817659338936210,-41631.791229169153666589,-6061.345937144996241841,-2536.777228698735143553
1281349.838297957321628928,-41489.784225833827804308,-6892.640783275559442700,-2731.926576552516507945
1281523.773136319592595100,-41393.267209359793923795,-7404.978268819491859176,-2851.964681033643955743
1281582.608545677969232202,-41359.109355446154950187,-7578.016317684335263039,-2892.465896650731792761
1281641.443955036345869303,-41324.189243555774737615,-7750.914701950461676461,-2932.913799485467279737
1281815.378793398616835475,-41216.503684863477246836,-8261.205832950334297493,-3052.170769359619043826
1282096.811273696599528193,-41028.211418110178783536,-9084.020065529050043551,-3244.082897213133492187
1282473.441446078242734075,-40749.172919611795805395,-10179.106062795526668197,-3498.756740163532867882
1282928.808764738496392965,-40370.724245467055879999,-11492.784944905335578369,-3803.125312496677452145
1283443.011492757126688957,-39889.825654479362128768,-12960.870060942290365347,-4141.754858759873059171
1283993.576503501273691654,-39312.693400533113162965,-14512.493870610138401389,-4497.855134366796846734
1284556.441464097006246448,-38657.094348143335082568,-16074.553203642291919095,-4854.402704470862772723
1285107.006474841153249145,-37952.735334118464379571,-17576.266765776243119035,-5195.241349788603656634
1285621.209202859783545136,-37239.560798407423135359,-18953.231481649869238026,-5506.007966901520376268
1286076.576521520037204027,-36564.188856989138002973,-20150.429173148273548577,-5774.758756859454479127
1286453.206693901680409908,-35975.061635427649889607,-21123.869191458794375649,-5992.235528800478277844
1286734.639174199663102627,-35517.082101444982981775,-21840.886648145180515712,-6151.796982601276795322
1286908.574012561934068799,-35226.533922424488991965,-22279.441790265325835207,-6249.118432990198925836
1286967.409421920310705900,-35126.966081723025126848,-22426.979224965762114152,-6281.811433920523995766
1287026.244831278687343001,-35026.750826235584099777,-22574.103314605072228005,-6314.388648019542415568
1287200.179669640958309174,-34726.716778086316480767,-23006.602158373400015989,-6410.013599135356344050
1287481.612149938941001892,-34229.425402464723447338,-23698.520784071566595230,-6562.544331182304631511
1287858.242322320584207773,-33541.373622978324419819,-24608.801962880061182659,-6762.328955298043183575
1288313.609640980837866664,-32675.702311663739237702,-25684.502192873009335017,-6997.045695883807638893
1288827.812368999468162656,-31654.870000398095726268,-26865.041594030219130218,-7252.789361551911497372
1289378.377379743615165353,-30512.493219745254464215,-28087.101274681470385985,-7515.290944327115539636
1289941.242340339347720146,-29293.711220779547147686,-29289.595091577866696753,-7771.116483683183105313
1290491.807351083494722843,-28053.750917493096494582,-30418.035427259004791267,-8008.673968375779622875
1291006.010079102125018835,-26854.761756226042052731,-31427.655490068380458979,-8218.877591787053461303
1291461.377397762378677726,-25761.348558817913726671,-32284.866024686303717317,-8395.379558703680231702
1291838.007570144021883607,-24835.456665236291883048,-32966.969908975632279180,-8534.368223965371726081
1292119.440050442004576325,-24131.313156463354971493,-33460.440576812761719339,-8634.024130111349222716
1292293.374888804275542498,-23691.022014725047483807,-33758.380986119795124978,-8693.797091322361666244
1292352.210298162652179599,-23541.221412813556526089,-33857.934419039593194611,-8713.699494200247499975
1292411.045707521028816700,-23390.986983646693261107,-33956.863904099787760060,-8733.441305518077570014
1292584.980545883299782872,-22944.339439780564134708,-34245.662279916643456090,-8790.861292197005241178
1292866.413026181282475591,-22213.853387636248953640,-34701.246050581445160788,-8880.765877147507126210
1293243.043198562925681472,-21221.672923454287229106,-35288.011134336928080302,-8995.216262441832441255
1293698.410517223179340363,-20000.741474014121195069,-35961.820229481360001955,-9124.514403833820324508
1294212.613245241809636354,-18595.592649527225148631,-36674.934635956662532408,-9258.403454248586058384
1294763.178255985956639051,-17062.118411517691129120,-37381.235113193339202553,-9387.310642647815257078
1295326.043216581689193845,-15465.948399661867370014,-38040.961822665936779231,-9503.438836294790235115
1295876.608227325836196542,-13879.409565187326734303,-38624.222605058144836221,-9601.526383948066722951
1296390.810955344466492534,-12377.381247027185963816,-39112.705326895556936506,-9679.148484809333240264
1296846.178274004720151424,-11032.606170755609127809,-39499.362973279807192739,-9736.519383337941690115
1297222.808446386363357306,-9911.090287253191490890,-39786.244429356462205760,-9775.853292151845380431
1297504.240926684346050024,-9068.119413514428742928,-39981.016405152135121170,-9800.428317780175348162
1297678.175765046617016196,-8545.200777674755954649,-40092.970212471693230327,-9813.551309608155861497
1297737.011174404993653297,-8368.002049025524684112,-40129.379540548179647885,-9817.632729276687314268
1297795.846583763370290399,-8190.649150676814315375,-40165.049536311977135483,-9821.533258212719374569
1297969.781422125641256571,-7665.471632405809032207,-40266.170706257551501039,-9832.005853621112692053
1298251.213902423623949289,-6813.139369333482136426,-40416.049490642020828091,-9845.596965441702195676
1298627.844074805267155170,-5668.066364277104185021,-40589.961436044344736729,-9857.290883159908844391
1299083.211393465520814061,-4277.974623343344319437,-40759.301651900059368927,-9861.491220523746960680
1299597.414121484151110053,-2702.681945508769786102,-40896.446274395530053880,-9853.152217541730351513
1300147.979132228298112750,-1011.833820754553471488,-40979.500605090397584718,-9828.855353223032579990
1300710.844092824030667543,718.454897052465639717,-40996.084619812849268783,-9787.627199824510171311
1301261.409103568177670240,2409.781561266941025679,-40945.449255547297070734,-9731.336459457445016596
1301775.611831586807966232,3985.948242738683802600,-40838.518435422236507293,-9664.586670189704818767
1302230.979150247061625123,5377.157883641607440950,-40695.851427609282836784,-9594.119152333991223713
1302607.609322628704831004,6523.399125640238708002,-40543.921388482129259501,-9527.834343340768100461
1302889.041802926687523723,7376.748055500104783277,-40410.411730532759975176,-9473.606468269432298257
1303062.976641288958489895,7902.615267515944651677,-40319.379924189350276720,-9438.094048810196909471
1303121.812050647335126996,8080.212059886985116464,-40287.117714488638739567,-9425.737407328366316506
1303180.647460005711764097,8257.660036086370382691,-40254.113522439722146373,-9413.207155742040413315
1303354.582298367982730269,8781.346806022822420346,-40152.210250256459403317,-9375.151014950450189644
1303636.014778665965422988,9625.659441072091794922,-39973.646478733448020648,-9310.381312906771199778
1304012.644951047608628869,10749.161758663018190418,-39708.341932265975628980,-9217.568970596841609222
1304468.012269707862287760,12096.629198237013042672,-39347.578203324119385798,-9096.070857122165762121
1304982.214997726492583752,13602.078387637615378480,-38888.048828428691194858,-8946.819518130374490283
1305532.780008470639586449,15192.724822389436667436,-38335.411258121705031954,-8773.069501533815127914
1306095.644969066372141242,16793.566162055707536638,-37706.541570965440769214,-8580.817008136242293403
1306646.209979810519143939,18332.067261848365888000,-37029.937121684386511333,-8378.773830190832086373
1307160.412707829149439931,19742.315723025181796402,-36344.082847379751910921,-8177.867985543912254798
1307615.780026489403098822,20968.086447661306010559,-35694.002314924517122563,-7990.338605601264134748
1307992.410198871046304703,21964.496541593103756895,-35126.551718059970880859,-7828.566938636206032243
1308273.842679169028997421,22698.276190702526946552,-34685.207621914669289254,-7703.822406399141073052
1308447.777517531299963593,23147.015798764517967356,-34405.124546375300269574,-7625.099958244985828060
1308506.612926889676600695,23297.967619418672256870,-34309.128059665948967449,-7598.192856814103834040
1308565.448336248053237796,23448.490517403919511707,-34212.499931471349555068,-7571.145859944262156205
1308739.383174610324203968,23890.945585315435891971,-33923.162095191401022021,-7490.373674946176834055
1309020.815654908306896687,24598.680512709146569250,-33443.463914282365294639,-7357.134511107384241768
1309397.445827289950102568,25529.551529307191231055,-32779.498759534719283693,-7173.986876255084098375
1309852.813145950203761458,26629.246001918199908687,-31943.754506957451667404,-6945.336835104042620515
1310367.015873968834057450,27835.666681412254547467,-30957.735752641870931257,-6677.950766318544083333
1310917.580884712981060147,29083.975053906422544969,-29853.779360208365687868,-6381.257927666481009510
1311480.445845308713614941,30311.700822313272510655,-28675.436010067809547763,-6067.308249854278983548
1312031.010856052860617638,31463.216728682360553648,-27476.099033203787257662,-5750.327424704229997587
1312545.213584071490913630,32492.924780610690504545,-26315.944807984935323475,-5445.901751307937047386
1313000.580902731744572520,33366.723552375238796230,-25257.598358809926139656,-5169.902936705181673460
1313377.211075113387778401,34061.682505285803927109,-24361.159563422956125578,-4937.306790361171806580
1313658.643555411370471120,34564.242149301921017468,-23679.275604806902265409,-4761.061501085830059310
1313832.578393773641437292,34867.577121539477957413,-23252.844230393220641417,-4651.128688807196340349
1313891.413803132018074393,34968.916638394039182458,-23107.749078658060170710,-4613.772459879676716810
1313950.249212490394711494,35069.612601187116524670,-22962.228661078701406950,-4576.331314605298757670
1314124.184050852665677667,35363.518270952903549187,-22529.566325090774626005,-4465.154314697244444687
1314405.616531150648370385,35827.000492559112899471,-21821.859669495657726657,-4283.752793566966829530
1314782.246703532291576266,36423.624729416536865756,-20860.440369731833925471,-4038.181448765867116890
1315237.614022192545235157,37108.258589634126110468,-19677.091656105872971239,-3737.222379894571986370
1315751.816750211175531149,37832.142365760751999915,-18314.844496685556805460,-3392.443078378407335549
1316302.381760955322533846,38548.249646717442374211,-16827.781585411623382242,-3018.009484084265750425
1316865.246721551055088639,39216.145032926178828347,-15279.488930983545287745,-2630.188659459359314496
1317415.811732295202091336,39805.568000017883605324,-13740.120677547016384779,-2246.553005049943749327
1317930.014460313832387328,40298.165687942200747784,-12282.379956857219440280,-1884.973537312304415536
1318385.381778974086046219,40687.140733716187241953,-10976.958856879884478985,-1562.538259762654661245
1318762.011951355729252100,40974.995685429850709625,-9888.053403615860588616,-1294.538220634223307570
1319043.444431653711944818,41169.937270830014313105,-9069.469827113505743910,-1093.630040634481702000
1319217.379270015982910991,41281.757323465521039907,-8561.626418585357896518,-969.226360899609630906
1319276.214679374359548092,41318.080160859011812136,-8389.527014491939553409,-927.109144976865650278
1319335.050088732736185193,41353.642817849744460545,-8217.273257774699231959,-884.974870599984001274
1319508.984927095007151365,41454.324767822901776526,-7707.168286577771141310,-760.321251676665269770
1319790.417407392989844084,41603.107221260652295314,-6879.212212266680580797,-558.377258511279933373
1320167.047579774633049965,41774.806934051382995676,-5766.721677647143224021,-287.770679039973458657
1320622.414898434886708856,41940.335788304422749206,-4415.930101616316278523,39.678808140462308529
1321136.617626453517004848,42071.685776777681894600,-2884.837952788032453100,409.364923623062452407
1321687.182637197664007545,42146.791247487708460540,-1241.036295942659080538,804.542483616888375764
1322250.047597793396562338,42153.396168733910599258,441.534906346111029052,1207.203923796016169945
1322800.612608537543565035,42091.202512402989668772,2086.638746281571002328,1599.104732836009134189
1323314.815336556173861027,41971.886860877020808402,3620.108444787030748557,1962.808557256264066382
1323770.182655216427519917,41816.983137772600457538,4973.939620382793691533,2282.610797967289272492
1324146.812827598070725799,41654.040780081013508607,6089.604921325646500918,2545.231106822010588075
1324428.245307896053418517,41511.780308372115541715,6920.322447455329893273,2740.229403350875145406
1324602.180146258324384689,41415.118618721680832095,7432.300005436608444143,2860.173485263926068001
1324661.015555616701021791,41380.913908089773030952,7605.215814236348705890,2900.642793512391108379
1324719.850964975077658892,41345.947993651010619942,7777.991724743450504320,2941.058740340430176730
1324893.785803337348625064,41238.133206315455026925,8287.919504203720862279,3060.220974998114797927
1325175.218283635331317782,41049.651455710685695522,9110.142228701335625374,3251.979097986600663717
1325551.848456016974523664,40770.397445333168434445,10204.431153066647311789,3506.445809381465096521
1326007.215774677228182554,40391.746532372177171055,11517.140958435877109878,3810.563103025024247472
1326521.418502695858478546,39910.696255446477152873,12984.129501320296185440,4148.908952727487303491
1327071.983513440005481243,39333.491216640293714590,14534.582812251670475234,4504.707049054100025387
1327634.848474035738036036,38677.912399589658889454,16095.456504007543117041,4860.949087545937800314
1328185.413484779885038733,37973.664015954847855028,17596.028107169000577414,5201.493868939825006237
1328699.616212798515334725,37260.671927591822168324,18971.948128453626850387,5511.991897675900872855
1329154.983531458768993616,36585.523512532090535387,20168.242635320526460418,5780.510584623689283035
1329531.613703840412199497,35996.623787984863156453,21140.953884927868784871,5997.800086299182112271
1329813.046184138394892216,35538.838701624175882898,21857.438815106797846965,6157.224672039807956025
1329986.981022500665858388,35248.420901724937721156,22295.670374376248219050,6254.462934515859160456
1330045.816431859042495489,35148.898899091196653899,22443.099351492870482616,6287.128047781772693270
1330104.651841217419132590,35048.730350788333453238,22590.115499498115241295,6319.677504014670375909
1330278.586679579690098763,34748.839415168426057789,23022.298319389792595757,6415.221168827497422171
1330560.019159877672791481,34251.795241232626722194,23713.715731310716364533,6567.622909891279050498
1330936.649332259315997362,33564.103592492312600370,24623.346840221318416297,6767.240059465132617333
1331392.016650919569656253,32698.910482064424286364,25698.294887680218380410,7001.762672259626924642
1331906.219378938199952245,31678.671041688648983836,26878.032636178297252627,7257.298850712835701415
1332456.784389682346954942,30536.986426095609203912,28099.294070296218706062,7519.592934554239036515
1333019.649350278079509735,29318.967551874928176403,29301.040186466419982025,7775.222906029564001074
1333570.214361022226512432,28079.801846041773387697,30428.819700675347121432,8012.606074227154749678
1334084.417089040856808424,26881.592219609556195792,31437.888345969528018031,8222.662624236894771457
1334539.784407701110467315,25788.895189794377074577,32294.665337595306482399,8399.047377641434650286
1334916.414580082753673196,24863.611166641876479844,32976.450432853052916471,8537.948516869373634108
1335197.847060380736365914,24159.929674651026289212,33469.706769940145022701,8637.544651611031440552
1335371.781898743007332087,23719.926959532956971088,33767.525023870388395153,8697.283095791231971816
1335430.617308101383969188,23570.224371770778816426,33867.038927399829844944,8717.174243248278799001
1335489.452717459760606289,23420.088170702991192229,33965.929790668138593901,8736.905011937204108108
1335663.387555822031572461,22973.732188148369459668,34254.619308118541084696,8794.293599142380116973
1335944.820036120014265180,22243.721142077214608435,34710.043833270792674739,8884.151327580975703313
1336321.450208501657471061,21252.181222803206765093,35296.628595566704461817,8998.546649936139147030
1336776.817527161911129951,20032.028748551900207531,35970.269914538781449664,9127.789881508122562082
1337291.020255180541425943,18627.760867415479879128,36683.260897693166043609,9261.632181629254773725
1337841.585265924688428640,17095.225320845995156560,37389.506331350159598514,9390.507024982520306366
1338404.450226520420983434,15500.003214378531993134,38049.258066826318099629,9506.620705831590385060
1338955.015237264567986131,13914.373314852662588237,38632.621179647234384902,9604.711703534907428548
1339469.217965283198282123,12413.171850876333337510,39121.267086613654100802,9682.352241731472531683
1339924.585283943451941013,11069.107052066468895646,39508.122004353135707788,9739.751254579170563375
1340301.215456325095146894,9948.160503505194355967,39795.202779179031495005,9779.116438583285344066
1340582.647936623077839613,9105.603147233556228457,39990.144362745500984602,9803.719391749848000472
1340756.582774985348805785,8582.934614773830617196,40102.211591552651952952,9816.861530282147214166
1340815.418184343725442886,8405.819502909154834924,40138.660745353328820784,9820.949745775469637010
1340874.253593702102079988,8228.549713274502209970,40174.371296736018848605,9824.857229872910465929
1341048.188432064373046160,7703.614854879576341773,40275.616581723668787163,9835.351306398988526780
1341329.620912362355738878,6851.665275560748341377,40425.709274635075416882,9848.980016687281022314
1341706.251084743998944759,5707.084115454929815314,40599.931903142583905719,9860.729520844342914643
1342161.618403404252603650,4317.553989002785783669,40769.683159751031780615,9865.004640070523237227
1342675.821131422882899642,2742.848943335640342411,40907.335288317270169500,9856.759244900389603572
1343226.386142167029902339,1052.571561124937034037,40990.979434279921406414,9832.572261311557667796
1343789.251102762762457132,-677.199953639921432114,41008.210545840098347981,9791.465418733472688473
1344339.816113506909459829,-2368.088881874016351503,40958.245478321594418958,9735.300718414742732421
1344854.018841525539755821,-3943.910079016386589501,40851.968758093345968518,9668.673975220623105997
1345309.386160185793414712,-5334.866368187823354674,40709.899545283493353054,9598.318751181741390610
1345686.016332567436620593,-6480.936162947528828226,40558.474457761236408260,9532.128560576937161386
1345967.448812865419313312,-7334.179788464018201921,40425.347028989941463806,9477.972111437542480417
1346141.383651227690279484,-7859.991744795817794511,40334.553131300759559963,9442.504046965181260020
1346200.219060586066916585,-8037.571551426221049041,40302.371641717159945983,9430.162435102700328571
1346259.054469944443553686,-8215.003405322047910886,40269.448280541815620381,9417.647223294336072286
1346432.989308306714519858,-8738.647569505819774349,40167.784539719999884255,9379.635586340078589274
1346714.421788604697212577,-9582.907303195454005618,39989.609720538966939785,9314.937927247648985940
1347091.051960986340418458,-10706.369887239936360857,39724.827031445180182345,9222.221757033392350422
1347546.419279646594077349,-12053.836732522522652289,39364.693568749818950891,9100.838930384015839081
1348060.622007665224373341,-13559.347351970500312746,38905.870650757933617570,8951.715487882565867039
1348611.187018409371376038,-15150.131715659181281808,38353.977621616293617990,8778.098441705087680020
1349174.051979005103930831,-16751.189686314522987232,37725.849978306614502799,8585.976212601155566517
1349724.616989749250933528,-18289.974594491264724638,37049.946351090562529862,8384.053514589908445487
1350238.819717767881229520,-19700.550090407661627978,36364.718942471125046723,8183.252835794989550777
1350694.187036428134888411,-20926.658384269576345105,35715.167358529739431106,7995.809823078603585600
1351070.817208809778094292,-21923.380267546152026625,35148.133318521453475114,7834.104290989096625708
1351352.249689107760787010,-22657.411380374880536692,34707.087017126985301729,7709.405814815927442396
1351526.184527470031753182,-23106.314040055764053250,34427.181887199825723656,7630.710322372450718831
1351585.019936828408390284,-23257.322305839064938482,34331.244502172325155698,7603.812070898870842939
1351643.855346186785027385,-23407.902292898113955744,34234.674914464434550609,7576.773786409155036381
1351817.790184549055993557,-23850.529846631699911086,33945.506801890864153393,7496.026541536271906807
1352099.222664847038686275,-24558.555319067494565388,33466.072355646239884663,7362.825084341074216354
1352475.852837228681892157,-25489.836352565329434583,32802.438145491563773248,7179.722600035983305133
1352931.220155888935551047,-26590.056882362860051217,31967.058540061319945380,6951.118664406622883689
1353445.422883907565847039,-27797.108015953490394168,30981.402108584497909760,6683.772963772454204445
1353995.987894651712849736,-29046.129387580316688400,29877.772214690077817068,6387.108977306527776818
1354558.852855247445404530,-30274.618799305466382066,28699.693609784295404097,6073.172833566355620860
1355109.417865991592407227,-31426.909482458147977013,27500.545175434170232620,5756.189152526336329174
1355623.620594010222703218,-32457.360429639491485432,26340.502068573801807361,5451.746125204464078706
1356078.987912670476362109,-33331.828344641005969606,25282.200387949756986927,5175.719942776458992739
1356455.618085052119567990,-34027.345966401335317641,24385.759962379106582375,4943.092592007412349631
1356737.050565350102260709,-34530.324792873303522356,23703.851730142618180253,4766.818915159327843867
1356910.985403712373226881,-34833.919131825932709035,23277.395447986327781109,4656.866392914344942255
1356969.820813070749863982,-34935.346386723605974112,23132.290154774582333630,4619.503123122057331784
1357028.656222429126501083,-35036.130076220033515710,22986.758727488046133658,4582.054748308082707808
1357202.591060791397467256,-35330.294946468420675956,22554.058763562148669735,4470.855274238540914666
1357484.023541089380159974,-35794.195659957891621161,21846.275139577537629521,4289.413915064716093184
1357860.653713471023365855,-36391.376816047879401594,20884.721757456252817065,4043.782587826303824841
1358316.021032131277024746,-37076.676406077043793630,19701.163617309288383694,3742.740936374856119073
1358830.223760149907320738,-37801.297426133336557541,18338.618290245052776299,3397.855418571008613071
1359380.788770894054323435,-38518.171154805932019372,16851.164778984391887207,3023.293313870130077703
1359943.653731489786878228,-39186.818986333106295206,15302.398389976573525928,2635.325947905951124994
1360494.218742233933880925,-39776.941068705811630934,13762.496364927319518756,2251.532888512481349608
1361008.421470252564176917,-40270.153309562054346316,12304.196797259333834518,1889.794615042142822858
1361463.788788912817835808,-40659.637692231153778266,10998.234369054089256679,1567.209835322894832643
1361840.418961294461041689,-40947.886769636730605271,9908.849808814149582759,1299.080294274995139858
1362121.851441592443734407,-41143.105707150047237519,9089.890516244853643002,1098.072119550909519603
1362295.786279954714700580,-41255.089494512874807697,8581.807613203471191810,973.605337639991830656
1362354.621689313091337681,-41291.466353817428171169,8409.625968635602475842,931.466560111309036074
1362413.457098671467974782,-41327.082333595688396599,8237.289359550157314516,889.310617134393282868
1362587.391937033738940954,-41427.917775498695846181,7726.935929225850486546,764.592328540074390730
1362868.824417331721633673,-41576.935146355725009926,6898.567003258302975155,562.541848024885211998
1363245.454589713364839554,-41748.922302075246989261,5785.504027778864838183,291.789453289606910857
1363700.821908373618498445,-41914.755672658087860327,4433.992039024950827297,-35.840818178982260633
1364215.024636392248794436,-42046.390201901303953491,2902.052797533801367535,-405.736036185335763093
1364765.589647136395797133,-42121.727336079522501677,1257.309719630447034433,-801.142018728623611423
1365328.454607732128351927,-42128.487804735072131734,-426.254639310080619907,-1204.040291303446792881
1365879.019618476275354624,-42066.364040053253120277,-2072.353608789002464619,-1596.174407086259179778
1366393.222346494905650616,-41947.038265182833129074,-3606.768114751843768317,-1960.096187471513076162
1366848.589665155159309506,-41792.063663006912975106,-4961.443974242136391695,-2280.090410417258681264
1367225.219837536802515388,-41629.018241268953715917,-6077.810731020518687728,-2542.868085731038718222
1367506.652317834785208106,-41486.654332858226553071,-6909.052677838795716525,-2737.982796791445252893
1367680.587156197056174278,-41389.917386787514260504,-7421.354007891327455582,-2857.998216557127307169
1367739.422565555432811379,-41355.685259501864493359,-7594.379229424822369765,-2898.491538640167163976
1367798.257974913809448481,-41320.690937307568674441,-7767.264484780220300308,-2938.931436875896906713
1367972.192813276080414653,-41212.786373087299580220,-8277.515041572120026103,-3058.164094719857985183
1368253.625293574063107371,-41024.141030834318371490,-9100.258062561813858338,-3250.034841776790017320
1368630.255465955706313252,-40744.632735629413218703,-10195.238052178272482706,-3504.649382324855196202
1369085.622784615959972143,-40365.620660715816484299,-11508.772503231037262594,-3808.940315641690631310
1369599.825512634590268135,-39884.092678504748619162,-12976.673318447394194664,-4147.474478449684283987
1370150.390523378737270832,-39306.295492892204492819,-14528.075141177132536541,-4503.463703266634183819
1370713.255483974469825625,-38650.027334011501807254,-16089.881538058616570197,-4859.888386135707150970
1371263.820494718616828322,-37945.025358310638694093,-17591.322676182502618758,-5200.597876182722757221
1371778.023222737247124314,-37231.261541633080923930,-18968.011009119472873863,-5511.236056786568951793
1372233.390541397500783205,-36555.377473205204296391,-20164.946559175405127462,-5779.866955344034067821
1372610.020713779143989086,-35965.834002114541362971,-21138.157640384182741400,-5997.240299088009123807
1372891.453194077126681805,-35507.547963115823222324,-21854.996972642667969922,-6156.721995482324018667
1373065.388032439397647977,-35216.812355868351005483,-22293.439047913132526446,-6253.993112433224268898
1373124.223441797774285078,-35117.181468435810529627,-22440.937725271582166897,-6286.668909376237934339
1373183.058851156150922179,-35016.903346574115857948,-22588.022800316346547334,-6319.228829958075039031
1373356.993689518421888351,-34716.684512771375011653,-23020.404807991373672849,-6414.802135851449747861
1373638.426169816404581070,-34219.097583624621620402,-23712.129688564018579200,-6567.247674125758749142
1374015.056342198047786951,-33530.657112991233589128,-24622.142622263407247374,-6766.915189942069446261
1374470.423660858301445842,-32664.526688159447076032,-25697.505094761836517137,-7001.485722973905467370
1374984.626388876931741834,-31643.190802877001260640,-26877.645864326408627676,-7257.058406727776855405
1375535.191399621078744531,-30500.293082646756374743,-28099.259073684472241439,-7519.370261654315982014
1376098.056360216811299324,-29280.998866880981950089,-29301.276172966405283660,-7774.995032466962584294
1376648.621370960958302021,-28040.558279467190004652,-30429.231146810547215864,-8012.349805515028492664
1377162.824098979588598013,-26841.139768115346669219,-31438.381576145777216880,-8222.358742684613389429
1377618.191417639842256904,-25747.362339029255963396,-32295.163590035168454051,-8398.684200283023528755
1377994.821590021485462785,-24821.180842937079432886,-32976.904441549617331475,-8537.524111889657433494
1378276.254070319468155503,-24116.827958831661817385,-33470.098926456666958984,-8637.067301960807526484
1378450.188908681739121675,-23676.410464838183543179,-33767.866602347807202023,-8696.769956322767029633
1378509.024318040115758777,-23526.567654590638994705,-33867.361259196564787999,-8716.648468205321478308
1378567.859727398492395878,-23376.291287178402853897,-33966.231794529157923535,-8736.366334195639865356
1378741.794565760763362050,-22929.521348403723095544,-34254.854892528222990222,-8793.715217954752006335
1379023.227046058746054769,-22198.842321169249771629,-34710.151935615889669862,-8883.503787711006225436
1379399.857218440389260650,-21206.413524122879607603,-35296.527451969384856056,-8997.797117420583163039
1379855.224537100642919540,-19985.197232576232636347,-35969.856982154240540694,-9126.902779201423982158
1380369.427265119273215532,-18579.747407187594944844,-36682.419231591251445934,-9260.571324074819131056
1380919.992275863420218229,-17045.975617468317068415,-37388.116856436463422142,-9389.239041309463573270
1381482.857236459152773023,-15449.528336714236502303,-38047.215783849278523121,-9505.119202500176470494
1382033.422247203299775720,-13862.745078971503971843,-38629.852301593426091131,-9602.961395567195722833
1382547.624975221930071712,-12360.512755619885865599,-39117.743774228962138295,-9680.352249565950842225
1383002.992293882183730602,-11015.576828782710435917,-39503.871883057501690928,-9737.516937533649979741
1383379.622466263826936483,-9893.942101531363732647,-39790.311583067188621499,-9776.679450879249998252
1383661.054946561809629202,-9050.890870550230829394,-39984.751442028384190053,-9801.125989682397630531
1383834.989784924080595374,-8527.926200751649957965,-40096.499195013690041378,-9814.169422099195799092
1383893.825194282457232475,-8350.712529858063135180,-40132.838692863231699448,-9818.223906793369678780
1383952.660603640833869576,-8173.345007826930668671,-40168.438794788511586376,-9822.097489891628356418
1384126.595442003104835749,-7648.126123140660638455,-40269.352978367853211239,-9832.490366718879158725
1384408.027922301087528467,-6795.732846306807005021,-40418.895783336520253215,-9845.952332072009085095
1384784.658094682730734348,-5650.589673548043720075,-40592.356252812976890709,-9857.473194381951543619
1385240.025413342984393239,-4260.430719246242006193,-40761.148233053747389931,-9861.464127939872923889
1385754.228141361614689231,-2685.085419789808838686,-40897.671376717822568025,-9852.888715427294300753
1386304.793152105761691928,-994.208399051457490714,-40980.058403458351676818,-9828.339146052094292827
1386867.658112701494246721,736.080472930735595583,-40995.959296703054860700,-9786.853508803938893834
1387418.223123445641249418,2427.378544052392498998,-40944.655947190592996776,-9730.312172905076295137
1387932.425851464271545410,4003.492890156449902861,-40837.102404206503706519,-9663.329825369473837782
1388387.793170124525204301,5394.635575562017038465,-40693.885570131176791620,-9592.657826737837240216
1388764.423342506168410182,6540.806867262394007412,-40541.502393446236965246,-9526.205103506750674569
1389045.855822804151102901,7394.094948737095364777,-40407.655310564485262148,-9471.852553175105640548
1389219.790661166422069073,7919.920897948758465645,-40316.415537515647883993,-9436.263446792483591707
1389278.626070524798706174,8097.503101943579167710,-40284.083087356702890247,-9423.880931247627813718
1389337.461479883175343275,8274.936171340073997271,-40251.008710882022569422,-9411.324839825581875630
1389511.396318245446309447,8798.577012910314806504,-40148.898292976293305401,-9373.192513606232751044
1389792.828798543429002166,9642.809464301291882293,-39970.000498876426718198,-9308.300214625318403705
1390169.458970925072208047,10766.193176168810168747,-39704.251376519663608633,-9215.325187970389379188
1390624.826289585325866938,12113.500062585844716523,-39342.954291081485280301,-9093.632654321148947929
1391139.029017603956162930,13618.745596605538594304,-38882.828819621245202143,-8944.165021942819294054
1391689.594028348103165627,15209.148000689125183271,-38329.561171441426267847,-8770.187566124559452874
1392252.458988943835720420,16809.712493808026920306,-37700.057100716250715777,-8577.707361693164784811
1392803.023999687982723117,18347.916477017948636785,-37022.842706328527128790,-8375.446518558797833975
1393317.226727706613019109,19757.864364446271792985,-36336.429091389247332700,-8174.342224786910264811
1393772.594046366866677999,20983.350642692006658763,-35685.862188036342558917,-7986.641235292284363823
1394149.224218748509883881,21979.512743778843287146,-35118.016083860005892348,-7824.730705928000134008
1394430.656699046492576599,22713.099679528721026145,-34676.380640285773552023,-7699.884294863301875012
1394604.591537408763542771,23161.717057747344370000,-34396.119354941954952665,-7621.099709245605481556
1394663.426946767140179873,23312.626996565828449093,-34300.062913541267334949,-7594.171734371656384610
1394722.262356125516816974,23463.107742915843118681,-34203.374997671060555149,-7567.103938121713326836
1394896.197194487787783146,23905.436627902185136918,-33913.861398687491600867,-7486.270700824645246030
1395177.629674785770475864,24612.962459357462648768,-33433.882011751869868021,-7352.934155354178074049
1395554.259847167413681746,25543.544257834033487597,-32769.546869560406776145,-7169.658974870249949163
1396009.627165827667340636,26642.874979519332555356,-31933.365338115272606956,-6940.859094011903835053
1396523.829893846297636628,27848.866872678059735335,-30946.866610242290335009,-6673.309771457297756569
1397074.394904590444639325,29096.695588765640422935,-29842.413268553791567683,-6376.449375772163875808
1397637.259865186177194118,30323.909807104588253424,-28663.580818902068131138,-6062.336413517139590112
1398187.824875930324196815,31474.905449436784692807,-27463.784752513136481866,-5745.203974642102366488
1398702.027603948954492807,32504.110577978615765460,-26303.219673673636862077,-5440.644154947867718874
1399157.394922609208151698,33377.450827243948879186,-25244.524303127443999983,-5164.532709369699659874
1399534.025094990851357579,34072.021587598079349846,-24347.807795546817942522,-4931.847875986638428003
1399815.457575288834050298,34574.286056013261259068,-23665.722883628364797914,-4755.539000820527689939
1399989.392413651105016470,34877.436478316973079927,-23239.170162226542743156,-4645.568051609417125292
1400048.227823009481653571,34978.713208887886139564,-23094.034460496470273938,-4608.199124613208368828
1400107.063232367858290672,35079.346205215668305755,-22948.473745393577701179,-4570.745383861778464052
1400280.998070730129256845,35373.064685040233598556,-22515.693761607853957685,-4459.531750185693454114
1400562.430551028111949563,35836.240790178177121561,-21807.801483093695424031,-4278.072872659727181599
1400939.060723409755155444,36432.449302751156210434,-20846.143048625341180013,-4032.428516768275130744
1401394.428042070008814335,37116.571677933250612114,-19662.519624517746706260,-3731.386972495952704776
1401908.630770088639110327,37839.866905219321779441,-18299.981588740720326314,-3386.522277427477092715
1402459.195780832786113024,38555.332014179883117322,-16812.630402129136200529,-3012.006479768908320693
1403022.060741428518667817,39222.559104126485181041,-15264.068273940180006321,-2624.111615709923171380
1403572.625752172665670514,39811.317931462224805728,-13724.461556958800429129,-2240.413440129647824506
1404086.828480191295966506,40303.286964060571335722,-12266.520900747045743628,-1878.784512402899053995
1404542.195798851549625397,40691.699255295097827911,-10960.941342278681986500,-1556.312694246841601853
1404918.825971233192831278,40979.084939313179347664,-9871.918161336432604003,-1288.287615742529851559
1405200.258451531175523996,41173.673840473944437690,-9053.254551211983198300,-1087.363800985253419640
1405374.193289893446490169,41285.275127408473053947,-8545.365090373168641236,-962.951777103411131975
1405433.028699251823127270,41321.523835251093260013,-8373.250700068816513522,-920.831966996931896574
1405491.864108610199764371,41357.012299427216930781,-8200.982256615374353714,-878.695213936081586326
1405665.798946972470730543,41457.474556763940199744,-7690.835620987755646638,-754.034943159184649630
1405947.231427270453423262,41605.900484501398750581,-6862.817697547121497337,-552.082328531148732509
1406323.861599652096629143,41777.121262879467394669,-5750.255194872693209618,-281.468358002699062581
1406779.228918312350288033,41942.068766738506383263,-4399.393187527728514397,45.983719951421790029
1407293.431646330980584025,42072.760035426268586889,-2868.243417698227858637,415.664408356287594870
1407843.996657075127586722,42147.158562091295607388,-1224.405914309468698775,810.826345346615880771
1408406.861617670860141516,42153.040149592845409643,458.174243902457419608,1213.461349946336213179
1408957.426628415007144213,42090.139543423167197034,2103.259744091674747324,1605.326108856314249351
1409471.629356433637440205,41970.165161426164559089,3636.688136169667359354,1968.987212581976791625
1409926.996675093891099095,41814.680074065065127797,4990.463281389013900480,2288.744370609488214541
1410303.626847475534304976,41651.258767240142333321,6106.068480646116768185,2551.322282960304619337
1410585.059327773516997695,41508.641756826116761658,6936.732992872734030243,2746.285899976947803225
1410758.994166135787963867,41411.760365614289185032,7448.674331559994243435,2866.207273205776800751
1410817.829575494164600968,41377.481458991831459571,7621.577292664913329645,2906.668680234045950783
1410876.664984852541238070,41342.441411745843652170,7794.340054515017072845,2947.076614990231973934
1411050.599823214812204242,41234.407848605856997892,8304.227205007278826088,3066.214516774005915067
1411332.032303512794896960,41045.573395867228100542,9126.378640787066615303,3257.931229193827675772
1411708.662475894438102841,40765.850090728956274688,10220.561476539549403242,3512.338605988765721122
1412164.029794554691761732,40386.636385457044525538,11533.126787029443221400,3816.378233343213196349
1412678.232522573322057724,39904.957403415814042091,12999.931001755279794452,4154.628684026469272794
1413228.797533317469060421,39327.088162426131020766,14550.162348679761635140,4510.315730582498872536
1413791.662493913201615214,38670.840974637823819648,16110.783182758259499678,4866.434901419792367960
1414342.227504657348617911,37965.950334757893870119,17611.082491380802821368,5206.850564352457695350
1414856.430232675978913903,37252.369607773463940248,18986.726296467695647152,5517.220206219549254456
1415311.797551336232572794,36576.709618498658528551,20182.758845350646879524,5785.619057587348834204
1415688.427723717875778675,35987.394088571207248606,21155.241334166108572390,6002.805185336157592246
1415969.860204015858471394,35529.302820571843767539,21871.548285733118973440,6162.150058843042643275
1416143.795042378129437566,35238.697788421428413130,22309.666874133978126338,6259.338017717876027746
1416202.630451736506074667,35139.112804650860198308,22457.057127371437672991,6291.985937414479849394
1416261.465861094882711768,35038.881455208582337946,22604.034294743392820237,6324.518110710809196462
1416435.400699457153677940,34738.805924645348568447,23036.100381825410295278,6420.010162520447011048
1416716.833179755136370659,34241.466498748355661519,23727.324224690619303146,6572.326764854864450172
1417093.463352136779576540,33553.386548181122634560,24636.687340863012650516,6771.826885217068593192
1417548.830670797033235431,32687.734771808856748976,25711.297960321990103694,7006.203393935003077786
1418063.033398815663531423,31666.992230349384044530,26890.637479280892875977,7261.568716927557943563
1418613.598409559810534120,30524.787140908119909000,28111.452904929734359030,7523.673218592493867618
1419176.463370155543088913,29306.256480021002062131,29312.722807688151078764,7779.102580215682792186
1419727.028380899690091610,28066.610863564808823867,30440.017479894540883834,8016.283200273010152159
1420241.231108918320387602,26867.972192031233134912,31448.616997642806381918,8226.145222996843585861
1420696.598427578574046493,25774.911164214896416524,32304.965930428290448617,8402.353612008055279148
1421073.228599960217252374,24849.337705447302141692,32986.388383076766331214,8541.106119833331831614
1421354.661080258199945092,24145.446947036729397951,33479.368832755259063561,8640.589630983893584926
1421528.595918620470911264,23705.317940165732579771,33777.014537341688992456,8700.257825867900464800
1421587.431327978847548366,23555.573163350942195393,33876.469727282732492313,8720.125101856205219519
1421646.266737337224185467,23405.395042722469952423,33975.301703408047615085,8739.831944771131020389
1421820.201575699495151639,22958.916716989384440240,34263.816128606631536968,8797.149487003824106068
1422101.634055997477844357,22228.712768400178902084,34718.954227893213101197,8886.891294366827423801
1422478.264228379121050239,21236.924591804945521289,35305.149828521491144784,9001.129687504655521479
1422933.631547039374709129,20016.487333775799925206,35978.312074340268736705,9130.180592309940038831
1423447.834275058005005121,18611.918474305384734180,36690.751454666169593111,9263.802558659006535891
1423998.399285802152007818,17079.085349732402391965,37396.394624319909780752,9392.438112615975114750
1424561.264246397884562612,15483.585894398271193495,38055.519169761835655663,9508.303943219667416997
1425111.829257142031565309,13897.711442656052895472,38638.258583658622228540,9606.149759742598689627
1425626.031985160661861300,12396.305809092347772093,39126.313754392147529870,9683.559207640480963164
1426081.399303820915520191,11052.079979894468124257,39512.639573920998373069,9740.752143450254152413
1426458.029476202558726072,9931.014415433337489958,39799.278943935816641897,9779.946038314290490234
1426739.461956500541418791,9088.376559913762321230,39993.888665255355590489,9804.420581461492474773
1426913.396794862812384963,8565.661900176792187267,40105.749993477431416977,9817.483206852002695086
1426972.232204221189022064,8388.531813559651709511,40142.129368413785414305,9821.544502807772005326
1427031.067613579565659165,8211.247367263562409789,40177.770076988083019387,9825.425056393931299681
1427205.002451941836625338,7686.271042235872300807,40278.808524487394606695,9835.839458992106301594
1427486.434932239819318056,6834.260278568263856869,40428.565472390953800641,9849.339092924099531956
1427863.065104621462523937,5689.608706758608605014,40602.336925507261184976,9860.915631176741953823
1428318.432423281716182828,4300.011049190703488421,40771.540288511241669767,9864.981447844198555686
1428832.635151300346478820,2725.252995334848492348,40908.571294513225439005,9856.499747774558272795
1429383.200162044493481517,1034.946273617455972271,40991.548480552170076407,9832.060159125441714423
1429946.065122640226036310,-694.825876762155530741,41008.096780044194019865,9790.695921433311013971
1430496.630133384373039007,-2385.686706386411515268,40957.463986545109946746,9734.280698650576596265
1431010.832861403003334999,-3961.456047551738265611,40850.564745374016638380,9667.421452797563688364
1431466.200180063256993890,-5352.345817229699605377,40707.945851758442586288,9596.861786828792901360
1431842.830352444900199771,-6498.346028710082464386,40556.067722850064455997,9530.503706639190568239
1432124.262832742882892489,-7351.529083017708217085,40422.602926570361887570,9476.222596212788630510
1432298.197671105153858662,-7877.299948824032071570,40331.601091447206272278,9440.677851545229714247
1432357.033080463530495763,-8054.865225492165336618,40299.349370227842882741,9428.310367565472915885
1432415.868489821907132864,-8232.282231060649792198,40266.355832902903784998,9415.769317700231113122
1432589.803328184178099036,-8755.880640059409415699,40164.484967626303841826,9377.681499601098039420
1432871.235808482160791755,-9600.060471006236184621,39985.976150135546049569,9312.861247415034085861
1433247.865980863803997636,-10723.404825748395523988,39720.748897979094181210,9219.982392048772453563
1433703.233299524057656527,-12070.711571935888059670,39360.082064281035854947,9098.405135216044072877
1434217.436027542687952518,-13576.019044507962462376,38900.662994047277607024,8949.065376293514418649
1434768.001038286834955215,-15166.559913291326665785,38348.139781732970732264,8775.220852721458868473
1435330.865998882567510009,-16767.341571620039758272,37719.377599274550448172,8582.870859543634651345
1435881.431009626714512706,-18305.829868431756040081,37042.863829130219528452,8380.730431284388032509
1436395.633737645344808698,-19716.105243487210827880,36357.076855714891280513,8179.731231381669203984
1436851.001056305598467588,-20941.929474202992423670,35707.038671804359182715,7992.116536791385442484
1437227.631228687241673470,-21938.403667432707152329,35139.608914204538450576,7830.272076729237596737
1437509.063708985224366188,-22672.242284064712293912,34698.271096418240631465,7705.471669501274845970
1437682.998547347495332360,-23121.022844002793135587,34418.187647361410199665,7626.714005994263970933
1437741.833956705871969461,-23271.989271224054391496,34322.190269832681224216,7599.794869489988741407
1437800.669366064248606563,-23422.527149543766427087,34225.560856225267343689,7572.735773922193402541
1437974.604204426519572735,-23865.028644918664213037,33936.216865557224082295,7491.927441533646742755
1438256.036684724502265453,-24572.845215652996557765,33456.501019195391563699,7358.628543782578162791
1438632.666857106145471334,-25503.837276199206826277,32792.496548155446362216,7175.398431440836247930
1439088.034175766399130225,-26603.694327708457421977,31956.679313564014591975,6946.644551487519493094
1439602.236903785029426217,-27810.316949733100045705,30970.542489171341003384,6679.135473124001691758
1440152.801914529176428914,-29058.858918074067332782,29866.415171963224565843,6382.303791062879099627
1440715.666875124908983707,-30286.836992394961271202,28687.846959674196114065,6068.204216192807507468
1441266.231885869055986404,-31438.607572537635860499,27488.238920026888081338,5751.068774277990087285
1441780.434613887686282396,-32468.555703391386487056,26327.784464239808585262,5446.491461073079335620
1442235.801932547939941287,-33342.565154940952197649,25269.133415257601882331,5170.352523180190473795
1442612.432104929583147168,-34037.694607209508831147,24372.414903540149680339,4937.636382333804249356
1442893.864585227565839887,-34540.378259944118326530,23690.305436884478694992,4761.299042826068216527
1443067.799423589836806059,-34843.788043509870476555,23263.727633547063305741,4651.308336385329312179
1443126.634832948213443160,-34945.152509134990395978,23118.581731367979955394,4613.932352577780875436
1443185.470242306590080261,-35045.873228598247806076,22973.009947568592906464,4576.471366363426568569
1443359.405080668861046433,-35339.850894969938963186,22540.192161404549551662,4465.235211603140669467
1443640.837560966843739152,-35803.445458714770211373,21832.222632360062561929,4283.736420676004854613
1444017.467733348486945033,-36400.210825254143856000,20870.429739011953643057,4038.031982859370600636
1444472.835052008740603924,-37084.998819759253819939,19686.596436485448066378,3736.907738343736127717
1444987.037780027370899916,-37809.031125015149882529,18323.759729906036227476,3391.936698428684394457
1445537.602790771517902613,-38525.262456299278710503,16836.017416541591956047,3017.292258890613084077
1446100.467751367250457406,-39193.241711328199016862,15286.981032086074264953,2629.250726925572507753
1446651.032762111397460103,-39782.699332634794700425,13746.840053636371521861,2245.395031426700370503
1447165.235490130027756095,-40275.282577540565398522,12288.340114537950285012,1883.607199540281726513
1447620.602808790281414986,-40664.203872752754250541,10982.218861653029307490,1560.985799953717105382
1447997.232981171924620867,-40951.983385921907029115,9892.716286413293346413,1292.831160008070582990
1448278.665461469907313585,-41146.849405622058839072,9073.676755403270362876,1091.807309812205630806
1448452.600299832178279757,-41258.614277982887870166,8565.547677903739895555,967.332160260589375866
1448511.435709190554916859,-41294.916956399109039921,8393.351006596551087569,925.190780895917441740
1448570.271118548931553960,-41330.458691609273955692,8220.999670651786800590,883.032351733514019543
1448744.205956911202520132,-41431.074285479728132486,7710.604459686846894328,758.307390000288592091
1449025.638437209185212851,-41579.734871813263453078,6882.173504369531656266,556.248256457271168074
1449402.268609590828418732,-41751.242733114042493980,5769.038335354345690575,285.488434143643985408
1449857.635928251082077622,-41916.494298590798280202,4417.455667822552641155,-42.144463202564793392
1450371.838656269712373614,-42047.469571331661427394,2885.458560705222225806,-412.034281417059162322
1450922.403667013859376311,-42122.099162709106167313,1240.679417330457226853,-807.424655134590466332
1451485.268627609591931105,-42128.135663651497452520,-442.894073301409889609,-1210.296490059924508387
1452035.833638353738933802,-42065.304311735118972138,-2088.974826176029637281,-1602.394537102404228790
1452550.036366372369229794,-41945.319199346187815536,-3623.348095863157595886,-1966.273564359027659521
1453005.403685032622888684,-41789.762688698792771902,-4977.967950164381363720,-2286.222663648801699310
1453382.033857414266094565,-41626.237864832291961648,-6094.274599511942142271,-2548.957899847546286765
1453663.466337712248787284,-41483.517078420110919978,-6925.463512300570073421,-2744.037894402263191296
1453837.401176074519753456,-41386.560221038678719196,-7437.728603821380602312,-2864.030580422047478351
1453896.236585432896390557,-41352.253826834399660584,-7610.740969975166080985,-2904.515992428245681367
1453955.071994791273027658,-41317.185300924829789437,-7783.613068393035973713,-2944.947869544067998504
1454129.006833153543993831,-41209.061751444358378649,-8293.822968252554346691,-3064.156166648139787867
1454410.439313451526686549,-41020.063368978713697288,-9116.494644245074596256,-3255.985454525460227160
1454787.069485833169892430,-40740.085329088753496762,-10211.368448619619812234,-3510.540588658545402723
1455242.436804493423551321,-40360.509923585595970508,-11524.758255514827396837,-3814.753758657009257149
1455756.639532512053847313,-39878.352638888398359995,-12992.474531684891189798,-4153.192399724786810111
1456307.204543256200850010,-39299.890627644017513376,-14543.654115602936144569,-4509.070428343190542364
1456870.069503851933404803,-38642.953482284166966565,-16105.207322666998152272,-4865.372078398109806585
1457420.634514596080407500,-37937.308673458152043168,-17606.375792815782915568,-5205.952274021447919949
1457934.837242614710703492,-37222.955705659063823987,-18982.787519028886890737,-5516.461891251987253781
1458390.204561274964362383,-36546.559632949662045576,-20179.460732998802996008,-5784.972788706319988705
1458766.834733656607568264,-35956.600019229867029935,-21152.442718789221544284,-6002.242615487304647104
1459048.267213954590260983,-35498.007558230405265931,-21869.103809975502372254,-6161.644489352294840501
1459222.202052316861227155,-35207.084575386019423604,-22307.432747038648813032,-6258.865233146590981050
1459281.037461675237864256,-35107.390659252116165590,-22454.892643046820012387,-6291.523812760035070824
1459339.872871033614501357,-35007.049689160099660512,-22601.938679554808913963,-6324.066426529849195504
1459513.807709395885467529,-34706.646124007354956120,-23034.203780746825941605,-6419.588048176980919379
1459795.240189693868160248,-34208.763731285791436676,-23725.734803560990258120,-6571.948330435145180672
1460171.870362075511366129,-33519.934693856834201142,-24635.479343928796879482,-6771.498656431656854693
1460627.237680735765025020,-32653.345311806766403606,-25710.503883707020577276,-7005.922886145050142659
1461141.440408754395321012,-31631.506036626513377996,-26890.245829284522187663,-7261.324483654249888787
1461692.005419498542323709,-30488.087582640288019320,-28111.412368078483268619,-7523.446503660798043711
1462254.870380094274878502,-29268.281369436677778140,-29312.952553544266265817,-7778.870401599690012517
1462805.435390838421881199,-28027.360720858021522872,-30440.421981309496914037,-8016.022366141376551241
1463319.638118857052177191,-26827.513074834543658653,-31449.102612214279361069,-8225.836531378090512590
1463775.005437517305836082,-25733.371610373382281978,-32305.455965224045939976,-8401.985407720665534725
1464151.635609898949041963,-24806.900677899782749591,-32986.833672370739805046,-8540.676509035169146955
1464433.068090196931734681,-24102.338544746715342626,-33479.751893571716209408,-8640.106942429178161547
1464607.002928559202700853,-23661.794777438281016657,-33777.346787257934920490,-8699.739265592152150930
1464665.838337917579337955,-23511.909785708481649635,-33876.782651729925419204,-8719.593878372208564542
1464724.673747275955975056,-23361.591506980381382164,-33975.594221129649668001,-8739.287790993543239892
1464898.608585638226941228,-22914.699253346672776388,-34264.041993993632786442,-8796.565548445496460772
1465180.041065936209633946,-22183.827381904106005095,-34719.052234827453503385,-8886.238066394405905157
1465556.671238317852839828,-21191.150429690969758667,-35305.038087534325313754,-9000.374293920642230660
1466012.038556978106498718,-19969.649514594897482311,-35977.887942133580509108,-9129.287423463536470081
1466526.241284996736794710,-18563.898939696144225309,-36689.897917309084732551,-9262.735408324175296002
1467076.806295740883797407,-17029.829872452937706839,-37394.992573478913982399,-9391.163601980393650592
1467639.671256336616352201,-15433.105608023708555265,-38053.463610006743692793,-9506.795683533402552712
1468190.236267080763354897,-13846.078210348387074191,-38635.475766666990239173,-9604.392482202778410283
1468704.438995099393650889,-12343.642149901615994168,-39122.775909113704983611,-9681.552057875729587977
1469159.806313759647309780,-10998.545612410018293303,-39508.374416081962408498,-9738.510512067408853909
1469536.436486141290515661,-9876.792241408529662294,-39794.372312155217514373,-9777.501614061859072535
1469817.868966439273208380,-9033.660803462773401407,-39988.480021677467448171,-9801.819656140478400630
1469991.803804801544174552,-8510.650192906212396338,-40100.021701538425986655,-9814.783523872105433838
1470050.639214159920811653,-8333.421611347235739231,-40136.291363041003933176,-9818.811071954089129576
1470109.474623518297448754,-8156.039497238325566286,-40171.821565127196663525,-9822.657707650680094957
1470283.409461880568414927,-7630.779339714001253014,-40272.528745300522132311,-9832.970861706089635845
1470564.841942178551107645,-6778.325200955788204737,-40421.735545502633613069,-9846.303675181829021312
1470941.472114560194313526,-5633.112064417580768350,-40594.744509437041415367,-9857.651477497853193199
1471396.839433220447972417,-4242.886144207825964259,-40762.988224871754937340,-9861.433005766941278125
1471911.042161239078268409,-2667.488503430473883782,-40898.889865485471091233,-9852.621187395017841482
1472461.607171983225271106,-976.582887420063570971,-40980.609572657194803469,-9827.818923173503208091
1473024.472132578957825899,753.705831171388354051,-40995.827339514944469556,-9786.075819209620021866
1473575.037143323104828596,2444.975008717077798792,-40943.856010773226444144,-9729.283911059799720533
1474089.239871341735124588,4021.036739570328791160,-40835.679760204606282059,-9662.069032790461278637
1474544.607190001988783479,5412.112222552312232438,-40691.913121161138406023,-9591.192582404479253455
1474921.237362383631989360,6558.213360588731120515,-40539.076830026097013615,-9524.571972206964346697
1475202.669842681614682078,7411.440442325490948861,-40404.892342715706035960,-9470.094768911540086265
1475376.604681043885648251,7937.225035484078034642,-40313.444617013505194336,-9434.428990201333363075
1475435.440090402262285352,8114.792619614078830637,-40281.041931387720978819,-9422.020605671181328944
1475494.275499760638922453,8292.210750747281053918,-40247.897375598899088800,-9409.438679562033939874
1475668.210338122909888625,8815.805571115570273832,-40145.579827784298686311,-9371.230183549407229293
1475949.642818420892581344,9659.957689207714793156,-39966.348038911586627364,-9306.215314232351374812
1476326.272990802535787225,10783.222596294779577875,-39700.154382143708062358,-9213.077641335892622010
1476781.640309462789446115,12130.368690917002822971,-39338.323996842460473999,-9091.190737371085560881
1477295.843037481419742107,13635.410303072230817634,-38877.602501224770094268,-8941.506872828362247674
1477846.408048225566744804,15225.568395081007111003,-38323.704862531070830300,-8767.302049031630303944
1478409.273008821299299598,16825.855758613321086159,-37693.566507913055829704,-8574.594212368419903214
1478959.838019565446302295,18363.762353393136436353,-37015.742275894532212988,-8372.115786834854588960
1479474.040747584076598287,19773.409418041403114330,-36328.769429455205681734,-8170.813126240524979949
1479929.408066244330257177,20998.611033567962294910,-35677.716258787302649580,-7982.940604000529674522
1480306.038238625973463058,21994.524966050790681038,-35109.474737808712234255,-7820.891278483077257988
1480587.470718923956155777,22727.919059062893211376,-34667.548017252825957257,-7695.943039667838093010
1480761.405557286227121949,23176.414128341253672261,-34387.108566832714132033,-7617.096348817199213954
1480820.240966644603759050,23327.282158720765437465,-34290.992186074538039975,-7590.147511516068334458
1480879.076376002980396152,23477.720726909941731719,-34194.244497965257323813,-7563.058926958961819764
1481053.011214365251362324,23919.923351012697821716,-33904.555182510746817570,-7482.164670429458055878
1481334.443694663234055042,24627.239961869476246648,-33424.294666230955044739,-7348.730797868791341898
1481711.073867044877260923,25557.532378338328271639,-32759.589642795381223550,-7165.328146717101844843
1482166.441185705130919814,26656.499155608562432462,-31922.970966248056356562,-6936.378519728405990463
1482680.643913723761215806,27862.062050324861047557,-30935.992422749561228557,-6668.666052820061850070
1483231.208924467908218503,29109.410890728151571238,-29831.042308756106649525,-6371.638221492980846961
1483794.073885063640773296,30336.113343551045545610,-28651.720948597041569883,-6057.362103229563217610
1484344.638895807787775993,31486.588519989047199488,-27451.465985176411777502,-5740.078180287587201747
1484858.841623826418071985,32515.290544841420341982,-26290.490239025250048144,-5435.384338803658465622
1485314.208942486671730876,33388.172118774091359228,-25231.446117148894700222,-5159.160375120728531328
1485690.839114868314936757,34082.354565144079970196,-24334.452041458451276412,-4926.386949811832892010
1485972.271595166297629476,34584.323770224844338372,-23652.166285868523118552,-4750.014560820669430541
1486146.206433528568595648,34887.289589674532180652,-23225.492286052271083463,-4640.005519626094610430
1486205.041842886945232749,34988.503516288001264911,-23080.316057662112143589,-4602.623909834977894207
1486263.877252245321869850,35089.073528592001821380,-22934.715068440069444478,-4565.157588914833468152
1486437.812090607592836022,35382.604767244738468435,-22501.817506449409847846,-4453.907366926037866506
1486719.244570905575528741,35845.474675182987994049,-21793.739718870765500469,-4272.391207168366236147
1487095.874743287218734622,36441.267359663805109449,-20831.842304410140059190,-4026.673940579883947066
1487551.242061947472393513,37124.878130872217298020,-19647.944360307752504013,-3725.550043934489167441
1488065.444789966102689505,37847.584683813496667426,-18285.115667538186244201,-3380.600096243476855307
1488616.009800710249692202,38562.407496938714757562,-16797.476445144176977919,-3006.002248258508188883
1489178.874761305982246995,39228.966175487425061874,-15248.645092709642995032,-2618.033503261392070272
1489729.439772050129249692,39817.060761850858398248,-13708.800160353232058696,-2234.272963282647651795
1490243.642500068759545684,40308.401054921319882851,-12250.659803711372660473,-1872.594723314402472170
1490699.009818729013204575,40696.250525476039911155,-10944.921997344119517948,-1550.086496295402412215
1491075.639991110656410456,40983.166893129935488105,-9855.781264432996977121,-1282.036487910633240972
1491357.072471408639103174,41177.403077275106625166,-9037.037752802669274388,-1081.097120476116515420
1491531.007309770910069346,41288.785579794413933996,-8529.102321628595746006,-956.676803270378400157
1491589.842719129286706448,41324.960152023260889109,-8356.972972895338898525,-914.554416186185335391
1491648.678128487663343549,41360.374417457234812900,-8184.689870513640926220,-872.415201654218662952
1491822.612966849934309721,41460.616965426605020184,-7674.501652810431551188,-747.748329946904959797
1492104.045447147917002439,41608.686342906999925617,-6846.422013930015964434,-545.787176351300331589
1492480.675619529560208321,41779.428158887210884131,-5733.787722869747994991,-275.165925304913287164
1492936.042938189813867211,41943.794286000338615850,-4382.855502420076845738,52.288609671484323371
1493450.245666208444163203,42073.826815027139673475,-2851.648358996371825924,421.963720004650326700
1494000.810676952591165900,42147.518388014243100770,-1207.775274767898963546,817.109872596980949311
1494563.675637548323720694,42152.676644390339788515,474.813567306731783901,1219.718277178074458789
1495114.240648292470723391,42089.069103134053875692,2119.880461659018237697,1611.546825924637914795
1495628.443376311101019382,41968.436015310217044316,3653.267299195897066966,1975.165060446663346738
1496083.810694971354678273,41812.369594251300441101,5006.986194925968447933,2294.877005215742883593
1496460.440867352997884154,41648.469369742466369644,6122.531111884635720344,2557.412413840738281579
1496741.873347650980576873,41505.495847757782030385,6953.142475697614827368,2752.341271735121154052
1496915.808186013251543045,41408.394773303305555601,7465.047512179136901977,2872.239887312764039962
1496974.643595371628180146,41374.041677153967611957,7637.937597584492323222,2912.693376599558632734
1497033.479004730004817247,41338.927503699276712723,7810.687182794472391834,2953.093282784522671136
1497207.413843092275783420,41230.675185049462015741,8320.533621723723626928,3072.206803048431538627
1497488.846323390258476138,41041.488065499870572239,9142.613635587671524263,3263.882026619895896147
1497865.476495771901682019,40761.295517655737057794,10236.690205417569814017,3518.229964940680929431
1498320.843814432155340910,40381.519090270303422585,11549.110808269046174246,3822.191801870995277568
1498835.046542450785636902,39899.211491841946553905,13015.730456994811902405,4160.346715437427519646
1499385.611553194932639599,39320.678154659704887308,14565.739588446318521164,4515.922567012449690083
1499948.476513790665194392,38663.762716065204585902,16126.107311590558310854,4871.918724814750930818
1500499.041524534812197089,37958.229948378226254135,17626.134082100928935688,5212.205130322680815880
1501013.244252553442493081,37244.060712482380040456,19001.501447558464860776,5522.446258628100622445
1501468.611571213696151972,36567.889271577907493338,20197.271844118920853361,5790.725164860127733846
1501845.241743595339357853,35978.158043036448361818,21169.525414070161787095,6007.807830033792015456
1502126.674223893322050571,35519.760676304671505932,21885.654270558319694828,6167.072926269319395942
1502300.609062255593016744,35228.968464461999246851,22323.659816840223356849,6264.210541875868329953
1502359.444471613969653845,35129.320517559615836944,22471.011322226091579068,6296.841254678121003963
1502418.279880972346290946,35029.026385096825833898,22617.949485058179561747,6329.356131760154312360
1502592.214719334617257118,34728.766313817919581197,23049.898769044917571591,6424.796531592758583429
1502873.647199632599949837,34231.131725781669956632,23740.928930385642161127,6577.027933033090448589
1503250.277372014243155718,33542.663597556413151324,24650.023905808528070338,6776.410942764568972052
1503705.644690674496814609,32676.553311302512156544,25724.296922283374442486,7010.641251757243480824
1504219.847418693127110600,31655.307852592679410009,26903.238019561944383895,7265.835615080242860131
1504770.412429437274113297,30512.582494798418338178,28123.607237717766111018,7527.750427616065280745
1505333.277390033006668091,29293.540266254240123089,29324.400731087862368440,7782.979075165289941651
1505883.842400777153670788,28053.414961775895790197,30451.210377242019603727,8019.957050313595573243
1506398.045128795783966780,26854.347460203982336679,31459.340602641619625501,8229.624460135273693595
1506853.412447456037625670,25760.922630371027480578,32315.261336550160194747,8405.656412872001965297
1507230.042619837680831552,24835.059901849424932152,32996.321035075554391369,8544.260232697119135992
1507511.475100135663524270,24130.960003101416077698,33489.025516619200061541,8643.631079679602407850
1507685.409938497934490442,23690.704783291748753982,33786.498623099505493883,8703.229000931314658374
1507744.245347856311127543,23540.917844235424126964,33885.895083154769963585,8723.072397348072627210
1507803.080757214687764645,23390.697830933004297549,33984.668155939813004807,8742.755306451730575645
1507977.015595576958730817,22944.097241944236884592,34273.007441590831149369,8800.001780336091542267
1508258.448075874941423535,22213.700521513281273656,34727.859040363327949308,8889.627630026048791478
1508635.078248256584629416,21221.664265018316655187,35313.665383104489592370,9003.709047363177887746
1509090.445566916838288307,20000.942441434468491934,35986.348445154908404220,9132.567572784688309184
1509604.648294935468584299,18596.072854646427003900,36698.236105415984638967,9265.969150889957745676
1510155.213305679615586996,17062.942425858520437032,37403.276894738788541872,9394.365363023311147117
1510718.078266275348141789,15467.165906482299760683,38061.774141245274222456,9509.983296172731570550
1511268.643277019495144486,13881.047185479617837700,38643.889759677906113211,9607.583891664082329953
1511782.846005038125440478,12379.437650081516039791,39131.354113068431615829,9684.762217751678690547
1512238.213323698379099369,11035.051030113501838059,39517.150769952873815782,9741.749053257044579368
1512614.843496080022305250,9913.866649517354744603,39803.348687166515446734,9780.771643049838530715
1512896.275976378004997969,9071.148444858350558206,39997.626513536662969273,9805.117766238929107203
1513070.210814740275964141,8548.387750942996717640,40109.281922319743898697,9818.100873187948309351
1513129.046224098652601242,8371.242721118282133830,40145.591512249608058482,9822.135247959404296125
1513187.881633457029238343,8193.943649731560071814,40181.162371992519183550,9825.988869461341892020
1513361.816471819300204515,7668.925951549665114726,40281.993964895824319683,9836.323593913513832376
1513643.248952117282897234,6816.854155215349237551,40431.415142325968190562,9849.694146032903518062
1514019.879124498926103115,5672.132375426404905738,40604.735390272020595148,9861.097713729635870550
1514475.246443159179762006,4282.467433977764812880,40773.390830270145670511,9864.954226270450817537
1514989.449171177810057998,2707.656652000673602743,40909.800689235147729050,9856.236224870037403889
1515540.014181921957060695,1017.320891264441343083,40992.110899446801340673,9831.544041254310286604
1516102.879142517689615488,-712.451587364241504474,41007.976381649452378042,9789.922425456690689316
1516653.444153261836618185,-2403.284018061721781123,40956.675867868412751704,9733.256703363143969909
1517167.646881280466914177,-3979.001223494701207528,40849.154120720690116286,9666.164982262598641682
1517623.014199940720573068,-5369.824226843466021819,40705.985567313888168428,9595.400903274668962695
1517999.644372322363778949,-6515.754651737295716885,40553.654419891950965393,9528.874960678975185147
1518281.076852620346471667,-7368.876983517185180972,40419.852276430166966747,9474.469211192417787970
1518455.011690982617437840,-7894.606665565876028268,40328.642517814878374338,9438.847800882305818959
1518513.847100340994074941,-8072.157380788070440758,40296.320569913783401717,9426.454449848397416645
1518572.682509699370712042,-8249.559506573374164873,40263.256861513465992175,9413.887567060291985399
1518746.617348061641678214,-8773.112067562709853519,40161.178887484951701481,9375.723583407581827487
1519028.049828359624370933,-9617.211846137650354649,39982.336099308908160310,9310.780764659188207588
1519404.680000741267576814,-10740.437772522504019435,39716.664325327372353058,9217.739262151382718002
1519860.047319401521235704,-12087.584180959293007618,39355.464176969631807879,9095.967624882907330175
1520374.250047420151531696,-13592.688240125353331678,38895.449026576134201605,8946.411610637785997824
1520924.815058164298534393,-15182.985332516216658405,38342.295718105066043790,8772.339680785453310818
1521487.680018760031089187,-16783.490395364435244119,37712.899095831293379888,8579.762002208717603935
1522038.245029504178091884,-18321.681808820951118832,37035.775289909637649544,8377.403926372697242186
1522552.447757522808387876,-19731.656813824080018094,36349.428860540829191450,8176.206287559980410151
1523007.815076183062046766,-20957.196764902913855622,35698.904179995632148348,7988.419987815113927354
1523384.445248564705252647,-21953.423092178756633075,35131.078795116947731003,7826.436665958424782730
1523665.877728862687945366,-22687.069083117323316401,34689.449531244405079633,7701.534378704660412041
1523839.812567224958911538,-23135.727464139195944881,34409.187807700924167875,7622.714576336185018590
1523898.647976583335548639,-23286.652026168674638029,34313.130452976445667446,7595.774565807661019790
1523957.483385941712185740,-23437.147769196730223484,34216.441228877913090400,7568.694670225395384477
1524131.418224303983151913,-23879.523128173957957188,33926.921406266228586901,7487.825283360803041433
1524412.850704601965844631,-24587.130672411458363058,33446.924236341525102034,7354.428999553864741756
1524789.480876983609050512,-25517.833595929565490223,32782.549610453403147403,7171.071334088035655441
1525244.848195643862709403,-26617.326975418029178400,31946.294880283996462822,6942.167603332390172000
1525759.050923662493005395,-27823.520873479104920989,30959.677820721022726502,6674.495256601640903682
1526309.615934406640008092,-29071.583218928772112122,29855.053256974202668061,6377.496000290748270345
1526872.480895002372562885,-30299.049740046717488440,28675.995626154304773081,6063.233122691057360498
1527423.045905746519565582,-31450.300014966531307437,27475.928173582935414743,5745.946049538764782483
1527937.248633765149861574,-32479.745148848596727476,26315.062555091870308388,5441.234574951280592359
1528392.615952425403520465,-33353.295983805088326335,25256.062307737534865737,5164.982994466732634464
1528769.246124807046726346,-34048.037144896858080756,24359.065853927091666264,4932.178158665121372906
1529050.678605105029419065,-34550.425535967253381386,23676.755262469938315917,4755.777228574109358306
1529224.613443467300385237,-34853.650711106114613358,23250.056006520902883494,4645.748382894931637566
1529283.448852825677022338,-34954.952369744329189416,23104.869518708572286414,4608.359700349009472120
1529342.284262184053659439,-35055.610101575359294657,22959.257401800332445418,4570.886118045867988258
1529516.219100546324625611,-35349.400512719759717584,22526.321862991895613959,4459.613328060652747808
1529797.651580844307318330,-35812.688845794444205239,21818.166542749975633342,4278.057179563931640587
1530174.281753225950524211,-36409.038318716447975021,20856.134292910344811389,4032.279731594125223637
1530629.649071886204183102,-37093.314598448341712356,19672.026018538035714300,3731.073017088646793127
1531143.851799904834479094,-37816.758063053181103896,18308.898151885470724665,3386.016596054929323145
1531694.416810648981481791,-38532.346872746638837270,16820.867276084703917149,3011.289974796793558198
1532257.281771244714036584,-39199.657435781620733906,15271.561145841780671617,2623.174435419989549700
1532807.846781988861039281,-39788.450494467237149365,13731.181462332033333951,2239.256260690708131733
1533322.049510007491335273,-40280.404658918749191798,12272.481387079140404239,1877.419018241374033096
1533777.416828667744994164,-40668.762800279495422728,10966.201520288926985813,1554.761130631824926240
1534154.047001049388200045,-40956.072700343669566792,9876.581105922550705145,1286.581501372216735035
1534435.479481347370892763,-41150.585769311590411235,9057.461468717838215525,1085.542057853647975207
1534609.414319709641858935,-41262.131707870816171635,8549.286298818871728145,961.058591528039528384
1534668.249729068018496037,-41298.360199307455332018,8377.074628583093726775,918.914627548347084485
1534727.085138426395133138,-41333.827683993898972403,8204.708593615914651309,876.753729428348719921
1534901.019976788666099310,-41434.223413019441068172,7694.271684452546651301,752.022145524377492620
1535182.452457086648792028,-41582.527190146101929713,6865.778833620783188962,549.954441523059358587
1535559.082629468291997910,-41753.555728883904521354,5752.571650942262749595,279.187302272888018706
1536014.449948128545656800,-41918.225462726986734197,4400.918523100202946807,-48.448087071348197696
1536528.652676147175952792,-42048.541458914682152681,2868.863798070105076476,-418.332354350499372231
1537079.217686891322955489,-42122.463497699063736945,1224.048855271279990120,-813.706957682995835057
1537642.082647487055510283,-42127.776033416310383473,-459.533494625671210088,-1216.552190347252235370
1538192.647658231202512980,-42064.237108921406615991,-2105.595764435701312323,-1608.614008444706314549
1538706.850386249832808971,-41943.592683597984432708,-3639.927549379871379642,-1972.450133902285415388
1539162.217704910086467862,-41787.454295009069028310,-4994.491179060888498498,-2292.353978817921415612
1539538.847877291729673743,-41623.450100457055668812,-6110.737540099101352098,-2555.046668561485603277
1539820.280357589712366462,-41480.372463183557556476,-6941.873284147848607972,-2750.091866912519890320
1539994.215195951983332634,-41383.195712818145693745,-7454.102054101556859678,-2870.061770165326834103
1540053.050605310359969735,-41348.815058162370405626,-7627.101536829034557741,-2910.539255555150703003
1540111.886014668736606836,-41313.672335139905044343,-7799.960450284384023689,-2950.963095033469016926
1540285.820853031007573009,-41205.329820707564067561,-8310.129610492724168580,-3070.146982697990551969
1540567.253333328990265727,-41015.978433381649665534,-9132.729808089858124731,-3261.934733029744620580
1540943.883505710633471608,-40735.530700915041961707,-10227.497249645537522156,-3516.430356759657115617
1541399.250824370887130499,-40355.392035105804097839,-11540.742199303242159658,-3820.565639169677069731
1541913.453552389517426491,-39872.605536775961809326,-13008.273698227796558058,-4158.908620251494539843
1542464.018563133664429188,-39293.478806056875328068,-14559.230791492705975543,-4514.675307308469200507
1543026.883523729396983981,-38635.872794352966593578,-16120.530555109447959694,-4870.853779020600086369
1543577.448534473543986678,-37929.585281070983910467,-17621.426113357996655395,-5211.304541120385692921
1544091.651262492174282670,-37214.643292103675776161,-18997.561009100674709771,-5521.685468166137980006
1544547.018581152427941561,-36537.735337934849667363,-20193.971692379709566012,-5790.076254863905887760
1544923.648753534071147442,-35947.359688562319206540,-21166.724424469015502837,-6007.242475958415525383
1545205.081233832053840160,-35488.460888633606373332,-21883.207157965181977488,-6166.564462203974471777
1545379.016072194324806333,-35197.350582856699475087,-22321.422885480147670023,-6263.734793143740716914
1545437.851481552701443434,-35097.593656062701484188,-22468.843976135503908154,-6296.376142092413829232
1545496.686890911078080535,-34997.189855895798245911,-22615.850950170279247686,-6328.901435762461005652
1545670.621729273349046707,-34696.601613730344979558,-23047.999074506929900963,-6424.371334160735386831
1545952.054209571331739426,-34198.423847438389202580,-23739.336126958449312951,-6576.646298194199516729
1546328.684381952974945307,-33509.206367636303184554,-24648.812125812131853309,-6776.079352898575052677
1546784.051700613228604198,-32642.158184750645887107,-25723.498557694827468367,-7010.357183588968837284
1547298.254428631858900189,-31619.815703883326932555,-26902.841486950368562248,-7265.587590593157983676
1547848.819439376005902886,-30475.876722057277220301,-28123.561155976112786448,-7527.519668686152726877
1548411.684399971738457680,-29255.558730871012812713,-29324.624231495501589961,-7782.742589503230192349
1548962.249410715885460377,-28014.158244176938751480,-30451.607929012756358134,-8019.691648759740019159
1549476.452138734515756369,-26813.881678972542431438,-31459.818596601373428712,-8229.310956452147365781
1549931.819457394769415259,-25719.376375504842144437,-32315.743148644891334698,-8405.283179673555423506
1550308.449629776412621140,-24792.616172831036237767,-32996.757599885611853097,-8543.825414119764900533
1550589.882110074395313859,-24087.844916952741186833,-33489.399476646132825408,-8643.143050280468742130
1550763.816948436666280031,-23647.174955292219237890,-33786.821539364427735563,-8702.705017923308332684
1550822.652357795042917132,-23497.247808941527182469,-33886.198595162793935742,-8722.535723503477129270
1550881.487767153419554234,-23346.887645834580325754,-33984.951182433265785221,-8742.205674724160417099
1551055.422605515690520406,-22899.873157413261651527,-34273.223582871316466480,-8799.412282510718796402
1551336.855085813673213124,-22168.808572679143253481,-34727.946946817835851107,-8888.968712086674713646
1551713.485258195316419005,-21175.883643041150207864,-35313.543039692274760455,-9002.947790895259458921
1552168.852576855570077896,-19954.098323003305267775,-35985.913108152366476133,-9131.668335652175301220
1552683.055304874200373888,-18548.047250039304344682,-36697.370691926662402693,-9264.895706118901216541
1553233.620315618347376585,-17013.681179510338552063,-37401.862263228431402240,-9393.084323880817464669
1553796.485276214079931378,-15416.680216677505086409,-38059.705300141155021265,-9508.468278716136410367
1554347.050286958226934075,-13829.408962447536396212,-38641.092999376298394054,-9605.819643276825445355
1554861.253014976857230067,-12326.769433036915870616,-39127.801730736944591627,-9682.747909255240301718
1555316.620333637110888958,-10981.512524829331596266,-39512.870571620740520302,-9739.500106540101114661
1555693.250506018754094839,-9859.640710096373368287,-39798.426615955213492271,-9778.319781370622877148
1555974.682986316736787558,-9016.429215477019170066,-39992.202143484515545424,-9802.509316877889432362
1556148.617824679007753730,-8493.372757370931140031,-40103.537731462354713585,-9815.393614682876432198
1556207.453234037384390831,-8316.129296727953260415,-40139.737550508565618657,-9819.394224525849494967
1556266.288643395761027932,-8138.732622148279006069,-40175.197846765746362507,-9823.213911267888761358
1556440.223481758031994104,-7613.431285369764736970,-40275.698006524748052470,-9833.447338393336394802
1556721.655962056014686823,-6760.916436534014792414,-40424.568776660657022148,-9846.650994634534072247
1557098.286134437657892704,-5615.633540150078260922,-40597.126205505534016993,-9857.825732441704531084
1557553.653453097911551595,-4225.340901502192537009,-40764.821627026569331065,-9861.397854024606203893
1558067.856181116541847587,-2649.891199711508306791,-40900.101740465652255807,-9852.349633561138034565
1558618.421191860688850284,-958.957289143113484897,-40981.154112555836036336,-9827.294684806720397319
1559181.286152456421405077,771.330968495114120742,-40995.688748221669811755,-9785.294131366177680320
1559731.851163200568407774,2462.570951990394405584,-40943.049446370343503077,-9728.251674348572123563
1560246.053891219198703766,4038.579787722615037637,-40834.250503586838021874,-9660.804292974573399988
1560701.421209879452362657,5429.587821370035271684,-40689.934080953527882230,-9589.723419939300583792
1561078.051382261095568538,6575.618602392109096400,-40536.644698545373103116,-9522.934950115326500963
1561359.483862559078261256,7428.784533051184553187,-40402.122827361701638438,-9468.333116203535610111
1561533.418700921349227428,7954.527676916530253948,-40310.467163090026588179,-9432.590679792838272988
1561592.254110279725864530,8132.080609696180545143,-40277.994246999543975107,-9420.156431365678145085
1561651.089519638102501631,8309.483771108816654305,-40244.779517018941987772,-9407.548675728596208501
1561825.024358000373467803,8833.032477449014550075,-40142.254855140796280466,-9369.264025588261574740
1562106.456838298356160522,9677.104112618400904466,-39962.689099350420292467,-9304.126612586180272046
1562483.087010679999366403,10800.250015892288502073,-39696.050949717719049659,-9210.826331618032781989
1562938.454329340253025293,12147.235080114433003473,-39333.687321268436789978,-9088.745107275964983273
1563452.657057358883321285,13652.072503962557675550,-38872.369873992094653659,-8938.845071879206443555
1564003.222068103030323982,15241.986002538549655583,-38317.842332240194082260,-8764.412951439975586254
1564566.087028698762878776,16841.995953499786992325,-37687.069793502880202141,-8571.477561439791315934
1565116.652039442909881473,18379.604888060501252767,-37008.635831423212948721,-8368.781636385509045795
1565630.854767461540177464,19788.950880955915636150,-36321.103862704534549266,-8167.280691352138092043
1566086.222086121793836355,21013.867617489893746097,-35669.564528379218245391,-7979.236713243304620846
1566462.852258503437042236,22009.533205657811777201,-35100.927681168861454353,-7817.048657875311619136
1566744.284738801419734955,22742.734326591238641413,-34658.709754123519815039,-7691.998642428123275749
1566918.219577163690701127,23191.107007856084237574,-34378.092183382745133713,-7613.089878600447264034
1566977.054986522067338228,23341.933103201408812311,-34281.915878610176150687,-7586.120189896519150352
1567035.890395880443975329,23492.329466712290013675,-34185.108433707573567517,-7559.010828113659044902
1567209.825234242714941502,23934.405751997419429244,-33895.243448041925148573,-7478.055585443127711187
1567491.257714540697634220,24641.513017635956202867,-33414.701879143802216277,-7344.524440373390461900
1567867.887886922340840101,25571.515888266527326778,-32749.627080720991216367,-7160.994393569731983007
1568323.255205582594498992,26670.118527702234132448,-31912.571392904763342813,-6931.895114088628361060
1568837.457933601224794984,27875.252211951192293782,-30925.113191786927927751,-6664.019612308346950158
1569388.022944345371797681,29122.120957484235987067,-29819.666482515556708677,-6366.824466798601861228
1569950.887904941104352474,30348.311429440564097604,-28639.856400928871153155,-6052.385321027617465006
1570501.452915685251355171,31498.265938226169964764,-27439.142733041091560153,-5734.950043738377644331
1571015.655643703881651163,32526.464679181764950044,-26277.756505951183498837,-5430.122305027507536579
1571471.022962364135310054,33398.887425035369233228,-25218.363802840063726762,-5153.785936156207753811
1571847.653134745778515935,34092.681436067126924172,-24321.092303166988131125,-4920.924014070697921852
1572129.085615043761208653,34594.355290135936229490,-23638.605813567901350325,-4744.488183346003097540
1572303.020453406032174826,34897.136453846360382158,-23211.810603929905482801,-4634.441095132449845551
1572361.855862764408811927,34998.287558840464043897,-23066.593872220830235165,-4597.046817825358630216
1572420.691272122785449028,35098.794569574114575516,-22920.952632290322071640,-4559.567932049946648476
1572594.626110485056415200,35392.138515859827748500,-22487.937561706010455964,-4448.281167218618975312
1572876.058590783039107919,35854.702145924820797518,-21779.674378946521756006,-4266.707799416481066146
1573252.688763164682313800,36450.078898584280977957,-20817.538139243406476453,-4020.917722553880594205
1573708.056081824935972691,37133.177946977360988967,-19633.365865676252724370,-3719.711596596770959877
1574222.258809843566268682,37855.295700180540734436,-18270.246735324177279836,-3374.676537247551095788
1574772.823820587713271379,38569.476093752105953172,-16782.319716748563223518,-2999.996792007432304672
1575335.688781183445826173,39235.366245892822917085,-15233.219389626547126682,-2611.954324598009407055
1575886.253791927592828870,39822.796490192326018587,-13693.136490102981042583,-2228.131577018364623655
1576400.456519946223124862,40313.507959650916745886,-12234.796668154958751984,-1866.404172576098289937
1576855.823838606476783752,40700.794543490941578057,-10928.900824506554272375,-1543.859668452244250147
1577232.454010988119989634,40987.241546199897129554,-9839.642715355061227456,-1275.784839692418017876
1577513.886491286102682352,41181.124980619279085658,-9020.819434348179129302,-1074.830001667154192546
1577687.821329648373648524,41292.288680050049151760,-8512.838114821837734780,-950.401441963886782105
1577746.656739006750285625,41328.389110616088146344,-8340.693835444184514927,-908.276495109021652752
1577805.492148365126922727,41363.729171394254080951,-8168.396101944606016332,-866.134836319764303880
1577979.426986727397888899,41463.751993306424992625,-7658.166384527822629025,-741.461414607796314158
1578260.859467025380581617,41611.464796039595967159,-6830.025163907730529900,-539.491804543039165765
1578637.489639407023787498,41781.727621726189681794,-5717.319264142875908874,-268.863383520689751549
1579092.856958067277446389,41945.512345849951088894,-4366.317048810158667038,58.593474725820044569
1579607.059686085907742381,42074.886115463130408898,-2835.052779209740947408,428.262855995877202986
1580157.624696830054745078,42147.870725271030096337,-1191.144379852512429352,823.393062802452618598
1580720.489657425787299871,42152.305653275434451643,491.452874021141042249,1225.974702936863650393
1581271.054668169934302568,42087.991191816065111198,2136.500896446781553095,1617.766881501692296297
1581785.257396188564598560,41966.699422931873414200,3669.845931333496537263,1981.342098328812426189
1582240.624714848818257451,41810.051698841838515364,5023.508358468473488756,2301.008699283242094680
1582617.254887230461463332,41645.672588187277142424,6138.992812523943939595,2563.501496978051363840
1582898.687367528444156051,41502.342581832432188094,6969.550893419870590151,2758.395516154474535142
1583072.622205890715122223,41405.021842494723387063,7481.419544788885104936,2878.271325123348560737
1583131.457615249091759324,41370.594563295904663391,7654.296726491702429485,2918.716880150653196324
1583190.293024607468396425,41335.406270244748156983,7827.033107080246736587,2959.108741268333687913
1583364.227862969739362597,41226.935216420177312102,8336.838751857108945842,3078.197831376466638176
1583645.660343267722055316,41037.395465447749302257,9158.847210617153905332,3269.831487836963788141
1584022.290515649365261197,40756.733727039376390167,10252.817337229662371101,3524.119883833828225761
1584477.657834309618920088,40376.394647841727419291,11565.093019704203470610,3828.003806236976743094
1584991.860562328249216080,39893.458521870648837648,13031.527864614869031357,4166.063044628228453803
1585542.425573072396218777,39314.261194609192898497,14581.314529159426456317,4521.527556057485526253
1586105.290533668128773570,38656.677625262993387878,16141.428888149323029211,4877.400555494838044979
1586655.855544412275776267,37950.502858325111446902,17641.182877014096447965,5217.557564667548831494
1587170.058272430906072259,37235.745243335921259131,19016.273579451215482550,5527.670052771311020479
1587625.425591091159731150,36559.062473480997141451,20211.781629389224690385,5795.828904360953856667
1588002.055763472802937031,35968.915653167925484013,21183.806122437690646620,6012.808018353417537583
1588283.488243770785629749,35510.212270666059339419,21899.756767406386643415,6171.993272312662156764
1588457.423082133056595922,35219.232931724283844233,22337.649200335690693464,6269.080505004486440157
1588516.258491491433233023,35119.522039706615032628,22484.961933903279714286,6301.693997594397842477
1588575.093900849809870124,35019.165142353704140987,22631.861068294692813652,6334.191565191493282327
1588749.028739212080836296,34718.720584620517911389,23063.693478917841275688,6429.580274094381820760
1589030.461219510063529015,34220.790924320899648592,23754.529846294051822042,6581.726412510806767386
1589407.091391891706734896,33531.934742677382018883,24663.356532995967427269,6780.992230240447497636
1589862.458710551960393786,32665.366102688200044213,25737.291771552692807745,7015.076243919031185214
1590376.661438570590689778,31643.617910652912541991,26915.834255069152277429,7270.099543433564576844
1590927.226449314737692475,30500.372490095440298319,28135.757066774625855032,7531.824559965272783302
1591490.091409910470247269,29280.818912996386643499,29336.073954851101007080,7786.852389300847789855
1592040.656420654617249966,28040.214143183624400990,30462.398390975962684024,8023.627622854289256793
1592554.859148673247545958,26840.718026713850122178,31470.059159294516575756,8233.100334237182323704
1593010.226467333501204848,25746.929590914394793799,32325.551554353736719349,8408.955778890445799334
1593386.856639715144410729,24820.777758551899751183,33006.248387296742293984,8547.410854178722729557
1593668.289120013127103448,24116.468845586299721617,33498.676820020787999965,8646.668996462220093235
1593842.223958375398069620,23676.087491674854391022,33795.977279658633051440,8706.196619774280407000
1593901.059367733774706721,23526.258417195622314466,33895.314993539577699266,8726.016128526451211656
1593959.894777092151343822,23375.996538113486167276,33994.029146795925043989,8745.675095791360945441
1594133.829615454422309995,22929.273765813704812899,34282.193245630012825131,8802.850477980606228812
1594415.262095752405002713,22198.684404251762316562,34736.758269283163826913,8892.360333447481025360
1594791.892268134048208594,21206.400245322809496429,35322.175257976399734616,9006.284728464730505948
1595247.259586794301867485,19985.394074458003160544,35994.379025715657917317,9134.950821964039278100
1595761.462314812932163477,18580.224011421963950852,36705.714848758856533095,9268.131957443876672187
1596312.027325557079166174,17046.796552260086173192,37410.153141514041635673,9396.288775424129198655
1596874.892286152811720967,15450.743253714852471603,38068.022980278758041095,9511.658764011701350682
1597425.457296896958723664,13864.380546450014662696,38649.514706801637657918,9609.014098720484980731
1597939.660024915589019656,12362.567377005572780035,39136.388161828566808254,9685.961271580630636890
1598395.027343575842678547,11018.020205912656820146,39521.655591715054470114,9742.741983599313243758
1598771.657515957485884428,9896.717208966309044627,39807.412008204402809497,9781.593252459688301315
1599053.089996255468577147,9053.918805289735246333,40001.357906973062199540,9805.810945804378206958
1599227.024834617739543319,8531.112170302432787139,40112.807377494493266568,9818.714529044684240944
1599285.860243976116180420,8353.952228817479408463,40149.047176286301692016,9822.721980996064303326
1599344.695653334492817521,8176.638563913313191733,40184.548181185455177911,9826.548668851841284777
1599518.630491696763783693,7651.579586062474845676,40285.172902416503347922,9836.803710972459157347
1599800.062971994746476412,6799.446908753262505343,40434.258283958697575144,9850.045175875671702670
1600176.693144376389682293,5654.655124720469757449,40607.127297024038853124,9861.275768435654754285
1600632.060463036643341184,4264.923146636009732902,40775.234784698273870163,9864.922975367397157243
1601146.263191055273637176,2690.059916611984590418,40911.023472248132748064,9855.968676301454252098
1601696.828201799420639873,999.695417346969406935,40992.666690830526931677,9831.023907915945528657
1602259.693162395153194666,-730.077082168311790156,41007.849350626696832478,9789.144931126489609596
1602810.258173139300197363,-2420.880813630557895522,40955.881122364204202313,9732.228732977602703613
1603324.460901157930493355,-3996.545603588561789365,40847.736884301135432906,9664.904564135793407331
1603779.828219818184152246,-5387.301593787458841689,40704.018692201607336756,9593.936101122882973868
1604156.458392199827358127,-6533.162028802652457671,40551.234549207947566174,9527.242323368325742194
1604437.890872497810050845,-7386.223486748839604843,40417.095078942023974378,9472.711957099341816502
1604611.825710860081017017,-7911.911891816394927446,40325.677410808275453746,9437.013895730613512569
1604670.661120218457654119,-8089.448014112026612565,40293.285241190234955866,9424.594682716237002751
1604729.496529576834291220,-8266.835228661411747453,40260.151366799509560224,9412.001972149822904612
1604903.431367939105257392,-8790.341848826426939922,40157.866299753659404814,9373.761838565924335853
1605184.863848237087950110,-9634.361425416893325746,39978.689568567919195630,9308.696479836527942098
1605561.494020618731155992,-10757.468724413614836521,39712.573314066998136695,9215.492368264018296031
1606016.861339278984814882,-12104.454556476459401892,39350.839907474364736117,9093.526400386725072167
1606531.064067297615110874,-13609.354935747081981390,38890.228749094734666869,8943.754192005746517680
1607081.629078041762113571,-15199.407970306612696731,38336.445431579581054393,8769.454927080219931668
1607644.494038637494668365,-16799.636154574956890428,37706.414468921379011590,8576.649641872440042789
1608195.059049381641671062,-18337.530412744243221823,37028.680734467227011919,8374.074001219656565809
1608709.261777400271967053,-19747.204798562212090474,36341.774958073510788381,8172.678005775683232059
1609164.629096060525625944,-20972.460253568493499188,35690.763884303145459853,7984.720177665534720290
1609541.259268442168831825,-21968.438539031460095430,35122.542962519321008585,7822.598060249030822888
1609822.691748740151524544,-22701.891774817100667860,34680.622322911098308396,7697.593944040000678797
1609996.626587102422490716,-23150.427897772944561439,34400.182369551519514062,7618.712035037467103393
1610055.461996460799127817,-23301.310567988974071341,34304.065052946047217119,7591.751161499652880593
1610114.297405819408595562,-23451.764149181777611375,34207.316033773640810978,7564.650476974901721405
1610288.232244181679561734,-23894.013293746662384365,33917.620425396315113176,7483.720068698772593052
1610569.664724479662254453,-24601.411686732186353765,33437.342008506566344295,7350.226453375666096690
1610946.294896861305460334,-25531.825309201274649240,32772.597333864614483900,7166.741309750306754722
1611401.662215521559119225,-26630.954823006188235013,31935.905241768185078399,6937.687821775033626182
1611915.864943540189415216,-27836.719784788168908563,30948.808104854895645985,6669.852316105701902416
1612466.429954284336417913,-29084.302287832710135262,29843.686471421540773008,6372.685606958741118433
1613029.294914880068972707,-30311.257040046522888588,28664.139610999220167287,6058.259555096232361393
1613579.859925624215975404,-31461.986807629615213955,27463.612937948433682323,5740.820980405536829494
1614094.062653642846271396,-32490.928763991458254168,26302.336343040220526746,5435.975468990564877458
1614549.429972303099930286,-33364.020829300752666313,25242.987067354337341385,5159.611358833430131199
1614926.060144684743136168,-34058.373577604310412426,24345.712815548184153158,4926.717923234799854981
1615207.492624982725828886,-34560.466619139529939275,23663.201208938746276544,4750.253474662759799685
1615381.427463344996795058,-34863.507132846432796214,23236.380568966636928963,4640.186534717971881037
1615440.262872703373432159,-34964.745966795249842107,23091.153518861508928239,4602.785168715727195377
1615499.098282061750069261,-35065.340693406898935791,22945.501092254737159237,4565.299005640514224069
1615673.033120424021035433,-35358.943798008825979196,22512.447870414147473639,4453.989625911084658583
1615954.465600722003728151,-35821.925819545729609672,21804.106872866443154635,4272.376194051824313647
1616331.095773103646934032,-36417.859294862151728012,20841.835421308263903484,4026.525836383571913757
1616786.463091763900592923,-37101.623740668226673733,19657.452365667260892224,3725.236774996098120027
1617300.665819782530888915,-37824.478238882315054070,18294.033558429619006347,3380.095113870921977650
1617851.230830526677891612,-38539.424402903867303394,16805.714359905799938133,3005.286464043192154350
1618414.095791122410446405,-39206.066158574954897631,15256.138733578771280008,2617.097075873715311900
1618964.660801866557449102,-39794.194553209534205962,13715.520593387644112227,2233.116578814302101819
1619478.863529885187745094,-40285.519552821038814727,12256.620617288517678389,1871.230073675175844983
1619934.230848545441403985,-40673.314474041369976476,10950.182347393154486781,1548.535829901677061571
1620310.861020927084609866,-40960.154712219969951548,9860.444269792566046817,1280.331320921930455370
1620592.293501225067302585,-41154.314797602673934307,9041.244658652398356935,1079.276366235975274321
1620766.228339587338268757,-41265.641783601655333769,8533.023478420347601059,954.784634006398619022
1620825.063748945714905858,-41301.796081981330644339,8360.796837069203320425,912.638102633682933629
1620883.899158304091542959,-41337.189310202324122656,8188.416130918959424889,870.474752784964152852
1621057.833996666362509131,-41437.365157611726317555,7677.937606006335954589,745.736597681032890250
1621339.266476964345201850,-41585.312100914838083554,6849.382993505872036621,543.660405794312623584
1621715.896649345988407731,-41755.861289034975925460,5736.103977048740489408,272.886060252215486344
1622171.263968006242066622,-41919.949164825440675486,4384.380607376376246975,-54.751687209651663579
1622685.466696024872362614,-42049.605864532139094081,2852.268512157525947259,-424.630252412486356661
1623236.031706769019365311,-42122.820341063044907060,1207.418035989394411445,-819.988923807374249009
1623798.896667364751920104,-42127.408914177947735880,-476.172900743051968675,-1222.807389610100926802
1624349.461678108898922801,-42063.162431892167660408,-2122.216421029091634409,-1614.832818572901032894
1624863.664406127529218793,-41941.858718340801715385,-3656.506472767589912110,-1978.625893578795967187
1625319.031724787782877684,-41785.138482448353897780,-5011.013658404258421797,-2298.484353420834395365
1625695.661897169426083565,-41620.654948742798296735,-6127.199550262494085473,-2561.134389386636030395
1625977.094377467408776283,-41477.220487814280204475,-6958.281990868274078821,-2756.144711850344265258
1626151.029215829679742455,-41379.823862832374288701,-7470.474356224442999519,-2876.091783324485732010
1626209.864625188056379557,-41345.368954206016496755,-7643.460927480777172605,-2916.561325561668581940
1626268.700034546433016658,-41310.152040686800319236,-7816.306627950425536255,-2956.977110888199149485
1626442.634872908703982830,-41201.590581651485990733,-8326.434965794416712015,-3076.136540423564383673
1626724.067353206686675549,-41011.886224883055547252,-9148.963551607901536045,-3267.882674860901715874
1627100.697525588329881430,-40730.968852035119198263,-10243.624452782723892597,-3522.318684223939726508
1627556.064844248583540320,-40350.266996307414956391,-11556.724332143559877295,-3826.375954807478137809
1628070.267572267213836312,-39866.851373314653756097,-13024.070815649887663312,-4164.623137696915364359
1628620.832583011360839009,-39287.060029400650819298,-14574.805166452380944975,-4520.278337875321994943
1629183.697543607093393803,-38628.785271611042844597,-16135.851233028781280154,-4876.333485766613193846
1629734.262554351240396500,-37921.855182660583523102,-17636.473635491882305359,-5216.654675296098503168
1630248.465282369870692492,-37206.324302586668636650,-19012.331477058240125189,-5526.906785398389729380
1630703.832601030124351382,-36528.904589874509838410,-20208.479435080222174292,-5795.177351735430420376
1631080.462773411767557263,-35938.113011901950812899,-21181.002755219531536568,-6012.239878462472006504
1631361.895253709750249982,-35478.907956171613477636,-21897.307014434074517339,-6171.481912031250431028
1631535.830092072021216154,-35187.610380160891509149,-22335.409461076771549415,-6268.601790439228352625
1631594.665501430397853255,-35087.790460759599227458,-22482.791722382527950685,-6301.225895394995859533
1631653.500910788774490356,-34987.323848684762197081,-22629.759610013446945231,-6333.733855684632544580
1631827.435749151045456529,-34686.550983877699763980,-23061.790687139739020495,-6429.151991852640094294
1632108.868229449028149247,-34188.077934073786309455,-23752.933656653272919357,-6581.341575487820591661
1632485.498401830671355128,-33498.472136392003449146,-24662.140965850237989798,-6780.657277475785122078
1632940.865720490925014019,-32630.965309137198346434,-25736.489114712465379853,-7014.788613498612903641
1633455.068448509555310011,-31608.119806885260913987,-26915.432835370709653944,-7269.847725807589085889
1634005.633459253702312708,-30463.660503230235917727,-28135.705435490934178233,-7531.589755071277068055
1634568.498419849434867501,-29242.830953609416610561,-29336.291205005138181150,-7786.611594600788521348
1635119.063430593581870198,-28000.950851936297112843,-30462.788988178206636803,-8023.357651876409363467
1635633.266158612212166190,-26800.245583119223738322,-31470.529527635520935291,-8232.782016492850743816
1636088.633477272465825081,-25705.376637079127249308,-32326.025138690642052097,-8408.577514800077551627
1636465.263649654109030962,-24778.327330438380158739,-33006.676222541849710979,-8546.970825862763376790
1636746.696129952091723680,-24073.347078194838104537,-33499.041674169158795848,-8646.175624280162082869
1636920.630968314362689853,-23632.551001167728827568,-33796.290857182582840323,-8705.667212110511172796
1636979.466377672739326954,-23482.581727065055019921,-33895.609088019329647068,-8725.474002403188933386
1637038.301787031115964055,-23332.179706523780623684,-33994.302676973042252939,-8745.119984201357510756
1637212.236625393386930227,-22885.043063408156740479,-34282.399657720743562095,-8802.255418993403509376
1637493.669105691369622946,-22153.785896333487471566,-34736.836070189790916629,-8891.695723678300055326
1637870.299278073012828827,-21160.613167056773818331,-35322.042307104806241114,-9005.517607299219889683
1638325.666596733266487718,-19938.543660735369485337,-35993.932478944632748608,-9134.045514800913224462
1638839.869324751896783710,-18532.192341204183321679,-36704.837554261510376818,-9267.052216582809705869
1639390.434335496043786407,-16997.529541679909016239,-37408.725924593789386563,-9395.001206232538606855
1639953.299296091776341200,-15400.252165763402445009,-38065.940853256397531368,-9510.136987371653958689
1640503.864306835923343897,-13812.737338399019790813,-38646.703998819895787165,-9607.242878212970026652
1641018.067034854553639889,-12309.894608190790677327,-39132.821238286953303032,-9683.939803222683622153
1641473.434353514807298779,-10964.477569232871246641,-39517.360348942522250582,-9740.485720554243016522
1641850.064525896450504661,-9842.487510806964564836,-39802.474493802968936507,-9779.133952478128776420
1642131.497006194433197379,-8999.196109818283730419,-39995.917806835808733013,-9803.194971619741409086
1642305.431844556704163551,-8476.093897378630572348,-40107.047284203101298772,-9815.999694289139370085
1642364.267253915080800653,-8298.835589235464794911,-40143.177254694164730608,-9819.973364277288055746
1642423.102663273457437754,-8121.424385794400222949,-40178.567639143024280202,-9823.766100522905617254
1642597.037501635728403926,-7596.081963352193270111,-40278.860761510884913150,-9833.919796592854254413
1642878.469981933711096644,-6743.506556295355039765,-40427.395476332058024127,-9846.994290295142491232
1643255.100154315354302526,-5598.154104010139235470,-40599.501340608658210840,-9857.995959149240661645
1643710.467472975607961416,-4207.794994403633609181,-40766.648439191863872111,-9861.358672734164429130
1644224.670200994238257408,-2632.293511913797829038,-40901.307001426743227057,-9852.074054043530850322
1644775.235211738385260105,-941.331607503434270257,-40981.692023024406807963,-9826.766431172842203523
1645338.100172334117814898,788.955881622575134315,-40995.543522797590412665,-9784.508445599856713670
1645888.665183078264817595,2480.166370601766175241,-40942.236254058298072778,-9727.215463199956502649
1646402.867911096895113587,4056.122031355679155240,-40832.814634524685970973,-9659.535606445311714197
1646858.235229757148772478,5447.062368772848458320,-40687.948449763876851648,-9588.250339949261615402
1647234.865402138791978359,6593.022589445539779263,-40534.205999328914913349,-9521.294037907329766313
1647516.297882436774671078,7446.127217700249275367,-40399.346764878959220368,-9466.567595777460155659
1647690.232720799045637250,7971.828819040938469698,-40307.483176153531530872,-9430.748516324658339727
1647749.068130157422274351,8149.367068987785387435,-40274.940034611252485774,-9418.288409099337513908
1647807.903539515798911452,8326.755229225720540853,-40241.655135571978462394,-9405.654829104028976872
1647981.838377878069877625,8850.257728721298917662,-40138.923375507336459123,-9367.294040532642611652
1648263.270858176052570343,9694.248731360643432708,-39959.023680705635342747,-9302.034110546666852315
1648639.901030557695776224,10817.275431812993701897,-39691.941079822543542832,-9208.571259743033806444
1649095.268349217949435115,12164.099227062413774547,-39329.044265022035688162,-9086.295765041304548504
1649609.471077236579731107,13668.732196201763144927,-38867.130938677299127448,-8936.179620189070192282
1650160.036087980726733804,15258.400820035651122453,-38311.973581419610127341,-8761.520274536034776247
1650722.901048576459288597,16858.133075496105448110,-37680.566958434013940860,-8568.357410186530614737
1651273.466059320606291294,18395.444078107149834977,-37001.523373956653813366,-8365.444068578710357542
1651787.668787339236587286,19804.488750335716758855,-36313.432392265378439333,-8163.744921570545557188
1652243.036105999490246177,21029.120391659147571772,-35661.406998015132558066,-7975.529564539300736214
1652619.666278381133452058,22024.537459849434526404,-35092.374915204454737250,-7813.202845679941674462
1652901.098758679116144776,22757.545479400643671397,-34649.865852206778072286,-7688.051104760873386113
1653075.033597041387110949,23205.795693602383835241,-34369.070205928481300361,-7609.080300237363189808
1653133.869006399763748050,23356.579827326415397692,-34272.833992493870027829,-7582.089771163520708797
1653192.704415758140385151,23506.933959649693861138,-34175.966806252930837218,-7554.959643244781545945
1653366.639254120411351323,23948.883828207530314103,-33885.926196663072914816,-7473.943447549481788883
1653648.071734418394044042,24655.781624048435332952,-33405.103651915858790744,-7340.315084591434242611
1654024.701906800037249923,25585.494785065875475993,-32739.659184819836809766,-7156.657717203496758884
1654480.069225460290908813,26683.733093317514430964,-31902.166619635609094985,-6927.408878928883495973
1654994.271953478921204805,27888.437355156474950491,-30914.228918978889851132,-6659.370451824856900203
1655544.836964223068207502,29134.825786725108628161,-29808.285791533642623108,-6362.008113659847367671
1656107.701924818800762296,30360.504062562053150032,-28627.987177674931444926,-6047.406068948472238844
1656658.266935562947764993,31509.937702036222617608,-27426.814997955869330326,-5729.819567093225487042
1657172.469663581578060985,32537.632978983390785288,-26265.018476364053640282,-5424.858055772625448299
1657627.836982241831719875,33409.596744098635099363,-25205.277362167929823045,-5148.409394675050862134
1658004.467154623474925756,34103.002198511720052920,-24307.728582682724663755,-4915.459070998116658302
1658285.899634921457618475,34604.380613946967059746,-23625.041468768184131477,-4738.959870657190549537
1658459.834473283728584647,34906.977069067841512151,-23198.125117920099000912,-4628.874780404600642214
1658518.669882642105221748,35008.065334792561770882,-23052.867906239614967490,-4591.467850865613399947
1658577.505292000481858850,35108.509326421219157055,-22907.186439017634256743,-4553.976415553484002885
1658751.440130362752825022,35401.665929180147941224,-22474.053929469366266858,-4442.653153364642093948
1659032.872610660735517740,35863.923200756238657050,-21765.605465441753040068,-4261.022651728503660706
1659409.502783042378723621,36458.883917943727283273,-20803.230555283440480707,-4015.159865044248363120
1659864.870101702632382512,37141.471124776369833853,-19618.784142824726586696,-3713.871632870138910221
1660379.072829721262678504,37862.999952959129586816,-18255.374794346003909595,-3368.751602861540959566
1660929.637840465409681201,38576.537803379666002002,-16767.160219235185650177,-2993.990113470687902009
1661492.502801061142235994,39241.759314227987488266,-15217.791167026558468933,-2605.874082204599289980
1662043.067811805289238691,39828.525115496711805463,-13677.470548581750335870,-2221.989283846739454020
1662557.270539823919534683,40318.607677377411164343,-12218.931496483584851376,-1860.212862717735788465
1663012.637858484173193574,40705.331308573353453539,-10912.877826197349349968,-1537.632213261690594663
1663389.268030865816399455,40991.308897844530292787,-9823.502516553127861698,-1269.532673642144118276
1663670.700511163799092174,41184.839549893935327418,-9004.599598312108355458,-1068.562447118794807466
1663844.635349526070058346,41295.784427603764925152,-8496.572472424062652863,-944.125695747638246758
1663903.470758884446695447,41331.810710471821948886,-8324.413290188993414631,-901.998206330157017874
1663962.306168242823332548,41367.076560694389627315,-8152.100953384336207819,-859.854120498401471195
1664136.241006605094298720,41466.879639900595066138,-7641.829818622903985670,-735.174199710123730256
1664417.673486903076991439,41614.235843463007768150,-6813.627149973573068564,-533.196215677933423649
1664794.303659284720197320,41784.019651049668027554,-5700.849821197568417119,-262.560735224323025250
1665249.670977944973856211,41947.222946049114398193,-4349.777829215677229513,64.898312539429241497
1665763.873705963604152203,42075.937936618815001566,-2818.456680866493570647,434.561813757582285689
1666314.438716707751154900,42148.215573877911083400,-1174.513232098723619856,829.675913397449676268
1666877.303677303483709693,42151.927176398960000370,508.092161507070841253,1232.230624668351083528
1667427.868688047630712390,42086.905809751428023446,2153.121045917351693788,1623.986273048266639307
1667942.071416066261008382,41964.955384695684188046,3686.424030049477551074,1987.518323707049148652
1668397.438734726514667273,41807.726388349074113648,5040.029769490605758619,2307.139450309363382985
1668774.068907108157873154,41642.868423175750649534,6155.453580046061688336,2569.589529887216031057
1669055.501387406140565872,41499.181959717287099920,6985.958243528696584690,2764.448630764349218225
1669229.436225768411532044,41401.641573896449699532,7497.790426883398140490,2884.301584176273536286
1669288.271635126788169146,41367.140118139279366005,7670.654676882471903809,2924.739188429342448217
1669347.107044485164806247,41331.877712117609917186,7843.377824870082804409,2965.122987986993393861
1669521.041882847435772419,41223.187943493845523335,8353.142592910819075769,3084.187599313503596932
1669802.474363145418465137,41033.295596551943162922,9175.079363388871570351,3275.779610417538151523
1670179.104535527061671019,40752.164719807697110809,10268.942869504167902051,3530.008360265215742402
1670634.471854187315329909,40371.263059203098237049,11581.073418883850536076,3833.814244070205404569
1671148.674582205945625901,39887.698494649695931002,13047.323222190887463512,4171.777669267236888118
1671699.239592950092628598,39307.837283544773526955,14596.887168426659627585,4527.130695431697859021
1672262.104553545825183392,38649.585703624412417412,16156.747910078969653114,4882.880391224695813435
1672812.669564289972186089,37942.769066109838604461,17656.228873804586328333,5222.907865204790141433
1673326.872292308602482080,37227.423201953468378633,19031.042689870828326093,5532.891586519664997468
1673782.239610968856140971,36550.229225921131728683,20226.288198925067263190,5800.930274009533604840
1674158.869783350499346852,35959.666920755022147205,21198.083457066011760617,6017.805748257184859540
1674440.302263648482039571,35500.657605501430225559,21913.855774100986309350,6176.911094967941608047
1674614.237102010753005743,35209.491192087974923197,22351.635022460799518740,6273.947905119246570393
1674673.072511369129642844,35109.717372983075620141,22498.908960249158553779,6306.544164185881527374
1674731.907920727506279945,35009.297728881916555110,22645.769042304873437388,6339.024409034489508485
1674905.842759089777246118,34708.668738989588746335,23077.484509313446324086,6434.361388076154980808
1675187.275239387759938836,34210.444096356412046589,23768.126970313856872963,6586.422201373779898859
1675563.905411769403144717,33521.199985605271649547,24676.685220363193366211,6785.570745778469245124
1676019.272730429656803608,32654.173148110774491215,25750.282506118077435531,7019.508368614040591638
1676533.475458448287099600,31631.922406766509084264,26928.426183850067900494,7274.360500251237681368
1677084.040469192434102297,30488.157129130184330279,28147.902390214519982692,7535.895613981524547853
1677646.905429788166657090,29268.092422671237727627,29347.742477163366856985,7790.722521045955545560
1678197.470440532313659787,28027.008410298614762723,30473.581519354545889655,8027.294916401656337257
1678711.673168550943955779,26827.083894148901890730,31480.772665930093353381,8236.572843888790885103
1679167.040487211197614670,25732.932048498609219678,32335.836582231953798328,8412.251708721814793535
1679543.670659592840820551,24806.491278260356921237,33016.170438187800755259,8550.557982997414001147
1679825.103139890823513269,24101.973477234547317494,33508.322741449032037053,8649.703380097118497360
1679999.037978253094479442,23661.466068080837430898,33805.450505534055992030,8709.160681190915056504
1680057.873387611471116543,23511.594885004884417867,33904.729456960987590719,8728.956294195229929755
1680116.708796969847753644,23361.291167044775647810,34003.384674509085016325,8748.591311603704525623
1680290.643635332118719816,22914.446291400534391869,34291.373539283238642383,8805.695578780123469187
1680572.076115630101412535,22183.664419452812580857,34745.651913254958344623,8895.089403521311396617
1680948.706288011744618416,21191.132535599848779384,35330.679451798139780294,9008.856729763707335223
1681404.073606671998277307,19969.842235778396570822,36002.403814755758503452,9137.330338881067291368
1681918.276334690628573298,18564.371947617215482751,36713.187683511350769550,9270.290977443957672222
1682468.841345434775575995,17030.647731974662747234,37417.023363553314993624,9398.208349039481618092
1683031.706306030508130789,15434.317939181953988736,38074.265685864847910125,9513.330346058975919732
1683582.271316774655133486,13847.711528695646848064,38655.133424126855970826,9610.440380334446672350
1684096.474044793285429478,12345.694993027953387355,39141.415899859144701622,9687.156368644442409277
1684551.841363453539088368,11000.987510482687866897,39526.154038474400294945,9743.730934078395875986
1684928.471535835182294250,9879.566096990894948249,39811.468906383335706778,9782.410866215177520644
1685209.904016133164986968,9036.687644431931403233,40005.082844948818092234,9806.500119881655336940
1685383.838854495435953140,8513.835161486669676378,40116.326358417223673314,9819.324174178518660483
1685442.674263853812590241,8336.660339891250259825,40152.496359950004261918,9823.304701685059626470
1685501.509673212189227343,8159.332113045210462587,40187.927504003637295682,9827.104454343741963385
1685675.444511574460193515,7634.231949017375882249,40288.345336517610121518,9837.279809979809215292
1685956.876991872442886233,6782.038542434790542757,40437.094896808368503116,9850.392182316003527376
1686333.507164254086092114,5637.176957904444861924,40609.512645351169339847,9861.449795229062146973
1686788.874482914339751005,4247.378190438917954452,40777.072151466869399883,9864.887695154800894670
1687303.077210932970046997,2672.462792449037806364,40912.239643318011076190,9855.697102185085896053
1687853.642221677117049694,982.069855147441558074,40993.215854570829833392,9830.499759329781227279
1688416.507182272849604487,-747.702357895233262752,41007.715686947580252308,9788.363438767246407224
1688967.072193016996607184,-2438.477089822325524437,40955.079750106080609839,9731.196787920771384961
1689481.274921035626903176,-4014.089184575458602922,40846.313036284045665525,9663.640198938881439972
1689936.642239695880562067,-5404.777914818914723583,40702.045226674323203042,9592.467380978614528431
1690313.272412077523767948,-6550.568156678580635344,40548.808111120073590428,9525.605795380941344774
1690594.704892375506460667,-7403.568589498042456398,40414.331334479575161822,9470.950834658129679156
1690768.639730737777426839,-7929.215624369635406765,40322.705770832872076426,9435.176136846013832837
1690827.475140096154063940,-8106.737122261132753920,40290.243384473411424551,9422.731066935408307472
1690886.310549454530701041,-8284.109394124974642182,40257.039349187987681944,9410.112533745787004591
1691060.245387816801667213,-8807.569980660313376575,40154.547204891103319824,9371.796265884171589278
1691341.677868114784359932,-9651.509205670236042351,39975.036558422420057468,9306.608393805119703757
1691718.308040496427565813,-10774.497678272195116733,39708.475864775959053077,9213.241711311118706362
1692173.675359156681224704,-12121.322695370288784034,39346.209256455033028033,9091.081462731250212528
1692687.878087175311520696,-13626.019128296802591649,38885.002162354379834142,8941.093121489378972910
1693238.443097919458523393,-15215.827823634603191749,38330.588923004630487412,8766.566592790510185296
1693801.308058515191078186,-16815.778846278251876356,37699.923719490485382266,8573.533779812421926181
1694351.873069259338080883,-18353.375677286487189122,37021.580163842561887577,8370.740657191647187574
1694866.075797277968376875,-19762.749194845087913563,36334.115149438708613161,8169.146387476073869038
1695321.443115938222035766,-20987.719937398484034929,35682.617785927672230173,7981.017107859908719547
1695698.073288319865241647,-21983.450005237627919996,35114.001417673483956605,7818.756261174922656210
1695979.505768617847934365,-22716.710356448122183792,34671.789472725162340794,7693.650367122687384835
1696153.440606980118900537,-23165.124142211723665241,34391.171334247577760834,7614.706383738828662899
1696212.276016338495537639,-23315.964894000724598300,34294.994071085136965849,7587.724658215190174815
1696271.111425696872174740,-23466.376286821028770646,34198.185272266506217420,7560.603195828735806572
1696445.046264059143140912,-23908.499138983243028633,33908.313924328744178638,7479.611799230464384891
1696726.478744357125833631,-24615.688256001947593177,33427.754337115322414320,7346.020906970584292139
1697103.108916738769039512,-25545.812413456751528429,32762.639719871225679526,7162.408360202231961011
1697558.476235399022698402,-26644.577867985211923951,31925.510399566548585426,6933.205208651090288186
1698072.678963417652994394,-27849.913681254765833728,30937.933343197459180374,6665.206653538338287035
1698623.243974161799997091,-29097.016122472105053021,29832.314817007008969085,6367.872613037258815893
1699186.108934757532551885,-30323.458890178269939497,28652.278915986873471411,6053.283515445222292328
1699736.673945501679554582,-31473.667948409944074228,27451.293214972913119709,5735.693568976914320956
1700250.876673520309850574,-32502.106546798724593828,26289.605829998581612017,5430.714145344129065052
1700706.243992180563509464,-33374.739689493835612666,25229.907696076323190937,5154.237618479294724239
1701082.874164562206715345,-34068.703903471439843997,24332.355790415269439109,4921.255678277915649232
1701364.306644860189408064,-34570.501507656503235921,23649.643278334282513242,4744.727783352942424244
1701538.241483222460374236,-34873.357306961355789099,23222.701322946701111505,4634.622794130874353868
1701597.076892580837011337,-34974.533298530193860643,23077.433733895606565056,4597.208759959519738914
1701655.912301939213648438,-35075.065002347248082515,22931.741021006961091189,4559.710031434067786904
1701829.847140301484614611,-35368.480749126967566554,22498.570185764958296204,4448.364107456020974496
1702111.279620599467307329,-35831.156378316409245599,21790.043624832331261132,4266.693466464565062779
1702487.909792981110513210,-36426.673752117676485796,20827.533126366277429042,4020.770299582234656555
1702943.277111641364172101,-37109.926244941983895842,19642.875480077091197018,3719.399014454078042036
1703457.479839659994468093,-37832.191651136759901419,18279.165951788530946942,3374.172254299268388422
1704008.044850404141470790,-38546.495045526266039815,16790.558670300761150429,2999.281729085701044824
1704570.909810999874025583,-39212.467878589413885493,15240.713797635953596910,2611.018650772576165764
1705121.474821744021028280,-39799.931507867884647567,13699.857449180377443554,2226.975988308533942472
1705635.677549762651324272,-40290.627258371823700145,12240.757807575535480282,1865.040368372638795336
1706091.044868422904983163,-40677.858893268472456839,10934.161345400922073168,1542.309900308875057817
1706467.675040804548189044,-40964.229420868978195358,9844.305780477823645924,1274.080621212807272968
1706749.107521102530881763,-41158.036489879617874976,9025.026327674622734776,1073.010237520991495330
1706923.042359464801847935,-41269.144504600735672284,8516.759219183466484537,948.510290260767760628
1706981.877768823178485036,-41305.224603859969647601,8344.517634532670854242,906.361208718047919319
1707040.713178181555122137,-41340.543569687681156211,8172.122285041159557295,864.195424370457544683
1707214.648016543826088309,-41440.499518750882998575,7661.602226835416331596,739.450749039956122033
1707496.080496841808781028,-41588.089603680557047483,6832.985986522415259969,537.366151844068326682
1707872.710669223451986909,-41758.159413218010740820,5719.635316183685063152,266.584710657430605352
1708328.077987883705645800,-41921.665404645653325133,4367.841923173306895478,-61.055261040924392546
1708842.280715902335941792,-42050.662788066634675488,2835.672705500290248892,-430.927973029046427200
1709392.845726646482944489,-42123.169692815652524587,1190.786962024968261176,-826.270550940529346917
1709955.710687242215499282,-42127.034306085952266585,-492.812289110097253797,-1229.062085292486699473
1710506.275697986362501979,-42062.080280928683350794,-2138.836793413684972620,-1621.050964946143722045
1711020.478426004992797971,-41940.117303978564450517,-3673.084863488383234653,-1984.800840865558939186
1711475.845744665246456861,-41782.815251528714725282,-5027.535385663606575690,-2304.613784953310641868
1711852.475917046889662743,-41617.852410290608531795,-6143.660627479175673216,-2567.221059836381755304
1712133.908397344872355461,-41474.061152979586040601,-6974.689629946077729983,-2762.196426743510983215
1712307.843235707143321633,-41376.444671789460699074,-7486.845507679238835408,-2882.120617436713473580
1712366.678645065519958735,-41341.915515687185688876,-7659.819139421368163312,-2922.582199988263255364
1712425.514054423896595836,-41306.624418301107652951,-7832.651598883951919561,-2962.989914652041534282
1712599.448892786167562008,-41197.844035052308754530,-8342.739031656068618759,-3082.124837378724350856
1712880.881373084150254726,-41007.786744324534083717,-9165.195872307631361764,-3273.829277589938101301
1713257.511545465793460608,-40726.399783377572020981,-10259.750055554615755682,-3528.205568646944811917
1713712.878864126047119498,-40345.134808223236177582,-11572.704651579868368572,-3832.184703198064653407
1714227.081592144677415490,-39861.090149653588014189,-13039.865881521831397549,-4170.335949728097148181
1714777.646602888824418187,-39280.634298947195929941,-14590.377238084878626978,-4525.879517756619861757
1715340.511563484556972980,-38621.690915453604247887,-16151.169354064892104361,-4881.811196399681648472
1715891.076574228703975677,-37914.118379740539239720,-17651.518356897351623047,-5222.002674365327038686
1716405.279302247334271669,-37197.998738729977048934,-19027.098920622254809132,-5532.125840818359392870
1716860.646620907587930560,-36520.067390484640782233,-20222.983958859793347074,-5800.276077239842379640
1717237.276793289231136441,-35928.859991041135799605,-21195.277708834175427910,-6017.234820960963588732
1717518.709273587213829160,-35469.348762692992750090,-21911.403377202044794103,-6176.396836828408595466
1717692.644111949484795332,-35177.863969181489665061,-22349.392471665196353570,-6273.466223048034407839
1717751.479521307861432433,-35077.981075237257755361,-22496.735879630330600776,-6306.073070689831183699
1717810.314930666238069534,-34977.451669432928611059,-22643.664656932556681568,-6338.563684325520625862
1717984.249769028509035707,-34676.494236389175057411,-23075.578616510891151847,-6433.930019303077642689
1718265.682249326491728425,-34177.725993185806146357,-23766.527390539966290817,-6586.034160401402004936
1718642.312421708134934306,-33487.732002188771730289,-24675.465861977645545267,-6785.232428296795660572
1719097.679740368388593197,-32619.766687115028616972,-25749.475552744930610061,-7019.217174067542146076
1719611.882468387018889189,-31596.418347872662707232,-26928.019872590211889474,-7274.104887561306895805
1720162.447479131165891886,-30451.438928494237188715,-28147.845204734552680748,-7535.656761157805703988
1720725.312439726898446679,-29230.098040079894417431,-29347.953472256358509185,-7790.477415316379847354
1721275.877450471045449376,-27987.738546651034994284,-30473.965157062000798760,-8027.020373998548166128
1721790.080178489675745368,-26786.604789867047657026,-31481.235403643571771681,-8236.249710087198764086
1722245.447497149929404259,-25691.372397754308622098,-32336.301933752725744853,-8411.868411759591253940
1722622.077669531572610140,-24764.034153431930462830,-33016.589538785628974438,-8550.112742984494616394
1722903.510149829555302858,-24058.845031220673263306,-33508.678484628653677646,-8649.204663194781460334
1723077.444988191826269031,-23617.922917835116095375,-33805.754739226336823776,-8708.625846949094921001
1723136.280397550202906132,-23467.911542856931191636,-33905.014128822345810477,-8728.408713876466208603
1723195.115806908579543233,-23317.467691833360731835,-34003.648703280719928443,-8748.030718240070200409
1723369.050645270850509405,-22870.208974138622579630,-34291.570217100146692246,-8805.094956737615575548
1723650.483125568833202124,-22138.759355708836665144,-34745.719603544872370549,-8894.419100060875280178
1724027.113297950476408005,-21145.339004623747314326,-35330.535888432379579172,-9008.083742088450890151
1724482.480616610730066895,-19922.985530727539298823,-36001.946053243416827172,-9136.418959944508969784
1724996.683344629360362887,-18516.334216180399380391,-36712.298503130288736429,-9269.204938840954127954
1725547.248355373507365584,-16981.374962003530526999,-37415.583556483026768547,-9396.914248258644875023
1726110.113315969239920378,-15383.821458371628978057,-38072.170268355745065492,-9511.801808824558975175
1726660.678326713386923075,-13796.063341335306176916,-38652.308764095803780947,-9608.662186436215051799
1727174.881054732017219067,-12293.017678530593912001,-39137.834430951559625100,-9685.127739297669904772
1727630.248373392270877957,-10947.440748815164624830,-39521.843747315615473781,-9741.467353713791453629
1728006.878545773914083838,-9825.332646754641245934,-39806.515945033985190094,-9779.944127058430240140
1728288.311026071896776557,-8981.961489714127310435,-39999.627011117379879579,-9803.876620092627490521
1728462.245864434167742729,-8458.813616164357881644,-40110.550359178043436259,-9816.601762450018213713
1728521.081273792544379830,-8281.540492107233149000,-40146.610475025801861193,-9820.548490978544577956
1728579.916683150921016932,-8104.114791416510342970,-40181.930941697675734758,-9824.314275196889866493
1728753.851521513191983104,-7578.731376907722733449,-40282.017009729082928970,-9834.388236118393251672
1729035.284001811174675822,-6726.095563495841815893,-40430.215644038158643525,-9847.333562030198663706
1729411.914174192817881703,-5580.673759264489490306,-40601.869914336501096841,-9858.162157557741011260
1729867.281492853071540594,-4190.248426188503799494,-40768.468661041304585524,-9861.315461918473374681
1730381.484220871701836586,-2614.695443320225422212,-40902.505648137193929870,-9851.794448961651141872
1730932.049231615848839283,-923.705845785777455603,-40982.223303933198621962,-9826.234162494558404433
1731494.914192211581394076,806.580567272588268679,-40995.391663217320456170,-9783.718762238513591001
1732045.479202955728396773,2497.761261278851634415,-40941.416433913786022458,-9726.175278044140213751
1732559.681930974358692765,4073.663467210204544244,-40831.372153190073731821,-9658.262973727805729141
1733015.049249634612351656,5464.535861516799741366,-40685.956227848226262722,-9586.773343042959822924
1733391.679422016255557537,6610.425318520483415341,-40531.760732702117820736,-9519.649236260092948214
1733673.111902314238250256,7463.468493057253908773,-40396.564155644548009150,-9464.798208361307843006
1733847.046740676509216428,7989.128458650649008632,-40304.492656612950668205,-9428.902500556079758098
1733905.882150034885853529,8166.651994285324690281,-40271.879294642531021964,-9416.416539642001225729
1733964.717559393262490630,8344.025121897564531537,-40238.524231688446889166,-9403.757140468716897885
1734138.652397755533456802,8867.481321741639476386,-40135.585389346080773976,-9365.320229194012426888
1734420.084878053516149521,9711.391542260347705451,-39955.351783490594243631,-9299.937808975280859158
1734796.715050435159355402,10834.298840907224075636,-39687.824773039690626319,-9206.312426638718534377
1735252.082369095413014293,12180.961128643977644970,-39324.394828766577120405,-9083.842711674211386708
1735766.285097114043310285,13685.389376713936144370,-38861.885696035198634490,-8933.510518853241592296
1736316.850107858190312982,15274.812844545149346231,-38306.098610920911596622,-8758.624019507802586304
1736879.715068453922867775,16874.267121629993198439,-37674.058003655562060885,-8565.233759889422799461
1737430.280079198069870472,18411.279920619326730957,-36994.404904537783295382,-8362.103084783915619482
1737944.482807216700166464,19820.023023325949907303,-36305.755019266798626631,-8160.205818346023988852
1738399.850125876953825355,21044.369353276375477435,-35653.243668899049225729,-7971.819159408667474054
1738776.480298258597031236,22039.537725874550233129,-35083.816441180468245875,-7809.353843473641973105
1739057.912778556579723954,22772.352514777401665924,-34641.016312812520482112,-7684.100428284226836695
1739231.847616918850690126,23220.480182890136347851,-34360.042635807323677000,-7605.067615371368447086
1739290.683026277227327228,23371.222328413878130959,-34263.746529072261182591,-7578.056256968987327127
1739349.518435635603964329,23521.534203048402559943,-34166.819616957189282402,-7550.905374012708307419
1739523.453273997874930501,23963.357576993697875878,-33876.603429757189587690,-7469.828258433738483291
1739804.885754295857623219,24670.045778497984429123,-33395.499985973568982445,-7336.102732247753920092
1740181.515926677500829101,25599.469066183224640554,-32729.685956575543968938,-7152.318119395102257840
1740636.883245337754487991,26697.342849971260875463,-31891.756647991838690359,-6922.919816086798164179
1741151.085973356384783983,27901.617477539897663519,-30903.339605950994155137,-6654.718573273568836157
1741701.650984100531786680,29147.525376141849847045,-29796.900237512923922623,-6357.189164048764723702
1742264.515944696264341474,30372.691240704367373837,-28616.113280613677488873,-6042.424349030480698275
1742815.080955440411344171,31521.603809307296614861,-27414.482781770533620147,-5724.686752452013934089
1743329.283683459041640162,32548.795442230144544737,-26252.276152177571930224,-5419.591593193305016030
1743784.651002119295299053,33420.300074034894350916,-25192.186797100570402108,-5143.030752877208215068
1744161.281174500938504934,34113.316850622555648442,-24294.360882017073890893,-4909.992122829971776810
1744442.713654798921197653,34614.399739858628890943,-23611.473253512169321766,-4733.429625015864075976
1744616.648493161192163825,34916.811433574650436640,-23184.435830084617919056,-4623.306577719618871924
1744675.483902519568800926,35017.836842391850950662,-23039.138161786573618883,-4585.887011237953629461
1744734.319311877945438027,35118.217797392790089361,-22893.416490696414257400,-4548.383041712753765751
1744908.254150240216404200,35411.187005500629311427,-22460.166611832290072925,-4437.023327666239310929
1745189.686630538199096918,35873.137838030103011988,-21751.532980478346871678,-4255.335766429766408692
1745566.316802919842302799,36467.682416173607634846,-20788.919554689633514499,-4009.400370405831836251
1746021.684121580095961690,37149.757662797339435201,-19604.199193955737428041,-3708.030155142743751640
1746535.886849598726257682,37870.697440788397216238,-18240.499846852060727542,-3362.825295508040653658
1747086.451860342873260379,38583.592624581528070848,-16751.997954897989984602,-2987.982215103972521320
1747649.316820938605815172,39248.145379378824145533,-15202.360427246374456445,-2599.792778566610650159
1748199.881831682752817869,39834.246636774732905906,-13661.802338164248794783,-2215.846086278273560310
1748714.084559701383113861,40323.700207229536317755,-12203.064291104003132205,-1854.020796269561060399
1749169.451878361636772752,40709.860819957546482328,-10896.853004848817363381,-1531.404133268505574961
1749546.082050743279978633,40995.368947386014042422,-9807.360670478619795176,-1263.279992314464834635
1749827.514531041262671351,41188.546784487298282329,-8988.378247158958401997,-1062.294459391824148042
1750001.449369403533637524,41299.272821884740551468,-8480.305396907338945311,-937.849567185669798164
1750060.284778761910274625,41335.224951033516845200,-8308.131339604300592327,-895.719552414634677007
1750119.120188120286911726,41370.416584814578527585,-8135.804427309790298750,-853.573056756132700684
1750293.055026482557877898,41469.999904707139648963,-7625.491957579530208022,-728.886687822449857777
1750574.487506780540570617,41616.999484741929336451,-6797.227974621710927750,-526.900412327812773583
1750951.117679162183776498,41786.304246511834207922,-5684.379396540152811212,-256.257982990321465877
1751406.484997822437435389,41948.926086360552289989,-4333.237846155136139714,71.203120537156223691
1751920.687725841067731380,42076.982278379786293954,-2801.860066495546561782,440.860590717290506291
1752471.252736585214734077,42148.552933852188289165,-1157.881834042664422668,835.958421816373174806
1753034.117697180947288871,42151.541213912838429678,524.731427225234938305,1238.486039818237941290
1753584.682707925094291568,42085.812957223497505765,2169.740907532490382437,1630.204998025275472173
1754098.885435943724587560,41963.203901007327658590,3703.001592810268448375,1993.693734060188944568
1754554.252754603978246450,41805.393663286544324365,5056.550425465898115363,2313.269255791733485239
1754930.882926985621452332,41640.056875310197938234,6171.913411932500821422,2575.676510083500033943
1755212.315407283604145050,41496.013982080708956346,7002.364523512805135397,2770.500613094419350091
1755386.250245645875111222,41398.253968217526562512,7514.160155956365997554,2890.330662010635933257
1755445.085655004251748323,41363.678342406870797276,7687.011446252266068768,2930.760298978000719217
1755503.921064362628385425,41328.341830054378078785,7859.721333661267635762,2971.136020486198503932
1755677.855902724899351597,41219.433367047466163058,8369.445142387789019267,3090.176104415324516594
1755959.288383022882044315,41029.188459654702455737,9191.310091415751230670,3281.726391934551429586
1756335.918555404525250196,40747.588496889700763859,10285.066799769021599786,3535.895391832323184644
1756791.285874064778909087,40366.124325387354474515,11597.052003356557179359,3839.623113000256125815
1757305.488602083409205079,39881.931411328019748908,13063.116527297977881972,4177.490587023406988010
1757856.053612827556207776,39301.406422737789398525,14612.457503855326649500,4532.731982849831183557
1758418.918573423288762569,38642.486952543818915728,16172.064375023701359169,4888.358229769686658983
1758969.483584167435765266,37935.028573244839208201,17671.272070156523113837,5228.256029752917129372
1759483.686312186066061258,37219.094589955515402835,19045.808776542078703642,5538.110857744489294419
1759939.053630846319720149,36541.389530612621456385,20240.791550489884684794,5806.029271726460137870
1760315.683803227962926030,35950.411847588213277049,21212.357415752405358944,6022.801017708169638354
1760597.116283525945618749,35491.096682657291239593,21927.951288465770630864,6181.826392230979763553
1760771.051121888216584921,35199.743247433820215520,22365.617281055947387358,6278.812740236630816071
1760829.886531246593222022,35099.906519281255896203,22512.852399109877296723,6311.391752476115470927
1760888.721940604969859123,34999.424146585202834103,22659.673404940655018436,6343.854661319785009255
1761062.656778967240825295,34698.610778862603183370,23091.271858101001271280,6439.139871589916765515
1761344.089259265223518014,34200.091243879614921752,23781.720300343105918728,6591.115297708804064314
1761720.719431646866723895,33510.459328402328537777,24690.009965848148567602,6790.146487513467036479
1762176.086750307120382786,32642.974449716057279147,25763.269123967773339245,7023.937624037056593806
1762690.289478325750678778,31620.221343170826003188,26941.013803952399030095,7278.618483798132729135
1763240.854489069897681475,30475.936414234518451849,28160.043206151862250408,7539.963588007432917948
1763803.719449665630236268,29255.360797703411662951,29359.406296210392611101,7794.589468825462063251
1764354.284460409777238965,28013.797765632269147318,30484.759760636232385878,8030.958929463549793581
1764868.487188428407534957,26813.445065097948827315,31491.481120877266221214,8240.041987677650467958
1765323.854507088661193848,25718.930005778005579486,32346.116418578068987699,8415.544201025899383239
1765700.484679470304399729,24792.200463681107066805,33026.087186196564289276,8553.701617873852228513
1765981.917159768287092447,24087.473900789987965254,33517.963279393290576991,8652.734229351070098346
1766155.851998130558058619,23646.840515276140649803,33814.918299241129716393,8712.121183976756583434
1766214.687407488934695721,23496.927250437194743427,33914.138471943188051227,8731.892893159718369134
1766273.522816847311332822,23346.581720508344005793,34012.734737612358003389,8751.503952703864342766
1766447.457655209582298994,22899.614821508050226839,34300.548321109978132881,8808.537081578828292550
1766728.890135507564991713,22168.640569954179227352,34754.539970881363842636,8897.814839139176910976
1767105.520307889208197594,21175.861138731372193433,35339.177963231086323503,9011.425050215973897139
1767560.887626549461856484,19954.286928328117937781,36010.422811008909775410,9139.706122570341904066
1768075.090354568092152476,18548.516666217823512852,36720.654608490527607501,9272.446210014921234688
1768625.655365312239155173,17014.495968040180741809,37423.887559764749312308,9400.124083091975990101
1769188.520325907971709967,15417.889965969930926803,38080.502257006621221080,9514.998041638526046881
1769739.085336652118712664,13831.040135345156159019,38660.745910751131305005,9611.862735930193593958
1770253.288064670749008656,12328.820501312276974204,39146.437326347309863195,9688.347508461818506476
1770708.655383331002667546,10983.952947014482560917,39530.646109498346049804,9744.715904297232555109
1771085.285555712645873427,9862.413316801899782149,39815.519381037782295607,9783.224483989251893945
1771366.718036010628566146,9019.454965509015892167,40008.801326848799362779,9807.185288196180408704
1771540.652874372899532318,8496.556727727322140709,40119.838864504090452101,9819.929808347364087240
1771599.488283731276169419,8319.367057573641432100,40155.939062667493999470,9823.883409795302213752
1771658.323693089652806520,8142.024300363668771752,40191.300339884466666263,9827.656225716958942940
1771832.258531451923772693,7616.883043657447160513,40291.511266667999734636,9837.751890748033474665
1772113.691011749906465411,6764.629059512690218980,40439.924980394884187263,9850.735165219106420409
1772490.321184131549671292,5619.697878241897342377,40611.891434841963928193,9861.619794045725939213
1772945.688502791803330183,4229.832568659841854242,40778.902930247881158721,9864.848385654026060365
1773459.891230810433626175,2654.865282791897698189,40913.449202211355441250,9855.421502638810125063
1774010.456241554580628872,964.444207948002258490,40993.758390535957005341,9829.971595716850060853
1774573.321202150313183665,-765.327411266202943807,41007.575390584490378387,9787.577948705082235392
1775123.886212894460186362,-2456.072843366829147271,40954.271751168358605355,9730.160868621040208382
1775638.088940913090482354,-4031.631963197995901282,40844.882576838841487188,9662.371887195149611216
1776093.456259573344141245,-5422.253186695595104538,40700.065170985486474819,9590.994743448585722945
1776470.086431954987347126,-6567.973032138078451680,40546.375105951075966004,9523.965377392052687355
1776751.518912252970039845,-7420.912288550764969841,40411.561043417204928119,9469.185844594876471092
1776925.453750615241006017,-7946.517860020264379273,40319.727598294884955976,9433.334524985883035697
1776984.289159973617643118,-8124.024702033112589561,40287.195000180297938641,9420.863603273843182251
1777043.124569331994280219,-8301.381999764902502648,40253.920809106632077601,9408.219252626655361382
1777217.059407694265246391,-8824.796459874767606379,40151.221603356738341972,9369.826866171872097766
1777498.491887992247939110,-9668.655183724631569930,39971.377069383044727147,9304.516507424517840263
1777875.122060373891144991,-10791.524630949445054284,39704.371978033013874665,9210.987292218589573167
1778330.489379034144803882,-12138.188594524463042035,39341.572224572184495628,9088.632812921679942519
1778844.692107052775099874,-13642.680814699009715696,38879.769267107112682424,8938.428400182079712977
1779395.257117796922102571,-15232.244889473171497229,38324.726193229042110033,8763.674679102454319946
1779958.122078392654657364,-16831.918467501920531504,37693.426848484981746878,8570.414417307627445552
1780508.687089136801660061,-18369.217599533571046777,37014.473579075893212575,8367.403895656356326072
1781022.889817155431956053,-19778.289999817265197635,36326.449435762857319787,8165.611434109718175023
1781478.257135815685614944,-21002.975813592765916837,35674.465886070654960349,7977.310779916730098194
1781854.887308197328820825,-21998.457488045231002616,35105.454161841902532615,7814.911270311172302172
1782136.319788495311513543,-22731.524825295655318769,34662.950981994043104351,7689.703649569297340349
1782310.254626857582479715,-23179.816194764422107255,34382.154703124091611244,7610.697624082157744851
1782369.090036215959116817,-23330.615001520902296761,34285.917508737962634768,7583.695057604662906670
1782427.925445574335753918,-23480.984179441384185338,34189.048945708847895730,7556.552828445438535709
1782601.860283936606720090,-23922.980661234927538317,33899.001904442993691191,7475.500476639283078839
1782883.292764234589412808,-24629.960377612245792989,33418.161223590723238885,7341.812362061676140002
1783259.922936616232618690,-25559.794906143113621511,32752.676769953377515776,7158.072487218798414688
1783715.290255276486277580,-26658.196107872037828201,31915.110355226912361104,6928.719765796541651071
1784229.492983295116573572,-27863.102560477953375084,30927.053537370920821559,6660.558270801968319574
1784780.057994039263576269,-29109.724720537698885892,29820.938295429925346980,6363.057020496891709627
1785342.922954634996131063,-30335.655288230289443163,28640.413542892594705336,6048.305005775026984338
1785893.487965379143133759,-31485.343435194910853170,27438.969006503164564492,5730.563817351536272326
1786407.690693397773429751,-32513.278495253402070375,26276.871017877794656670,5425.450606165128192515
1786863.058012058027088642,-33385.452562454389408231,25216.824195868823153432,5148.861775603235400922
1787239.688184439670294523,-34079.028120641909481492,24318.994780537104816176,4915.791426029387366725
1787521.120664737652987242,-34580.530199717773939483,23636.081472696765558794,4739.200156905385483697
1787695.055503099923953414,-34883.201231685423408635,23209.018270520333317108,4629.057163409842360124
1787753.890912458300590515,-34984.314363195582700428,23063.710165876454993850,4591.630476361740875291
1787812.726321816677227616,-35084.783026654746208806,22917.977190128909569466,4554.119197712992900051
1787986.661160178948193789,-35378.011364367950591259,22484.688811134688876336,4442.736774996787062264
1788268.093640476930886507,-35840.380520458144019358,21775.976800767159147654,4261.008999126736853214
1788644.723812858574092388,-36435.481688913256220985,20813.227410241524921730,4015.013123544288191624
1789100.091131518827751279,-37118.222109796428412665,19628.295363967976300046,3713.559737850164310657
1789614.293859537458047271,-37839.898298454318137374,18264.295334208640269935,3368.248019762094827456
1790164.858870281605049968,-38553.558799372636713088,16775.400209561747033149,2993.275772379658519640
1790727.723830877337604761,-39218.862594709542463534,15225.286340348415251356,2604.939162601769567118
1791278.288841621484607458,-39805.661357451674120966,13684.192032083505182527,2220.834491683754094993
1791792.491569640114903450,-40295.727774698520079255,12224.892960345667233923,1858.849904863948268030
1792247.858888300368562341,-40682.396057193793240003,10918.138516743390937336,1536.083344398196004477
1792624.489060682011768222,-40968.296825611651001964,9828.165640428707774845,1267.829404799571420881
1792905.921540979994460940,-41161.750845529466459993,9008.806478248056009761,1066.743674269594521320
1793079.856379342265427113,-41272.639870296065055300,8500.493523579389147926,942.235562855320381459
1793138.691788700642064214,-41308.645764385262737051,8328.237023447140018106,900.083948366630124838
1793197.527198059018701315,-41343.890461905757547356,8155.827058458597093704,857.915746750984339997
1793371.462036421289667487,-41443.626495933815021999,7645.265549422812910052,733.164602169885483818
1793652.894516719272360206,-41590.859698006854159757,6816.587815163825325726,531.071682244367480052
1794029.524689100915566087,-41760.450101086149516050,5703.165670852763469156,260.283256063296448701
1794484.892007761169224977,-41923.374181949388002977,4351.302473008946435584,-67.358805989709082951
1794999.094735779799520969,-42051.712229402903176378,2819.076380626876925817,-437.225513627357145197
1795549.659746523946523666,-42123.511552973461220972,1174.155635913805326709,-832.551836516475304961
1796112.524707119679078460,-42126.652209291642066091,-509.451657187747287026,-1235.316274839694870025
1796663.089717863826081157,-42060.990656313842919189,-2155.456879051382202306,-1627.268445024915081376
1797177.292445882456377149,-41938.368440916638064664,-3689.662719008752901573,-1990.974973240950021136
1797632.659764542710036039,-41780.484602763499424327,-5044.056358312489464879,-2310.742270912538515404
1798009.289936924353241920,-41615.042485702731937636,-6160.120769230647056247,-2573.306677425561701966
1798290.722417222335934639,-41470.894459347866359167,-6991.096198869942782039,-2768.247009121273549681
1798464.657255584606900811,-41373.058140398534305859,-7503.215505959595247987,-2888.148270040694114869
1798523.492664942983537912,-41338.454743328780750744,-7676.176170146228287194,-2928.601876376898871968
1798582.328074301360175014,-41303.089468719474098179,-7848.995360582203829836,-2969.001503870285887388
1798756.262912663631141186,-41194.090181687228323426,-8359.041805580563959666,-3088.111871118855106033
1799037.695392961613833904,-41003.679992548612062819,-9181.426767701916105580,-3279.774538789405141870
1799414.325565343257039785,-40721.823495871787599754,-10275.874055489088277682,-3534.091007625798283698
1799869.692884003510698676,-40339.995471886744780932,-11588.683155160681053530,-3837.991881970698159421
1800383.895612022140994668,-39855.321866942387714516,-13055.658893418698426103,-4176.047054013733031752
1800934.460622766287997365,-39274.201615968704572879,-14605.947003997491265181,-4531.478844666913573747
1801497.325583362020552158,-38614.589727276019402780,-16166.484915862007255782,-4887.286908685054186208
1802047.890594106167554855,-37906.374873824424867053,-17666.560275258609181037,-5227.348536146556398307
1802562.093322124797850847,-37189.666602155375585426,-19041.863337517639592988,-5537.342632297436466615
1803017.460640785051509738,-36511.223741480927856173,-20237.485261482077476103,-5805.372429297889539157
1803394.090813166694715619,-35919.600627771797007881,-21209.549283110496617155,-6022.227301417197850242
1803675.523293464677408338,-35459.783310045750113204,-21925.496244093057612190,-6181.309234591564745642
1803849.458131826948374510,-35168.111351800791453570,-22363.371915086176159093,-6278.328088986973853025
1803908.293541185325011611,-35068.165501389485143591,-22510.676445725432131439,-6310.917666000811550475
1803967.128950543701648712,-34967.573320045623404440,-22657.566088779924029950,-6343.390919716130156303
1804141.063788905972614884,-34666.431373203857219778,-23089.362860490069579100,-6438.705414564287821122
1804422.496269203955307603,-34167.368026767508126795,-23780.117326517050969414,-6590.724051022201820160
1804799.126441585598513484,-33476.985967090586200356,-24688.786812132850172929,-6789.804803496988824918
1805254.493760245852172375,-32608.562320831773831742,-25762.457869781133922515,-7023.642863491202660953
1805768.696488264482468367,-31584.711329084766475717,-26940.602596657368849264,-7278.359074119974138739
1806319.261499008629471064,-30439.212000183088093763,-28159.980461822309734998,-7539.720685289287757769
1806882.126459604362025857,-29217.359992709050857229,-29359.611031435990298633,-7794.340050075939871022
1807432.691470348509028554,-27974.521330834559194045,-30485.136433923853473971,-8030.679813635250866355
1807946.894198367139324546,-26772.959301806833536830,-31491.936222955853736494,-8239.714035824128586682
1808402.261517027392983437,-25677.363660186707420507,-32346.573532225964299869,-8415.155869213398545980
1808778.891689409036189318,-24749.736644519980472978,-33026.497547066457627807,-8553.251164207234978676
1809060.324169707018882036,-24044.338778776040271623,-33518.309906515743932687,-8652.230165792796469759
1809234.259008069289848208,-23603.290708062762860209,-33815.213184012856800109,-8711.580921236338326707
1809293.094417427666485310,-23453.237259093079046579,-33914.413716097864380572,-8731.339856730377505301
1809351.929826786043122411,-23302.751604546727321576,-34012.989259891190158669,-8750.937875657175027300
1809525.864665148314088583,-22855.370892409904627129,-34300.735259570850757882,-8807.930894589362651459
1809807.297145446296781301,-22123.728953644829744007,-34754.597545487689785659,-8897.138840127934599877
1810183.927317827939987183,-21130.061158625860116445,-35339.023782338452292606,-9010.646194220818870235
1810639.294636488193646073,-19907.423935914059256902,-36009.953829784644767642,-9138.788670119654852897
1811153.497364506823942065,-18500.472877955271542305,-36719.753537352436978836,-9271.353872020303242607
1811704.062375250970944762,-16965.217443520679807989,-37422.435157806830829941,-9398.823449184124910971
1812266.927335846703499556,-15367.388097589913741103,-38078.393544444974395446,-9513.462742401341529330
1812817.492346590850502253,-13779.386974386286965455,-38657.907294304466631729,-9610.077567373429701547
1813331.695074609480798244,-12276.138647221032442758,-39142.841307920913095586,-9686.311717001655779313
1813787.062393269734457135,-10930.402066768030636013,-39526.320766010576335248,-9742.445005624533223454
1814163.692565651377663016,-9808.176121150981998653,-39810.550968985910003539,-9780.750304787390632555
1814445.125045949360355735,-8964.725358389307075413,-40003.329755717342777643,-9804.554262024941635900
1814619.059884311631321907,-8441.531916960340822698,-40114.046955806625192054,-9817.199818926428633858
1814677.895293670007959008,-8264.244008577892600442,-40150.037210933543974534,-9821.119604401541437255
1814736.730703028384596109,-8086.803842251590140222,-40185.287753870397864375,-9824.858435072774227592
1814910.665541390655562282,-7561.379529279927737662,-40285.166750651515030768,-9834.852656785473300260
1815192.098021688638255000,-6708.683461388609430287,-40433.029279302230861504,-9847.668809708000480896
1815568.728194070281460881,-5563.192509176912608382,-40604.231926281048799865,-9858.324327606222141185
1816024.095512730535119772,-4172.701200130174584046,-40770.282292250347381923,-9861.268221602105768397
1816538.298240749165415764,-2597.096997210640438425,-40903.697680367127759382,-9851.510818436641784501
1817088.863251493312418461,-906.080007271810700331,-40982.747955154038209002,-9825.697878996212239144
1817651.728212089044973254,824.205022167099059516,-40995.233169456885661930,-9782.925081611620043986
1818202.293222833191975951,2515.355620752478444047,-40940.589986014769237954,-9725.131119312884038663
1818716.495950851822271943,4091.204092030075116782,-40829.923059756059956271,-9656.986395348723817733
1819171.863269512075930834,5482.008296361159409571,-40683.957415463672077749,-9585.292429830493347254
1819548.493441893719136715,6627.826786391638961504,-40529.308898991359455977,-9518.000545852217328502
1819829.925922191701829433,7480.808355910015052359,-40393.775000036454002839,-9463.024954684531621751
1820003.860760553972795606,8006.426592542263279029,-40301.495604878087760881,-9427.052633247827543528
1820062.696169912349432707,8183.935382388490324956,-40268.812027513937209733,-9414.540823764944434515
1820121.531579270726069808,8361.293445927190987277,-40235.386805799651483539,-9401.855610604470712133
1820295.466417632997035980,8884.703253322524687974,-40132.240897120049339719,-9363.342592385248281062
1820576.898897930979728699,9728.532542146698688157,-39951.673408219437988009,-9297.837708734889019979
1820953.529070312622934580,10851.320240028599073412,-39683.702029951396980323,-9204.049833234274046845
1821408.896388972876593471,12197.820781745453132316,-39319.739013166028598789,-9081.385948183115033316
1821923.099116991506889462,13702.044042426467058249,-38856.634146821168542374,-8930.837768968287491589
1822473.664127735653892159,15291.222073043187265284,-38300.217421596164058428,-8755.724187544497908675
1823036.529088331386446953,16890.398088932473910972,-37667.542930117007927038,-8562.106611830426118104
1823587.094099075533449650,18427.112412686572497478,-36987.280424209820921533,-8358.758686371698786388
1824101.296827094163745642,19835.553697075050877174,-36298.071744838016456924,-8156.663383129919566272
1824556.664145754417404532,21059.614499545510625467,-35645.074542235030094162,-7968.105499372575650341
1824933.294318136060610414,22054.534000985331658740,-35075.252260361863591243,-7805.501652834071137477
1825214.726798434043303132,22787.155430011087446474,-34632.161137250601314008,-7680.146614617275190540
1825388.661636796314269304,23235.160473032599838916,-34351.009474356600549072,-7601.051825646823090210
1825447.497046154690906405,23385.860603785164130386,-34254.653489691932918504,-7574.019648965766464244
1825506.332455513067543507,23536.130194237950490788,-34157.666867176158120856,-7546.848022078741450969
1825680.267293875338509679,23977.826995709863695083,-33867.275148707180051133,-7465.710019782020026469
1825961.699774173321202397,24684.305478378926636651,-33385.890882743216934614,-7331.887385068057483295
1826338.329946554964408278,25613.438729068660904886,-32719.707397471502190456,-7147.975601922085843398
1826793.697265215218067169,26710.947795183546986664,-31881.341479524395253975,-6918.427927400781300094
1827307.899993233848363161,27914.792576703835948138,-30892.445254328395094490,-6650.063978559186580242
1827858.465003977995365858,29160.219723428686847910,-29785.509822155476285843,-6352.367619938067946350
1828421.329964573727920651,30384.872961659471911844,-28604.234711522982252063,-6037.440163312593540468
1828971.894975317874923348,31533.264257930553867482,-27402.146086334199935663,-5719.551601915162791556
1829486.097703336505219340,32559.952066908910637721,-26239.529535304707678733,-5414.322919444320177718
1829941.465021996758878231,33430.997412918157351669,-25179.092109605255245697,-5137.650012963058543392
1830318.095194378402084112,34123.625390547320421319,-24280.989203180572076235,-4904.523171802528850094
1830599.527674676384776831,34624.412666074560547713,-23597.901169841741648270,-4727.897448684005212272
1830773.462513038655743003,34926.639545605386956595,-23170.742742484289919958,-4617.736489354902914783
1830832.297922397032380104,35027.602079888834850863,-23025.404640928871231154,-4580.304301224909977464
1830891.133331755409017205,35127.919980751270486508,-22879.642789400120818755,-4542.787812815378856612
1831065.068170117679983377,35420.701743119141610805,-22446.275610886630602181,-4431.391692425836481561
1831346.500650415662676096,35882.346056102200236637,-21737.456926177183049731,-4249.647145845859995461
1831723.130822797305881977,36476.474391708288749214,-20774.605139620329282479,-4003.639240993687963055
1832178.498141457559540868,37158.037559571210294962,-19589.611021270735363942,-3702.187165802896288369
1832692.700869476189836860,37878.388162310278858058,-18225.621895089549070690,-3356.897617609743974754
1833243.265880220336839557,38590.640556120582914446,-16736.832926029674126767,-2981.973099363016444840
1833806.130840816069394350,39254.524440233908535447,-15186.927172621384670492,-2593.710416169458312652
1834356.695851560216397047,39839.961053039733087644,-13646.131861223821033491,-2209.701986823368770274
1834870.898579578846693039,40328.785548338593798690,-12187.195054421556051238,-1847.827975761660582066
1835326.265898239100351930,40714.383076880287262611,-10880.826362891812095768,-1525.175431017240043730
1835702.896070620743557811,40999.421694149001268670,-9791.217179581473828875,-1257.026798263776072417
1835984.328550918726250529,41192.246683790013776161,-8972.155383351717318874,-1056.026041046738100704
1836158.263389280997216702,41302.753862324534566142,-8464.036890742203468108,-931.573058841708871114
1836217.098798639373853803,41338.631831746584794018,-8291.847986163105815649,-889.440535927182054365
1836275.934207997750490904,41373.749243214100715704,-8119.506526196386403171,-847.291647658637998575
1836449.869046360021457076,41473.112787226418731734,-7609.152803880004285020,-722.598881512994580589
1836731.301526658004149795,41619.755719443324778695,-6780.827640344739847933,-520.604397064132513151
1837107.931699039647355676,41788.581407769073848613,-5667.907992675356581458,-249.955129392776257191
1837563.299017699901014566,41950.621766549091262277,-4316.697102145410099183,77.507896144314088360
1838077.501745718531310558,42078.019140633645292837,-2785.262938624159232859,447.159184303051802090
1838628.066756462678313255,42148.882805213092069607,-1141.250188218777111615,842.240585494208744421
1839190.931717058410868049,42151.147765970832551830,541.370668638063989420,1244.740945832870693266
1839741.496727802557870746,42084.712634517367405351,2186.360478755699659814,1636.423053894335680525
1840255.699455821188166738,41961.444972274162864778,3719.578617084061534115,1999.868326867803034474
1840711.066774481441825628,41803.053524169401498511,5073.070323869662388461,2319.398113228779493511
1841087.696946863085031509,41637.237945194508938584,6188.372305666562169790,2581.762435083010132075
1841369.129427161067724228,41492.838649592595174909,7018.769730862704818719,2776.551460675224916486
1841543.064265523338690400,41394.859026168502168730,7530.528729503280374047,2896.358556166416292399
1841601.899674881715327501,41360.209236822956881952,7703.367032098353774927,2936.780209339891371201
1841660.735084240091964602,41324.798624793031194713,7876.063630952892708592,2977.147836312539766368
1841834.669922602362930775,41215.671487859486660454,8385.746397792770949309,3096.163344238622357807
1842116.102402900345623493,41025.074055599659914151,9207.539392212549500982,3287.671829961873299908
1842492.732575281988829374,40743.005059215713117737,10301.189125553999474505,3541.780976133602962364
1842948.099893942242488265,40360.978447428693471011,11613.028770672741302405,3845.430410657717857248
1843462.302621960872784257,39876.157273055730911437,13078.907777513111795997,4183.201795566751570732
1844012.867632705019786954,39294.968613460667256732,14628.025533054595143767,4538.331416027738669072
1844575.732593300752341747,38635.381373416566930246,16187.378280629574874183,4893.834068896328062692
1845126.297604044899344444,37927.281381243425130378,17686.312463755883072736,5233.602056131641802494
1845640.500332063529640436,37210.759408963356690947,19060.571837191593658645,5543.327864318348474626
1846095.867650723783299327,36532.543389270489569753,20255.291681848972075386,5811.125895433602636331
1846472.497823105426505208,35941.150435458635911345,21226.627996296003402676,6027.793824670750836958
1846753.930303403409197927,35481.529503980782465078,21942.043308326239639428,6186.739162098926499311
1846927.865141765680164099,35189.989099643178633414,22379.595973963398137130,6283.675008374465505767
1846986.700551124056801200,35090.089480494025337975,22526.792248333447787445,6316.236760489991866052
1847045.535960482433438301,34989.544397367906640284,22673.574154055841063382,6348.682320079372402688
1847219.470798844704404473,34688.546706177614396438,23105.055523151644592872,6443.915722688864661905
1847500.903279142687097192,34189.732368882432638202,23795.309834281710209325,6595.805699604050460039
1847877.533451524330303073,33499.712773131279391237,24703.330767390623805113,6794.719453581671587017
1848332.900770184583961964,32631.770009650288557168,25776.251623091851797653,7028.364008384291992115
1848847.103498203214257956,31608.514722103554959176,26953.597113425654242747,7282.873492340579105075
1849397.668508947361260653,30463.710347740576253273,28172.179512702838110272,7544.028480387099989457
1849960.533469543093815446,29242.624040517704997910,29371.065410179671744118,7798.453231065735053562
1850511.098480287240818143,28000.582211696073500207,30495.933113081213377882,8034.619660549369655200
1851025.301208305871114135,26799.801542149791202974,31502.184522466654016171,8243.507764192883769283
1851480.668526966124773026,25704.923465406824107049,32356.391061787046055542,8418.833254464077981538
1851857.298699347767978907,24777.905317520322569180,33035.998629772540880367,8556.841757530297400081
1852138.731179645750671625,24072.970118996265227906,33527.598432344610046130,8655.761542992458998924
1852312.666018008021637797,23632.210836026988545200,33824.380659296875819564,8715.078126928956407937
1852371.501427366398274899,23482.255516266322956653,33923.542037012055516243,8734.825924226843198994
1852430.336836724774912000,23331.868201285455143079,34022.079334640497108921,8754.413017908564142999
1852604.271675087045878172,22884.779358939355006441,34309.717589671352470759,8811.374985222533723572
1852885.704155385028570890,22153.612858593336568447,34763.422440766677027568,8900.536639194349845638
1853262.334327766671776772,21160.586057598986371886,35347.670790938231220935,9013.989688779040079680
1853717.701646426925435662,19938.728155039232660783,36018.436013210412056651,9142.078172068086132640
1854231.904374445555731654,18532.658170208957017167,36728.115622515004361048,9274.597654283143128850
1854782.469385189702734351,16998.341263494014128810,37430.745729058020515367,9402.035976805878817686
1855345.334345785435289145,15401.459337164476892212,38086.732692708668764681,9516.661850075990514597
1855895.899356529582291842,13814.366369526482230867,38666.352165773518208880,9613.281164933621766977
1856410.102084548212587833,12311.943905021391401533,39151.452440481662051752,9689.534690553129621549
1856865.469403208466246724,10966.916518698095387663,39535.131804055738030002,9745.696893860431373469
1857242.099575590109452605,9845.258871609225025168,39819.563431503564061131,9784.034105456528777722
1857523.532055888092145324,9002.220771744145167759,40012.513352059228054713,9807.866450475046804058
1857697.466894250363111496,8479.276872255057242000,40123.344895172594988253,9820.531431310804691748
1857756.302303608739748597,8302.072385097742881044,40159.375283866851532366,9824.458105097377483617
1857815.137712967116385698,8124.715129104142761207,40194.666688266624987591,9828.203982753084346768
1857989.072551329387351871,7599.532873224788090738,40294.670692337771470193,9838.219953091274874168
1858270.505031627370044589,6747.218463238707045093,40442.748534239377477206,9851.074124451859461260
1858647.135204009013250470,5602.217888995339308167,40614.263665086153196171,9861.785764823183853878
1859102.502522669266909361,4212.286284571027863421,40780.727120714400371071,9864.805046888097422197
1859616.705250687897205353,2637.267390919470017252,40914.652148695808136836,9855.141877782152732834
1860167.270261432044208050,946.818479029579748385,40994.294298595159489196,9829.439417299818160245
1860730.135222027776762843,-782.952239003687509467,41007.428461510797205847,9786.788461267740785843
1861280.700232771923765540,-2473.668070995196103468,40953.457125626293418463,9729.120975508405535948
1861794.902960790554061532,-4049.173936200143998576,40843.445506135845789686,9661.099629429472770425
1862250.270279450807720423,-5439.727406176667500404,40698.078525389413698576,9589.518189141079346882
1862626.900451832450926304,-6585.376651955582929077,40543.935534024545631837,9522.321070078429329442
1862908.332932130433619022,-7438.254580694443575339,40408.784206130098027643,9467.416987637201600592
1863082.267770492704585195,-7963.818595564429415390,40316.742893601309333462,9431.489060909118052223
1863141.103179851081222296,-8141.310750227176868066,40284.140088728629052639,9418.992292500990515691
1863199.938589209457859397,-8318.653042383526553749,40250.795746983909339178,9406.322129572414269205
1863373.873427571728825569,-8842.021283281696014456,40147.889495610725134611,9367.853640240078675561
1863655.305907869711518288,-9685.799356408564563026,39967.711101961082022171,9302.420821555768270628
1864031.936080251354724169,-10808.549579298123717308,39700.261654417568934150,9208.729111913808083045
1864487.303398911608383060,-12155.052250824261136586,39336.928812486992683262,9086.180451964650274022
1865001.506126930238679051,-13659.339991879827721277,38874.530064105543715414,8935.760029178652985138
1865552.071137674385681748,-15248.659164796970799216,38318.857243102174834348,8760.779187203552282881
1866114.936098270118236542,-16848.055015275276673492,37686.923856851732125506,8567.291555638345016632
1866665.501109014265239239,-18385.056176573107222794,37007.360981207908480428,8364.063717982753587421
1867179.703837032895535231,-19793.827210625062434701,36318.777818172748084180,8162.073147126422554720
1867635.071155693149194121,-21018.227879352991294581,35666.308185933841741644,7973.601195355697200284
1868011.701328074792400002,-22013.460984704033762682,35096.901196287348284386,7811.063089234022299934
1868293.133808372775092721,-22746.335178646768326871,34654.106852025492116809,7685.753792997554228350
1868467.068646735046058893,-23194.504052741744089872,34373.132477516315702815,7606.685757710474717896
1868525.904056093422695994,-23345.260887868298596004,34276.835367249041155446,7579.662361319589763298
1868584.739465451799333096,-23495.587824369180452777,34179.907055454794317484,7552.499376485102402512
1868758.674303814070299268,-23937.457857852419692790,33889.684367120367824100,7471.386102610172201821
1869040.106784112052991986,-24644.228048954093537759,33408.562669357546838000,7337.600820373522765294
1869416.736956493696197867,-25573.772784707045502728,32742.708485593095247168,7153.733692576493012893
1869872.104275153949856758,-26671.809540183232456911,31904.705110299022635445,6924.231495048839860829
1870386.307003172580152750,-27876.286420056512724841,30916.168688999434380094,6655.907169800450901676
1870936.872013916727155447,-29122.428079720044479473,29809.556908391590695828,6358.238831309628039890
1871499.736974512459710240,-30347.846231990806700196,28628.543493493718415266,6043.324028124004144047
1872050.301985256606712937,-31497.013265871901239734,27426.640314388005208457,5725.431727629358647391
1872564.504713275237008929,-32524.444607338566129329,26264.131908590748935239,5420.184853607990589808
1873019.872031935490667820,-33396.159446252619090956,25203.736568699223425938,5143.483832405392604414
1873396.502204317133873701,-34089.346227259593433701,24305.629787924517586362,4910.325168725334151532
1873677.934684615116566420,-34590.552693523190100677,23622.515794068491231883,4733.670597581993206404
1873851.869522977387532592,-34893.038905253473785706,23195.331413748852355639,4623.489644832238809613
1873910.704932335764169693,-34994.089159038150683045,23049.982816871735849418,4586.050320204901254328
1873969.540341694140806794,-35094.494764588045654818,22904.209601694587036036,4548.526506764905207092
1874143.475180056411772966,-35387.535642025875858963,22470.803748615817312384,4437.107630835841519001
1874424.907660354394465685,-35849.598244322973187082,21761.906402792563312687,4255.322794364029505232
1874801.537832736037671566,-36444.283103679539635777,20798.918275093263218878,4009.254310624975914834
1875256.905151396291330457,-37126.511333758848195430,19613.712019542479538359,3707.718947572956039949
1875771.107879414921626449,-37847.598179473367054015,18249.421707938498002477,3362.322412682497088099
1876321.672890159068629146,-38560.615663202406722121,16760.238979983041645028,2987.268596381316456245
1876884.537850754801183939,-39225.250305820620269515,15209.856364053362995037,2598.858613847346532566
1877435.102861498948186636,-39811.384100971095904242,13668.524344472405573470,2214.692091451105170563
1877949.305589517578482628,-40300.821100929460953921,12209.026078006483658100,1852.658685680022699671
1878404.672908177832141519,-40686.925965051304956432,10902.113863853815928451,1529.856164715099566820
1878781.303080559475347400,-40972.356925769985537045,9812.023852097681810847,1261.577674237586052186
1879062.735560857458040118,-41165.457863940318929963,8992.585112838305576588,1060.476679043288186222
1879236.670399219729006290,-41276.127880116735468619,8484.226394081328180619,935.960454354815738043
1879295.505808578105643392,-41312.059563000184425618,8311.955006288308140938,893.806324145196413156
1879354.341217936482280493,-41347.229986313424888067,8139.530453649406808836,851.635722493271600797
1879528.276056298753246665,-41446.746088658532244153,7628.927576253597180767,726.878159640110197870
1879809.708536596735939384,-41593.622383458488911856,6800.188481925548330764,524.776999567768370980
1880186.338708978379145265,-41762.733352293755160645,5686.695043563658146013,253.981699045048344487
1880641.706027638632804155,-41925.075496499681321438,4334.762259403241841937,-73.662319480131657201
1881155.908755657263100147,-42052.754188427003100514,2802.479540067736706987,-443.522871634242108030
1881706.473766401410102844,-42123.845921554442611523,1157.524060193648892891,-838.832777968940263236
1882269.338726997142657638,-42126.262623947834072169,-526.091002435041218632,-1241.569955696794750111
1882819.903737741289660335,-42059.893558332114480436,-2172.076675402224282152,-1633.485256269548926866
1883334.106465759919956326,-41936.612129562010522932,-3706.240036793379204028,-1997.148288183262366147
1883789.473784420173615217,-41778.146536667743930593,-5060.576573822677346470,-2316.869808795680910407
1884166.103956801816821098,-41612.225175583138479851,-6176.579972996654760209,-2579.391239669034803228
1884447.536437099799513817,-41467.720407589244132396,-7007.501695126818958670,-2774.296456512941404071
1884621.471275462070479989,-41369.664269370463443920,-7519.584348557444172911,-2894.174738675189928472
1884680.306684820447117090,-41334.986637855414301157,-7692.532017149067542050,-2934.620352269625072950
1884739.142094178823754191,-41299.547192680263833608,-7865.337910540712982765,-2975.011876088314238586
1884913.076932541094720364,-41190.329022335157787893,-8375.343285069096964435,-3094.097639199454988557
1885194.509412839077413082,-40999.565970399555226322,-9197.656235301961714868,-3285.718456032003814471
1885571.139585220720618963,-40717.239990448942990042,-10291.996450112386810360,-3539.974998757824323548
1886026.506903880974277854,-40334.848988333236775361,-11604.659840432921555475,-3843.797488754894402518
1886540.709631899604573846,-39849.546526332553185057,-13071.449848914022368263,-4181.756448222836297646
1887091.274642643751576543,-39267.761981739276961889,-14621.514461796035902807,-4537.076316321145895927
1887654.139603239484131336,-38607.481708475614141207,-16181.797916062943841098,-4892.760620388439747330
1888204.704613983631134033,-37898.624666427829652093,-17681.599388258517137729,-5232.692258458801916277
1888718.907342002261430025,-37181.327894486690638587,-19056.624725468038377585,-5542.557157707603437302
1889174.274660662515088916,-36502.373644581151893362,-20251.983340709513868205,-5810.466405830963594781
1889550.904833044158294797,-35910.334923887996410485,-21223.817475844898581272,-6027.217317795169037709
1889832.337313342140987515,-35450.211600080067000818,-21939.585612929986382369,-6186.219103317554072419
1890006.272151704411953688,-35158.352529903255344834,-22377.347789179402752779,-6283.187386273602896836
1890065.107561062788590789,-35058.343741112286807038,-22524.613418513283249922,-6315.759679352573584765
1890123.942970421165227890,-34957.688802430326177273,-22671.463903406805911800,-6348.215559888214556850
1890297.877808783436194062,-34656.362396263015398290,-23103.143416945928038331,-6443.478175689277122729
1890579.310289081418886781,-34157.004036814141727518,-23793.703462482048053062,-6595.411245438281184761
1890955.940461463062092662,-33466.234033163615094963,-24702.103814253398013534,-6794.374401212595330435
1891411.307780123315751553,-32597.352212437250273069,-25775.436063809091137955,-7028.065679965940944385
1891925.510508141946047544,-31572.998752762996446108,-26953.181005619859206490,-7282.610283750209418940
1892476.075518886093050241,-30426.979720632796670543,-28172.111204868800996337,-7543.781525810286439082
1893038.940479481825605035,-29204.616813925680617103,-29371.263880730191885959,-7798.199497306478406244
1893589.505490225972607732,-27961.299207002466573613,-30496.302817022886301856,-8034.335969296736948309
1894103.708218244602903724,-26759.309121531568962382,-31502.631983902167121414,-8243.174992293745162897
1894559.075536904856562614,-25663.350427034809399629,-32356.839932504717580741,-8418.439885824012890225
1894935.705709286499768496,-24735.434806412962643662,-33036.400245833443477750,-8556.386088254501373740
1895217.138189584482461214,-24029.828323608857317595,-33527.935938321214052849,-8655.252130843942723004
1895391.073027946753427386,-23588.654374621179158567,-33824.666190059004293289,-8714.532433770800707862
1895449.908437305130064487,-23438.558878551546513336,-33923.807848371630825568,-8734.267429773277399363
1895508.743846663506701589,-23288.031447449418919859,-34022.324345339111459907,-8753.841455270843653125
1895682.678685025777667761,-22840.528821029380196705,-34309.894783693984209094,-8810.763231395965703996
1895964.111165323760360479,-22108.694692983215645654,-34763.469894622692663688,-8899.854942774352821289
1896340.741337705403566360,-21114.779631948978931177,-35347.505987486343656201,-9013.204962655554481898
1896796.108656365657225251,-19891.858879231229366269,-36017.955807304177142214,-9141.154644364436535398
1897310.311384384287521243,-18484.608329518145183101,-36727.202655747394601349,-9273.499015249262811267
1897860.876395128434523940,-16949.056989272830833215,-37429.280727475961612072,-9400.728808235446194885
1898423.741355724167078733,-15350.952086507943022298,-38084.610680530036916025,-9515.119787430005089846
1898974.306366468314081430,-13762.708240683761687251,-38663.499588546539598610,-9611.489020453031116631
1899488.509094486944377422,-12259.257517428672144888,-39147.841868385447014589,-9687.491735857669482357
1899943.876413147198036313,-10913.361526285101717804,-39530.791404298281122465,-9743.418675893848558189
1900320.506585528841242194,-9791.017937209348019678,-39814.579564996791305020,-9781.552485342490399489
1900601.939065826823934913,-8947.487719070344610373,-40007.026040024255053140,-9805.227897146700343001
1900775.873904189094901085,-8424.248803000549742137,-40117.537073508741741534,-9817.793863480917934794
1900834.709313547471538186,-8246.946141883818199858,-40153.457461847901868168,-9821.686704319839918753
1900893.544722905848175287,-8069.491541538358433172,-40188.638075102331640664,-9825.398579935139423469
1901067.479561268119141459,-7544.026423714105476392,-40288.309983750819810666,-9835.313058411258680280
1901348.912041566101834178,-6691.270253228491128539,-40435.836381648063252214,-9848.000033198504752363
1901725.542213947745040059,-5545.710357012852909975,-40606.587376034825865645,-9858.482469235368625959
1902180.909532607998698950,-4155.153319503622697084,-40772.089332495030248538,-9861.216951811311446363
1902695.112260626628994942,-2579.498176866440644517,-40904.883097887330222875,-9851.223162591331856675
1903245.677271370775997639,-888.454095244687550803,-40983.265976559516275302,-9825.157580903845882858
1903808.542231966508552432,841.829243026633321278,-40995.068041493133932818,-9782.127404050352197373
1904359.107242710655555129,2532.949445752119572717,-40939.756910440133651718,-9724.082987439662247198
1904873.309970729285851121,4108.743902557886940485,-40828.467354396707378328,-9655.705871836449659895
1905328.677289389539510012,5499.479670063970843330,-40681.952012868336169049,-9583.807600923673817306
1905705.307461771182715893,6645.226989832530307467,-40526.850498524094291497,-9516.347967364010401070
1905986.739942069165408611,7498.146803045213346195,-40390.979298433761869092,-9461.247835478288834565
1906160.674780431436374784,8023.723217511272196134,-40298.492021359859791119,-9425.198915162334742490
1906219.510189789813011885,8201.217230095868217177,-40265.738233647141896654,-9412.661262241152144270
1906278.345599148189648986,8378.560198116341780405,-40232.242858337995130569,-9399.950240294816467213
1906452.280437510460615158,8901.923520275371629396,-40128.889899293360940646,-9361.361130920942741795
1906733.712917808443307877,9745.671727847849979298,-39947.988555407464446034,-9295.733810690064274240
1907110.343090190086513758,10868.339626029757710057,-39679.572851141092542093,-9201.783480460588179994
1907565.710408850340172648,12214.678183252253802493,-39315.076818885587272234,-9078.925475578134864918
1908079.913136868970468640,13718.696190265904078842,-38851.376291791842959356,-8928.161371632451846381
1908630.478147613117471337,15307.628502505149299395,-38294.330014298706373665,-8752.820779837002191925
1909193.343108208850026131,16906.525974433894589311,-37661.021738769130024593,-8558.975967293137728120
1909743.908118952997028828,18442.941551397827424807,-36980.149934017317718826,-8355.410874714256351581
1910258.110846971627324820,19851.080768730920681264,-36290.382570109650259838,-8153.117617375174631889
1910713.478165631880983710,21074.855827670027792919,-35636.899619228577648755,-7964.388585953771325876
1911090.108338013524189591,22069.526282433544110972,-35066.682374015086679719,-7801.646275340439387946
1911371.540818311506882310,22801.954222390904760687,-34623.300326832366408780,-7676.189665380646147241
1911545.475656673777848482,23249.836561342686763965,-34341.970722915139049292,-7597.032932709610577149
1911604.311066032154485583,23400.494650761302182218,-34245.554875700960110407,-7569.979948808225344692
1911663.146475390531122684,23550.721930547526426381,-34148.508558267138141673,-7542.787589105703773384
1911837.081313752802088857,23992.292081709645572118,-33857.941354897462588269,-7461.588733281959321175
1912118.513794050784781575,24698.560721085315890377,-33376.276343652614741586,-7327.669044779541764001
1912495.143966432427987456,25627.403771172059350647,-32709.723508992654387839,-7143.630166563453713025
1912950.511285092681646347,26724.547926474297128152,-31870.921115785789879737,-6913.933214710681568249
1913464.714013111311942339,27927.962650250596198021,-30881.545865737840358634,-6645.406669587817305000
1914015.279023855458945036,29172.908826279865024844,-29774.114547164994291961,-6347.543483301832566212
1914578.143984451191499829,30397.049223219444684219,-28592.351472182366705965,-6032.453513835082048899
1915128.708995195338502526,31544.919045797356375260,-27389.804913497657253174,-5714.414117584363339120
1915642.911723213968798518,32571.102851006835408043,-26226.778627660110942088,-5409.052036681666322693
1916098.279041874222457409,33441.688758822769159451,-25165.993301650942157721,-5132.267177134161102003
1916474.909214255865663290,34133.927816434086707886,-24267.613548185461695539,-4899.052220153200323693
1916756.341694553848356009,34634.419390798844688106,-23584.325219800492050126,-4722.363343924717810296
1916930.276532916119322181,34936.461403399131086189,-23157.045857181656174362,-4612.164517588958915439
1916989.111942274495959282,35037.361045534482400399,-23011.667345735382696148,-4574.719723110116319731
1917047.947351632872596383,35137.615874759547295980,-22865.865337203929811949,-4537.190731150076317135
1917221.882189995143562555,35430.210140334042080212,-22432.380928725950070657,-4425.758249946934483887
1917503.314670293126255274,35891.547853328840574250,-21723.377304660862137098,-4243.956792303421934776
1917879.944842674769461155,36485.259842982726695482,-20760.287312235584977316,-3997.876479163883232104
1918335.312161335023120046,37166.310813629570475314,-19575.019626972894911887,-3696.342667239868205797
1918849.514889353653416038,37886.072116167415515520,-18210.740941307416505879,-3350.968571590249212022
1919400.079900097800418735,38597.681596760477987118,-16721.665134924682206474,-2975.962768704396239627
1919962.944860693532973528,39260.896495682674867567,-15171.491405488723103190,-2587.626997499341086950
1920513.509871437679976225,39845.668363305980165023,-13630.459120135550620034,-2203.556987993148140959
1921027.712599456310272217,40333.863699836874729954,-12171.323788843315924169,-1841.634403724783624057
1921483.079918116563931108,40718.898078579419234302,-10864.797902758913551224,-1518.946109053055351978
1921859.710090498207136989,41003.467137459272635169,-9775.072046313340251800,-1250.773094045040579658
1922141.142570796189829707,41195.939247193906339817,-8955.931009355084825074,-1049.757194644566425268
1922315.077409158460795879,41306.227548355913313571,-8447.766956400899289292,-925.296173279995628036
1922373.912818516837432981,41342.031352057674666867,-8275.563232340118702268,-883.161159433031912158
1922432.748227875214070082,41377.074535353494866285,-8103.207252521250666177,-841.009895772095660504
1922606.683066237485036254,41476.218286960043769795,-7592.812360008327232208,-716.310783350455267282
1922888.115546535467728972,41622.504547135460597929,-6764.426149636941772769,-514.308172458790863857
1923264.745718917110934854,41790.851134479133179411,-5651.435612109577959927,-243.652177006175634233
1923720.113037577364593744,41952.309986381020280533,-4300.155599705025451840,83.812636785874929046
1924234.315765595994889736,42079.048523269513680134,-2768.665299781216162955,453.457591942639510307
1924784.880776340141892433,42149.205187981438939460,-1124.618297163099668978,848.522401865734309467
1925347.745736935874447227,42150.746832728356821463,558.009883206428412450,1250.995340158458475344
1925898.310747680021449924,42083.604841919863247313,2202.979757048957708321,1642.640438116996847384
1926412.513475698651745915,41959.678598905302351341,3736.155100337557996681,2006.042099609460592546
1926867.880794358905404806,41800.705971514587872662,5089.589462175754306372,2325.526020118985343288
1927244.510966740548610687,41634.411633434392570052,6204.830258730120476685,2587.847302401957676921
1927525.943447038531303406,41489.655962924683990423,7035.173863067502679769,2782.601171037445965339
1927699.878285400802269578,41391.456748461787356064,7546.896145018245078973,2902.385264183756589773
1927758.713694759178906679,41356.732802113685465883,7719.721431916618712421,2942.798917058446477313
1927817.549104117555543780,41321.248097073439566884,7892.404714242669797386,2983.158433012785280880
1927991.483942479826509953,41211.902306710246193688,8402.046356629145520856,3102.149316340289260552
1928272.916422777809202671,41020.952385232383676339,9223.767263292669667862,3293.615922073608089704
1928649.546595159452408552,40738.414407718024449423,10317.309844387560588075,3547.665110767789883539
1929104.913913819706067443,40355.825426363306178246,11629.003718381547514582,3851.236134673519700300
1929619.116641838336363435,39870.376080984991858713,13094.696970412031078013,4188.911292567689088173
1930169.681652582483366132,39288.523856987929320894,14643.591253632455845946,4543.928992681742784043
1930732.546613178215920925,38628.268967640149639919,16202.689624541535522440,4899.307906371675926493
1931283.111623922362923622,37919.527491621112858411,17701.350052287583821453,5238.945942161279162974
1931797.314351940993219614,37202.417660600534873083,19075.331869544988876441,5548.542604114471032517
1932252.681670601246878505,36523.690803612029412761,20269.788590766649576835,5816.220143053545143630
1932629.311842982890084386,35931.882686159689910710,21240.895196495002892334,6032.784167110065936868
1932910.744323280872777104,35471.956071321292256471,21956.131831506991147762,6191.649402569718404266
1933084.679161643143743277,35180.228750599650084041,22393.571099024524301058,6288.534707551379142387
1933143.514571001520380378,35080.266258516487141605,22540.728505766986927483,6321.079186253210536961
1933202.349980359897017479,34979.658483136598079000,22687.471287503332860069,6353.507383346061033080
1933376.284818722167983651,34678.476522874909278471,23118.835502335638011573,6448.688939427035620611
1933657.717299020150676370,34179.367473359045106918,23808.895570028729707701,6600.493405148562487739
1934034.347471401793882251,33488.960321857091912534,24716.647622929613135057,6799.289642120228563726
1934489.714790062047541142,32620.559830061956745340,25789.230001479663769715,7032.787519852920922858
1935003.917518080677837133,31596.802545804650435457,26966.176110318698192714,7287.125524145920280716
1935554.482528824824839830,30451.478931982754147612,28184.311307983072765637,7548.090289465695605031
1936117.347489420557394624,29229.882153541188017698,29382.719817258210241562,7802.313806194265453087
1936667.912500164704397321,27987.361751003802055493,30507.101574949268979253,8038.277108169692837691
1937182.115228183334693313,26786.153327895532129332,31512.882869028544519097,8246.970172024832208990
1937637.482546843588352203,25690.912430041615152732,32366.660510253565007588,8422.118867698993199156
1938014.112719225231558084,24763.605842486467736308,33045.904767365012958180,8559.978400690304624732
1938295.545199523214250803,24058.462134599310957128,33537.228198793833144009,8658.785319790991707123
1938469.480037885485216975,23617.577033101893903222,33833.837584218148549553,8718.031508846001088386
1938528.315447243861854076,23467.579685268312459812,33932.940150693284522276,8737.755386204871683731
1938587.150856602238491178,23317.150612159639422316,34031.418464128066261765,8757.318506035871905624
1938761.085694964509457350,22869.939906499814242125,34318.881343528344586957,8814.209288558413391002
1939042.518175262492150068,22138.581288210025377339,34772.299321515100018587,8903.254802581483090762
1939419.148347644135355949,21145.307295086560770869,35356.157933582515397575,9016.550644411827306612
1939874.515666304389014840,19923.165918846065324033,36026.443420095587498508,9144.446486411967271124
1940388.718394323019310832,18516.796462578015052713,36735.570724403500207700,9276.745309376487057307
1940939.283405067166313529,16982.183621375745133264,37437.597870342986425385,9403.944029406980916974
1941502.148365662898868322,15385.026055853466459666,38092.956991975835990161,9518.321770698568798252
1942052.713376407045871019,13797.690234369711106410,38671.952188293391373008,9614.695666772222466534
1942566.916104425676167011,12295.065207320260014967,39156.461241451172099914,9690.717914440372624085
1943022.283423085929825902,10949.878228725665394450,39539.611121415866364259,9746.673902374248427805
1943398.913595467573031783,9828.102764624836709118,39823.601057117026357446,9784.839730293284446816
1943680.346075765555724502,8984.985066362520228722,40016.218919966879184358,9808.543606447017737082
1943854.280914127826690674,8461.995598302581129246,40126.844449840798915830,9821.129042830099933781
1943913.116323486203327775,8284.776325698683649534,40162.805022976761392783,9825.028787363544324762
1943971.951732844579964876,8107.404602504122522078,40198.026548589412414003,9828.747725235378311481
1944145.886571206850931048,7582.181440963518070930,40297.823612997686723247,9838.683996825357098714
1944427.319051504833623767,6729.806756866581963550,40445.565557863679714501,9851.409059882827932597
1944803.949223886476829648,5584.736993429246467713,40616.629335674224421382,9861.947707500668911962
1945259.316542546730488539,4194.739341446644175448,40782.544722540340444539,9864.757678881749598077
1945773.519270565360784531,2619.669120112529526523,40915.848482539928227197,9854.858227736362096039
1946324.084281309507787228,929.192671674914890900,40994.823578618685132824,9828.903224303083334235
1946886.949241905240342021,-800.576837828401266961,41007.274899700933019631,9785.994976784704704187
1947437.514252649387344718,-2491.262769436862072325,40952.635873556282604113,9728.077109014602683601
1947951.716980668017640710,-4066.715100324242939678,40842.001824346567445900,9659.823426168466539821
1948407.084299328271299601,-5457.200570019722363213,40696.085290141665609553,9588.037718666128057521
1948783.714471709914505482,-6602.779012904000410344,40541.489395665339543484,9520.672874118594336323
1949065.146952007897198200,-7455.595462715019493771,40406.000822994756163098,9465.644264514472524752
1949239.081790370168164372,-7981.117827796803794627,40313.751657160486502107,9429.639745376358405338
1949297.917199728544801474,-8158.595263641071142047,40281.078650537507201079,9417.117135388038150268
1949356.752609086921438575,-8335.922518781726466841,40247.664163249683042523,9404.421165364788976149
1949530.687447449192404747,-8859.244447691575260251,40144.550882114665000699,9365.876588901584909763
1949812.119927747175097466,-9702.941720549126330297,39964.038656669312331360,9300.321337061650410760
1950188.750100128818303347,-10825.572520169640483800,39696.144894510543963406,9206.467171325883100508
1950644.117418789071962237,-12171.913661153666907921,39332.279020862173638307,9083.724380868528896826
1951158.320146807702258229,-13675.996656764156796271,38869.284554103891423438,8933.088009575621981639
1951708.885157551849260926,-15265.070646579502863460,38312.982073475046490785,8757.880118283008414437
1952271.750118147581815720,-16864.188486626553640235,37680.414745539295836352,8564.165196086554715293
1952822.315128891728818417,-18400.891405491714976961,37000.242371281048690435,8360.720125541480229003
1953336.517856910359114408,-19809.360824413870432181,36311.100297797020175494,8158.531527977645055216
1953791.885175570612773299,-21033.476131879968306748,35658.144686720872414298,7969.888355698140003369
1954168.515347952255979180,-22028.460492463007540209,35088.342522274477232713,7807.211719521332270233
1954449.947828250238671899,-22761.141413787790952483,34645.257084129145368934,7681.800799026781533030
1954623.882666612509638071,-23209.187713453669857699,34364.104658761418249924,7602.670786268390656915
1954682.718075970886275172,-23359.902550361002795398,34267.747647964810312260,7575.626571013074681105
1954741.553485329262912273,-23510.187218930655944860,34170.759602860023733228,7548.442841609295101080
1954915.488323691533878446,-23951.930726186339597916,33880.361313743705977686,7467.268678829543205211
1955196.920803989516571164,-24658.491267418470670236,33398.958675842128286604,7333.386283632155937084
1955573.550976371159777045,-25587.746046595253574196,32732.734868273975735065,7149.391978053230559453
1956028.918295031413435936,-26685.418162435449630721,31894.294666334208159242,6919.740398246835866303
1956543.121023050043731928,-27889.465257589370594360,30905.278799708768929122,6651.253352439004629559
1957093.686033794190734625,-29135.126197709905682132,29798.170657594939257251,6353.418047448779361730
1957656.550994389923289418,-30360.031719248338049510,28616.668769569227151806,6038.340584531788408640
1958207.116005134070292115,-31508.677438328653806821,27414.307140477907523746,5720.297301911565227783
1958721.318733152700588107,-32535.604881037721497705,26251.388504052003554534,5414.916889828329658485
1959176.686051812954246998,-33406.860338959209911991,25190.644816536594589707,5138.103791087053650699
1959553.316224194597452879,-34099.658221468918782193,24292.260814590023073833,4904.856908602985640755
1959834.748704492580145597,-34600.568987273174570873,23608.946244493457925273,4728.139107645751209930
1960008.683542854851111770,-34902.870325900919851847,23181.640754695275973063,4617.920240676492539933
1960067.518952213227748871,-35003.857684305221482646,23036.251688950822426705,4580.468293772570177680
1960126.354361571604385972,-35104.200214406417217106,22890.438257779693230987,4542.931960878472636978
1960300.289199933875352144,-35397.053580395491735544,22456.915000302498810925,4431.476677276678856288
1960581.721680231858044863,-35858.809548263612668961,21747.832433031864638906,4249.634854503141468740
1960958.351852613501250744,-36453.077994847924856003,20784.605723082440817961,4003.493863180513471889
1961413.719171273754909635,-37134.793915357346122619,19599.125449004863185110,3701.876646011979573814
1961927.921899292385205626,-37855.291292833149782382,18234.545075228346831864,3356.395435484443623864
1962478.486910036532208323,-38567.665635775949340314,16745.074983860609791009,2981.260203547738456109
1963041.351870632264763117,-39231.631010808931023348,15194.423871089677049895,2592.777006996107502346
1963591.916881376411765814,-39817.099737437420117203,13652.854388724121236010,2208.548790122419177351
1964106.119609395042061806,-40305.907236194085271563,12193.157162967203476001,1846.466713352413080429
1964561.486928055295720696,-40691.448616076137113851,10886.087389167079891195,1523.628363805624076122
1964938.117100436938926578,-40976.409720667172223330,9795.880417938828031765,1255.325432082749330220
1965219.549580734921619296,-41169.157544501511438284,8976.362233912592273555,1054.209254404078592415
1965393.484419097192585468,-41279.608533493090362754,8467.957833164100520662,929.684967324494323293
1965452.319828455569222569,-41315.465999148967966903,8295.671585533473262331,887.528338619987721358
1965511.155237813945859671,-41350.562142368813510984,8123.232473093319640611,845.355354164513755677
1965685.090076176216825843,-41449.858296424339641817,7612.588309814429521793,720.591424020366389414
1965966.522556474199518561,-41596.377659601537743583,6783.787989304608345265,518.482106387242538403
1966343.152728855842724442,-41765.009166496529360302,5670.223436825612225221,247.680042178289511412
1966798.520047516096383333,-41926.769348060959600843,4318.221284877678044722,-79.965798936005228370
1967312.722775534726679325,-42053.788665026448143180,2785.882186354828263575,-449.820044476275256784
1967863.287786278873682022,-42124.172798578052606899,1140.892237403719718714,-845.113372731470917643
1968426.152746874606236815,-42125.865550208844069857,-542.730322309572557060,-1247.823125308744238282
1968976.717757618753239512,-42058.788987269479548559,-2188.696179924841089814,-1639.701396140334964002
1969490.920485637383535504,-41934.848370323255949188,-3722.816814305565458199,-2003.320783170808454088
1969946.287804297637194395,-41775.801053758099442348,-5077.096029664598972886,-2322.996396099977573613
1970322.917976679280400276,-41609.400480537442490458,-6193.038236255632000393,-2585.474744081785047456
1970604.350456977263092995,-41464.538998375530354679,-7023.906116202365410572,-2780.344766447983147373
1970778.285295339534059167,-41366.263059417833574116,-7535.952032963443343760,-2900.200020879143266939
1970837.120704697910696268,-41331.511199993437912781,-7708.886677922325361578,-2940.637625208677945920
1970895.956114056287333369,-41295.997590923572715838,-7881.679246253746896400,-2981.021028851702340035
1971069.890952418558299541,-41186.560557776756468229,-8391.643467621608579066,-3100.082139176237433276
1971351.323432716540992260,-40995.444678723397373687,-9213.884272617746319156,-3291.661026890684297541
1971727.953605098184198141,-40712.649268041976029053,-10308.117236949565267423,-3545.857539640639970457
1972183.320923758437857032,-40329.695358599798055366,-11620.634704942365715397,-3849.601521180517465837
1972697.523651777068153024,-39843.764128977374639362,-13087.238745580238173716,-4187.464130024830410548
1973248.088662521215155721,-39261.315397534839576110,-14637.079609085276388214,-4542.671930434731621062
1973810.953623116947710514,-38600.366860451555112377,-16197.108352309518522816,-4898.232329276085692982
1974361.518633861094713211,-37890.867759068161831237,-17696.635693578980863094,-5238.033839121679193340
1974875.721361879725009203,-37172.982617349574866239,-19071.383082196181931067,-5547.769414921499446791
1975331.088680539978668094,-36493.517101504898164421,-20266.478194303665077314,-5815.558004761163829244
1975707.718852921621873975,-35901.062881185578589793,-21238.082284832933510188,-6032.204868059623549925
1975989.151333219604566693,-35440.633634647900180425,-21953.671481534867780283,-6191.126441003993932100
1976163.086171581875532866,-35148.587505375136970542,-22391.320091783738462254,-6288.044112926276284270
1976221.921580940252169967,-35048.515796303436218295,-22538.546795838523394195,-6320.599108770558814285
1976280.756990298628807068,-34947.798118496313691139,-22685.358098663658893202,-6353.037602874339427217
1976454.691828660899773240,-34646.287307509694073815,-23116.920283746341738151,-6448.248300731884228298
1976736.124308958882465959,-34146.634025322731758934,-23807.285796331740129972,-6600.095741738557990175
1977112.754481340525671840,-33455.476202475801983383,-24715.416866276136715896,-6798.941219580739016237
1977568.121800000779330730,-32586.136364083064108854,-25788.410132816163240932,-7032.485621689038453042
1978082.324528019409626722,-31561.280621150559454691,-26965.755097524765005801,-7286.858514719614504429
1978632.889538763556629419,-30414.742092181135376450,-28184.237431988098251168,-7547.839281066397234099
1979195.754499359289184213,-29191.868506160331889987,-29382.912018324659584323,-7802.055755436085746624
1979746.319510103436186910,-27948.072177672078396427,-30507.464304617813468212,-8037.988839494354579074
1980260.522238122066482902,-26745.654251635955006350,-31513.322684811962972162,-8246.632578087330330163
1980715.889556782320141792,-25649.332700958788336720,-32367.101132983047136804,-8421.720460255161015084
1981092.519729163963347673,-24721.128641822986537591,-33046.297633535410568584,-8559.517513851058538421
1981373.952209461946040392,-24015.313668468701507663,-33537.556578535586595535,-8658.270557119223667542
1981547.887047824217006564,-23574.013920282519393368,-33834.113755881386168767,-8717.480383352323769941
1981606.722457182593643665,-23423.876404012029524893,-33933.196524169135955162,-8737.191431814804673195
1981665.557866540970280766,-23273.307223328614782076,-34031.653958158880413976,-8756.741455900537403068
1981839.492704903241246939,-22825.682762806056416593,-34319.048788030435389373,-8813.591966006042639492
1982120.925185201223939657,-22093.656576567358570173,-34772.336649554104951676,-8902.567406896312604658
1982497.555357582867145538,-21099.494427480563899735,-35355.982502539212873671,-9015.760046353227153304
1982952.922676243120804429,-19876.290363616906688549,-36025.951984537765383720,-9143.516881718309377902
1983467.125404261751100421,-18468.740573859882715624,-36734.645857134550169576,-9275.640367657633760246
1984017.690415005898103118,-16932.893602302927320125,-37436.120264401208260097,-9402.630324640495018684
1984580.555375601630657911,-15334.513428216825559502,-38090.821675616956781596,-9516.772943239997402998
1985131.120386345777660608,-13746.027143360905029112,-38669.085645922830735799,-9612.896545104900724255
1985645.323114364407956600,-12242.374292321408574935,-39152.836111535798409022,-9688.667795390229002805
1986100.690433024661615491,-10896.319130561298152315,-39535.255661449882609304,-9744.388364130618356285
1986477.320605406304821372,-9773.858098144341056468,-39818.601732404953509104,-9782.350668402712472016
1986758.753085704287514091,-8930.248574984965671320,-40010.715863426972646266,-9805.897525189437146764
1986932.687924066558480263,-8406.964277520142786670,-40121.020711704615678173,-9818.383895877550457953
1986991.523333424935117364,-8229.646895262561884010,-40156.871227199728309643,-9822.249790508516525733
1987050.358742783311754465,-8052.177892516702740977,-40191.981904834967281204,-9825.934709570079576224
1987224.293581145582720637,-7526.672063456699106609,-40291.446708500006934628,-9835.769440814441622933
1987505.726061443565413356,-6673.855942271430649271,-40438.636950599822739605,-9848.327232373201695736
1987882.356233825208619237,-5528.227306038821552647,-40608.936263190793397371,-9858.636582387403905159
1988337.723552485462278128,-4137.604787584839868941,-40773.889781451878661755,-9861.161652573886385653
1988851.926280504092574120,-2561.898985569975593535,-40906.061900469096144661,-9850.931481550102034817
1989402.491291248239576817,-870.828112988444900111,-40983.777368022740120068,-9824.613268445053108735
1989965.356251843972131610,859.453226570907645510,-40994.896279303480696399,-9781.325729887441411847
1990515.921262588119134307,2550.542733006513117289,-40938.917207269339996856,-9723.030882859498888138
1991030.123990606749430299,4126.282895535566240142,-40827.005037286660808604,-9654.421403720909438562
1991485.491309267003089190,5516.949979382668061589,-40679.940020320966141298,-9582.318856935851727030
1991862.121481648646295071,6662.625925616119275219,-40524.385531628387980163,-9514.691501477307610912
1992143.553961946628987789,7515.483831249006470898,-40388.177051216203835793,-9459.466851475255680270
1992317.488800308899953961,8041.018330352664634120,-40295.481906469838577323,-9423.341347063544162665
1992376.324209667276591063,8218.497534205551346531,-40262.657913464463490527,-9410.777855845117301214
1992435.159619025653228164,8395.825375266271294095,-40229.092389736550103407,-9398.041030324777239002
1992609.094457387924194336,8919.142119411128078355,-40125.532396330818301067,-9359.375845617176310043
1992890.526937685906887054,9762.809096191522257868,-39944.297225570640875958,-9293.626115706865675747
1993267.157110067550092936,10885.356995762960650609,-39675.437237192869361024,-9199.513369250023970380
1993722.524428727803751826,12231.533330049476717249,-39310.408246591134229675,-9076.461294870854544570
1994236.727156746434047818,13735.345817158553472837,-38846.112131704554485623,-8925.481327945421071490
1994787.292167490581050515,15324.032129906247064355,-38288.436389882619550917,-8749.913797577615696355
1995350.157128086313605309,16922.650775164504011627,-37654.494430563478090335,-8555.841827562544494867
1995900.722138830460608006,18458.767333842024527257,-36973.013435005588689819,-8352.059651185139955487
1996414.924866849090903997,19866.604235441529453965,-36282.687496213060512673,-8149.568522536056661920
1996870.292185509344562888,21090.093334853518172167,-35628.718901085936522577,-7960.668420676295681915
1997246.922357890987768769,22084.514567471116606612,-35058.106783407296461519,-7797.787712573230237467
1997528.354838188970461488,22816.748889206253807060,-34614.433882869881927036,-7672.229582196220690093
1997702.289676551241427660,23264.508445133535133209,-34332.926382822479354218,-7593.010938206856735633
1997761.125085909618064761,23415.124466663557541324,-34236.450688448116125073,-7565.937158151968105813
1997819.960495267994701862,23565.309409306573797949,-34139.344691588106798008,-7538.724076757645889302
1997993.895333630265668035,24006.752832346941431751,-33848.602049713124870323,-7457.464400622404355090
1998275.327813928248360753,24712.811504011518991319,-33366.656370130236609839,-7323.447713110600489017
1998651.957986309891566634,25641.364189943651581416,-32699.734292624598310795,-7139.281815099376217404
1999107.325304970145225525,26738.143241363846755121,-31860.495558329184859758,-6909.435679857471768628
1999621.528032988775521517,27941.127695782961382065,-30870.641441806721559260,-6640.746648266647753189
2000172.093043732922524214,29185.592682390168192796,-29762.714414245794614544,-6342.716756115163661889
2000734.958004328655079007,30409.220023176960239653,-28580.463564371948450571,-6027.464402639193394862
2001285.523015072802081704,31556.568170799720974173,-27377.459265112262073671,-5709.274301562231812568
2001799.725743091432377696,32582.247792511789157288,-26214.023431158981111366,-5403.778947062216502673
2002255.093061751686036587,33452.374109823831531685,-25152.890375207120086998,-5126.882247592904604971
2002631.723234133329242468,34144.224126431705371942,-24254.233919044494541595,-4893.579270120188084547
2002913.155714431311935186,34644.419912236357049551,-23570.745405432513507549,-4716.827313001862421515
2003087.090552793582901359,34946.277005195763194934,-23143.345176239741704194,-4606.590664701029709249
2003145.925962151959538460,35047.113737580591987353,-22997.926278275459480938,-4569.133279177935037296
2003204.761371510336175561,35147.305477681358752307,-22852.084136183479131432,-4531.591799006288056262
2003378.696209872607141733,35439.712195444531971589,-22418.482567444269079715,-4420.123002533743601816
2003660.128690170589834452,35900.743228067200107034,-21709.294118052432168042,-4238.264708129769132938
2004036.758862552233040333,36494.038768432743381709,-20745.966074695887073176,-3992.112087273121687758
2004492.126181212486699224,37174.577423504917533137,-19560.425013265783491079,-3690.496661843518722890
2005006.328909231116995215,37893.749301003401342314,-18195.856987754948931979,-3345.038159873685799539
2005556.893919975263997912,38604.715745265872101299,-16706.494583877745753853,-2969.951225585154588771
2006119.758880570996552706,39267.261544615583261475,-15156.053128185763853253,-2581.542525042857505468
2006670.323891315143555403,39851.368566588789690286,-13614.784117274715754320,-2197.411092299069423461
2007184.526619333773851395,40338.934660857732524164,-12155.450496776504223817,-1835.440082689950941131
2007639.893937994027510285,40723.405824293848127127,-10848.767626882810873212,-1512.716169921327718839
2008016.524110375670716166,41007.505276643663819414,-9758.925273125951207476,-1244.518882213389588287
2008297.956590673653408885,41199.624474091855518054,-8939.705127633811571286,-1043.487922746472122526
2008471.891429035924375057,41309.693879412712703925,-8431.495596355707675684,-919.018913064882212893
2008530.726838394301012158,41345.423511414483073168,-8259.277080610072516720,-876.881425497521831858
2008589.562247752677649260,41380.392460694332839921,-8086.906608761527422757,-834.727803662781525418
2008763.497086114948615432,41479.316403410695784260,-7576.470628448508250585,-710.022395903605570311
2009044.929566412931308150,41625.245967387687414885,-6748.023504992584093998,-508.011741083727883961
2009421.559738794574514031,41793.113426300849823747,-5634.962257349169703957,-237.349128405003057196
2009876.927057454828172922,41953.990745623676048126,-4283.613341352422139607,90.117339886871263843
2010391.129785473458468914,42080.070426177575427573,-2752.067152495471418661,459.755811063950375228
2010941.694796217605471611,42149.520082179085875396,-1107.986163411493635067,854.803868365918674499
2011504.559756813338026404,42150.338414341858879197,574.649068391419859836,1257.249220241471221016
2012055.124767557485029101,42082.489579718807362951,2219.598739874510101799,1648.857148155136428613
2012569.327495576115325093,41957.904781310877297074,3752.731040037770071649,2012.215049765120511438
2013024.694814236368983984,41798.351005840064317454,5106.107837858374296047,2331.652973961278348725
2013401.324986618012189865,41631.577940636554558296,6221.287268605425197165,2593.931109557040599611
2013682.757466915994882584,41486.465922749717719853,7051.576917616698665370,2788.649741712282775552
2013856.692305278265848756,41388.047135810797044542,7563.262399995770465466,2908.410783603339950787
2013915.527714636642485857,41353.249039006193925161,7736.074643203359300969,2948.816419677646081254
2013974.363123995019122958,41317.690247636455751490,7908.744581028728134697,2989.167808134257029451
2014148.297962357290089130,41208.125824381058919244,8418.345016400726308348,3108.134018277791710716
2014429.730442655272781849,41016.823449399387754966,9239.993702169975222205,3299.558665844466759154
2014806.360615036915987730,40733.816543329849082511,10333.428953798642396578,3553.547793334267225873
2015261.727933697169646621,40350.665263228293042630,11644.976844032627923298,3857.040282679289248335
2015775.930661715799942613,39864.587836268801765982,13110.484103571021478274,4194.619075697390144342
2016326.495672459946945310,39282.072154594883613754,14659.154663197483387194,4549.524710528980904201
2016889.360633055679500103,38621.149736612787819467,16217.998404405141627649,4904.779739963656538748
2017439.925643799826502800,37911.766905894066439942,17716.384833437197812600,5244.287685663071897579
2017954.128371818456798792,37194.069346491160104051,19090.088871328567620367,5553.755075007064078818
2018409.495690478710457683,36514.831775355080026202,20284.282275007964926772,5821.312012509893065726
2018786.125862860353663564,35922.608601485306280665,21255.159014148357528029,6037.772042992308342946
2019067.558343158336356282,35462.376386528740113135,21970.216855833397858078,6196.557111642374366056
2019241.493181520607322454,35170.462202187380171381,22407.542654081476939609,6293.391835787102536415
2019300.328590878983959556,35070.436855244290200062,22554.661169258408335736,6325.919027792581800895
2019359.164000237360596657,34969.766405798400228377,22701.364803136842965614,6358.329849153774375736
2019533.098838599631562829,34668.400230895298591349,23132.611793524047243409,6453.459519859593456204
2019814.531318897614255548,34168.996559304112452082,23822.477505484050197992,6605.178412432531331433
2020191.161491279257461429,33478.201976645184913650,24729.960530404940072913,6803.857051267463248223
2020646.528809939511120319,32609.343913099939527456,25802.204257121386035578,7037.208156641334426240
2021160.731537958141416311,31585.084816514387057396,26978.750792681235907366,7291.374577482757558755
2021711.296548702288419008,30439.242169295699568465,28196.438590109031792963,7552.149013589690184745
2022274.161509298020973802,29217.135139201105630491,29394.369515633872651961,7806.171192639882974618
2022824.726520042167976499,27974.136386069319996750,30518.265144501048780512,8041.931270836467774643
2023338.929248060798272491,26772.500424926289269933,31523.576158894091349794,8250.429209765243285801
2023794.296566721051931381,25676.896902338870859239,32376.924762373178964481,8425.401039394713734509
2024170.926739102695137262,24749.302041287905012723,33055.805597424136067275,8563.111546078878745902
2024452.359219400677829981,24043.949950344915123424,33546.852577232682961039,8661.805558517835379462
2024626.294057762948796153,23602.939109269202162977,33843.289072522689821199,8720.981328527848745580
2024685.129467121325433254,23452.899760219039308140,33942.332811513486376498,8740.681277903542650165
2024743.964876479702070355,23302.428955914245307213,34040.752124610560713336,8760.220415905334448325
2024917.899714841973036528,22855.096466994586080546,34328.039581242854183074,8817.039990435123399948
2025199.332195139955729246,22123.545861643731768709,34781.170611731737153605,8905.969328196726564784
2025575.962367521598935127,21130.024854077651980333,35364.639389827803825028,9019.107916074764943914
2026031.329686181852594018,19907.600222682547610020,36034.445030400667747017,9146.811064641178745660
2026545.532414200482890010,18500.931546311941929162,36743.019912975643819664,9278.889174424355587689
2027096.097424944629892707,16966.023044724424835294,37444.443982530385255814,9405.848240122628340032
2027658.962385540362447500,15368.590125124166661408,38099.175153813834185712,9519.977802835022885120
2028209.527396284509450197,13781.011733004246707424,38677.545977410991326906,9616.106240875056755613
2028723.730124303139746189,12278.184411373087641550,39161.463728445683955215,9691.897179647121447488
2029179.097442963393405080,10932.838080288514902350,39544.084060848865192384,9747.646929446518697659
2029555.727615345036610961,9810.944999059825931909,39827.632257215322169941,9785.641358177381334826
2029837.160095643019303679,8967.747852588427122100,40019.918029959313571453,9809.216755842444399605
2030011.094934005290269852,8444.712909101654076949,40130.337527927564224228,9821.722642668100888841
2030069.930343363666906953,8267.478882610634173034,40166.228279426686640363,9825.595456367656879593
2030128.765752722043544054,8090.092723800129533629,40201.379920292922179215,9829.287452948705322342
2030302.700591084314510226,7564.828750116764240374,40300.970028119285416324,9839.144021767700905912
2030584.133071382297202945,6712.393943649026368803,40448.376050790393492207,9851.739971382174189785
2030960.763243763940408826,5567.255194807013140235,40618.988446197436132934,9862.105622019007569179
2031416.130562424194067717,4177.191742559716658434,40784.355735400356934406,9864.706281661305183661
2031930.333290442824363708,2602.070473650645453745,40917.038203512973268516,9854.570552624265474151
2032480.898301186971366405,911.566789165473892353,40995.346230477465724107,9828.363016952607722487
2033043.763261782703921199,-818.201204462403211437,41007.114705129977664910,9785.197495587000958039
2033594.328272526850923896,-2508.856935422672449931,40951.807995035327621736,9727.029269572896737373
2034108.531000545481219888,-4084.255452314102967648,40840.551531643104681280,9658.543277940256302827
2034563.898319205734878778,-5474.672674983873548626,40694.085465498348639812,9586.553332635250626481
2034940.528491587378084660,-6620.180111757799750194,40539.036691198860353325,9519.020790192536878749
2035221.960971885360777378,-7472.934931400024652248,40403.210894388190354221,9463.867675957513711182
2035395.895810247631743550,-7998.415553513670602115,40310.753889381252520252,9427.786579149695171509
2035454.731219606008380651,-8175.878239074154407717,40278.010686026515031699,9415.238132707629119977
2035513.566628964385017753,-8353.190425761991718900,40244.526058334267872851,9402.516360786958102835
2035687.501467326655983925,-8876.465949916506360751,40141.205763330566696823,9363.895712970626846072
2035968.933947624638676643,-9720.082272975056184805,39960.359734020901669282,9298.218054806371583254
2036345.564120006281882524,-10842.593450417098210892,39692.021698893215216231,9204.201471385322292917
2036800.931438666535541415,-12188.772822398406788125,39327.622850360778102186,9081.264600643047742778
2037315.134166685165837407,-13692.650806278688833117,38864.032737856665335130,8930.412342470845032949
2037865.699177429312840104,-15281.479331796112091979,38307.100685198907740414,8754.977473531329451362
2038428.564138025045394897,-16880.318878585876518628,37673.899515496428648476,8561.035339935495358077
2038979.129148769192397594,-18416.723283377956249751,36993.117750337914912961,8357.373119704398050089
2039493.331876787822693586,-19824.890838331069971900,36303.416875764378346503,8154.986578116022428731
2039948.699195448076352477,-21048.720568376513256226,35649.975389635401370469,7966.172262466528081859
2040325.329367829719558358,-22043.456008573157305364,35079.778141067952674348,7803.357162752065050881
2040606.761848127702251077,-22775.943528007086570142,34636.401679614631575532,7677.844669277384127781
2040780.696686489973217249,-23223.867174212231475394,34355.071248196545639075,7598.652711401582564577
2040839.532095848349854350,-23374.539986319141462445,34258.654352231664233841,7571.587688339283886307
2040898.367505206726491451,-23524.782360454089939594,34161.606589280163461808,7544.383225480641158356
2041072.302343568997457623,-23966.399263589348265668,33871.032745695789344609,7463.148206984846183332
2041353.734823866980150342,-24672.750030398405215237,33389.349244470708072186,7329.168753564617873053
2041730.364996248623356223,-25601.714689256503334036,32722.755919479477597633,7145.047345427896289038
2042185.732314908877015114,-26699.021972147413180210,31883.879024883615784347,6915.246477230303753458
2042699.935042927507311106,-27902.639070677541894838,30894.383871124438883271,6646.596820623718485876
2043250.500053671654313803,-29147.819072200156369945,29786.779544742581492756,6348.594670888465770986
2043813.365014267386868596,-30372.211747793513495708,28604.789372897728753742,6033.354677038762019947
2044363.930025011533871293,-31520.335950455035344930,27401.969486622918338981,5715.160542300029192120
2044878.132753030164167285,-32546.759314336493844166,26238.640806175633770181,5409.646716982389989425
2045333.500071690417826176,-33417.555238646964426152,25177.548941349472443108,5132.721653850083384896
2045710.130244072061032057,-34109.964101416393532418,24278.887862545565440087,4899.386647900107163878
2045991.562724370043724775,-34610.579079170260229148,23595.372826015056489268,4722.605689360149881395
2046165.497562732314690948,-34912.695491865291842259,23167.946295421999820974,4612.348953221516239864
2046224.332972090691328049,-35013.619937246206973214,23022.516784182469564257,4574.884399348793522222
2046283.168381449067965150,-35113.899374371205340140,22876.663160459291248117,4537.335562342832417926
2046457.103219811338931322,-35406.565177773605682887,22443.022568288248294266,4425.843916623242876085
2046738.535700109321624041,-35868.014430634852033108,21733.754893607707344927,4243.945181871186832723
2047115.165872490964829922,-36461.866360851869103499,20770.289756369293172611,3997.731783567486218089
2047570.533191151218488812,-37143.069853122047788929,19584.535654558632813860,3696.032835557076396071
2048084.735919169848784804,-37862.977637174932169728,18219.665438327618176118,3350.467090592158001527
2048635.300929913995787501,-38574.708715855653281324,16729.908223489546799101,2975.250596336178205092
2049198.165890509728342295,-39238.004708562752057333,15178.988863795315410243,2586.694344534976607974
2049748.730901253875344992,-39822.808265863888664171,13637.182167214721630444,2202.404590209584057448
2050262.933629272505640984,-40310.986179623789212201,12177.286217636034052703,1840.273990412662897143
2050718.300947932759299874,-40695.964009505354624707,10870.059095117017932353,1517.399944215745790643
2051094.931120314402505755,-40980.455209628315060399,9779.735340405150054721,1249.072680890851415825
2051376.363600612385198474,-41172.849886604279163294,8960.137843937030993402,1047.941402913829278987
2051550.298438974656164646,-41283.081829857372213155,8451.687843301406246610,923.409104329433716885
2051609.133848333032801747,-41318.865072277752915397,8279.386763658807467436,881.249994357075479456
2051667.969257691409438848,-41353.886929531967325602,8106.933119268938753521,839.074644331728450197
2051841.904096053680405021,-41452.963118732419388834,7596.247752590829804831,714.304397880192482262
2052123.336576351663097739,-41599.125526003925187979,6767.386339796865286189,512.187005275530054860
2052499.966748733306303620,-41767.277543352014617994,5653.750853146677400218,241.378288038347193378
2052955.334067393559962511,-41928.455736399453599006,4301.679551952515794255,-86.269241781472544517
2053469.536795412190258503,-42054.815659090505505446,2769.284322018850161840,-456.117029580420023649
2054020.101806156337261200,-42124.492184065486071631,1124.260170081941168974,-851.393618238066892445
2054582.966766752069815993,-42125.460988230697694235,-559.369614270268129985,-1254.075781121018280828
2055133.531777496216818690,-42057.676943413593107834,-2205.315390079227654496,-1645.916862098142701143
2055647.734505514847114682,-41933.077163610541902017,-3739.393049010011054634,-2009.492455682538093242
2056103.101824175100773573,-41773.448154552759660874,-5093.614723310100089293,-2329.122030323354010761
2056479.731996556743979454,-41606.568401172764424700,-6209.495556487447174732,-2591.557188179521745042
2056761.164476854726672173,-41461.350232379991211928,-7040.309459583689204010,-2786.391936456624534912
2056935.099315216997638345,-41362.854511254656245001,-7552.318556669702047657,-2906.224114192271827051
2056993.934724575374275446,-41328.028430470629245974,-7725.240149959895461507,-2946.653692737077108177
2057052.770133933750912547,-41292.440664190922689158,-7898.019365217031008797,-2987.028959706816294783
2057226.704972296021878719,-41182.784788794102496468,-8407.942350739504036028,-3106.065368605724415829
2057508.137452594004571438,-40991.316118367540184408,-9230.110877160717791412,-3297.602248939235323633
2057884.767624975647777319,-40708.051329585170606151,-10324.236413527154581971,-3551.738627872741744795
2058340.134943635901436210,-40324.534583724795083981,-11636.607746236282764585,-3855.403976878358207614
2058854.337671654531732202,-39837.974676031393755693,-13103.025580991286915378,-4193.170097090114722960
2059404.902682398678734899,-39254.861864632497599814,-14652.642443471504520858,-4548.265684724115999416
2059967.767642994411289692,-38593.245184604122187011,-16212.416222245090466458,-4903.702033115322592494
2060518.332653738558292389,-37883.104153263921034522,-17711.669188903473695973,-5243.373275955937060644
2061032.535381757188588381,-37164.630772370692284312,-19086.138405426383542363,-5552.979401812942342076
2061487.902700417442247272,-36484.654113972734194249,-20280.969820027690730058,-5820.647224011808248179
2061864.532872799085453153,-35891.784501461355830543,-21252.343707871754304506,-6037.189950176552883931
2062145.965353097068145871,-35431.049415602130466141,-21967.753847731346468208,-6196.031245649769516604
2062319.900191459339112043,-35138.816280103579629213,-22405.288820739660877734,-6292.898266964632966847
2062378.735600817715749145,-35038.681668861609068699,-22552.476575547399988864,-6325.435952281500249228
2062437.571010176092386246,-34937.901270153750374448,-22699.248672402536612935,-6357.857046708366397070
2062611.505848538363352418,-34636.206108887818118092,-23130.693458760775683913,-6453.015787747254762508
2062892.938328836346045136,-34136.257994291161594447,-23820.864325964495947119,-6604.777538013282537577
2063269.568501217989251018,-33444.712477095912618097,-24728.725966139503725572,-6803.505256739905235008
2063724.935819878242909908,-32574.914777921578206588,-25801.380074791319202632,-7036.902686859175446443
2064239.138547896873205900,-31549.556936491353553720,-26978.324870420761726564,-7291.103765297228164854
2064789.703558641020208597,-30402.499117166506039212,-28196.359141295859444654,-7551.893949404690829397
2065352.568519236752763391,-29179.115071844116755528,-29394.555442406675865641,-7805.908822894363765954
2065903.133529980899766088,-27934.840245361225242959,-30518.620894968935317593,-8041.638422740998066729
2066417.336257999530062079,-26731.994694715136574814,-31524.008324016274855239,-8250.086791797735713772
2066872.703576659783720970,-25635.310484619203634793,-32377.357132056586124236,-8424.997591172161264694
2067249.333749041426926851,-24706.818153462500049500,-33056.189708622769103386,-8562.645439723277377198
2067530.766229339409619570,-24000.794816105459176470,-33547.171825650963000953,-8661.285443391261651414
2067704.701067701680585742,-23559.369347819232643815,-33843.555879998202726711,-8720.424768782375394949
2067763.536477060057222843,-23409.189838254500500625,-33942.579742017442185897,-8740.111861666227923706
2067822.371886418433859944,-23258.578934971774287988,-34040.978096886465209536,-8759.637876367345597828
2067996.306724780704826117,-22810.832720549205987481,-34328.197271142664249055,-8816.417097269848454744
2068277.739205078687518835,-22078.614607240859186277,-34781.197808887736755423,-8905.276231391653709579
2068654.369377460330724716,-21084.205548108271614183,-35364.453326161783479620,-9018.311444276074325899
2069109.736696120584383607,-19860.718392009097442497,-36033.942360222703428008,-9145.875381222416763194
2069623.939424139214679599,-18452.869613971441140166,-36742.083140334827476181,-9277.777928376925046905
2070174.504434883361682296,-16916.727285653949365951,-37442.953767494858766440,-9404.527997628883895231
2070737.369395479094237089,-15318.072125807648262708,-38097.026528713249717839,-9518.422209162508806912
2071287.934406223241239786,-13729.343685550815280294,-38674.665465535617840942,-9614.300140760680733365
2071802.137134241871535778,-12225.488975067008141195,-39157.824036564052221365,-9689.839895125618568272
2072257.504452902125194669,-10879.274882791365598678,-39539.713536737930553500,-9745.354069945504306816
2072634.134625283768400550,-9756.696607170360948658,-39822.617470550132566132,-9783.144853648835123749
2072915.567105581751093268,-8913.007929360666821594,-40014.399225315763032995,-9806.563145886475467705
2073089.501943944022059441,-8389.678343754032539437,-40124.497869815873855259,-9818.969915882185887313
2073148.337353302398696542,-8212.346271951428207103,-40160.278506421287602279,-9822.808862744446741999
2073207.172762661008164287,-8034.862898425556522852,-40195.319242511352058500,-9826.466823765498702414
2073381.107601023279130459,-7509.316451753182263928,-40294.576924373621295672,-9836.221803815516977920
2073662.540081321261823177,-6656.440531772375834407,-40441.430985683196922764,-9848.650407105375052197
2074039.170253702905029058,-5510.743359520292870002,-40611.278587343374965712,-9858.786667006341303932
2074494.537572363158687949,-4120.055607648739169235,-40775.683638798836909700,-9861.102323919412810938
2075008.740300381788983941,-2544.299426602469793579,-40907.234087885102781001,-9850.635775439110148000
2075559.305311125935986638,-853.202063785945028940,-40984.282129418163094670,-9824.064941849193928647
2076122.170271721668541431,877.076969520858483520,-40994.717882866629224736,-9780.520059457365277922
2076672.735282465815544128,2568.135479245660462766,-40938.070876583100471180,-9721.974806009142412222
2077186.938010484445840120,4143.821067706345274928,-40825.536108601787418593,-9653.132991533733729739
2077642.305329144699499011,5534.419221076026587980,-40677.921438081481028348,-9580.826198482061954564
2078018.935501526342704892,6680.023590516741023748,-40521.913998633484879974,-9513.031148875619692262
2078300.367981824325397611,7532.819437308943633980,-40385.368258764639904257,-9457.682003409776370972
2078474.302820186596363783,8058.311927862833726977,-40292.465260620709159411,-9421.479929717064806027
2078533.138229544973000884,8235.776291517042409396,-40259.571067389348172583,-9408.890605352995407884
2078591.973638903349637985,8413.088974179650904262,-40225.935400429509172682,-9396.127981481044116663
2078765.908477265620604157,8936.359047542175176204,-40122.168388698330090847,-9357.386737291693862062
2079047.340957563603296876,9779.944644006893213373,-39940.599419226033205632,-9291.514624652993006748
2079423.971129945246502757,10902.372346081947398488,-39671.295188691910880152,-9197.239500536559717148
2079879.338448605500161648,12248.386219023728699540,-39305.733296949598297942,-9073.993407074438437121
2080393.541176624130457640,13751.992920032256733975,-38840.841667317661631387,-8922.797639008429541718
2080944.106187368277460337,15340.432952223263782798,-38282.536549202945025172,-8747.003241960144805489
2081506.971147964010015130,16938.772488156151666772,-37647.961006452518631704,-8552.704193925104846130
2082057.536158708157017827,18474.589757109704805771,-36965.870928220851055812,-8348.705017159332783194
2082571.738886726787313819,19882.124094356484420132,-36274.986524280488083605,-8146.016100068225568975
2083027.106205387040972710,21105.327018301242787857,-35620.532389014195359778,-7956.945005065545956313
2083403.736377768684178591,22099.498853351669822587,-35049.525489806488621980,-7793.925966114250513783
2083685.168858066666871309,22831.539427748248272110,-34605.561806676028936636,-7668.266366687180379813
2083859.103696428937837481,23279.176121719989168923,-34323.876455418969271705,-7588.985843786972509406
2083917.939105787314474583,23429.750048814901674632,-34227.340929282996512484,-7561.891278653880362981
2083976.774515145691111684,23579.892627846242248779,-34130.175268497892830055,-7534.657486699898072402
2084150.709353507962077856,24021.209244977362686768,-33839.257234540098579600,-7453.337023493467313529
2084432.141833805944770575,24727.057824553619866492,-33357.030963605400756933,-7319.223391790866116935
2084808.772006187587976456,25655.319982835404516663,-32689.739749853753892239,-7134.930549311231516185
2085264.139324847841635346,26751.733737374292104505,-31850.064808708531927550,-6904.935324683294311399
2085778.342052866471931338,27954.287710905486164847,-30859.731984163176093716,-6636.083916503985165036
2086328.907063610618934035,29198.271289456162776332,-29751.309425102917884942,-6337.887440354234968254
2086891.772024206351488829,30421.385359326479374431,-28568.570989872532663867,-6022.472831767187926744
2087442.337034950498491526,31568.211630831465299707,-27365.109143030029372312,-5704.132155952343055105
2087956.539762969128787518,32593.386889413442986552,-26201.263947717139672022,-5398.503652743747807108
2088411.907081629382446408,33463.053463998279767111,-25139.783332243870972889,-5121.495226542537238856
2088788.537254011025652289,34154.514318690882646479,-24240.850317770986293908,-4888.104323942514383816
2089069.969734309008345008,34654.414228593836014625,-23557.161728782441059593,-4711.289358180092676776
2089243.904572671279311180,34956.086349237026297487,-23129.640701722109952243,-4601.014932971133930550
2089302.739982029655948281,35056.860154280802817084,-22984.181440618998749414,-4563.544971713498853205
2089361.575391388032585382,35156.988787782283907291,-22838.299188414959644433,-4525.991018674218139495
2089535.510229750303551555,35449.207906751675182022,-22404.580529136146651581,-4414.485952491214447946
2089816.942710048286244273,35909.932178676317562349,-21695.207368475457769819,-4232.570895652927902120
2090193.572882429929450154,36502.811166496059740894,-20731.641429162216809345,-3986.346067678774943488
2090648.940201090183109045,37182.837387731648050249,-19545.827182353448733920,-3684.649152004323696019
2091163.142929108813405037,37901.419715463744068984,-18180.970036681901547126,-3339.106384884740236885
2091713.707939852960407734,38611.743000403330370318,-16691.321275184054684360,-2963.938472462829849974
2092276.572900448692962527,39273.619585925014689565,-15140.612343050315757864,-2575.457001287037201109
2092827.137911192839965224,39857.061661905412620399,-13599.106855017002089880,-2191.264302252957804740
2093341.340639211470261216,40343.998430536470550578,-12139.575180628733505728,-1829.245015188491606750
2093796.707957871723920107,40727.906313264429627452,-10832.735537696564279031,-1506.485616167690068323
2094173.338130253367125988,41011.536111030960455537,-9742.776862471386266407,-1238.264165324166469873
2094454.770610551349818707,41203.302363878690812271,-8923.477740652984721237,-1037.218227913798045847
2094628.705448913620784879,41313.152854930696776137,-8415.222813079235493205,-912.741280760880158596
2094687.540858271997421980,41348.808309266656578984,-8242.989533448033398599,-870.601336686142076360
2094746.376267630374059081,41383.703018700136453845,-8070.604597394692973467,-828.445373897117178785
2094920.311105992645025253,41482.407136082983925007,-7560.127611684877592779,-703.733721741344083966
2095201.743586290627717972,41627.979979771254875232,-6731.619708906241612567,-501.715105510975604375
2095578.373758672270923853,41795.368282894938602112,-5618.487930900772880705,-231.045986163789905277
2096033.741077332524582744,41955.664044046308845282,-4267.070329606307495851,96.422002872342034152
2096547.943805351154878736,42081.084849249913531821,-2735.468499295922811143,466.053839094948443744
2097098.508816095301881433,42149.827487829810706899,-1091.353789500036100435,861.084982429863430298
2097661.373776691034436226,42149.922510969685390592,591.288221653944219725,1263.502583528576224126
2098211.938787435181438923,42081.366848203928384464,2236.217424694442797772,1655.073181470892905054
2098726.141515453811734915,41956.123519902888801880,3769.306433651576298871,2018.387174815061825939
2099181.508834114298224449,41795.988627665545209311,5122.625448392306680034,2337.778972255121516355
2099558.139006495941430330,41628.736867409432306886,6237.743332775326052797,2600.013854065535724658
2099839.571486793924123049,41483.268529742112150416,7067.978892000407540763,2794.697170231544532726
2100013.506325156427919865,41384.630188930445001461,7579.627491931672921055,2914.435111966637123260
2100072.341734514571726322,41349.757948229256726336,7752.426663455494235677,2954.832714742105054029
2100131.177143872249871492,41314.125077224998676684,7925.083228807772684377,2995.175959224439793616
2100305.111982234753668308,41204.342041655181674287,8434.642374610599290463,3114.117447608938618941
2100586.544462532736361027,41012.687248949150671251,9256.218706357614792068,3305.500058849534525507
2100963.174634914379566908,40729.211466986365849152,10349.546451315503873047,3559.429021432836634631
2101418.541953574866056442,40345.497959062515292317,11660.948145175658282824,3862.842852307278917579
2101932.744681593496352434,39858.792540061927866191,13126.269174566423316719,4200.325142627709283261
2102483.309692337643355131,39275.613507558591663837,14674.715759358337891172,4555.118567287332552951
2103046.174652933143079281,38614.023681734739511739,16233.304617865434920532,4910.249567440856480971
2103596.739663677290081978,37903.999625580509018619,17731.416804889813647605,5249.627284458983012883
2104110.942391695920377970,37185.714468261445290409,19104.842840268192958320,5558.965274871110523236
2104566.309710356406867504,36505.966306219190300908,20298.772732338155037723,5826.401501727213144477
2104942.939882738050073385,35913.328183231096772943,21269.419447055221098708,6042.757450284670994733
2105224.372363036032766104,35452.790451454675348941,21984.298379131039837375,6201.462287316941001336
2105398.307201398536562920,35160.689456291700480506,22421.510636977214744547,6298.246391102534289530
2105457.142610756680369377,35060.601272574655013159,22568.590236655847547809,6330.756283135956437036
2105515.978020114824175835,34959.868167262393399142,22715.254698809727415210,6363.149715537355405104
2105689.912858477327972651,34658.317832181157427840,23146.384394588185386965,6458.227462042766092054
2105971.345338775310665369,34158.619628713859128766,23836.055638547819398809,6609.860719547242297267
2106347.975511156953871250,33467.437739562526985537,24743.269487756715534488,6808.421679162825967069
2106803.342829817440360785,32598.122260914195067016,25815.174388008064852329,7041.625916949205929996
2107317.545557836070656776,31573.361536474076274317,26991.321158563852804946,7295.620650621011009207
2107868.110568580217659473,30427.000062015045841690,28208.561357198090263410,7556.204651106911114766
2108430.975529175717383623,29204.382999926147022052,29406.014503494949167361,7810.025388832711541909
2108981.540539919864386320,27960.906119407907681307,30529.423819997657119529,8045.582147062978947361
2109495.743267938494682312,26758.842835834559082286,31534.264390394935617223,8253.884876007234197459
2109951.110586598981171846,25662.876884955876448657,32387.183816542383283377,8428.679768216798038338
2110327.740758980624377728,24734.993916633753542555,33065.701118401026178617,8566.241192422532549244
2110609.173239278607070446,24029.433568979598931037,33556.471566153850289993,8664.822257945677847601
2110783.108077641110867262,23588.297067297378816875,33852.735122729580325540,8723.927584776061848970
2110841.943486999254673719,23438.215743895092600724,33951.720018000189156737,8743.603598134124695207
2110900.778896356932818890,23287.703235335127828876,34050.080314623221056536,8763.118746337791890255
2111074.713734719436615705,22840.249043230724055320,34337.192301376919203904,8819.867089702704106458
2111356.146215017419308424,22108.506581735829968238,34790.036310021874669474,8908.680214937630807981
2111732.776387399062514305,21114.738737457690149313,35373.115158338150649797,9021.661502729708445258
2112188.143706059549003839,19892.031069483844476053,36042.440842862451972906,9149.171905796429200564
2112702.346434078179299831,18485.063424398864299292,36750.463187051645945758,9281.029248557688333676
2113252.911444822326302528,16949.859536580239364412,37451.284064531595504377,9407.748608181727831834
2113815.776405417826026678,15352.151548065590759506,38105.387177228782093152,9521.629945815657265484
2114366.341416161973029375,13764.330868561195529765,38683.133532227002433501,9617.512886672750028083
2114880.544144180603325367,12261.301520345750759589,39166.459900655529054347,9693.072485698530726950
2115335.911462841089814901,10915.796076578903011978,39548.550621625603525899,9748.615974686699701124
2115712.541635222733020782,9793.785578126187829184,39831.657031136368459556,9786.438988788308051880
2115993.974115520715713501,8950.509133647028647829,40023.610681424877839163,9809.885898393305978971
2116167.908953883219510317,8427.428807884198249667,40133.824128852669673506,9822.312230589299360872
2116226.744363241363316774,8250.180059068623450003,40169.645052646868862212,9826.158111885193648050
2116285.579772599507123232,8072.779496230243239552,40204.726802817873249296,9829.823165679532394279
2116459.514610962010920048,7547.474803928492292471,40304.109937174864171539,9839.600027737349591916
2116740.947091259993612766,6694.980026839561105589,40451.180012542870827019,9852.066858821690402692
2117117.577263641636818647,5549.772496392805805954,40621.340996247774455696,9862.259508320663371705
2117572.944582302123308182,4159.643491183285732404,40786.160158969934855122,9864.650855254723865073
2118087.147310320753604174,2584.471454813343370915,40918.221311385030276142,9854.278852570321760140
2118637.712321064900606871,893.940834782619276666,40995.862254043218854349,9827.818795475983279175
2119200.577281660400331020,-835.825335627200274757,41006.947877773804066237,9784.396018007297243457
2119751.142292404547333717,-2526.450565682981505233,40950.973490141230286099,9725.977457618184416788
2120265.345020423177629709,-4101.794988913097768091,40839.094628198356076609,9657.259185274589981418
2120720.712339083664119244,-5492.143717828555054439,40692.079051716304093134,9585.065031661537432228
2121097.342511465307325125,-6637.579945291813601216,40536.577420951209205668,9517.364818981805001386
2121378.774991763290017843,-7490.272983537384789088,40400.414420688110112678,9462.087222698695768486
2121552.709830125793814659,-8015.711769512427053996,40307.749590672996419016,9425.929562992703722557
2121611.545239483937621117,-8193.159673326203119359,40274.936195615911856294,9413.355285233932590927
2121670.380648841615766287,-8370.456760125140135642,40241.381432669069909025,9400.607716623771921149
2121844.315487204119563103,-8893.685786767646277440,40137.854139721443061717,9361.911013263053973787
2122125.747967502102255821,-9737.221010514189401874,39956.674334530020132661,9296.110975655750735314
2122502.378139883745461702,-10859.612366892737554736,39687.892068147892132401,9201.932013024243133259
2122957.745458544231951237,-12205.629731444085336989,39322.960301646715379320,9078.801112299470332800
2123471.948186562862247229,-13709.302437350046602660,38858.774616119233542122,8927.733028963681135792
2124022.513197307009249926,-15297.885217422131972853,38301.213079125889635179,8752.071254140486416873
2124585.378157902508974075,-16896.446188182766491082,37667.378167673028656282,8557.901988469922798686
2125135.943168646655976772,-18432.551807319843646837,36985.987119422243267763,8354.022701844849507324
2125650.145896665286272764,-19840.417249523550708545,36295.727553204720607027,8151.438298995643890521
2126105.513215325772762299,-21063.961186045635258779,35641.800295881956117228,7962.452917184657962935
2126482.143387707415968180,-22058.447530285724496935,35071.208053933289193083,7799.499420506484966609
2126763.575868005398660898,-22790.741518593295040773,34627.540639792423462495,7673.885405371044726053
2126937.510706367902457714,-23238.542432330352312420,34346.032247159302642103,7594.631534756884320814
2126996.346115726046264172,-23389.173193063161306782,34249.555481396862887777,7567.545714953643255285
2127055.181525084190070629,-23539.373246267496142536,34152.448016072099562734,7540.320529763129343337
2127229.116363446693867445,-23980.863467414470505901,33861.698664360264956485,7459.024688764774509764
2127510.548843744676560163,-24687.004335287314461311,33379.734376670385245234,7324.948231899172242265
2127887.179016126319766045,-25615.678710139985923888,32712.771640693907102104,7140.699796480570512358
2128342.546334786806255579,-26712.620966838876483962,31873.458187498788902303,6910.749733840054432221
2128856.749062805436551571,-27915.807856923111103242,30883.483904872333368985,6641.937576261670074018
2129407.314073549583554268,-29160.506700884765450610,29775.383571537477109814,6343.768703603743233543
2129970.179034145083278418,-30384.386315417596051702,28592.905305258627777221,6028.366307686319487402
2130520.744044889230281115,-31531.988800141592946602,27389.627354673852096312,5710.021450897582326434
2131034.946772907860577106,-32557.907905221243709093,26225.888816876453347504,5404.374337227322939725
2131490.314091568347066641,-33428.244143389892997220,25164.448945106556493556,5127.337422897064243443
2131866.944263949990272522,-34120.263865249777154531,24265.510933803219813854,4893.914388855138895451
2132148.376744247972965240,-34620.582967418202315457,23581.795540676775999600,4717.070344989322620677
2132322.311582610476762056,-34922.514401385742530692,23154.248037990935699781,4606.775784746698263916
2132381.146991968620568514,-35023.375916111785045359,23008.778104635508498177,4569.298639218235621229
2132439.982401326298713684,-35123.592242743834503926,22862.884311810263170628,4531.737313448180429987
2132613.917239688802510500,-35416.070432457527203951,22429.126454667813959531,4420.209351180367775669
2132895.349719986785203218,-35877.212889792004716583,21719.673786643968924182,4238.253778796140068152
2133271.979892368428409100,-36470.648200125375296921,20755.970377115267183399,3991.968074143301237200
2133727.347211028914898634,-37151.339145584046491422,19569.942638407865160843,3690.187518598704627948
2134241.549939047545194626,-37870.657211140955041628,18204.782799486296426039,3344.537380430419034383
2134792.114949791692197323,-38581.744902204889513087,16714.738701165475504240,2969.239777204379606701
2135354.979910387191921473,-39244.371397971095575485,15163.551344509367481805,2580.610628951460512326
2135905.544921131338924170,-39828.509685264514700975,13621.507682321380343637,2196.259494225006619672
2136419.747649149969220161,-40316.057930350783863105,12161.413244422250500065,1834.080519392774249354
2136875.114967810455709696,-40700.472144577048311476,10854.028984137834413559,1511.170908491679256258
2137251.745140192098915577,-40984.493391979558509775,9763.588621949988009874,1242.819423217874827969
2137533.177620490081608295,-41176.534889640890469309,8943.911945378054952016,1041.673127134562491847
2137707.112458852585405111,-41286.547768642987648491,8435.416426966570725199,917.132867934681485167
2137765.947868210729211569,-41322.256781833690183703,8263.100543140790250618,874.971293922660265707
2137824.783277568873018026,-41357.204347263803356327,8090.632394655852294818,832.793595562222208173
2137998.718115931376814842,-41456.060555084979569074,7579.905907068604392407,708.017083789227172019
2138280.150596229359507561,-41601.865982234608964063,6750.983535898447371437,505.891698805436362818
2138656.780768611002713442,-41769.538482518786622677,5637.277295035144561552,235.076439200566596810
2139112.148087271489202976,-41930.134661282492743339,4285.137063147523804219,-92.572645440883150059
2139626.350815290119498968,-42055.835170509504678193,2752.685949589967094653,-462.413824373910813392
2140176.915826034266501665,-42124.804078038941952400,1107.627860765657260345,-857.673511923067167118
2140739.780786629766225815,-42125.048938170395558700,-576.008875775983824497,-1260.327920579333749629
2141290.345797373913228512,-42056.557427053077844903,-2221.934303325353084801,-1652.131651604151556967
2141804.548525392543524504,-41931.298509834996366408,-3755.968738371430845291,-2015.663303197773984721
2142259.915844053030014038,-41771.087839570776850451,-5110.132652231772226514,-2335.246708964327808644
2142636.546016434673219919,-41603.728938097039645072,-6225.951931172743570642,-2597.638569478590852668
2142917.978496732655912638,-41458.154110276685969438,-7056.711722758694122604,-2792.437964069757981633
2143091.913335095159709454,-41359.438625595568737481,-7568.683917169825690507,-2912.247016155140499905
2143150.748744453303515911,-41324.538330015500832815,-7741.592430756486464816,-2952.668552398533392989
2143209.584153810981661081,-41288.876413224992575124,-7914.358264925057483197,-2993.035666200240484613
2143383.518992173485457897,-41179.001716170278086793,-8424.239931923659241875,-3112.047325044837634778
2143664.951472471468150616,-40987.180290180425799917,-9246.336046441827420495,-3303.542119751877635281
2144041.581644853111356497,-40703.446176013858348597,-10340.353977371229120763,-3557.618261053101832658
2144496.948963513597846031,-40319.366664747438335326,-11652.578961862191135879,-3861.204853479889152368
2145011.151691532228142023,-39832.178168649930739775,-13118.810352721398885478,-4198.874347089828916069
2145561.716702276375144720,-39248.401384310098364949,-14668.202962561339518288,-4553.857576906545546080
2146124.581662871874868870,-38586.116682334562938195,-16227.721523512745989137,-4909.169729674196787528
2146675.146673616021871567,-37875.333850534501834773,-17726.699871915232506581,-5248.710566783101057808
2147189.349401634652167559,-37156.272361177609127481,-19100.890692882763687521,-5558.187116256583067297
2147644.716720295138657093,-36475.784683705729548819,-20295.458215645205200417,-5825.734061507229853305
2148021.346892676781862974,-35882.499786512569698971,-21266.601742758997716010,-6042.172562113002641127
2148302.779372974764555693,-35421.458944796046125703,-21981.832709343569149496,-6200.933515254847407050
2148476.714211337268352509,-35129.038855975726619363,-22419.253973888746259036,-6297.749846409536075953
2148535.549620695412158966,-35028.841360685852123424,-22566.402755486684327479,-6330.270207913227750396
2148594.385030053555965424,-34927.998259313564631157,-22713.135622475449054036,-6362.673889425130255404
2148768.319868416059762239,-34626.118802341639820952,-23144.462939859244215768,-6457.780634791653938009
2149049.752348714042454958,-34125.875945717598369811,-23834.439049279244500212,-6609.456632353846543992
2149426.382521095685660839,-33433.942859092945582233,-24742.031111782514926745,-6808.066510829750768607
2149881.749839756172150373,-32563.687456104875309393,-25814.345887724648491712,-7041.316873676354589406
2150395.952567774802446365,-31537.827701028912997572,-26990.890322357663535513,-7295.346033753445226466
2150946.517578518949449062,-30390.250797926848463248,-28208.476330908877571346,-7555.945529173628528952
2151509.382539114449173212,-29166.356513408099999651,-29406.194151164167124080,-7809.758698112235833833
2152059.947549858596175909,-27921.603412587599450490,-30529.772586337203392759,-8045.284717550914137973
2152574.150277877226471901,-26718.330453364051209064,-31534.688899846794811310,-8253.537632019197189948
2153029.517596537712961435,-25621.283780675785237690,-32387.607928122062730836,-8428.271277241825373494
2153406.147768919356167316,-24692.503344043059769319,-33066.076469547020678874,-8565.769864599036736763
2153687.580249217338860035,-23986.271769268078060122,-33556.781678160536102951,-8664.296788434194240835
2153861.515087579842656851,-23544.720660002192744287,-33852.992560929109458812,-8723.365588864020537585
2153920.350496937986463308,-23394.499184057945967652,-33951.957500444703327958,-8743.028718140338241938
2153979.185906295664608479,-23243.846585167131706839,-34050.296760057761275675,-8762.530715493654497550
2154153.120744658168405294,-22795.978697068239853252,-34337.340231593436328694,-8819.238624039020578493
2154434.553224956151098013,-22063.568787847412750125,-34790.053371229711046908,-8907.981415159605603549
2154811.183397337794303894,-21068.912996719809598289,-35372.918457019120978657,-9020.859155387739519938
2155266.550715998280793428,-19845.142967345163924620,-36041.926933096983702853,-9148.230141919384550420
2155780.753444016911089420,-18436.995452843046223279,-36749.514504169826977886,-9279.911696540135380928
2156331.318454761058092117,-16900.558042368054884719,-37449.781235669877787586,-9406.421826431727822637
2156894.183415356557816267,-15301.628182371247021365,-38103.225238826824352145,-9520.067584530195745174
2157444.748426100704818964,-13712.657870386254217010,-38680.239046487571613397,-9615.699806853479458368
2157958.951154119335114956,-12208.601568832826160360,-39162.805642662686295807,-9691.008034591593968798
2158414.318472779821604490,-10862.228786168880105834,-39544.165029435593169183,-9746.315792950659670169
2158790.948645161464810371,-9739.533467500568804098,-39826.626778772653779015,-9783.935040763115466689
2159072.381125459447503090,-8895.765785423665874987,-40018.076125081446662080,-9807.224758972621202702
2159246.315963821951299906,-8372.391004935123419273,-40127.968547264812514186,-9819.551923262177297147
2159305.151373180095106363,-8195.044275186402956024,-40163.679298945353366435,-9823.363920805979432771
2159363.986782538238912821,-8017.546562506037844287,-40198.650087574336794205,-9826.994922310710535385
2159537.921620900742709637,-7491.959591850489232456,-40297.700630846164131071,-9836.670147236411139602
2159819.354101198725402355,-6639.024024987698794575,-40444.218486423873400781,-9848.969557269758297480
2160195.984273580368608236,-5493.258520724125446577,-40613.614348087059624959,-9858.932723037654795917
2160651.351592240855097771,-4102.505782970845757518,-40777.470904214053007308,-9861.038965878935414366
2161165.554320259485393763,-2526.699503245687083108,-40908.399659908267494757,-9850.336044385976492777
2161716.119331003632396460,-835.575950920511786535,-40984.780260620515036862,-9823.512601347085364978
2162278.984291599132120609,894.700468596327482373,-40994.532852161610207986,-9779.710393096076586517
2162829.549302343279123306,2585.727681198547543318,-40937.217918462512898259,-9720.914757326823746553
2163343.752030361909419298,4161.358415812516795995,-40824.060568518390937243,-9651.840635808035585796
2163799.119349022395908833,5551.887391902658237086,-40675.896266410200041719,-9579.329626178776379675
2164175.749521404039114714,6697.419981308617025206,-40519.435899869022250641,-9511.366910243879829068
2164457.182001702021807432,7550.153618012500373879,-40382.552921460359357297,-9455.893292017603016575
2164631.116840064525604248,8075.604006838827444881,-40289.442084225483995397,-9419.614663889851726708
2164689.952249422669410706,8253.053498829802265391,-40256.477695845693233423,-9406.999511542335312697
2164748.787658780347555876,8430.350991657012855285,-40222.771890851923672017,-9394.211094551847054390
2164922.722497142851352692,8953.574301479482528521,-40118.797876862539851572,-9355.393806763719112496
2165204.154977440834045410,9797.078368121772655286,-39936.895136891471338458,-9289.399338397626706865
2165580.785149822477251291,10919.385673839155060705,-39667.146706224193621892,-9194.961875255656195804
2166036.152468482963740826,12265.236847061074513476,-39301.051970628563140053,-9071.521813203466081177
2166550.355196501594036818,13768.637495814395151683,-38835.564899390185019001,-8920.110305924112253706
2167100.920207245741039515,15356.830966432602508576,-38276.630493115429999307,-8744.089114179780153790
2167663.785167841240763664,16954.891110439741169102,-37641.421467389722238295,-8549.563067668716030312
2168214.350178585387766361,18490.408818290576164145,-36958.722414710347948130,-8345.346974013235012535
2168728.552906604018062353,19897.640342624632467050,-36267.279655445243406575,-8142.460351428735521040
2169183.920225264504551888,21120.556875218397181015,-35612.340084221199504100,-7953.218340648194498499
2169560.550397646147757769,22114.479137328809883911,-35040.938494481422821991,-7790.061037546561237832
2169841.982877944130450487,22846.325835308020032244,-34596.684099564459756948,-7664.300020477942780417
2170015.917716306634247303,23293.839588417551567545,-34314.820942045342235360,-7584.957651099486611201
2170074.753125664778053761,23444.371394538378808647,-34218.225599555968074128,-7557.842311972068273462
2170133.588535022921860218,23594.471583497168467147,-34121.000290356460027397,-7530.587820599114820652
2170307.523373385425657034,24035.661316956622613361,-33829.906910765064822044,-7449.206603586465462286
2170588.955853683408349752,24741.299680107851600042,-33347.400125508152996190,-7314.996082551155268447
2170965.586026065051555634,25669.271147299485164694,-32679.739882167272298830,-7130.576370981552827288
2171420.953344725538045168,26765.319412028537044534,-31839.628868478081130888,-6900.432151031288412923
2171935.156072744168341160,27967.442693223583773943,-30848.817494435628759675,-6631.418476209090840712
2172485.721083488315343857,29210.944645175335608656,-29739.899581441655755043,-6333.055537996124257916
2173048.586044083815068007,30433.545229462957649957,-28556.673750465663033538,-6017.478803262310066202
2173599.151054827962070704,31579.849423786963598104,-27352.754549103701720014,-5698.987682859205960995
2174113.353782846592366695,32604.520139702093729284,-26188.500179251132067293,-5393.226155884924082784
2174568.721101507078856230,33473.726819424133282155,-25126.672174731447739759,-5116.106116187005682150
2174945.351273888722062111,34164.798391363430710044,-24227.462746378416341031,-4882.627383859859946824
2175226.783754186704754829,34664.402338079147739336,-23543.574191895058902446,-4705.749481724690667761
2175400.718592549208551645,34965.889433766205911525,-23115.932435691891441820,-4595.437324679749508505
2175459.554001907352358103,35066.600293889910972212,-22970.432834836021356750,-4557.954803002542575996
2175518.389411265030503273,35166.665803327887260821,-22824.510495976410311414,-4520.388392445114732254
2175692.324249627534300089,35458.697272556943062227,-22390.674815897407825105,-4408.847102125177116250
2175973.756729925516992807,35919.114703515697328839,-21681.117058054765948327,-4226.875357201776751026
2176350.386902307160198689,36511.577035610898747109,-20717.313377796817803755,-3980.578422739030429511
2176805.754220967646688223,37191.090704845075379126,-19531.226136440571281128,-3678.800140113372890482
2177319.956948986276984215,37909.083358194897300564,-18166.080090338629815960,-3333.173249048658817628
2177870.521959730423986912,38618.763360940414713696,-16676.145211139359162189,-2957.924511795458784036
2178433.386920325923711061,39279.970618504128651693,-15125.169052421366359340,-2569.370428719506890047
2178983.951931070070713758,39862.747648273936647456,-13583.427335739261252456,-2185.116620367174618877
2179498.154659088701009750,40349.055008009279845282,-12123.697842808755012811,-1823.049203752213543339
2179953.521977749187499285,40732.399544733154471032,-10816.701637633681457373,-1500.254450338036122048
2180330.152150130830705166,41015.559639951134158764,-9726.626816802156099584,-1232.008945932932647338
2180611.584630428813397884,41206.972915950442256872,-8907.248850878111625207,-1030.948112708071903398
2180785.519468791317194700,41316.604474346997449175,-8398.948609043820397346,-906.463278932499065377
2180844.354878149461001158,41352.185745065042283386,-8226.700593329465846182,-864.320895564540478517
2180903.190287507604807615,41387.006208835518918931,-8054.301220899297732103,-822.162609041841960789
2181077.125125870108604431,41485.490484482768806629,-7543.783312202146589698,-697.444763432700369776
2181358.557606168091297150,41630.706583858700469136,-6715.214763872852017812,-495.418268312663826691
2181735.187778549734503031,41797.615703923445835244,-5602.012635271367798850,-224.742752857120876797
2182190.555097210220992565,41957.329881419558660127,-4250.526566985006866162,102.726623167492789435
2182704.757825228851288557,42082.091792379993421491,-2718.869342711149329261,472.351673463823487964
2183255.322835972998291254,42150.127404958751867525,-1074.721177964349408285,867.365741492958477465
2183818.187796568498015404,42149.499122771558177192,607.927340454701834460,1269.755427466628361799
2184368.752807312645018101,42080.236647666337375995,2252.835808970675316232,1661.288535526655778085
2184882.955535331275314093,41954.334815094742225483,3785.881278645722886722,2024.558472239873708531
2185338.322853991761803627,41793.618837512440222781,5139.142291250160269556,2343.904012499850978202
2185714.953026373405009508,41625.888414363216725178,6254.198448720529995626,2606.095533444638931542
2185996.385506671387702227,41480.063784578116610646,7084.379783706628586515,2800.743454126994492981
2186170.320345033891499043,41381.205908537936920766,7595.991418317618808942,2920.458246814613630704
2186229.155754392035305500,41346.259530513540084939,7768.777490167854011816,2960.847799796419167251
2186287.991163749713450670,41310.552586582591175102,7941.420655080572032603,3001.182883832243533107
2186461.926002112217247486,41200.550959316868102178,8450.938428763867705129,3120.099601892502050760
2186743.358482410199940205,41008.543784731096820906,9272.442273370766997687,3311.440098664889319480
2187119.988654791843146086,40724.599179623663076200,10365.662334468437620671,3565.308792664328393585
2187575.355973452329635620,40340.323514906282071024,11676.917619360354365199,3868.643841190350485704
2188089.558701470959931612,39852.990193520585307851,13142.052180974647853873,4206.029491031164070591
2188640.123712215106934309,39269.147917157562915236,14690.274539723786801915,4560.710560675394845020
2189202.988672810606658459,38606.890804406823008321,16248.608262569516227813,4915.717386573071053135
2189753.553683554753661156,37896.225652199143951293,17746.445964332589937840,5254.964736372227889660
2190267.756411573383957148,37177.353027537959860638,19119.593774091794330161,5564.173201582886576944
2190723.123730233870446682,36497.094397925291559659,20313.259960522715118714,5831.488608630992530379
2191099.753902615513652563,35904.041433194048295263,21283.676493015038431622,6047.740386955299072724
2191381.186382913496345282,35443.198267952058813535,21998.376399225810018834,6206.364927594441724068
2191555.121221276000142097,35150.910514800561941229,22435.475045553266681964,6303.098371519183274359
2191613.956630634143948555,35050.759512406257272232,22582.515705807756603463,6335.590950312189306715
2191672.792039992287755013,34949.963769437912560534,22729.140972377401340054,6367.966980533037713030
2191846.726878354791551828,34648.229328676286968403,23160.153303399696596898,6462.992764033804633073
2192128.159358652774244547,34148.236683585913851857,23849.629967120530636748,6614.540324585025700799
2192504.789531034417450428,33456.667612677461875137,24756.574492925432423363,6812.983523946848436026
2192960.156849694903939962,32586.894875657402735669,25828.140392129531392129,7046.040798976977384882
2193474.359577713534235954,31561.632707927787123481,27003.887206016002892284,7299.863741831427432771
2194024.924588457681238651,30414.752612479220260866,28220.679607366575510241,7560.257200366070719610
2194587.789549053180962801,29191.625738146281946683,29417.654779030246572802,7813.876393204123814940
2195138.354559797327965498,27947.670953536096931202,30540.577599700751306955,8049.229735363800500636
2195652.557287815958261490,26745.180563214060384780,31544.947561863311420893,8257.337169345250003971
2196107.924606476444751024,25648.852380552798422286,32397.437671157018485246,8431.955052831899593002
2196484.554778858087956905,24720.681471236017387128,33075.591328746188082732,8569.367338448906593840
2196765.987259156070649624,24014.912993252768501407,33566.085164049458398949,8667.835416848362001474
2196939.922097518574446440,23573.650909959560522111,33862.175733356205455493,8726.870276393145104521
2196998.757506876718252897,23423.527639075935439905,33961.101768680426175706,8746.522345709074215847
2197057.592916234396398067,23272.973453205646364950,34059.403032704300130717,8766.013496155977918534
2197231.527754596900194883,22825.397638014557742281,34346.339502494447515346,8822.690585212860241882
2197512.960234894882887602,22093.463451326919312123,34798.896414992639620323,8911.387461703421649872
2197889.590407276526093483,21099.448948111272329697,35381.585237779450835660,9024.211403340201286483
2198344.957725937012583017,19876.458462186099495739,36050.430856218546978198,9151.529008919935222366
2198859.160453955642879009,18469.192099827847414417,36757.900545452561345883,9283.165530908960136003
2199409.725464699789881706,16933.693099984266154934,37458.118115258846955840,9409.645132814741373295
2199972.590425295289605856,15335.710327765598776750,38111.593061228464648593,9523.278198972480822704
2200523.155436039436608553,13747.647644170436251443,38688.714851843746146187,9618.915603597637527855
2201037.358164058066904545,12244.416537402817994007,39171.449757272617716808,9694.243832121466766694
2201492.725482718553394079,10898.752220789800048806,39553.010803017918078694,9749.581037705886046751
2201869.355655100196599960,9776.624505036592381657,39835.675378219078993425,9787.232621807199393515
2202150.788135398179292679,8933.268912764135166071,40027.296873752929968759,9810.551033833235123893
2202324.722973760683089495,8410.143297884871572023,40137.304252036497928202,9822.897806359804235399
2202383.558383118826895952,8232.879858308308030246,40173.055342068597383332,9826.716753693297505379
2202442.393792476970702410,8055.464923031056059699,40208.067195606439781841,9830.354863216041849228
2202616.328630839474499226,7530.119605643270915607,40307.243339637789176777,9840.052014555021742126
2202897.761111137457191944,6677.565009692283638287,40453.977442645569681190,9852.389722074840392452
2203274.391283519100397825,5532.288901451333003934,40623.686985418389667757,9862.409366349773335969
2203729.758602179586887360,4142.094590593027533032,40787.957992925505095627,9864.591399691646074643
2204243.961330198217183352,2566.872066882742728922,40919.397805927226727363,9853.983127700690602069
2204794.526340942364186049,876.314811810257879188,40996.371649188840819988,9827.270560102515446488
2205357.391301537863910198,-853.449228043958100898,41006.774417609529336914,9783.590544379936545738
2205907.956312282010912895,-2544.043656947858835338,40950.132358953080256470,9724.921673587035911623
2206422.159040300641208887,-4119.333706864370469702,40837.631114186537161004,9655.971148702885329840
2206877.526358961127698421,-5509.613695310891671397,40690.066049053959432058,9583.572816359865100821
2207254.156531342770904303,-6654.978510278608155204,40534.111585250167991035,9515.704961169736634474
2207535.589011640753597021,-7507.609615912795561599,40397.611402273956628051,9460.302905472179190838
2207709.523850003257393837,-8033.006472586155723548,40304.738761447275464889,9424.068697670905748964
2207768.359259361401200294,-8210.439563194797301549,40271.855179727761424147,9411.468593742918528733
2207827.194668719079345465,-8387.721518676107734791,40238.230286686099134386,9398.695233661428574123
2208001.129507081583142281,-8910.903955058176507009,40134.496011751260084566,9359.922490596212810487
2208282.561987379565834999,-9754.357929996403981932,39952.982458711783692706,9294.000100477082014550
2208659.192159761209040880,-10876.629266450869181426,39683.756002857793646399,9199.658797176207372104
2209114.559478421695530415,-12222.484385176350770053,39318.291375385335413739,9076.333916850673631416
2209628.762206440325826406,-13725.951546904956558137,38853.510189648419327568,8925.050070155089997570
2210179.327217184472829103,-15314.288300433065160178,38295.319256109585694503,8749.161461304034673958
2210742.192177779972553253,-16912.570412448942079209,37660.850703019670618232,8554.765142975902563194
2211292.757188524119555950,-18448.376974407627130859,36978.850479578410158865,8350.668873337452168926
2211806.959916542749851942,-19855.940055140468757600,36288.032331248505215626,8147.886692071833749651
2212262.327235203236341476,-21079.197982090769073693,35633.619406666599388700,7958.730321377822292561
2212638.957407584879547358,-22073.435054852412577020,35062.632262137558427639,7795.638494366331542551
2212920.389887882862240076,-22805.535382835550990421,34618.673965974550810643,7669.923008930906689784
2213094.324726245366036892,-23253.213485119675169699,34336.987656989993411116,7590.607257982902410731
2213153.160135603509843349,-23403.802167914003803162,34240.451036809194192756,7563.500652513025670487
2213211.995544961653649807,-23553.959873701165633975,34143.283884593074617442,7536.254756121865284513
2213385.930383324157446623,-23995.323335015236807521,33852.359071122307796031,7454.898125859451283759
2213667.362863622140139341,-24701.254179479154117871,33370.114073869794083294,7320.724720365496978047
2214043.993036003783345222,-25629.638106695481837960,32702.782033403123932658,7136.349332992719610047
2214499.360354664269834757,-26726.215144028570648516,31863.032155734152183868,6906.250169918613210029
2215013.563082682900130749,-27928.971613927245925879,30872.578902581288275542,6637.275621261626838532
2215564.128093427047133446,-29173.189081456919666380,29763.982739685598062351,6338.940147571331181098
2216126.993054022546857595,-30396.555419912689103512,28581.016568432922213105,6023.375478517091323738
2216677.558064766693860292,-31543.635985279775923118,27377.280746483134862501,5704.880029808247854817
2217191.760792785324156284,-32569.050651679281145334,26213.132538070913142292,5399.099752721428558289
2217647.128111445810645819,-33438.927051261722226627,25151.344829779842257267,5121.951100432117527816
2218023.758283827453851700,-34130.557511116618115921,24252.130030378393712454,4888.440133708034409210
2218305.190764125436544418,-34630.580650220654206350,23568.214390525481576333,4711.533076798897127446
2218479.125602487940341234,-34932.327052700173226185,23140.545984469099494163,4601.200737533353276376
2218537.961011846084147692,-35033.125619152568106074,22995.035652382161060814,4563.711015667038736865
2218596.796421203762292862,-35133.278817789236200042,22849.101713907675730297,4526.137216484847158426
2218770.731259566266089678,-35425.569342746886832174,22415.226661535845778417,4414.572983253452548524
2219052.163739864248782396,-35886.404924092690635007,21705.589114264403178822,4232.560647606511338381
2219428.793912245891988277,-36479.423511104774661362,20741.647587481664231746,3986.202737265859013860
2219884.161230906378477812,-37159.601791275723371655,19555.346402758306794567,3684.340697528232340119
2220398.363958925008773804,-37878.330013374827103689,18189.897160956017614808,3338.606307424866827205
2220948.928969669155776501,-38588.774193588476919103,16699.566419185663107783,2963.227748610893286241
2221511.793930264655500650,-39250.731077925294812303,15148.111315570633450989,2574.525862733332814969
2222062.358941008802503347,-39834.203994655625137966,13605.830936420945363352,2190.113504681297854404
2222576.561669027432799339,-40321.122487509579514153,12145.538245734773227014,1827.886302824894301011
2223031.928987687919288874,-40704.973020531047950499,10837.997058665365329944,1504.941259180228826153
2223408.559160069562494755,-40988.524267048815090675,9747.440265028311841888,1236.565661620350738303
2223689.991640367545187473,-41180.212553005418158136,8927.684540703719903831,1035.404429628817069897
2223863.926478730048984289,-41290.006349284740281291,8419.143586636579129845,910.856260706283137552
2223922.761888088192790747,-41325.641127265764225740,8246.812926457512730849,868.692239883433785508
2223981.597297446336597204,-41360.514395027486898471,8074.330301733208216319,826.512210423285296201
2224155.532135808840394020,-41459.150604986076359637,7563.562775735165814694,701.729484317574360830
2224436.964616106823086739,-41604.599027864438539837,6734.579580107077163120,499.596189550200961094
2224813.594788488466292620,-41771.791983657349192072,5620.802765000886211055,228.774498240685090877
2225268.962107148952782154,-41931.806122479174518958,4268.593820986119681038,-98.876007337742692016
2225783.164835167583078146,-42056.847199175696005113,2736.087071601979459956,-468.710426283197023167
2226333.729845911730080843,-42125.108480522692843806,1090.995311995828842555,-863.953051220089719209
2226896.594806507229804993,-42124.629400187121063937,-592.648104284073497183,-1266.579541129252902465
2227447.159817251376807690,-42055.430438478790165391,-2238.552917121713107917,-1658.345762119450228056
2227961.362545270007103682,-41929.512409410053805914,-3772.543879853091766563,-2021.833323195807224693
2228416.729863930493593216,-41768.720109333829896059,-5126.649813898708089255,-2341.370429520949528523
2228793.360036312136799097,-41600.882091920953826047,-6242.407357788694753253,-2603.718885494918595214
2229074.792516610119491816,-41454.950632742496964056,-7073.112903211836055561,-2798.482846817893459956
2229248.727354972623288631,-41356.015403158511617221,-7585.048111951935425168,-2918.268724307473803492
2229307.562764330767095089,-41321.040899359497416299,-7757.943517803384565923,-2958.682201736407478165
2229366.398173688445240259,-41285.304838770120113622,-7930.695942875054242904,-2999.041145879653413431
2229540.333012050949037075,-41175.211340690453653224,-8440.536208675637681154,-3118.028006051131342247
2229821.765492348931729794,-40983.037195012533629779,-9262.559777972717711236,-3309.480636903496360901
2230198.395664730574935675,-40698.833808265349944122,-10356.469926008567199460,-3563.496436781396369042
2230653.762983391061425209,-40314.191602709528524429,-11668.548349366330512566,-3867.004148616872498678
2231167.965711409691721201,-39826.374607990961521864,-13134.593058343569282442,-4204.576877695461917028
2231718.530722153838723898,-39241.933957848188583739,-14683.761163960209159995,-4559.447604699678777251
2232281.395682749338448048,-38578.981355046038515866,-16243.024253756353573408,-4914.635416721665933437
2232831.960693493485450745,-37867.556852401234209538,-17741.727740298301796429,-5254.045709425659879344
2233346.163421512115746737,-37147.907385399768827483,-19115.639942290265025804,-5563.392556128082105715
2233801.530740172602236271,-36466.908812427893280983,-20309.943378918833332136,-5830.818515172406478086
2234178.160912554245442152,-35873.208738139444903936,-21280.856387291350984015,-6047.152701836703272420
2234459.593392852228134871,-35411.862224085940397345,-21995.908064194765756838,-6205.833247819908137899
2234633.528231214731931686,-35119.255234882912191097,-22433.215549069922417402,-6302.598849282196169952
2234692.363640572875738144,-35018.994873678238946013,-22580.325333502252760809,-6335.101873694314235763
2234751.199049931019544601,-34918.089087888511130586,-22727.018946735253848601,-6367.488129060601750098
2234925.133888293523341417,-34616.025389818467374425,-23158.228724910892196931,-6462.542839922115490481
2235206.566368591506034136,-34115.487881603286950849,-23848.009964174092601752,-6614.133022852442081785
2235583.196540973149240017,-33423.167350538999016862,-24755.332301143404038157,-6812.624979990775500482
2236038.563859633635729551,-32552.454400789545616135,-25827.307569603904994437,-7045.728180341118786600
2236552.766587652266025543,-31526.092917011374083813,-27003.451451383065432310,-7299.585318359268057975
2237103.331598396413028240,-30377.997136804809997557,-28220.588998941868339898,-7559.994018722350119788
2237666.196558991912752390,-29153.592833286598761333,-29417.828142784579540603,-7813.605379521681243205
2238216.761569736059755087,-27908.361681872189365095,-30540.919376983187248698,-8048.927722439462741022
2238730.964297754690051079,-26704.661530180947011104,-31545.364410634916566778,-8256.985097347112969146
2239186.331616415176540613,-25607.252591793283500010,-32397.853519574706297135,-8431.541517131914588390
2239562.961788796819746494,-24678.184216281286353478,-33075.957914758262631949,-8568.890787207212270005
2239844.394269094802439213,-23971.744530710599065060,-33566.386134556167235132,-8667.304591023195825983
2240018.329107457306236029,-23530.067859609182050917,-33862.423797191324410960,-8726.302842401148154750
2240077.164516815450042486,-23379.804444206496555125,-33961.329797977814450860,-8745.942000050990827731
2240135.999926173128187656,-23229.110176702717581065,-34059.609946210905036423,-8765.419972103611144121
2240309.934764535631984472,-22781.120695174169668462,-34346.477667946615838446,-8822.056545166737123509
2240591.367244833614677191,-22048.519121232304314617,-34798.903335187249467708,-8910.682957100958446972
2240967.997417215257883072,-21053.616776204442430753,-35381.377893777396820951,-9023.403178653452414437
2241423.364735875744372606,-19829.564092565899045439,-36049.905701898736879230,-9150.581162853261048440
2241937.567463894374668598,-18421.118093468372535426,-36756.939947461403789930,-9282.041671281735034427
2242488.132474638521671295,-16884.385875490857870318,-37456.602667839579225983,-9408.311810281655198196
2243050.997435234021395445,-15285.181600999922011397,-38109.417804966833500657,-9521.709068677402683534
2243601.562445978168398142,-13695.969701001420617104,-38685.806387882650597021,-9617.095542818127796636
2244115.765173996798694134,-12191.712076787624027929,-39167.780929025517252740,-9692.172213317659043241
2244571.132492657285183668,-10845.180843890870164614,-39548.610138816809921991,-9747.273532759931185865
2244947.762665038928389549,-9722.368682351578172529,-39830.629656413686461747,-9784.721229429536833777
2245229.195145336911082268,-8878.522146403622173239,-40021.746562115768028889,-9807.882364184421021491
2245403.129983699414879084,-8355.102264301856848761,-40131.432743474273593165,-9820.129917786583973793
2245461.965393057558685541,-8177.740908206904350664,-40167.073604205681476742,-9823.914964473222426022
2245520.800802415702491999,-8000.228887996370758628,-40201.974439469020580873,-9827.519004996911462513
2245694.735640778206288815,-7474.601486994750302983,-40300.817827393977495376,-9837.114470900885862648
2245976.168121076188981533,-6621.606425172943090729,-40446.999452349344210234,-9849.284682742907534703
2246352.798293457832187414,-5475.772792916309299471,-40615.943545018111763056,-9859.074750428635525168
2246808.165612118318676949,-4084.955316827910337452,-40779.251577377181092743,-9860.971578485319696483
2247322.368340136948972940,-2509.099218782582283893,-40909.558616313050151803,-9850.032288520153088029
2247872.933350881095975637,-817.949777676620669808,-40985.271761506126495078,-9822.956247171388895367
2248435.798311476595699787,912.323720518192885720,-40994.341187169069598895,-9778.896731141316195135
2248986.363322220742702484,2603.319335595239863324,-40936.358332990246708505,-9719.850737252538237954
2249500.566050239372998476,4178.894936597487685503,-40822.578417214295768645,-9650.544337078672469943
2249955.933368899859488010,5569.354488620191659720,-40673.864505569195898715,-9577.829140644314975361
2250332.563541281502693892,6714.815094765021967760,-40516.951235666427237447,-9509.698786268869298510
2250613.996021579485386610,7567.486370146234548884,-40379.731039686434087344,-9454.100718036339458195
2250787.930859941989183426,8092.894564074683330546,-40286.412377699321950786,-9417.745550350860867184
2250846.766269300132989883,8270.329152942396831349,-40253.377799259142193478,-9405.104575192537595285
2250905.601678657811135054,8447.611424504313617945,-40219.601861439368803985,-9392.290370326812990243
2251079.536517020314931870,8970.787878037344853510,-40115.420861290993343573,-9353.397054854020097991
2251360.968997318297624588,9814.210265367299143691,-39933.184379085629188921,-9287.280257811469709850
2251737.599169699940830469,10936.396975890353132854,-39662.991790376472636126,-9192.680494344256658223
2252192.966488360427320004,12282.085211048861310701,-39296.364268296885711607,-9069.046514274152286816
2252707.169216379057615995,13785.279541433661506744,-38830.281828682411287446,-8917.419329796706733759
2253257.734227123204618692,15373.226169512010528706,-38270.718222477044037078,-8741.171415433280344587
2253820.599187718704342842,16971.006639049515797524,-37634.875814328916021623,-8546.418450082559502334
2254371.164198462851345539,18506.224514477667980827,-36951.567895521584432572,-8341.985523124481915147
2254885.366926481481641531,19913.152977398152870592,-36259.566890840796986595,-8138.901278075825757696
2255340.734245141968131065,21135.782902811635722173,-35604.141987915907520801,-7949.488428952347931045
2255717.364417523611336946,22129.455416657619934995,-35032.345798701950116083,-7786.192928454626780876
2255998.796897821594029665,22861.108109178196173161,-34587.800762849903549068,-7660.330545194306068879
2256172.731736184097826481,23308.498842541423073271,-34305.759844044550845865,-7580.926361795615775918
2256231.567145542241632938,23458.988501158524741186,-34209.104700618445349392,-7553.790259766000417585
2256290.402554900385439396,23609.046273593259684276,-34111.819758523663040251,-7526.515080122983818001
2256464.337393262889236212,24050.109045641940610949,-33820.551079775737889577,-7445.073142594058481336
2256745.769873560871928930,24755.537068071964313276,-33337.763857269586878829,-7310.765787123607879039
2257122.400045942515134811,25683.217680789595760871,-32669.734691053323331289,-7126.219281894165760605
2257577.767364603001624346,26778.900262849383580033,-31829.187739194388996111,-6895.926160746209461649
2258091.970092621631920338,27980.592640342645609053,-30837.897974254847213160,-6626.750329292809510662
2258642.535103365778923035,29223.612747245231730631,-29728.484884969686390832,-6328.221051019457263465
2259205.400063961278647184,30445.699631382969528204,-28544.771847933785466012,-6012.482319168916546914
2259755.965074705425649881,31591.481547562238120008,-27340.395485186905716546,-5693.840884388388076331
2260270.167802724055945873,32615.647541369697137270,-26175.732127678365941392,-5387.946458645419625100
2260725.535121384542435408,33484.394174179804394953,-25113.556904642580775544,-5110.714918731650868722
2261102.165293766185641289,34175.076342601612850558,-24214.071206882748811040,-4877.148452113269740948
2261383.597774064168334007,34674.384238900653144810,-23529.982796817643247778,-4700.207685902276352863
2261557.532612426672130823,34975.686257025918166619,-23102.220380216436751653,-4589.857842109124248964
2261616.368021784815937281,35076.334154663265508134,-22956.680462999062001472,-4552.362775332120691019
2261675.203431142494082451,35176.336522587822400965,-22810.718060943185264478,-4514.783922610198715120
2261849.138269504997879267,35468.180291164680966176,-22376.765429822917212732,-4403.206453741860968876
2262130.570749802980571985,35928.290800947674142662,-21667.023188914190541254,-4221.178095105559805233
2262507.200922184623777866,36520.336374218270066194,-20702.981922760885936441,-3974.809154812393899192
2262962.568240845110267401,37199.337373382222722284,-19516.621877732573921094,-3672.949628562485031580
2263476.770968863740563393,37916.740227845053595956,-18151.187150976213160902,-3327.238754791359497176
2264027.335979607887566090,38625.776825646440556739,-16660.966394040118757403,-2951.909346041688877449
2264590.200940203387290239,39286.314641248631232884,-15109.723258636642640340,-2563.282809827955588844
2265140.765950947534292936,39868.426524714930565096,-13567.745561817020643502,-2178.968049154075288243
2265654.968678966164588928,40354.104392414781614207,-12107.818485723946650978,-1816.852650912854642229
2266110.335997626651078463,40736.885517943810555153,-10800.665929128266725456,-1494.022674978629993348
2266486.966170008294284344,41019.575862735931877978,-9710.475138571342540672,-1225.753226595574460589
2266768.398650306276977062,41210.636129704929771833,-8891.018460775247149286,-1024.677579691112896398
2266942.333488668780773878,41320.048737100107246079,-8382.672986724383008550,-900.184910145019216543
2267001.168898026924580336,41355.555818262306274846,-8210.410262730380054563,-858.040104698628624647
2267060.004307385068386793,41390.302030567283509299,-8037.996481752389627218,-815.879511663451012282
2267233.939145747572183609,41488.566448117671825457,-7527.437732485562264628,-691.155523546939207336
2267515.371626045554876328,41633.425779224322468508,-6698.808672387875049026,-489.121232061123805579
2267892.001798427198082209,41799.855689050164073706,-5585.536372968439536635,-218.439431059737273699
2268347.369117087684571743,41958.988257515629811678,-4233.982056009403095231,109.031198196926027322
2268861.571845106314867735,42083.091255462932167575,-2702.269685272267452092,478.649311598226518072
2269412.136855850461870432,42150.419833592772192787,-1058.088331342566107196,873.646142990124417338
2269975.001816445961594582,42149.068249908959842287,624.566422254004010028,1276.007749502582328205
2270525.566827190108597279,42079.098978398913459387,2269.453890164766562521,1667.503207784981896111
2271039.769555208738893270,41952.538667301603709348,3802.455572486625442252,2030.728939520376115979
2271495.136873869225382805,41791.241635903628775850,5155.658363906313752523,2350.028092195578210521
2271871.767046250868588686,41623.032582109502982348,6270.652613923531134787,2612.176145212361916492
2272153.199526548851281404,41476.851687935326481238,7100.779590225155516237,2806.788590931243106752
2272327.134364911355078220,41377.774295351380715147,7612.354176649125292897,2926.480185689582413033
2272385.969774269498884678,41342.753786591012612917,7785.127120837066286185,2966.861672386058671691
2272444.805183627177029848,41306.972776455346320290,7957.756857343546471384,3007.188579506020687404
2272618.740021989680826664,41196.752578152540081646,8467.233176363353777560,3126.080478687198592525
2272900.172502287663519382,41004.393057596847938839,9288.664400722354912432,3317.378782866588608158
2273276.802674669306725264,40719.979682180048257578,10381.776600785520713544,3571.187104629602345085
2273732.169993329793214798,40335.141931801568716764,11692.885264136268233415,3874.443246961917793669
2274246.372721348423510790,39847.180797802619053982,13157.833120371977202012,4211.732118580881433445
2274796.937732092570513487,39262.675384671900246758,14705.831001902501157019,4566.300688412442468689
2275359.802692688070237637,38599.751106032301322557,16263.909336162509134738,4921.183195130401145434
2275910.367703432217240334,37888.444987271141144447,17761.472309450775355799,5260.300039226400258485
2276424.570431450847536325,37168.985025949805276468,19134.341670525460358476,5569.378853019110465539
2276879.937750111334025860,36488.216052195806696545,20327.743957327169482596,5836.573331147624230653
2277256.567922492977231741,35894.748353172617498785,21297.930149827305285726,6052.720850973287269881
2277538.000402790959924459,35433.599837875262892339,22012.450913943677733187,6211.265030476879474008
2277711.935241153463721275,35141.125379602126486134,22449.435877653006173205,6307.947775059940795472
2277770.770650511607527733,35040.911576639125996735,22596.437574562700319802,6340.423027351138443919
2277829.606059869751334190,34940.053214236853818875,22743.023621693650056841,6372.781642177683352202
2278003.540898232255131006,34638.134722325863549486,23173.918517830334167229,6467.755423890987913182
2278284.973378530237823725,34137.847725919258664362,23863.200489102804567665,6619.217225639266871440
2278661.603550911881029606,33445.891598059664829634,24769.875543851714610355,6817.542583761151945509
2279116.970869572367519140,32575.661759482165507507,25841.102267477399436757,7050.452800926573218021
2279631.173597590997815132,31549.898333119406743208,27016.448933088908233913,7304.103849386268848320
2280181.738608335144817829,30402.499823026355443290,28232.793338732557458570,7564.306659717431102763
2280744.603568930644541979,29178.863356292626122013,29429.290340428822673857,7817.724204186768474756
2281295.168579674791544676,27934.430890971510962117,30551.726481872276053764,8052.874034254825346579
2281809.371307693421840668,26731.513609659559733700,31555.625671631758450530,8260.786088375090912450
2282264.738626353908330202,25634.823391789119341411,32407.686324614522163756,8435.226891908323523239
2282641.368798735551536083,24706.364707805951184127,33085.476226911727280822,8572.489982887313090032
2282922.801279033534228802,24000.388225913040514570,33575.693369413216714747,8670.845034001415115199
2283096.736117396038025618,23559.000640026279143058,33871.610902922700915951,8729.809402183520433027
2283155.571526754181832075,23408.835448540216020774,33970.478062082802352961,8749.437519442522898316
2283214.406936111859977245,23258.239612313696852652,34068.720277390129922424,8768.904664183608474559
2283388.341774474363774061,22810.542254155156115303,34355.481183158583007753,8825.510475818531631376
2283669.774254772346466780,22078.416473260338534601,34807.750925250446016435,8914.091067394580022665
2284046.404427153989672661,21084.155488925720419502,35390.049626816937234253,9026.757616871069330955
2284501.771745814476162195,19860.882403726282063872,36058.415069206981570460,9153.882373055424977792
2285015.974473833106458187,18453.317575588738691295,36765.331986999888613354,9285.298020612182881450
2285566.539484577253460884,16917.523737978306598961,37464.946133624842332210,9411.537813253700733185
2286129.404445172753185034,15319.266467314713736414,38117.792804820383025799,9524.922561638968545594
2286679.969455916900187731,13730.962062964477809146,38694.289935363354743458,9620.314391083555165096
2287194.172183935530483723,12227.529465711460943567,39176.433297488772950601,9695.411218444327460020
2287649.539502596016973257,10881.706516114669284434,39557.464604298205813393,9750.542118116798519623
2288026.169674977660179138,9759.461783004160679411,39839.687297802905959543,9788.022256916825426742
2288307.602155275642871857,8916.027193165977223543,40030.976606333380914293,9811.212161897507030517
2288481.536993638146668673,8392.856382336623937590,40140.777896900413907133,9823.479369747410601121
2288540.372402996290475130,8215.578283565731908311,40176.459147123692673631,9827.271381570753874257
2288599.207812354434281588,8038.149007441646972438,40211.401098100941453595,9830.882545348011262831
2288773.142650716938078403,7512.763158506028048578,40310.370234981979592703,9840.499982043074851390
2289054.575131014920771122,6660.148895461618849367,40456.768340623500989750,9852.708561016735984595
2289431.205303396563977003,5514.804413247581578617,40626.026413302970468067,9862.555196052124301787
2289886.572622057050466537,4124.545044062700981158,40789.749236944291624241,9864.527915003360249102
2290400.775350075680762529,2549.272313138973004243,40920.567686911424971186,9853.683378143163281493
2290951.340360819827765226,858.688723530232437042,40996.874415787868201733,9826.718311063123110216
2291514.205321415327489376,-871.072878433830283029,41006.594324614867218770,9782.781075040902578621
2292064.770332159474492073,-2561.636205947427242791,40949.284601550541992765,9723.861917917651226162
2292578.973060178104788065,-4136.871602911180161755,40836.160989782423712313,9654.679168758175364928
2293034.340378838591277599,-5527.082604190307392855,40688.046457770054985303,9582.076687346590915695
2293410.970551220234483480,-6672.375803493089733820,40531.639184423751430586,9514.041217441126718768
2293692.403031518217176199,-7524.944825314320041798,40394.801839525360264815,9458.514725013568750001
2293866.337869880720973015,-8050.299659532428449893,40301.721402115406817757,9422.203983951099871774
2293925.173279238864779472,-8227.717905479901673971,40268.767638784265727736,9409.578059011975710746
2293984.008688596542924643,-8404.984698215912430896,40235.072620818704308476,9396.778912687997944886
2294157.943526959046721458,-8928.120451599490479566,40131.131379884966008831,9357.930145789161542780
2294439.376007257029414177,-9771.493028249833514565,39949.284107082305126823,9291.885430139367599622
2294816.006179638672620058,-10893.644145944119372871,39679.613503607171878684,9197.381824776486610062
2295271.373498299159109592,-12239.336780481295136269,39313.616072242504742462,9073.863015311040726374
2295785.576226317789405584,-13742.598131870649012853,38848.239459201555291656,8922.363467147510164068
2296336.141237061936408281,-15330.688577804976375774,38289.419217004076926969,8746.248096216975682182
2296899.006197657436132431,-16928.691548414775752462,37654.317122488202585373,8551.624804741162733990
2297449.571208401583135128,-18464.198781730297923787,36971.707831852116214577,8347.311635558464331552
2297963.773936420213431120,-19871.459252329805167392,36280.331211027572862804,8144.331758801534306258
2298419.141255080699920654,-21094.430953716106159845,35625.432723195794096682,7955.004476572609746654
2298795.771427462343126535,-22088.418579525721725076,35054.050766948203090578,7791.774385914610320469
2299077.203907760325819254,-22820.325118023803952383,34609.801659473414474633,7665.957481581355750677
2299251.138746122829616070,-23267.880329894469468854,34327.937479028143570758,7586.579882729147357168
2299309.974155480973422527,-23418.426908193472627318,34231.341019817824417260,7559.452502675523646758
2299368.809564839117228985,-23568.542240084487275453,34134.114196201880986337,7532.185906223495294398
2299542.744403201621025801,-24009.778863746072602225,33843.013967367456643842,7450.768519960201047070
2299824.176883499603718519,-24715.499560368807578925,33360.488337497932661790,7316.498220694442352396
2300200.807055881246924400,-25643.592876373724720906,32692.787099093326105503,7131.995956746952288086
2300656.174374541733413935,-26739.804501237882504938,31852.600931143122579670,6901.747787309249360987
2301170.377102560363709927,-27942.130339293751603691,30861.668865879040822620,6632.610957533039254486
2301720.942113304510712624,-29185.866211612410552334,29752.577050891719409265,6334.109004768562044774
2302283.807073900010436773,-30408.719059071976516861,28569.123164201806503115,6018.382191574645730725
2302834.372084644157439470,-31555.277503762150445255,27364.929663903341861442,5699.736281136927573243
2303348.574812662787735462,-32580.187551699069445021,26200.371971675558597781,5393.822965623829077231
2303803.942131323274224997,-33449.603960338637989480,25138.236597339731815737,5116.562688659705600003
2304180.572303704917430878,-34140.845037166895053815,24238.745154284846648807,4882.963884699037407700
2304462.004784002900123596,-34640.572125783641240560,23554.629377606335765449,4705.993887054750302923
2304635.939622365403920412,-34942.133444050028629135,23126.840136920061922865,4595.623813862576753309
2304694.775031723547726870,-35042.869044621511420701,22981.289429492917406606,4558.121530981559772044
2304753.610441081691533327,-35142.959097771927190479,22835.315368828902137466,4520.535273744411824737
2304927.545279444195330143,-35435.061906942093628459,22401.323190987557609333,4408.934815148676534591
2305208.977759742178022861,-35895.590531895337335300,21691.500878593309607822,4226.865790631558411405
2305585.607932123821228743,-36488.192292227213329170,20727.321389630313205998,3980.435775293765345850
2306040.975250784307718277,-37167.857788731314940378,19540.746949814365507336,3678.492374737212685432
2306555.177978802938014269,-37885.996042521968774963,18175.008524987028067699,3332.673874001257900090
2307105.742989547085016966,-38595.796588772995164618,16684.391379845914343605,2957.214513014313070016
2307668.607950142584741116,-39257.083747317585221026,15132.668779318310043891,2568.440048368819134339
2308219.172960886731743813,-39839.891193054463656154,13590.151931890623018262,2183.966624091452558787
2308733.375688905362039804,-40326.179850235617777798,12129.661223982846422587,1821.691343241489903448
2309188.743007565848529339,-40709.466636608682165388,10821.963321133727731649,1498.710998827964431257
2309565.373179947491735220,-40992.547834165467065759,9731.290272093328894698,1230.311398654526328755
2309846.805660245474427938,-41183.882876093382947147,8911.455632380288079730,1029.135312958811255157
2310020.740498607978224754,-41293.457571219296369236,8402.869324784560376429,904.579285209440286053
2310079.575907966122031212,-41329.018108024385583121,8230.523916085250675678,862.412834805736565613
2310138.411317323800176382,-41363.817072286910843104,8058.026842981749723549,820.230491482683987670
2310312.346155686303973198,-41462.233267940915538929,7547.218361077458212094,695.441602035290998174
2310593.778635984286665916,-41607.324662465383880772,6718.174474919987005705,493.300480082979731833
2310970.408808365929871798,-41774.038046429297537543,5604.327265553252800601,222.472467734307713272
2311425.776127026416361332,-41933.470119759884255473,4252.049827989079858526,-105.179324896250875554
2311939.978855045046657324,-42057.851744982508535031,2719.487690586001008342,-475.006832735487819264
2312490.543865789193660021,-42125.405391542066354305,1074.362526310685325370,-870.232233563581758062
2313053.408826384693384171,-42124.202374441010761075,-609.287297252573807782,-1272.830640216736810544
2313603.973837128840386868,-42054.295977982510521542,-2255.171228927524225583,-1664.559191105594209148
2314118.176565147470682859,-41927.718862749999971129,-3789.118470919019273424,-2028.002513156460736354
2314573.543883807957172394,-41766.344964364136103541,-5143.166205782870747498,-2347.493189492344754399
2314950.174056189600378275,-41598.027863255592819769,-6258.861833815361023881,-2609.798133745548966544
2315231.606536487583070993,-41451.739800454648502637,-7089.512998430471270694,-2804.526582232689634111
2315405.541374850086867809,-41352.584844661287206691,-7601.411138509110060113,-2924.289236190642895963
2315464.376784208230674267,-41317.536139234296570066,-7774.293408594778156839,-2964.694638295231470693
2315523.212193566374480724,-41281.725941571865405422,-7947.032396562367466686,-3005.045396292794521287
2315697.147031928878277540,-41171.413663140563585330,-8456.831178497186556342,-3124.007409182721403340
2315978.579512226860970259,-40978.886833715107059106,-9278.782069265238533262,-3315.417797969569619454
2316355.209684608504176140,-40694.214227277741883881,-10372.584256966179964365,-3569.373152657939954224
2316810.577003268990665674,-40309.009398652982781641,-11684.515906297205219744,-3872.801859922224593902
2317324.779731287620961666,-39820.563995212462032214,-13150.373695433065222460,-4210.277686579708642967
2317875.344742031767964363,-39235.459586527205829043,-14699.317045275827695150,-4565.035765822432040295
2318438.209702627267688513,-38571.839204142313974444,-16258.324410620147318696,-4920.099092027563528973
2318988.774713371414691210,-37859.773160385957453400,-17756.752791737118968740,-5259.378701707037180313
2319502.977441390044987202,-37139.535846667095029261,-19130.386151374255859992,-5568.595719304088561330
2319958.344760050531476736,-36458.026501862586883362,-20324.425307613473705715,-5835.900582933757505089
2320334.974932432174682617,-35863.911358141478558537,-21295.107639267764170654,-6052.130367316856791149
2320616.407412730157375336,-35402.259255327306163963,-22009.979910110410855850,-6210.730441347124724416
2320790.342251092661172152,-35109.465418714469706174,-22447.173544126100750873,-6307.445273605714646692
2320849.177660450804978609,-35009.142209739991812967,-22594.244307442215358606,-6339.930947654840565519
2320908.013069808483123779,-34908.173757792486867402,-22740.898643034146516584,-6372.299763651621105964
2321081.947908170986920595,-34605.925873265514383093,-23171.990811785941332346,-6467.302401196942810202
2321363.380388468969613314,-34105.093803949326684233,-23861.577068548209354049,-6618.806707602552705794
2321740.010560850612819195,-33412.385953505960060284,-24768.629532161481620278,-6817.180662364799900388
2322195.377879511099308729,-32541.215614130509493407,-25840.265118419545615325,-7050.136605055718973745
2322709.580607529729604721,-31514.352586685050482629,-27016.008255547207227210,-7303.821617387430706003
2323260.145618273876607418,-30365.738136141040740767,-28232.697143512130423915,-7564.039416401748894714
2323823.010578869376331568,-29140.824033913322637090,-29429.457415456421585986,-7817.448865556148120959
2324373.575589613523334265,-27895.115055735259375069,-30552.061265168489626376,-8052.567435923500852368
2324887.778317632153630257,-26690.987927763260813663,-31556.034854713052482111,-8260.429186378405574942
2325343.145636292640119791,-25593.216920633858535439,-32408.093904812016262440,-8434.808309511992774787
2325719.775808674283325672,-24663.860772891097440151,-33085.834042708789638709,-8572.008206278487705276
2326001.208288972266018391,-23957.213103184280043934,-33575.985193331871414557,-8670.308849935247053509
2326175.143127334769815207,-23515.410949413362686755,-33871.849587305354361888,-8729.236528199691747432
2326233.978536692913621664,-23365.105621481405250961,-33970.696633145766099915,-8748.851706213848956395
2326292.813946051057428122,-23214.369712367835745681,-34068.917653883407183457,-8768.305645022635872010
2326466.748784413561224937,-22766.258717677446838934,-34355.609578766605409328,-8824.870859507685963763
2326748.181264711543917656,-22033.465610240211390192,-34807.747699368126632180,-8913.380856118021256407
2327124.811437093187123537,-21038.316889450772578130,-35389.831635103328153491,-9025.943513039970639511
2327580.178755753673613071,-19813.981770609458180843,-36057.878665367607027292,-9152.928443069828063017
2328094.381483772303909063,-18405.237538838318869239,-36764.359469032817287371,-9284.167851737922319444
2328644.946494516450911760,-16868.210788065061933594,-37463.418062918608484324,-9410.197948413015183178
2329207.811455111950635910,-15268.732384784923851839,-38115.604226142881088890,-9523.346660940051151556
2329758.376465856097638607,-13679.279180529367295094,-38691.367488825220789295,-9618.487348091026433394
2330272.579193874727934599,-12174.820502098928045598,-39172.749894846710958518,-9693.332430834880142356
2330727.946512535214424133,-10828.131059150977307581,-39553.048864156437048223,-9748.227288988800864900
2331104.576684916857630014,-9705.202254936530152918,-39834.626102815251215361,-9785.503419333696001559
2331386.009165214840322733,-8861.277015526664399658,-40025.410535811250156257,-9808.535961260022304486
2331559.944003577344119549,-8337.812125087009917479,-40134.890457868277735543,-9820.703899226100475062
2331618.779412935487926006,-8160.436174248778115725,-40170.461421636777231470,-9824.461993527869708487
2331677.614822293166071177,-7982.909878137519626762,-40205.292297639978642110,-9828.039071616758519667
2331851.549660655669867992,-7457.242140432707856235,-40303.928513493294303771,-9837.554774634210843942
2332132.982140953652560711,-6604.187735584226174979,-40449.773882987021352164,-9849.595783402895904146
2332509.612313335295766592,-5458.286179363358314731,-40618.266177732737560291,-9859.212749128093491890
2332964.979631995782256126,-4067.404212495011051942,-40781.025657968079030979,-9860.900161772942738025
2333479.182360014412552118,-2491.498576494356711919,-40910.710956874063413125,-9849.724507972581704962
2334029.747370758559554815,-800.323547336910451122,-40985.756631951386225410,-9822.395879556230283924
2334592.612331354059278965,929.946722007105336161,-40994.142887869660626166,-9778.079073932323808549
2335143.177342098206281662,2620.910439165654224780,-40935.492120248985884245,-9718.782746227772804559
2335657.380070116836577654,4196.430626804592975532,-40821.089654867369972635,-9649.244095881982502760
2336112.747388777323067188,5586.820507988380995812,-40671.826155820315761957,-9576.324742498345585773
2336489.377561158966273069,6732.208927661401503428,-40514.460006356843223330,-9508.026777638688145089
2336770.810041456948965788,7584.817690498904084961,-40376.902613825644948520,-9452.304282204882838414
2336944.744879819452762604,8110.183596368768121465,-40283.376141456712502986,-9415.872589870185038308
2337003.580289177596569061,8287.603250655618467135,-40250.271378055083914660,-9403.205797084285222809
2337062.415698535740375519,8464.870269524828472640,-40216.425312628118263092,-9390.365809597198676784
2337236.350536898244172335,8987.999774029507534578,-40112.037342451549193356,-9351.396482384829141665
2337517.783017196226865053,9831.340332574112835573,-39929.467146327493537683,-9285.157383766676503001
2337894.413189577870070934,10953.406249090874553076,-39658.830441735808562953,-9190.395358740746814874
2338349.780508238356560469,12298.931307876126084011,-39291.670190623139205854,-9066.567511303941500955
2338863.983236256986856461,13801.919053820494809770,-38824.992455954263277818,-8914.724711731641946244
2339414.548247001133859158,15389.618558441035929718,-38264.799738144334696699,-8738.250146918549944530
2339977.413207596633583307,16987.119071019602415618,-37628.324048224269063212,-8543.270342457160950289
2340527.978218340780586004,18522.036842763980530435,-36944.407371702400268987,-8338.620665872011159081
2341042.180946359410881996,19928.661995829250372481,-36251.848231600939470809,-8135.338881469000625657
2341497.548265019897371531,21151.005098289566376479,-35595.938101306564931292,-7945.755271507047837076
2341874.178437401540577412,22144.427688595165818697,-35023.747403737157583237,-7782.321640423808275955
2342155.610917699523270130,22875.886246653397392947,-34578.911797846281842794,-7656.357942462937899109
2342329.545756062027066946,23323.153881410602480173,-34296.693162757575919386,-7576.891977527106973866
2342388.381165420170873404,23473.601366001876158407,-34199.978233821027970407,-7549.735123695990296255
2342447.216574777849018574,23623.616695467466342961,-34102.633674360469740350,-7522.439266940570632869
2342621.151413140352815390,24064.552428391372814076,-33811.189742959788418375,-7440.936642209944693604
2342902.583893438335508108,24769.769985844573966460,-33328.122160320701368619,-7306.532507241371604323
2343279.214065819978713989,25697.159580760333483340,-32659.724177999967650976,-7121.859283833869085356
2343734.581384480465203524,26792.476287362227594713,-31818.741422412553220056,-6891.417355673381280212
2344248.784112499095499516,27993.737549870646034833,-30826.973425250027503353,-6622.079477666487036913
2344799.349123243242502213,29236.275593365960958181,-29717.065337392999936128,-6323.383981403286270506
2345362.214083838742226362,30457.848562884144484997,-28532.865284059062105371,-6007.483381532110797707
2345912.779094582889229059,31603.108000054398871725,-27328.031953132918715710,-5688.691762646142706217
2346426.981822601519525051,32626.769092409329459770,-26162.959794915837846929,-5382.664563185530823830
2346882.349141262006014585,33495.055526346142869443,-25100.437523947908630362,-5105.321636381952885131
2347258.979313643649220467,34185.348170560107973870,-24200.675701297783234622,-4871.667530943875135563
2347540.411793941631913185,34684.359929269099666271,-23516.387545595262054121,-4694.663972979518803186
2347714.346632304135710001,34985.476817262337135617,-23088.504537359123787610,-4584.276487541084861732
2347773.182041662279516459,35086.061734858536510728,-22942.924327178385283332,-4546.768890989300416550
2347832.017451020423322916,35186.000943831313634291,-22796.921885392403055448,-4509.177611461738706566
2348005.952289382927119732,35477.656960880005499348,-22362.852373007535788929,-4397.564009648073806602
2348287.384769680909812450,35937.460469335375819355,-21652.925763177543558413,-4215.479111694064158655
2348664.014942062553018332,36529.089180760020099115,-20688.647066215569793712,-3969.038266257869508991
2349119.382260723039507866,37207.577391881990479305,-19502.014408432951313443,-3667.097619743455197749
2349633.584988741669803858,37924.390323064224503469,-18136.291220843722840073,-3321.302904538666098233
2350184.149999485816806555,38632.783393292484106496,-16645.784826180686650332,-2945.892977659997995943
2350747.014960081316530704,39292.651653055145288818,-15094.274964033626019955,-2557.194147100311056420
2351297.579970825463533401,39874.098290249901765492,-13552.061535625514807180,-2172.818591126184855966
2351811.782698844093829393,40359.146582892513833940,-12091.937111781351632089,-1810.655359202257386642
2352267.150017504580318928,40741.364232141684624366,-10784.628414612036067410,-1487.790292635285823053
2352643.780189886223524809,41023.584778718548477627,-9694.321830229599072482,-1219.497009867478936940
2352925.212670184206217527,41214.292004541355709080,-8874.786572807988704881,-1018.406631424203851566
2353099.147508546710014343,41323.485642630308575463,-8366.395948591318301624,-893.906176962661561447
2353157.982917904853820801,41358.918528312453418039,-8194.118544124290565378,-851.758966653751144804
2353216.818327262531965971,41393.590483362917439081,-8021.690382431926082063,-809.596084328699475918
2353390.753165625035762787,41491.635026496420323383,-7511.090875019217492081,-684.866004653062532270
2353672.185645923018455505,41636.137565443495986983,-6682.401436945588102390,-482.823999328388026697
2354048.815818304661661386,41802.088237939940881915,-5569.059146498248082935,-212.136023346032629888
2354504.183136965148150921,41960.639172107934427913,-4217.436799197030268260,115.335725386151978000
2355018.385864983778446913,42084.083238394930958748,-2685.669529506987601053,484.946750926779429847
2355568.950875727925449610,42150.704773759709496517,-1041.455252169358118408,879.926184357319584706
2356131.815836323425173759,42148.629892544260655995,641.205464513584047381,1282.259547083998768358
2356682.380847067572176456,42077.953840695350663736,2286.071665739747004409,1673.717195709100906242
2357196.583575086202472448,41950.735076939396094531,3819.029312642212971696,2036.898574138121830401
2357651.950893746688961983,41788.857023362797917798,5172.173663836000741867,2356.151208843036783946
2358028.581066128332167864,41620.169371260679326952,6287.105825867704879784,2618.255686887385309092
2358310.013546426314860582,41473.632240492086566519,7117.178309046687900263,2812.832578177602044889
2358483.948384788818657398,41374.335350089757412206,7628.715764421946914808,2932.500926134416204150
2358542.783794146962463856,41339.240717194377793930,7801.475552960687309678,2972.874330057220049639
2358601.619203505106270313,41303.385647589384461753,7974.091833097464586899,3013.193043795656194561
2358775.554041867610067129,41192.946898948750458658,8483.526614915548634599,3132.060075553135447990
2359056.986522165592759848,41000.235068398083967622,9304.885085928979606251,3323.316109032108215615
2359433.616694547235965729,40715.352975593792507425,10397.889247798517317278,3577.063954930971704016
2359888.984013207722455263,40329.953210790386947338,11708.851077055978748831,3880.241067256733913382
2360403.186741226352751255,39841.364354065801308025,13173.611990337731185718,4217.433022951378006837
2360953.751751970499753952,39256.195911381510086358,14721.385143506196982344,4571.888948219182566390
2361516.616712565999478102,38592.604588013797183521,16279.207836293220680091,4926.646990884571096103
2362067.181723310146480799,37880.657632316899253055,17776.495837933282018639,5265.633190846754587255
2362581.384451328776776791,37160.610465125158953015,19149.086527298921282636,5574.582227058195712743
2363036.751769989263266325,36479.331270752438285854,20342.224720520061964635,5841.655667205089230265
2363413.381942370906472206,35885.448944964431575499,21312.180415294518752489,6057.698840309338265797
2363694.814422668889164925,35423.995163077779579908,22026.521921113591815811,6216.162593967879729462
2363868.749261031392961740,35131.334052584010350984,22463.393131122185877757,6312.794599749200642691
2363927.584670389536768198,35031.057467172366159502,22610.355840772186638787,6345.252512284294425626
2363986.420079747214913368,34930.136503570567583665,22756.902644614630844444,6377.593698509660498530
2364160.354918109718710184,34628.034015074874332640,23187.680035753655829467,6472.515439673989021685
2364441.787398407701402903,34127.452757712650054600,23876.767202397069922881,6623.891420804768131347
2364818.417570789344608784,33435.109697778527333867,24783.172638478008593665,6822.098856748798425542
2365273.784889449831098318,32564.422914541184582049,25854.060012044552422594,7054.861921001273003640
2365787.987617468461394310,31538.158414292862289585,27029.006337835060548969,7308.340971559186073137
2366338.552628212608397007,30390.241695994554902427,28244.902549415390240029,7568.353027512676817423
2366901.417588808108121157,29166.095856795665895334,29440.921185881510609761,7821.568820214849438344
2367451.982599552255123854,27921.185934231049031951,30562.870464775925938739,8056.515042253524370608
2367966.185327570885419846,26717.841977765008778078,31566.298718034548073774,8264.231631694156021695
2368421.552646231371909380,25620.789921323983435286,32417.929775313634308986,8438.495284115901085897
2368798.182818613015115261,24692.043629054409393575,33095.355811351022566669,8575.609124468601294211
2369079.615298910997807980,23985.859269708573265234,33585.296180740107956808,8673.851108181908784900
2369253.550137273501604795,23544.346260268172045471,33881.040629950075526722,8732.744960953088593669
2369312.385546631645411253,23394.139175066073221387,33979.848896737188624684,8752.349118150168578723
2369371.220955989789217710,23243.501715443679131567,34078.032047220236563589,8771.792249246347637381
2369545.155794352293014526,22795.682894458645023406,34364.617341935270815156,8828.326760374524383224
2369826.588274650275707245,22063.365650376406847499,34816.599839404458180070,8916.791030913454960682
2370203.218447031918913126,21068.858362785245844861,35398.508324118520249613,9029.300142289004725171
2370658.585765692405402660,19845.302897038767696358,36066.393480568032828160,9156.231997248418338131
2371172.788493711035698652,18437.439854668664338533,36772.757510517280024942,9287.426716803149247426
2371723.353504455182701349,16901.351453601328103105,37471.768118544350727461,9413.426648732396643027
2372286.218465050682425499,15302.819969799842510838,38123.986407014264841564,9526.563033150379851577
2372836.783475794829428196,13714.274128072096573305,38699.858781890034151729,9621.709248566101450706
2373350.986203813459724188,12210.640308435013139388,39181.410520497767720371,9696.574644197249654098
2373806.353522473946213722,10864.658965743738008314,39561.912024740493507124,9751.499215533855021931
2374182.983694855589419603,9742.297415238710527774,39843.692789228894980624,9788.807893801638783771
2374464.416175153572112322,8898.783978075434788479,40034.649878557662304956,9811.869282323064908269
2374638.351013516075909138,8375.568064469733144506,40144.245062867114029359,9824.056920521557913162
2374697.186422874219715595,8198.275338073555758456,40179.856467245459498372,9827.821995298003457719
2374756.021832231897860765,8020.831752698407399294,40214.728509745014889631,9831.406211866860758164
2374929.956670594401657581,7495.405465759683465876,40313.490622682518733200,9840.943930025490772096
2375211.389150892384350300,6642.731687399942529737,40459.552706002803461161,9853.023375524104267242
2375588.019323274027556181,5497.319035044443808147,40628.359279496282397304,9862.696997375109276618
2376043.386641934514045715,4106.994854864626177005,40791.533890704442455899,9864.460401222750078887
2376557.589369953144341707,2531.672196860668918816,40921.730954110360471532,9853.379604027108143782
2377108.154380697291344404,841.062573222831133535,40997.370553714674315415,9826.162048590284030070
2377671.019341292791068554,-888.696283520300539749,41006.407598768317257054,9781.967610327699730988
2378221.584352036938071251,-2579.228209414200136962,40948.430218014014826622,9722.798191049720117007
2378735.787080055568367243,-4154.408673799225653056,40834.684255161482724361,9653.383245974955571000
2379191.154398716054856777,-5544.550441227998817340,40686.020278124022297561,9580.576645239545541699
2379567.784571097698062658,-6689.771821711969096214,40529.160218800636357628,9512.373588482227205532
2379849.217051395680755377,-7542.278608531851205043,40391.985732822591671720,9456.722682059906219365
2380023.151889758184552193,-8067.591327149963944976,40298.697513089478889015,9420.335422601569007384
2380081.987299116328358650,-8244.994696983338144491,40265.673573208245215937,9407.683681819926277967
2380140.822708474472165108,-8422.246295550934519270,40231.908435500161431264,9394.858754492724983720
2380314.757546836975961924,-8945.335273207650971017,40127.760244587509077974,9355.933979662169804214
2380596.190027134958654642,-9788.626302107290030108,39945.579280157631728798,9289.766965512795650284
2380972.820199516601860523,-10910.657002229803765658,39675.464570980111602694,9195.101096761492954101
2381428.187518177088350058,-12256.186914249024994206,39308.934392883973487187,9071.388408696106125717
2381942.390246195718646049,-13759.242189178376065684,38842.962425535733927973,8919.673221044475212693
2382492.955256939865648746,-15347.086046517953946022,38283.512962663080543280,8743.331160075347725069
2383055.820217535365372896,-16944.809593115329334978,37647.777427029701357242,8548.480975054319060291
2383606.385228279512375593,-18480.017226381518412381,36964.559177288130740635,8343.950989884959199117
2384120.587956298142671585,-19886.974838244193961145,36272.624193672694673296,8140.773500642438193609
2384575.955274958629161119,-21109.660098129857942695,35617.240246675151865929,7951.275384296404808993
2384952.585447340272367001,-22103.398101562161173206,35045.463569631734571885,7787.907096735077175254
2385234.017927638255059719,-22835.110721452008874621,34600.923721600411226973,7661.988824947494322259
2385407.952766000758856535,-23282.542963972402503714,34318.881714612616633531,7582.549410645936404762
2385466.788175358902662992,-23433.047411227351403795,34222.225431770857539959,7555.401267099923643400
2385525.623584716580808163,-23583.120342750222334871,34124.938952256605261937,7528.113981735460583877
2385699.558423079084604979,-24024.230050964182737516,33833.663354480915586464,7446.635872759235098783
2385980.990903377067297697,-24729.740475353930378333,33350.857168983391602524,7312.268734617719928792
2386357.621075758710503578,-25657.543016628216719255,32682.786839250249613542,7127.639669526693978696
2386812.988394419196993113,-26753.389035990407137433,31842.164515279029728845,6897.242587856115278555
2387327.191122437827289104,-27955.284030628659820650,30850.753796393189986702,6627.943586986187256116
2387877.756133181974291801,-29198.538089049267000519,29741.166506860430672532,6329.275277173541326192
2388440.621093777474015951,-30420.877230691381555516,28557.225094345743855229,6013.386448903133896238
2388991.186104521621018648,-31566.913353484000253957,27352.574108786247961689,5694.590206989043508656
2389505.388832540251314640,-32591.318603271764004603,26187.607119606076594209,5388.543978094109661470
2389960.756151200737804174,-33460.274868699067155831,25125.124249756274366518,5111.172189784846523253
2390337.386323582381010056,-34151.126441552834876347,24225.356307535934320185,4877.485644068905457971
2390618.818803880363702774,-34650.557392315458855592,23541.040503964071831433,4700.452778023245627992
2390792.753642242867499590,-34951.933573678637912963,23113.130497407517395914,4590.045016016078079701
2390851.589051601011306047,-35052.606190773862181231,22967.539438037812942639,4552.530187448617652990
2390910.424460959155112505,-35152.633080957508354913,22821.525278652596171014,4514.931487519354050164
2391084.359299321658909321,-35444.548123344284249470,22387.416045120029593818,4403.294849173253169283
2391365.791779619641602039,-35904.769711559150891844,21677.409081756864907220,4221.169210201547684846
2391742.421952001284807920,-36496.954541930688719731,20712.991785724923829548,3974.667190586598280788
2392197.789270661771297455,-37176.107136485654336866,19526.144281782944744918,3672.642552618283843913
2392711.991998680401593447,-37893.655297228491690475,18160.116893832077039406,3326.740082586386051844
2393262.557009424548596144,-38602.812086525809718296,16669.213585444558702875,2951.200072874216402852
2393825.421970020048320293,-39263.429405041380960029,15117.223738093489373568,2562.353188346910428663
2394375.986980764195322990,-39845.571279479554505087,13574.470671109515024000,2177.818854969172662095
2394890.189708782825618982,-40331.230017665700870566,12113.782181577604205813,1815.495643175680015702
2395345.557027443312108517,-40713.952992052523768507,10805.927773979587072972,1492.480129982224752894
2395722.187199824955314398,-40996.564092660199094098,9715.138645600789459422,1224.056636877376377015
2396003.619680122938007116,-41187.545858301637053955,8895.225222876564657781,1022.865779687460644709
2396177.554518485441803932,-41296.901433884544530883,8386.593643886866630055,898.301944010199690638
2396236.389927843585610390,-41332.387723561354505364,8214.233514502817342873,856.133081256580908303
2396295.225337201263755560,-41367.112378508340043481,8041.722020879975389107,813.948441307681036960
2396469.160175563767552376,-41465.308543456907500513,7530.872665580849570688,689.153439512076943174
2396750.592655861750245094,-41610.042885611605015583,6701.768222832814899448,487.004572976539066076
2397127.222828243393450975,-41776.276670498409657739,5587.850799199977700482,216.170350256606752737
2397582.590146903879940510,-41935.126652897059102543,4235.505086676228529541,-111.482595540924307898
2398096.792874922510236502,-42058.848807825372205116,2702.887809072159143398,-481.303041158366966101
2398647.357885666657239199,-42125.694811124369152822,1057.729506247435210753,-876.511056388425799923
2399210.222846262156963348,-42123.767861094158433843,-625.926452141271283836,-1279.081215288410930953
2399760.787857006303966045,-42053.154045857882010750,-2271.789236203781911172,-1670.771936024863862258
2400274.990585024934262037,-41925.917870270939602051,-3805.692509035040984600,-2034.170870560335060873
2400730.357903685420751572,-41763.962405185768147931,-5159.681825357343768701,-2353.614986378302091907
2401106.988076067063957453,-41595.166252713912399486,-6275.315356733942280698,-2615.876311748227180942
2401388.420556365046650171,-41448.521614092183881439,-7105.912005903107456106,-2810.569167846535037825
2401562.355394727550446987,-41349.146950823669612873,-7617.772994334904979041,-2930.308549346608288033
2401621.190804085694253445,-41314.024050373423960991,-7790.642100626021601784,-2970.705859620292812906
2401680.026213443838059902,-41278.139722378058650065,-7963.367623481463851931,-3011.048414987684736843
2401853.961051806341856718,-41167.608684308994270395,-8473.124838888503290946,-3129.985531997865564335
2402135.393532104324549437,-40974.729207141885126475,-9295.002917829713624087,-3321.353600525752426620
2402512.023704485967755318,-40689.587433991640864406,-10388.696967769583352492,-3575.248406283266831451
2402967.391023146454244852,-40303.820053622483101208,-11700.481630201196821872,-3878.597985028979564959
2403481.593751165084540844,-39814.746331475253100507,-13166.152261563091087737,-4215.976771415442271973
2404032.158761909231543541,-39228.978271630505332723,-14714.870604113904846599,-4570.622057993969065137
2404595.023722504731267691,-38564.690231029882852454,-16273.621991747068022960,-4925.560753362181458215
2405145.588733248878270388,-37851.982776013319380581,-17771.775023914899065858,-5264.709541451175937254
2405659.791461267508566380,-37131.157746612363553140,-19145.129317858943977626,-5573.796603661829067278
2406115.158779927995055914,-36449.137753736424201634,-20338.903999492315051612,-5840.980262718193444016
2406491.788952309638261795,-35854.607648321456508711,-21309.355496485532057704,-6057.105556523198174546
2406773.221432607620954514,-35392.650040378975972999,-22024.048244914381939452,-6215.625093839237706561
2406947.156270970124751329,-35099.669409363457816653,-22461.127956898042612011,-6312.289117403651289351
2407005.991680328268557787,-34999.283370775687217247,-22608.159675153121497715,-6344.757427825481499895
2407064.827089685946702957,-34898.252270939941809047,-22754.774709226821869379,-6377.108791236526485591
2407238.761928048450499773,-34595.820254630933050066,-23185.749198356530541787,-6472.059316675818990916
2407520.194408346433192492,-34094.693714757726411335,-23875.140360302695626160,-6623.477684699062592699
2407896.824580728076398373,-33401.598670066596241668,-24781.922802777975448407,-6821.733556095067797287
2408352.191899388562887907,-32529.971098283975152299,-25853.218532163391500944,-7054.542146023738496297
2408866.394627407193183899,-31502.606712297500052955,-27028.560732901711162413,-7308.054929112035097205
2409416.959638151340186596,-30353.473798277402238455,-28244.800762738341290969,-7568.081720564122406358
2409979.824598746839910746,-29128.050117722621507710,-29441.081967370071652113,-7821.289154650621640030
2410530.389609490986913443,-27881.863536697659583297,-30563.198249156575911911,-8056.203856521453417372
2411044.592337509617209435,-26677.309648708956956398,-31566.700230415455735056,-8263.869897711587327649
2411499.959656170103698969,-25579.176769860703643644,-32418.329082232907239813,-8438.071653053148111212
2411876.589828551746904850,-24649.533016587432939559,-33095.704851852351566777,-8575.122120545087454957
2412158.022308849729597569,-23942.677489441386569524,-33585.578852983118849806,-8673.309563948885624995
2412331.957147212233394384,-23500.749932189486571588,-33881.269929792775656097,-8732.166645067069111974
2412390.792556570377200842,-23350.402718664936401183,-33980.058004479018563870,-8751.757835446145691094
2412449.627965928521007299,-23199.625194954594917363,-34078.219881613105826546,-8771.187733077485972899
2412623.562804291024804115,-22751.392767391927918652,-34364.735962617771292571,-8827.681565917833722779
2412904.995284589007496834,-22018.408257719231187366,-34816.586462380124430638,-8916.075111114407263813
2413281.625456970650702715,-21023.013339350829483010,-35398.279679663712158799,-9028.480157515392420464
2413736.992775631137192249,-19798.396004418063967023,-36065.845822243092698045,-9155.271981616184348240
2414251.195503649767488241,-18389.353791947887657443,-36771.773067707334121224,-9286.290237046259790077
2414801.760514393914490938,-16852.032783137503429316,-37470.227419821720104665,-9412.080240061572112609
2415364.625474989414215088,-15252.280536820991983404,-38121.784501365080359392,-9524.980360655572440010
2415915.190485733561217785,-13662.586312106635887176,-38696.922348420288471971,-9619.875222110134927789
2416429.393213752191513777,-12157.926847937749698758,-39177.712539321204531007,-9694.488686675924327574
2416884.760532412678003311,-10811.079435147010372020,-39557.481204729978344403,-9749.177061254355066922
2417261.390704794321209192,-9688.034188472731329966,-39838.616117320096236654,-9786.281610162826837040
2417542.823185092303901911,-8844.030396023084904300,-40029.068045561230974272,-9809.185549939231350436
2417716.758023454807698727,-8320.520590528220054694,-40138.341689871544076595,-9821.273867353083915077
2417775.593432812951505184,-8143.130076552028185688,-40173.842750674004491884,-9825.005007753292375128
2417834.428842170629650354,-7965.589536168982704112,-40208.603661533787089866,-9828.555121964698628290
2418008.363680533133447170,-7439.881555410320288502,-40307.032688622188288718,-9837.991058263432933018
2418289.796160831116139889,-6586.767959476854230161,-40452.541777866128541064,-9849.902859129568241769
2418666.426333212759345770,-5440.798683330938729341,-40620.582245828911254648,-9859.346719086606753990
2419121.793651873245835304,-4049.852473247046873439,-40782.793145668249053415,-9860.824715777947858442
2419635.996379891876131296,-2473.897579661990675959,-40911.856681367549754214,-9849.412702875972172478
2420186.561390636023133993,-782.697263183753193516,-40986.234871834334626328,-9821.831498737496076501
2420749.426351231522858143,947.569469784743205309,-40993.937954245688160881,-9777.257421810068990453
2421299.991361975669860840,2638.500988640777450200,-40934.619280323044222314,-9717.710784695729671512
2421814.194089994300156832,4213.965483178276372200,-40819.594281657067767810,-9647.939912755999102956
2422269.561408654786646366,5604.285446767408757296,-40669.781217427058436442,-9574.816432362251362065
2422646.191581036429852247,6749.601476773657850572,-40511.962212273065233603,-9506.350885043146263342
2422927.624061334412544966,7602.147575859748030780,-40374.067644262388057541,-9450.503985263834692887
2423101.558899696916341782,8127.471100519239371351,-40280.333375913862255402,-9413.995783219656004803
2423160.394309055060148239,8304.875788770761573687,-40247.158432660457037855,-9401.303177999947365606
2423219.229718413203954697,8482.127523520242903032,-40213.242244856381148566,-9388.437413156101683853
2423393.164556775707751513,9005.209986267447675345,-40108.647320814132399391,-9349.392090180277591571
2423674.597037073690444231,9848.468566570614711964,-39925.743439138190296944,-9283.030717137306055520
2424051.227209455333650112,10970.413490293860377278,-39654.662660891503037419,-9188.106469385420496110
2424506.594528115820139647,12315.775134429095487576,-39286.969738278436125256,-9064.084805312251774012
2425020.797256134450435638,13818.556029902600130299,-38819.696781968326831702,-8912.026452836324097007
2425571.362266878597438335,15406.008130196585625526,-38258.875040976636228152,-8735.325309835472580744
2426134.227227474097162485,17003.228403382247051923,-37621.766170032584341243,-8540.118746084945087205
2426684.792238218244165182,18537.845800240720564034,-36937.240844303392805159,-8335.252403636657618335
2427198.994966236874461174,19944.167395068438054295,-36244.123678862328233663,-8131.773163069655311119
2427654.362284897360950708,21166.223458858563390095,-35587.728425604691437911,-7942.018869843317588675
2428030.992457279004156590,22159.395950396352418466,-35015.143310859464691021,-7778.447175041443188093
2428312.424937576986849308,22890.660245026145275915,-34570.017205870906764176,-7652.382213912473162054
2428486.359775939490646124,23337.804702341436495772,-34287.620899529196321964,-7572.854499947777185298
2428545.195185297634452581,23488.209986392943392275,-34190.846200517742545344,-7545.676905424313190451
2428604.030594655312597752,23638.182846454878017539,-34093.442039228575595189,-7518.360382722146823653
2428777.965433017816394567,24078.991462564521498280,-33801.822901705992990173,-7436.797104129122999439
2429059.397913315799087286,24783.998430825853574788,-33318.475036093608650845,-7302.296244638874668453
2429436.028085697442293167,25711.096844667881669011,-32649.708344496360950870,-7117.496378586710306990
2429891.395404357928782701,26806.047483093523624120,-31808.289919689195812680,-6886.905737659458281996
2430405.598132376559078693,28006.877419416654447559,-30816.043849051904544467,-6617.405923242764401948
2430956.163143120706081390,29248.933181238768156618,-29705.640940419136313722,-6318.544331127918667335
2431519.028103716205805540,30469.992021765792742372,-28520.954060624695557635,-6002.481992398076727113
2432069.593114460352808237,31614.728779162258433644,-27315.663954796058533248,-5683.540319739753613248
2432583.795842478983104229,32637.884790815791347995,-26150.183182881584798452,-5377.380471666539051512
2433039.163161139469593763,33505.710874005300865974,-25087.314034619637823198,-5099.926271344477754610
2433415.793333521112799644,34195.613873394911934156,-24187.276231638894387288,-4866.184622593857056927
2433697.225813819095492363,34694.329407396580791101,-23502.788440274551248876,-4689.118345224111180869
2433871.160652181599289179,34995.261112722597317770,-23074.784909185484139016,-4578.693263258614933875
2433929.996061539743095636,35095.783032734783773776,-22929.164429445838322863,-4541.173152262156690995
2433988.831470897886902094,35195.659065327796270140,-22783.121971404503710801,-4503.569461293452150130
2434162.766309260390698910,35487.127280007902299985,-22348.935647550068097189,-4391.919772152210498461
2434444.198789558373391628,35946.623707041879242752,-21638.824782972602406517,-4209.778409298644874070
2434820.828961940016597509,36537.835453678024350666,-20674.308810326023376547,-3963.265759436000280402
2435276.196280600503087044,37215.810758883104426786,-19487.403730749862006633,-3661.244116049737840513
2435790.399008619133383036,37932.033642502421571407,-18121.392302194944932126,-3315.365700718022253568
2436340.964019363280385733,38639.783062649803468958,-16630.600509860203601420,-2939.875409110439250071
2436903.828979958780109882,39298.981652820926683489,-15078.824170953983411891,-2551.104443025865748496
2437454.393990702927112579,39879.762943901121616364,-13536.375259544198343065,-2166.668248797341220779
2437968.596718721557408571,40364.181578582967631519,-12076.053723392251413316,-1804.457331153527320566
2438423.964037382043898106,40745.835686572943814099,-10768.589096521631290670,-1481.557305855200638689
2438800.594209763687103987,41027.586387233197456226,-9678.166894232510458096,-1213.240298305377564247
2439082.026690061669796705,41217.940539860050193965,-8858.553189444870440639,-1012.135270469943066018
2439255.961528424173593521,41326.915190378909755964,-8350.117497120645566611,-887.627081951111108538
2439314.796937782317399979,41362.273874670674558729,-8177.825439989658661943,-845.477483996543810463
2439373.632347139995545149,41396.871566692047053948,-8005.382925416034595401,-803.312329604459137045
2439547.567185502499341965,41494.696219129735254683,-7494.742742288050067145,-678.576209320336488418
2439828.999665800482034683,41638.841942093604302499,-6665.993060041100761737,-476.526572686721692662
2440205.629838182125240564,41804.313350259646540508,-5552.580958367876519333,-205.832532290591871060
2440660.997156842611730099,41962.282624971870973241,-4200.890799066924955696,121.640202160372723483
2441175.199884861242026091,42085.067741074206423946,-2669.068877944505402411,491.243988877854462771
2441725.764895605389028788,42150.982225489431584720,-1024.821942980859375893,886.205863030314617390
2442288.629856200888752937,42148.184050841868156567,657.844464694434464036,1288.510817658481300896
2442839.194866945035755634,42076.801234851402114145,2302.689133157930882589,1679.930496762346592732
2443353.397594963666051626,41948.924044426108594052,3835.602496579724174808,2043.067373574825523974
2443808.764913624152541161,41786.465000415701069869,5188.688188513790919387,2362.273359943173090869
2444185.395086005795747042,41617.298782431193103548,6303.558082035786355846,2624.334155988642123702
2444466.827566303778439760,41470.405442928844422568,7133.575937661297757586,2818.875413399666285841
2444640.762404666282236576,41370.889073474143515341,7645.076179131217941176,2938.520465692291509185
2444699.597814024426043034,41335.720323058427311480,7817.822784035654876789,2978.885770356409921078
2444758.433223382569849491,41299.791200733772711828,7990.425579838383782771,3019.196274250394708361
2444932.368061745073646307,41189.133922495035221800,8499.818741922255867394,3138.038390049801819259
2445213.800542043056339025,40996.069817989555303939,9321.104326502589174197,3329.252074738344617799
2445590.430714424699544907,40710.719060806353809312,10414.000273034587735310,3582.939341170220814092
2446045.798033085186034441,40324.757352918080869131,11724.815055667520937277,3886.037299709087164956
2446560.000761103816330433,39835.540863471389457118,13189.388788446764010587,4223.132201816774795589
2447110.565771847963333130,39249.709498569951392710,14736.936962142219272209,4577.475337816007595393
2447673.430732443463057280,38585.451251757767749950,16294.503760606192372506,4932.108771607070593745
2448223.995743187610059977,37872.863588860775053035,17791.516547464867471717,5270.964189058390729770
2448738.198471206240355968,37152.229346696294669528,19163.828342137858271599,5579.783321578476716240
2449193.565789866726845503,36470.440055321123509202,20356.702247865978279151,5846.735614731353052775
2449570.195962248370051384,35876.143210371468740050,21326.427287215312389890,6062.674352934195667331
2449851.628442546352744102,35414.384245417517377064,22040.589418560710328165,6221.057616071153461235
2450025.563280908856540918,35121.536535638304485474,22477.346803802814974915,6317.638843611468473682
2450084.398690267000347376,35021.197185909564723261,22624.270502284009126015,6350.079403143267882115
2450143.234099624678492546,34920.213639352485188283,22770.778038996268151095,6382.403147568233180209
2450317.168937987182289362,34617.927208870380127337,23201.437855042990122456,6477.272809443388723594
2450598.601418285164982080,34117.051780966910882853,23890.330104905548068928,6628.562908177264034748
2450975.231590666808187962,33424.321913905492692720,24796.465774746578972554,6826.652341053821146488
2451430.598909327294677496,32553.178342989205702906,25867.013623823739180807,7059.268157405367674073
2451944.801637345924973488,31526.412953694096358959,27041.559418306875159033,7312.575106624888576334
2452495.366648090071976185,30377.978233723919402109,28257.007237534391606459,7572.396302104600181337
2453058.231608685571700335,29153.323242087866674410,29452.547313579154433683,7825.410239723728409444
2453608.796619429718703032,27907.936085833567631198,30574.009546675457386300,8060.152757878575357608
2454122.999347448348999023,26704.165670126287295716,31576.966699406060797628,8267.673797901094076224
2454578.366666108835488558,25606.751971818448510021,32428.168021653225878254,8441.760228125747744343
2454954.996838490478694439,24677.718237694152776385,33105.230080517627357040,8578.724761924933773116
2455236.429318788461387157,23971.326127389427711023,33594.893596525311295409,8676.853638168247925933
2455410.364157150965183973,23529.687773457779258024,33890.464912959549110383,8735.676951509090940817
2455469.199566509108990431,23379.438821433548582718,33989.214271173666929826,8755.257140649049688363
2455528.034975867252796888,23228.759765385471837362,34087.338340732043434400,8774.676250170748971868
2455701.969814229756593704,22780.819561736647301586,34373.747977388396975584,8831.139437736554100411
2455983.402294527739286423,22048.310985520980466390,34825.443156061868648976,8919.487351163339553750
2456360.032466909382492304,21053.557572579637053423,35406.961328350276744459,9031.838978561690964852
2456815.399785569868981838,19829.719945063545310404,36074.366089040304359514,9158.577880545488369535
2457329.602513588499277830,18421.558940060414897744,36780.177114826925389934,9289.551618618777865777
2457880.167524332646280527,16885.176249897987872828,37478.584068930875218939,9415.311638485825824318
2458443.032484928146004677,15286.370838313607237069,38130.173866818760870956,9528.199612843249269645
2458993.597495672293007374,13697.583842627796911984,38705.421390527146286331,9623.100175482215490774
2459507.800223690923303366,12193.749068742543386179,39186.381425492712878622,9697.734108911770817940
2459963.167542351409792900,10847.609572872970602475,39566.353063618342275731,9752.452329572921371437
2460339.797714733052998781,9725.131404955793186673,39847.691851837735157460,9789.589532147576392163
2460621.230195031035691500,8881.539270721114007756,40038.316689816958387382,9812.522394848361727782
2460795.165033393539488316,8358.278347520194074605,40147.705749359141918831,9824.630458453219034709
2460854.000442751683294773,8180.971025070158248127,40183.247301867064379621,9828.368594657024004846
2460912.835852109361439943,8003.513162039228518552,40218.049429983009758871,9831.925862565632996848
2461086.770690471865236759,7478.046530648637599370,40316.604502215217507910,9841.383858327881171135
2461368.203170769847929478,6625.313388761082933343,40462.330538310357951559,9853.334165475309418980
2461744.833343151491135359,5479.832770106221687456,40630.685583593884075526,9862.834770267763815355
2462200.200661811977624893,4089.444026272485643858,40793.311953884942340665,9864.388858384343620855
2462714.403389830607920885,2514.071721327767590992,40922.887607297649083193,9853.071805483550633653
2463264.968400574754923582,823.436364169580429007,40997.860062844563799445,9825.601772918134884094
2463827.833361170254647732,-906.319440025681387851,41006.214240049346699379,9781.150150579498586012
2464378.398371914401650429,-2596.819664079580434191,40947.569208424894895870,9721.730493424600354047
2464892.601099933031946421,-4171.944916273159833509,40833.200910500185273122,9652.083380889383988688
2465347.968418593518435955,-5562.017203184169375163,40683.987510376355203334,9579.072690658220381010
2465724.598590975161641836,-6707.166561711014765024,40526.674688710598275065,9510.702074980941688409
2466006.031071273144334555,-7559.610962354375260475,40389.163082547020167112,9454.926777349881376722
2466179.965909635648131371,-8084.881472236591434921,40295.667094782664207742,9418.463014392236800632
2466238.801318993791937828,-8262.269934506040954147,40262.572983423626283184,9405.785462947229461861
2466297.636728351935744286,-8439.506307482475676807,40228.737731165689183399,9392.934759866793683614
2466471.571566714439541101,-8962.548416693673061673,40124.382606325852975715,9353.933993037453547004
2466753.004047012422233820,-9805.757748396596070961,39941.867978455920820124,9287.644707469513377873
2467129.634219394065439701,-10927.667832160321268020,39671.309205562931310851,9192.816614069617571658
2467585.001538054551929235,-12273.034783364824761520,39304.246337977885559667,9068.910098023405225831
2468099.204266073182225227,-13775.883715754687727895,38837.679089410616143141,8916.979332951541437069
2468649.769276817329227924,-15363.480703547527809860,38277.600493943071342073,8740.410654077226354275
2469212.634237412828952074,-16960.924543581240868662,37641.231617598197772168,8545.333655206046387320
2469763.199248156975954771,-18495.832305450683634263,36957.404516934358980507,8340.586937696087261429
2470277.401976175606250763,-19902.486810032136418158,36264.911280317915952764,8137.211919054323516320
2470732.769294836092740297,-21124.885412536219519097,35609.041978313689469360,7947.543046078677434707
2471109.399467217735946178,-22118.373618214325688314,35036.870671458185825031,7784.036628413574362639
2471390.831947515718638897,-22849.892190410286275437,34592.040153670532163233,7658.017040656510289409
2471564.766785878222435713,-23297.201384667358070146,34309.820365085921366699,7578.515843385667722032
2471623.602195236366242170,-23447.663674337658449076,34213.104274020064622164,7551.346947447092134098
2471682.437604594044387341,-23597.694179030946543207,34115.758154116701916791,7524.038984326632999000
2471856.372442956548184156,-24038.676894026611989830,33824.307233849278418347,7442.500185950181730732
2472137.804923254530876875,-24743.976921832057996653,33341.220569756194890942,7308.036263868438254576
2472514.435095636174082756,-25671.488524912401771871,32672.781255361074727261,7123.280473116746179585
2472969.802414296660572290,-26766.968745809739630204,31831.722909696658462053,6892.734573404710317845
2473484.005142315290868282,-27968.432685538067744346,30839.833695752800849732,6623.273511532661359524
2474034.570153059437870979,-29211.204711465667060111,29729.751109297783841612,6324.438966765645091073
2474597.435113654937595129,-30433.029932567063951865,28545.322360646652668947,6008.388252547931188019
2475148.000124399084597826,-31578.543532340918318368,27340.214082985086861299,5689.441809471196393133
2475662.202852417714893818,-32602.443804388905846281,26174.837983779609203339,5383.262792292985068343
2476117.570171078201383352,-33470.939774421880429145,25112.007789000952470815,5105.779606013642478501
2476494.200343459844589233,-34161.401722427137428895,24211.963492146463977406,4872.005414059445683961
2476775.632823757827281952,-34660.536448024882702157,23527.447771644870954333,4694.909751971767036594
2476949.567662120331078768,-34961.727439829817740247,23099.417067996608238900,4584.464346276573451178
2477008.403071478474885225,-35062.337055865347792860,22953.785680088330991566,4546.936987356030840601
2477067.238480836618691683,-35162.300765614454576280,22807.731445455381617649,4509.325860102256228856
2477241.173319199122488499,-35454.027990257425699383,22373.505226028279139427,4397.653087634476833045
2477522.605799497105181217,-35913.942461446116794832,21663.313725879132107366,4215.470908646788302576
2477899.235971878748387098,-36505.710258655912184622,20698.658777927023038501,3968.896985503929045080
2478354.603290539234876633,-37184.349833076201321092,19511.538400868688768242,3666.791233564015783486
2478868.806018557865172625,-37901.307776143054070417,18145.222269741570926271,3320.804935606909111812
2479419.371029302012175322,-38609.820685616774426308,16654.033038277484592982,2945.184430649972910032
2479982.235989897511899471,-39269.768049992460873909,15101.776194234731519828,2556.265285156317077053
2480532.801000641658902168,-39851.244252951670205221,13558.787156454105570447,2171.670199827808119153
2481047.003728660289198160,-40336.272988938777416479,12097.901120927488591406,1809.299205160165456618
2481502.371047320775687695,-40718.432086107190116309,10789.890419636860315222,1486.248655189870987670
2481879.001219702418893576,-41000.573041865682171192,9698.985388003653497435,1217.801378845350427582
2482160.433700000401586294,-41191.201499028989928775,8878.993314658526287531,1016.595832377119450030
2482334.368538362905383110,-41300.337936720286961645,8370.316546417001518421,892.024239674024784108
2482393.203947721049189568,-41335.749973330348439049,8197.941724186170176836,849.852981802388399046
2482452.039357078727334738,-41370.400313159079814795,8025.415837907617060409,807.666062465942673043
2482625.974195441231131554,-41468.376431042510375846,7514.525691731932056427,682.864999318014724849
2482907.406675739213824272,-41612.753696878316986840,6685.360826342401196598,480.708470803994202925
2483284.036848120857030153,-41778.507855529511289205,5571.373368449969348148,209.868148383057643969
2483739.404166781343519688,-41936.775721664234879427,4218.959599568534031278,-117.785816696031758966
2484253.606894799973815680,-42059.838387600859277882,2686.287429591693580733,-487.599048979233828049
2484804.171905544120818377,-42125.976739298064785544,1041.096254344362250777,-882.789517129389082584
2485367.036866139620542526,-42123.325860309814743232,-642.565566408920858521,-1285.331263790855018669
2485917.601876883767545223,-42052.004642399755539373,-2288.406936410494381562,-1676.983994339560922526
2486431.804604902397841215,-41924.109432390199799556,-3822.265991666041372810,-2040.338392888116231916
2486887.171923562884330750,-41761.572432324013789184,-5176.196670094313958543,-2359.735817678750663617
2487263.802095944527536631,-41592.297260910068871453,-6291.767924024774401914,-2621.953417020886263344
2487545.234576242510229349,-41445.296074335390585475,-7122.309923117412836291,-2816.610601192040576279
2487719.169414605014026165,-41345.701722366648027673,-7634.133676922048834967,-2936.326661317572870757
2487778.004823963157832623,-41310.504633511620340869,-7806.989591391648900753,-2976.715863257129058184
2487836.840233321301639080,-41274.546181936886569019,-7979.701621130093371903,-3017.050199513560983178
2488010.775071683805435896,-41163.796404984437685926,-8489.417187353072222322,-3135.962372056054846325
2488292.207551981788128614,-40970.564316146810597274,-9311.222321179760911036,-3327.288042148959448241
2488668.837724363431334496,-40684.953429347762721591,-10404.808055947598404600,-3581.122195259207273921
2489124.205043023917824030,-40298.623568662704201415,-11716.445518628002901096,-3884.392521571510314971
2489638.407771042548120022,-39808.921617940002761316,-13181.928754310169097153,-4221.674129876922961557
2490188.972781786695122719,-39222.490014441136736423,-14730.421838083468173863,-4576.206478934884216869
2490751.837742382194846869,-38557.534437114758475218,-16288.916994783363406896,-4931.020398497289534134
2491302.402753126341849566,-37844.185700807327521034,-17786.794434518138587009,-5270.038226483540711342
2491816.605481144972145557,-37122.773086867549864110,-19159.869439471793157281,-5578.995207080087311624
2492271.972799805458635092,-36440.242569775087758899,-20353.379452321772987489,-5846.057552454212782322
2492648.602972187101840973,-35845.297610481131414417,-21323.599956745154486271,-6062.078267427077662433
2492930.035452485084533691,-35383.034581098640046548,-22038.113066433732456062,-6220.517203300617438799
2493103.970290847588330507,-35089.867208721771021374,-22475.078785229674394941,-6317.130378701207519043
2493162.805700205732136965,-34989.418358688722946681,-22622.071434484685596544,-6349.581312238555256044
2493221.641109563410282135,-34888.324629246541007888,-22768.647143167658214225,-6381.915209854533713951
2493395.575947925914078951,-34585.708535864076111466,-23199.503882494507706724,-6476.813584419326616626
2493677.008428223896771669,-34084.287616031688230578,-23888.699837338375800755,-6628.145952237781784788
2494053.638600605539977551,-33390.805502294824691489,-24795.212110933884105179,-6826.283659325789813010
2494509.005919266026467085,-32518.720855407278577331,-25866.167808827081898926,-7058.944801449774786306
2495023.208647284656763077,-31490.855296097382961307,-27041.108881498057598947,-7312.285251808242719562
2495573.773658028803765774,-30341.204125556811050046,-28256.899854739105649060,-7572.120929562877790886
2496136.638618624303489923,-29115.271087149871164002,-29452.701796715886302991,-7825.126245241250217077
2496687.203629368450492620,-27868.607127281222346937,-30574.330327210947871208,-8059.836982752949552378
2497201.406357387080788612,-26663.626695616927463561,-31577.360536076470452826,-8267.307229946416555322
2497656.773676047567278147,-25565.132142137914343039,-32428.559050236410257639,-8441.331546427743887762
2498033.403848429210484028,-24635.200950086084048962,-33105.570340642800147180,-8578.232528740538327838
2498314.836328727193176746,-23928.137692235002759844,-33595.167112005517992657,-8676.306731843966190354
2498488.771167089696973562,-23486.084810713105980540,-33890.684823175310157239,-8735.093191812027725973
2498547.606576447840780020,-23335.695738540143793216,-33989.413910508199478500,-8754.660386566445595236
2498606.441985805984586477,-23184.876627252306207083,-34087.516627940298349131,-8774.066235096721356967
2498780.376824168488383293,-22736.522847128639114089,-34373.856818066909909248,-8830.488663254947823589
2499061.809304466471076012,-22003.347066514550533611,-34825.419622833396715578,-8918.765720995528681669
2499438.439476848114281893,-21007.706128793641255470,-35406.722026127652497962,-9031.013111049605868175
2499893.806795508600771427,-19782.806796930832206272,-36073.807171266904333606,-9157.611777541205810849
2500408.009523527231067419,-18373.466855788836255670,-36779.180742310301866382,-9288.408826346076239133
2500958.574534271378070116,-16835.851863751628116006,-37477.030737465669517405,-9413.958684464843827300
2501521.439494866877794266,-15235.826060199338826351,-38127.958629645407199860,-9526.610167163136793533
2502072.004505611024796963,-13645.891098866117317812,-38702.470965774584328756,-9621.259164315128145972
2502586.207233629655092955,-12141.031117471336983726,-39182.668861645535798743,-9695.640980375150320469
2503041.574552290141582489,-10794.025975072925575660,-39561.907159814443730284,-9750.122849175355440821
2503418.204724671784788370,-9670.864486173564728233,-39842.599699272395810112,-9787.055801605816668598
2503699.637204969767481089,-8826.782291119194269413,-40032.719090760379913263,-9809.831129963491548551
2503873.572043332271277905,-8303.227663859106542077,-40141.786438910079596099,-9821.839821941512127523
2503932.407452690415084362,-8125.822618352629433502,-40177.217590753985859919,-9825.544006934485878446
2503991.242862048093229532,-7948.267865330437416560,-40211.908530597422213759,-9829.067155836721212836
2504165.177700410597026348,-7422.519735173706976639,-40310.130352259155188221,-9838.423321617137844441
2504446.610180708579719067,-6569.347100106258949381,-40455.303136516333324835,-9850.205909804313705536
2504823.240353090222924948,-5423.310308084800453798,-40622.891748905080021359,-9859.476660256301329355
2505278.607671750709414482,-4032.300102358945878223,-40784.554040159688156564,-9860.745240538022699184
2505792.810399769339710474,-2456.296231566428104998,-40912.995789570268243551,-9849.096873364571365528
2506343.375410513486713171,-765.070928499417277635,-40986.706481033514137380,-9821.263104952606227016
2506906.240371108986437321,965.191960572958350895,-40993.726386279959115200,-9776.431775117052893620
2507456.805381853133440018,2656.090980751839197183,-40933.739813297237560619,-9716.634853101128101116
2507971.008109871763736010,4231.499502463286262355,-40818.092297763352689799,-9646.631788240265450440
2508426.375428532250225544,5621.749301717822163482,-40667.729690653439320158,-9573.304210858917940641
2508803.005600913893431425,6766.992738878104319156,-40509.457853748404886574,-9504.671109173539662152
2509084.438081211876124144,7619.476023018449268420,-40371.226131381605227944,-9448.699827955273576663
2509258.372919574379920959,8144.757073324719385710,-40277.284081487538060173,-9412.115131172586188768
2509317.208328932523727417,8322.146764089584394242,-40244.038963502782280557,-9399.396718723372032400
2509376.043738290667533875,8499.383183296915376559,-40210.052658562155556865,-9386.505181797789191478
2509549.978576653171330690,9022.418511567317182198,-40105.250796848449681420,-9347.383879065644578077
2509831.411056951154023409,9865.594964189895108575,-39922.013258038532512728,-9280.900258798532377114
2510208.041229332797229290,10987.418696357157386956,-39650.488448432399309240,-9185.813827219641098054
2510663.408547993283718824,12332.616687598703720141,-39282.262911933292343747,-9061.598397319521609461
2511177.611276011914014816,13835.190466612397358404,-38814.394807486438367050,-8909.324554219123456278
2511728.176286756061017513,15422.394881760277712601,-38252.944131832366110757,-8732.396905384832280106
2512291.041247351560741663,17019.334633174388727639,-37615.202180709580716211,-8536.963662259167904267
2512841.606258095707744360,18553.651384003773273434,-36930.068314373886096291,-8331.880737800020142458
2513355.808986114338040352,19959.669172270881972509,-36236.393233760187285952,-8128.204124339883492212
2513811.176304774824529886,21181.437981729632156203,-35579.512962020264239982,-7938.279225492818113707
2514187.806477156467735767,22174.360199320686660940,-35006.533521339675644413,-7774.569533895458334882
2514469.238957454450428486,22905.430101593545259675,-34561.116988239395141136,-7648.403361172103359422
2514643.173795816954225302,23352.451302654830215033,-34278.543055702444689814,-7568.813930711976354360
2514702.009205175098031759,23502.814359660776972305,-34181.708602060840348713,-7541.615606613769159594
2514760.844614532776176929,23652.744723891559260665,-34084.244854490214493126,-7514.278429139146282978
2514934.779452895279973745,24093.426145521996659227,-33792.450557403637503739,-7432.654530047740081500
2515216.211933193262666464,24798.222400417005701456,-33308.822486020922951866,-7298.057001051672159520
2515592.842105574905872345,25725.029469969475030666,-32639.687192032135499176,-7113.130567939832872071
2516048.209424235392361879,26819.613847570810321486,-31797.833232581382617354,-6882.391308552151713229
2516562.412152254022657871,28020.012246590875292895,-30805.109247291620704345,-6612.729667935290308378
2517112.977162998169660568,29261.585508566084172344,-29694.211695756006520241,-6313.702102174618630670
2517675.842123593669384718,30482.130005828446883243,-28509.038179414237674791,-5997.478153813897733926
2518226.407134337816387415,31626.343882785884488840,-27303.291492030948575120,-5678.386557777350390097
2518740.609862356446683407,32648.994634585171297658,-26137.402293493905744981,-5372.094186250521488546
2519195.977181016933172941,33516.360215240762045141,-25074.186438630211341660,-5094.528825826538195543
2519572.607353398576378822,34205.873449263388465624,-24173.872799921660771361,-4860.699729306108565652
2519854.039833696559071541,34704.292671496565162670,-23489.185482902332296362,-4683.570804904427859583
2520027.974672059062868357,35005.039141655230196193,-23061.061497761216742219,-4573.108171545360164600
2520086.810081417206674814,35105.498046552464074921,-22915.400771873428311665,-4535.575561439416560461
2520145.645490775350481272,35205.310885350467287935,-22769.318321056609420339,-4497.959474398809106788
2520319.580329137854278088,35496.591246857067744713,-22335.015255545935360715,-4386.273743562393065076
2520601.012809435836970806,35955.780512433899275493,-21624.720250423702964326,-4204.075990250345057575
2520977.642981817480176687,36546.575191417730820831,-20659.967157253871846478,-3957.491636706965891790
2521433.010300477966666222,37224.037472927739145234,-19472.789846887837484246,-3655.389119874359494133
2521947.213028496596962214,37939.670184812974184752,-18106.490397279940225417,-3309.427145756372738106
2522497.778039240743964911,38646.775832492821791675,-16615.413447373961389530,-2933.856642852490040241
2523060.642999836243689060,39305.304639446236251388,-15063.370881735432703863,-2545.013700093260467838
2523611.208010580390691757,39885.420484693750040606,-13520.686735948476780322,-2160.517024680656504643
2524125.410738599020987749,40369.209378629333514255,-12060.168322963800164871,-1798.258569298975544370
2524580.778057259507477283,40750.299880486330948770,-10752.547977289495975128,-1475.323717184718134376
2524957.408229641150683165,41031.580687616544310004,-9662.010333031417758320,-1206.983094465100748494
2525238.840709939133375883,41221.581735063722589985,-8842.318313150146423141,-1005.863499389991943644
2525412.775548301637172699,41330.337379789569240529,-8333.837634784082183614,-881.347627675094031474
2525471.610957659780979156,41365.621856794496125076,-8161.530952800636441680,-839.195659292676054974
2525530.446367017459124327,41400.145280025804822799,-7989.074113182620749285,-797.028250057629293224
2525704.381205379962921143,41497.750025529858248774,-7478.393336776764954266,-672.286140118033813451
2525985.813685677945613861,41641.538908753558644094,-6649.583544169274318847,-470.228954708362493875
2526362.443858059588819742,41806.531025677672005259,-5536.101811084131441021,-199.528960467926765432
2526817.811176720075309277,41963.918615884351311252,-4184.344058137812680798,127.944625944918755067
2527332.013904738705605268,42086.044763400510419160,-2652.467733113672238687,497.541022880013599661
2527882.578915482852607965,42151.252188813356042374,-1008.188406312826828071,892.485176445136175971
2528445.443876078352332115,42147.730724967754213139,674.483420257958414368,1294.761558673956187704
2528996.008886822499334812,42075.641161164363438729,2319.306289882076271169,1686.143108408440411949
2529510.211614841129630804,41947.105570181265647989,3852.175121766869779094,2049.235335312650022388
2529965.578933501616120338,41784.065567589612328447,5205.201935414749641495,2368.394542997435110010
2530342.209105883259326220,41614.420816237005055882,6320.009379911023643217,2630.411550035611981002
2530623.641586181242018938,41467.171295927524624858,7149.972473559588252101,2824.917094131610610930
2530797.576424543745815754,41367.435466227092547342,7661.435418272614697344,2944.538801906984645029
2530856.411833901889622211,41332.192604919437144417,7834.168811559451569337,2984.895990830742448452
2530915.247243260033428669,41296.189436638203915209,8006.758095067003523582,3025.198268421051125188
2531089.182081622537225485,41185.313649581497884355,8516.109554889915671083,3144.015419738273067196
2531370.614561920519918203,40991.897307226492557675,9337.322119959764677333,3335.186677563804096280
2531747.244734302163124084,40706.077938759546668734,10430.109674025516142137,3588.813260950777021208
2532202.612052962649613619,40319.554359230176487472,11740.777197523546419689,3891.831941954944340978
2532716.814780981279909611,39829.710327180633612443,13205.163512278526468435,4228.829652852911749505
2533267.379791725426912308,39243.216147520572121721,14752.486455422475046362,4583.059854925066247233
2533830.244752320926636457,38578.291098670248175040,16309.797106750485909288,4937.568535071184669505
2534380.809763065073639154,37865.062858426543243695,17806.534435734763974324,5276.293031688236624177
2534895.012491083703935146,37143.841672294722229708,19178.567112772383552510,5584.982134460143242904
2535350.379809744190424681,36461.542407626882777549,20371.176537133898818865,5851.813171656263875775
2535727.009982125833630562,35866.831151194652193226,21340.670763392663502600,6067.647386820504834759
2536008.442462423816323280,35404.767086751242459286,22054.653404114495060639,6225.950094792323397996
2536182.377300786320120096,35111.732830655899306294,22491.296893541180907050,6322.480504673170798924
2536241.212710144463926554,35011.330734753079013899,22638.181556950225058245,6354.903697961595753441
2536300.048119502142071724,34910.284623497209395282,22784.649802695275866427,6387.209987393826850166
2536473.982957864645868540,34607.814305660620448180,23215.191973572473216336,6482.027531260949217540
2536755.415438162628561258,34106.644797684013610706,23903.889194531271641608,6633.231685853694216348
2537132.045610544271767139,33413.528248513131984510,24809.754950600512529491,6831.203034821487563022
2537587.412929204758256674,32541.928046982062369352,25879.963100808548915666,7063.671508344418725756
2538101.615657223388552666,31514.661953570117475465,27054.108172557607758790,7316.806252859396408894
2538652.180667967535555363,30365.709438555568340234,28269.107401209741510684,7576.436481847345021379
2539215.045628563035279512,29140.545514602679759264,29464.168721713489503600,7829.248461150158618693
2539765.610639307182282209,27894.681348298869124847,30585.143725835532677593,8063.787179650082180160
2540279.813367325812578201,26690.484689340188197093,31587.629614081597537734,8271.112585596009012079
2540735.180685986299067736,25592.709545934445486637,32438.401062033117341343,8445.021722610463257297
2541111.810858367942273617,24663.388536438771552639,33115.099032866062771063,8581.836893989979216713
2541393.243338665924966335,23956.788801706472440856,33604.485615264973603189,8679.852622740361766773
2541567.178177028428763151,23515.025182368426612811,33899.883750473316467833,8738.605372660305874888
2541626.013586386572569609,23364.734390423462173203,33998.574183923294185661,8758.161585757747161551
2541684.848995744716376066,23214.013764926148724044,34096.639156466277199797,8777.556665785372388200
2541858.783834107220172882,22765.952258797940885415,34382.873088085121707991,8833.948506762346369214
2542140.216314405202865601,22033.252481536987033905,34834.280873833100486081,8922.180027049533237005
2542516.846486786846071482,21038.253121195659332443,35415.408638181426795200,9034.374124658812434063
2542972.213805447332561016,19814.133550737482437398,36082.332893365448398981,9160.920021995198112563
2543486.416533465962857008,18405.674834753539471421,36787.590798753910348751,9291.672725197955514886
2544036.981544210109859705,16868.998129909596173093,37485.393983700669195969,9417.192781750925860251
2544599.846504805609583855,15269.919075945168515318,38136.355183245155785698,9529.832300056032181601
2545150.411515549756586552,13680.891209762521611992,38710.977760380534164142,9624.487171270733597339
2545664.614243568386882544,12176.855749799460681970,39191.346011669076688122,9698.889612121298341663
2546119.981562228873372078,10830.558340694593425724,39570.787720207532402128,9753.401459851709660143
2546496.611734610516577959,9707.963755367158228182,39851.684484972254722379,9790.367171642403263832
2546778.044214908499270678,8864.293074327773865662,40041.977039504527056124,9813.171499213671268080
2546951.979053271003067493,8340.987234720127162291,40151.159955801034811884,9825.199983315169447451
2547010.814462629146873951,8163.665347790032683406,40186.631650423645623960,9828.911179431597702205
2547069.649871986825019121,7986.193238702321650635,40221.363858260403503664,9832.441497239093223470
2547243.584710349328815937,7460.686356417597380641,40319.711873057021875866,9841.819766777576660388
2547525.017190647311508656,6607.894002799153895467,40465.101837074209470302,9853.640930750432744389
2547901.647363028954714537,5462.345621697472779488,40633.005325192491000053,9862.968514680846055853
2548357.014681689441204071,4071.892561560177909996,40795.083426165954733733,9864.313286524400609778
2548871.217409708071500063,2496.470889820378033619,40924.037646248107193969,9852.759982645242416766
2549421.782420452218502760,805.810099652131839321,40998.342943054041825235,9825.037484282542209257
2549984.647381047718226910,-923.942344672208946577,41006.014248438645154238,9780.328696137186852866
2550535.212391791865229607,-2614.410566674948768195,40946.701572865800699219,9720.658825485361376195
2551049.415119810495525599,-4189.480327077655601897,40831.710955976253899280,9650.779574039326689672
2551504.782438470982015133,-5579.482886819089799246,40681.948154788791725878,9577.564824223805771908
2551881.412610852625221014,-6724.560020266094397812,40524.182594484664150514,9509.026677626865421189
2552162.845091150607913733,-7576.941883571002108511,40386.333889081302913837,9453.127011623868384049
2552336.779929513111710548,-8102.170091590283846017,40292.630147609444975387,9416.586760094704004587
2552395.615338871255517006,-8279.543614849098958075,40259.465869855644996278,9403.883403176027059089
2552454.450748229399323463,-8456.764730816197698005,40225.560508250993734691,9391.006929602768650511
2552628.385586591903120279,-8979.759878872942863381,40120.998465567390667275,9351.930186738592965412
2552909.818066889885812998,-9822.887363949950668029,39938.150202495678968262,9285.518656882999493973
2553286.448239271529018879,-10944.676632592460009619,39667.147407942211430054,9190.528377640541293658
2553741.815557932015508413,-12289.880384718378991238,39299.551908192530390806,9066.428084311715792865
2554256.018285950645804405,-13792.522708530535965110,38832.389451585862843785,8914.281803975447473931
2554806.583296694792807102,-15379.872545873617127654,38271.681811700371326879,8737.486579421813075896
2555369.448257290292531252,-16977.036396847524883924,37634.679695147417078260,8542.182846488070936175
2555920.013268034439533949,-18511.644016031528735766,36950.243851838247792330,8337.219480371979443589
2556434.215996053069829941,-19917.995164846463012509,36257.192472096721758135,8133.647015497884240176
2556889.583314713556319475,-21140.106894143707904732,35600.837919319747015834,7943.807463449759779905
2557266.213487095199525356,-22133.345126739117404213,35028.272073696796724107,7780.162982536762683594
2557547.645967393182218075,-22864.669522193042212166,34583.150956997924367897,7654.042130336376430932
2557721.580805755686014891,-23311.855589297494589118,34300.753431789678870700,7574.479182601506181527
2557780.416215113829821348,-23462.275694850686704740,34203.977547916314506438,7547.289545378655020613
2557839.251624471507966518,-23612.263746259948675288,34106.571803143051511142,7519.960915667285007657
2558013.186462834011763334,-24053.119390291132731363,33814.945606860535917804,7438.361461228059852147
2558294.618943131994456053,-24758.208897201478976058,33331.578541247741668485,7303.800810181076485605
2558671.249115513637661934,-25685.429398680505983066,32662.770348914353235159,7118.918369303250983648
2559126.616434174124151468,-26780.543628220308164600,31821.276115952172403922,6888.223745801838049374
2559640.819162192754447460,-27981.576301628960209200,30828.908565588317287620,6618.600733085315368953
2560191.384172936901450157,-29223.866076560712826904,29718.330859911220613867,6319.600075525462671067
2560754.249133532401174307,-30445.177162496143864701,28533.414964887848327635,6003.387604555577127030
2561304.814144276548177004,-31590.168038229505327763,27327.849588354485604214,5684.291090691101089760
2561819.016872295178472996,-32613.563153043076454196,26162.064566114695480792,5377.979410382239620958
2562274.384190955664962530,-33481.598675587039906532,25098.887217046660225606,5100.384939553226104181
2562651.014363337308168411,-34171.670877943652158137,24198.566710132632579189,4866.523196913460196811
2562932.446843635290861130,-34670.509291121896239929,23513.851182696307660080,4689.364811168665255536
2563106.381681997794657946,-34971.515040748621686362,23085.699850753866485320,4578.881806927725847345
2563165.217091355938464403,-35072.061638152954401448,22940.028157717333670007,4541.341932992559122795
2563224.052500714082270861,-35171.962150011699122842,22793.933871316425211262,4503.718393786931301292
2563397.987339076586067677,-35463.501505985994299408,22359.590735809870238882,4392.009532840856081748
2563679.419819374568760395,-35923.108779918788059149,21649.214813086731737712,4209.770888298779027537
2564056.049991756211966276,-36514.459440844228083733,20684.322368400713457959,3963.125162406485287647
2564511.417310416698455811,-37192.585877041150524747,19496.929309278839355102,3660.938419968093512580
2565025.620038435328751802,-37908.953477915143594146,18130.324654968528193422,3314.868435490549018141
2565576.185049179475754499,-38616.822384816630801652,16638.849740643214317970,2939.167588801962210709
2566139.050009774975478649,-39276.099681067622441333,15086.326150083246830036,2550.176341286702154321
2566689.615020519122481346,-39856.910112492696498521,13543.101390303540028981,2165.520661181604282319
2567203.817748537752777338,-40341.308763195003848523,12082.018044443611870520,1803.102031728486281281
2567659.185067198239266872,-40722.903918018593685701,10773.851260542131058173,1480.016576998554228339
2568035.815239579882472754,-41004.574681115926068742,9682.830501757538513630,1211.545627115646539096
2568317.247719877865165472,-41194.849797675611625891,8862.759910194805343053,1010.325473590858564421
2568491.182558240368962288,-41303.767079167715564836,8354.038034851118936785,885.746174767075785894
2568550.017967598512768745,-41339.104856786456366535,8181.648547613921437005,843.572539010270816107
2568608.853376956190913916,-41373.680875708116218448,8009.108296545696248359,801.383357525484939288
2568782.788215318694710732,-41471.436930207892146427,7498.177442018582041783,676.576284023516564048
2569064.220695616677403450,-41615.457095842488342896,6668.952287946864089463,474.412176138757104127
2569440.850867998320609331,-41780.731601189232605975,5554.894975813400378684,203.565864689388718034
2569896.218186658807098866,-41938.417325836766394787,4202.413369188210708671,-124.088985785642762494
2570410.420914677437394857,-42060.820484207419212908,2669.686554677065942087,-493.894853625348559945
2570960.985925421584397554,-42126.251176093544927426,1024.462773140946410422,-889.067613221163242088
2571523.850886017084121704,-42122.876372253216686659,-659.204637513104671598,-1291.580783170639051605
2572074.415896761231124401,-42050.847767904997454025,-2305.024327006521161820,-1683.195363512042604270
2572588.618624779861420393,-41922.293549527159484569,-3838.838916275778501586,-2046.505077620606698474
2573043.985943440347909927,-41759.175046306285366882,-5192.710737464861267654,-2365.855680893791031849
2573420.616115821991115808,-41589.420888460372225381,-6308.219533167104600579,-2628.029447081674334186
2573702.048596119973808527,-41442.063181866695231292,-7138.706747559982431994,-2822.650879802065446711
2573875.983434482477605343,-41342.249160013394430280,-7650.493183762209810084,-2942.343569646008745622
2573934.818843840621411800,-41306.977889385801972821,-7823.335878385133582924,-2982.724646751553336799
2573993.654253198765218258,-41270.945320999009709340,-7996.034387003584015474,-3023.050747419622439338
2574167.589091561269015074,-41159.976825958081462886,-8505.708221391971164849,-3141.937926916764808993
2574449.021571859251707792,-40966.392161586380098015,-9327.440276826611807337,-3333.221120416124449548
2574825.651744240894913673,-40680.312214289428084157,-10420.917519026690570172,-3586.994517187658402690
2575281.019062901381403208,-40293.419944820998352952,-11732.407569125001828070,-3890.185467184312983591
2575795.221790920011699200,-39803.089855770136637148,-13197.703171248549551819,-4227.369759638596406148
2576345.786801664158701897,-39215.994816244972753339,-14745.970744791327888379,-4581.789026366028338089
2576908.651762259658426046,-38550.371823805871827062,-16304.209417373132964713,-4936.478025204982259311
2577459.216773003805428743,-37836.381936294965271372,-17801.811021231260383502,-5275.364754629988055967
2577973.419501022435724735,-37114.381869067670777440,-19174.606513938262651209,-5584.191527438102639280
2578428.786819682922214270,-36431.340951707345084287,-20367.851663866327726282,-5851.132450070826052979
2578805.416992064565420151,-35835.981246425370045472,-21337.841017845254100394,-6067.048498000400286401
2579086.849472362548112869,-35373.412879347160924226,-22052.174372493678674800,-6225.406767736223628162
2579260.784310725051909685,-35080.058818684468860738,-22489.026026963110780343,-6321.969055524194118334
2579319.619720083195716143,-34979.547175385654554702,-22635.979583284817636013,-6354.402598926998507523
2579378.455129440873861313,-34878.390834630306926556,-22782.515942710404488025,-6386.719017545741735375
2579552.389967803377658129,-34575.590718916660989635,-23213.254862071094976272,-6481.565202488944123616
2579833.822448101360350847,-34073.875509776778926607,-23902.255497555477631977,-6632.811508315445280459
2580210.452620483003556728,-33380.006452266963606235,-24808.497454569631372578,-6830.830970202136086300
2580665.819939143490046263,-32507.464887660160457017,-25879.112946401724911993,-7063.344569539426629490
2581180.022667162120342255,-31479.098340335767716169,-27053.652699387257598573,-7316.512583752270074910
2581730.587677906267344952,-30328.929120324610266834,-28268.994417632606200641,-7576.157041752527220524
2582293.452638501767069101,-29102.486944632866652682,-29464.316901683861942729,-7828.960135765332779556
2582844.017649245914071798,-27855.345830010195641080,-30585.457497594794403994,-8063.466813138819816231
2583358.220377264544367790,-26649.939071088494529249,-31588.015770030189742101,-8270.741181683895774768
2583813.587695925030857325,-25551.083040131994494004,-32438.783807221370807383,-8444.587988309433058021
2584190.217868306674063206,-24620.864576105250307592,-33115.430507533892523497,-8581.339429599687719019
2584471.650348604656755924,-23913.593714320617436897,-33604.749968894597259350,-8679.300352401689451654
2584645.585186967160552740,-23471.415587762177892728,-33900.094265974628797267,-8738.016167244672033121
2584704.420596325304359198,-23320.984683892475004541,-33998.764349763856444042,-8757.559358394672017312
2584763.256005683448165655,-23170.124012053856858984,-34096.807891404474503361,-8776.941149910107924370
2584937.190844045951962471,-22721.648959702175488928,-34382.972143680053704884,-8833.292150378016231116
2585218.623324343934655190,-21988.282039474928751588,-34834.247179337398847565,-8921.452684668047368177
2585595.253496725577861071,-20992.395260671804862795,-35415.158673163619823754,-9033.542372613788757008
2586050.620815386064350605,-19767.214151090443920111,-36081.762711180206679273,-9159.947829895108952769
2586564.823543404694646597,-18357.576733356494514737,-36786.582491666646092199,-9290.523618778088348336
2587115.388554148841649294,-16819.668032954461523332,-37483.828014766877458896,-9415.833280861783350701
2587678.253514744341373444,-15219.368958014751115115,-38134.126609995655599050,-9528.236079803389657172
2588228.818525488488376141,-13629.193543944260454737,-38708.013339994795387611,-9622.639174147199810250
2588743.021253507118672132,-12124.133313870479469188,-39187.618861016300797928,-9696.789311468475716538
2589198.388572167605161667,-10776.970682126193423755,-39566.326728687010472640,-9751.064652372149794246
2589575.018744549248367548,-9653.693151255900374963,-39846.576848016571602784,-9787.825993353164449218
2589856.451224847231060266,-8809.532704044779165997,-40036.363670803701097611,-9810.472701075876102550
2590030.386063209734857082,-8285.933348316757474095,-40145.224704410284175538,-9822.401762767007312505
2590089.221472567878663540,-8108.513802890020997438,-40180.585941313758667093,-9826.078990858091856353
2590110.099020212888717651,-8045.520993031760554004,-40192.955842661314818542,-9827.340326209952763747
2590171.819214135408401489,-7859.187060438526714279,-40228.979541536013130099,-9830.935863650369356037
2590271.684585693757981062,-7557.356583622565267433,-40285.539280099103052635,-9836.331342408535419963
2590405.330538944341242313,-7152.803773920526509755,-40357.884860212121566292,-9842.734912932477527647
2590566.916104425676167011,-6662.771952710516416118,-40440.230853429355192930,-9849.227544088060312788
2590749.379217552021145821,-6108.316433034651709022,-40526.460191924532409757,-9854.913574100950427237
2590944.745364725124090910,-5513.454881089985974540,-40610.826633928467344958,-9859.065806933833300718
2591144.476107842288911343,-4904.146955621818051441,-40688.550077955675078556,-9861.240387203637510538
2591339.842255015391856432,-4307.145675190331530757,-40756.218003907233651262,-9861.341859117559579317
2591522.305368141736835241,-3748.781050584066178999,-40811.940590329351834953,-9859.627497378658517846
2591683.890933623071759939,-3253.747167614493264409,-40855.250444070050434675,-9856.650659980852651643
2591817.536886873655021191,-2843.964536607708396332,-40886.782536837912630290,-9853.153608989672648022
2591917.402258432004600763,-2537.580658000664698193,-40907.807635830293293111,-9849.929020059675167431
2591979.122452354524284601,-2348.156632426430860505,-40919.716362048180599231,-9847.674696573307301151
2592000.000000000000000000,-2284.070865636826056289,-40923.556875149588449858,-9846.866954919280033209
