Time (s), X (km), Y (km), Z (km)
0.000000000000000000,-23760.532622380000248086,-33715.879108560002350714,-8669.038042340000174590
266.631463447162332159,-23079.099353134268312715,-34163.208699885464739054,-8758.843677339822534123
1013.716222432634936013,-21124.080755389593832660,-35347.209309626639878843,-8992.712155173028804711
2093.284978046058768086,-18189.711114258781890385,-36871.799392041735700332,-9283.303842618939597742
3291.515898196285434096,-14801.542449486394616542,-38295.894830635748803616,-9538.362989545010350412
4371.084653809708470362,-11651.347879941031351336,-39328.749069972342113033,-9705.816960444828509935
5118.169412795181415277,-9427.857923456009302754,-39901.069575723457091954,-9786.511923901976842899
5384.800876242344202183,-8627.178202142811642261,-40076.712216338470170740,-9808.283219127843040042
5651.432339689506989089,-7823.234260867224293179,-40237.191246233909623697,-9826.343130848512373632
6398.517098674979024509,-5555.844983596992278763,-40605.582522812212118879,-9857.125205799906325410
7478.085854288403425016,-2252.002532317319491995,-40924.693802856978436466,-9849.886321066895106924
8676.316774438630091026,1430.449510126725726877,-40981.795981943629158195,-9770.365554604948556516
9755.885530052051763050,4739.666147760443891457,-40765.249860526353586465,-9634.803297488671887550
10502.970289037526526954,7013.743471836325625191,-40467.324248388249543495,-9505.960853774891802459
10769.601752484688404365,7820.659069038608322444,-40331.847909728123340756,-9453.120950610478757881
11036.233215931850281777,8624.616624761565617518,-40181.116677958925720304,-9396.705285892163374228
11783.317974917323226691,10858.912615426324919099,-39678.034089270520780701,-9219.773847290036428603
12862.886730530746717704,14028.898789813403709559,-38743.446078138666052837,-8915.901827167823284981
14061.117650680973383714,17444.700646337754733395,-37425.313347061906824820,-8514.024374433081902680
15140.686406294396874728,20408.931198111582489219,-35992.775530172264552675,-8096.196496315555123147
15887.771165279868000653,22387.285491607959556859,-34870.279084498019074090,-7777.512076730989065254
16154.402628727031697053,23077.563337939969642321,-34444.424390796157240402,-7658.134331942537755822
16421.034092174195393454,23759.115795206489565317,-34005.546613172693469096,-7535.860909807114694559
17168.118851159666519379,25620.125945443120144773,-32707.907770346893812530,-7178.233645958535817044
18247.687606773091829382,28173.658296277651970740,-30662.376045242595864693,-6624.106745313060855551
19445.918526923316676402,30802.876165805515483953,-28170.193843795321299694,-5961.179444661955130869
20525.487282536741986405,32970.999869205741561018,-25740.192304839478310896,-5324.801759986987235607
21272.572041522213112330,34352.591565666923997924,-23964.298491295507119503,-4864.859879472292959690
21539.203504969376808731,34821.202763686844264157,-23312.994690749208530178,-4697.141445814191683894
21805.834968416540505132,35276.653211046592332423,-22652.879691247002483578,-4527.647584997077501612
22552.919727402011631057,36481.251220237805682700,-20758.487381655315402895,-4043.828646757520346000
23632.488483015436941059,38029.903544359105580952,-17913.742618116539233597,-3323.881468394025887392
24830.719403165661788080,39472.674554474382603075,-14627.208110894467608887,-2500.894183303449608502
25910.288158779087098083,40515.019228419834689703,-11569.879133608412303147,-1742.891889124606223049
26657.372917764558224007,41089.806835334093193524,-9411.044657643795289914,-1211.734490235591238161
26924.004381211721920408,41265.516016059431422036,-8633.472121979104485945,-1021.214205395523549669
27190.635844658885616809,41425.633339972482644953,-7852.637494885105297726,-830.308033837880202555
27937.720603644356742734,41790.732140930762398057,-5649.932305801803522627,-293.960967100403081531
29017.289359257782052737,42099.171651594959257636,-2439.055306634536464117,482.205431111359303031
30215.520279408006899757,42136.316673545479716267,1141.572475447950637317,1339.983642754019001586
31295.089035021432209760,41894.593739163654390723,4360.924297535329969833,2104.248152506572296261
32042.173794006903335685,41575.328077189988107421,6574.173057577914732974,2625.790438504021039989
32308.805257454067032086,41431.472344350826460868,7359.691324956589596695,2810.120919816757123044
32575.436720901227090508,41271.964782587841909844,8142.429275538407637214,2993.389725213388828706
33322.521479886694578454,40742.203705844833166339,10318.286677500491350656,3500.653953675070624740
34402.090235500123526435,39763.751513921582954936,13406.770324999200965976,4214.945765809439762961
35600.321155650344735477,38389.857350561913335696,16736.752834401791915298,4977.013331239645594906
36679.889911263773683459,36901.018494965806894470,19628.382562853130366420,5631.272090341097282362
37426.974670249241171405,35736.370853145992441569,21559.367275284705101512,6063.859337833644531202
37693.606133696404867806,35294.866592361715447623,22233.340560587988875341,6213.959000022812688258
37960.237597143575840164,34840.029187506108428352,22898.914881222517578863,6361.711075328679726226
38707.322356129043328110,33496.069244711201463360,24716.945137672053533606,6762.726528939515446837
39786.891111742472276092,31379.641553233104787068,27213.236534712639695499,7306.484673845687211724
40985.122031892693485133,28803.743066719969647238,29786.036328952115582069,7856.913004814115083718
42064.690787506115157157,26294.267551902150444221,31910.074143532150628744,8301.633970515649707522
42811.775546491589921061,24461.383509999770467402,33265.045540733277448453,8579.453775677484372864
43078.407009938753617462,23789.381665473087196006,33724.943449589249212295,8672.486178275627025869
43345.038473385917313863,23108.391984130645141704,34172.099778509960742667,8762.241796016258376767
44092.123232371384801809,21154.634081017211428843,35355.714545371491112746,8995.993380573505419306
45171.691987984813749790,18222.104099047894123942,36880.007496329555578995,9286.476498429923594813
46369.922908135034958832,14835.945771871269244002,38304.128855718547129072,9541.496677453140364378
47449.491663748456630856,11687.479491279222202138,39337.313962533989979420,9708.985101209811546141
48196.576422733931394760,9465.113695460164308315,39910.023657731304410845,9789.739659073960865499
48463.207886181095091160,8664.817630249788635410,40085.835091835324419662,9811.538821439631647081
48729.839349628258787561,7861.247103249324027274,40246.497959292028099298,9829.629896108190223458
49476.924108613726275507,5594.844497339901863597,40615.480458066420396790,9860.515826616488993750
50556.492864227155223489,2292.252776881468889769,40935.625476419038022868,9853.465385637029612553
51754.723784377376432531,-1389.087728110526313685,40994.081359121599234641,9774.196582004817173583
52834.292539990798104554,-4697.579368301814611186,40778.894317338090331759,9638.888703602549867355
53581.377298976272868458,-6971.318115032966488798,40481.961629934885422699,9510.231565016782042221
53848.008762423436564859,-7778.146068972612738435,40346.846485606372880284,9457.458799772466591094
54114.640225870607537217,-8582.033620426049310481,40196.478872734383912757,9401.110530508707597619
54861.724984856075025164,-10816.227868447020227904,39694.421781516924966127,9224.367862060506013222
55941.293740469503973145,-13986.312313115227880189,38761.306350793376623187,8920.762370782318612328
57139.524660619725182187,-17402.554889652721612947,37444.742524086315825116,8519.160249923301307717
58219.093416233154130168,-20367.465200971695594490,36013.508396753190027084,8101.550768207099281426
58966.178175218621618114,-22346.434769164861791069,34891.829273381968960166,7782.995863180300148088
59232.809638665785314515,-23036.958841738352930406,34466.246414210683724377,7663.659414106697113311
59499.441102112949010916,-23718.770787949531950289,34027.629097878161701374,7541.424504218937727273
60246.525861098416498862,-25580.574282051005866379,32730.654863732044759672,7183.889386245323294133
61326.094616711845446844,-28135.405294163781945826,30685.895862269677309087,6629.851046676238183863
62524.325536862066655885,-30766.230421619726257632,28194.280940428510803031,5966.954551033171810559
63603.894292475495603867,-32935.902424296909885015,25764.505333848461305024,5330.539817754422074358
64350.979051460963091813,-34318.594948804653540719,23988.601664379748399369,4870.535276123748190003
64617.610514908126788214,-34787.601126429799478501,23337.260778536914585857,4702.787107447638845770
64884.241978355290484615,-35243.446443802073190454,22677.090931167960661696,4533.259646288724070473
65631.326737340757972561,-36449.143774185082293116,20782.450258415323332883,4049.326154197587129602
66710.895492954179644585,-37999.338640190719161183,17937.102150443093705690,3329.161630686429816706
67909.126413104415405542,-39443.703782686214253772,14649.570482263368830900,2505.865594676386535866
68988.695168717837077565,-40487.326408012435422279,11591.066938007887074491,1747.530321310607632768
69735.779927703304565512,-41062.886209044205315877,9431.279693465936361463,1216.115950261286798195
70002.411391150468261912,-41238.845673411960888188,8653.341624633183528204,1025.499313247531972593
70269.042854597631958313,-41399.199037956612301059,7872.128854830696582212,834.494565739893459977
71016.127613583099446259,-41764.878733474630280398,5668.301605549720989075,297.860683034155158566
72095.696369196521118283,-42073.930304656547377817,2455.661762404449291353,-478.742224925130358315
73293.927289346756879240,-42111.409959028227603994,-1127.071482686873423518,-1337.023473107608879218
74373.496044960178551264,-41869.655490070254018065,-4348.403298480942794413,-2101.745177624117332016
75120.580803945646039210,-41550.176019442427786998,-6563.041238742120185634,-2623.599441678798939392
75387.212267392809735611,-41406.205438004704774357,-7349.055228438765880128,-2808.039472915790156549
75653.843730839987983927,-41246.562697365327039734,-8132.287616365575559030,-2991.416588174836306280
76400.928489825455471873,-40716.314783310546772555,-10309.516883165095350705,-3498.976119148132966075
77480.497245438877143897,-39736.881112666633271147,-13399.919418529838367249,-4213.666785013555454498
78678.728165589112904854,-38361.526711785438237712,-16731.888175436011806596,-4976.125747880724702554
79758.296921202534576878,-36871.060419806868594605,-19625.124751284911326366,-5630.679009504015084531
80505.381680188002064824,-35705.128730803808139171,-21557.095086654589977115,-6063.432372241337361629
80772.013143635165761225,-35263.137442255363566801,-22231.391933877996052615,-6213.583183336223555671
81038.644607082329457626,-34807.798777629235701170,-22897.274023789334023604,-6361.381929222721737460
81785.729366067796945572,-33462.363682712013542186,-24716.077754770925821504,-6762.503335934730785084
82865.298121681218617596,-31343.644028657861781539,-27213.237014084268594161,-7306.346371906296553789
84063.529041831454378553,-28765.031385982889332809,-29786.623022750834934413,-7856.768782392845423601
85143.097797444876050577,-26253.013070293385680998,-31910.825625223031238420,-8301.390414642608448048
85890.182556430343538523,-24418.344899481027823640,-33265.701628363705822267,-8579.088453598515116028
86156.814019877507234924,-23745.705641717209800845,-33725.523412330694554839,-8672.066894352143208380
86423.445483324670931324,-23064.079558015011571115,-34172.581398378410085570,-8761.763051223635557108
87170.530242310138419271,-21108.551153838881873526,-35355.802344840594741981,-8995.319005843017293955
88250.098997923560091294,-18173.526551282684522448,-36879.221092077539651655,-9285.445595985267573269
89448.329918073795852251,-14784.748444385199036333,-38301.962567433853109833,-9539.973019668546839966
90527.898673687217524275,-11634.114402362327382434,-39333.556651143670023885,-9706.937203883766414947
91274.983432672685012221,-9410.382690735288633732,-39904.987008839540067129,-9787.288932575154831284
91541.614896119848708622,-8609.629214083015540382,-40080.308970972488168627,-9808.937108697928124457
91808.246359567012405023,-7805.618153660299867624,-40240.465944162329833489,-9826.873649644492616062
92555.331118552479892969,-5538.076368691763491370,-40607.948537551608751528,-9857.309105208831169875
93634.899874165901564993,-2234.106806886062713602,-40925.734790348076785449,-9849.568587768855650211
94833.130794316137325950,1448.356427790750331042,-40981.358763277356047183,-9769.493410009759827517
95912.699549929558997974,4757.466037386453535873,-40763.483063028143078554,-9633.437157872771422262
96659.784308915026485920,7031.404618907425174257,-40464.643106250681739766,-9504.257595390199639951
96926.415772362190182321,7838.257971853571689280,-40328.842196397272346076,-9451.298541276944888523
97193.047235809353878722,8642.146623509108394501,-40177.787513317016419023,-9394.764410978588784928
97940.131994794821366668,10876.214306496280187275,-39673.805640849626797717,-9217.505070850920674275
99019.700750408243038692,14045.779978563863551244,-38737.940763506259827409,-8913.171315597026477917
100217.931670558478799649,17460.992645020138297696,-37418.430785225078579970,-8510.801237014113212354
101297.500426171900471672,20424.585598007826774847,-35984.696534903938299976,-8092.550421872315382643
102044.585185157367959619,22402.441531984535686206,-34861.400858043518383056,-7773.586362605061367503
102311.216648604531656019,23092.530526229544193484,-34435.267153131222585216,-7654.111588497894445027
102577.848112051709904335,23773.888462772512866650,-33996.113812095994944684,-7531.742654900511297456
103324.932871037177392282,25634.324018242750753416,-32697.722106176395755028,-7173.856164418105436198
104404.501626650599064305,28186.951949538448388921,-30651.156234591442625970,-6619.377771646461042110
105602.732546800834825262,30815.069597832658473635,-28157.907608640471153194,-5956.094680401578443707
106682.301302414256497286,32982.121892468421719968,-25727.025103988249611575,-5319.429548711349525547
107429.386061399723985232,34362.931271596033184323,-23950.568973599070886848,-4859.308109041918214643
107696.017524846887681633,34831.255685316049493849,-23299.074244201623514527,-4691.529549605627835263
107962.648988294051378034,35286.415533915598643944,-22638.773567121170344763,-4521.977682184554396372
108709.733747279518865980,36490.179926601580518764,-20743.889563025855750311,-4038.007684735875955084
109789.302502892940538004,38037.581296512631524820,-17898.511010359536157921,-3317.872808358075872093
110987.533423043176298961,39478.908208717970410362,-14611.383489542158713448,-2494.720778697495006782
112067.102178656597970985,40519.910462558385916054,-11553.623361568863401772,-1736.610331402185238403
112814.186937642065458931,41093.750676210882375017,-9394.549259797033300856,-1205.400821684289894620
113080.818401089229155332,41269.118722342085675336,-8616.903007619353957125,-1014.866479970698492252
113347.449864536392851733,41428.893531973808421753,-7836.000920675924135139,-823.948649703495561880
114094.534623521860339679,41793.026384839780803304,-5633.140249263155055814,-287.581724119596060518
115174.103379135282011703,42100.058534654715913348,-2422.126600012855760724,488.579945995103912537
116372.334299285517772660,42135.635082584085466806,1158.530144654655941849,1346.306703659255163075
117451.903054898939444683,41892.502779159061901737,4377.797306428180490911,2110.483533600298414967
118198.987813884406932630,41572.268672270271054003,6590.926253235296826460,2631.942492090094674495
118465.619277331570629030,41428.069316583030740730,7376.389702676851811702,2816.238799963303335971
118732.250740778734325431,41268.219398033957986627,8159.066523593986858032,2999.471119231278407824
119479.335499764201813377,40737.506903253422933631,10334.719228315532745910,3506.620917720505985926
120558.904255377623485401,39757.704937416747270618,13422.821123177374829538,4220.716192110367046553
121757.135175527859246358,38382.356447372527327389,16752.263580790029664058,4982.523810679578673444
122836.703931141280918382,36892.255635488727421034,19643.305188889578857925,5636.512278736741791363
123583.788690126748406328,35726.765816889310372062,21573.828496745976735838,6068.893352238527768350
123850.420153573912102729,35284.967721595756302122,22247.626631101546081482,6218.915778522886284918
124117.051617021075799130,34829.840204048552550375,22913.020392907517816639,6366.588742183874273906
124864.136376006543287076,33485.088137901911977679,24730.516516320116352290,6767.372795714313724602
125943.705131619964959100,31367.573678023109096102,27225.965245650324504822,7310.772359053950822272
127141.936051770200720057,28790.556406549574603559,29797.737462666678766254,7860.771643522712111007
128221.504807383622392081,26280.158522998484841082,31920.772555776755325496,8305.080686662444350077
128968.589566369089880027,24446.686862187216320308,33275.010725361265940592,8582.602739625479443930
129235.221029816253576428,23774.485740268053632462,33734.639644355534983333,8675.526559220390481642
129501.852493263417272829,23093.302396803861483932,34181.523302312394662295,8765.172440613063372439
130248.937252248884760775,21139.032392517296102596,35364.355335966167331208,8998.610762123485983466
131328.506007862306432799,18205.844354025186476065,36887.472298942819179501,9288.627670393532753224
132526.736928012542193756,14819.073480388562529697,38310.234236586496990640,9543.114830931715914630
133606.305683625949313864,11670.165256029316878994,39342.154012736180447973,9710.112246191865779110
134353.390442611445905641,9447.556190243269156781,39913.969841490645194426,9790.522693733901178348
134620.021906058595050126,8647.185869845026900293,40089.459243816461821552,9812.198418678994130460
134886.653369505744194612,7843.547745992135787674,40249.798687830298149493,9830.165801238206768176
135633.738128491240786389,5576.991415543121547671,40617.868604410759871826,9860.704196273567504250
136713.306884104647906497,2274.271158908520646946,40936.682790478669630829,9853.150759730866411701
137911.537804254883667454,-1407.081628226047996577,40993.653811273194150999,9773.325982929456586135
138991.106559868290787563,-4715.466747319225760293,40777.131030731135979295,9637.522664286107101361
139738.191318853787379339,-6989.066823628936617752,40479.279661721324373502,9508.527389612187107559
140004.822782300936523825,-7795.832501900815259432,40343.838386176808853634,9455.635107553587658913
140271.454245748085668311,-8599.651087208747412660,40193.145756432393682189,9399.168005594996429863
141018.539004733582260087,-10833.616687244870263385,39690.184970211324980482,9222.096401576513017062
142098.107760346989380196,-14003.279692710224480834,38755.786256820501876064,8918.027672531456119032
143296.338680497225141153,-17418.931402512647764524,37437.838050467507855501,8515.931258866059579304
144375.907436110632261261,-20383.202014440292259678,36005.401105331831786316,8097.897352700463670772
145122.992195096128853038,-22361.671436486038146541,34882.918383241958508734,7779.061794071227268432
145389.623658543277997524,-23052.005952936269750353,34457.054968050149909686,7659.627957931428682059
145656.255121990456245840,-23733.622639392935525393,34018.160552126304537524,7537.297181351948893280
146403.339880975952837616,-25594.849281626393349143,32720.429203600800974527,7179.501856737936577701
147482.908636589359957725,-28148.772129247612610925,30674.630080755003291415,6625.110657093610825541
148681.139556739595718682,-30778.492219414725695970,28181.942397531493043061,5961.856936117818804632
149760.708312353002838790,-32947.087896727483894210,25751.280443661387835164,5325.153555421193232178
150507.793071338499430567,-34328.994393049666541629,23974.810945945322600892,4864.968683526481072477
150774.424534785648575053,-34797.712402949306124356,23323.277924361675104592,4697.160126799027239031
151041.055998232797719538,-35253.265707834958448075,22662.921218208703066921,4527.574403921745215484
151788.140757218294311315,-36458.125303598688333295,20767.785684984344698023,4043.489177785972515267
152867.709512831701431423,-38007.062876935007807333,17921.799615614316280698,3323.136092793091393105
154065.940432981937192380,-39449.976397624413948506,14633.670914501646620920,2499.674522706719926646
155145.509188595344312489,-40492.249438161452417262,11574.733199144575337414,1741.230549951987313761
155892.593947580840904266,-41066.856704014782735612,9414.704594482240281650,1209.763787280641736288
156159.225411027990048751,-41242.473166731244418770,8636.692263408722283202,1019.133013112912976794
156425.856874475139193237,-41402.482134648562350776,7855.411527364317407773,828.116537293199257874
157172.941633460635785013,-41767.190534729306818917,5651.427590297646020190,291.462658495930668323
158252.510389074042905122,-42074.826864103277330287,2438.649925470284415496,-485.135566035820033903
159450.741309224278666079,-42110.729160504786705133,-1144.112769986622879514,-1343.365192564347580628
160530.310064837685786188,-41867.557274176055216230,-4365.359617445075855358,-2107.998868256945570465
161277.394823823182377964,-41547.103804999962449074,-6579.877112896356265992,-2629.769453562867965957
161544.026287270331522450,-41402.787627419776981696,-7365.835976347944779263,-2814.175164429123014997
161810.657750717480666935,-41242.800563124488689937,-8149.006882790784402459,-2997.515635361195563746
162557.742509702977258712,-40711.595763820259890053,-10326.030235839863962610,-3504.960233671100468200
163637.311265316384378821,-39730.804573702487687115,-13416.048666674209016492,-4219.453483837221028807
164835.542185466620139778,-38353.987543349561747164,-16747.473959711613133550,-4981.651323998577936436
165915.110941080027259886,-36862.252156798982468899,-19640.118647452218283433,-5635.933064438586370670
166662.195700065523851663,-35695.473577942138945218,-21571.624604302345687756,-6068.479313611142970331
166928.827163512672996148,-35253.186822526338801254,-22245.745169514138979139,-6218.552536983569552831
167195.458626959822140634,-34797.556440485910570715,-22911.445533914538827958,-6366.271811080491715984
167942.543385945318732411,-33451.324880643012875225,-24729.711679074287530966,-6767.160766204300671234
169022.112141558725852519,-31331.512617839005542919,-27226.022829612957139034,-7310.643599489163534599
170220.343061708961613476,-28751.775363299624586944,-29798.374655524105037330,-7860.635042201698524877
171299.911817322368733585,-26238.830067851657076972,-31921.568138716880639549,-8304.842930942913881154
172046.996576307865325361,-24403.571462039788457332,-33275.706273192110529635,-8582.241918105721197207
172313.628039755014469847,-23730.731998412404209375,-33735.257373487787845079,-8675.111305691400048090
172580.259503202163614333,-23048.911365048712468706,-34182.040976672265969682,-8764.697253191714480636
173327.344262187660206109,-21092.868593835704814410,-35364.474305617368372623,-8997.938606725778299733
174406.913017801067326218,-18157.183245951178832911,-36886.709815977774269413,-9287.597031761959442520
175605.143937951303087175,-14767.790431801495287800,-38308.083635384886292741,-9541.589257858384371502
176684.712693564710207283,-11616.713245859507878777,-39338.404875528613047209,-9708.060483896548248595
177431.797452550206799060,-9392.737846204399829730,-39908.936152896683779545,-9788.066770964993338566
177698.428915997355943546,-8591.910046144374064170,-40083.934224548538622912,-9809.591039449636809877
177965.060379444505088031,-7787.831362921648178599,-40243.765918296245217789,-9827.403421082810382359
178712.145138430001679808,-5520.136003669962519780,-40610.330751818335556891,-9857.490050345464624115
179791.713894043408799917,-2216.038691901808761031,-40926.778783997877326328,-9849.244728500856581377
180989.944814193644560874,1466.435193140046521876,-40980.909889965514594223,-9768.611664689387907856
182069.513569807051680982,4775.436162321968367905,-40761.691475992367486469,-9632.058349171029476565
182816.598328792548272759,7049.234266797153395601,-40461.928170614177361131,-9502.539589542499015806
183083.229792239697417244,7856.024634999540467106,-40325.799499120912514627,-9449.460653031017500325
183349.861255686846561730,8659.843578643864020705,-40174.418188333351281472,-9392.807331573740157182
184096.946014672343153507,10893.680366065944326692,-39669.528217081213369966,-9215.218090493061026791
185176.514770285750273615,14062.820936582673311932,-38732.373999949842982460,-8910.419808062442825758
186374.745690435986034572,17477.438150511945423204,-37411.473380152456229553,-8507.554158067972821300
187454.314446049393154681,20440.386857792014779989,-35976.531115989528188948,-8088.877908195563577465
188201.399205034889746457,22417.739297178064589389,-34852.428503945047850721,-7769.632575947929581162
188468.030668482038890943,23107.637504015019658254,-34426.013104890073009301,-7650.060209563805074140
188734.662131929188035429,23788.798931682336842641,-33986.581554173411859665,-7527.595212388710024243
189481.746890914684627205,25648.654046811418083962,-32687.429774220723629696,-7169.448007790677365847
190561.315646528091747314,28200.368424894644704182,-30639.819901415361528052,-6614.616135533193300944
191759.546566678327508271,30827.374826660950930091,-28145.494761679852672387,-5950.975285560591146350
192839.115322291734628379,32993.345046710302995052,-25713.723027265077689663,-5314.021159740766961477
193586.200081277231220156,34373.364357026912330184,-23936.699347759913507616,-4853.719221065181955055
193852.831544724380364642,34841.399151748017175123,-23285.011922096291527851,-4685.880226973369644838
194119.463008171529509127,35296.265532703771896195,-22624.523853687354858266,-4516.270058228450579918
194866.547767157026100904,36499.188097670426941477,-20729.143644533905899152,-4032.148252117077845469
195946.116522770433221012,38045.326238465488131624,-17883.125564652928005671,-3311.824796996298573504
197144.347442920668981969,39485.194945560062478762,-14595.399778852755844127,-2488.507330932480726915
198223.916198534076102078,40524.841719984440715052,-11537.204807508591329679,-1730.288368798125702597
198971.000957519572693855,41097.725353394285775721,-9377.889113713425103924,-1199.026644405347724387
199237.632420966721838340,41272.748962635836505797,-8600.168561385897191940,-1008.478237856633086267
199504.263884413870982826,41432.177945322218874935,-7819.198493448474437173,-817.548756234969687284
200251.348643399367574602,41795.335523672052659094,-5616.181213925083284266,-281.162073947073849922
201330.917399012774694711,42100.946765264954592567,-2405.030163414073740569,494.994508837483408570
202529.148319163010455668,42134.939797136205015704,1175.655161423026129341,1352.669123524702172290
203608.717074776417575777,41890.384658915128966328,4394.836225025675958022,2116.757395574556994688
204355.801833761914167553,41569.172882205086352769,6607.843761358795745764,2638.132279002080395003
204622.433297209063312039,41424.626636092536500655,7393.251704524921478878,2822.394119408084861789
204889.064760656241560355,41264.431108179873262998,8175.866645612890351913,3005.589644370343194169
205636.149519641738152131,40732.758172180947440211,10351.312224377310485579,3512.624075042509502964
206715.718275255145272240,39751.593672707909718156,13439.028018580869684229,4226.521267595286190044
207913.949195405381033197,38374.777166166139068082,16767.924468180353869684,4988.066974697630939772
208993.517951018788153306,36883.402572952007176355,19658.371607517026859568,5641.783167683974170359
209740.602710004284745082,35717.062717073837120552,21588.428593721120705595,6073.956582100043306127
210007.234173451433889568,35274.968051121199096087,22262.049721708892320748,6223.901221230297778675
210273.865636898583034053,34819.547722814430017024,22927.261017486300261226,6371.494511161835362145
211020.950395884079625830,33473.996184965508291498,24744.217394415889430093,6772.045533797309872170
212100.519151497486745939,31355.384924159945512656,27238.814670342639146838,7315.084021527492041059
213298.750071647722506896,28777.238611109314661007,29809.548685820100217825,7864.651318064660699747
214378.318827261129627004,26265.909972120301972609,31931.570763512885605451,8308.545650332209334010
215125.403586246626218781,24431.845391353210288798,33285.068215867249818984,8585.767954233428099542
215392.035049693775363266,23759.443203326300135814,33744.425404464738676324,8678.582466153444329393
215658.666513140924507752,23078.064464414168469375,34191.033617048204177991,8768.117880650404913467
216405.751272126421099529,21123.277802814674942056,35373.074972316455387045,9001.240863225828434224
217485.320027739828219637,18189.425928265427501174,36895.004058905447891448,9290.788497014737004065
218683.550947890063980594,14802.037245052437356208,38316.392896685050800443,9544.739167908894160064
219763.119703503471100703,11652.683404853385582101,39347.034666811705392320,9711.242405917486394173
220510.204462488967692479,9429.829134511812299024,39917.947705045713519212,9791.306538057882789872
220776.835925936116836965,8629.383990014086521114,40093.111866392304364126,9812.858037653273640899
221043.467389383265981451,7825.677764694963116199,40253.124666950374376029,9830.700940153148621903
221790.552148368762573227,5558.966639834618035820,40620.272931855753995478,9860.889594355709050433
222870.120903982169693336,2256.117201444886632089,40937.743101389984076377,9852.829992517854407197
224068.351824132405454293,-1425.247334362429683097,40993.214607565823826008,9772.445769535936051398
225147.920579745812574401,-4733.524328590465302113,40775.342958638910204172,9636.143943432814921835
225895.005338731309166178,-7006.984006320042681182,40476.563906511953973677,9506.808454835831071250
226161.636802178458310664,-7813.686670742059504846,40340.793309937354933936,9453.795924657462819596
226428.268265625607455149,-8617.435488280751087586,40189.772487428293970879,9397.209264542992968927
227175.353024611104046926,-10851.169858971636131173,39685.899191924290789757,9219.806725719205132918
228254.921780224511167035,-14020.406835292176765506,38750.204721565030922648,8915.271966790693113580
229453.152700374746927992,-17435.461425594916363480,37430.858738070623076055,8512.678314222248445731
230532.721455988154048100,-20399.085698989827506011,35997.207389850031177048,8094.217485055573888530
231279.806214973650639877,-22377.049844485773064662,34873.913360660597390961,7775.099638767296710284
231546.437678420799784362,-23067.192870992941607255,34447.766704768182535190,7655.567852302290702937
231813.069141867948928848,-23748.612310950309620239,34008.592541145131690428,7533.140656600457077730
232560.153900853445520625,-25609.256259149526158581,32710.096861704172624741,7175.083636915841452719
233639.722656466852640733,-28162.261812007000116864,30663.247753648178331787,6620.337588334862630290
234837.953576617088401690,-30790.865841036342317238,28169.477208649677777430,5956.724672131630541116
235917.522332230495521799,-32958.374526206258451566,25737.920632875498995418,5319.731095324230409460
236664.607091215992113575,-34339.487240902424673550,23960.880067249738203827,4859.364952273698690988
236931.238554663141258061,-34807.914247416571015492,23309.153139882702816976,4691.495698263096528535
237197.870018110290402547,-35263.172669833948020823,22648.607858582883636700,4521.851418604055652395
237944.954777095786994323,-36467.186315961145737674,20752.972947142072371207,4037.613708077145020070
239024.523532709194114432,-38014.854314371797954664,17906.343168445950141177,3317.071179810149260447
240222.754452859429875389,-39456.302095454462687485,14617.612173263079967001,2493.443383034461476200
241302.323208472836995497,-40497.212480333480925765,11558.236586785102190333,1734.890348906410508789
242049.407967458333587274,-41070.858015041711041704,9397.964651694688654970,1203.371090865562564431
242316.039430905482731760,-41246.128170429372403305,8619.877473500846463139,1012.726171676955686962
242582.670894352631876245,-41405.789425588547601365,7838.528248948528016626,821.697975027485654209
243329.755653338128468022,-41769.517193684296216816,5634.386495852268126328,285.024202816471074584
244409.324408951535588130,-42075.724718370205664542,2421.470256499806055217,-491.568977796023546034
245607.555329101771349087,-42110.034596747791511007,-1161.321505929176510108,-1349.746291576728026484
246687.124084715178469196,-41865.431810778107319493,-4382.481943623815823230,-2114.291057837298467348
247434.208843700675060973,-41543.995106789952842519,-6596.877393023386503046,-2635.977214737162285019
247700.840307147824205458,-41399.330061483218742069,-7382.780440158049714228,-2820.348310385972581571
247967.471770594973349944,-41238.995416982645110693,-8165.889113058797192934,-3003.651827959489310160
248714.556529580469941720,-40706.824698361284390558,-10342.704117488248812151,-3510.980553182248058874
249794.125285193877061829,-39724.663214178981434088,-13432.334084722122497624,-4225.274839371246343944
250992.356205344112822786,-38346.369849691109266132,-16763.209942563971708296,-4987.209586999271778041
252071.924960957519942895,-36853.353532065375475213,-19655.256377831261488609,-5641.217817078383632179
252819.009719943016534671,-35685.720196188245608937,-21586.293026879928220296,-6073.555463821817284042
253085.641183390165679157,-35243.135235650777758565,-22260.235450095849955687,-6223.550546843269330566
253352.272646837314823642,-34787.210436175701033790,-22925.752177119244151982,-6371.189785671203935635
254099.357405822811415419,-33440.175058432883815840,-24743.475109438655636040,-6771.844654413342141197
255178.926161436218535528,-31319.260150013560632942,-27238.929344802221748978,-7314.964785091072371870
256377.157081586454296485,-28738.388025644348090282,-29810.236339579147170298,-7864.522312014398266911
257456.725837199861416593,-26224.507365801338892197,-31932.410387359705055133,-8308.313663073568022810
258203.810596185358008370,-24388.653027240543451626,-33285.803148167200561147,-8585.411597622851331835
258470.442059632507152855,-23715.611570582685089903,-33745.080818791582714766,-8678.171205984894186258
258737.073523079656297341,-23033.594655974859051639,-34191.587259263804298826,-8767.646212199888395844
259484.158282065152889118,-21077.032967504535918124,-35373.225010467271204107,-9000.570885040135181043
260563.727037678560009226,-18140.681105955463863211,-36894.265374558162875473,-9289.758075040947005618
261761.957957828795770183,-14750.668337373625035980,-38314.257838138808438089,-9543.211627390162902884
262841.526713442231994122,-11599.144352733881532913,-39343.293541603474295698,-9709.186722624004687532
263588.611472427670378238,-9374.923343913615099154,-39912.916803520543908235,-9788.845360709385204245
263855.242935874848626554,-8574.020656605180192855,-40087.587771821548813023,-9810.244932897687249351
264121.874399322026874870,-7769.873851173531875247,-40247.090962597489124164,-9827.932366584715055069
264868.959158307465258986,-5502.023863017271651188,-40612.728957767991232686,-9857.667962527630152181
265948.527913920930586755,-2197.798179263714700937,-40927.825574443479126785,-9848.914664844134676969
267146.758834071108140051,1484.685794890523538925,-40980.449152479879558086,-9767.720241086713940604
268226.327589684573467821,4793.576493885213494650,-40759.874891112493060064,-9630.666795110249950085
268973.412348670011851937,7067.232374879926283029,-40459.179234774703218136,-9500.806761124644253869
269240.043812117190100253,7873.959013615670301078,-40322.719611915868881624,-9447.607211235916111036
269506.675275564368348569,8677.707441086564358557,-40171.008497823546349537,-9390.833973539445651113
270253.760034549806732684,10911.310733338677891879,-39665.201615431789832655,-9212.912833624208360561
271333.328790163272060454,14080.021586467964880285,-38726.745589826714422088,-8907.647234585256228456
272531.559710313449613750,17494.037067544079036452,-37404.440941063417994883,-8504.283071023866796168
273611.128465926914941519,20456.334866714481904637,-35968.279090080512105487,-8085.178892221200840140
274358.213224912353325635,22433.178666120562411379,-34843.361844666273100302,-7765.650656352610894828
274624.844688359531573951,23122.884146631338808220,-34416.662070739235787187,-7645.980135725425498094
274891.476151806709822267,23803.847073720960906940,-33976.949666340624389704,-7523.418523871467186837
275638.560910792148206383,25663.115893248224892886,-32677.030608120345277712,-7165.009120635488216067
276718.129666405613534153,28213.907571178158832481,-30628.366889910779718775,-6609.821786097435506235
277916.360586555791087449,30839.791687494300276740,-28132.955159955185081344,-5945.821214698064068216
278995.929342169256415218,33004.669155929375847336,-25700.285944223291153321,-5308.576552829401407507
279743.014101154694799334,34383.890638835851859767,-23922.689492468984099105,-4848.093179039618007664
280009.645564601873047650,34851.632977447850862518,-23270.807606473892519716,-4680.193442777737800498
280276.277028049051295966,35306.203019535023486242,-22610.130436380663013551,-4510.524679365175870771
281023.361787034489680082,36508.275539388414472342,-20714.249521353347518016,-4026.250319059860885318
282102.930542647955007851,38053.138168252175091766,-17867.586190786194492830,-3305.737410288825685711
283301.161462798132561147,39491.534555720711068716,-14579.256905490896315314,-2482.253822623027645022
284380.730218411597888917,40529.812786192385829054,-11520.623413781129784184,-1723.925990019970868161
285127.814977397036273032,41101.730649537596036680,-9361.064172820479143411,-1192.611951366409584807
285394.446440844214521348,41276.406518735660938546,-8583.268740693682048004,-1002.049473547087359293
285661.077904291392769665,41435.486361036753805820,-7802.230174621399783064,-811.108349454294170755
286408.162663276831153780,41797.659336713608354330,-5599.055172498876345344,-274.702016893392510610
287487.731418890296481550,42101.836121364198334049,-2387.765986003688794881,501.449113135399102248
288685.962339040474034846,42134.230595253873616457,1192.947518246566687594,1359.070889021953234987
289765.531094653939362615,41888.239158035459695384,4412.041029338633961743,2123.069719036468541162
290512.615853639377746731,41566.040488471488060895,6624.925546631166071165,2644.359775717850425281
290779.247317086555995047,41421.144085182248090860,7410.277291164125927025,2828.586853171502752957
291045.878780533792451024,41260.599696236575255170,8192.829598253587391810,3011.745274202884957049
291792.963539519230835140,40727.957298818102572113,10368.065611213181909989,3518.663395210414364556
292872.532295132696162909,39745.417511409148573875,13455.390940943616442382,4232.360956211021402851
294070.763215282873716205,38367.119306086184224114,16783.735409285931382328,4993.642781261829441064
295150.331970896339043975,36874.459114597324514762,19673.581716676111682318,5647.084710036513570230
295897.416729881777428091,35707.261367248480382841,21603.167454289683519164,6079.048976901134665241
296164.048193328955676407,35264.867396872927201912,22276.609717048871971201,6228.915276460700624739
296430.679656776133924723,34809.151562194252619520,22941.636636200328211999,6376.428329430393205257
297177.764415761572308838,33462.793211536562012043,24758.047643922702263808,6776.744687247471119917
298257.333171375037636608,31343.075128655156731838,27251.784668020671233535,7319.419601127633541182
299455.564091525215189904,28763.789531219936179696,29821.469844530642149039,7868.551964078217679344
300535.132847138680517673,26251.521763510416349163,31942.468602043212740682,8312.028793777073587989
301282.217606124118901789,24416.858971528738038614,33295.217840660086949356,8588.949349654099933105
301548.849069571297150105,23744.253932264364266302,33754.300555987341795117,8681.653828528116719099
301815.480533018475398421,23062.678068210130732041,34200.630546515007154085,8771.078044908785159350
302562.565292003913782537,21107.370203571226738859,35381.873272207354602870,9003.883610919641796499
303642.134047617379110307,18172.848729040531907231,36902.602586270848405547,9292.958903199340056744
304840.364967767556663603,14784.836991134514391888,38322.604638861819694284,9546.369611467007416650
305919.933723381021991372,11635.033879737369716167,39351.955722400016384199,9712.375502327831782168
306667.018482366460375488,9411.932482038349917275,39921.957043162612535525,9792.091113479873456527
306933.649945813638623804,8611.411948771705283434,40096.792753450317832176,9813.517599671778953052
307200.281409260816872120,7807.637121630931687832,40256.475689738894288894,9831.235234067395140301
307947.366168246255256236,5540.770144492080362397,40622.693231661076424643,9861.071941969948966289
309026.934923859720584005,2237.790896245419389743,40938.806198866768681910,9852.503005363296324504
310225.165844009898137301,-1443.584835304313401139,40992.763537521947000641,9771.555864046447823057
311304.734599623363465071,-4751.752083429862977937,40773.529891786805819720,9634.752464545596012613
312051.819358608801849186,-7025.069622424591216259,40473.814156624604947865,9505.074685355180918123
312318.450822055980097502,-7831.708530560094004613,40337.711049923767859582,9451.941176221556816017
312585.082285503158345819,-8635.386774467850045767,40186.358859554078662768,9395.234232988490475691
313332.167044488596729934,-10868.887322680629949900,39681.564243133339914493,9217.498761669983650791
314411.735800102062057704,-14037.693663226438729907,38744.561546393153548706,8912.495183355853441753
315609.966720252239611000,-17452.144863303143210942,37423.804395129758631811,8509.401349198951720609
316689.535475865704938769,-20415.116143456285499269,35988.927065987292735372,8090.511101991258328781
317436.620234851143322885,-22392.569871621268248418,34864.814027143336716108,7771.109336649141368980
317703.251698298321571201,-23082.519470746679871809,34438.381448079067922663,7651.479037594017427182
317969.883161745499819517,-23763.739673888325341977,33998.924890924507053569,7528.954871355875184236
318716.967920730938203633,-25623.795076140755554661,32699.657670757402229356,7170.634671136454016960
319796.536676344403531402,-28175.874190608257777058,30651.748724257777212188,6615.531789333811502729
320994.767596494581084698,-30803.351120929066382814,28156.885229988543869695,5951.557713458734724554
322074.336352108046412468,-32969.762135890552599449,25724.425770263726008125,5314.272397059106879169
322821.421111093484796584,-34350.073308345032273792,23946.808906246926198946,4853.724045716910950432
323088.052574540663044900,-34818.206473383834236301,23294.886306420299661113,4685.793786558926512953
323354.684037987841293216,-35273.167140991783526260,22634.150737022388057085,4516.090656435741948371
324101.768796973279677331,-36476.326616236241534352,20738.011939409348997287,4031.699715107828069449
325181.337552586745005101,-38022.712749489568523131,17890.732718154009489808,3310.966867618192736700
326379.568472736922558397,-39462.680665786225290503,14601.394184735572707723,2487.172158201706224645
327459.137228350387886167,-40502.215318863825814333,11541.577042900386004476,1728.509706834895723659
328206.221987335826270282,-41074.889923590890248306,9381.059818216315761674,1196.937853955836999376
328472.853450783004518598,-41249.810465104899776634,8602.897212035155462218,1006.278783412407733522
328739.484914230182766914,-41409.120690590796584729,7821.478980738043901511,815.238874950636727590
329486.569673215621151030,-41771.858488400743226521,5617.178294732941139955,278.545316311696751654
330566.138428829086478800,-42076.623644150953623466,2404.122744574157877651,-498.042453668481812201
331764.369348979264032096,-42109.326044555236876477,-1178.697682970146615844,-1356.166756749892556400
332843.938104592729359865,-41863.278878229873953387,-4399.770252878547580622,-2120.621726876816865115
333591.022863578167743981,-41540.849705048785835970,-6614.042043579653181951,-2642.222701564318413148
333857.654327025345992297,-41395.832521262040245347,-7399.888580278522567824,-2826.558885684480628697
334124.285790472524240613,-41235.147040920419385657,-8182.934263546737383876,-3009.825139412792850635
334871.370549457962624729,-40702.001371913022012450,-10359.538473280419566436,-3517.037047102600354265
335950.939305071427952498,-39718.456824536267959047,-13448.775601942465073080,-4231.130815387482471124
337149.170225221605505794,-38338.673428834132209886,-16779.096036126025865087,-4992.800494648093263095
338228.738980835070833564,-36844.364351788761268836,-19670.537839683955098735,-5646.533220051345779211
338975.823739820509217680,-35675.868398079568578396,-21601.100241723870567512,-6078.660772115920735814
339242.455203267687465996,-35232.982496570271905512,-22274.862659496619016863,-6228.577160985612863442
339509.086666714865714312,-34776.760582114562566858,-22940.193833857687423006,-6376.135799912504808162
340256.171425700304098427,-33428.914040796684275847,-24757.367916981780581409,-6776.554944358054854092
341335.740181313769426197,-31306.886461360318207880,-27251.956417959831014741,-7319.309868294606530981
342533.971101463946979493,-28724.869223109759332146,-29822.207920035238203127,-7868.430527176135001355
343613.539857077412307262,-26210.044827757956227288,-31943.352205397233774420,-8311.802542983925377484
344360.624616062850691378,-24373.589468559261149494,-33295.992080607029492967,-8588.597421995069453260
344627.256079510028939694,-23700.344235316028061789,-33754.993573210769682191,-8681.246524376969318837
344893.887542957207188010,-23018.129311540124035673,-34201.220068838490988128,-8770.609856718490846106
345640.972301942645572126,-21061.044166080540890107,-35382.054276038004900329,-9003.215767512801903649
346720.541057556110899895,-18124.020038251634105109,-36901.887576707449625246,-9291.928650415082302061
347918.771977706288453192,-14733.382086181529302849,-38320.484977361069468316,-9544.840051036322620348
348998.340733319753780961,-11581.407664891368767712,-39348.222445821229484864,-9710.315841703340993263
349745.425492305192165077,-9356.939137631101402803,-39916.928754294181999285,-9789.624622944178554462
350012.056955752370413393,-8555.961003502960011247,-40091.269405498263949994,-9810.898710055658739293
350278.688419199548661709,-7751.745580738872376969,-40250.440868974947079550,-9828.460407071408553747
351025.773178184987045825,-5483.739921134520045598,-40615.142945494269952178,-9857.842762577211033204
352105.341933798452373594,-2179.385260953685701679,-40928.874950257741147652,-9848.578317892510312959
353303.572853948629926890,1503.108221491225776845,-40979.976339240507513750,-9766.819061170201166533
354383.141609562095254660,4811.887002962283077068,-40758.033098055013397243,-9629.262418957672707620
355130.226368547533638775,7085.398901986458440660,-40456.396090025606099516,-9499.059034581807281938
355396.857831994711887091,7892.061062257277626486,-40319.602326806569180917,-9445.738140811779885553
355663.489295441890135407,8695.738161134187976131,-40167.558234621843439527,-9388.844262299227921176
356410.574054427328519523,10929.105346785489018657,-39660.825631420870195143,-9210.589227227932497044
357490.142810040793847293,14097.381849930750831845,-38721.055333607546344865,-8904.853524785239642370
358688.373730190971400589,17510.789299796218983829,-37397.333275370998308063,-8500.987908937644533580
359767.942485804436728358,20472.429512832342879847,-35959.940272106599877588,-8081.453310539625817910
360515.027244789875112474,22448.759516457947029267,-34834.200701013352954760,-7761.640543086987236165
360781.658708237053360790,23138.270328094524302287,-34407.213873712193162646,-7641.871307250382415077
361048.290171684231609106,23819.032759322006313596,-33967.217973925449769013,-7519.212530638763382740
361795.374930669669993222,25677.709418214715697104,-32666.524439980326860677,-7160.539447223969546030
362874.943686283135320991,28227.569235664952429943,-30616.797042852464073803,-6604.994672209086274961
364073.174606433312874287,30852.320013861535699107,-28120.288659222234855406,-5940.632422157618748315
365152.743362046778202057,33016.094042351396637969,-25686.713723261749692028,-5303.095687552568051615
365899.828121032216586173,34394.509932066852343269,-23908.539285357004700927,-4842.429946309659499093
366166.459584479394834489,34861.956975027809676249,-23256.461178349836700363,-4674.469161735391026014
366433.091047926573082805,35316.227804660637048073,-22595.593199646282300819,-4504.741511696978705004
367180.175806912011466920,36517.442055776307824999,-20699.207087767568737036,-4020.313855615256215970
368259.744562525476794690,38061.016881919887964614,-17851.892797808086470468,-3299.610624147251201066
369457.975482675654347986,39497.926827876566676423,-14562.954795550946073490,-2475.960236358899237530
370537.544238289119675756,40534.823444595647742972,-11503.879122328080484294,-1717.523183790180837605
371284.628997274558059871,41105.766345195021131076,-9344.074390243700690917,-1186.156735577227436806
371551.260460721736308187,41280.091170332336332649,-8566.203502695772840525,-995.580181587767242490
371817.891924168914556503,41438.818558027967810631,-7785.095925391683522321,-804.627425445225412659
372564.976683154352940619,41799.997601134513388388,-5581.762097585395167698,-268.201553357795205557
373644.545438767818268389,42102.726378775005287025,-2370.334056999748554517,507.943752258220456497
374842.776358917995821685,42133.507252888557559345,1210.407207386973368557,1365.511986653181338625
375922.345114531461149454,41886.066054050708771683,4429.411694984972200473,2129.420484386837415514
376669.429873516899533570,41562.871270500065293163,6642.171573233375056589,2650.624958484449962270
376936.061336964077781886,41417.621444119620718993,7427.466422716824126837,2834.816976034388972039
377202.692800411256030202,41256.724943391498527490,8209.955337594421507674,3017.937982052943425515
377949.777559396694414318,40723.104067368825781159,10384.979333664217847399,3524.738847521995012357
379029.346315010159742087,39739.176243211746623274,13471.909819161834093393,4238.235221600216391380
380227.577235160337295383,38359.382664437820494641,16799.696315821383905131,4999.251188002287562995
381307.145990773802623153,36865.425065916700987145,19688.935413169547246071,5652.416858281752865878
382054.230749759241007268,35697.361579279597208370,21618.044965301967749838,6084.170485740315598377
382320.862213206419255584,35254.665573128797404934,22291.306500498780224007,6233.957892139001160103
382587.493676653597503901,34798.651538947677181568,22956.147128997712570708,6381.390143760471801215
383334.578435639035888016,33451.479041694241459481,24772.007135425574233523,6781.470199710725864861
384414.147191252501215786,31330.644127083112834953,27264.875096420295449207,7323.779037281216005795
385612.378111402678769082,28750.209016405831789598,29833.500783303352363873,7872.473516746703353419
386691.946867016144096851,26236.993760251491039526,31953.465904960656189360,8315.530048778606214910
387439.031626001582480967,24401.727475682127987966,33305.459426379027718212,8592.146855560753465397
387705.663089448760729283,23728.917803672251466196,33764.264923203707439825,8684.740575315290698200
387972.294552895938977599,23047.143088450309733162,34210.313912700483342633,8774.052861683512674063
388719.379311881377361715,21091.309485561523615615,35390.750051563074521255,9006.538931752320422675
389798.948067494842689484,18156.112662889649072895,36910.267689167034404818,9295.138813354426019941
390997.178987645020242780,14767.472643349385180045,38328.869263981789117679,9548.006084185602958314
392076.747743258485570550,11617.216622273088432848,39356.916975119012931827,9713.511456860846010386
392823.832502243923954666,9393.866186314779042732,39925.997648566502903122,9792.876340932183666155
393090.463965691102202982,8593.269703893054611399,40100.501696831488516182,9814.177025543065610691
393357.095429138280451298,7789.425778874789102701,40259.851547231242875569,9831.768603695672936738
394104.180188123718835413,5522.401903709529506159,40625.129293026126106270,9861.251159727760750684
395183.748943737184163183,2219.292235148531744926,40939.871870560120441951,9852.169719145444105379
396381.979863887361716479,-1462.094119568805581366,40992.300388613672112115,9770.656188209093670594
397461.548619500827044249,-4770.149982719202853332,40771.691618874443520326,9633.348150668107336969
398208.633378486265428364,-7043.323630716453408240,40471.030202375630324241,9503.326005390326827182
398475.264841933443676680,-7849.898035834284200973,40334.591397180505737197,9450.070786940546895494
398741.896305380621924996,-8653.504895971740552341,40182.904664661371498369,9393.242836129262286704
399488.981064366060309112,-10886.769016692103832611,39677.179918370027735364,9215.172436186359846033
400568.549819979525636882,-14055.140097990672074957,38738.856530785262293648,8909.697251621604664251
401766.780740129703190178,-17468.981618989048001822,37416.674828073322714772,8506.100296630142111098
402846.349495743168517947,-20431.293235481804003939,35980.559947701818600763,8086.778139881064817018
403593.434254728606902063,-22408.231395062601222889,34855.620202538644662127,7767.090826772542641265
403860.065718175785150379,-23097.985625715973583283,34428.899020064469368663,7647.361453864074064768
404126.697181623021606356,-23779.004598121482558781,33989.157425846737169195,7524.739766700079599104
404873.781940608459990472,-25638.465592681652196916,32689.111461940810841043,7166.154903469694545493
405953.350696221925318241,-28189.609111660502094310,30640.132834471092792228,6610.693208770308046951
407151.581616372102871537,-30815.947891860811068909,28144.166316468101285864,5946.356014268174476456
408231.150371985568199307,-32981.250547163879673462,25710.795723444996838225,5308.777420042933954392
408978.235130971006583422,-34360.752409525382972788,23932.597339831474528182,4848.045927055022730201
409244.866594418184831738,-34828.588892548657895532,23280.477304270298191113,4680.054356262410692580
409511.498057865363080055,-35283.248930626738001592,22619.549737269888282754,4510.292083383180397504
410258.582816850801464170,-36485.546007462296984158,20722.902555417680559913,4025.747168807624802866
411338.151572464266791940,-38030.637977287253306713,17874.968173215038405033,3304.823132029904627416
412536.382492614444345236,-39469.111896183807402849,14585.016874538334377576,2480.860830726419862913
413615.951248227909673005,-40507.257736004437902011,11524.754509051173954504,1722.088612414163208086
414363.036007213348057121,-41078.952209026632772293,9363.990046860508300597,1190.464069534299596853
414629.667470660526305437,-41253.519829249729809817,8585.751435877653420903,999.790842844885901286
414896.298934107704553753,-41412.475707358593354002,7804.263683668133126048,808.739233133208017534
415643.383693093142937869,-41774.214194821332057472,5599.802959351440222235,272.025999387277352071
416722.952448706608265638,-42077.523416020776494406,2386.607378830140532955,-504.555986987281471556
417921.183368856785818934,-42108.603278622329526115,-1196.241293329795098543,-1362.626574518341612929
419000.752124470251146704,-41861.098252809919358697,-4417.224520673953520600,-2126.990855679551259527
419747.836883455689530820,-41537.667377964731713291,-6631.371028515379293822,-2648.505890174733394815
420014.468346902867779136,-41392.294785786230931990,-7417.160356573480385123,-2832.806864981826493022
420281.099810350046027452,-41231.255214893251832109,-8200.142290047542701359,-3016.035542914600227959
421028.184569335484411567,-40697.125567466799111571,-10376.533247695599129656,-3523.129684580175307929
422107.753324948949739337,-39712.185193290795723442,-13465.373146761561656604,-4237.021375352131144609
423305.984245099127292633,-38330.898076964040228631,-16795.132151527031965088,-4998.424004370901457150
424385.553000712592620403,-36835.284420402291289065,-19685.962929129036638187,-5651.879225617576594232
425132.637759698031004518,-35665.917994471696147230,-21616.046134935793816112,-6083.795187350004198379
425399.269223145209252834,-35222.728418570135545451,-22289.626680322831816738,-6233.632327088597776310
425665.900686592387501150,-34766.206694088403310161,-22954.770383285285788588,-6381.109800323611125350
426412.985445577825885266,-33417.541650895494967699,-24771.389971437300118851,-6781.291579420028938330
427492.554201191291213036,-31294.391386622861318756,-27265.103905892639886588,-7323.678788246355907177
428690.785121341468766332,-28711.218804494834330399,-29834.289240392841747962,-7872.359622575722823967
429770.353876954934094101,-26195.442316180000489112,-31954.393425360114633804,-8315.309502151449123630
430517.438635940372478217,-24358.380658413112541893,-33306.272896054615557659,-8591.799320586718749837
430784.070099387550726533,-23684.929868677754711825,-33764.995459918638516683,-8684.337189528258022619
431050.701562834728974849,-23002.515211505073239096,-34210.939226266767946072,-8773.588114731437599403
431797.786321820167358965,-21044.902079916202637833,-35390.961917111417278647,-9005.873180377613607561
432877.355077433632686734,-18107.199949068100977456,-36909.576229384394537192,-9294.108681977475498570
434075.585997583810240030,-14715.931602753742481582,-38326.764852730477286968,-9546.474451065667381044
435155.154753197275567800,-11563.503123849328403594,-39353.191382609940774273,-9711.447762267893267563
435902.239512182713951916,-9338.785180851267796243,-39920.971796756472031120,-9790.404478302991265082
436168.870975629892200232,-8537.731044642141569057,-40094.978916235966607928,-9811.552291435862571234
436435.502439077070448548,-7733.446513748238430708,-40253.815427283501776401,-9828.987462963987127296
437182.587198062508832663,-5465.284152346166592906,-40617.572503028124629054,-9858.014370820204931078
438262.155953675974160433,-2160.799929043681913754,-40929.926697949187655468,-9848.235608252627571346
439460.386873826151713729,1521.702461115973619599,-40979.491236616246169433,-9765.908046434338757535
440539.955629439617041498,4830.367660000056275749,-40756.165884460431698244,-9627.845143521537465858
441287.040388425055425614,7103.733806395292049274,-40453.578525659177103080,-9497.296333912248883280
441553.671851872233673930,7910.330734888108963787,-40316.447433826666383538,-9443.853366236442525405
441820.303315319411922246,8713.935688452971589868,-40164.067189582696300931,-9386.838122839075367665
442567.388074304850306362,10947.064144136733375490,-39656.400058623337827157,-9208.247197864615372964
443646.956829918315634131,14114.901647787979527493,-38715.303029878930829000,-8902.038607881793723209
444845.187750068493187428,17527.694749889164086198,-37390.150188685358443763,-8497.668604493132079369
445924.756505681958515197,20488.670683003212616313,-35951.514475279196631163,-8077.701099397063444485
446671.841264667396899313,22464.481724542751180707,-34824.944892139370494988,-7757.602175095436905394
446938.472728114575147629,23153.795921095075755147,-34397.668335213573300280,-7637.733664090330421459
447205.104191561753395945,23834.355857561964512570,-33957.386300651676720008,-7514.977173672252320102
447952.188950547191780061,25692.434480928201082861,-32655.911100375273235841,-7156.038931541506826761
449031.757706160657107830,28241.353264069737633690,-30605.110201598134153755,-6600.134742485440256132
450229.988626310834661126,30864.959637610827485332,-28107.495113956603745464,-5935.408862069412862184
451309.557381924299988896,33027.619526425602089148,-25673.006231630086404039,-5297.578523308583498874
452056.642140909738373011,34405.222049926829640754,-23894.248603001076844521,-4836.729486068827100098
452323.273604356916621327,34872.370955243080970831,-23241.972517720376345096,-4668.707348421391543525
452589.905067804094869643,35326.339696455499506555,-22580.912026945090474328,-4498.920521193873355514
453336.989826789533253759,36526.687448927397781517,-20684.016237176427239319,-4014.338831728875447880
454416.558582402998581529,38068.962173525396792684,-17836.045294032752281055,-3293.444414416706422344
455614.789502553176134825,39504.371548657953098882,-14546.493374564275654848,-2469.626554707361719920
456694.358258166641462594,40539.873476524669968057,-11486.971874685388684156,-1711.079938848241909000
457441.443017152079846710,41109.832218819712579716,-9326.919718814302541432,-1179.660990092116890082
457708.074480599258095026,41283.802695010752358939,-8548.972804290406202199,-989.070356578617520427
457974.705944046436343342,41442.174313096453261096,-7767.795706741037065513,-798.105980355413294092
458721.790703031874727458,41802.350091987515043002,-5564.301961682883302274,-261.660683830679090534
459801.359458645340055227,42103.617311203292047139,-2352.734365679491475021,514.478419445618442296
460999.590378795517608523,42132.769543891103239730,1228.034220866501527780,1371.992402748757285735
462079.159134408982936293,41883.865122419039835222,4446.948197183325646620,2135.809671818092738249
462826.243893394421320409,41559.665005676004511770,6659.581804836894662003,2656.927803315749315516
463092.875356841599568725,41414.058491137773671653,7444.819058757409948157,2841.084462535834518349
463359.506820288777817041,41252.806628809390531387,8227.243819128188988543,3024.167740994501400564
464106.591579274216201156,40718.198260051794932224,10402.053335878525103908,3530.850401001397585787
465186.160334887681528926,39732.869655885813699570,13488.584581288661865983,4244.144027099603590614
466384.391255037859082222,38351.567036690437817015,16815.807098496690741740,5004.892152209347841563
467463.960010651324409992,36856.300230654902406968,19704.432592657303757733,5657.779564539233433607
468211.044769636762794107,35687.363163354384596460,21633.061012373178527923,6089.321057329942959768
468477.676233083941042423,35244.362392512732185423,22306.139954169171687681,6239.029015797790634679
468744.307696531119290739,34788.047468206263147295,22970.792374528664367972,6386.379900524665572448
469491.392455516557674855,33440.053497966175200418,24786.095738125728530576,6786.222014418368416955
470570.961211130023002625,31318.091753584434627555,27278.085811777931667166,7328.162268979320288054
471769.192131280200555921,28736.496914899515104480,29845.641345025462214835,7876.415910797205469862
472848.760886893665883690,26222.325824269817530876,31964.562504144916601945,8319.049346646825142670
473595.845645879104267806,24386.450775724166305736,33315.792797889604116790,8595.360401146073854761
473862.477109326282516122,23713.434693118058930850,33774.318328600471431855,8687.842635002467432059
474129.108572773460764438,23031.459404407371039269,34220.083535779252997600,8777.042258783882061834
474876.193331758899148554,21075.095538678309821989,35399.705124443440581672,9009.206751778685429599
475955.762087372364476323,18139.217635623743262840,36917.999173793992667925,9297.328151387746402179
477153.993007522542029619,14749.944125860287385876,38335.186570924779516645,9549.648508140922785969
478233.561763136007357389,11599.231573663026210852,39361.918218563216214534,9714.650190450929585495
478980.646522121445741504,9375.630200558136493783,39930.069311939769249875,9793.662140845208341489
479247.277985568623989820,8574.957212919074663660,40104.238486328657018021,9814.836235574732199893
479513.909449015802238137,7771.043698307768863742,40263.252028410075581633,9832.300969252888535266
480260.994208001240622252,5503.861891603166441200,40627.580903088608465623,9861.427167744986945763
481340.562963614705950022,2200.621210081043500395,40940.939902057536528446,9851.830054255562572507
482538.793883764883503318,-1480.775175399640374962,40991.824946262284356635,9769.746663298134080833
483618.362639378348831087,-4788.717996902983941254,40769.827926575475430582,9631.930924385063917725
484365.447398363787215203,-7061.745989419396209996,40468.211832080072781537,9501.562338714449651889
484632.078861810965463519,-7868.255140454455613508,40331.434140760895388667,9448.184681066792109050
484898.710325258143711835,-8671.789802365370633197,40179.409692621593421791,9391.234998725511104567
485645.795084243582095951,-10904.814878587727434933,39672.746010220522293821,9212.827675602575254743
486725.363839857047423720,-14072.746060170447890414,38733.089472336519975215,8906.878100582111073891
487923.594760007224977016,-17485.971594947277480969,37409.469841525344236288,8502.775088977563427761
489003.163515620690304786,-20447.616861510585295036,35972.105847231701773126,8083.018534754114625684
489750.248274606128688902,-22424.034290687919565244,34846.331705039912776556,7763.044047869476344204
490016.879738053306937218,-23113.591208095131150912,34419.319241175151546486,7643.215040853650862118
490283.511201500485185534,-23794.406952207831636770,33979.289968688353837933,7520.495283406417001970
491030.595960485923569649,-25653.267667410116700921,32678.458064902326441370,7161.644277699205304089
492110.164716099388897419,-28203.466420211796503281,30628.399924756293330574,6605.821795071353335516
493308.395636249566450715,-30828.655984918681497220,28131.320321725972462445,5941.119528515276215330
494387.964391863031778485,-32992.839579632680397481,25697.030358886760950554,5303.246123515589715680
495135.049150848470162600,-34371.524356753528991248,23918.245243842018680880,4842.330559335790894693
495401.680614295648410916,-34839.061314750644669402,23265.926012707081099506,4674.277371807629606337
495668.312077742826659232,-35293.417846179756452329,22604.804742081494623562,4504.455665280316679855
496415.396836728265043348,-36494.844290749046194833,20707.644687912768858951,4019.756039000526016025
497494.965592341730371118,-38038.629790771905391011,17859.049441368882980896,3298.639948791364531644
498693.196512491907924414,-39475.595572163198085036,14568.480167725670980872,2474.509383103991240205
499772.765268105373252183,-40512.339511922211386263,11507.768926390928754699,1715.627054337957815733
500519.850027090811636299,-41083.044648609939031303,9346.755290144847094780,1183.949730628377665198
500786.481490537989884615,-41257.256039247535227332,8568.440101638119813288,993.262344554304490885
501053.112953985168132931,-41415.854251482902327552,7786.882318457513974863,802.199045709737106336
501800.197712970606517047,-41776.584086768954875879,5582.260462015781740774,265.466252540161008255
502879.766468584071844816,-42078.423806435661390424,2368.924148462996527087,-511.109570956590005153
504077.997388734249398112,-42107.866071540942357387,-1213.952328989269972226,-1369.125731144456040056
505157.566144347714725882,-41858.889708721537317615,-4434.844722075330537336,-2133.398424340761266649
505904.650903333153109998,-41534.447901677878689952,-6648.864311270999678527,-2654.826756465175549238
506171.282366780331358314,-41388.716632048657629639,-7434.595728358640371880,-2839.092222692966061004
506437.913830227509606630,-41227.319716831327241380,-8217.513147767345799366,-3022.283011407676440285
507184.998589212947990745,-40692.197066026223183144,-10393.688384518611201202,-3529.258434488660896022
508264.567344826413318515,-39705.848107035599241499,-13482.126646760803851066,-4242.946482424702480785
509462.798264976590871811,-38323.043588428539806046,-16811.318198889370250981,-5004.080073252948750451
510542.367020590056199580,-36826.113540590304182842,-19701.531541139935143292,-5657.255785668443422765
511289.451779575494583696,-35655.868794539717782754,-21631.130591379547695396,-6088.958657993568522215
511556.083243022672832012,-35212.372813280555419624,-22304.527393911364924861,-6238.715992436996202741
511822.714706469851080328,-34755.548586253964458592,-22969.481703256693435833,-6386.111733024491513788
512569.799465455289464444,-33406.057710338049218990,-24785.541141152109048562,-6786.054502565305483586
513649.368221068754792213,-31281.774759110699960729,-27278.371663904905290110,-7328.071483656231976056
514847.599141218932345510,-28697.436617306906555314,-29846.480142531374440296,-7876.309532644847422489
515927.167896832397673279,-26180.699692370395496255,-31965.533878062502481043,-8318.834471581183606759
516674.252655817836057395,-24343.026468162810488138,-33316.645418276100826915,-8595.017222280748683261
516940.884119265014305711,-23669.368345712497102795,-33775.086300291586667299,-8687.443129615192447091
517207.515582712192554027,-22986.752234645729913609,-34220.744550602823437657,-8776.580913735824651667
517954.600341697630938143,-21028.606598483798734378,-35399.947746601930703036,-9008.543049375077316654
519034.169097311096265912,-18090.220743907237192616,-36917.331137616849446204,-9296.298093321242049569
520232.400017461273819208,-14698.316811070108087733,-38333.097261938048177399,-9548.114749243155529257
521311.968773074739146978,-11545.430670739220659016,-39358.200144371920032427,-9712.582404947015675134
522059.053532060177531093,-9320.461426796671730699,-39925.045720401612925343,-9791.184846917207323713
522325.684995507355779409,-8519.330737596363178454,-40098.716092641945579089,-9812.205597049358402728
522592.316458954592235386,-7714.976612142386329651,-40257.214425323552859481,-9829.513454183461362845
523339.401217940030619502,-5446.656530902062513633,-40620.017416337504982948,-9858.182707086809386965
524418.969973553437739611,-2142.042175698422397545,-40930.980601961782667786,-9847.886456044121587183
525617.200893703731708229,1540.468501661742266151,-40978.993628924705262762,-9764.987117899896475137
526696.769649317138828337,4849.018435003670674632,-40754.273035943479044363,-9626.414891151458505192
527443.854408302693627775,7122.237045831450814148,-40450.726328966818982735,-9495.518582667686132481
527710.485871749813668430,7928.767984878424613271,-40313.254721019307908136,-9441.952811545856093289
527977.117335196817293763,8732.299972075572441099,-40160.535151581287209410,-9384.815479707945996779
528724.202094182372093201,10965.187062380440693232,-39651.924688669751049019,-9205.886671671931253513
529803.770849795779213309,14132.580899960043097963,-38709.488475344100152142,-8899.202412694603481214
531002.001769945956766605,17544.753319383082271088,-37382.891484814485011157,-8494.325090002786964760
532081.570525559363886714,20505.058262882710550912,-35943.001511092661530711,-8073.922194696411679615
532828.655284544918686152,22480.345165432685462292,-34815.594235545177070890,-7753.535490999560352066
533095.286747992038726807,23169.460796996077988297,-34388.025275020336266607,-7633.567145881786018435
533361.918211439158767462,23849.816236157825187547,-33947.454468640571576543,-7510.712393646206692210
534109.002970424713566899,25707.290939160411653575,-32645.190418350310210371,-7151.507517288247981924
535188.571726038120687008,28255.259500544001639355,-30593.306206090157502331,-6595.241945292204036377
536386.802646188298240304,30877.710388908388267737,-28094.574377355060278205,-5930.150488351082458394
537466.371401801705360413,33039.245426822919398546,-25659.163335430850565899,-5292.025019319931743667
538213.456160787260159850,34416.026803784632647876,-23879.817320925987587543,-4830.991761360690361471
538480.087624234380200505,34882.874726990521594416,-23227.341503564410231775,-4662.907967270291919704
538746.719087681500241160,35336.538501416609506123,-22566.086800755951117026,-4493.061673694862292905
539493.803846667055040598,36536.011519006737216841,-20668.676862097683624597,-4008.325217241903374088
540573.372602280462160707,38076.973835134063847363,-17820.043587042098806705,-3287.238756877077321406
541771.603522430639714003,39510.868502648379944731,-14529.872567501071898732,-2463.252760214255886240
542851.172278044046834111,40544.962661226374621037,-11469.901611986093485029,-1704.596243951957603713
543598.257037029601633549,41113.928046763598104008,-9309.600111070893035503,-1173.124708010979929895
543864.888500476721674204,41287.540868249663617462,-8531.576602123241173103,-982.519993174979163086
544131.519963923841714859,41445.553400932592921890,-7750.329479438719317841,-791.544010397692545666
544878.604722909396514297,41804.716582208144245669,-5546.674737188700419210,-255.079408894609059644
545958.173478522803634405,42104.508690238537383266,-2334.966901382009837107,521.053107806346474717
547156.404398672981187701,42132.017240012173715513,1245.828550465989337681,1378.512123466222419665
548235.973154286388307810,41881.636136526809423231,4464.650510750180728792,2142.237261313074668578
548983.057913271943107247,41556.421469339751638472,6677.156204601977151469,2663.268285991518041556
549249.689376719063147902,41410.455002436297945678,7462.335158310038423224,2847.389286972142599552
549516.320840166183188558,41248.844529633577622008,8244.694997758040699409,3030.434523850019559177
550263.405599151737987995,40713.239657101643388160,10419.287561308286967687,3536.998024397968492849
551342.974354765145108104,39726.497535282054741401,13505.415154530403015087,4250.087335738683577802
552541.205274915322661400,38343.672216479477356188,16832.067667014216567622,5010.565630832486021973
553620.774030528729781508,36847.084410811949055642,19720.073149652962456457,5663.172780559440070647
554367.858789514284580946,35677.265927983018627856,21648.215479880855127703,6094.500639995283563621
554634.490252961404621601,35233.957665997280855663,22321.109958900859055575,6244.128594576324758236
554901.121716408524662256,34777.339163476462999824,22985.572250142042321386,6391.397545696138877247
555648.206475394079461694,33428.516401330947701354,24800.313319838191091549,6791.000074186220444972
556727.775231007486581802,31305.417840869311476126,27291.416668827616376802,7332.569234776363373385
557926.006151157664135098,28722.653073644694813993,29857.891370964214729611,7880.379080499889823841
559005.574906771071255207,26207.517816339332057396,31975.758229759943787940,8322.586618219478623359
559752.659665756626054645,24371.028742511323798681,33326.217778281992650591,8598.589915121654485120
560019.291129203746095300,23697.804475151682709111,33784.460592868643288966,8690.959935593189584324
560285.922592650866135955,23015.626894372282549739,34229.939234110701363534,8780.046163532555510756
561033.007351636420935392,21058.728251935819571372,35408.738303042482584715,9011.886996560557236080
562112.576107249828055501,18122.163552329882804770,36925.796844422118738294,9299.526840707325391122
563310.807027400005608797,14732.251362282895570388,38341.556356584434979595,9551.296804905690805754
564390.375783013412728906,11581.078674725096789189,39366.959244302794104442,9715.791623528813943267
565137.460541998967528343,9357.224477714396925876,39934.171821921576338354,9794.448433147421383183
565404.092005446087568998,8556.474433160812623100,40108.002909686081693508,9815.495149573420349043
565670.723468893207609653,7752.490841622467996785,40266.676920204874477349,9832.832250454155655461
566417.808227878762409091,5485.150082215233851457,40630.047846924564510118,9861.599885641961009242
567497.376983492169529200,2181.777813062963559787,40942.010076883168949280,9851.483930598185907002
568695.607903642347082496,-1499.627990763101479388,40991.336993838849593885,9768.827210114362969762
569775.176659255754202604,-4807.456095983481645817,40767.938599538611015305,9630.500707822793629020
570522.261418241309002042,-7080.336656203235179419,40465.358832052785146516,9499.783608654402996763
570788.892881688429042697,-7886.779797716530083562,40328.239067728420195635,9446.282782410979052656
571055.524345135549083352,-8690.241442588054269436,40175.873731327417772263,9389.210645100598412682
571802.609104121103882790,-10923.024845206797181163,39668.262309327095863409,9210.464405830327450531
572882.177859734511002898,-14090.511469454690086422,38727.260166759006096981,8904.037658831952285254
574080.408779884688556194,-17503.114692411680152873,37402.189238307721097954,8499.425658331711019855
575159.977535498095676303,-20464.086906784552411409,35963.564575097858323716,8079.232222296310283127
575907.062294483650475740,-22439.978433080163085833,34836.948351188046217430,7758.968938349251402542
576173.693757930770516396,-23129.336088750609633280,34409.641930233905441128,7639.039737988909109845
576440.325221378006972373,-23809.946603346616029739,33969.322340622311457992,7516.221361940744827734
577187.409980363561771810,-25668.201157518986292416,32667.697307759211980738,7157.102737323273686343
578266.978735976968891919,-28217.445959747223241720,30616.549834164878120646,6600.917496412248510751
579465.209656127146445215,-30841.475229507694166387,28118.347098119542351924,5935.848209942747416790
580544.778411740553565323,-33004.529051124642137438,25683.129541907983366400,5297.678466541047782812
581291.863170726108364761,-34382.388960500771645457,23903.752493063500878634,4836.577905456979351584
581558.494634173228405416,-34849.623547970280924346,23251.232309986306063365,4668.462797488120486378
581825.126097620348446071,-35303.673693212971556932,22589.915633229957165895,4498.581367830063754809
582572.210856605903245509,-36504.221265276806661859,20692.238228756938042352,4013.726295406113422359
583651.779612219310365617,-38046.687980957663967274,17842.976429622005525744,3292.417293583491755271
584850.010532369487918913,-39482.131477191724115983,14551.783988789813520270,2468.117797808553859795
585929.579287982895039022,-40517.460424698394490406,11490.620235669586691074,1709.125021318595827324
586676.664046968449838459,-41087.167017498351924587,9329.355500293899240205,1177.394830311401619838
586943.295510415569879115,-41261.018869373605411965,8550.963165673425464774,986.693283176314139382
587209.926973862689919770,-41419.256096442150010262,7769.334845612207573140,795.618308880309996312
587957.011732848244719207,-41778.967935946842771955,5564.550774933102729847,258.866076359893554582
589036.580488461651839316,-42079.324585732640116476,2351.073042730206452688,-517.703198649129603837
590234.811408611829392612,-42107.114193800196517259,-1231.830781687469425378,-1375.664212717151713150
591314.380164225236512721,-41856.653018093718856107,-4452.630831744570969022,-2139.844412745390400232
592061.464923210791312158,-41531.191050281151547097,-6666.521854774179701053,-2661.185276097521636984
592328.096386657911352813,-41385.097835006286913995,-7452.194654397827434877,-2845.414932989253429696
592594.727850105031393468,-41223.340322640928206965,-8235.046791321479759063,-3028.567517582569053047
593341.812609090586192906,-40687.215646608456154354,-10411.003826836906227982,-3535.423265426187754201
594421.381364703993313015,-39699.445350442081689835,-13499.036028672897373326,-4248.906099456642550649
595619.612284854170866311,-38315.109755739438696764,-16827.654087325539876474,-5009.768658037713976228
596699.181040467577986419,-36816.851513290741422679,-19717.243569541085889796,-5662.662851725298423844
597446.265799453132785857,-35645.720605780268670060,-21646.353494678514834959,-6094.151132128043172997
597712.897262900252826512,-35201.915490678984497208,-22319.564680326478992356,-6243.828103921259753406
597979.528726347372867167,-34744.786071141628781334,-22984.327670322287303861,-6391.141543734689548728
598726.613485332927666605,-33394.462039183039451018,-24799.821293083827185910,-6790.843656343447946711
599806.182240946334786713,-31269.036410702363355085,-27291.759545795248413924,-7332.487892796472806367
601004.413161096512340009,-28683.522507764471811242,-29858.780466706877632532,-7880.280191357278454234
602083.981916709919460118,-26165.816816480139095802,-31976.773392599377984880,-8322.377381804948527133
602831.066675695474259555,-24327.526768115512822988,-33327.109469258859462570,-8598.251055478100170149
603097.698139142594300210,-23653.659540447599283652,-33785.265913907001959160,-8690.564272329362211167
603364.329602589714340866,-22970.840258757489209529,-34230.635859082256502006,-8779.588180741249743733
604111.414361575269140303,-21012.157610378486424452,-35409.011575554912269581,-9011.225299751889906474
605190.983117188676260412,-18073.082327549345791340,-36925.152104499982669950,-9298.496807539044311852
606389.214037338853813708,-14680.537634565185726387,-38339.482000685820821673,-9549.760866829605220119
607468.782792952260933816,-11527.190246310494330828,-39363.248521482637443114,-9713.719689865887630731
608215.867551937815733254,-9301.967828421762533253,-39929.150312678262707777,-9791.965648415862233378
608482.499015384935773909,-8500.760039712316938676,-40102.480721272659138776,-9812.858546405861488893
608749.130478832055814564,-7696.335837677072049701,-40260.637648840034671593,-9830.038300150681607192
609496.215237817610614002,-5427.857030982097967353,-40622.477469326644495595,-9858.347690711445466150
610575.783993431017734110,-2123.111993179138153209,-40932.036444674653466791,-9847.530780899771343684
611774.014913581195287406,1559.406330742972386361,-40978.483298432358424179,-9764.056196114261183538
612853.583669194602407515,4867.839297531781994621,-40752.354336093500023708,-9624.971583738863046165
613600.668428180157206953,7140.908577460167180107,-40447.839285239933815319,-9493.725703953903575893
613867.299891627277247608,7947.372764999554419774,-40310.023974438001459930,-9440.036400334685822600
614133.931355074397288263,8750.830960398203387740,-40156.961907513970800210,-9382.776257018223986961
614881.016114059952087700,10983.474037757956466521,-39647.399311247398145497,-9203.507574365490654600
615960.584869673359207809,14150.419525467386847595,-38703.611464824069116730,-8896.344867644296755316
617158.815789823536761105,17561.964908774119976442,-37375.556965765645145439,-8490.957297408484009793
618238.384545436943881214,20521.592136922019562917,-35934.401189325602899771,-8070.116531997991842218
618985.469304422498680651,22496.349712886942143086,-34806.148547081618744414,-7749.440429099217908515
619252.100767869618721306,23185.264825830217887415,-34378.284511283614847343,-7629.371691947061663086
619518.732231316738761961,23865.413761464798881207,-33937.422298412384407129,-7506.418130928349455644
620265.816990302293561399,25722.278649234049225925,-32634.362221423620212590,-7146.945147880239346705
621345.385745915700681508,28269.287787673481943784,-30581.384894857754261466,-6590.316228744561158237
622543.616666065878234804,30890.572096236061042873,-28081.526301338075427338,-5924.857254708903383289
623623.185421679285354912,33050.971560434365528636,-25645.184899621537624625,-5286.435134634302812628
624370.270180664840154350,34426.924003168627677951,-23865.245313607603748096,-4825.216735080267426383
624636.901644111960195005,34893.468097306715208106,-23212.568013846263056621,-4657.070982577381073497
624903.533107559080235660,35346.824024161600391380,-22551.117402577878237935,-4487.164934909022122156
625650.617866544635035098,36545.414064249009243213,-20653.188854170559352497,-4002.272981892554071237
626730.186622158042155206,38085.051656818381161429,-17803.887583688672748394,-3280.993627244301933388
627928.417542308219708502,39517.417472383283893578,-14513.092298773472066387,-2456.838835405361351150
629007.986297921626828611,40550.090775863376620691,-11452.668274962697978481,-1698.072087878624188306
629755.071056907181628048,41118.053603276443027426,-9292.115519263410533313,-1166.547882480858561394
630021.702520354301668704,41291.305463421020249370,-8514.014852590542432154,-975.929086088957319589
630288.333983801421709359,41448.955594116065185517,-7732.697204043959573028,-784.941511851264067445
631035.418742786976508796,41807.096842614148044959,-5528.880396403310442111,-248.457729225875027623
632114.987498400383628905,42105.400285353629442398,-2317.031653511386593891,527.667810316900272483
633313.218418550561182201,42131.250110902401502244,1263.790187721556321776,1385.071134788924609893
634392.787174163968302310,41879.378867688916216139,4482.518610097461532860,2148.703232643900264520
635139.871933149523101747,41553.140434787790582050,6694.894735173717890575,2669.646382055944741296
635406.503396596643142402,41406.810752181932912208,7480.014679845476166520,2853.731423395537603938
635673.134860043763183057,41244.838420986394339707,8262.308827795888646506,3036.738303189511952951
636420.219619029317982495,40708.228036769913160242,10436.681952706689116894,3543.181686184997943201
637499.788374642725102603,39720.059665332686563488,13522.401465244351129513,4256.065110238710985868
638698.019294792902655900,38335.697995607624761760,16848.477930066437693313,5016.271580479311523959
639777.588050406309776008,36837.777406644068832975,19735.856977522289525950,5668.596457723028834153
640524.672809391864575446,35667.069680000502557959,21663.508250962182501098,6099.709181673484636121
640791.304272838984616101,35223.451202905016543809,22336.216394262904941570,6249.256575219655132969
641057.935736286104656756,34766.526436640568135772,23000.486631884046801133,6396.443024847912965924
641805.020495271659456193,33416.867571220063837245,24814.659746989273116924,6795.804321413685102016
642884.589250885066576302,31292.622220219091104809,27304.867520799307385460,7336.999872789379878668
644082.820171035244129598,28708.677338298151880736,29870.250700765172950923,7884.362959667343602632
645162.388926648651249707,26192.569596082917996682,31987.052910252943547675,8326.141793861590485903
645909.473685634206049144,24355.461245848411635961,33336.734188869166246150,8601.835325717416708358
646176.105149081326089799,23682.027023306876799325,33794.691534902231069282,8694.092404606595664518
646442.736612528446130455,22999.645435655766050331,34239.880824238105560653,8783.064502765228098724
647189.821371514000929892,21042.207513472669234034,35417.849397686877637170,9014.579591166319005424
648269.390127127408050001,18104.950317373437428614,36933.660503391234669834,9301.734804221201557084
649467.621047277585603297,14714.394275687745903269,38347.978415867379226256,9552.950895548938206048
650547.189802890992723405,11562.757865894254791783,39372.039841883153712843,9716.935676021505059907
651294.274561876547522843,9338.648970461656062980,39938.304965107156021986,9795.235137265328376088
651560.906025323667563498,8537.821321701829219819,40111.794752598914783448,9816.153686844827461755
651827.537488770787604153,7733.767170324475046073,40270.126007491599011701,9833.362366514847963117
652574.622247756342403591,5466.266449517246655887,40632.529907547825132497,9861.769232543600082863
653654.191003369749523699,2162.762036209840971424,40943.082176497562613804,9851.131267591295909369
654852.421923519927076995,-1518.652553345515570982,40990.836312664192519151,9767.897748985387806897
655931.990679133334197104,-4826.364249519145232625,40766.023420387697115075,9629.057422649546424509
656679.075438118888996542,-7099.095588180671256850,40462.470986608874227386,9497.989738091169783729
656945.706901566009037197,-7905.471960320173820946,40325.005963157076621428,9444.365014342549329740
657212.338365013129077852,-8708.859764943925256375,40172.296566693054046482,9387.169699141419187072
657959.423123998683877289,-10941.398852643174905097,39663.728604388859821483,9208.082552359324836289
659038.991879612090997398,-14108.436244633558089845,38721.368407882342580706,8901.175854566674388479
660237.222799762268550694,-17520.410811553116218420,37394.832819441078754608,8496.051936412470240612
661316.791555375675670803,-20480.703255342024931451,35954.935940104667679407,8075.419137850916740717
662063.876314361230470240,-22456.063695524426293559,34827.469955873020808212,7754.865436299354769289
662330.507777808350510895,-23145.220137219093885506,34399.866904436748882290,7634.835484381719652447
662597.139241255470551550,-23825.623417374103155453,33959.254361220671853516,7511.917942462605424225
663344.224000241025350988,-25683.265918750745186117,32656.829017101896170061,7152.530225556332879933
664423.792755854432471097,-28231.547572184597811429,30604.582400335311831441,6595.980260718044519308
665622.023676004610024393,-30854.405453346767899347,28105.246496730087528704,5930.542012082254586858
666701.592431618017144501,-33016.318777685613895301,25669.093136682851763908,5292.074408008856153174
667448.677190603571943939,-34393.346029395863297395,23889.118961232321453281,4830.787928168203507084
667715.308654050691984594,-34860.275398325706191827,23236.396073349489597604,4662.610597458576194185
667981.940117497812025249,-35314.016275407069770154,22574.882291508656635415,4492.669156605839816621
668729.024876483366824687,-36513.676728293336054776,20676.683068934613402234,4007.657907641475958371
669808.593632096773944795,-38054.812336863447853830,17826.749044252399471588,3286.155142023808821250
671006.824552246951498091,-39488.719392686187347863,14534.928261666156686260,2461.686057294822603581
672086.393307860358618200,-40522.620250327447138261,11473.308377238088723971,1702.582502088619321512
672833.478066845913417637,-41091.319088744734472129,9311.790629245353557053,1170.799361704638840820
673100.109530293033458292,-41264.808091793871426489,8533.320584092933131615,980.083653404148890331
673366.740993740153498948,-41422.681013601541053504,7751.621225430182676064,788.997018912220937636
674113.825752725708298385,-41781.365511937961855438,5546.673870215887291124,252.225471530653408081
675193.394508339115418494,-42080.225522129730961751,2333.054050956890023372,-524.336863004363863183
676391.625428489292971790,-42106.347413786970719229,-1249.876642915476622875,-1382.242005150048044015
677471.194184102700091898,-41854.387950982025358826,-4470.582823935512351454,-2146.328800566468999023
678218.278943088254891336,-41527.896595821730443276,-6684.343621433670705301,-2667.581424496824183734
678484.910406535374931991,-41381.438167581538436934,-7469.957092897629991057,-2851.774969796702862368
678751.541869982494972646,-41219.316806205759348813,-8252.743174729919701349,-3034.889033876061148476
679498.626628968049772084,-40682.181086246258928441,-10428.479517034578748280,-3541.624145713471079944
680578.195384581456892192,-39692.976706262314110063,-13516.101218376861652359,-4254.900188989733578637
681776.426304731634445488,-38307.096369575505377725,-16844.139724933174875332,-5015.489715125351722236
682855.995060345041565597,-36807.498137698043137789,-19733.098907003932254156,-5668.100374938188906526
683603.079819330596365035,-35635.473234015553316567,-21661.714727210419368930,-6099.372557445258280495
683869.711282777716405690,-35191.356259093809057958,-22334.738418355358589906,-6248.968608036155274021
684136.342746224836446345,-34733.918959658672974911,-22999.308159724416327663,-6396.199177772134135012
684883.427505210391245782,-33382.754455943620996550,-24814.230292795946297701,-6795.658982886142439384
685962.996260823798365891,-31256.176171849736419972,-27305.267403852798452135,-7336.927953500513467588
687161.227180973975919187,-28669.476320802034024382,-29871.190051548408519011,-7884.271532227857278485
688240.795936587383039296,-26150.793547512788791209,-31988.111796343848254764,-8325.938162880574964220
688987.880695572937838733,-24311.881427530806831783,-33337.664869208092568442,-8601.500748096845200052
689254.512159020057879388,-23637.803325898490584223,-33795.534118540366762318,-8693.700544876763160573
689521.143622467177920043,-22954.779160659851186210,-34240.612967119741369970,-8782.609842269179353025
690268.228381452732719481,-20995.555003324607241666,-35418.153213143763423432,-9013.919856260232336354
691347.797137066139839590,-18055.784604058469994925,-36933.038931194212636910,-9300.704747222618607339
692546.028057216317392886,-14662.593996134470216930,-38345.918862685175554361,-9551.412724581385191414
693625.596812829724512994,-11508.781790936218385468,-39368.336302289739251137,-9714.859536645391926868
694372.681571815279312432,-9283.304338420010026312,-39933.285358988534426317,-9792.746801925579347881
694639.313035262399353087,-8482.018908116207967396,-40106.272586633051105309,-9813.511058513735406450
694905.944498709519393742,-7677.524151927081220492,-40264.084881522343493998,-9830.561919786419821321
695653.029257695074193180,-5408.885626701710862108,-40624.952443836024031043,-9858.509240532912372146
696732.598013308481313288,-2104.009373850219162705,-40933.094006402374361642,-9847.168501965801624465
697930.828933458658866584,1578.515935688466925058,-40977.960025355285324622,-9763.115201151795190526
699010.397689072065986693,4886.830216692393150879,-40750.409566475587780587,-9623.515142717498747515
699757.482448057620786130,7159.748357884844153887,-40444.917177770927082747,-9491.917620431222530897
700024.113911504740826786,7966.145027420799124229,-40306.754978147859219462,-9438.104055756864909199
700290.745374951860867441,8769.528601172984053846,-40153.347242300515063107,-9380.720378446612812695
701037.830133937415666878,11001.925005758450424764,-39642.823714102363737766,-9201.109831239682534942
702117.398889550822786987,14168.417442424128239509,-38697.671791260421741754,-8893.465900753535606782
703315.629809701000340283,17579.329417488221224630,-37368.146431748726172373,-8487.565158282779520960
704395.198565314407460392,20538.272188361006556079,-35925.713318045214691665,-8066.284046521108393790
705142.283324299962259829,22512.495239361342100892,-34796.607640953159716446,-7745.316927373884936969
705408.914787747082300484,23201.207876294101879466,-34368.445860533043742180,-7625.147241295813728357
705675.546251194202341139,23881.148298469823203050,-33927.289608891362149734,-7502.094325581596422126
706422.631010179757140577,25737.397466018253908260,-32623.426335590575035894,-7142.351766450922696094
707502.199765793164260685,28283.437966473138658330,-30569.346105022195843048,-6585.357540708967462706
708700.430685943341813982,30903.544586386728042271,-28068.350736555483308621,-5919.529114639723047731
709779.999441556748934090,33062.797742366223246790,-25631.070788021450425731,-5280.808828126840126060
710527.084200542303733528,34437.913455763489764649,-23850.532454478307045065,-4819.404369975899498968
710793.715663989423774183,34904.150871364305203315,-23197.651925522070087027,-4651.196358500800670299
711060.347127436543814838,35357.196067424651118927,-22536.003712937374075409,-4481.230270417867359356
711807.431886422098614275,36554.894880955864209682,-20637.552104161539318739,-3996.182095318035862874
712887.000642035505734384,38093.195426655314804520,-17787.577190102667373139,-3274.709001172634998511
714085.231562185683287680,39524.018238348035083618,-14496.152492242863445426,-2450.384762788726675353
715164.800317799090407789,40555.257595512324769516,-11435.271803955676659825,-1691.507459427651156147
715911.885076784645207226,41122.208660505100851879,-9274.465895359713613288,-1159.930506698079625494
716178.516540231765247881,41295.096251789094822016,-8496.287511846829147544,-969.297630091820906273
716445.148003678885288537,41452.380663114949129522,-7714.898840914667744073,-778.298481064349630287
717192.232762664440087974,41809.490641905344091356,-5510.918911537011808832,-241.795645596653798748
718271.801518277847208083,42106.291863905185891781,-2298.928611544542945921,534.322519819104741146
719470.032438428024761379,42130.467924113421759102,1281.919123916721673595,1391.669422523623325105
720549.601194041431881487,41877.093085150605475064,4500.552469223635853268,2155.207565369357325835
721296.685953026986680925,41549.821673274564091116,6712.797358675272334949,2676.062066815553862398
721563.317416474106721580,41403.125512510887347162,7497.857581273307005176,2860.110845611851800641
721829.948879921226762235,41240.788075971897342242,8280.085262953427445609,3043.079051327968954865
722577.033638906781561673,40703.163175327696080785,10454.236452121047477704,3549.401354557660852151
723656.602394520188681781,39713.555828055010351818,13539.543438931086711818,4262.077313010471698362
724854.833314670366235077,38327.644164049095707014,16865.037795328509673709,5022.009957413449228625
725934.402070283773355186,36828.379016669132397510,19751.783968475177971413,5674.050547038613331097
726681.486829269328154624,35656.774224571461672895,21678.939207507919491036,6104.946629911841228022
726948.118292716448195279,35212.842810914124129340,22351.459138545753376093,6254.412904076734776027
727214.749756163568235934,34755.609097963089880068,23015.535394490547332680,6401.516283150818708236
727961.834515149123035371,33405.106825523514999077,24829.134884610873996280,6800.634698082164504740
729041.403270762530155480,31279.704721493035322055,27318.438219412753824145,7341.454120696394966217
730239.634190912707708776,28694.569553237055515638,29882.719172446613811189,7888.367481653117465612
731319.202946526114828885,26177.481021981031517498,31998.446372348622389836,8329.714803464035867364
732066.287705511669628322,24339.748154495820926968,33347.341849182761507109,8605.096560680560287437
732332.919168958789668977,23666.102210109453153564,33805.010971793679345865,8697.239969076274064719
732599.550632405909709632,22983.514904597464919789,34249.908120883606898133,8786.097202829410889535
733346.635391391464509070,21025.533210559460712830,35427.038216832414036617,9017.284460170047168504
734426.204147004871629179,18087.577834406973124715,36941.589951107169326860,9303.951964336636592634
735624.435067155049182475,14696.372788609463896137,38354.452541690523503348,9554.610700635434113792
736704.003822768456302583,11544.269087232994934311,39377.159798822591255885,9718.082267351886912365
737451.088581754011102021,9319.903631218694499694,39942.468526046453916933,9796.022172123286509304
737717.720045201131142676,8518.997835407852107892,40115.613798711798153818,9816.811766193537550862
737984.351508648251183331,7714.872645743113025674,40273.599073091267200653,9833.891236150453551090
738731.436267633805982769,5447.210967418701329734,40635.026865909458138049,9861.935127079439553199
739811.005023247213102877,2143.573871742618848657,40944.155980297677160706,9850.771984166571201058
741009.235943397390656173,-1537.848850543369735533,40990.322682009667914826,9766.958199766120742424
742088.804699010797776282,-4845.442426613710267702,40764.082169723304104991,9627.600990076261950890
742835.889457996352575719,-7118.022741898594176746,40459.548078065461595543,9496.180649460660788463
743102.520921443472616374,-7924.331580359068539110,40321.734610133476962801,9442.431299790612683864
743369.152384890592657030,-8727.644717091196071124,40168.677982656670792494,9385.112084299462367198
744116.237143876147456467,-10959.936836236745875794,39659.144682164223922882,9205.682040258325287141
745195.805899489554576576,-14126.520303589088143781,38715.413987657135294285,8898.292615584130544448
746394.036819639732129872,-17537.859851470399007667,37387.400384148990269750,8492.653854570680778124
747473.605575253139249980,-20497.465790008092881180,35946.219749345313175581,8071.579216420462216774
748220.690334238694049418,-22472.289950000449607614,34817.896332338597858325,7750.733479487178556155
748487.321797685814090073,-23161.243221699169225758,34389.993979358332580887,7630.602218831591926573
748753.953261132934130728,-23841.437258758138341364,33949.085848458380496595,7507.584964826678515237
749501.038020118488930166,-25698.461805394006660208,32645.853017996763810515,7147.926685330147847708
750580.606775731896050274,-28245.771097870368976146,30592.497459496742521878,6591.010035664992756210
751778.837695882073603570,-30867.446482464947621338,28092.018367366781603778,5925.200888255966674478
752858.406451495480723679,-33028.208573575466289185,25654.921006245880562346,5286.433906635968924093
753605.491210481035523117,-34404.395370222431665752,23874.344521039929531980,4824.960590072377272008
753872.122673928155563772,-34871.016670069584506564,23221.417179028489044867,4656.720735736526876281
754138.754137375275604427,-35324.445394557638792321,22559.704596736995881656,4486.718997053497332672
754885.838896360830403864,-36523.210475111518462654,20660.979098556068493053,4001.550845222723182815
755965.407651974237523973,-38063.002645510525326245,17810.367190814435161883,3279.853469668235902645
757163.638572124415077269,-39495.359098010849265847,14517.912909738273810945,2455.214143999931366125
758243.207327737822197378,-40527.818762715120101348,11455.833291054521396291,1695.999485402902337228
758990.292086723376996815,-41095.500633296156593133,9294.060628654182437458,1164.163317978912573381
759256.923550170497037470,-41268.623476563676376827,8515.512312763690715656,973.433449990497365434
759523.555013617617078125,-41426.128772211690375116,7733.741418007592073991,782.335172142095871095
760270.639772603171877563,-41783.776582204256555997,5528.629719886179373134,245.544438832872174316
761350.208528216578997672,-42081.126381725502142217,2314.867162541065681580,-531.010556826635365724
762548.439448366756550968,-42105.565497785857587587,-1268.089903911304190842,-1388.859094179633757449
763628.008203980163671076,-41852.094275369046954438,-4488.700672487686460954,-2152.851567263073775393
764375.092962965718470514,-41524.564308301472919993,-6702.329573135169994202,-2674.015176849792624125
764641.724426412838511169,-41377.737400663005246315,-7487.883001502244951553,-2858.172306794240284944
764908.355889859958551824,-41215.248939387995051220,-8270.602251411130055203,-3041.247532469197267346
765655.440648845513351262,-40677.093159988769912161,-10446.115396788303769426,-3547.861043392346346081
766735.009404458920471370,-39686.441955330417840742,-13533.322140893091273028,-4260.928713254466856597
767933.240324609098024666,-38299.003218784258933738,-16860.775018790307512973,-5021.243200571150737233
769012.809080222505144775,-36798.053211265782010742,-19749.097445041454193415,-5673.568306084196592565
769759.893839208059944212,-35625.126483395091781858,-21677.214170103809010470,-6104.622881246247743547
770026.525302655179984868,-35180.694925206771586090,-22350.048485503750271164,-6254.137450879403331783
770293.156766102300025523,-34722.947061092425428797,-23014.423045392235508189,-6401.284580051603370521
771040.241525087854824960,-33370.934777589478471782,-24828.768004454526817426,-6800.500423906107243965
772119.810280701261945069,-31243.193871581039275043,-27318.895088853285415098,-7341.391603161817329237
773318.041200851439498365,-28655.297900073357595829,-29883.708734054405795177,-7888.283488311443761631
774397.609956464846618474,-26135.629743328758195275,-31999.548914943134150235,-8329.516744390826715971
775144.694715450401417911,-24296.090314623408630723,-33348.311436544288881123,-8604.766227571453782730
775411.326178897521458566,-23621.799574072319956031,-33805.890730162202089559,-8696.851873976989736548
775677.957642344641499221,-22938.568816201026493218,-34250.675688305411313195,-8785.645824352062845719
776425.042401330196298659,-20978.798664178561011795,-35427.372466667657135986,-9016.626643157185753807
777504.611156943603418767,-18038.327476786285842536,-36940.991416922712232918,-9302.921834462213155348
778702.842077093780972064,-14644.485818138375179842,-38352.407639654731610790,-9553.070242749989120057
779782.410832707188092172,-11490.205244618146025459,-39373.463273110966838431,-9716.001864401765487855
780529.495591692742891610,-9264.470909226896765176,-39937.450642686657374725,-9793.528226070387972868
780796.127055139862932265,-8463.107299717796195182,-40110.091471175001061056,-9814.163051879821068724
781062.758518586982972920,-7658.541516293086715450,-40267.555905002285726368,-9831.084231511167672579
781809.843277572537772357,-5389.742292116628959775,-40627.442119640945747960,-9858.667274894311049138
782889.412033185944892466,-2084.734310183216621226,-40934.153065393962606322,-9846.799537901933945250
784087.642953336122445762,1597.797303533876856818,-40977.423587858567771036,-9762.164052614143656683
785167.211708949529565871,4905.991161136145819910,-40748.438506630445772316,-9622.045489063882996561
785914.296467935084365308,7178.756343139026284916,-40441.959787853658781387,-9490.094254315141370171
786180.927931382204405963,7985.084723702151677571,-40303.447514226070779841,-9436.155700526240252657
786447.559394829324446619,8788.392841504903117311,-40149.690938883817580063,-9378.647767234529965208
787194.644153814879246056,11020.539901114576423424,-39638.197683039768890012,-9198.693367168243639753
788274.212909428286366165,14186.574568034540789085,-38691.669245715609577019,-8890.565439647611128748
789472.443829578463919461,17596.846743877784319920,-37360.659681176795857027,-8484.148603829589774250
790552.012585191871039569,20555.098299225654045586,-35916.937703607662115246,-8062.424673144699227123
791299.097344177425839007,22528.781616004660463659,-34786.971329719061031938,-7741.164923483547681826
791565.728807624545879662,23217.289815745229134336,-34358.509137677574472036,-7620.893732625849224860
791832.360271071665920317,23897.019710789172677323,-33917.056217406199721154,-7497.740917364770211861
792579.445030057220719755,25752.647242925177124562,-32612.382585325081890915,-7137.727315852111132699
793659.013785670627839863,28297.709876384466042509,-30557.189672297863580752,-6580.365828804053307977
794857.244705820805393159,30916.627684461836906848,-28055.047532387652609032,-5914.166021431894478155
795936.813461434212513268,33074.723785938200308010,-25616.820863312404981116,-5275.146058500965409621
796683.898220419767312706,34448.994967407656076830,-23835.678615928853105288,-4813.554628650384074717
796950.529683866887353361,34914.922852469899225980,-23182.593114541065006051,-4645.284059062536471174
797217.161147314007394016,35367.654432054776407313,-22520.745611389149416937,-4475.257645676191714301
797964.245906299562193453,36564.453763493656879291,-20621.766501966307259863,-3990.052527055702284997
799043.814661912969313562,38101.404930724580481183,-17771.112311693297669990,-3268.384854255651589483
800242.045582063146866858,39530.670578976350952871,-14479.053071221253048861,-2443.890524855664807546
801321.614337676553986967,40560.462893162657564972,-11417.712138914168463089,-1684.902347421377271530
802068.699096662108786404,41126.392988492043514270,-9256.651191047623797203,-1153.272573909389166147
802335.330560109228827059,41298.913002509223588277,-8478.394535806224666885,-962.625620014965534210
802601.962023556348867714,41455.828376284618570935,-7696.934350208091018430,-771.614914454981885683
803349.046782541903667152,41811.897746662434656173,-5492.790254711944726296,-235.093158876114557643
804428.615538155310787261,42107.183191132600768469,-2280.657765032505722047,541.017229019207320562
805626.846458305488340557,42129.670445097042829730,1300.215350081201449939,1398.306972299622884748
806706.415213918895460665,41874.778556086654134560,4518.752061713264083664,2161.750238834240008146
807453.499972904450260103,41546.464954011928057298,6730.864036706077968120,2682.515315338243453880
807720.131436351570300758,41399.399053528119111434,7515.863819940858775226,2866.527527179739536223
807986.762899798806756735,41236.693265674948634114,8298.024256342114313156,3049.456740324822476396
808733.847658784361556172,40698.044847065117210150,10471.951000891494913958,3555.656997432201478659
809813.416414397768676281,39706.985803550720447674,13556.841000233896920690,4268.123906153678035480
811011.647334547946229577,38319.510509948966500815,16881.747169457739801146,5027.780717553990143642
812091.216090161353349686,36818.889037665627256501,19767.854013565785862738,5679.534999142399101402
812838.300849146908149123,35646.379365189823147375,21694.508230161420215154,6110.212931867202314606
813104.932312594028189778,35202.132296057614439633,22366.838068760855094297,6259.597527099966100650
813371.563776041148230433,34744.586956089537125081,23030.718411387315427419,6406.617265373177360743
814118.648535026703029871,33393.233980589342536405,24843.738596339604555396,6805.491145754532226420
815198.217290640110149980,31266.665173127406887943,27332.128614877234213054,7345.931915736081464274
816396.448210790287703276,28680.329561558006389532,29895.296622399291663896,7892.392579351445419888
817476.016966403694823384,26162.251951370140886866,32009.938441049394896254,8333.305576443395693786
818223.101725389249622822,24323.889336169038870139,33358.040576972467533778,8608.373547275286910008
818489.733188836369663477,23650.029907076204835903,33815.418718833599996287,8700.402555550092074554
818756.364652283489704132,22967.235176564270659583,34260.020936948349117301,8789.144189584350897348
819503.449411269044503570,21008.705229598297592020,35436.304567063372815028,9020.001527651320429868
820583.018166882451623678,18070.046006369069800712,36949.584986041438241955,9306.178242960053466959
821781.249087032629176974,14678.186823045505661867,38360.978524980680958834,9556.276140225680137519
822860.817842646036297083,11525.612278429340221919,39382.318900612095603719,9719.231316438774229027
823607.902601631591096520,9300.988412144306494156,39946.662287243576429319,9796.809456143537317985
823874.534065078711137176,8500.003930925389795448,40119.459829618448566180,9817.469305923083084053
824141.165528525831177831,7695.807229029337577231,40277.095897769657312892,9834.418777576667707763
824888.250287511385977268,5427.983609766346489778,40637.538500897200719919,9862.097487383724001120
825967.819043124793097377,2124.213311986136886844,40945.231265616348537151,9850.405998769509096746
827166.049963274970650673,-1557.216869464865794725,40989.795879096578573808,9766.008481838924126350
828245.618718888377770782,-4864.690595918489634641,40762.114626121983746998,9626.131330856696877163
828992.703477873932570219,-7137.118073338975591469,40456.589886741086957045,9494.356264753923824173
829259.334941321052610874,-7943.358609322516713291,40318.424789756150858011,9440.481561244125259691
829525.966404768172651529,-8746.596246044460713165,40165.017761179602530319,9383.037723590923633310
830273.051163753727450967,-10978.638730574339206214,39654.510327470336051192,9203.262794175363524118
831352.619919367134571075,-14144.763563296801294200,38709.396696154144592583,8895.387869284651969792
832550.850839517312124372,-17555.461710191917518387,37379.891729857015889138,8489.231343788309459342
833630.419595130719244480,-20514.374392396824987372,35937.415808200406900141,8067.712392666816413112
834377.504354116274043918,-22488.657067183576145908,34808.227292181574739516,7746.573005360295610444
834644.135817563394084573,-23177.405209052882128162,34380.022968950819631573,7626.339879825844036532
834910.767281010514125228,-23857.387990597220778000,33938.816618713717616629,7503.222368583419665811
835657.852039996068924665,-25713.788670281501254067,32634.769133987505483674,7143.292059294715727447
836737.420795609476044774,-28260.116375578320003115,30580.294846470078482525,6586.006768681383618969
837935.651715759653598070,-30880.598141200254758587,28078.662558567913947627,5919.824791577444557333
839015.220471373060718179,-33040.198251267582236324,25640.613012492671259679,5280.756920967533005751
839762.305230358615517616,-34415.536787917677429505,23859.429044134776631836,4819.095853626815369353
840028.936693805735558271,-34881.847165588260395452,23206.295502246917749289,4650.793176203302209615
840295.568157252855598927,-35334.960850574767391663,22544.382427761283906875,4480.730854492137041234
841042.652916238410398364,-36532.822299108331208117,20645.126206859549711226,3995.405077566119416588
842122.221671851817518473,-38071.258691921975696459,17793.830774140446010279,3273.512252012087628827
843320.452592001995071769,-39502.050370477110845968,14500.737855839590338292,2448.702040344440774788
844400.021347615402191877,-40533.055733678505930584,11438.194916685173666338,1689.375960039500114362
845147.106106600956991315,-41099.711419993720483035,9276.165449895097481203,1157.486692355783588937
845413.737570048077031970,-41272.464791627811791841,8497.538307312221149914,966.742667748517533255
845680.369033495197072625,-41429.599139408885093872,7715.695383239892180427,775.632764976738371843
846427.453792480751872063,-41786.200912086838798132,5510.418295878102071583,238.822979144411419838
847507.022548094158992171,-42082.026928499501082115,2296.512366955520064948,-537.724272784170011619
848705.253468244336545467,-42104.768209979876701254,-1286.470555658017929090,-1395.515465364290548678
849784.822223857743665576,-41849.771757165275630541,-4506.984350825132423779,-2159.412692079539283441
850531.906982843298465014,-41521.193955678150814492,-6720.479671238765149610,-2680.486508103696451144
850798.538446290418505669,-41373.995303106625215150,-7505.972337291611438559,-2864.606917412775601406
851065.169909737538546324,-41211.136492029327200726,-8288.623974180885852547,-3047.642985286522616661
851812.254668723093345761,-40671.951640903054794762,-10463.911407064824743429,-3554.133926224719289166
852891.823424336500465870,-39679.840876564165228046,-13550.698720381544262636,-4266.991634169186909276
854090.054344486678019166,-38290.830090383780770935,-16877.559874953596590785,-5027.029070084729937662
855169.623100100085139275,-36788.516529708307643887,-19765.239074007073213579,-5679.066595566823707486
855916.707859085639938712,-35614.680156398222607095,-21692.851703235810418846,-6109.902050440415223420
856183.339322532759979367,-35169.931294055139005650,-22365.494757994340034202,-6259.334578150983361411
856449.970785979880020022,-34711.870183112048835028,-23029.672199940680002328,-6406.397695084178849356
857197.055544965434819460,-33359.002819549590640236,-24843.434290826113283401,-6805.367920696342480369
858276.624300578841939569,-31230.089337503344722791,-27332.642450057643145556,-7345.878778733317631122
859474.855220729019492865,-28640.987087954188609729,-29896.336349591467296705,-7892.315992202446977899
860554.423976342426612973,-26120.325260647670802427,-32011.084572317944548558,-8333.113055443107441533
861301.508735327981412411,-24280.153296566782955779,-33359.048987901878717821,-8608.047420852381037548
861568.140198775101453066,-23605.648155971022788435,-33816.335562937194481492,-8700.018185862913014716
861834.771662222221493721,-22922.209100260424747830,-34260.823834404465742409,-8788.696052533103284077
862581.856421207776293159,-20961.888478932607540628,-35436.669141550511994865,-9019.345584204429542297
863661.425176821183413267,-18020.710848375449131709,-36949.009358970964967739,-9305.147990846449829405
864859.656096971360966563,-14626.213022405725496355,-38358.948121320099744480,-9554.733341082010156242
865939.224852584768086672,-11471.460546989639624371,-39378.629218234324071091,-9717.146591746710328152
866686.309611570322886109,-9245.467493024305440485,-39941.645945078962540720,-9794.309838971850695089
866952.941075017442926764,-8444.025171214110741857,-40113.937155297564459033,-9814.814444509600434685
867219.572538464562967420,-7639.387892003801425744,-40271.050498854754550848,-9831.605153245362089365
867966.657297450117766857,-5370.427001226485117513,-40629.946274452122452203,-9858.821711643324306351
869046.226053063524886966,-2065.286794760694192519,-40935.213397833693306893,-9846.423806881779455580
870244.456973213702440262,1617.250421019599798456,-40976.873762057395651937,-9761.202669630682066781
871324.025728827109560370,4925.322099054033969878,-40746.440934075653785840,-9620.562543297835873091
872071.110487812664359808,7197.932488684467898565,-40438.966894784753094427,-9488.255527376899408409
872337.741951259784400463,8004.191804792186303530,-40300.101362763249198906,-9434.191256917158170836
872604.373414706904441118,8807.423627847787429346,-40145.992778231717238668,-9376.558346188843643176
873351.458173692459240556,11039.318657798810818349,-39633.521001925699238200,-9196.258106605047942139
874431.026929305866360664,14204.890818589294212870,-38685.603617375287285540,-8887.643411555367492838
875629.257849456043913960,17614.516785218016593717,-37353.096510668750852346,-8480.707564885238753050
876708.826605069451034069,20572.070350324407627340,-35908.074150661152089015,-8058.538346408522556885
877455.911364055005833507,22545.208712655392446322,-34777.239424296538345516,-7736.984354769911078620
877722.542827502125874162,23233.510510198651900282,-34348.474156008836871479,-7616.611104324384541542
877989.174290949245914817,23913.027860665009939112,-33906.721939693605236243,-7493.357845733911744901
878736.259049934800714254,25768.027831906965730013,-32601.230793583181366557,-7133.071738655315130018
879815.827805548207834363,28312.103355272582120961,-30544.915430996257782681,-6575.341040402082398941
881014.058725698385387659,30929.821213868777704192,-28041.616536949837609427,-5908.767928166846104432
882093.627481311792507768,33086.749502680992009118,-25602.434987043499859283,-5269.446784290065806999
882840.712240297347307205,34460.168342091274098493,-23820.683669313064456219,-4807.667473562639315787
883107.343703744467347860,34925.783842061988252681,-23167.391455850487545831,-4639.334048150137277844
883373.975167191587388515,35378.198917013782192953,-22505.342976521238597343,-4469.247026013846152637
884121.059926177142187953,36574.090504291772958823,-20605.831936614711594302,-3983.884246544804227597
885200.628681790549308062,38109.679953107246547006,-17754.492853154119075043,-3262.021162028094749985
886398.859601940726861358,39537.374270649379468523,-14461.793958476815532777,-2437.356104082658021071
887478.428357554133981466,40565.706439716050226707,-11399.989219401872105664,-1678.256740707057815598
888225.513116539688780904,41130.606355175194039475,-9238.671357740569874295,-1146.574077413877603249
888492.144579986808821559,41302.755482627733726986,-8460.335880148306387127,-955.913050751886430589
888758.776043433928862214,41459.298499867756618187,-7678.803691886863816762,-764.890808513024694548
889505.860802419483661652,41814.317921347341325600,-5474.494397967873737798,-228.350270032368257489
890585.429558032890781760,42108.074030158830282744,-2262.219103606451426458,547.751930485880848209
891783.660478183068335056,42128.857437206577742472,1318.678856984811773145,1404.983769566784985727
892863.229233796475455165,41872.435045603211619891,4537.117360730730069918,2168.331232167342932371
893610.313992782030254602,41543.070044171327026561,6749.094730335944404942,2689.006102451384776941
893876.945456229150295258,41395.631143309743492864,7534.033352627135172952,2872.981441408742284693
894143.576919676270335913,41232.553759164169605356,8316.125760465238272445,3055.871341981581281289
894890.661678661825135350,40692.872824294616293628,10489.825539643454249017,3561.948582443684244936
895970.230434275232255459,39700.349370009913400281,13574.294072931230402901,4274.204851454748677497
897168.461354425409808755,38311.296819627859804314,16898.605958086289319908,5033.583816473372280598
898248.030110038816928864,36809.307264678049250506,19784.067002685333136469,5685.049764296141802333
898995.114869024371728301,35635.884903684462187812,21710.215198311900167027,6115.508034304078137211
899261.746332471491768956,35191.319462729275983293,22382.353060633857239736,6264.810389843307348201
899528.377795918611809611,34733.459818052622722462,23046.035554683145164745,6411.745915878912455810
900275.462554904166609049,33381.248851230055151973,24858.470744410446059192,6810.373605573394343082
901355.031310517573729157,31253.503402142574486788,27345.938555885466485051,7350.433194706124595541
902553.262230667751282454,28665.957205084734596312,29907.982885380864900071,7896.438185195781443326
903632.830986281158402562,26146.882240451042889617,32021.528939630228705937,8336.914041740643369849
904379.915745266713202000,24307.884657547012466239,33368.830188201456621755,8611.666212281646949123
904646.547208713833242655,23633.809984723528032191,33825.914589506304764654,8703.580090089064469794
904913.178672160953283310,22950.806125959199562203,34270.219083508047333453,8792.205388399921503151
905660.263431146508082747,20991.723456131629063748,35445.648253088715136983,9022.730717194270255277
906739.832186759915202856,18052.354735493696352933,36957.645404727998538874,9308.413561496257898398
907938.063106910092756152,14659.836300465898602852,38367.556154672078264412,9557.947133875344661647
909017.631862523499876261,11506.787378807017375948,39387.516930713485635351,9720.382741696563243750
909764.716621509054675698,9281.903265147275305935,39950.886029155473806895,9797.596907246013870463
910031.348084956174716353,8480.839564691925261286,40123.332624860486248508,9818.126223835806740681
910297.979548403294757009,7676.570881166145227326,40280.616260236289235763,9834.944908509298329591
911045.064307388849556446,5408.584350354341950151,40640.064589334964693990,9862.256231095478142379
912124.633063002256676555,2104.680349379562358081,40946.307807722529105376,9850.033229359720280627
913322.863983152434229851,-1576.756596919460662320,40989.255679097215761431,9765.048514114159843302
914402.432738765841349959,-4884.108725621786106785,40760.120566138110007159,9624.648365288208879065
915149.517497751396149397,-7156.381537908706377493,40453.596190958021907136,9492.516505518073245184
915416.148961198516190052,-7962.552998085137005546,40315.076281138019112404,9438.515720752870038268
915682.780424645636230707,-8765.714298164262800128,40161.315682248998200521,9380.946539597764058271
916429.865183631191030145,-10997.504469479770705220,39649.825323186181776691,9200.824738338948009186
917509.433939244598150253,-14163.165939815813544556,38703.316321568148850929,8892.461542672474024585
918707.664859394775703549,-17573.216284666046703933,37372.306652197388757486,8485.784334680116444360
919787.233615008182823658,-20531.428942901882692240,35928.523920343475765549,8063.818600913079535530
920534.318373993737623096,-22505.164916435955092311,34798.462645357598375995,7742.383951048437666032
920800.949837440857663751,-23193.705964796899934299,34369.953685549924557563,7622.048405541652755346
921067.581300887977704406,-23873.475474613078404218,33928.446486773667857051,7498.830092980904737487
921814.666059873532503843,-25729.246364783230092144,32623.577187100661831209,7138.626289820157580834
922894.234815486939623952,-28274.583242503016663250,30567.974394674132781802,6580.970406949611060554
924092.465735637117177248,-30893.860252193688211264,28065.178917607565381331,5914.413674953850204474
925172.034491250524297357,-33052.287621443218085915,25626.169016187188390177,5275.043409379248259938
925919.119250236079096794,-34426.770085567339265253,23844.372401129574427614,4813.193681145587106585
926185.750713683199137449,-34892.766685396789398510,23191.030917227657482726,4644.827882606447928993
926452.382177130319178104,-35345.562441478105029091,22528.915662462462933036,4474.704694116588143515
927199.466936115873977542,-36542.511991720522928517,20629.124282218981534243,3989.220573990549382870
928279.035691729281097651,-38079.580259118905814830,17777.139698348910314962,3267.131464492656505172
929477.266611879458650947,-39508.792985340412997175,14483.403022261840305873,2442.149728734988912038
930556.835367492865771055,-40538.330932943557854742,11420.393193313366282382,1682.711914802385535950
931303.920126478420570493,-41103.951215570632484742,9258.105044071142401663,1150.769478110222735268
931570.551589925540611148,-41276.331802818705909885,8479.398523133320850320,960.011301554555871007
931837.183053372660651803,-41433.091880213374679442,7697.483080830839753617,768.889793895895650166
932584.267812358215451241,-41788.638264804787468165,5492.039570046576045570,232.061093443250797463
933663.836567971622571349,-42082.926924311745096929,2277.989653756740608515,-544.478003406350126170
934862.067488121800124645,-42103.955312450700148474,-1305.018588874804663647,-1402.211104081591656723
935941.636243735207244754,-41847.420160210000176448,-4525.433831947351791314,-2166.012154042754900729
936688.721002720762044191,-41517.785303866745380219,-6738.793876570312932017,-2686.995392963784979656
936955.352466167882084846,-41370.211641737158061005,-7524.225056772658717819,-2871.078774832598355715
937221.983929615002125502,-41206.979231952682312112,-8306.808295243383327033,-3054.075363993456903700
937969.068688600556924939,-40666.756300076194747817,-10481.867488112529827049,-3560.442761690069801261
939048.637444213964045048,-39673.173246967759041581,-13568.230880133383834618,-4273.088913337643134582
940246.868364364141598344,-38282.576769566170696635,-16894.494198450269323075,-5032.847279027704644250
941326.437119977548718452,-36778.887887004930234980,-19781.523683086765231565,-5684.595193413741071709
942073.521878963103517890,-35604.134053838504769374,-21708.627205224795034155,-6115.210011543431392056
942340.153342410223558545,-35159.065169036315637641,-22381.077110759368224535,-6264.559935151038189360
942606.784805857343599200,-34700.688131773385975976,-23045.055494663032732205,-6411.538466975148367055
943353.869564842898398638,-33346.958395717250823509,-24858.229013270865834784,-6810.261414128193791839
944433.438320456305518746,-31216.862395808217115700,-27346.509335205439128913,-7350.389416725603041414
945631.669240606483072042,-28626.543725548395741498,-29909.072731888300040737,-7896.368976033193575859
946711.237996219890192151,-26104.879955055024765898,-32022.718590656812011730,-8336.727024667981822859
947458.322755205444991589,-24264.070239499767922098,-33369.877338124118978158,-8611.344254404757521115
947724.954218652565032244,-23589.348941598182136659,-33826.868429219066456426,-8703.199406279401955544
947991.585682099685072899,-22905.699886755748593714,-34271.057215352069761138,-8791.760451865007780725
948738.670441085239872336,-20944.824332721902464982,-35446.043041336481110193,-9022.076602667146289605
949818.239196698646992445,-18002.934620767045998946,-36957.092552682712266687,-9307.383137461403748603
951016.470116848824545741,-14607.775530241446176660,-38365.540095410535286646,-9556.401938818427879596
952096.038872462231665850,-11452.547637323683375143,-39383.833919915305159520,-9718.293636786869683419
952843.123631447786465287,-9226.294041748269592063,-39945.871045421619783156,-9795.091558248692308553
953109.755094894906505942,-8424.772479097397081205,-40117.809417344804387540,-9815.465153906870909850
953376.386558342026546597,-7620.063240124296498834,-40274.568440595561696682,-9832.124602409099679790
954123.471317327581346035,-5350.939727982820841135,-40632.464683914011402521,-9858.972468132067660918
955203.040072940988466144,-2045.666820284240202454,-40936.274777840066235512,-9846.041226592871680623
956401.270993091166019440,1636.875274582458132500,-40976.310322016695863567,-9760.230970858779983246
957480.839748704573139548,4944.822998169168386084,-40744.416624305915320292,-9619.066225482938534697
958227.924507690127938986,7217.276749402986752102,-40435.938275864260504022,-9486.401360944075349835
958494.555971137247979641,8023.466221019953081850,-40296.716301864296838176,-9432.210646765113779111
958761.187434584368020296,8826.620905996593137388,-40142.252539337918278761,-9374.452037682547597797
959508.272193569922819734,11058.261209015887288842,-39628.793452688500110526,-9193.803973584897903493
960587.840949183329939842,14223.366109458118444309,-38679.474693550073425286,-8884.699743310151461628
961786.071869333507493138,17632.339437699887639610,-37345.456715051674109418,-8477.241971919582283590
962865.640624946914613247,20589.188221241423889296,-35899.122462148770864587,-8054.625000514413841302
963612.725383932469412684,22561.776397835234092781,-34767.411733963861479424,-7732.775158257752082136
963879.356847379589453340,23249.869824320536281448,-34338.340727204304130282,-7612.299294469429696619
964145.988310826709493995,23929.172608959044737276,-33896.286589901530533098,-7488.945049843694505398
964893.073069812264293432,25783.539083449679310434,-32589.970781806550803594,-7128.384977153239560721
965972.641825425671413541,28326.618239420531608630,-30532.523214029875816777,-6570.283122630552497867
967170.872745575848966837,30943.124996315655153012,-28028.057597096412791871,-5903.334787720782514953
968250.441501189256086946,33098.874702331471780781,-25587.913019635663658846,-5263.710963859273761045
968997.526260174810886383,34471.433381951763294637,-23805.547484952548984438,-4801.742867029536682821
969264.157723621930927038,34936.733639706617395859,-23152.046823400381981628,-4633.346289518564844911
969530.789187069050967693,35388.829319372001918964,-22489.795685959859838476,-4463.198376637605178985
970277.873946054605767131,36583.804893838721909560,-20589.748296275814936962,-3977.677223128389869089
971357.442701668012887239,38118.020275882321584504,-17737.718718468295264756,-3255.617899967821813334
972555.673621818190440536,39544.129087692817847710,-14444.375076239335612627,-2430.781482933336064889
973635.242377431597560644,40570.988003984050010331,-11382.102984602584911045,-1671.570628158855697620
974382.327136417152360082,41134.848526385911100078,-9220.526346583195845596,-1139.835010564972890279
974648.958599864272400737,41306.623457080015214160,-8442.111500323735526763,-949.159917260170459485
974915.590063311392441392,41462.790797992551233619,-7660.506825724657574028,-758.126159802163329005
975662.674822296947240829,41816.750928301793464925,-5456.031313267860241467,-221.566980134447476303
976742.243577910354360938,42108.964141989476047456,-2243.612616983373300172,554.526616648266781340
977940.474498060531914234,42128.028661696465860587,1337.309635131844061107,1411.699799593610578086
979020.043253673939034343,41870.062316737901710439,4555.648339014685916482,2174.950524279590354126
979767.128012659493833780,41539.636708884143445175,6767.489400099571867031,2695.534402739991492126
980033.759476106613874435,41391.821547903418831993,7552.366135537361515162,2879.472561357475115074
980300.390939553733915091,41228.369323491693648975,8334.389727215901075397,3062.322827840832815127
981047.475698539288714528,40687.646877350838622078,10507.860008285671938211,3568.276076945031945797
982127.044454152695834637,39693.646303711095242761,13591.902579934820096241,4280.320110385900079564
983325.275374302873387933,38303.002877582133805845,16915.614065819379902678,5039.419209396526639466
984404.844129916280508041,36799.633491017229971476,19800.422824560428125551,5690.594792386345943669
985151.928888901835307479,35625.290640219573106151,21726.059990092857333366,6120.831883593875318184
985418.560352348955348134,35180.404113684038748033,22398.003988603071775287,6270.051437461521345540
985685.191815796075388789,34722.227489272649108898,23061.486695168350706808,6416.902178626812201401
986432.276574781630188227,33369.151250723072735127,24873.331189655316848075,6815.282018260402765009
987511.845330395037308335,31240.219234143518406199,27359.867889612280123401,7354.957893962608977745
988710.076250545214861631,28651.452324368659901666,29920.777794514662673464,7900.504231158264701662
989789.645006158621981740,26131.371744289495836711,32033.217689637480361853,8340.540127820686393534
990536.729765144176781178,24291.733984272803354543,33379.710497045256488491,8614.974481995130190626
990803.361228591296821833,23617.442312568073248258,33836.498395488670212217,8706.772498266958791646
991069.992692038416862488,22934.227626222047547344,34280.502369811874814332,8795.280724156253199908
991817.077451023971661925,20974.587774842912040185,35455.069077741012733895,9025.471951887275281479
992896.646206637378782034,18034.503923310883692466,36965.771001762230298482,9310.657840848201885819
994094.877126787556335330,14641.321141813892609207,38374.185217705387913156,9559.623600635120965308
995174.445882400963455439,11487.794327326097118203,39392.753670558508019894,9721.536461035149841337
995921.530641386518254876,9262.648141886995290406,39955.139530191110679880,9798.384442848315302399
996188.162104833638295531,8461.504692936534411274,40127.231961926605436020,9818.782437232850497821
996454.793568280758336186,7657.163562969188205898,40284.159937143580464181,9835.469546164275016054
997201.878327266313135624,5389.013162924848074908,40642.604905982079799287,9862.411275358552302350
998281.447082879720255733,2084.974976476943993475,40947.385379820538219064,9849.653593411030669813
999479.678003029897809029,-1596.468019417356572376,40988.701855134182551410,9764.078215030345745618
1000559.246758643304929137,-4903.696783448423957452,40758.099764303202391602,9623.152013211960365879
1001306.331517628859728575,-7175.813090439158258960,40450.566767041629645973,9490.661292856520958594
1001572.962981075979769230,-7981.914696906434983248,40311.688861405804345850,9436.533699927715133526
1001839.594444523099809885,-8784.998819156664467300,40157.571523877275467385,9378.838454467973861028
1002586.679203508654609323,-11016.533986013439061935,39645.089450252053211443,9198.367796558331974666
1003666.247959122061729431,-14181.727348288477514870,38697.172650217456975952,8889.513562356052716495
1004864.478879272239282727,-17591.123470760870986851,37364.644945008505601436,8482.312757493999015423
1005944.047634885646402836,-20548.629320696301874705,35919.543887740415812004,8059.897775143953367660
1006691.132393871201202273,-22521.813365806367073674,34788.602200180568615906,7738.166253363874602655
1006957.763857318321242929,-23210.145353102347144159,34359.785939874323958065,7617.727733846440969501
1007224.395320765441283584,-23889.699571150234987726,33917.975265833498269785,7494.408076965277359704
1007971.480079750996083021,-25744.834738806064706296,32612.276997845197911374,7133.929318997183145257
1009051.048835364403203130,-28289.171534259450709214,30555.535936125190346502,6575.900897406648255128
1010249.279755514580756426,-30907.232636388900573365,28051.567290495149791241,5908.967491086432346492
1011328.848511127987876534,-33064.476492991248960607,25611.588876961250207387,5269.293330077858627192
1012075.933270113542675972,-34438.095064405497396365,23829.174461600778158754,4807.254034800013869244
1012342.564733560662716627,-34903.775028138697962277,23175.623297192294558045,4638.824818560220592190
1012609.196197007782757282,-35356.249963396629027557,22513.304177755540877115,4468.640480997900340299
1013356.280955993337556720,-36552.279342444395297207,20612.973212143333512358,3982.997303718007970019
1014435.849711606744676828,-38087.967128120253619272,17760.293866843770956621,3260.711082489692216768
1015634.080631756922230124,-39515.586715800091042183,14465.908330754358757986,2435.557191564759250468
1016713.649387370329350233,-40543.644128144980641082,11402.428059738715091953,1676.007338521899782791
1017460.734146355884149671,-41108.219784652115777135,9239.879362012938145199,1144.011668571049995080
1017727.365609803004190326,-41280.224273856336367317,8461.092915389292102191,953.239346348581079837
1017993.997073250124230981,-41436.606757529298192821,7679.104470291717916552,762.106255452686809804
1018741.081832235679030418,-41791.088401455068378709,5473.493514166528257192,225.258782807901070555
1019820.650587849086150527,-42083.826128902648633812,2259.299012584096999490,-551.271741083327697197
1021018.881507999263703823,-42103.126565178557939362,-1323.733994017823988543,-1408.945995527944887726
1022098.450263612670823932,-41845.039246271218871698,-4544.049088430194387911,-2172.649931961836500705
1022845.535022598225623369,-41514.338116739367251284,-6757.272149422326037893,-2693.541805892977208714
1023112.166486045345664024,-41366.386181348112586420,-7542.641115880191136966,-2877.587851983073051088
1023378.797949492465704679,-41202.776924962090561166,-8325.155166192133037839,-3060.544639995996931248
1024125.882708478020504117,-40661.506906615126354154,-10499.983579462346824585,-3566.787516985178626783
1025205.451464091427624226,-39666.438841631636023521,-13585.918542571856960421,-4279.220512048752425471
1026403.682384241605177522,-38274.243039697372296359,-16911.577893279016279848,-5038.697782413490131148
1027483.251139855012297630,-36769.167075399680470582,-19797.951160299951880006,-5690.154049276632576948
1028230.335898840567097068,-35593.487974863484851085,-21724.540553431259468198,-6120.546710677105693321
1028496.967362287687137723,-35148.096351907624921296,-22396.795417441495374078,-6269.813466779749433044
1028763.598825734807178378,-34689.400711518755997531,-23060.572799531786586158,-6416.706839423894962238
1029510.683584720361977816,-33334.801318449819518719,-24873.152031743404222652,-6815.180844651269580936
1030590.252340333769097924,-31203.512871271424955921,-27360.495590515682124533,-7354.923453206873091403
1031788.483260483946651220,-28611.967652687653753674,-29921.917713036487839418,-7900.442371473920502467
1032868.052016097353771329,-26089.293681001872755587,-32034.450790416849486064,-8340.358580219197392580
1033615.136775082908570766,-24247.841008526262157829,-33380.796300263893499505,-8614.656654208441977971
1033881.768238530028611422,-23572.901799958708579652,-33837.489139551405969542,-8706.395460483381611994
1034148.399701977148652077,-22889.041048642688110704,-34281.375639254139969125,-8794.838946910052982275
1034895.484460962703451514,-20927.606109824148006737,-35455.493967690686986316,-9024.819621314118194277
1035975.053216576110571623,-17984.998695200229121838,-36965.240791460688342340,-9309.627194890734244836
1037173.284136726288124919,-14589.173262426191286067,-38372.183347659571154509,-9558.075954694795655087
1038252.852892339695245028,-11433.466454532517673215,-39389.077158377476735041,-9719.442917124053565203
1038999.937651325250044465,-9206.950507088595259120,-39950.125720921205356717,-9795.873301017050835071
1039266.569114772370085120,-8405.349179654740510159,-40121.708033606359094847,-9816.115097074007280753
1039533.200578219606541097,-7600.567521555271923717,-40278.109505682135932148,-9832.642495922416856047
1040280.285337205161340535,-5331.280446288355051365,-40634.997121605469146743,-9859.119461217394928099
1041359.854092818568460643,-2025.874379573746864480,-40937.336977466387907043,-9845.651714237017586129
1042558.085012968746013939,1656.671850356405229832,-40975.733039751685282681,-9759.248874484181214939
1043637.653768582153134048,4964.493825737474253401,-40742.365350793617835734,-9617.556455226940670400
1044384.738527567707933486,7236.789079597154341172,-40432.873706396218040027,-9484.531675901007474749
1044651.369991014827974141,8042.907922095665526285,-40293.292107648892852012,-9430.213791467176633887
1044918.001454461948014796,8845.984621088073254214,-40138.469999222485057544,-9372.328763655186776305
1045665.086213447502814233,11077.367487203442578902,-39624.014815319300396368,-9191.330891723973763874
1046744.654969060909934342,14242.000355090412995196,-38673.282259676125249825,-8881.734361350296239834
1047942.885889211203902960,17650.314596431049722014,-37337.740087361249607056,-8473.751755036480972194
1049022.454644824611023068,20606.451790337468992220,-35890.082439308876928408,-8050.684569326795099187
1049769.539403810165822506,22578.484538749959028792,-34757.488066360798256937,-7728.537270655445354350
1050036.170867257285863161,23266.367621429046266712,-34328.108661327780282591,-7607.958240830325848947
1050302.802330704173073173,23945.453815152817696799,-33885.749980590087943710,-7484.502468548077558808
1051049.887089689727872610,25799.180846573570306646,-32578.602369923450169154,-7123.666973360459451214
1052129.455845303134992719,28341.254363529576949077,-30520.012852913219830953,-6565.192022372908468242
1053327.686765453312546015,30956.538851811594213359,-28014.370558421967871254,-5897.866552765434789762
1054407.255521066719666123,33111.099192833084089216,-25573.254820382804609835,-5257.938555406251907698
1055154.340280052274465561,34482.789887274200737011,-23790.269932137911382597,-4795.780771226703109278
1055420.971743499394506216,34947.772043097800633404,-23136.559090144783112919,-4627.320746790999692166
1055687.603206946514546871,35399.545434308776748367,-22474.103616370615782216,-4457.111662631973558746
1056434.687965932069346309,36593.596720682660816237,-20573.515468259112822125,-3971.431426054131407000
1057514.256721545476466417,38126.425679127329203766,-17720.789810909849620657,-3249.175043496650232555
1058712.487641695654019713,39550.934802377589221578,-14426.796346201515916619,-2424.166643859341093048
1059792.056397309061139822,40576.307352688811079133,-11364.053373321583421784,-1664.843998678721163742
1060539.141156294615939260,41139.119265849774819799,-9202.216108452763364767,-1133.055366771327499009
1060805.772619741735979915,41310.516688691343006212,-8423.721351555659566657,-942.366214562385948739
1061072.404083188856020570,41466.305032673539244570,-7642.043711307585908799,-751.320964960796459309
1061819.488842174410820007,41819.196527748194057494,-5437.400972499694034923,-214.743290353203633458
1062899.057597787817940116,42109.853285513745504431,-2224.838294967551064474,561.341279795076502523
1064097.288517937995493412,42127.183877723364275880,1356.107674759566634748,1418.455047466346513829
1065176.857273551402613521,41867.660130461044900585,4574.344968876532220747,2181.608093863155772851
1065923.942032536957412958,41536.164711243087367620,6786.048005995024141157,2702.100190545847908652
1066190.573495984077453613,41387.970031329830817413,7570.862124301454059605,2886.000859832759033452
1066457.204959431197494268,41224.139723695392603986,8352.816107872080465313,3068.811169184580649016
1067204.289718416752293706,40682.366774593152513262,10526.054346005334082292,3574.639448005392750929
1068283.858474030159413815,39686.876379024120979011,13609.666443284892011434,4286.469644103569407889
1069482.089394180336967111,38294.628466487272817176,16932.771396230655227555,5045.286851199382908817
1070561.658149793744087219,36789.867508264098432846,19816.921366748574655503,5696.170032922852442425
1071308.742908779298886657,35614.596373298743856139,21742.042482377702981466,6126.184425713551718218
1071575.374372226418927312,35169.386050042172428221,22413.790725815139012411,6275.320614708854918717
1071842.005835673538967967,34710.889773561815673020,23077.071702310488035437,6422.085997169230722648
1072589.090594659093767405,33356.940990815302939154,24888.319791498957783915,6820.216324115021052421
1073668.659350272500887513,31226.812493324796378147,27373.916461710785370087,7359.505949418891759706
1074866.890270422678440809,28636.814758694265037775,29933.681181286214268766,7904.590648748724561301
1075946.459026036085560918,26115.720316821905726101,32045.004510885792115005,8344.183762671489603235
1076693.543785021640360355,24275.437180959492252441,33390.681315888949029613,8618.298282225889124675
1076960.175248468760401011,23600.926759132740698988,33847.169946647416509222,8709.979705169555018074
1077226.806711915880441666,22917.499549835451034596,34290.870603279843635391,8798.370121243018729729
1077973.891470901435241103,20957.298069562893942930,35464.566841974126873538,9028.225154322331945878
1079053.460226514842361212,18016.493470653258555103,36973.961569799088465516,9312.911001416514409357
1080251.691146665019914508,14622.641267512753984192,38380.865499026454926934,9561.305459050419813138
1081331.259902278427034616,11468.633062589971814305,39398.028899548036861233,9722.692391859789495356
1082078.344661263981834054,9243.222993780567776412,39959.422566710978571791,9799.171979865666799014
1082344.976124711101874709,8441.999271687021973776,40131.157616252232401166,9819.437862914153811289
1082611.607588158221915364,7637.585235093938536011,40287.726703086671477649,9835.992607257689087419
1083358.692347143776714802,5369.270021175264446356,40645.159223533453769051,9862.562536821786125074
1084438.261102757183834910,2065.097185954526139540,40948.463753050804371014,9849.267007911821565358
1085636.492022907361388206,-1616.351123162156454782,40988.134178281739878003,9763.097502554697712185
1086716.060778520768508315,-4923.454736652420251630,40756.051993127875903156,9621.642194013644257211
1087463.145537506323307753,-7195.412685178894207638,40447.501389322671457194,9488.790547429822254344
1087729.777000953443348408,-8001.443655423533527937,40308.262305702468438540,9434.535419941492364160
1087996.408464400563389063,-8804.449754066004970809,40153.785062104645476211,9376.713389916496453225
1088743.493223386118188500,-11035.727212465168122435,39640.302487672437564470,9195.891892224577532033
1089823.061978999525308609,-14200.447702933372056577,38690.965466547328105662,8886.543854549290699651
1091021.292899149702861905,-17609.183163257381238509,37356.906400338993989863,8478.816542112406750675
1092100.861654763109982014,-20565.975403725937212585,35910.475510654126992449,8055.949849007323791739
1092847.946413748664781451,-22538.602282023846782977,34778.645763327673193999,7733.919848803113382019
1093114.577877195784822106,-23226.723236788500798866,34349.519541030836990103,7613.377802299609356851
1093381.209340642904862761,-23906.060139169778267387,33907.402767502069764305,7489.956259182524263451
1094128.294099628459662199,-25760.553640787762560649,32600.868385218163894024,7129.201088638969849853
1095207.862855241866782308,-28303.881084877444664016,30542.979301443177973852,6570.798186746077590215
1096406.093775392044335604,-30920.715113027104962384,28037.827521982118923916,5903.486192472710172297
1097485.662531005451455712,-33076.764673003584903199,25596.872453321702778339,5263.506641103460424347
1098232.747289991006255150,-34449.511523810302605852,23813.835094096062675817,4801.276876621055635042
1098499.378753438126295805,-34914.871990581894351635,23160.072514368741394719,4632.783947548005926365
1098766.010216885246336460,-35367.023210564730106853,22497.547849597325694049,4462.538180085792191676
1099513.094975870801135898,-36562.124138832252356224,20596.672883284645649837,3976.735235876116348663
1100592.663731484208256006,-38096.419077939834096469,17743.293182322806387674,3254.251081328006421245
1101790.894651634385809302,-39522.431332997090066783,14448.253702532763782074,2428.924411216160478943
1102870.463407247792929411,-40548.995084824557125103,11384.299454386049546883,1669.262220057486501901
1103617.548166233347728848,-41112.516889754180738237,9221.488354287736001424,1137.213257123695029804
1103884.179629680467769504,-41284.141966347197012510,8442.621439019041645224,946.426797136953723566
1104150.811093127587810159,-41440.143532143825723324,7660.559510950472940749,755.282146276379307892
1104897.895852113142609596,-41793.551081012192298658,5454.780099942117885803,218.416048420195011204
1105977.464607726549729705,-42084.724299893357965630,2240.440433169161678961,-558.105478063225859842
1107175.695527876727283001,-42102.281726043402159121,-1342.616761270847291598,-1415.720124715807514804
1108255.264283490134403110,-41842.628775047531235032,-4562.830092416506886366,-2179.326004425375231222
1109002.349042475689202547,-41510.852156127613852732,-6775.914449544685339788,-2700.125721109144251386
1109268.980505922809243202,-41362.518684704271436203,-7561.220469967626740981,-2884.134121539938405476
1109535.611969369929283857,-41198.529334845436096657,-8343.664538000724860467,-3067.050784438029495504
1110282.696728355484083295,-40656.203227649901236873,-10518.259619918606404099,-3573.168159021483006654
1111362.265483968891203403,-39659.637433736432285514,-13603.761629243374045473,-4285.386391274032575893
1112560.496404119068756700,-38265.828682321844098624,-16928.810862401325721294,-5044.580534904840533272
1113640.065159732475876808,-36759.353885406657354906,-19814.521392491144069936,-5695.743112428842323425
1114387.149918718030676246,-35582.741716960430494510,-21740.591623949709173758,-6125.912093567124429683
1114653.781382165150716901,-35137.024642792188387830,-22412.649550385780457873,-6275.095117535111057805
1114920.412845612270757556,-34678.007725182964350097,-23076.223983190724538872,-6421.902755721700486902
1115667.497604597825556993,-33322.531398575163620990,-24888.203204785193520365,-6820.126152291342805256
1116747.066360211232677102,-31190.040587259969470324,-27374.601060679699003231,-7359.480823800999132800
1117945.297280361410230398,-28597.258707939065061510,-29934.871123483950213995,-7904.536109731030592229
1119024.866035974817350507,-26073.566291812920098891,-32046.280990317754913121,-8344.007649772132936050
1119771.950794960372149944,-24231.465467723610345274,-33391.805685578052361961,-8617.984545756595252897
1120038.582258407492190599,-23556.306599067334900610,-33848.197502662151237018,-8709.606273242459792527
1120305.213721854612231255,-22872.232457923491892871,-34291.778912382033013273,-8797.931461738766302005
1121052.298480840167030692,-20910.233693668447813252,-35465.021720394390285946,-9027.574562416551998467
1122131.867236453574150801,-17966.902972221421805443,-36973.453866762400139123,-9311.880083214720798424
1123330.098156603751704097,-14570.406139225862716557,-38378.877661801634531002,-9559.755306940502123325
1124409.666912217158824205,-11414.216937177370709833,-39394.358711809807573445,-9720.594349854714891990
1125156.751671202713623643,-9187.436840498721721815,-39954.409746732511848677,-9796.654983890106450417
1125423.383134649833664298,-8385.755228977957813186,-40125.632778315433824901,-9816.764190511652486748
1125690.014598096953704953,-7580.900697044742628350,-40281.673467511318449397,-9833.158750204998796107
1126437.099357082508504391,-5311.449130008752945287,-40637.543359038114431314,-9859.262607260779986973
1127516.668112695915624499,-2005.909465579228253773,-40938.399766700022155419,-9845.255186530426726677
1128714.899032846093177795,1676.640134160737488855,-40975.141685228045389522,-9758.256298221414908767
1129794.467788459500297904,4984.334548535998692387,-40740.286884989785903599,-9616.033151682424431783
1130541.552547445055097342,7256.469432978714394267,-40429.772959690177231096,-9482.646392689626736683
1130808.184010892175137997,8062.516857099163644307,-40289.828554253290349152,-9428.200611982887494378
1131074.815474339295178652,8865.514717589314386714,-40134.644932933835661970,-9370.188445613823205349
1131821.900233324849978089,11096.637424020726029994,-39619.184867874530027620,-9188.838784220959496452
1132901.468988938257098198,14260.793469004274811596,-38667.026099318420165218,-8878.747191720471164444
1134099.699909088434651494,17668.442155423654185142,-37329.946418846615415532,-8470.236843975608280743
1135179.268664701841771603,20623.860934738237119745,-35880.953881680812628474,-8046.716986374707630603
1135926.353423687396571040,22595.333001278111623833,-34747.468227494828170165,-7724.270628357144232723
1136192.984887134516611695,23283.003763483156944858,-34317.777766835781221744,-7603.587880869969012565
1136459.616350581636652350,23961.871337339605815941,-33875.111922736141423229,-7480.030040402036320302
1137206.701109567191451788,25814.952968825320567703,-32567.125376353691535769,-7118.917669015258070431
1138286.269865180598571897,28356.011560711933270795,-30507.384177768264635233,-6560.067686270516787772
1139484.500785330776125193,30970.062598660078947432,-28000.555265267259528628,-5892.363175770170528267
1140564.069540944183245301,33123.422780329681700096,-25558.460247458162484691,-5252.129516963408605079
1141311.154299929738044739,34494.237656485587649513,-23774.850879135330615100,-4789.781148190801104647
1141577.785763376858085394,34958.898848051918321289,-23120.928128048424696317,-4621.257383461144854664
1141844.417226823978126049,35410.347055106947664171,-22458.266643465281958925,-4450.986848961514624534
1142591.501985809532925487,36603.465771426272112876,-20557.133339021544088610,-3965.146824476703841356
1143671.070741422940045595,38134.895940913811500650,-17703.706033050973928766,-3242.692567982796845172
1144869.301661573117598891,39557.791184916015481576,-14409.057689526529429713,-2417.511569302813768445
1145948.870417186524719000,40581.664250459958566353,-11345.840323993325000629,-1658.076841198901092866
1146695.955176172079518437,41143.418335183916497044,-9183.740593966947926674,-1126.235139499334309221
1146962.586639619199559093,41314.434938174388662446,-8405.165388847541180439,-935.531937748597897553
1147229.218103066319599748,41469.840963809278036933,-7623.414308042059928994,-744.475220704550451956
1147976.302862051874399185,41821.654477787800715305,-5418.603347483799552720,-207.879201963812874965
1149055.871617665281519294,42110.741217503309599124,-2205.896127458478986227,568.195912072109990731
1150254.102537815459072590,42126.322842345703975298,1375.072965830331668258,1425.249498086549010623
1151333.671293428866192698,41865.228245675847574603,4593.207222192619155976,2188.303919389077236701
1152080.756052414420992136,41532.653812302771257237,6804.770507476016064174,2708.703439965175675752
1152347.387515861541032791,41384.076355583390977699,7589.521273966352055140,2892.566309387305864220
1152614.018979308893904090,41219.864722799255105201,8371.404853091384211439,3075.336337032509163691
1153361.103738294448703527,40677.032282406267768238,10544.408491262905954500,3581.038662408452637465
1154440.672493907855823636,39680.039368411220493726,13627.585584145159373293,4292.653413446799277153
1155638.903414058033376932,38286.173367199313361198,16950.077851857386121992,5051.186696407343333703
1156718.472169671440497041,36780.009106271514610853,19833.562515633610018995,5701.775435037407987693
1157465.556928656995296478,35603.801899766978749540,21758.162550775366980815,6131.565606244253103796
1157732.188392104115337133,35158.265071291345520876,22429.713144120694778394,6280.617865937700116774
1157998.819855551235377789,34699.446473126336059067,23092.790444250069413101,6427.297314650778389478
1158745.904614536790177226,33344.617881725462211762,24903.436407954832247924,6825.176463013290231174
1159825.473370150197297335,31213.283002473111992003,27388.084116308513330296,7364.077296544477576390
1161023.704290300374850631,28622.044346081918774871,29946.692875539694796316,7908.697369013681054639
1162103.273045913781970739,26099.927810858353041112,32056.889221454814105527,8347.844873803202062845
1162850.357804899336770177,24258.994111193318531150,33401.742455324056209065,8621.637538297944047372
1163116.989268346456810832,23584.263191949848987861,33857.929051036109740380,8713.201635393883407232
1163383.620731793576851487,22900.621768328110192670,34301.323589499865192920,8801.473503558709126082
1164130.705490779131650925,20939.854223272901435848,35474.141344860458048061,9030.990246594423297211
1165210.274246392538771033,17998.323277659455925459,36982.216899550607195124,9315.172963098983018426
1166408.505166542716324329,14603.796597469265179825,38387.596781584063137416,9562.992627160987467505
1167488.073922156123444438,11449.303522848900684039,39403.342395050181949046,9723.850451070824419730
1168235.158681141678243876,9223.627772006355371559,39963.734913025458808988,9799.959434710744972108
1168501.790144588798284531,8422.323256773464891012,40135.109361217946570832,9820.092417178309915471
1168768.421608035918325186,7617.835858039239610662,40291.316330601890513208,9836.514008005675350432
1169515.506367021473124623,5349.354898761781441863,40647.727312618226278573,9862.709931638961279532
1170595.075122634880244732,2045.046970614266683697,40949.542696488773799501,9848.873389365095135872
1171793.306042785057798028,-1636.405894047406491154,40987.552417565013456624,9762.106294183309728396
1172872.874798398464918137,-4943.382552013614258613,40753.977023101244412828,9620.118826623756831395
1173619.959557384019717574,-7215.180275790367886657,40444.399830136899254285,9486.904189456019594218
1173886.591020831139758229,-8021.139822647898654395,40304.796387186826905236,9432.520801529366508476
1174153.222484278259798884,-8824.067047271661067498,40149.956070998829090968,9374.571267225624978892
1174900.307243263814598322,-11055.084080351041848189,39635.464212515929830261,9193.396948311006781296
1175979.875998877221718431,-14219.326917042275454151,38684.694553130102576688,8883.552345072079333477
1177178.106919027399271727,-17627.395255846618965734,37349.090808448039751966,8475.295618052969075507
1178257.675674640806391835,-20583.467068706762802321,35901.318587645000661723,8051.974755814948366606
1179004.760433626361191273,-22555.531530495125480229,34768.593139839969808236,7729.644673547622005572
1179271.391897073481231928,-23243.439477320283913286,34339.154296515029272996,7608.998548153280353290
1179538.023360520601272583,-23922.557036246893403586,33896.728801802491943818,7485.474577979223795410
1180285.108119506156072021,-25776.402917694613279309,32589.351166705462674145,7124.441540281943161972
1181364.676875119563192129,-28318.711726799490861595,30530.304319852537446423,6565.662221418908302439
1182562.907795269740745425,-30934.307499645106872777,28023.959455562941002427,5897.969731407321887673
1183642.476550883147865534,-33089.151966773322783411,25582.019602651464083465,5257.683300330376368947
1184389.561309868702664971,-34461.019261302295490168,23798.354166135377454339,4795.262168500195002707
1184656.192773315822705626,-34926.057367617002455518,23144.378439992269704817,4626.705232923198309436
1184922.824236762942746282,-35377.881975320517085493,22481.646552987447648775,4456.397756209528779436
1185669.908995748497545719,-36572.046166490872565191,20580.223181439076142851,3970.434339499006910046
1186749.477751361904665828,-38104.935885584993229713,17726.137546778729301877,3247.751436278360415599
1187947.708671512082219124,-39529.326606012822594494,14430.439058280097015086,2422.251370061714624171
1189027.277427125489339232,-40554.383566430202336051,11366.007315306567761581,1662.476548298570378392
1189774.362186111044138670,-41116.842291282795486040,9202.931971200578118442,1130.374237211067338649
1190040.993649558164179325,-41288.084639783453894779,8423.984048739239369752,939.573648993290817089
1190307.625113005284219980,-41443.701962726336205378,7641.848161952872032998,748.417463073248995897
1191054.709871990839019418,-41796.026060327487357426,5435.899299007889567292,211.532891566131866057
1192134.278627604246139526,-42085.621192785205494147,2221.413905336840798554,-564.979206451322852445
1193332.509547754423692822,-42101.420550824492238462,-1361.666880544162268052,-1422.533476472907750576
1194412.078303367830812931,-41840.188504167839710135,-4581.776815615094164968,-2186.040349800693547877
1195159.163062353385612369,-41507.327181822394777555,-6794.720736143629437720,-2706.747112584393107682
1195425.794525800505653024,-41358.608912541567406151,-7579.963073805998647003,-2890.717555924598400452
1195692.425989247625693679,-41194.236223374347900972,-8362.336361021842094488,-3073.593768200633803644
1196439.510748233180493116,-40650.845028333649679553,-10536.695547558098041918,-3579.584654424413656670
1197519.079503846587613225,-39652.768794553077896126,-13621.760060816599434474,-4291.586511666992919345
1198717.310423996765166521,-38257.333477162828785367,-16946.193007740672328509,-5050.495490813301330491
1199796.879179610172286630,-36749.448105810399283655,-19831.234265329196205130,-5701.362331764889859187
1200543.963938595727086067,-35571.895075956839718856,-21756.780291607981780544,-6131.306105542604200309
1200810.595402042847126722,-35125.849840179456805345,-22428.639380639044247800,-6280.404831512499185919
1201077.226865489967167377,-34666.508973993884865195,-23092.008912954286643071,-6427.126158751330876839
1201824.311624475521966815,-33310.148445392311259639,-24903.382389523951133015,-6825.097276649979903596
1202903.880380088929086924,-31176.445365732801292324,-27388.825588860596326413,-7364.061463687212381046
1204102.111300239106640220,-28582.416728605971002253,-29947.932792034491285449,-7908.650121546846094134
1205181.680055852513760328,-26057.697639687405171571,-32058.209007341443793848,-8347.674160523609316442
1205928.764814838068559766,-24214.943480143527267501,-33402.905303527135401964,-8621.327854055542047718
1206195.396278285188600421,-23539.563205949547409546,-33858.993325463306973688,-8712.831768834799731849
1206462.027741732308641076,-22855.273985647927474929,-34302.266839172247273382,-8801.037919929805866559
1207209.112500717863440514,-20892.706966836303763557,-35474.626097344698791858,-9030.341347747998952400
1208288.681256331270560622,-17948.647351685351168271,-36981.731568099967262242,-9314.141722010253943154
1209486.912176481448113918,-14551.474080392679752549,-38385.622819571908621583,-9561.439913278840322164
1210566.480932094855234027,-11394.799023469562598621,-39399.678356366624939255,-9721.747851570093189366
1211313.565691080410033464,-9167.752993196832903777,-39958.722895958591834642,-9797.436522978272478213
1211580.197154527530074120,-8365.990582964715940761,-40129.583423648844473064,-9817.412350218906794908
1211846.828617974650114775,-7561.062727185637413641,-40285.260097420105012134,-9833.673281176454111119
1212593.913376960204914212,-5291.445752970204921439,-40640.103165657004865352,-9859.401822128600542783
1213673.482132573612034321,-1985.772071378386499418,-40939.462913462877622806,-9844.851559703995008022
1214871.713052723789587617,1696.780111502522231604,-40974.536026362271513790,-9757.253159314086587983
1215951.281808337196707726,5004.345132865324558225,-40738.180996324335865211,-9614.496233547097290284
1216698.366567322751507163,7276.317762670973024797,-40426.635807061342347879,-9480.745431309758714633
1216964.998030769871547818,8082.292974482295903726,-40286.325413830367324408,-9426.171028834551179898
1217231.629494216991588473,8885.211139300088689197,-40130.777113548756460659,-9368.031004633319753339
1217978.714253202546387911,11116.070950350911516580,-39614.303386475854495075,-9186.327573857328388840
1219058.283008815953508019,14279.745363788744725753,-38660.705994170537451282,-8875.738160071970924037
1220256.513928966131061316,17686.722007599757489515,-37322.075498968551983126,-8466.697168112305007526
1221336.082684579538181424,20641.415530339530960191,-35871.736587102699559182,-8042.722184851612837519
1222083.167443565092980862,22612.321649976056505693,-34737.352021738755865954,-7719.975167442549718544
1222349.798907012213021517,23299.778111087671277346,-34307.347850575068150647,-7599.188151744574497570
1222616.430370459333062172,23978.425032223487505689,-33864.372225734696257859,-7475.527703662405656360
1223363.515129444887861609,25830.855296277146408102,-32555.539618010112462798,-7114.137005580500954238
1224443.083885058294981718,28370.889662489949841984,-30494.637017326032946585,-6554.910060723587776010
1225641.314805208472535014,30983.696053458239475731,-27986.611560720935813151,-5886.824609002965189575
1226720.883560821879655123,33135.845269164972705767,-25543.529157916153053520,-5246.283806398903834634
1227467.968319807434454560,34505.776486154354643077,-23759.290193188509874744,-4783.743959820557392959
1227734.599783254554495215,34970.113848507280636113,-23105.153808088682126254,-4615.156162894260887697
1228001.231246701674535871,35421.233973152491671499,-22442.284642003778571961,-4444.823900471890738118
1228748.316005687229335308,36613.411830726545304060,-20540.601794169535423862,-3958.823387458842717024
1229827.884761300636455417,38143.430837307278125081,-17686.467286764145683264,-3236.170448741961081396
1231026.115681450814008713,39564.698003461999178398,-14391.159026850229565753,-2410.816241697499208385
1232105.684437064221128821,40587.058459834894165397,-11327.463774683732481208,-1651.269144683059039380
1232852.769196049775928259,41147.745493897447886411,-9165.099753486158078886,-1119.374322274252790521
1233119.400659496895968914,41318.377964129664178472,-8386.443566985490178922,-928.657081977496545733
1233386.032122944016009569,41473.398349182840320282,-7604.618575157131090236,-737.588923827408734724
1234133.116881929570809007,41824.124534401315031573,-5399.638409975601462065,-200.974716346907030129
1235212.685637542977929115,42111.627692613095859997,-2186.786104453266034398,575.090505481129184773
1236410.916557693155482411,42125.445310524759406690,1394.205498029150930961,1432.083136169970885021
1237490.485313306562602520,41862.766419219682575203,4612.235070401812663476,2195.037979106168677390
1238237.570072292117401958,41529.103771081157901790,6823.656863449486081663,2715.344124847556486202
1238504.201535739237442613,41380.140280633728252724,7608.343538993583933916,2899.168882318649593799
1238770.832999186357483268,41215.544081815722165629,8390.155912904880096903,3081.898302140045416309
1239517.917758171912282705,40671.643165203000535257,10562.922381786036567064,3587.473686650538184040
1240597.486513785319402814,39673.135042430280009285,13645.659922796872706385,4298.871378935415123124
1241795.717433935496956110,38277.637358758685877547,16967.533334194711642340,5057.118699193553766236
1242875.286189548904076219,36770.058073168518603779,19850.346156420142506249,5707.410947482024312194
1243622.370948534458875656,35592.907014815318689216,21774.420069624909956474,6136.975370369740630849
1243889.002411981578916311,35147.040975291398353875,22445.771114069055329310,6285.943135097050799232
1244155.633875428698956966,34687.897388571327610407,23108.642787795339245349,6432.536073806803869957
1244902.718634414253756404,33332.181732149270828813,24918.680895620094815968,6830.162374406393610116
1245982.287390027660876513,31199.630582972968113609,27402.370696002737531671,7368.671870363711605023
1247180.518310177838429809,28607.140923293995001586,29959.812705473639653064,7912.824322535194369266
1248260.087065791245549917,26083.994078089101094520,32068.871637685329915257,8351.523388247151160613
1249007.171824776800349355,24242.404637540457770228,33412.893724144996667746,8624.992175048284479999
1249273.803288223920390010,23567.451477567992697004,33868.775514891691273078,8716.438213047362296493
1249540.434751671040430665,22883.594152281712013064,34311.861132224410539493,8804.590794509804254631
1250287.519510656595230103,20922.256118111999967368,35483.792383587941003498,9033.767150300800494733
1251367.088266270002350211,17979.993243781555065652,36990.536779783433303237,9317.443645290009953897
1252565.319186420179903507,14584.787051081437311950,38394.378846328087092843,9564.685022500565537484
1253644.887942033587023616,11429.805646007938776165,39408.693932398942706641,9725.010555063545325538
1254391.972701019141823053,9203.862427512027352350,39968.076341393818438519,9800.746723293652394204
1254658.604164466261863708,8402.476603836306821904,40139.086968148621963337,9820.746015822585832211
1254925.235627913381904364,7597.915392155427070975,40294.928590166062349454,9837.033664124481219915
1255672.320386898936703801,5329.267769307578419102,40650.308941799536114559,9862.853375469016100396
1256751.889142512343823910,2024.824323392118003540,40950.621977145281562116,9848.472653788872776204
1257950.120062662521377206,-1656.632317648282878508,40986.956339961019693874,9761.104506941765066586
1259029.688818275928497314,-4963.480195829369222338,40751.874622692608681973,9618.581829518408994772
1259776.773577261483296752,-7235.115815341663619620,40441.261859827180160210,9485.002138711586667341
1260043.405040708603337407,-8041.003146957103126624,40301.290877035891753621,9430.489764989828472608
1260310.036504155723378062,-8843.850642479821544839,40146.084322657559823710,9372.412007246031862451
1261057.121263141278177500,-11074.604520405275252415,39630.574399918150447775,9190.882887374356869259
1262136.690018754685297608,-14238.364902972209165455,38678.359690668759867549,8880.538959351633820916
1263334.920938904862850904,-17645.759641121971071698,37341.197957809607032686,8471.749914470026851632
1264414.489694518269971013,-20601.104191117461596150,35892.072915575750812422,8047.972428544161630271
1265161.574453503824770451,-22572.600975297435070388,34758.444133127624809276,7725.340663465650322905
1265428.205916950944811106,-23260.293934801149589475,34328.690012216604372952,7604.589908354153521941
1265694.837380398064851761,-23939.190118563848955091,33885.953177177631005179,7480.962971404447671375
1266441.922139383619651198,-25792.382415014697471634,32577.725158287721569650,7119.650615187791117933
1267521.490894997026771307,-28333.663290874421363696,30517.510819188639288768,6560.492947635739255929
1268719.721815147204324603,-30948.009612069508875720,28009.962933482071093749,5892.418059984342107782
1269799.290570760611444712,-33101.638177789529436268,25567.030181216960045276,5251.823265469591206056
1270546.375329746166244149,-34472.618072539546119515,23782.731544218713679584,4789.209872191950125853
1270813.006793193286284804,-34937.330952252661518287,23128.540944313397631049,4620.588637911747355247
1271079.638256640406325459,-35388.826048101349442732,22465.600161976362869609,4450.219174080495577073
1271826.723015625961124897,-36582.045209077419713140,20563.623991555155953392,3964.094583529958981671
1272906.291771239368245006,-38113.517326053130091168,17708.826861507743160473,3241.212122560179977881
1274104.522691389545798302,-39536.272301866425550543,14412.464318155683940859,2415.538050466836466512
1275184.091447002952918410,-40559.809334313904400915,11347.551580186924184090,1655.650312167381571271
1275931.176205988507717848,-41121.195747532336099539,9184.210162803507046192,1123.494602336399566411
1276197.807669435627758503,-41292.052051541628316045,8405.180699053569696844,932.679897061315273277
1276464.439132882747799158,-41447.281805827304197010,7622.970382271792004758,741.512202629434000301
1277211.523891868302598596,-41798.513094128458760679,5416.851082938143918000,204.609313638737944530
1278291.092647481709718704,-42086.516560959782509599,2202.219419014813865942,-571.892918207194838942
1279489.323567631887272000,-42100.542793201304448303,-1380.884341465121451620,-1429.386035439410989056
1280568.892323245294392109,-41837.718189193008583970,-4600.889229291300580371,-2192.792946231054884265
1281315.977082230849191546,-41503.762951576092746109,-6813.690967872400506167,-2713.405954042314078833
1281582.608545677969232202,-41354.656623569382645655,-7598.868881574633633136,-2897.338127301387885382
1281849.240009125089272857,-41189.897350306666339748,-8381.170584977971884655,-3080.173561899363448902
1282596.324768110644072294,-40645.432071845563768875,-10555.291299720887764124,-3586.036969530728129030
1283675.893523724051192403,-39645.832693446478515398,-13639.913757073507440509,-4297.820833560553182906
1284874.124443874228745699,-38248.757202126726042479,-16963.724230173851537984,-5056.442604096743707487
1285953.693199487635865808,-36739.449523670933558606,-19848.089663298971572658,-5707.011655798120955296
1286700.777958473190665245,-35560.947846025861508679,-21773.106429959145316388,-6136.728691533836354211
1286967.409421920310705900,-35114.571740930798114277,-22444.764777941833017394,-6285.742552402447472559
1287234.040885367430746555,-34654.904257578156830277,-23107.927454799653787632,-6432.376990984851545363
1287981.125644352985545993,-33297.652266677527222782,-24918.689441666021593846,-6830.094156902458053082
1289060.694399966392666101,-31162.727027247474325122,-27403.169016686097165802,-7368.665307598184881499
1290258.925320116570219398,-28567.441550735136843286,-29961.102545841185929021,-7912.784337197886998183
1291338.494075729977339506,-26041.687575706742791226,-32070.234656725981039926,-8351.358039190356066683
1292085.578834715532138944,-24198.274907820054067997,-33414.094961769718793221,-8624.686503623370299465
1292352.210298162652179599,-23522.671486649647704326,-33869.876413045472872909,-8716.071871047775857733
1292618.841761609772220254,-22838.165501921430404764,-34312.839222221111413091,-8804.158244568672671448
1293365.926520595327019691,-20875.025811070008785464,-35484.306894549728895072,-9033.119898583208851051
1294445.495276208734139800,-17930.231732763761101523,-36990.073683035887370352,-9316.412030349885753822
1295643.726196358911693096,-14532.377005174170335522,-38392.418600702883850317,-9563.129690926298280829
1296723.294951972318813205,-11375.212651279680358130,-39405.035866164835169911,-9722.903338355714367935
1297470.379710957873612642,-9147.898916175137856044,-39963.064939648422296159,-9798.217833888844324974
1297737.011174404993653297,-8346.055197327841597144,-40133.559739724893006496,-9818.059491693053132622
1298003.642637852113693953,-7541.053572428654661053,-40288.869164683033886831,-9834.186004256027445081
1298750.727396837668493390,-5271.270288972360503976,-40642.676308838650584221,-9859.537021192034444539
1299830.296152451075613499,-1965.462190189588909561,-40940.526183610381849576,-9844.440749503490224015
1301028.527072601253166795,1717.091767563671055541,-40973.915829021658282727,-9756.239374535358365392
1302108.095828214660286903,5024.525544536772940774,-40736.047452206992602441,-9612.945619064536003862
1302855.180587200215086341,7296.334021196140383836,-40423.462017832142009865,-9478.828711320038564736
1303121.812050647335126996,8102.236222056321821583,-40282.782456551452924032,-9424.124962108227919089
1303388.443514094455167651,8905.073829340331940330,-40126.866312174432096072,-9365.856361357402420253
1304135.528273080009967089,11135.667996288786525838,-39609.370145312830572948,-9183.797182998581774882
1305215.097028693417087197,14298.855951091842143796,-38654.321724058238032740,-8872.707191664201673120
1306413.327948843594640493,17705.154044776583759813,-37314.127115405470249243,-8463.132656459754798561
1307492.896704457001760602,20659.115451793160900706,-35862.430351718518068083,-8038.700097617843312037
1308239.981463442556560040,22629.450348064317950048,-34727.139251838445488829,-7715.650823679538007127
1308506.612926889676600695,23316.690523479726834921,-34296.818717790651135147,-7594.758990306363557465
1308773.244390336796641350,23995.114755111924750963,-33853.530697403199155815,-7470.995396289532436640
1309520.329149322351440787,25846.887673519697273150,-32543.844910303210781422,-7109.324924245384863752
1310599.897904935758560896,28385.888498789507139008,-30481.771198931721301051,-6549.719091893050972431
1311798.128825085936114192,30997.439031090809294255,-27972.539286625109525630,-5881.250804532402071345
1312877.697580699343234301,33148.366461876998073421,-25528.461407698316179449,-5240.401381418753771868
1313624.782339684898033738,34517.406170985253993422,-23743.587740524842956802,-4777.669167878931148152
1313891.413803132018074393,34981.416836519128992222,-23089.236000261837034486,-4609.017048329356839531
1314158.045266579138115048,35432.205977929646905977,-22426.157485800511494745,-4438.622781892076091026
1314905.130025564692914486,36623.434681290287699085,-20523.920718465535173891,-3952.461083973610129760
1315984.698781178100034595,38152.030142363306367770,-17669.073473228923830902,-3229.608661039645539859
1317182.929701328277587891,39571.655024107756617013,-14373.100278288166009588,-2404.080643471107123332
1318262.498456941684707999,40592.489741256213164888,-11308.923663097366443253,-1644.420898128658336645
1319009.583215927239507437,41152.100499389314791188,-9146.293537120791370398,-1112.472908682598244923
1319276.214679374359548092,41322.345523043550201692,-8367.555840545535829733,-921.741642478786616266
1319542.846142821479588747,41476.976944460002414417,-7585.656471711782614875,-730.662071204101607691
1320289.930901807034388185,41826.606451447507424746,-5380.506131672858828097,-194.029834990957510854
1321369.499657420441508293,42112.512463380502595101,-2167.508216053982323501,582.025051877494433938
1322567.730577570619061589,42124.551035124510235619,1413.505260756387997390,1438.955946244236429266
1323647.299333184026181698,41860.274405864562140778,4631.428484498261241242,2201.810251038741625962
1324394.384092169580981135,41525.514344560426252428,6842.707032268443072098,2722.022218793703814299
1324661.015555616701021791,41376.161564426729455590,7627.328873252155972295,2905.808550666932205786
1324927.647019063821062446,41211.177559745396138169,8409.069236716826708289,3088.497034997754326469
1325674.731778049375861883,40666.199185423931339756,10581.595954569314926630,3593.944486940034039435
1326754.300533662782981992,39666.163169734500115737,13663.889378638597918325,4305.123500769475867855
1327952.531453812960535288,38269.020218389923684299,16985.137743695460812887,5063.082813378396167536
1329032.100209426367655396,36760.014195360148733016,19867.272173133434989722,5713.076518628520716447
1329779.184968411922454834,35581.911511980630166363,21790.814911995425063651,6142.413662875970658206
1330045.816431859042495489,35135.713558274124807213,22461.964504908130038530,6291.296365732088816003
1330312.447895306162536144,34676.242318900607642718,23124.628598422164941439,6437.802216962993043126
1331059.532654291717335582,33319.632349259256443474,24934.053109675503947074,6835.173997320284797752
1332139.101409905124455690,31185.855054806459520478,27416.776041860404802719,7373.289605455453965988
1333337.332330055302008986,28592.104325834658084204,29973.040497640919056721,7916.971439430588361574
1334416.901085668709129095,26067.918969084392301738,32080.951574179242015816,8355.219232555611597490
1335163.985844654263928533,24225.668621546792564914,33424.134929349056619685,8628.362116826672718162
1335430.617308101383969188,23550.491481551824108465,33879.709142634455929510,8719.689361747610746534
1335697.248771548504009843,22866.416571330722945277,34322.483033370488556102,8807.721917010605466203
1336444.333530534058809280,20904.503635376786405686,35493.519753460044739768,9036.555786540851840982
1337523.902286147465929389,17961.503267784875788493,36998.920997318811714649,9319.722966880528474576
1338722.133206297643482685,14565.612547238295519492,38401.211472209499333985,9566.382562096850961098
1339801.701961911050602794,11410.139369626704137772,39414.083284894237294793,9726.172619728180507082
1340548.786720896605402231,9183.926911014325014548,39972.446622024253883865,9801.533761021950340364
1340815.418184343725442886,8382.459268326116216485,40143.090206313478120137,9821.398574142971483525
1341082.049647790845483541,7577.823797644087790104,40298.563250196515582502,9837.551490830528564402
1341829.134406776400282979,5309.008606402573605010,40652.903877574448415544,9862.992783476120166597
1342908.703162389807403088,2004.429237357754573168,40951.701359966464224271,9848.064716716324255685
1344106.934082539984956384,-1677.030379221888324537,40986.345710398607479874,9760.092057385312728002
1345186.502838153392076492,-4983.747633914896141505,40749.744558351369050797,9617.031120719530008500
1345933.587597138946875930,-7255.219256306851093541,40438.087246743372816127,9483.084314531646668911
1346200.219060586066916585,-8061.033576095183889265,40297.745544444675033446,9428.442230184919026215
1346466.850524033186957240,-8863.800482723861932755,40142.169587208321900107,9370.235530397008915315
1347213.935283018741756678,-11094.288462580603663810,39625.632823081439710222,9188.349631555043742992
1348293.504038632148876786,-14257.561572145843456383,38671.960657996562076733,8877.503622422784246737
1349491.734958782326430082,-17664.276210579591861460,37333.227635112081770785,8468.179360154952519224
1350571.303714395733550191,-20618.886645199840131681,35882.738289610999345314,8043.942799838222526887
1351318.388473381288349628,-22589.810479178930108901,34748.198544969483918976,7721.007754112593829632
1351585.019936828408390284,-23277.286467973510298179,34318.126492418945417739,7600.151819543878445984
1351851.651400275528430939,-23955.959240910418884596,33875.075700489658629522,7476.421377210134778579
1352598.736159261083230376,-25808.491976758312375750,32565.990174439826660091,7114.828254343841763330
1353678.304914874490350485,-28348.735606357851793291,30504.598625897284364328,6555.290311367150025035
1354876.535835024667903781,-30961.821264417158090509,27995.837796733398135984,5886.831130097683853819
1355956.104590638075023890,-33114.223107737670943607,25551.904044167527899845,5245.926494069164618850
1356703.189349623629823327,-34484.307751318112423178,23766.967093825467600254,4783.119949314291261544
1356969.820813070749863982,-34948.692535615969973151,23112.559896597238548566,4614.434125612569914665
1357236.452276517869904637,-35399.855217444201116450,22449.408549664691236103,4444.002398292611360375
1357983.537035503424704075,-36592.121048299828544259,20546.875197733112145215,3957.715936821816740121
1359063.105791116831824183,-38122.163172332097019535,17691.361027108869166113,3234.633115341972825263
1360261.336711267009377480,-39543.268185515145887621,14394.329401794433579198,2408.784434790252817038
1361340.905466880416497588,-40565.272147732088342309,11328.932186348502000328,1648.783500619368624029
1362087.990225865971297026,-41125.577014685914036818,9165.322878894830864738,1116.574346063656548722
1362354.621689313091337681,-41296.043956882887869142,8386.211344251987611642,925.745536555262788170
1362621.253152760211378336,-41450.882815878547262400,7603.926130706469848519,734.566361811339220367
1363368.337911745766177773,-41801.011935019058000762,5397.635423246179016132,197.645316138463613242
1364447.906667359173297882,-42087.410155679186573252,2182.856964232767950307,-578.846605144333125281
1365646.137587509350851178,-42099.648204753735626582,-1400.269133378916649235,-1436.277786067556462513
1366725.706343122757971287,-41835.217583616031333804,-4620.167304267803046969,-2199.583771635317134496
1367472.791102108312770724,-41500.159221102694573347,-6832.825102832042830414,-2720.102218957651530218
1367739.422565555432811379,-41350.661574470737832598,-7617.937846861947036814,-2903.995807577247433073
1368006.054029002552852035,-41185.512473386654164642,-8400.167158962205576245,-3086.790135883928996918
1368753.138787988107651472,-40639.964119391072017606,-10574.046813011127596837,-3592.525070388210224337
1369832.707543601514771581,-39638.828897875646362081,-13658.222636910166329471,-4304.089316966770638828
1371030.938463751692324877,-38240.099633303281734698,-16981.404429531768982997,-5062.421828359126266150
1372110.507219365099444985,-36729.357924323892802931,-19865.087469702120870352,-5712.691032660506607499
1372857.591978350654244423,-35549.899819686434057076,-21789.569911282287648646,-6142.179796072108729277
1373124.223441797774285078,-35103.190140279599290807,-22461.025610729229811113,-6291.108223490480668261
1373390.854905244894325733,-34643.193373961323231924,-23123.979473367540776962,-6437.655194483461855270
1374137.939664230449125171,-33285.042668684473028407,-24934.124215497176919598,-6835.116731797628744971
1375217.508419843856245279,-31148.885390960273070959,-27417.631184249348734738,-7373.292289819926736527
1376415.739339994033798575,-28552.333009116915491177,-29974.380210407194681466,-7916.938686494810099248
1377495.308095607440918684,-26025.535949834695202298,-32082.357751966395881027,-8355.059212008993199561
1378242.392854592995718122,-24181.459611769692855887,-33425.374466163200850133,-8628.060418489936637343
1378509.024318040115758777,-23505.631306230876361951,-33880.846568678614858072,-8719.326503177981066983
1378775.655781487235799432,-22820.906875905231572688,-34323.495862285548355430,-8807.292358247725132969
1379522.740540472790598869,-20857.190107272781460779,-35494.063906129325914662,-9035.910135698173689889
1380602.309296086197718978,-17911.656013945554150268,-36998.479997183771047276,-9318.690926801929890644
1381800.540216236375272274,-14513.114832313336592051,-38399.264782925063627772,-9564.824556592702720081
1382880.108971849782392383,-11355.457758137776181684,-39410.431013284629443660,-9724.060725791585355182
1383627.193730835337191820,-9127.874560200078121852,-39967.435646797646768391,-9798.998831726225034799
1383893.825194282457232475,-8325.949027595534062129,-40137.561494604080507997,-9818.705529929773547337
1384160.456657729577273130,-7520.873193080722558079,-40292.500436513240856584,-9834.696834362859590328
1384907.541416715132072568,-5250.922711786795844091,-40645.262553891996503808,-9859.668119327339809388
1385987.110172328539192677,-1944.979815370356391213,-40941.589340932383493055,-9844.022671189837637939
1387185.341092478716745973,1737.575087202416852961,-40973.280857025136356242,-9755.214860188267266494
1388264.909848092123866081,5044.875748873833799735,-40733.886018027988029644,-9611.381226024530405994
1389011.994607077678665519,7316.518160476721277519,-40420.251359332862193696,-9476.896151838278456125
1389278.626070524798706174,8122.346546993283482152,-40279.199450606938626152,-9422.062331454095328809
1389545.257533971918746829,8925.102730151495052269,-40122.912297949100320693,-9363.664435999020497547
1390292.342292957473546267,11155.428491142054554075,-39604.384916643495671451,-9181.247533594627384446
1391371.911048570880666375,14318.125141621820148430,-38647.873066939966520295,-8869.654211365077571827
1392570.141968721058219671,17723.738157669333304511,-37306.101054053106054198,-8459.543237669200607343
1393649.710724334465339780,20676.960572509629855631,-35853.034969977619766723,-8034.650657200814748649
1394396.795483320020139217,22646.718957430195587222,-34716.829718912253156304,-7711.297532524374219065
1394663.426946767140179873,23333.740858531364210648,-34286.190172125126991887,-7590.300333103776210919
1394930.058410214260220528,24011.940359915355656995,-33842.587143982811539900,-7466.433055948038600036
1395677.143169199815019965,25863.049943661666475236,-32532.041067142487008823,-7104.481365926239050168
1396756.711924813222140074,28401.007897939631220652,-30468.786548546122503467,-6544.494725701406423468
1397954.942844963399693370,31011.291344729790580459,-27958.338283576907997485,-5875.641714228574528533
1399034.511600576806813478,33160.986159197855158709,-25513.256851634974736953,-5234.482199567768475390
1399781.596359562361612916,34529.126503819104982540,-23727.743386357145936927,-4771.556733994071691995
1400048.227823009481653571,34992.807602259403211065,-23073.174573584812605986,-4602.840002880150677811
1400314.859286456601694226,35443.262857020723458845,-22409.885047726122138556,-4432.383457835320768936
1401061.944045442156493664,36633.534103873978892807,-20507.089995829843246611,-3946.059882905374706752
1402141.512801055563613772,38160.693628127482952550,-17651.524492933855071897,-3223.007180092164162488
1403339.743721205741167068,39578.662010883926996030,-14354.881363437587424414,-2397.304757046350459859
1404419.312476819148287177,40597.957853071857243776,-11290.219926579498860519,-1637.532090568015973986
1405166.397235804703086615,41156.483106948537169956,-9127.321894733348017326,-1105.530892373204551404
1405433.028699251823127270,41326.337369288572517689,-8348.502163895762350876,-914.785614554252447306
1405699.660162698943167925,41480.576503189535287675,-7566.527956597082265944,-723.694659791172057339
1406446.744921684497967362,41829.099980663631868083,-5361.206484217858815100,-187.044559493343740542
1407526.313677297905087471,42113.395280226010072511,-2148.062452469901927543,588.999542969098456524
1408724.544597448082640767,42123.639766912441700697,1432.972243125483146287,1445.867912647786624802
1409804.113353061489760876,41857.751958318098331802,4650.787435029117659724,2208.620712985569298326
1410551.198112047044560313,41521.885287688077369239,6861.920971729688972118,2728.737695154436551093
1410817.829575494164600968,41372.139962885667046066,7646.477230016271278146,2912.485286213886865880
1411084.461038941284641623,41206.764913579681888223,8428.144773295585764572,3095.132505828737066622
1411831.545797926839441061,40660.700103540599229746,10600.429145865276950644,3600.451029194834063674
1412911.114553540246561170,39659.123517076324787922,13682.273870177428761963,4311.409738826811008039
1414109.345473690424114466,38260.321721506326866802,17002.890979761639755452,5069.078992427143020905
1415188.914229303831234574,36749.877257532687508501,19884.340448611175816040,5718.772096466290349781
1415935.998988289386034012,35570.815183151309611276,21807.346949678045348264,6147.880428148944702116
1416202.630451736506074667,35124.282614849129458889,22478.293184576512430795,6296.677500982073979685
1416469.261915183626115322,34664.481061522703384981,23140.747740266255277675,6443.095686033289894112
1417216.346674169180914760,33306.969538711200584657,24949.552903877942299005,6840.211270353714098746
1418295.915429782588034868,31171.956236560297838878,27431.299993411106697749,7377.930435951267099881
1419494.146349932765588164,28576.934387957458966412,29986.376076942262443481,7921.138649350831656193
1420573.715105546172708273,26051.702333302477200050,32093.128843793652777094,8358.932332800373842474
1421320.799864531727507710,24208.785923746250773547,33435.465876130889228079,8631.747287494348711334
1421587.431327978847548366,23533.383068490486039082,33890.729736862725985702,8722.955004621209809557
1421854.062791425967589021,22849.088894170916319126,34333.189093014458194375,8810.866793482035063789
1422601.147550411522388458,20886.596655530152929714,35503.323247890977654606,9039.356075915036853985
1423680.716306024929508567,17942.853247757051576627,37007.369337028423615266,9322.010846257144294214
1424878.947226175107061863,14546.273004329232207965,38408.094436176907038316,9568.085162470879367902
1425958.515981788514181972,11390.304630928922051680,39419.510223799137747847,9727.336560449499302194
1426705.600740774068981409,9163.821173008698679041,39976.845523071642674040,9802.320462800407767645
1426972.232204221189022064,8362.271205513246968621,40147.118842923991905991,9822.050006933972326806
1427238.863667668309062719,7557.561034567744172818,40302.220077049219980836,9838.067402840255454066
1427985.948426653863862157,5288.577383613155689090,40655.511884372652275488,9863.128070329683396267
1429065.517182267270982265,1983.861705724334115075,40952.780607833199610468,9847.649493195978720905
1430263.748102417448535562,-1697.600063697533641971,40985.720291758654639125,9759.068861599311276223
1431343.316858030855655670,-5004.184831593632225122,40747.586594507927657105,9615.466617795531419688
1432090.401617016410455108,-7275.490550556445668917,40434.875757243746193126,9481.150635810792664415
1432357.033080463530495763,-8081.231057163147852407,40294.160156627833202947,9426.378116541100098402
1432623.664543910650536418,-8883.916510354891215684,40138.211632810234732460,9368.041756667384106549
1433370.749302896205335855,-11114.135836038965862826,39620.639253277251555119,9185.797102578222620650
1434450.318058509612455964,-14276.916835042440652614,38665.497232080109824892,8874.446258929234318202
1435648.548978659790009260,-17682.944854609700996662,37325.179625262011541054,8464.583883537610745407
1436728.117734273197129369,-20636.814303950523026288,35873.314503221663471777,8039.885802007945130754
1437475.202493258751928806,-22607.159903550658782478,34737.856175517845258582,7716.645880732736259233
1437741.833956705871969461,-23294.416934210807085037,34307.463539804048195947,7595.684218060832790798
1438008.465420152992010117,-23972.864256676057266304,33864.096177025123324711,7471.849732852909255598
1438755.550179138546809554,-25824.731445450477622217,32554.146028136376116890,7109.974398464994010283
1439835.118934751953929663,-28363.928500905174587388,30491.567565040655608755,6550.054258345774542249
1441033.349854902131482959,-30975.742269088714238023,27981.583885066760558402,5881.208893443310444127
1442112.918610515538603067,-33126.906556493726384360,25536.641045542386564193,5239.992943516553168593
1442860.003369501093402505,-34496.088089566517737694,23751.060679421683744295,4776.992361351034560357
1443126.634832948213443160,-34960.141906947108509485,23096.435165130835230229,4608.241658999970240984
1443393.266296395333483815,-35410.969269980494573247,22433.071588210630579852,4437.747393324771110201
1444140.351055380888283253,-36602.273463912053557578,20529.976683232522191247,3951.298368139484409767
1445219.919810994295403361,-38130.873195396074152086,17673.739943491891608573,3228.014389743892934348
1446418.150731144472956657,-39550.314019850949989632,14376.034228315063955961,2401.990505386617769545
1447497.719486757880076766,-40570.771763842916698195,11310.149070755844149971,1641.876102645845094230
1448244.804245743434876204,-41129.985846813171519898,9146.270069027650606586,1109.613462020193765056
1448511.435709190554916859,-41300.060108951023721602,8367.075938419282465475,918.770562762542454038
1448778.067172637674957514,-41454.504745191421534400,7584.715365891092915263,727.579937568297850703
1449525.151931623229756951,-41803.522333478344080504,5378.252291392932420422,190.640900675844250145
1450604.720687236636877060,-42088.301726085395785049,2163.326531131072897551,-585.840258927499007768
1451802.951607386814430356,-42098.736534962285077199,-1419.821245339922825224,-1443.208712619049492787
1452882.520363000221550465,-41832.686438862940121908,-4639.611010916016311967,-2206.412803705377427832
1453629.605121985776349902,-41496.515744079195428640,-6852.123098562884479179,-2726.835880553790957492
1453896.236585432896390557,-41346.623519903798296582,-7637.169922656962626206,-2910.690568399228141061
1454162.868048880016431212,-41181.081348346626327839,-8419.326031429791328264,-3093.443460235718248441
1454909.952807865571230650,-40634.440930203934840392,-10592.962023288719137781,-3599.048922753246188222
1455989.521563478978350759,-39631.757173396479629446,-13676.686618328625627328,-4310.391921574510888604
1457187.752483629155904055,-38231.360544968985777814,-16999.233504591615201207,-5068.433116848282224964
1458267.321239242563024163,-36719.173091384567669593,-19882.227566649566142587,-5718.400410100544831948
1459014.405998228117823601,-35538.750787807744927704,-21806.170606575225974666,-6147.659363287697487976
1459281.037461675237864256,-35091.704831835901131853,-22477.421746123636694392,-6296.501787655140105926
1459547.668925122357904911,-34631.376119572560128290,-23140.164831955080444459,-6442.960710895561533107
1460294.753684107912704349,-33272.319456149278266821,-24949.686563875755382469,-6840.164939656078786356
1461374.322439721319824457,-31134.920274631800566567,-27432.211930102464975789,-7377.942344190105359303
1462572.553359871497377753,-28537.090937291312002344,-29987.765609579804731766,-7921.113098780904692831
1463652.122115484904497862,-26009.242610923836764414,-32094.578104809195792768,-8358.777604734688793542
1464399.206874470459297299,-24164.497451998169708531,-33436.743620758672477677,-8631.449522195654935786
1464665.838337917579337955,-23488.442528782277804567,-33891.903593807051947806,-8722.595588030062572216
1464932.469801364699378610,-22803.497975823316664901,-34334.236558278207667172,-8810.440183065060409717
1465679.554560350254178047,-20839.199735515936481534,-35503.896924310603935737,-9038.711979369136315654
1466759.123315963661298156,-17892.920093044223904144,-37006.950294204449164681,-9320.978329429643054027
1467957.354236113838851452,-14493.687480056330969092,-38406.161141963719273917,-9566.524426480613328749
1469036.922991727245971560,-11335.534281241185453837,-39415.863567766835330985,-9725.219928951772089931
1469784.007750712800770998,-9107.679875820227607619,-39971.834784346319793258,-9799.779431091641527019
1470050.639214159920811653,-8305.672029119283251930,-40141.588454287004424259,-9819.350379422929108841
1470317.270677607040852308,-7500.521549313288232952,-40296.153678060414677020,-9835.205685915809226572
1471064.355436592595651746,-5230.402995165330139571,-40647.861664056821609847,-9859.795030915809547878
1472143.924192206002771854,-1924.324940425678960310,-40942.652147152126417495,-9843.597239539274596609
1473342.155112356180325150,1758.230054945056053839,-40972.630872142894077115,-9754.179532106083570397
1474421.723867969587445259,5065.395710704020530102,-40731.696457158359407913,-9609.802971763629102497
1475168.808626955142244697,7336.870131827481600340,-40417.003596902366552968,-9474.947671542135140044
1475435.440090402262285352,8142.623895818020173465,-40275.576162207136803772,-9419.983056087165095960
1475702.071553849382326007,8945.297783488607819891,-40118.914838042983319610,-9361.455148341117819655
1476449.156312834937125444,11175.352363423544375109,-39599.347470795721164905,-9178.678547180661553284
1477528.725068448344245553,14337.552845139602140989,-38641.359798908735683654,-8866.579143652068523807
1478726.955988598521798849,17742.474235883619257947,-37297.997099027132207993,-8455.928840031192521565
1479806.524744211928918958,20694.950764650890050689,-35843.550234637848916464,-8030.573795796422018611
1480553.609503197483718395,22664.127338620772206923,-34706.423222454461210873,-7706.915229123200333561
1480820.240966644603759050,23350.928972742658515926,-34275.462015622302715201,-7585.812116382991916907
1481086.872430091723799706,24028.901699141006247373,-33831.541370141763763968,-7461.840620008263613272
1481833.957189077278599143,25879.341948323850374436,-32520.127900940082326997,-7099.606271268040472933
1482913.525944690685719252,28416.247686666978552239,-30455.682890749634680105,-6539.236907834339945111
1484111.756864840863272548,31025.252805829426506534,-27944.008390932845941279,-5869.997289764798551914
1485191.325620454270392656,33173.704160049135680310,-25497.915343449880310800,-5228.526218231342681975
1485938.410379439825192094,34540.937275628602947108,-23711.756994888473855099,-4765.406619661161130352
1486205.041842886945232749,35004.285934012703364715,-23056.969396100077574374,-4596.624989536932844203
1486471.673306334065273404,35454.404396102137980051,-22393.467199712467845529,-4426.105892801031586714
1487218.758065319620072842,36643.709877280147338752,-20490.109509345715196105,-3939.619753051731095184
1488298.326820933027192950,38169.421064632275374606,-17633.820245681767119095,-3216.365981068602195592
1489496.557741083204746246,39585.718725756953062955,-14336.502201382885687053,-2390.488564842928099097
1490576.126496696611866355,40603.462551533091755118,-11271.352502121659199474,-1630.602711070298710183
1491323.211255682166665792,41160.893069752542942297,-9108.184775944027933292,-1098.548267059219142538
1491589.842719129286706448,41330.353255121837719344,-8329.282491201916855061,-907.788993579751604557
1491856.474182576406747103,41484.196776801785745192,-7547.232988541796657955,-716.686686628967891011
1492603.558941561961546540,41831.604871664341771975,-5341.739439203040092252,-180.018891562335170420
1493683.127697175368666649,42114.275891452569339890,-2128.448804023115371820,596.013970314407970363
1494881.358617325546219945,42122.711254559479129966,1452.606433957382250810,1452.819019527960790583
1495960.927372938953340054,41855.198827223917760421,4670.311892089035609388,2215.469342518014855159
1496708.012131924508139491,41518.216353377662017010,6881.298639068387274165,2735.490527028851374780
1496974.643595371628180146,41368.075229912043141667,7665.788561959932849277,2919.199060481022570457
1497241.275058818748220801,41202.305898301019624341,8447.382470771664884523,3101.804684587628798909
1497988.359817804303020239,40655.145678055836469866,10619.421891182517356356,3606.993279041372261418
1499067.928573417710140347,39652.015849307921598665,13700.813315027182397898,4317.730052662109301309
1500266.159493567887693644,38251.541641710624389816,17020.792940742747305194,5075.107189449109682755
1501345.728249181294813752,36739.647042654534743633,19901.550864501910837134,5724.497628601524411351
1502092.813008166849613190,35559.617818568265647627,21824.016053184481279459,6153.375610173988206952
1502359.444471613969653845,35112.747938004824391101,22494.757019702046818566,6302.086483579634659691
1502626.075935061089694500,34652.613412251863337588,23157.000076121741585666,6448.416422519212574116
1503373.160694046644493937,33294.193104645215498749,24965.180130559063400142,6845.274131677591867629
1504452.729449660051614046,31157.933945426997524919,27445.942388645860773977,7382.594295534848242824
1505650.960369810229167342,28561.630942666677583475,29999.819266625188902253,7925.325881480051975814
1506730.529125423636287451,26035.344019091113295872,32105.403257639936782653,8362.662614572338497965
1507477.613884409191086888,24191.756403662366210483,33446.886367881692422088,8635.147610423669902957
1507744.245347856311127543,23516.126101999194361269,33901.837098352036264259,8726.235064303351464332
1508010.876811303431168199,22831.610988560973055428,34343.979109391271776985,8814.025345851316160406
1508757.961570288985967636,20868.535058202971413266,35513.202658405069087166,9042.167938524626151775
1509837.530325902393087745,17924.043081109801278217,37015.881581833949894644,9324.307201301953682560
1511035.761246052570641041,14526.768340245867875637,38415.027513176311913412,9569.792739636930491542
1512115.330001665977761149,11370.301366804358622176,39424.974518339760834351,9728.502292106810273253
1512862.414760651532560587,9143.545163771286752308,39981.272810637499787845,9803.106743031057703774
1513129.046224098652601242,8341.912370489842942334,40151.172643133904784918,9822.700228488696666318
1513395.677687545772641897,7537.127062851870505256,40305.898835018801037222,9838.581314370228938060
1514142.762446531327441335,5267.974074484236552962,40658.132724556540779304,9863.259150204514298821
1515222.331202144734561443,1963.121721850577159785,40953.859481561303255148,9847.226897791984811192
1516420.562122294912114739,-1718.341355674634996831,40985.079844874468108173,9758.034835199594454025
1517500.130877908319234848,-5024.791753695133593283,40745.400493574270512909,9613.888237861754532787
1518247.215636893874034286,-7295.929649355321089388,40431.627155695641704369,9479.201021003584173741
1518513.847100340994074941,-8101.595536616887329728,40290.534478820336516947,9424.297343049775008694
1518780.478563788114115596,-8904.198667039676365675,40134.210225654722307809,9365.830605616067259689
1519527.563322773668915033,-11134.146569149459537584,39615.593459846932091750,9183.225221754388257978
1520607.132078387076035142,-14296.430601195850613294,38658.969188020317233168,8871.366793124239848112
1521805.362998537253588438,-17701.765462494637176860,37317.053711385291535407,8460.963412687129675760
1522884.931754150660708547,-20654.887039119057590142,35863.801348186294490006,8035.801367032540838409
1523632.016513136215507984,-22624.649108484747557668,34727.416823299936368130,7712.254978260139978374
1523898.647976583335548639,-23311.685189515734236920,34296.700955454034556169,7591.187039941031798662
1524165.279440030455589294,-23989.905017848159332061,33853.014410496492928360,7467.247975495005448465
1524912.364199016010388732,-25841.100662129239935894,32542.192530853324569762,7105.088987994681701821
1525991.932954629417508841,-28379.241800569987390190,30478.417460299147933256,6544.784734067319732276
1527190.163874779595062137,-30989.772436767263570800,27967.201036989899876062,5875.551301520314154914
1528269.732630393002182245,-33139.688322123001853470,25521.241038272710284218,5234.022571039736249077
1529016.817389378556981683,-34507.958877344724896830,23735.012164462226792239,4770.827069652989848692
1529283.448852825677022338,-34971.678853598394198343,23080.166617225371737732,4602.011200924793229206
1529550.080316272797062993,-35422.167990435140382033,22416.589148832215869334,4431.454123542002889735
1530297.165075258351862431,-36612.502233713246823754,20512.928330474645918002,3944.841846161108151136
1531376.733830871758982539,-38139.647164204958244227,17655.963509879780758638,3221.355920838946985896
1532574.964751021936535835,-39557.409565700130769983,14357.578716322617765400,2395.156244607742792141
1533654.533506635343655944,-40576.307937706093071029,11291.202170019225377473,1634.928107275233742257
1534401.618265620898455381,-41134.421995870208775159,9127.051682512472325470,1102.611943898004483344
1534668.249729068018496037,-41304.100258772414235864,8347.774435437697320594,911.754971044984017681
1534934.881192515138536692,-41458.147343956807162613,7565.338046297430992126,720.552926933819662736
1535681.965951500693336129,-41806.044037860629032366,5358.701658789652356063,183.596068972744092207
1536761.534707114100456238,-42089.191019200632581487,2143.628109963486622291,-592.873871071490043505
1537959.765627264278009534,-42097.807531208636646625,-1439.540666108979621640,-1450.178799163845724252
1539039.334382877685129642,-41830.124504293569771107,-4659.220319153391756117,-2213.280019904980235879
1539786.419141863239929080,-41492.832272146493778564,-6871.584912041855204734,-2733.606911801587557420
1540053.050605310359969735,-41342.542212502863549162,-7656.565061346637776296,-2917.422381153330661618
1540319.682068757480010390,-41176.603728908048651647,-8438.647150195469293976,-3100.133504766646183270
1541066.766827743034809828,-40628.862261547510570381,-10612.036865666686935583,-3605.608492089704213868
1542146.335583356441929936,-39624.617283663239504676,-13695.305618434356802027,-4316.728606748371930735
1543344.566503506619483232,-38222.539709588840196375,-17017.211353074406360975,-5074.476422454906241910
1544424.135259120026603341,-36708.894806749856797978,-19899.509835059154283954,-5724.139735482316609705
1545171.220018105581402779,-35527.500539611282874830,-21822.908385552262188867,-6153.167336908972174569
1545437.851481552701443434,-35080.115607588479178958,-22493.953049932577414438,-6301.923187367103309953
1545704.482944999821484089,-34619.452289246859436389,-23156.483392513651779154,-6448.293481455886649201
1546451.567703985376283526,-33259.482432292883459013,-24965.376338230602414114,-6845.238718369322668877
1547531.136459598783403635,-31120.831494629495864501,-27446.911091254642087733,-7382.615404097312421072
1548729.367379748960956931,-28521.715167550701153232,-30001.258565548741898965,-7925.307502931460476248
1549808.936135362368077040,-25992.807406718438869575,-32106.895525250889477320,-8362.513142640631485847
1550556.020894347922876477,-24147.388287503385072341,-33448.202227799585671164,-8634.853737791023377213
1550822.652357795042917132,-23471.105017421668890165,-33903.047288048197515309,-8725.879047916278068442
1551089.283821242162957788,-22785.938668965398392174,-34345.061107266235921998,-8813.601640624096035026
1551836.368580227717757225,-20821.054575041947828140,-35513.805739426847139839,-9041.525349372244818369
1552915.937335841124877334,-17874.023867201045504771,-37015.484355805056111421,-9323.274155790995791904
1554114.168255991302430630,-14474.094866155734052882,-38413.107451538249733858,-9568.229216285211805371
1555193.737011604709550738,-11315.442157457902794704,-39421.333297612523892894,-9726.380862404406798305
1555940.821770590264350176,-9087.314813369715920999,-39976.262117178703192621,-9800.559546083220993751
1556207.453234037384390831,-8285.224157077311247122,-40145.640382714220322669,-9819.993954164652677719
1556474.084697484504431486,-7479.998601165767468046,-40299.828652410731592681,-9835.712472833571155206
1557221.169456470059230924,-5209.711112843519913440,-40650.473400503833545372,-9859.917669843964176835
1558300.738212083466351032,-1903.497559011542307417,-40943.714361926657147706,-9843.164368843656120589
1559498.969132233643904328,1779.056654982410691446,-40971.965634097090514842,-9753.133305652740091318
1560578.537887847051024437,5086.085394355342941708,-40729.478530950880667660,-9608.210773165665159468
1561325.622646832605823874,7357.389885951941323583,-40413.718493889195087831,-9472.983188669704759377
1561592.254110279725864530,8163.068214404669561191,-40271.912355583444877993,-9417.887054787905071862
1561858.885573726845905185,8965.658930416791918105,-40114.873697659561003093,-9359.228417737263953313
1562605.970332712400704622,11195.439540847768512322,-39594.257576168653031345,-9176.090144877876809915
1563685.539088325807824731,14357.138970455431262963,-38634.781694193887233268,-8863.481912613007807522
1564883.770008475985378027,17761.362167912226141198,-37289.815032665239414200,-8452.289391476513628731
1565963.338764089392498136,20713.085899127254378982,-35833.975936767899838742,-8026.469445270057804009
1566710.423523074947297573,22681.675350839937891578,-34695.919560337853909004,-7702.503848313117487123
1566977.054986522067338228,23368.254721238758065738,-34264.634048729778442066,-7581.294276089034610777
1567243.686449969187378883,24045.998623889972805046,-33820.393178977996285539,-7457.218025547387696861
1567990.771208954742178321,25895.763527636376238661,-32508.105222613590740366,-7094.699580645599780837
1569070.339964568149298429,28431.607690093256678665,-30442.460048745331732789,-6533.945583741989139526
1570268.570884718326851726,31039.323224123865657020,-27929.549446812146925367,-5864.317482618962458218
1571348.139640331733971834,33186.520261539822968189,-25482.436735763774777297,-5222.533394636873708805
1572095.224399317288771272,34552.838275516325666104,-23695.628429315846005920,-4759.218786243868635211
1572361.855862764408811927,35015.851618174317991361,-23040.620334879404254025,-4590.371971168030540866
1572628.487326211528852582,35465.630378942551033106,-22376.903812756409024587,-4419.790051176250017306
1573375.572085197083652020,36653.961778355740534607,-20472.979141263302153675,-3933.140663125011997181
1574455.140840810490772128,38178.212219895736780018,-17615.960630593894165941,-3209.685039092367333069
1575653.371760960668325424,39592.824928628178895451,-14317.962710699897797895,-2383.632049279116927210
1576732.940516574075445533,40609.003590793850889895,-11252.321326366060020518,-1623.632748743135834957
1577480.025275559630244970,41165.330138866738707293,-9088.882130135230909218,-1091.525026519728271523
1577746.656739006750285625,41334.392930684727616608,-8309.896776431929538376,-900.751775006842763105
1578013.288202453870326281,41487.837514608450874221,-7527.771526116936001927,-709.638148843271665100
1578760.372961439425125718,41834.120871941697259899,-5322.104968175597605295,-172.952833018724504655
1579839.941717052832245827,42115.154043245966022369,-2108.667261153190793266,603.068325320836720493
1581038.172637203009799123,42121.765244640766468365,1472.407821775861975766,1459.809250839389278553
1582117.741392816416919231,41852.614761162840295583,4690.001825315513087844,2222.356116978454338096
1582864.826151801971718669,41514.507292510214028880,6900.839990953429150977,2742.280687262768424262
1583131.457615249091759324,41363.967117387132020667,7685.262821152316973894,2925.949844728083462542
1583398.089078696211799979,41197.800266884660231881,8466.782276632420689566,3108.513540958907015010
1584145.173837681766599417,40649.535665505842189305,10638.574125280432781437,3613.571201812966592115
1585224.742593295173719525,39644.839929383728303947,13719.507629903258930426,4324.084401505322603043
1586422.973513445351272821,38242.679750797993619926,17038.843523930783703690,5081.167357196140983433
1587502.542269058758392930,36729.323331979569047689,19918.903301260248554172,5730.253062255776058009
1588249.627028044313192368,35548.319206828535243403,21840.822091742349584820,6158.899152534369932255
1588516.258491491433233023,35101.109319112176308408,22511.355875597229896812,6307.523255849415363627
1588782.889954938553273678,34640.639165311920805834,23173.385467436623002868,6453.764367508514624205
1589529.974713924108073115,33281.302849689862341620,24980.934640620922436938,6850.362519033720673178
1590609.543469537515193224,31143.787997209357854445,27460.703064013006951427,7387.281117440877096669
1591807.774389687692746520,28546.193821722128632246,30013.369888280227314681,7929.533064534520235611
1592887.343145301099866629,26018.843873692618217319,32117.774625080266559962,8366.410002980617719004
1593634.427904286654666066,24174.579919813524611527,33458.396206185934715904,8638.563008497314513079
1593901.059367733774706721,23498.720444724545814097,33913.031026051969092805,8729.529462937087373575
1594167.690831180894747376,22813.982721327851322712,34354.852878891375439707,8817.197495551246902323
1594914.775590166449546814,20850.318722199597686995,35523.157774633917142637,9044.991293971066625090
1595994.344345779856666923,17905.072664584622543771,37024.457512704590044450,9326.611949392063252162
1597192.575265930034220219,14507.098472387917354354,38422.010476149094756693,9571.505209102217122563
1598272.144021543441340327,11350.129513814799793181,39430.475935703703726176,9729.669729073788403184
1599019.228780528996139765,9123.098833364943857305,39985.728248768726189155,9803.892515613133582519
1599285.860243976116180420,8321.382718175864283694,40155.251370038073218893,9823.349152598822911386
1599552.491707423236221075,7516.521842290933818731,40309.599286337521334644,9839.093139137145044515
1600299.576466408791020513,5247.198652545313962037,40660.766158420541614760,9863.385936780934571289
1601379.145222022198140621,1942.209279246843379951,40954.937739901368331630,9846.796844584365317132
1602577.376142172375693917,-1739.254239416670770879,40984.424128532111353707,9756.989893332874999032
1603656.944897785782814026,-5045.568364549104444450,40743.186015944724204019,9612.295897581016106415
1604404.029656771337613463,-7316.536503356805042131,40428.341204476564598735,9477.235388125196550391
1604670.661120218457654119,-8122.126960261302883737,40286.868274278691387735,9422.199828267970588058
1604937.292583665577694774,-8924.646893754787015496,40130.165129966866516043,9363.601996372761277598
1605684.377342651132494211,-11154.320589482582363416,39610.495210203363967594,9180.633909980171665666
1606763.946098264539614320,-14316.102779188922795583,38652.376299054478295147,8868.265148871532801422
1607962.177018414717167616,-17720.737922403499396751,37308.849674829682044219,8457.317875312955948175
1609041.745774028124287724,-20673.104721202795190038,35854.198614593980892096,8031.689426560798892751
1609788.830533013679087162,-22642.277952709446253721,34716.880285221064696088,7707.834981319905637065
1610055.461996460799127817,-23329.091088515324372565,34285.838538854397484101,7586.660220919414314267
1610322.093459908151999116,-24007.081375007794122212,33841.830203045123198535,7462.616042005471172160
1611069.178218893706798553,-25857.599466341624065535,32530.129492571180890081,7100.171963106139628508
1612148.746974507113918662,-28394.675329800335020991,30465.148133974831580417,6539.481683791920659132
1613346.977894657291471958,-31003.911576414873707108,27952.689089772258739686,5869.858305632358678849
1614426.546650270698592067,-33152.568200876965420321,25505.703874185670429142,5228.015333708724938333
1615173.631409256253391504,-34519.919902841196744703,23718.821411394968890818,4764.624035439514955215
1615440.262872703373432159,-34983.303161031377385370,23063.754119220400752965,4595.742714115996932378
1615706.894336150493472815,-35433.451161623794178013,22399.961101811572007136,4425.122553197061279207
1616453.979095136048272252,-36622.807133545262331609,20495.730021046812908025,3938.346339479702692188
1617533.547850749455392361,-38148.484845702223537955,17638.031624813262169482,3214.657683654661923356
1618731.778770899632945657,-39564.554581821634201333,14338.962783913188104634,2388.281634804297027586
1619811.347526513040065765,-40581.880422281603387091,11272.091420399503476801,1627.939503574783884687
1620558.432285498594865203,-41138.885211698659986723,9107.667668422131100670,1095.569785455445526168
1620825.063748945714905858,-41308.164155255239165854,8328.306788991871144390,904.698756840565920356
1621091.695212392834946513,-41461.810360244424373377,7545.794130239793958026,713.485327027318930959
1621838.779971378389745951,-41808.576794395092292689,5338.983496802877198206,176.510822864085071160
1622918.348726991796866059,-42090.077779927407391369,2123.761691102147324273,-599.947432939421787523
1624116.579647141974419355,-42096.860938776182592846,-1459.427384148418241239,-1457.188029578460145785
1625196.148402755381539464,-41827.531527202532743104,-4678.995198438484294456,-2220.185397468062092230
1625943.233161740936338902,-41489.108554910708335228,-6891.210499677604275348,-2740.415285417744144070
1626209.864625188056379557,-41338.417402879793371540,-7676.123214711000400712,-2924.191216962891758158
1626476.496088635176420212,-41172.079366783022123855,-8458.130462428633109084,-3106.860239017553340091
1627223.580847620731219649,-40623.227868716523516923,-10631.271274506414556527,-3612.203743567369656375
1628303.149603234138339758,-39617.408990430711128283,-13714.079553431614840520,-4323.099331527184403967
1629501.380523384315893054,-38213.636897818956640549,-17035.337871640516823390,-5080.551697711136512225
1630580.949278997723013163,-36698.522850601257232483,-19916.934154651364224264,-5729.908955784143472556
1631328.034037983277812600,-35516.148862674119300209,-21839.783116640010121046,-6158.703660261115146568
1631594.665501430397853255,-35068.422257908205210697,-22510.619386644571932266,-6307.372364687928893545
1631861.296964877517893910,-34607.421676228434080258,-23172.935015644823579350,-6453.653446984275433351
1632608.381723863072693348,-33246.531398824656207580,-24981.193388557181606302,-6850.338005398633868026
1633687.950479476479813457,-31106.618865931588516105,-27461.728503168524184730,-7387.311402480007018312
1634886.181399626657366753,-28506.205530944138445193,-30014.858898842860071454,-7929.521827352835316560
1635965.750155240064486861,-25976.230183859053795459,-32119.309821534978254931,-8366.265750517202832270
1636712.834914225619286299,-24130.131976280204980867,-33459.750087718981376383,-8638.272987835891399300
1636979.466377672739326954,-23453.618634300510166213,-33914.277449189852632117,-8729.176804655782689224
1637246.097841119859367609,-22768.228821691882330924,-34355.969304468686459586,-8816.776652032885976951
1637993.182600105414167047,-20802.754504269589233445,-35523.790139915166946594,-9044.350164982950445847
1639072.751355718821287155,-17854.967232890427112579,-37024.081961737108940724,-9325.578322938197743497
1640270.982275868998840451,-14454.336907876126133488,-38420.103483360660902690,-9569.938841193983535049
1641350.551031482405960560,-11295.181323332277315785,-39426.839968781889183447,-9727.543440211507913773
1642097.635790467960759997,-9066.779322973994567292,-39980.717408122407505289,-9801.339090295914502349
1642364.267253915080800653,-8264.605366480362135917,-40149.717041765492467675,-9820.636167645312525565
1642630.898717362200841308,-7459.304308551360918500,-40303.525120586229604669,-9836.217108534679937293
1643377.983476347755640745,-5188.847038546511612367,-40653.097522334355744533,-9860.035949503662777715
1644457.552231961162760854,-1882.497664940818594914,-40944.775742846904904582,-9842.723972910711381701
1645655.783152111340314150,1800.054871163948973845,-40971.284900562437542249,-9752.076095723254184122
1646735.351907724747434258,5106.944763650473760208,-40727.231998741088318639,-9606.604546662341817864
1647482.436666710302233696,7378.077372936588290031,-40410.395811652917473111,-9471.002621020217702608
1647749.068130157422274351,8183.679447970903311216,-40268.207792989815061446,-9415.774245902965049027
1648015.699593604542315006,8986.186111305516533321,-40110.788640037128061522,-9356.984163112430906040
1648762.784352590097114444,11215.689950325253448682,-39589.114999234559945762,-9173.482247394334990531
1649842.353108203504234552,14376.883425423353401129,-38628.138525163318263367,-8860.362441947105253348
1651040.584028353681787848,17780.401841129809326958,-37281.554635529813822359,-8448.624819577335074428
1652120.152783967088907957,20731.365845592306868639,-35824.311865750394645147,-8022.337537157898623263
1652867.237542952643707395,22699.362851943456917070,-34685.318528817035257816,-7698.063324623559310567
1653133.869006399763748050,23385.717957765038590878,-34253.706070302396256011,-7576.746747867175145075
1653400.500469846883788705,24063.230983852445206139,-33809.142372022703057155,-7452.565209350867007743
1654147.585228832438588142,25912.314520234111114405,-32495.972841589842573740,-7089.761234165071073221
1655227.153984445845708251,28447.087731730942323338,-30429.117844363074254943,-6528.620698640558657644
1656425.384904596023261547,31053.502407623258477543,-27914.961288101225363789,-5858.602244075243106636
1657504.953660209430381656,33199.434258962763124146,-25466.820880099145142594,-5216.503685855557705509
1658252.038419194985181093,34564.829290711553767323,-23679.357551835171761923,-4752.993194976197628421
1658518.669882642105221748,35027.504439247175469063,-23024.127256028848933056,-4584.080910521674013580
1658785.301346089225262403,35476.940587399898504373,-22360.194756924862304004,-4413.435897237531207793
1659532.386105074780061841,36664.289581989381986205,-20455.698773004853137536,-3926.622581754205839388
1660611.954860688187181950,38187.066859919148555491,-17597.945546115253819153,-3202.964329243161046179
1661810.185780838364735246,39599.980377331972704269,-14299.262809461455617566,-2376.735192773781363940
1662889.754536451771855354,40614.580722909391624853,-11233.126335611281319871,-1616.622192734656209723
1663636.839295437326654792,41169.794063243505661376,-9069.413906457308257814,-1084.461164601802011020
1663903.470758884446695447,41338.456144001967913937,-8290.344973361690790625,-893.673954364832752617
1664170.102222331566736102,41491.498463801777688786,-7508.143527741547586629,-702.549043647348412378
1664917.186981317121535540,41836.647726864735886920,-5302.303042643310618587,-165.846385797873494994
1665996.755736930528655648,42116.029479674914909992,-2088.717814423028812598,610.162599242710825820
1667194.986657080706208944,42120.801481636299286038,1492.376394801673995971,1466.838590341983945109
1668274.555412694113329053,41849.999506653955904767,4709.857203883077090723,2229.281013478301701980
1669021.640171679668128490,41510.757853935669118073,6920.544983481675444636,2749.108148446791346942
1669288.271635126788169146,41359.815375173478969373,7704.899959052042504482,2932.737609951118429308
1669554.903098573908209801,41193.247770300280535594,8486.344137716354453005,3115.259044354978414049
1670301.987857559463009238,40643.869820462117786519,10657.885782163615658646,3620.184762547950413136
1671381.556613172870129347,39637.595518362781149335,13738.356730617177163367,4330.472744259868704830
1672579.787533323047682643,38233.735818758876121137,17057.042625555008271476,5087.259448060905924649
1673659.356288936454802752,36718.905905050472938456,19936.397638141821516911,5736.038344264352417667
1674406.441047922009602189,35536.919134888885309920,21857.764933290305634728,6164.450998409772182640
1674673.072511369129642844,35089.366547928388172295,22528.089616254386783112,6312.987759706571523566
1674939.703974816249683499,34628.558113340041018091,23189.903774308044376085,6459.139461673717960366
1675686.788733801804482937,33268.298574966189335100,24996.816283531436056364,6855.476369733409228502
1676766.357489415211603045,31129.518206324864877388,27475.581854413991095498,7391.990834453750721877
1677964.588409565389156342,28530.622855643963703187,30027.027761837096477393,7933.760126761525498296
1679044.157165178796276450,26002.201743249017454218,32130.242753724192880327,8370.174422651560234954
1679791.241924164351075888,24157.256329718304186827,33469.995190818262926769,8641.993404107399328495
1680057.873387611471116543,23481.165958349934953731,33924.311317083134781569,8732.838122172472139937
1680324.504851058591157198,22796.203958372272609267,34365.810196057784196455,8820.383163519387380802
1681071.589610044145956635,20831.947525503554061288,35533.188384313740243670,9047.826061355286583421
1682151.158365657553076744,17885.941894258729007561,37033.096908654842991382,9328.925007399035166600
1683349.389285807730630040,14487.263317669348907657,38429.043096030261949636,9573.222485866504939622
1684428.958041421137750149,11329.789008200372336432,39436.014241038734326139,9730.838785218267730670
1685176.042800406692549586,9102.482131645669142017,39990.211599456648400519,9804.677693942969199270
1685442.674263853812590241,8300.682203325563023100,40159.354784671624656767,9823.996692554546825704
1685709.305727300932630897,7495.745332554897686350,40313.321191174516570754,9839.602790357825142564
1686456.390486286487430334,5226.251091317037207773,40663.411944190636859275,9863.508343244890056667
1687535.959241899894550443,1921.124371581743616844,40956.015139538707444444,9846.359247169293666957
1688734.190162050072103739,-1760.338698844565897161,40983.752899470906413626,9755.933950677224856918
1689813.758917663479223847,-5066.514627978813223308,40740.942919996959972195,9610.689513164263189537
1690560.843676649034023285,-7337.311062596138981462,40425.017663975530012976,9475.253654752179500065
1690827.475140096154063940,-8142.825273243787705724,40283.161304282388300635,9420.085490319130258285
1691094.106603543274104595,-8945.261130780116218375,40126.076108006949652918,9361.355847638797058607
1691841.191362528828904033,-11174.657823803827341180,39605.344269832858117297,9178.023087739296897780
1692920.760118142236024141,-14335.933276647259845049,38645.718336558617011178,8865.141249646441792720
1694118.991038292413577437,-17739.862121386126091238,37300.567295167660631705,8453.647198766140718362
1695198.559793905820697546,-20691.467219441128690960,35844.506090847658924758,8027.549911912501556799
1695945.644552891375496984,-22660.046293603565572994,34706.246356568233750295,7703.385824229675563402
1696212.276016338495537639,-23346.634484455491474364,34274.876087897711840924,7582.103696431378011766
1696478.907479785615578294,-24024.393177321391704027,33830.543355247005820274,7457.953868962281376298
1697225.992238771170377731,-25874.227696135636506369,32517.956721781174564967,7095.223263704640885408
1698305.560994384577497840,-28410.228911431218875805,30451.759406998233316699,6534.145052546538863680
1699503.791914534755051136,-31018.159495265754230786,27938.047879452340566786,5864.129856890232076694
1700583.360670148162171245,-33165.545987187077116687,25490.029404012315353611,5221.971188438243189012
1701330.445429133716970682,-34531.970952367155405227,23702.488281669000571128,4758.383219801276027283
1701597.076892580837011337,-34995.014612811297411099,23047.197536492167273536,4589.436161183434705890
1701863.708356027957051992,-35444.818564447406970430,22383.187316503368492704,4418.752646433228619571
1702610.793115013511851430,-36633.187937287686509080,20478.381635711160924984,3931.811816606014872377
1703690.361870626918971539,-38157.386004810687154531,17619.944186159915261669,3207.919653176027168229
1704888.592790777096524835,-39571.748824903595959768,14320.186348683353571687,2381.366658328813173284
1705968.161546390503644943,-40587.488968427016516216,11252.816757817781763151,1620.910280653614790936
1706715.246305376058444381,-41143.375242023474129383,9088.117975601562648080,1088.486980520293855079
1706981.877768823178485036,-41312.251545187427836936,8308.672952578655895195,897.601915666474042155
1707248.509232270298525691,-41465.493540001014480367,7526.083575884886158747,706.377135057174768917
1707995.593991255853325129,-41811.120347184478305280,5319.097776764381706016,169.385164300903056755
1709075.162746869260445237,-42090.961751048002042808,2103.727265047597029479,-607.060935739691444724
1710273.393667019437998533,-42095.896500850416487083,-1479.481387612029266165,-1464.236387542971897346
1711352.962422632845118642,-41824.907252820405119564,-4698.935617760984314373,-2227.128913395812560339
1712100.047181618399918079,-41485.344339944836974610,-6910.999817300607901416,-2747.260973861921229400
1712366.678645065519958735,-41334.248839625812252052,-7695.844333913294576632,-2930.997046685717123182
1712633.310108512639999390,-41167.508011676298337989,-8477.775914643516443903,-3113.623632255361371790
1713380.394867498194798827,-40617.537505039581446908,-10650.665183407954827999,-3618.834642059166526451
1714459.963623111601918936,-39610.132053557477775030,-13733.008338613984960830,-4329.504054621343129838
1715658.194543261779472232,-38204.651878510587266646,-17053.612955880551453447,-5086.658894788024554146
1716737.763298875186592340,-36688.057001409564691130,-19934.500403940546675585,-5735.708017596206445887
1717484.848057860741391778,-35504.695542934037803207,-21856.794666968940873630,-6164.268276263843290508
1717751.479521307861432433,-35056.624571553351415787,-22527.420619420779985376,-6312.849261267819201748
1718018.110984754981473088,-34595.284072176174959168,-23189.519560592088964768,-6459.040547883474573609
1718765.195743740536272526,-33233.466155948291998357,-24997.137563409611175302,-6855.462737772972104722
1719844.764499353943392634,-31092.282202133548707934,-27476.663999752727249870,-7392.030271824614828802
1721042.995419504120945930,-28490.561857284341385821,-30028.566428323239961173,-7933.755999980759952450
1722122.564175117528066039,-25959.510787889954372076,-32131.820800145625980804,-8370.035352670496649807
1722869.648934103082865477,-24112.728375328166293912,-33471.386999133566860110,-8641.707194398122737766
1723136.280397550202906132,-23435.983240611687506316,-33925.593873184450785629,-8732.488779573357533081
1723402.911860997322946787,-22750.368299441721319454,-34366.960943250880518463,-8819.965137902901915368
1724149.996619982877746224,-20784.299400801992305787,-35533.849912311292428058,-9047.186344974941675900
1725229.565375596284866333,-17835.750085928229964338,-37032.742889791908964980,-9327.890747416842714301
1726427.796295746462419629,-14434.413522002636454999,-38427.149007131716643926,-9571.653215886091857101
1727507.365051359869539738,-11274.751715093734674156,-39432.383345191054104362,-9728.707575928563528578
1728254.449810345424339175,-9046.073354558639039169,-39985.200417945692606736,-9802.117976821229603956
1728521.081273792544379830,-8243.815612180520474794,-40153.818191257261787541,-9821.276932853301332216
1728787.712737239664420485,-7438.438631265886215260,-40307.242841542400128674,-9836.719505937344365520
1729534.797496225219219923,-5167.810745997901904047,-40655.733786578377475962,-9860.149782792077530758
1730614.366251838626340032,-1861.325252192114476202,-40945.836045436408312526,-9842.275965064218326006
1731812.597171988803893328,1821.224686989002293558,-40970.588427165639586747,-9751.007816744120646035
1732892.165927602211013436,5127.973781898086599540,-40724.956617847390589304,-9604.984208233801837196
1733639.250686587765812874,7398.932542242334420735,-40407.035309564649651293,-9469.005885954726181808
1733905.882150034885853529,8204.457541069432409131,-40264.462234703409194481,-9413.644547345911632874
1734172.513613482005894184,9006.879265820161890588,-40106.659426449623424560,-9354.722302963764377637
1734919.598372467560693622,11236.103517954261405976,-39583.919504540113848634,-9170.854775025864000781
1735999.167128080967813730,14396.786116933184530353,-38621.430062325365724973,-8857.220654966011352371
1737197.398048231145367026,17799.593141785186162451,-37273.215686410410853568,-8444.935051548454794101
1738276.966803844552487135,20749.790472435539413709,-35814.557809284873655997,-8018.178002668276349141
1739024.051562830107286572,22717.189698431880970020,-34674.619922531754127704,-7693.593592277745301544
1739290.683026277227327228,23403.318534680089214817,-34242.677877605645335279,-7572.169467064414675406
1739557.314489724347367883,24080.598627300794760231,-33797.788749243831261992,-7447.882107913942490995
1740304.399248709902167320,25928.994763250047981273,-32483.730565808727988042,-7084.791171665540787217
1741383.968004323309287429,28462.687633477115014102,-30415.656098063747776905,-6523.262197514010949817
1742582.198924473486840725,31067.790162608100217767,-27900.243750458306749351,-5852.851525225898512872
1743661.767680086893960834,33212.445945789491815958,-25451.067626885185745778,-5210.437048804255027790
1744408.852439072448760271,34576.910106565388559829,-23662.944223646405589534,-4746.729806964398449054
1744675.483902519568800926,35039.244179837070987560,-23007.490024693994200788,-4577.751770227921952028
1744942.115365966688841581,35488.334801416771369986,-22343.339901360101066530,-4407.043395152887569566
1745689.200124952243641019,36674.693061107158428058,-20438.268285170175659005,-3920.065477486936742935
1746768.768880565650761127,38195.984748683360521682,-17579.774890020333259599,-3196.203826558991750062
1747966.999800715828314424,39607.184827632656379137,-14280.402415243253926747,-2369.797977748411540233
1749046.568556329235434532,40620.193697833710757550,-11213.767465818251366727,-1609.571032235529855825
1749793.653315314790233970,41174.284589719973155297,-9049.780053834598220419,-1077.356675222532885527
1750060.284778761910274625,41342.542640979583666194,-8270.627035581097516115,-886.555527262811892797
1750326.916242209030315280,41495.179369452605897095,-7488.348951688778470270,-695.419368343977907898
1751074.001001194585114717,41839.185179677835549228,-5282.333634080630872631,-158.699551951731564259
1752153.569756807992234826,42116.901942689895804506,-2068.600454524943870638,617.296783179281533194
1753351.800676958169788122,42119.819707930313597899,1512.512140946522777085,1473.907021599001382128
1754431.369432571576908231,41847.352808154530066531,4729.877996497349158744,2236.244008896131617803
1755178.454191557131707668,41506.967784473097708542,6940.413572172099520685,2755.972882914474212157
1755445.085655004251748323,41355.619751115307735745,7724.699926501342815754,2939.562326880669388629
1755711.717118451371788979,41188.648157512507168576,8506.068000207314980798,3122.041163914382650546
1756458.801877436926588416,40638.147895532318216283,10677.356795076153503032,3626.833925987929433177
1757538.370633050333708525,39630.282375410060922150,13757.360532071061243187,4336.895039500971506641
1758736.601553200511261821,38224.709613780789368320,17075.390140776642510900,5093.383414075342443539
1759816.170308813918381929,36708.394539700842869934,19954.033753198222257197,5741.853421074862126261
1760563.255067799473181367,35525.417388068206491880,21874.844444473172188736,6170.031090574909285351
1760829.886531246593222022,35077.519412599373026751,22544.958104340868885629,6318.479936655413439439
1761096.517994693713262677,34616.370047389325918630,23206.554855477523233276,6464.541645270775006793
1761843.602753679268062115,33255.180080090533010662,25012.824907319820340490,6860.615620656215469353
1762923.171509292675182223,31115.124385808787337737,27490.578593199068563990,7396.723378906443031156
1764121.402429442852735519,28514.917873716054600663,30040.792705560732429149,7938.006995938377258426
1765200.971185056259855628,25985.417472805649595102,32142.807449424966762308,8373.955797727878234582
1765948.055944041814655066,24139.785489899230014998,33481.683119739995163400,8645.438719154701175285
1766214.687407488934695721,23463.462503599344927352,33935.677766733773751184,8736.160963165824796306
1766481.318870936054736376,22778.274564672556152800,34376.850853582815034315,8823.582270197348407237
1767228.403629921609535813,20813.421345281461981358,35543.294273282350332011,9050.672159277053651749
1768307.972385535016655922,17866.650665549077530159,37041.799546741814992856,9331.246291688386918395
1769506.203305685194209218,14467.262792522504241788,38436.125141746153531130,9574.944484421755987569
1770585.772061298601329327,11309.279785883723889128,39441.589197450841311365,9732.009373902004881529
1771332.856820284156128764,9081.695008266784498119,39994.722622635272273328,9805.462190913855010876
1771599.488283731276169419,8279.810780531648561009,40163.482646008313167840,9824.642761144459655043
1771866.119747178396210074,7474.797493193383161270,40317.064307634289434645,9840.110180749115897925
1772613.204506163951009512,5205.131364315364407958,40666.069838023140619043,9863.626282287925278069
1773692.773261777358129621,1899.866992686269895785,40957.091435092515894212,9845.914018659199427930
1774891.004181927535682917,-1781.594717532622780709,40983.065912382931855973,9754.866921442288003163
1775970.572937540942803025,-5087.630507297110852960,40738.670962091797264293,9609.069000370880530681
1776717.657696526497602463,-7358.253276486578215554,40421.656292593048419803,9473.255738022849982372
1776984.289159973617643118,-8163.690420050357715809,40279.413328133974573575,9417.954246893543313490
1777250.920623420737683773,-8966.041317695031466428,40121.942920070636318997,9359.092077687586424872
1777998.005382406292483211,-11195.158198069933860097,39600.140402295510284603,9175.392675103095825762
1779077.574138019699603319,-14355.922000235608720686,38638.995070048105844762,8861.995018536485076766
1780275.805058169877156615,-17759.137945369660883443,37292.206350197338906582,8449.951310040029056836
1781355.373813783284276724,-20709.974401812225551112,35834.723563665269466583,8023.382754079200822162
1782102.458572768839076161,-22677.953987193333887262,34695.514831011445494369,7698.907441000464132230
1782369.090036215959116817,-23364.315229197913140524,34263.813398884987691417,7577.517401613623405865
1782635.721499663079157472,-24041.840272543540777406,33819.153666110258200206,7453.261392652105314482
1783382.806258648633956909,-25890.985188062968518352,32505.674025482585420832,7090.242829427234937612
1784462.375014262041077018,-28425.902366687176254345,30438.251098925407859497,6528.774785124655863910
1785660.605934412218630314,-31032.515998828646843322,27923.277240834551776061,5858.365906211505716783
1786740.174690025625750422,-33178.621473666949896142,25474.217477384172525490,5215.890091987350388081
1787487.259449011180549860,-34544.111810358648654073,23686.012635731072805356,4752.104583699842805800
1787753.890912458300590515,-35006.812990609090775251,23030.496733450010651723,4583.091504617443206371
1788020.522375905420631170,-35456.269977894233306870,22366.267661331159615656,4412.344367283895735454
1788767.607134890975430608,-36643.644416859693592414,20460.883054400834225817,3925.238245968084356718
1789847.175890504382550716,-38166.350404434109805152,17601.701091110189736355,3201.141804345020318578
1791045.406810654560104012,-39578.992049564723856747,14301.249327726014598738,2374.411297535179528495
1792124.975566267967224121,-40593.133324898597493302,11233.378117851119895931,1613.840427662181355117
1792872.060325253522023559,-41147.891832453868119046,9068.402552663454116555,1081.363522989197690549
1793138.691788700642064214,-41316.362173237524984870,8288.872879502736395807,890.464443118547592348
1793405.323252147762104869,-41469.196627051082032267,7506.206341247401724104,699.228348320172813146
1794152.408011133316904306,-41813.674438205671322066,5299.044469966705946717,162.219095349778854143
1795231.976766746724024415,-42091.842673224731697701,2083.524822424238209351,-614.214370526560855978
1796430.207686896901577711,-42094.913958518802246545,-1499.702664349647420750,-1471.323856541621125871
1797509.776442510308697820,-41822.251424313260940835,-4719.041545646310623852,-2234.110544457281321229
1798256.861201495863497257,-41481.539372788138280157,-6930.952820167749450775,-2754.143949337346384709
1798523.492664942983537912,-41330.036269310876377858,-7715.728369504550755664,-2937.839840914690284990
1798790.124128390103578568,-41162.889411284566449467,-8497.583452703745933832,-3120.423653473679223680
1799537.208887375658378005,-40611.790921878287917934,-10670.218525214550027158,-3625.501152141762304382
1800616.777642989065498114,-39602.786231004727596883,-13752.091888368833679124,-4335.942734413404650695
1801815.008563139243051410,-38195.584418708640441764,-17072.036500319696642691,-5092.797965496125470963
1802894.577318752650171518,-36677.497035933098231908,-19952.208460239136911696,-5741.536867121116301860
1803641.662077738204970956,-35493.140364687576948199,-21873.942902377468271879,-6169.861127431973727653
1803908.293541185325011611,-35044.722335667567676865,-22544.356610099064710084,-6318.353818346177831700
1804174.925004632445052266,-34583.039267161613679491,-23206.236885244896257063,-6464.454724139691279561
1804922.009763617999851704,-33220.286502359587757383,-25013.208709904578427086,-6860.612852089518128196
1806001.578519231406971812,-31077.821315445638902020,-27491.717413365568063455,-7396.771944166048342595
1807199.809439381584525108,-28474.783975145037402399,-30042.380971186714305077,-7938.009948280839125800
1808279.378194994991645217,-25942.649063256299996283,-32144.428265810955053894,-8373.821872922781039961
1809026.462953980546444654,-24095.177340648537210654,-33483.112758846837095916,-8645.156279054030164843
1809293.094417427666485310,-23418.198696586539881537,-33936.996354152099229395,-8735.814893499828031054
1809559.725880874786525965,-22732.356966729399573524,-34378.035815127426758409,-8823.167018349446152570
1810306.810639860341325402,-20765.689141423568798928,-35543.984841252444311976,-9050.033807620540756034
1811386.379395473748445511,-17816.372321468614245532,-37041.466915803190204315,-9330.211345266292482847
1812584.610315623925998807,-14414.324624837707233382,-38434.243790543310751673,-9573.372254532750957878
1813664.179071237333118916,-11254.153268653482882655,-39437.963188714216812514,-9729.873182604893372627
1814411.263830222887918353,-9025.196857846034617978,-39989.710905359424941707,-9802.896118247575941496
1814677.895293670007959008,-8222.854848867898908793,-40157.943588944530347362,-9821.916162275367241818
1814944.526757117127999663,-7417.401528984464675887,-40310.981572170072467998,-9837.219577459782158257
1815691.611516102682799101,-5146.602208916432573460,-40658.381948196249140892,-9860.259082112017495092
1816771.180271716089919209,-1839.980314906492822047,-40946.895023152806970757,-9841.820258144325634930
1817969.411191866267472506,1842.566085609997116990,-40969.875967486637819093,-9749.928382673628220800
1819048.979947479674592614,5149.172411896024641464,-40722.652143572071508970,-9603.349673408951275633
1819796.064706465229392052,7419.955342707631643862,-40403.636745007963327225,-9466.992900396438926691
1820062.696169912349432707,8225.402437591099442216,-40260.675439025486411992,-9411.497876597566573764
1820329.327633359469473362,9027.738332925078793778,-40102.485816207445168402,-9352.442755360923911212
1821076.412392345024272799,11256.680169023788039340,-39578.670854707037506159,-9168.207647656394328806
1822155.981147958431392908,14416.846950913419277640,-38614.656074329293915071,-8854.056474594157407410
1823354.212068108608946204,17818.935955004137213109,-37264.797962324118998367,-8441.220014247650397010
1824433.780823722016066313,20768.359646785051154438,-35804.713553388028230984,-8013.990772682052920572
1825180.865582707570865750,22735.155745453157578595,-34663.823534507100703195,-7689.094585193077364238
1825447.497046154690906405,23421.056302958317246521,-34231.549266315872955602,-7567.562368729884838103
1825714.128509601810947061,24098.101401092142623384,-33786.332109046299592592,-7443.168657442050971440
1826461.213268587365746498,25945.804092317772301612,-32471.378201723360689357,-7079.789332719453341269
1827540.782024200772866607,28478.407215615803579567,-30402.074628939386457205,-6517.870025114515556197
1828739.012944350950419903,31082.186293631471926346,-27885.396668313554982888,-5847.065276971739876899
1829818.581699964357540011,33225.555113672395236790,-25435.176825457911036210,-5204.333440245993188000
1830565.666458949912339449,34589.080506552862061653,-23646.388304953681654297,-4740.428583187486765382
1830832.297922397032380104,35051.070620654754748102,-22990.708505060069001047,-4571.384512799185358745
1831098.929385844152420759,35499.812799022431136109,-22326.339114279879140668,-4400.612508982314466266
1831846.014144829707220197,36685.171986674577055965,-20420.687557536795793567,-3913.469318790004763287
1832925.582900443114340305,38204.965648150660854299,-17561.448559413274779217,-3189.403506036741418939
1834123.813820593291893601,39614.438033226324478164,-14261.381445124097808730,-2362.820386627714469796
1835203.382576206699013710,40625.842263421356619801,-11194.244652610550474492,-1602.479256479581863459
1835950.467335192253813148,41178.801463019823131617,-9029.980520965775212971,-1070.211552369662967976
1836217.098798639373853803,41346.652165406645508483,-8250.742916494420569506,-879.396489390286319576
1836483.730262086493894458,41498.879974512165063061,-7468.387756086252920795,-688.249120326091087918
1837230.815021072048693895,41841.732971502540749498,-5262.196713929100951646,-151.512333649482911824
1838310.383776685455814004,42117.771172125030716415,-2048.315172281156719691,624.470868074065606379
1839508.614696835633367300,42118.819663813235820271,1532.815047812492593948,1481.014527976376257357
1840588.183452449040487409,41844.674408062019210774,4750.064171394410550420,2243.245079877008265612
1841335.268211434595286846,41503.136828912764030974,6960.445711965111513564,2762.874862741651213582
1841601.899674881715327501,41351.379991040543245617,7744.662673725378226663,2946.423965981098263001
1841868.531138328835368156,41184.001175482961116359,8525.953809633807395585,3128.859868501122491580
1842615.615897314390167594,40632.369641362362017389,10696.987096500910411123,3633.518656577117326378
1843695.184652927797287703,39622.900257798683014698,13776.518948256878502434,4343.351245475018004072
1844893.415573077974840999,38215.600902250640501734,17093.885963688102492597,5099.539206910040775256
1845972.984328691381961107,36697.789012057706713676,19971.811523276253865333,5747.698238746628703666
1846720.069087676936760545,35513.813750050103408284,21892.060490641179058002,6175.639371398970979499
1846986.700551124056801200,35065.567699662380618975,22561.961201198311755434,6323.999727788864220202
1847253.332014571176841855,34604.074756931448064279,23223.338568330240377691,6469.970858138545736438
1848000.416773556731641293,33241.947163177283073310,25028.960358575895952526,6865.780208249451789015
1849079.985529170138761401,31100.606347317105246475,27505.693112166703940602,7401.478682680068232003
1850278.216449320316314697,28499.078703989114728756,30054.664536050793685718,7942.273599372033459076
1851357.785204933723434806,25968.490906314436870161,32155.468516279164759908,8377.754051868336318876
1852104.869963919278234243,24122.167255886146449484,33493.459789098887995351,8648.898875048394984333
1852371.501427366398274899,23445.609940240756259300,33947.130168459552805871,8739.497906579479604261
1852638.132890813518315554,22760.194404288060468389,34387.974642307861358859,8826.794735530560501502
1853385.217649799073114991,20794.740057886599970516,35553.475225479043729138,9053.529505834823794430
1854464.786405412480235100,17847.198873216100764694,37050.565202065328776371,9333.575718119529483374
1855663.017325562657788396,14447.096812902000237955,38443.256380214792443439,9576.671118752172333188
1856742.586081176064908504,11288.601782474046558491,39447.200566004845313728,9733.181407980831863824
1857489.670840161619707942,9060.737412683056390961,39999.261076182097895071,9806.245918916263690335
1857756.302303608739748597,8258.768404229449515697,40167.634710961370728910,9825.287270655811880715
1858022.933767055859789252,7453.678283639863366261,40320.828391757582721766,9840.615222528183949180
1858770.018526041414588690,5183.839445055817122920,40668.739594005717663094,9863.739666107570883469
1859849.587281654821708798,1878.437136558124166186,40958.166379117144970223,9845.461071683259433485
1861047.818201804999262094,-1803.022278704137079330,40982.362919914667145349,9753.788719369920727331
1862127.386957418406382203,-5108.915965302027871076,40736.369896575168240815,9607.434274509463648428
1862874.471716403961181641,-7379.363093814983585617,40418.256846743322967086,9471.241554638138040900
1863141.103179851081222296,-8184.722344501243242121,40275.624103161331731826,9415.806015249207121087
1863407.734643298201262951,-8986.987393373981831246,40117.765324491279898211,9356.810604365518884151
1864154.819402283756062388,-11215.821637424522123183,39594.883369227747607511,9172.742591731484935735
1865234.388157897163182497,-14376.068855653573336895,38632.206267180590657517,8858.826378242478313041
1866432.619078047340735793,-17778.565279154390736949,37283.766615945736702997,8446.230135771498680697
1867512.187833660747855902,-20728.626135029000579379,35824.850818083345075138,8019.187883725566280191
1868259.272592646302655339,-22696.000888148500962416,34684.685500607520225458,7694.399765338080214860
1868525.904056093422695994,-23382.133173216188879451,34252.650266529592045117,7572.901271305610862328
1868792.535519540542736650,-24059.422507007329841144,33807.660933083054260351,7448.538549072881323809
1869539.620278526097536087,-25907.871777169733832125,32493.281209191205562092,7085.230599645465190406
1870619.189034139504656196,-28441.695515173611056525,30424.623027947160153417,6523.370826089197180409
1871817.419954289682209492,-31046.980890878898208030,27908.377007499195315177,5852.566404323655660846
1872896.988709903089329600,-33191.794451105160987936,25458.267942843915079720,5209.772000962726451689
1873644.073468888644129038,-34556.342259369841485750,23669.394333036707394058,4745.788087971079221461
1873910.704932335764169693,-35018.698074194871878717,23013.651573547598673031,4576.708706792272096209
1874177.336395782884210348,-35467.805179033486638218,22349.202003798760415521,4405.897679676028019458
1874924.421154768439009786,-36654.176342214283067733,20443.234156231748784194,3918.625595914794303098
1876003.989910381846129894,-38175.377805452335451264,17583.302236189658287913,3194.324112064272412681
1877202.220830532023683190,-39586.284008350405201782,14282.151637643122739973,2367.415534782404392899
1878281.789586145430803299,-40598.813238348368031438,11213.775435745599679649,1606.729933796103750865
1879028.874345130985602736,-41152.434726481085817795,9048.521348001493606716,1074.199406831534361118
1879295.505808578105643392,-41320.495781952762627043,8268.906522889938059961,883.286334875144916623
1879562.137272025225684047,-41472.919363095243170392,7486.162384203383226122,692.038964205376259997
1880309.222031010780483484,-41816.238807308727700729,5278.823547676646740001,155.012618196717994579
1881388.790786624187603593,-42092.720285000053991098,2063.154353993945733237,-621.407728196283756006
1882587.021706774365156889,-42093.913050772105634678,-1520.091201893509605725,-1478.450419858969780762
1883666.590462387772276998,-41819.563782785080547910,-4739.312950142021691136,-2241.130267185591492307
1884413.675221373327076435,-41477.693396949209272861,-6951.069462948828004301,-2761.064183787081219634
1884680.306684820447117090,-41325.779436486955091823,-7735.775271410137065686,-2944.719569974062324036
1884946.938148267567157745,-41158.223311299996566959,-8517.553021808947960380,-3127.260271389119679952
1885694.022907253121957183,-40605.987868631469609682,-10689.931231999398733024,-3632.203238091958610312
1886773.591662866529077291,-39595.371278841492312495,-13771.330116164366700104,-4342.415328954604774481
1887971.822583016706630588,-38186.434283657988999039,-17090.608398405202024151,-5098.968861282177385874
1889051.391338630113750696,-36666.842729224998038262,-19970.058199645613058237,-5747.395450170773074205
1889798.476097615668550134,-35481.483110597975610290,-21891.227687400281865848,-6175.482155872408839059
1890065.107561062788590789,-35032.715335788045194931,-22561.427219182442058809,-6323.885976748647408385
1890331.739024509908631444,-34570.687049677231698297,-23223.086846127243916271,-6469.895915319680170796
1891078.823783495463430882,-33206.992235255333071109,-25029.406673710371251218,-6865.788284510909761593
1892158.392539108870550990,-31063.236016702616325347,-27506.888574804768722970,-7401.536351085163914831
1893356.623459259048104286,-28458.871711871484876610,-30056.302342956365464488,-7942.283599246275116457
1894436.192214872455224395,-25925.644853315330692567,-32157.132021494351647561,-8377.625234610488405451
1895183.276973858010023832,-24077.478727255933335982,-33494.927161840969347395,-8648.620162886558318860
1895449.908437305130064487,-23400.264861506628221832,-33948.484684372713672929,-8739.155066770317716873
1895716.539900752250105143,-22714.194687156861618860,-34389.193709754523297306,-8826.382212989970867056
1896463.624659737804904580,-20746.923602112288790522,-35554.194709470219095238,-9052.892470689210313139
1897543.193415351212024689,-17796.833834016746550333,-37050.253813640883890912,-9332.540032018450801843
1898741.424335501389577985,-14394.070132214215846034,-38441.387599273286468815,-9575.095870796310919104
1899820.993091114796698093,-11233.385919617918261793,-39443.579259179416112602,-9731.040172783019443159
1900568.077850100351497531,-9004.149782368926025811,-39994.248627013512304984,-9803.673426659837787156
1900834.709313547471538186,-8201.723031084220565390,-40162.092990517536236439,-9822.553767896270073834
1901101.340776994591578841,-7396.192961275140078214,-40314.741067292263323907,-9837.717235019941654173
1901848.425535980146378279,-5125.221401029677508632,-40661.041760076273931190,-9860.363759371855849167
1902927.994291593553498387,-1818.462847401184262708,-40947.952427386378985830,-9841.356764507760090055
1904126.225211743731051683,1864.079049818812109152,-40969.147273058246355504,-9748.837707002376191667
1905205.793967357138171792,5170.540615917800096213,-40720.318329201931192074,-9601.700857266239836463
1905952.878726342692971230,7441.145722535115055507,-40400.199873380122880917,-9464.963580831674335059
1906219.510189789813011885,8246.514080751589062857,-40256.847162282836507075,-9409.334150707014487125
1906486.141653236933052540,9048.763250870379124535,-40098.267566659131261986,-9350.145437947156096925
1907233.226412222487851977,11277.419828000558482017,-39573.368810434476472437,-9165.540784759205052978
1908312.795167835894972086,14437.065832318590764771,-38607.816327968539553694,-8850.869823370238009375
1909511.026087986072525382,17838.430164777248137398,-37256.301238519721664488,-8437.479634177401749184
1910590.594843599479645491,20787.073234495885117212,-35794.778882398684800137,-8009.775777754548471421
1911337.679602585034444928,22753.260846791363292141,-34652.929156158970727120,-7684.566236983192538901
1911604.311066032154485583,23438.931112178812327329,-34220.320030525908805430,-7562.925387616947773495
1911870.942529479274526238,24115.739150657380378107,-33774.772248277782637160,-7438.424793852962466190
1912618.027288464829325676,25962.742341560944623780,-32458.915554306324338540,-7074.755656634866681998
1913697.596044078236445785,28494.246296808134502498,-30388.373254720030672615,-6512.444125964859267697
1914895.826964228413999081,31096.690603509967331775,-27870.419874876512039918,-5841.243450024699995993
1915975.395719841821119189,33238.761552436350029893,-25419.148324068064539460,-5198.192816792645317037
1916722.480478827375918627,34601.340272265129897278,-23629.689654973513825098,-4734.089484499987520394
1916989.111942274495959282,35062.983540508350415621,-22973.782560360265051713,-4564.979100632995141495
1917255.743405721615999937,35511.374356325482949615,-22309.192262985845445655,-4394.143202680579634034
1918002.828164707170799375,36695.726127689762506634,-20402.956469068591104588,-3906.834074052228970686
1919082.396920320577919483,38214.009318258824350778,-17542.966450736810656963,-3182.563342635063236230
1920280.627840470755472779,39621.739745735809265170,-14242.199815695066718035,-2355.802401842553081224
1921360.196596084162592888,40631.526165423223574180,-11174.557831283724226523,-1595.346854746746430465
1922107.281355069717392325,41183.344425749666697811,-9010.015256333226716379,-1063.025790104537236402
1922373.912818516837432981,41350.784458951900887769,-8230.692569329699836089,-872.196836520128044867
1922640.544281963957473636,41502.600019808895012829,-7448.259898925483867060,-681.038297079716016924
1923387.629040949512273073,41844.290841334950528108,-5241.892253606786653108,-144.284733180475541303
1924467.197796562919393182,42118.636905696272151545,-2027.861958653185865842,631.684844711957225627
1925665.428716713096946478,42117.801087480700516608,1553.285102682767046645,1488.161092639893922751
1926744.997472326504066586,41841.964046713830612134,4770.415696331672734232,2250.284202829733658291
1927492.082231312058866024,41499.264730016409885138,6980.641357213569790474,2769.814059743749112386
1927758.713694759178906679,41347.095838761306367815,7764.788150323304762424,2953.322497447925798042
1928025.345158206298947334,41179.306569170934380963,8546.001510860111011425,3135.715126702025827399
1928772.429917191853746772,40626.534806637566362042,10716.776618150821377640,3640.238918459773231007
1929851.998672805260866880,39615.448920911694585811,13795.831892248043004656,4349.841320097106290632
1931050.229592955438420177,38206.409448757229256444,17112.529987304966198280,5105.726777871932426933
1932129.798348568845540285,36687.089096544565109070,19989.730824010264768731,5753.572742948521408834
1932876.883107554400339723,35502.108002886307076551,21909.412935842607112136,6181.275782843549677636
1933143.514571001520380378,35053.511194049569894560,22579.098766835380956763,6329.547073786422515695
1933410.146034448640421033,34591.672029860332258977,23240.254768887883983552,6475.427039696790416201
1934157.230793434195220470,33228.599620842891454231,25045.222482443245098693,6870.970068526290560840
1935236.799549047602340579,31085.963901130966405617,27520.925241557164554251,7406.256677202145510819
1936435.030469197779893875,28483.105173285577620845,30068.643068235793180065,7946.559863897553441348
1937514.599224811187013984,25951.421886639134754660,32168.225756621330219787,8381.569108246392715955
1938261.683983796741813421,24104.401482221685000695,33505.324993224094214384,8652.373792704820516519
1938528.315447243861854076,23427.608127091702044709,33958.668313878624758217,8742.848872580607348937
1938794.946910690981894732,22741.963340364814939676,34399.181351218612689991,8830.020478967146118521
1939542.031669676536694169,20775.903538864702568389,35563.731022940184629988,9056.398018624722681125
1940621.600425289943814278,17827.586411369720735820,37059.393647763979970478,9335.913202044921490597
1941819.831345440121367574,14426.765294290911697317,38450.436576342501211911,9578.402302333559418912
1942899.400101053528487682,11267.754933273372444091,39452.848105721495812759,9734.354799804197682533
1943646.484860039083287120,9039.609294157031399664,40003.826715915551176295,9807.028789837515432737
1943913.116323486203327775,8237.555028703247444355,40171.810734381084330380,9825.930132874209448346
1944179.747786933323368430,7432.387663218000852794,40324.613197519094683230,9841.117827412255792296
1944926.832545918878167868,5162.375307059833176027,40671.420964155484398361,9863.848406407194488565
1946006.401301532285287976,1856.834797368048839417,40959.239722100719518494,9845.000318387426887057
1947204.632221682462841272,-1824.621365225149020262,40981.643672666126803961,9752.699257734395359876
1948284.200977295869961381,-5130.370964270628974191,40734.039475777746702079,9605.785250438177172327
1949031.285736281424760818,-7400.640462735776054615,40414.819080854234925937,9469.211020862056102487
1949297.917199728544801474,-8205.920989744885446271,40271.793384717755543534,9413.640712212345533771
1949564.548663175664842129,-9008.099295980520764715,40113.543077640177216381,9354.511345092509145616
1950311.633422161219641566,-11236.648066192230544402,39589.572930342917970847,9170.072756873623802676
1951391.202177774626761675,-14396.373747629946592497,38625.351693756980239414,8855.635251079329464119
1952589.433097924804314971,-17798.144006408336281311,37275.247866670273651835,8442.483602241896733176
1953669.001853538211435080,-20747.422284533993661171,35814.887637458923563827,8014.965231190444683307
1954416.086612523766234517,-22714.186849777401221218,34673.758155802272085566,7689.862730644265866431
1954682.718075970886275172,-23400.088165590976132080,34241.386483959489851259,7568.255240050716565747
1954949.349539418006315827,-24077.139725622495461721,33796.064952053980960045,7443.785273934455290146
1955696.434298403561115265,-25924.887296994707867270,32480.778076939772290643,7080.186513466041105858
1956776.003054016968235373,-28457.608174875185795827,30410.875010889565601246,6517.933119773237194750
1957974.233974167145788670,-31061.553973457033862360,27893.347011803070927272,5846.731301764801173704
1959053.802729780552908778,-33205.064708464014984202,25442.180647846013016533,5203.616871819434891222
1959800.887488766107708216,-34568.662080071946547832,23652.633232050866354257,4739.433693325917374750
1960067.518952213227748871,-35030.669641436928941403,22996.661919283633324085,4570.287729966852566577
1960334.150415660347789526,-35479.423943014378892258,22331.990210490967001533,4399.412547430932136194
1961081.235174645902588964,-36664.783481337406556122,20425.434819503327162238,3911.973834716647616006
1962160.803930259309709072,-38184.467966720549156889,17564.747517259784217458,3187.466551197842818510
1963359.034850409487262368,-39593.624451732175657526,14262.893194546450104099,2360.379352435388682352
1964438.603606022894382477,-40604.528453323735448066,11194.008646417105410364,1599.578788296930270008
1965185.688365008449181914,-41157.003665478070615791,9028.474309791152336402,1066.994626090167230359
1965452.319828455569222569,-41324.652111758681712672,8248.773835688014514744,876.067586697897695558
1965718.951291902689263225,-41476.661487709883658681,7465.951662491015667911,684.808980194877904069
1966466.036050888244062662,-41818.813192216643074062,5258.434981136043461447,147.765735147891632550
1967545.604806501651182771,-42093.594322796416236088,2042.615850656839029398,-628.640999486384316697
1968743.835726651828736067,-42092.893514504328777548,-1540.646987457501836616,-1485.616060579210170545
1969823.404482265235856175,-41816.844067277779686265,-4759.749798817097143910,-2248.188057877283426933
1970570.489241250790655613,-41473.806153906145482324,-6971.349699725853497512,-2768.021648893388373835
1970837.120704697910696268,-41321.478083688249171246,-7755.984988929063547403,-2951.636203918825231085
1971103.752168145030736923,-41153.509455410465307068,-8537.684566494057435193,-3134.133454440678633546
1971850.836927130585536361,-40600.128092735481914133,-10709.803235064990076353,-3638.940863886094575719
1972930.405682743992656469,-39587.886951245047384873,-13790.722934549012279604,-4348.921795964302873472
1974128.636602894170209765,-38177.201236804001382552,-17109.328542505794757744,-5105.171533228595762921
1975208.205358507577329874,-36656.093854633785667829,-19988.049497043954033870,-5753.283712165897668456
1975955.290117493132129312,-35469.723561695762327872,-21908.648885267848527292,-6181.131303283704255591
1976221.921580940252169967,-35020.603355846098565962,-22578.632305838615138782,-6329.445676886686669604
1976488.553044387372210622,-34558.227206637122435495,-23240.069298397225793451,-6475.364060570334004296
1977235.637803372927010059,-33193.583150334045058116,-25045.731299046456115320,-6870.988970764865371166
1978315.206558986334130168,-31048.526115364526049234,-27522.177313307089207228,-7406.323423708443442592
1979513.437479136511683464,-28442.824893581342621474,-30070.330357481241662754,-7946.576879397607626743
1980593.006234749918803573,-25908.498000337291159667,-32169.931868394232878927,-8381.445360584008085425
1981340.090993735473603010,-24059.632389179278106894,-33506.830001276655821130,-8652.098766485110900248
1981606.722457182593643665,-23382.181593704695842462,-33960.058654285843658727,-8742.509219224084517919
1981873.353920629713684320,-22695.881323414469079580,-34400.434414929848571774,-8829.610640943934413372
1982620.438679615268483758,-20728.002658040666574379,-35564.479297790552664082,-9055.762251447449671105
1983700.007435228675603867,-17777.134517429847619496,-37059.103355211205780506,-9334.876722697736113332
1984898.238355378853157163,-14373.649959496553492500,-38448.580196985596558079,-9576.823977830301373615
1985977.807110992260277271,-11212.449603289729566313,-39449.231314368815219495,-9732.208458498776963097
1986724.891869977815076709,-8982.932077471537922975,-39998.813337497282191180,-9804.449813639535932452
1986991.523333424935117364,-8180.420113223952284898,-40166.266149602190125734,-9823.189661198950489052
1987258.154796872055158019,-7374.812887600013709744,-40318.521079664707940537,-9838.212390035690987133
1988005.239555857609957457,-5103.668296075187754468,-40663.712973035246250220,-9860.463725985762721393
1989084.808311471017077565,-1796.772844170751795900,-40949.008007460710359737,-9840.885396028132163337
1990283.039231621194630861,1885.763562045604430750,-40968.402093366959888954,-9747.735702753658188158
1991362.607987234601750970,5192.078355711431868258,-40717.954926009166229051,-9600.037674434122891398
1992109.692746220156550407,7462.503629290460594348,-40396.724448093111277558,-9462.917843310371608823
1992376.324209667276591063,8267.792413090282934718,-40252.977158828878600616,-9407.153286292143093306
1992642.955673114396631718,9069.953957190786240972,-40094.004433192487340420,-9347.830267939847544767
1993390.040432099951431155,11298.322418527905028895,-39568.013130500148690771,-9162.854105397533203359
1994469.609187713358551264,14457.442665128184671630,-38600.910588182021456305,-8847.660623447898615268
1995667.840107863536104560,17858.075653958883776795,-37247.725288479174196254,-8433.713837485667681904
1996747.408863476943224669,20805.931100149067788152,-35784.753578979391022585,-8005.532948116381703585
1997494.493622462498024106,22771.504854865786910523,-34641.936577295768074691,-7680.008480958855216159
1997761.125085909618064761,23456.942810524440574227,-34208.989962746796663851,-7558.258458184102892119
1998027.756549356738105416,24133.511720000275090570,-33763.108962230478937272,-7433.650452777707869245
1998774.841308342292904854,25979.809343592438381165,-32446.342427051557024242,-7069.690082456424534030
1999854.410063955700024962,28510.204694091567944270,-30374.551791775782476179,-6506.984444359477492981
2001052.640984105877578259,31111.302893323059834074,-27855.313202138353517512,-5835.385994908918291912
2002132.209739719284698367,33252.065050078250351362,-25402.981969883567217039,-5192.015134906068851706
2002879.294498704839497805,34613.689183409085671883,-23612.848131937338621356,-4727.712471633110908442
2003145.925962151959538460,35074.982716302947665099,-22956.712052878290705848,-4558.535496013188094366
2003412.557425599079579115,35523.019247513460868504,-22291.899213866134232376,-4387.635440098420986033
2004159.642184584634378552,36706.355251183187647257,-20385.074897918497299543,-3900.159711585670265777
2005239.210940198041498661,38223.115516920981463045,-17524.328459775089868344,-3175.683311275639880478
2006437.441860348219051957,39629.089714710753469262,-14222.857443062493985053,-2348.744005831232243509
2007517.010615961626172066,40637.245147486806672532,-11154.706936808379396098,-1588.173816364371077725
2008264.095374947180971503,41187.913218399437027983,-8989.884208206220137072,-1055.799382563416202174
2008530.726838394301012158,41354.939261164196068421,-8210.475947141923825257,-864.956564509889858527
2008797.358301841421052814,41506.339244048896944150,-7427.965338065076139173,-673.786896185295063333
2009544.443060826975852251,41846.858526046315091662,-5221.420224511528431321,-137.016752955541051051
2010624.011816440382972360,42119.498879002225294244,-2007.240804745173136325,638.938703717909334046
2011822.242736590560525656,42116.763715034699998796,1573.922292518251197180,1495.346698553888472816
2012901.811492203967645764,41839.221462388748477679,4790.932538584484063904,2257.361353925567073020
2013648.896251189522445202,41495.351228518862626515,7001.000461679385807656,2776.790445474523949088
2013915.527714636642485857,41342.767036075565556530,7785.076305264878101298,2960.257891206576005061
2014182.159178083762526512,41174.564081535092554986,8566.211048082892375533,3142.606906825500118430
2014929.243937069317325950,40620.643138084567908663,10736.725290965528984088,3646.994675478980752814
2016008.812692682724446058,39607.928118244301003870,13815.299276196083155810,4356.365220949875947554
2017207.043612832901999354,38197.135016093765443657,17131.322103562732081627,5111.946077903187870106
2018286.612368446309119463,36676.294565884207258932,20007.791529819009156199,5759.476878957915687351
2019033.697127431863918900,35490.299926999701710884,21926.901642820706911152,6186.940266461655482999
2019300.328590878983959556,35041.349679091057623737,22596.370659924712526845,6335.121914913193904795
2019566.960054326104000211,34579.161652495313319378,23257.303311805630073650,6480.910128945228279918
2020314.044813311658799648,33215.137248209211975336,25061.611122616301145172,6876.185137064879199897
2021393.613568925065919757,31071.196856160288007231,27536.274810049799270928,7411.057293445807772514
2022591.844489075243473053,28466.997107203485938953,30082.728115370595332934,7950.865715877416732837
2023671.413244688650593162,25934.210255559431971051,32181.078971021688630572,8385.400889549608109519
2024418.498003674205392599,24086.488022465513495263,33517.278524624074634630,8655.863392546962131746
2024685.129467121325433254,23409.456922023549850564,33970.291992769656644668,8746.213780840707840980
2024951.760930568445473909,22723.581235139849013649,34410.470767443155637011,8833.259419457433978096
2025698.845689554000273347,20756.911662958420492942,35574.061445797473425046,9059.277614740147328121
2026778.414445167407393456,17807.813173473943606950,37068.284655013754672837,9338.258658309800011921
2027976.645365317584946752,14406.268151705520722317,38457.665493022890586872,9580.137948133178724675
2029056.214120930992066860,11246.739173281437615515,39458.531573576823575422,9735.529461215146511677
2029803.298879916546866298,9018.310601763958402444,40008.419295594590948895,9807.810715061841619899
2030069.930343363666906953,8216.170608091231770231,40176.010469054490386043,9826.571259083719269256
2030336.561806810786947608,7410.925591146620718064,40328.418476827268023044,9841.617906618757842807
2031083.646565796341747046,5140.738923859775240999,40674.113698419037973508,9863.952414396229869453
2032163.215321409748867154,1835.059969464862206223,40960.311212465538119432,9844.531670434782427037
2033361.446241559926420450,-1846.391959599396614067,40980.907919191668042913,9751.598449342893218272
2034441.014997173333540559,-5151.995465954005339881,40731.679450016090413556,9604.121842565373299294
2035188.099756158888339996,-7422.085330765970866196,40411.342747368689742871,9467.164052522406564094
2035454.731219606008380651,-8227.286298252985943691,40267.920926183425763156,9411.458254178141942248
2035721.362683053128421307,-9029.376962962393008638,40109.275933928074664436,9352.194216862766552367
2036468.447442038683220744,-11257.637407873884512810,39584.208843432999856304,9167.383089368755463511
2037548.016197652090340853,-14416.836579918015559088,38618.431113723512680735,8852.421558976995584089
2038746.247117802267894149,-17817.874009662722528446,37266.649874861170246731,8438.711635378118444351
2039825.815873415675014257,-20766.362714495011459803,35804.833803472247382160,8010.714726488041378616
2040572.900632401229813695,-22732.511724022751877783,34662.732585433419444598,7685.296270017942333652
2040839.532095848349854350,-23418.180054005842976039,34230.021842720241693314,7563.579242097508540610
2041106.163559295469895005,-24094.991771870732918615,33784.365517355516203679,7439.001502659985817445
2041853.248318281024694443,-25942.031579564827552531,32468.164431281686120201,7075.110509732316131704
2042932.817073894431814551,-28473.640162151619733777,30397.006863218019134365,6512.461610281574394321
2044131.047994044609367847,-31076.235046864901960362,27878.187084883862553397,5840.860548885380922002
2045210.616749658016487956,-33218.432032875993172638,25425.955438761389814317,5197.424660862675409589
2045957.701508643571287394,-34581.071051249877200462,23635.729190252783155302,4733.041360352159244940
2046224.332972090691328049,-35042.727468298427993432,22979.527632206722046249,4563.828536286623602791
2046490.964435537811368704,-35491.126043062933604233,22314.632147078475099988,4392.888934266102296533
2047238.049194523366168141,-36675.465600245086534414,20407.484921703566215001,3905.282930567649600562
2048317.617950136773288250,-38193.620645066817814950,17546.036829523178312229,3180.569096573152819474
2049515.848870286950841546,-39601.013128105696523562,14243.473914063029951649,2353.302732866892711172
2050595.417625900357961655,-40610.278712265906506218,11174.077684456875431351,1592.386980454125477991
2051342.502384885912761092,-41161.598388698250346351,9008.261385995292584994,1059.749174883438627148
2051609.133848333032801747,-41328.830900958091660868,8228.474770672268277849,868.808194433703874893
2051875.765311780152842402,-41480.422738346234837081,7445.574133716256255866,677.538393865791817916
2052622.850070765707641840,-41821.397328524726617616,5237.878741567439647042,140.478448631624814880
2053702.418826379114761949,-42094.464520916124456562,2021.909303456956422451,-635.914174973685817349
2054900.649746529292315245,-42091.855084513103065547,-1561.370007931513555377,-1492.820761584222736928
2055980.218502142699435353,-41814.092014772068068851,-4780.352058756343467394,-2255.283892590407504031
2056727.303261128254234791,-41469.877383107654168271,-6991.793483987516083289,-2775.016316075860686396
2056993.934724575374275446,-41317.131951432405912783,-7776.357470728476073418,-2958.589712532857447513
2057260.566188022494316101,-41148.747585300901846495,-8557.978030623842641944,-3141.043170787896542606
2058007.650947008049115539,-40594.211339665875129867,-10729.834464937719531008,-3645.713993198255138850
2059087.219702621456235647,-39580.333000503014773130,-13810.270255146187992068,-4355.462092828259301314
2060285.450622771633788943,-38167.885039795066404622,-17128.196823906688223360,-5111.405932051843592490
2061365.019378385040909052,-36645.250183806339919101,-20006.182226098862884101,-5759.201598134503001347
2062112.104137370595708489,-35457.861497382000379730,-21926.206357901799492538,-6186.808510954608209431
2062378.735600817715749145,-35008.386178170541825239,-22595.971727895419462584,-6335.032858756138921308
2062645.367064264835789800,-34545.659523380432801787,-23257.184095842545502819,-6480.859098617276686127
2063392.451823250390589237,-33180.059041799657279626,-25062.182428679167060181,-6876.214846142859641986
2064472.020578863797709346,-31033.691419520720955916,-27537.583456544314685743,-7411.133092706781098968
2065670.251499013975262642,-28426.643345169002714101,-30084.464826932689902605,-7950.889714781644215691
2066749.820254627382382751,-25891.208345510051003657,-32182.827605940736248158,-8385.282173206753213890
2067496.905013612937182188,-24041.638179466604924528,-33518.821068490004108753,-8655.592009944723031367
2067763.536477060057222843,-23363.948750569539697608,-33971.718052487674867734,-8745.877270203738589771
2068030.167940507177263498,-22677.416737285930139478,-34411.757716589629126247,-8832.852220832042803522
2068777.252699492732062936,-20708.926183580846554833,-35574.838385131050017662,-9058.643066658145471592
2069856.821455106139183044,-17757.274264922452857718,-37068.015310454356949776,-9337.221331820568593685
2071055.052375256316736341,-14353.064021586065791780,-38455.821345328484312631,-9578.556488279089535354
2072134.621130869723856449,-11191.344254673465911765,-39454.919110017253842670,-9733.377951281125206151
2072881.705889855278655887,-8961.543692315201042220,-40003.404789338324917480,-9805.225190264742195723
2073148.337353302398696542,-8158.946049539947125595,-40170.462817758983874228,-9823.823753164488152834
2073414.968816749751567841,-7353.261267320200204267,-40322.321359974943334237,-9838.704953424829000141
2074162.053575735306367278,-5081.942867805477362708,-40666.395335817847808357,-9860.558892873810691526
2075241.622331348713487387,-1774.910299892079365236,-40950.061510632476711180,-9840.406064096170666744
2076439.853251498891040683,1907.619604353849808831,-40967.640175853121036198,-9746.622282483844173839
2077519.422007112298160791,5213.785592494538832398,-40715.561683251973590814,-9598.360039091565340641
2078266.506766097852960229,7484.029009897518335492,-40393.210220574459526688,-9460.855603446692839498
2078533.138229544973000884,8289.237376465420311433,-40249.065181044548808131,-9404.955199540265311953
2078799.769692992093041539,9091.310388700821931707,-40089.696169235554407351,-9345.497162131183358724
2079546.854451977647840977,11319.387863421019574162,-39562.603571761632338166,-9160.147528225308633409
2080626.423207591054961085,14477.977352342029917054,-38593.938618055763072334,-8844.428796596579559264
2081824.654127741232514381,17877.872304262753459625,-37239.069883919597486965,-8429.922549966842780123
2082904.222883354639634490,20824.933107047370867804,-35774.637424118773196824,-8001.262213674536724284
2083651.307642340194433928,22789.887620726840395946,-34630.845586120980442502,-7675.421250129089457914
2083917.939105787314474583,23475.091244777839165181,-34197.558853910464677028,-7553.561514596143751987
2084184.570569234434515238,24151.418951693529379554,-33751.342044643875851762,-7428.845569561756747134
2084931.655328219989314675,25997.004929510589136044,-32433.658621977312577656,-7064.592548966594222293
2086011.224083833396434784,28526.282222876419837121,-30360.610055120017932495,-6501.490924365779392247
2087209.455003983573988080,31126.022962409941101214,-27840.076480875362904044,-5829.492861962149618194
2088289.023759596981108189,33265.465392764133866876,-25386.677608993177273078,-5185.800350899576187658
2089036.108518582535907626,34626.127017804712522775,-23595.863593095338728745,-4721.297505196258498472
2089302.739982029655948281,35087.067923038084700238,-22939.496843952267226996,-4552.053661111426663410
2089569.371445476775988936,35534.747244850434071850,-22274.459832399305014405,-4381.089184984079111018
2090316.456204462330788374,36717.059122215490788221,-20367.042721432564576389,-3893.446199627197074733
2091396.024960075737908483,38232.284000023806584068,-17505.534481657916330732,-3168.763386844788328744
2092594.255880225915461779,39636.487687626227852888,-14203.354242852339666570,-2341.645181041137220745
2093673.824635839322581887,40642.998951155233953614,-11134.691903834655022365,-1580.960130708874658012
2094420.909394824877381325,41192.507579341683594976,-8969.587324645424814662,-1048.532323959140285297
2094687.540858271997421980,41359.116309471864951774,-8190.093002817582600983,-857.675669303471977400
2094954.172321719117462635,41510.097383815445937216,-7407.504031235287584423,-666.494915319351662220
2095701.257080704672262073,41849.435760382839362137,-5200.780598025537983631,-129.708395508660146334
2096780.825836318079382181,42120.356825524380838033,-1986.451701808495727164,646.232435555280403605
2097979.056756468489766121,42115.707280484195507597,1594.726603953663016000,1502.571328479777093889
2099058.625512081664055586,41836.446391307967132889,4811.614664941556839040,2264.476509096626159590
2099805.710271067451685667,41491.396063129199319519,7021.522978529676947801,2783.803991224651326775
2100072.341734514571726322,41338.393322768417419866,7805.527086886624601902,2967.230116910975539213
2100338.973197961226105690,41169.773453535177395679,8586.582364826032062410,3149.535176899823454733
2101086.057956947013735771,40614.694380473141791299,10756.833045106948702596,3653.785891175135020603
2102165.626712560188025236,39600.337601406288740691,13834.921011325690415106,4362.922905281901876151
2103363.857632710598409176,38187.777365260488295462,17150.262203312689962331,5118.197057579832289775
2104443.426388323772698641,36665.405191102043318097,20025.993513901095866458,5765.410591659256169805
2105190.511147309560328722,35478.389301187547971494,21944.526473009911569534,6192.632763396477457718
2105457.142610756680369377,35029.082936518250789959,22613.776737799184047617,6340.724191018680357956
2105723.774074203800410032,34566.543409584533947054,23274.484050368446332868,6486.420064462343361811
2106470.858833189588040113,33201.559838906701770611,25078.126121337354561547,6881.425349007332442852
2107550.427588802762329578,31056.305019947700202465,27551.741644759749760851,7415.880461928770273516
2108748.658508953172713518,28450.754330120216764044,30096.919489033924037358,7955.191081200711778365
2109828.227264566347002983,25916.855853775468858657,32194.027958283499174286,8389.249317978859835421
2110575.312023552134633064,24068.426729198421526235,33529.320173984553548507,8659.367594503830332542
2110841.943486999254673719,23391.156181965645373566,33982.000993069792457391,8749.592550535033296910
2111108.574950445909053087,22705.047949946580047254,34421.842676249216310680,8836.511475453267848934
2111855.659709431696683168,20737.764304112250101753,35584.466272275843948592,9062.168210771233134437
2112935.228465044870972633,17787.879052352665894432,37077.237993025926698465,9340.612001251718538697
2114133.459385195281356573,14385.605299700651812600,38464.942891135448007844,9581.877968609507661313
2115213.028140808455646038,11225.554437201823020587,39464.250724500918295234,9736.705303550183089101
2115960.112899794243276119,8996.841284397318304400,40013.038566917944990564,9808.591605470377544407
2116226.744363241363316774,8194.615096391040424351,40180.233665704698069021,9827.210560066896505305
2116493.375826688483357430,7389.292026545272165095,40332.243979523722373415,9842.115370865371005493
2117240.460585674270987511,5118.930269003822104423,40676.817544672245276161,9864.051600790338852676
2118320.029341287445276976,1813.112647381099577615,40961.380596568153123371,9844.055039005843354971
2119518.260261437855660915,-1868.334043963404383248,40980.155406000529183075,9750.486206535944802454
2120597.829017051029950380,-5173.789431571684872324,40729.289567593645188026,9602.443964850201155059
2121344.913776036817580462,-7443.697644780339942372,40407.827596745824848767,9465.100565011431172024
2121611.545239483937621117,-8248.818211815694667166,40264.006478966664872132,9409.258557111415939289
2121878.176702930592000484,-9050.820331045333659858,40104.963645806834392715,9349.859136245606350712
2122625.261461916379630566,-11278.789585141057614237,39578.790864370450435672,9164.673507647064980119
2123704.830217529553920031,-14437.457255289580643876,38611.444289174258301500,8849.185223481539651402
2124903.061137679964303970,-17837.755170306882064324,37257.972411244176328182,8434.914160753736723564
2125982.629893293138593435,-20785.447287799615878612,35794.689096130241523497,8006.436299309268179059
2126729.714652278926223516,-22750.975361456927203108,34651.608576733997324482,7680.700316256545193028
2126996.346115726046264172,-23436.408684742607874796,34218.556132778496248648,7558.873211401107255369
2127262.977579173166304827,-24112.978487801112351008,33772.562421767608611844,7434.187170387334845145
2128010.062338158953934908,-25959.304455391371448059,32455.440073294401372550,7070.002527025630115531
2129089.631093772128224373,-28489.791291733610705705,30383.018399041378870606,6506.956241492290246242
2130287.862013922538608313,-31091.023909662464575376,27862.897056664132833248,5834.954095849670011376
2131367.430769535712897778,-33231.896209640472079627,25409.592160882242751541,5191.195324249512850656
2132114.515528521500527859,-34593.568949799700931180,23618.682064140411966946,4726.611049516104685608
2132381.146991968620568514,-35054.871328834989981260,22962.248572919877915410,4557.331087785169984272
2132647.778455415274947882,-35502.911250478857255075,22297.127678323613508837,4386.326803797170214239
2133394.863214401062577963,-36686.222462980957061518,20389.384339514359453460,3898.552851587148325052
2134474.431970014236867428,-38202.835595289761840831,17527.170067529754305724,3173.631722983028794260
2135672.662890164647251368,-39608.449783789270441048,14223.893711340875597671,2346.185658459466139902
2136752.231645777821540833,-40616.063755508665053640,11153.982484138048675959,1585.154499607189791277
2137499.316404763609170914,-41166.218633274787862319,8987.882524370132159675,1052.463047407134581590
2137765.947868210729211569,-41333.031885730415524449,8208.009280451542508672,861.508154016694675192
2138032.579331657849252224,-41484.202850329813372809,7425.029755358852526115,670.227202892222749142
2138779.664090643636882305,-41823.990949700455530547,5217.154800179461744847,133.150761200198076040
2139859.232846256811171770,-42095.330611541583493818,2001.034703588371030492,-643.227245072350683586
2141057.463766407221555710,-42090.797493500453128945,-1582.260249876005218539,-1500.064505551809816097
2142137.032522020395845175,-41811.307360188737220597,-4801.119696554308575287,-2262.417747142634652846
2142884.117281006183475256,-41465.906821974596823566,-7012.400768623833755555,-2782.048156489722714468
2143150.748744453303515911,-41312.740778222156222910,-7796.892664838322161813,-2965.580065327236752637
2143417.380207899957895279,-41143.937440655339742079,-8578.433357386224088259,-3147.989388308867546584
2144164.464966885745525360,-40588.237352939591801260,-10750.024851361955370521,-3652.522589398479794909
2145244.033722498919814825,-39572.709177016280591488,-13829.971988647852413123,-4362.036176596770928882
2146442.264642649330198765,-38158.485452485809219070,-17147.213132803961343598,-5117.672008100812490738
2147521.833398262504488230,-36634.311486691862228326,-20024.456259249771392206,-5765.149052710232354002
2148268.918157248292118311,-35445.896695432216802146,-21943.899965909709862899,-6192.513719762609980535
2148535.549620695412158966,-34996.063583491704775952,-22613.445341835657018237,-6340.647461935805949906
2148802.181084142532199621,-34532.983783675474114716,-23274.431090875412337482,-6486.380967763469016063
2149549.265843128319829702,-33166.419702365441480651,-25078.759903917391056893,-6881.465845498923044943
2150628.834598741494119167,-31018.731735894638404716,-27553.106830618711683201,-7415.965288294295532978
2151827.065518891904503107,-28410.326890310272574425,-30098.705561800692521501,-7955.222030970518972026
2152906.634274505078792572,-25873.775728944616275840,-32195.819031791968882317,-8389.135594354254862992
2153653.719033490866422653,-24023.495950190168514382,-33530.900152989510388579,-8659.099812865322746802
2153920.350496937986463308,-23345.566188551176310284,-33983.462665728089632466,-8749.259138554529272369
2154186.981960384640842676,-22658.800789654735126533,-34423.163398805052565876,-8836.106870775438437704
2154934.066719370428472757,-20689.694052310613187728,-35585.271748498074884992,-9061.534832579929570784
2156013.635474983602762222,-17737.252969073313579429,-37076.989447341758932453,-9339.573773394840827677
2157211.866395134013146162,-14332.312232927506556734,-38463.110803932511771563,-9580.293314277576428140
2158291.435150747187435627,-11170.069808482818189077,-39460.642399810618371703,-9734.548562151972873835
2159038.519909732975065708,-8939.984575885033336817,-40008.022733001358574256,-9805.999467110037585371
2159305.151373180095106363,-8137.300794150146430184,-40174.682744481993722729,-9824.455954272098097135
2159571.782836627215147018,-7331.538059706076637667,-40326.141656840823998209,-9839.194835605052503524
2160318.867595613002777100,-5060.045089997634022438,-40669.088595095730852336,-9860.649170462105757906
2161398.436351226177066565,-1752.875209434757380222,-40951.112682091203168966,-9839.918679620090188109
2162596.667271376587450504,1929.647158430679610319,-40966.861265911538794171,-9745.497358282978893840
2163676.236026989761739969,5235.662286944034349290,-40713.138348175896680914,-9596.667864968900175882
2164423.320785975549370050,7505.721810628813727817,-40389.656940269000187982,-9458.776776419974339660
2164689.952249422669410706,8310.848912044635653729,-40245.110979340235644486,-9402.739806209130620118
2164956.583712869323790073,9112.832481483987066895,-40085.342526259024452884,-9343.146036889307652018
2165703.668471855111420155,11340.616084656987368362,-39557.139889159087033477,-9157.420971488412760664
2166783.237227468285709620,14498.669795969914048328,-38586.900178826566843782,-8841.174264203060374712
2167981.468147618696093559,17897.819996252568671480,-37230.334794797490758356,-8426.105697063450861606
2169061.036903231870383024,20844.079117205732472939,-35764.430197136724018492,-7996.963504014333921077
2169808.121662217658013105,22808.408994047404121375,-34619.655969238483521622,-7670.804477203170790744
2170074.753125664778053761,23493.376260312841623090,-34186.026493375175050460,-7548.834490726192598231
2170341.384589111898094416,24169.460686870323115727,-33739.471287710308388341,-7424.010079267093715316
2171088.469348097685724497,26014.328928891634859610,-32420.863939631715766154,-7059.462994687737591448
2172168.038103710860013962,28542.478696938265784411,-30346.547858415960945422,-6495.963509826476183662
2173366.269023861270397902,31140.850608363060018746,-27824.709540655596356373,-5823.564001338108027994
2174445.837779474444687366,33278.962364822880772408,-25370.235086414173565572,-5179.548420940532196255
2175192.922538460232317448,34638.653551379633427132,-23578.735894723835372133,-4714.844545679544353334
2175459.554001907352358103,35099.238933802444080357,-22922.136793982208473608,-4545.533557989740074845
2175726.185465354006737471,35546.558118671040574554,-22256.873983163084631087,-4374.504400986154905695
2176473.270224339794367552,36727.837503872389788739,-20348.859816158379544504,-3886.693506341248394165
2177552.838979952968657017,38241.514521422846883070,-17486.584410870098508894,-3161.803544196445727721
2178751.069900103379040956,39643.933409879144164734,-14183.690130219214552199,-2334.505909931610858621
2179830.638655716553330421,40648.787315864217816852,-11114.512666702124988660,-1573.705787208815991107
2180577.723414702340960503,41197.127244829258415848,-8949.124553512261627475,-1041.224608584041561699
2180844.354878149461001158,41363.315339180611772463,-8169.543689084038305737,-850.354146934032655736
2181110.986341596581041813,41513.874173567062825896,-7386.875936047433242493,-659.162352257400925737
2181858.071100582368671894,41852.022276964358752593,-5179.973345524173055310,-122.359663499697603584
2182937.639856195542961359,42121.210476626445597503,-1965.494641251266784820,653.566030522958158144
2184135.870776345953345299,42114.631515745430078823,1615.698023285287945328,1509.834964972573970954
2185215.439531959127634764,41833.638567636036896147,4832.462041695600419189,2271.629644033127533476
2185962.524290944915264845,41487.398970532740349881,7042.208860324755733018,2790.854668018379015848
2186229.155754392035305500,41333.974436614291334990,7826.140442879877809901,2974.239143940231770102
2186495.787217838689684868,41164.934424133163702209,8607.115403934156347532,3156.499904671120930288
2187242.871976824477314949,40608.688276618457166478,10777.099809950228518574,3660.612528783352900064
2188322.440732437651604414,39592.677120123997156043,13854.697007928532912047,4369.514330005817100755
2189520.671652588061988354,38178.336255468333547469,17169.350176313440897502,5124.479667109410911507
2190600.240408201236277819,36654.420741528963844758,20044.336648229280399391,5771.373825542400481936
2191347.325167187023907900,35466.375902626132301521,21962.287286527971446048,6198.353214379279052082
2191613.956630634143948555,35016.710746468641445972,22631.316856444162112894,6346.353841534708408290
2191880.588094081263989210,34553.817084309855999891,23291.796836483481456526,6491.956784403355413815
2192627.672853067051619291,33187.867185081435309257,25094.767319387050520163,6886.690639057333100936
2193707.241608680225908756,31041.288198674323211890,27567.325571231107460335,7420.726112711590758408
2194905.472528830636292696,28434.376665200899878982,30111.216999120166292414,7959.535885281197806762
2195985.041284443810582161,25899.358520914571272442,32207.072515437263064086,8393.114315246992191533
2196732.126043429598212242,24050.217454031680972548,33541.449730161526531447,8662.886318008926537004
2196998.757506876718252897,23372.705762914793012897,33993.795100867901055608,8752.985100341104043764
2197265.388970323372632265,22686.363345219600887503,34433.296861040660587605,8839.776564907171632512
2198012.473729309160262346,20718.461335479958506767,35594.945278688814141788,9065.069722803867989569
2199092.042484922334551811,17767.783940194749447983,37086.253429044256336056,9342.973144699979457073
2200290.273405072744935751,14364.776652377579011954,38472.268529542248870712,9583.622275711666588904
2201369.842160685919225216,11204.200659447273210390,39470.005311376007739455,9737.882237639025333920
2202116.926919671706855297,8975.201290776969472063,40017.684279521854477935,9809.371371440947768860
2202383.558383118826895952,8172.888447467927107937,40184.480072988801111933,9827.847946104613583884
2202650.189846565946936607,7367.486928442410317075,40336.089453381282510236,9842.610130369917897042
2203397.274605551734566689,5096.949316067032668798,40679.532248718351183925,9864.145875811418591184
2204476.843361164908856153,1790.992825841235571716,40962.447618698490259703,9843.570334798774638330
2205675.074281315319240093,-1890.447600075448463031,40979.385877556713239755,9749.362441187968215672
2206754.643036928493529558,-5195.752821803558617830,40726.869574801115959417,9600.751530803227069555
2207501.727795914281159639,-7465.477351000618000398,40404.273377462253847625,9463.020473286753258435
2207768.359259361401200294,-8270.516671530858729966,40260.049792505422374234,9407.041536547631039866
2208034.990722808055579662,-9072.429336227964085992,40100.605963769958179910,9347.506019386086336453
2208782.075481793843209743,-11300.104519828320917441,39573.318747109682590235,9161.943929730647141696
2209861.644237407017499208,-14458.235675530140724732,38604.390980352196493186,8845.926165755980036920
2211059.875157557427883148,-17857.787368581059126882,37249.215244783183152322,8431.091103590311831795
2212139.443913170602172613,-20804.675866050769400317,35784.453293768237926997,8002.129879022806562716
2212886.528672156389802694,-22769.577611275355593534,34640.385915335733443499,7676.074801857567763363
2213153.160135603509843349,-23454.773902674824057613,34206.989142525497300085,7554.137081624759048282
2213419.791599050629884005,-24131.099714023661363171,33760.655456521286396310,7429.342211970671087329
2214166.876358036417514086,-25976.705753461548738414,32442.604802585054130759,7064.862503667464807222
2215246.445113649591803551,-28506.061376717098028166,30368.909431116306222975,6501.416957058543630410
2216444.676033800002187490,-31105.920358660616329871,27847.476755858089745743,5829.011892638222889218
2217524.244789413176476955,-33245.457022218906786293,25393.090658427066955483,5184.928817990862626175
2218271.329548398964107037,-34606.155550722462066915,23601.491709237921895692,4720.142721165173497866
2218537.961011846084147692,-35067.100995188680826686,22944.824601088144845562,4550.795346386865276145
2218804.592475292738527060,-35514.779334632788959425,22279.476668083389085950,4379.726119539365754463
2219551.677234278526157141,-36697.053831612276553642,20371.132948817037686240,3891.783565821929641970
2220631.245989891700446606,-38212.112570156285073608,17508.147125179963040864,3166.654405187205156835
2221829.476910042110830545,-39615.934163020901905838,14204.152501054913955159,2339.028111607608025224
2222909.045665655285120010,-40621.883321276727656368,11133.722979419022522052,1577.881335147166510069
2223656.130424641072750092,-41170.864134218572871760,8967.337672471338009927,1045.136237936651923519
2223922.761888088192790747,-41337.254800129812792875,8187.377317474328265234,854.167461470400212420
2224189.393351535312831402,-41488.001556858689582441,7404.318484778459605877,662.875405047427761929
2224936.478110521100461483,-41826.593787081808841322,5196.263128175725796609,125.782675532664711682
2226016.046866134274750948,-42096.192324734496651217,1979.992042401333492307,-650.580200031766253232
2227214.277786284685134888,-42089.720472072680422571,-1603.317699513136176392,-1507.347274952968518846
2228293.846541897859424353,-41808.489836388900585007,-4822.052678309262773837,-2269.589597109245005413
2229040.931300883647054434,-41461.894205901066015940,-7033.171505917464855884,-2789.117141023223666707
2229307.562764330767095089,-41308.304300546595186461,-7817.590518642708047992,-2972.607231537654115527
2229574.194227777421474457,-41139.078759157120657619,-8599.050489289127654047,-3154.972074598942981538
2230321.278986763209104538,-40582.205874116152699571,-10770.374323294287023600,-3659.366615550886308483
2231400.847742376383394003,-39565.015229299635393545,-13849.828044811565632699,-4368.644003983480615716
2232599.078662526793777943,-38149.002232939164969139,-17166.377358299250772689,-5123.969711355135586928
2233678.647418139968067408,-36623.277531542982615065,-20042.871467708198906621,-5771.126020131322547968
2234425.732177125755697489,-35433.828931999159976840,-21961.729568580216437113,-6198.246870172440139868
2234692.363640572875738144,-34983.635350944270612672,-22631.053002792301413137,-6346.289425585976459843
2234958.995104019995778799,-34520.199769722654309589,-23291.810134527819172945,-6491.929605887761681515
2235706.079863005783408880,-33152.664923258955241181,-25095.463564605797728291,-6886.741903247802838450
2236785.648618618957698345,-31003.646869847245397978,-27568.747260058764368296,-7420.819940227090228291
2237983.879538769368082285,-28393.875351468213921180,-30113.052370888050063513,-7959.573753060199123865
2239063.448294382542371750,-25856.199989679131249432,-32208.905941830402298365,-8393.005545413205254590
2239810.533053368330001831,-24005.205552452975098277,-33543.067042451053566765,-8662.622094350559564191
2240077.164516815450042486,-23327.033763167451979825,-33995.292278905806597322,-8752.654742623219135567
2240343.795980262104421854,-22640.033340506026434014,-34434.651243780535878614,-8839.374508395199882216
2241090.880739247892051935,-20670.306137017789296806,-35595.779162983737478498,-9064.437464966489642393
2242170.449494861066341400,-17717.070521827325137565,-37086.025531874613079708,-9341.933960919570381520
2243368.680415011476725340,-14311.394507513687130995,-38470.448330408355104737,-9582.034367450794889010
2244448.249170624651014805,-11148.626199142581754131,-39466.400935384728654753,-9735.720201626030757325
2245195.333929610438644886,-8918.254676994678447954,-40012.666916886650142260,-9806.772554246363142738
2245461.965393057558685541,-8115.484301042328297626,-40178.925677197410550434,-9825.086174499016124173
2245728.596856504678726196,-7309.643223934982415813,-40329.981716810427315067,-9839.681946494007206638
2246475.681615490466356277,-5037.974936453808368242,-40671.792495467023400124,-9860.734468682838269160
2247555.250371103640645742,-1730.667567858653001167,-40952.161264958929677960,-9839.423153025654755766
2248753.481291254051029682,1951.846205586517044139,-40966.065106891051982529,-9744.360841774945583893
2249833.050046867225319147,5257.708399198671031627,-40710.684666013134119567,-9594.961065347875774023
2250580.134805853012949228,7527.581977105289297469,-40386.064354638539953157,-9456.681276974966749549
2250846.766269300132989883,8332.626960304716703831,-40241.114302155459881760,-9400.507021627166977851
2251113.397732746787369251,9134.520170898133073933,-40080.943253774748882279,-9340.776808158158019069
2251860.482491732574999332,11362.007003377364526386,-39551.621835714271583129,-9154.674353024716765503
2252940.051247345749288797,14519.519897036851034500,-38579.795029879926005378,-8837.896947271190583706
2254138.282167496159672737,17917.918609344575088471,-37221.519789307392784394,-8422.263203866155890864
2255217.850923109333962202,20863.368991356215701671,-35754.131675681543129031,-7992.636748399038879143
2255964.935682095121592283,22827.068823125249764416,-34608.367511650903907139,-7666.158094590621658426
2256231.567145542241632938,23511.797701096907985630,-34174.392668923843302764,-7544.077320155687630177
2256498.198608989361673594,24187.636765226718125632,-33727.496482073285733350,-7419.143916672200248286
2257245.283367975149303675,26031.781169789799605496,-32407.958179092649515951,-7054.301357882548472844
2258324.852123588323593140,28558.793928420171141624,-30332.365013974686007714,-6490.402144359540216101
2259523.083043738733977079,31155.785627028271846939,-27809.212209838718990795,-5817.599363006942439824
2260602.651799351908266544,33292.555748748149198946,-25353.654246089980006218,-5173.259301050267822575
2261349.736558337695896626,34651.268558169329480734,-23561.464892125106416643,-4708.353553454286156921
2261616.368021784815937281,35111.495519774056447204,-22904.631762429828086169,-4538.975148601018190675
2261882.999485231470316648,35558.451637383819615934,-22239.141529829492355930,-4367.881051652911082783
2262630.084244217257946730,36738.690157266362803057,-20330.526057842427690048,-3879.901599819725561247
2263709.652999830432236195,38250.806832945228961762,-17467.478141246199811576,-3154.803758151410875143
2264907.883919980842620134,39651.426624789593915921,-14163.865019843531626975,-2327.326174973811248492
2265987.452675594016909599,40654.609978943954047281,-11094.169159434184621205,-1566.410775344074409077
2266734.537434579804539680,41201.771948996312858071,-8928.495842465905298013,-1033.876230809776643582
2267001.168898026924580336,41367.536083474464248866,-8148.827958506516552006,-842.991993523819360234
2267267.800361474044620991,41517.669345638394588605,-7366.081009990860366088,-651.789204873777293869
2268014.885120459832251072,41854.617806284732068889,-5158.998438375634577824,-114.970559714892374359
2269094.453876073006540537,42122.059561554880929179,-1944.369614635244488454,660.939478755548748268
2270292.684796223416924477,42113.536150642059510574,1636.836536478244852333,1517.137590382078997209
2271372.253551836591213942,41830.797723480965942144,4853.474634646398044424,2278.820734183587774169
2272119.338310822378844023,41483.359685390227241442,7063.058059025303919043,2797.942446614696564211
2272385.969774269498884678,41329.510113375996297691,7846.916320297935271810,2981.284941399798299244
2272652.601237716153264046,41160.046730294074222911,8627.810107571605840349,3163.501057602617493103
2273399.685996701940894127,40602.624567380815278739,10797.525514086764815147,3667.474551233677630080
2274479.254752315115183592,39584.946422241344407666,13874.627175362289563054,4376.139451697618824255
2275677.485672465525567532,38168.811444138300430495,17188.585911233785736840,5130.793856331196366227
2276757.054428078699856997,36643.340984802693128586,20062.820803549628180917,5777.366524702016249648
2277504.139187064487487078,35454.259506869930191897,21980.183942178678989876,6204.101559729621840233
2277770.770650511607527733,35004.232887484919046983,22648.990870500183518743,6352.010805475654706242
2278037.402113958727568388,34540.982458285972825252,23309.241520682680857135,6497.520226500443641271
2278784.486872944515198469,33174.059077391531900503,25111.534556090227852110,6891.980941481082481914
2279864.055628557689487934,31026.146197158701397711,27583.026413439340103650,7425.594175397893195623
2281062.286548708099871874,28417.863934394048555987,30125.620453844516305253,7963.900053058128833072
2282141.855304321274161339,25881.718095529944548616,32220.212437742920883466,8396.995802579038354452
2282888.940063307061791420,24031.860047602152917534,33553.666980185756983701,8666.419482000945208711
2283155.571526754181832075,23354.105519930279115215,34005.674100408941740170,8756.391348439396097092
2283422.202990200836211443,22667.527280496855382808,34444.833103357188520022,8843.054605272129265359
2284169.287749186623841524,20699.002629423088365002,35605.498239440392353572,9067.982066419908733224
2285248.856504799798130989,17747.527728556375222979,37095.330728344932140317,9345.342001975539460545
2286447.087424950208514929,14343.782123382459758432,38479.642165089513582643,9585.370780879666199326
2287526.656180563382804394,11182.677774142248381395,39475.795085036770615261,9739.060173804688020027
2288273.740939549170434475,8953.390569447567031602,40022.356180981456418522,9810.149922848317146418
2288540.372402996290475130,8150.990615053188776074,40188.749437499209307134,9828.483326976314856438
2288807.003866443410515785,7345.510255773829157988,40339.954644105324405245,9843.102094850619323552
2289554.088625429198145866,5074.796038645517000987,40682.257554289790277835,9864.235149187894421630
2290633.657381042372435331,1768.700499760138427519,40963.512021081020066049,9843.077468029685405781
2291831.888301192782819271,-1912.732609321368727251,40978.599076279919245280,9748.227064707420140621
2292911.457056805957108736,-5217.885596791371426661,40724.419215917499968782,9599.044453486763813999
2293658.541815791744738817,-7487.424395001195080113,40400.679836012335726991,9460.923691871441405965
2293925.173279238864779472,-8292.381617809693125309,40256.050614267391210888,9404.807107592932879925
2294191.804742685519158840,-9094.203913779056165367,40096.202636354326386936,9345.134782005674423999
2294938.889501671306788921,-11321.582132934663604829,39567.792243687887093984,9159.194273233875719598
2296018.458257284481078386,-14479.171741436217416776,38597.270945651405781973,8842.644306581121782074
2297216.689177434891462326,-17877.970483577704726486,37240.378142680936434772,8427.242388757815206191
2298296.257933048065751791,-20824.048309564306691755,35774.126173052747617476,7997.795394676148134749
2299043.342692033853381872,-22788.318321297701913863,34629.064385269812191837,7671.419659019036771497
2299309.974155480973422527,-23473.275551268958224682,34195.320658777847711463,7549.370786140324526059
2299576.605618928093463182,-24149.355289710507349810,33748.644411299428611528,7424.466561980964797840
2300323.690377913881093264,-25994.235301243013964267,32429.658417288672353607,7059.690377719261960010
2301403.259133527055382729,-28522.450228564357530558,30354.679770848051703069,6495.843700409128359752
2302601.490053677465766668,-31120.924188925157068297,27831.926009969371079933,5823.033889047659613425
2303681.058809290640056133,-33259.114252235907770228,25376.450774541550345020,5178.625097952120995615
2304428.143568276427686214,-34618.830627127746993210,23584.157980093212245265,4713.636335527676237689
2304694.775031723547726870,-35079.416237591460230760,22927.255575436036451720,4544.221273906645365059
2304961.406495170667767525,-35526.730062965849356260,22261.678979312728188233,4373.086844908793864306
2305708.491254156455397606,-36707.959466231797705404,20352.730624692107085139,3884.975041246612363466
2306788.060009769629687071,-38221.451320401552948169,17488.967895728328585392,3159.637117913689507986
2307986.290929920040071011,-39623.466007960036222357,14184.250197406774532283,2331.830074718206105899
2309065.859685533214360476,-40627.737145686318399385,11113.299103947309049545,1570.567476518092462356
2309812.944444519001990557,-41175.534624419895408209,8946.626777653891622322,1037.768740827468718635
2310079.575907966122031212,-41341.499376086852862500,8166.578834028641722398,846.786112908222776241
2310346.207371412776410580,-41491.818589004906243645,7383.440279215902592114,655.482998204628643180
2311093.292130398564040661,-41829.205569879210088402,5175.203696751997995307,118.374194434671835552
2312172.860886011738330126,-42097.049388437400921248,1958.781311403643030644,-657.973029935703266347
2313371.091806162148714066,-42088.623748741869349033,-1624.542342729498614062,-1514.669052052033748623
2314450.660561775323003531,-41805.639174175877997186,-4843.150969621723561431,-2276.799417822278428503
2315197.745320761110633612,-41457.839268255593196955,-7054.105647546326508746,-2796.223240297757911321
2315464.376784208230674267,-41303.822252882302564103,-7838.450978882488925592,-2979.671180124530565081
2315731.008247655350714922,-41134.171276491513708606,-8619.829368156242708210,-3161.991196969260727201
2316478.093006641138345003,-40576.116642799344845116,-10790.882808903326804284,-3666.246034413156394294
2317557.661762254312634468,-39557.250903985033801291,-13869.838332456303760409,-4375.285531363973859698
2318755.892682404723018408,-38139.435137428277812432,-17185.689388399459858192,-5130.298991424709129205
2319835.461438017897307873,-36612.148084919826942496,-20061.427721453794219997,-5777.132444239332471625
2320582.546197003684937954,-35421.657981614829623140,-21979.695023882704845164,-6204.007902235627625487
2320849.177660450804978609,-34971.101258069342293311,-22648.794564548170455964,-6351.958688447992244619
2321115.809123897459357977,-34507.307262157402874436,-23309.321076450069085695,-6497.504950444221321959
2321862.893882883246988058,-33138.794494222485809587,-25112.293249126771115698,-6892.042953365044922975
2322942.462638496421277523,-30988.436625380389159545,-27584.504567817904899130,-7425.696977802679612068
2324140.693558646831661463,-28377.288549893568415428,-30127.505061312112957239,-7963.944805670585992630
2325220.262314260005950928,-25838.480965682647365611,-32222.088130161937442608,-8396.891947281041211681
2325967.347073245793581009,-23986.766836389131640317,-33555.321522719510539901,-8666.158773007922718534
2326233.978536692913621664,-23308.351329004395665834,-34007.206675069959601387,-8756.064000258211308392
2326500.610000140033662319,-22621.114248932964983396,-34446.221031851549923886,-8842.655050811739783967
2327247.694759125821292400,-20650.762309703077335143,-35606.360401766083668917,-9067.350879066445486387
2328327.263514738995581865,-17696.726814502399065532,-37095.123328082423540764,-9344.301807384543280932
2329525.494434889405965805,-14290.310758888575946912,-38477.833680347277550027,-9583.779558913962318911
2330605.063190502580255270,-11127.013360796005144948,-39472.194466324857785366,-9736.892779710789909586
2331352.147949488367885351,-8896.353944289585342631,-40017.337087330786744133,-9807.544361241221849923
2331618.779412935487926006,-8093.496524077405410935,-40183.191361264311126433,-9825.714323320718904142
2331885.410876382142305374,-7287.576719102999049937,-40333.841284361333237030,-9840.166195509376848349
2332632.495635367929935455,-5015.732381008847369230,-40674.506779456642107107,-9860.814696974544858676
2333712.064390981104224920,-1708.287370425921835704,-40953.207000290894939099,-9838.919394256665327703
2334910.295311131514608860,1974.216726747312804946,-40965.251440096035366878,-9743.212644118078969768
2335989.864066744688898325,5279.923888847019043169,-40708.200379985093604773,-9593.239553062687264173
2336736.948825730476528406,7549.609454288584856840,-40382.432209164282539859,-9454.569019422759083682
2337003.580289177596569061,8354.571461023904703325,-40237.074895961442962289,-9398.256760694459444494
2337270.211752624716609716,9156.373391560782692977,-40076.498099339893087745,-9338.389391459017133457
2338017.296511610504239798,11383.560539877804330899,-39546.049162534298375249,-9151.907590265473118052
2339096.865267223678529263,14540.527555568891330040,-38572.622928755925386213,-8834.596766423939698143
2340295.096187374088913202,17938.168021797744586365,-37212.624633887178788427,-8418.394995115606434410
2341374.664942987263202667,20882.802588934860978043,-35743.741635737984324805,-7988.281875772494458943
2342121.749701973050832748,22845.866954873919894453,-34596.979996766101976391,-7661.482034403385114274
2342388.381165420170873404,23530.355409682106255786,-34162.657166770681214985,-7539.289936176607625384
2342655.012628866825252771,24205.947025011580990395,-33715.417416835050971713,-7414.247016274548514048
2343402.097387852612882853,26049.361478730996168451,-32394.941137973313743714,-7049.107576555984451261
2344481.666143465787172318,28575.227727823639725102,-30318.061332763936661649,-6484.806771361019855249
2345679.897063616197556257,31170.827812499457650119,-27793.584315582513227127,-5811.598896757431248261
2346759.465819229371845722,33306.245325190837320406,-25336.934930900340987137,-5166.932947107240579498
2347506.550578215159475803,34663.971810312570596579,-23544.050439634531358024,-4701.824488775376266858
2347773.182041662279516459,35123.837450215891294647,-22886.981607825771789066,-4532.378394791406208242
2348039.813505109399557114,35570.427567463062587194,-22221.262335178005741909,-4361.219100436182998237
2348786.898264095187187195,36749.616841531307727564,-20312.041321440057799919,-3873.070448085068164801
2349866.467019708361476660,38260.160684383270563558,-17448.215565984650311293,-3147.764003501456045342
2351064.697939858771860600,39658.967073597130365670,-14143.878825942199910060,-2320.105958653945435799
2352144.266695471946150064,40660.466675615127314813,-11073.661315753013695939,-1559.075084650120288643
2352891.351454457733780146,41206.441423856020264793,-8907.701138974383866298,-1026.487185090621323980
2353157.982917904853820801,41371.778273413685383275,-8127.945763499245913408,-835.589205287466711525
2353424.614381351508200169,41521.482630238126148470,-7345.119210445494900341,-644.375471145269557383
2354171.699140337295830250,41857.222076710961118806,-5137.855847949473172775,-107.541087069488867201
2355251.267895950470119715,42122.903807438495277893,-1923.076613688545421610,668.352770219760145665
2356449.498816100880503654,42112.420912905945442617,1658.142129151016433752,1524.479186848648851083
2357529.067571714054793119,41827.923588895886496175,4874.652409088222157152,2286.049754751323234814
2358276.152330699842423201,41479.277940340689383447,7084.070525977150282415,2805.067297503247573331
2358542.783794146962463856,41325.000086807885963935,7867.854665540889982367,2988.367478117414520966
2358809.415257594082504511,41155.110106987878680229,8648.666417214139073621,3170.538602872196406679
2359556.500016579870134592,40596.502991668785398360,10818.110085313332092483,3674.371921148074761732
2360636.068772193044424057,39577.145253722803317942,13894.711422042677440913,4382.798226594381048926
2361834.299692343454807997,38159.202686906275630463,17207.969295642520592082,5137.139574713452930155
2362913.868447956629097462,36632.165686871929210611,20081.445849374140379950,5783.388632835540192900
2363660.953206942416727543,35442.039887857637950219,21998.216297442377253901,6209.877739352887147106
2363927.584670389536768198,34991.649136521191394422,22666.798633253591106040,6357.695021436013121274
2364194.216133836191147566,34528.039311567605182063,23326.817952112425700761,6503.110328060108258796
2364941.300892821978777647,33160.135305016585334670,25128.427669303764560027,6897.296190104316337965
2366020.869648435153067112,31010.878818865181528963,27598.843993781963945366,7430.484579132079488772
2367219.100568585563451052,28401.215958442771807313,30140.129659732494474156,7968.283508993815303256
2368298.669324198737740517,25863.934415110357804224,32233.447518681980000110,8400.893700710419579991
2369045.754083184525370598,24013.354359584678604733,33565.971709253826702479,8669.967004921825719066
2369312.385546631645411253,23335.355307146448467392,34017.637774085254932288,8759.811212511471239850
2369579.017010078765451908,22648.539614426350453869,34456.451182869670446962,8846.345513500533343176
2370326.101769064553081989,20679.388057520354777807,35616.124927019351162016,9070.905156695998812211
2371405.670524677727371454,17727.110308368177356897,37104.469654232765606139,9347.718485890261945315
2372603.901444828137755394,14322.621625916333869100,38487.063552603438438382,9587.123395043703567353
2373683.470200441312044859,11160.985715130340395262,39481.619794267659017351,9740.239021863128073164
2374430.554959427099674940,8931.409068788820150075,40027.054016807858715765,9810.927169063897963497
2374697.186422874219715595,8128.921552754439289856,40193.041503760949126445,9829.116611959791043773
2374963.817886320874094963,7323.361967394363091444,40343.839295330981258303,9843.591173525896010688
2375710.902645306661725044,5052.470410371032812691,40684.993203045640257187,9864.319330154678027611
2376790.471400919836014509,1746.235664254831135622,40964.573543873397284187,9842.576348432854501880
2377988.702321070246398449,-1935.189052700015054143,40977.794742545222106855,9747.079988037410657853
2379068.271076683420687914,-5240.187716127165003854,40721.938233210465114098,9597.322645515623662504
2379815.355835669208317995,-7509.538721694874766399,40397.046716909600945655,9458.810134855104479357
2380081.987299116328358650,-8314.412990362607160932,40252.008689751761266962,9402.555184925329740508
2380348.618762563448399305,-9116.143998230409124517,40091.753410140765481628,9342.745339402963509201
2381095.703521549236029387,-11343.222344613745008246,39562.211104226676980034,9156.424455364460300189
2382175.272277162410318851,-14500.265352808608440682,38590.083941618438984733,8839.339566356507930323
2383373.503197312820702791,-17898.304393232428992633,37231.460870382084976882,8423.367940776071918663
2384453.071952925994992256,-20843.564477362808247562,35763.707508983701700345,7993.432774996807893331
2385200.156711911782622337,-22807.197337959532887908,34617.643768970854580402,7666.734819641222202335
2385466.788175358902662992,-23491.913472576161439065,34183.550466781583963893,7544.574258030018427235
2385733.419638805557042360,-24167.745052586629753932,33736.529074241749185603,7419.560154707985020650
2386480.504397791344672441,-26011.892924672723893309,32416.600714075273572234,7054.486086984993562510
2387560.073153404518961906,-28538.957657095703325467,30340.329228296388464514,6490.236414750706899213
2388758.304073554929345846,-31136.035193767238524742,27816.244645299542753492,5817.020034693567140494
2389837.872829168103635311,-33272.867679472285090014,25359.672351305482152384,5172.284119855624339834
2390584.957588153891265392,-34631.593950225556909572,23566.680730287363985553,4707.091852715920140326
2390851.589051601011306047,-35091.816824357345467433,22909.541353757140313974,4537.608832053132573492
2391118.220515048131346703,-35538.763200981979025528,22243.734474074204626959,4366.408943225579605496
2391865.305274033918976784,-36718.939124949254619423,20334.177241431705624564,3878.127245767461317882
2392944.874029647093266249,-38230.851594722815207206,17469.632271793849213282,3152.579835862026811810
2394143.104949797503650188,-39631.045058681425871328,14164.186714138126262696,2324.591530214494923712
2395222.673705410677939653,-40633.624962740897899494,11092.710791070463528740,1563.212913220324026042
2395969.758464396465569735,-41180.229834644225775264,8925.749787085827847477,1030.360550519134903880
2396236.389927843585610390,-41345.765343404571467545,8145.613782255804835586,839.364104537427010655
2396503.021391290239989758,-41495.653675711830146611,7362.395095801507522992,648.049980339661033213
2397250.106150276027619839,-41831.826025173060770612,5153.976477107307800907,110.925320841756729351
2398329.674905889201909304,-42097.901528472270001657,1937.402502268970692967,-665.405724699734946626
2399527.905826039612293243,-42087.507049925334285945,-1645.934165065103570669,-1522.029818903501563909
2400607.474581652786582708,-41802.755102295115648303,-4864.414535586348392826,-2284.047184368096623075
2401354.559340638574212790,-41453.741740382050920743,-7075.203144572858946049,-2803.366424664842270431
2401621.190804085694253445,-41299.294367694499669597,-7859.473991644596935657,-2986.771879770024042955
2401887.822267532814294100,-41129.214726347105170134,-8640.769935116410124465,-3169.046722443777071021
2402634.907026518601924181,-40569.969396640000923071,-10811.550235556613188237,-3673.160808433029615117
2403714.475782131776213646,-39549.415945824373920914,-13890.002759452396276174,-4381.960714773025756585
2404912.706702282186597586,-38129.783920441317604855,-17205.149110004593239864,-5136.659797546526533552
2405992.275457895360887051,-36600.922911694375216030,-20080.124889225142396754,-5783.168268476714729331
2406739.360216881148517132,-35409.383617196843260899,-21997.796188456090021646,-6209.796755587675761490
2407005.991680328268557787,-34958.461080821027280763,-22666.669879524866701104,-6357.655188841476956441
2407272.623143774922937155,-34494.306040053656033706,-23326.963764904459821992,-6503.106938460417950409
2408019.707902760710567236,-33124.808203518550726585,-25129.248794392129639164,-6897.368929384908369684
2409099.276658373884856701,-30973.100805140893498901,-27600.378575268856366165,-7430.596329858540229907
2410297.507578524295240641,-28360.566305631342402194,-30142.063438497698371066,-7968.335112943848798750
2411377.076334137469530106,-25820.618493859910813626,-32235.365389111168042291,-8400.794720364840031834
2412124.161093123257160187,-23968.179651171187288128,-33567.663377802738978062,-8669.709766947431489825
2412390.792556570377200842,-23289.518739723658654839,-34019.205635414240532555,-8759.486828808292557369
2412657.424020017497241497,-22602.043373144275392406,-34457.872541478878702037,-8845.948414643597061513
2413404.508779003284871578,-20631.062441590318485396,-35617.015236102444760036,-9070.274989622044813586
2414484.077534616459161043,-17676.221737797506648349,-37104.282598018413409591,-9346.677225269480913994
2415682.308454766869544983,-14269.060900158281583572,-38485.266607316320005339,-9585.528799271738535026
2416761.877210380043834448,-11105.231227313228373532,-39478.022740162596164737,-9738.066205906152390526
2417508.961969365831464529,-8874.282326258320608758,-40022.032988603416015394,-9808.314797158376677544
2417775.593432812951505184,-8071.337417000769164588,-40187.479539971689519007,-9826.340309710700239521
2418042.224896259605884552,-7265.338504227157500281,-40337.720101899511064403,-9840.647491568885016022
2418789.309655245393514633,-4993.317397535322015756,-40677.231187515048077330,-9860.889764282181204180
2419868.878410858567804098,-1685.734612603148889320,-40954.249627074808813632,-9838.407312775156242424
2421067.109331008978188038,1996.758702449615157093,-40964.420004785963101313,-9742.052676005569082918
2422146.678086622152477503,5302.308714925483400293,-40705.685231302013562527,-9591.503240500354877440
2422893.762845607940107584,7571.804186476294489694,-40378.760247347083350178,-9452.439917641391730285
2423160.394309055060148239,8376.682353277177753625,-40232.992505261448968668,-9395.988937883383187000
2423427.025772502180188894,9178.392077344462450128,-40072.006808557416661642,-9335.983701891174860066
2424174.110531487967818975,11405.276613600748532917,-39540.421618813146778848,-9149.120600236305108410
2425253.679287101142108440,14561.692670588747205329,-38565.383631150405562948,-8831.273641904261239688
2426451.910207251552492380,17958.568110707015875960,-37203.649093220774375368,-8414.500995203758066054
2427531.478962864726781845,20902.379768077720655128,-35733.259851629140030127,-7983.898814760197637952
2428278.563721850514411926,22864.803234816517942818,-34585.493206400773487985,-7656.776228457389152027
2428545.195185297634452581,23549.049227198986045551,-34150.819771564929396845,-7534.472271793068102852
2428811.826648744288831949,24224.391303025255183456,-33703.233879557294130791,-7409.319312291342612298
2429558.911407730076462030,26067.069680709329986712,-32381.812612424691906199,-7043.881588456504687201
2430638.480163343250751495,28591.779904007511504460,-30303.636624409013165860,-6479.177334005852571863
2431836.711083493661135435,31185.976957115650293417,-27777.825683845938328886,-5805.562552198372031853
2432916.279839106835424900,33320.030872958282998297,-25320.076982662456430262,-5160.569314847906753130
2433663.364598092623054981,34676.763078049116302282,-23526.492390624051040504,-4695.257311782756914909
2433929.996061539743095636,35136.264492473608697765,-22869.186187773138954071,-4525.743258301788046083
2434196.627524986863136292,35582.485673446666623931,-22203.236261099125840701,-4354.518510692874770029
2434943.712283972650766373,36760.617313819253467955,-20293.405481121601042105,-3866.200019092397269560
2436023.281039585825055838,38269.575823492996278219,-17428.796577651624829741,-3140.684255010885863157
2437221.511959736235439777,39666.554495458731253166,-14123.731462275265585049,-2312.845243475502229558
2438301.080715349409729242,40666.357138988205406349,-11052.989069083729191334,-1551.698704719608031155
2439048.165474335197359324,41211.135399299535492901,-8886.740390321499944548,-1019.057465965733854318
2439314.796937782317399979,41376.041637933914898895,-8106.897056332411921176,-828.145778534260898596
2439581.428401228971779346,41525.313755449235031847,-7323.990494683346696547,-636.921149152048656106
2440328.513160214759409428,41859.834814483212539926,-5116.545545620868324477,-100.071248609327994927
2441408.081915827933698893,42123.742939288982597645,-1901.615630307182527758,675.805894713492762094
2442606.312835978344082832,42111.285528177890228108,1679.614786574586560164,1531.859736302471446834
2443685.881591591518372297,41825.015891879993432667,4895.995329808269161731,2293.316680693582384265
2444432.966350577306002378,41475.153466002346249297,7105.246211910405691015,2812.229190903647577215
2444699.597814024426043034,41320.444088656797248404,7888.955424354767274053,2995.486722642429413099
2444966.229277471546083689,41150.124287191982148215,8669.684273641256368137,3177.612507370141429419
2445713.314036457333713770,40590.323286441955133341,10838.853450625188997947,3681.304600838382611983
2446792.882792070508003235,39569.273358657010248862,13914.949655436057582847,4389.490610592140001245
2447991.113712220918387175,38149.509737627071444876,17227.500216001906665042,5143.516771351575698645
2449070.682467834092676640,36620.894612001320638228,20100.211653973870852496,5789.440093241291833692
2449817.767226819880306721,35429.716817917193111498,22016.384208469920849893,6215.681692738611673121
2450084.398690267000347376,34978.959268948128737975,22684.739996630578389158,6363.406427588758560887
2450351.030153713654726744,34514.987422651487577241,23344.525978532226872630,6508.727025962569314288
2451098.114912699442356825,33146.095655659366457257,25145.446495415864774259,6902.636318311864670250
2452177.683668312616646290,30995.485865906230174005,27614.778133077386883087,7435.397252598837440019
2453375.914588463027030230,28384.432556886753445724,30154.744421619419881608,7972.686177073313047003
2454455.483344076201319695,25846.007316082799661672,32246.777549956648726948,8404.807929886614147108
2455202.568103061988949776,23994.700238694254949223,33578.363700727801187895,8673.528804716550439480
2455469.199566509108990431,23316.454977774876169860,34029.685902436263859272,8763.244609739786028513
2455735.831029956229031086,22629.400204774377925787,34468.150877376087009907,8849.649206043268350186
2456482.915788942016661167,20659.617490575517877005,35626.825111995953193400,9073.838908202853417606
2457562.484544555190950632,17706.531569944105285686,37113.669968038229853846,9350.102508746351304580
2458760.715464705601334572,14301.295072743674609228,38494.532444888231111690,9588.880028623865655391
2459840.284220318775624037,11139.124415983775179484,39487.479185801385028753,9741.418691123120879638
2460587.368979304563254118,8909.256737024448739248,40031.777530447274330072,9811.703018955784500577
2460854.000442751683294773,8106.681214064612504444,40197.356014230928849429,9829.747709831255633617
2461120.631906198337674141,7301.042022081290269853,40347.743148623609158676,9844.077275114595977357
2461867.716665184125304222,5029.972404913718492026,40687.738934572342259344,9864.398327453482124838
2462947.285420797299593687,1723.598314647986171622,40965.631925167399458587,9842.066885261139759677
2464145.516340947709977627,-1957.816910820440170937,40976.972614684273139574,9745.921121656196191907
2465225.085096560884267092,-5262.659138849756345735,40719.426366937885177322,9595.586019057742305449
2465972.169855546671897173,-7531.820275330077492981,40393.373762688352144323,9456.679715894553737598
2466238.801318993791937828,-8336.610728196406853385,40247.923762490798253566,9400.285682795361935860
2466505.432782440911978483,-9138.249523367077927105,40087.258029757147596683,9340.337606454893830232
2467252.517541426699608564,-11365.025074164932448184,39556.575076935529068578,9153.634392924765052157
2468332.086297039873898029,-14521.516408442943429691,38582.829722956688783597,8836.011865102014780859
2469530.317217190284281969,-17918.788974315535597270,37222.463191578070109244,8419.467683816495991778
2470609.885972803458571434,-20863.224227166829223279,35753.197074900381267071,7989.041948394345126871
2471356.970731789246201515,-22826.214506304466340225,34606.123847282928181812,7662.020215328685480927
2471623.602195236366242170,-23510.687507224516593851,34171.678350218404375482,7539.747430088503278967
2471890.233658683020621538,-24186.268838926862372318,33724.309231948049273342,7414.622924161551964062
2472637.318417668808251619,-26029.678448154638317646,32403.431488152888050536,7049.249569012353276776
2473716.887173281982541084,-28555.583470486821170198,30325.857612179333955282,6484.595043069211897091
2474915.118093432392925024,-31151.253164741461660014,27800.432486951605824288,5810.970279011858110607
2475994.686849045567214489,-33286.717081862901977729,25342.755229736991168465,5165.905839282215310959
2476741.771608031354844570,-34644.445289324750774540,23549.059812438470544294,4700.509232727673406771
2477008.403071478474885225,-35104.302521880861604586,22891.681792917981510982,4530.957982430120864592
2477275.034534925594925880,-35550.878512250361382030,22225.643013536107901018,4359.692377713869063882
2478022.119293911382555962,-36729.992563894018530846,20315.472672536961908918,3871.240147222235918889
2479101.688049524556845427,-38240.313139781464997213,17450.140145357865549158,3145.482533703298031469
2480299.918969674967229366,-39638.671053177233261522,14143.961964527814416215,2317.312460535891659674
2481379.487725288141518831,-40639.546504332844051532,11071.957973833830692456,1555.817634810533036216
2482126.572484273929148912,-41184.949493533888016827,8904.706647745299051167,1022.911661535102894049
2482393.203947721049189568,-41350.052429760085942689,8124.482114147496758960,831.901432658969952172
2482659.835411167703568935,-41499.506543794181197882,7341.182891560369171202,640.576349532810922938
2483406.920170153491199017,-41834.454877914147800766,5132.581440448586363345,103.436057821023268843
2484486.488925766665488482,-42098.748468541205511428,1915.855606842249926558,-672.878274069394706203
2485684.719845917075872421,-42086.370099946805567015,-1667.493151708657933341,-1529.429557350370942004
2486764.288601530250161886,-41799.837347435895935632,-4885.843340786532280617,-2291.332871585585053253
2487511.373360516037791967,-41449.601351601515489165,-7096.463947439344337909,-2810.546664204505759699
2487778.004823963157832623,-41294.720375438984774519,-7880.659502357369092351,-2993.909298876424145419
2488044.636287410277873278,-41124.208840416256862227,-8661.872130605775964796,-3176.138617759261705942
2488791.721046396065503359,-40563.763871336108422838,-10832.376529823382952600,-3680.110899748453448410
2489871.289802009239792824,-39541.510097689657413866,-13910.321232723537832499,-4388.669509904600090522
2491069.520722159650176764,-38120.048334681188862305,-17224.756408910321624717,-5143.052078584829359897
2492149.089477772824466228,-36589.601775050308788195,-20098.962838521623780252,-5789.233435886829283845
2492896.174236758612096310,-35397.005610047817754094,-22016.032917611195443897,-6215.613369448209596158
2493162.805700205732136965,-34945.714593565753602888,-22684.678798785120307002,-6363.378864664479806379
2493429.437163652386516333,-34481.195880928091355599,-23344.738046760710858507,-6508.735506536057982885
2494176.521922638174146414,-33110.705837933994189370,-25146.330035839306219714,-6902.719764399187624804
2495256.090678251348435879,-30957.639210425484634470,-27616.369102199540066067,-7435.517924770923855249
2496454.321598401758819818,-28343.708437525609042495,-30156.727306173848774051,-7972.744598543470601726
2497533.890354014933109283,-25802.612410057019587839,-32248.737509218008199241,-8404.713784580397259560
2498280.975113000720739365,-23949.443845015401166165,-33580.092389868856116664,-8673.274993780894874362
2498547.606576447840780020,-23270.535848067833285313,-34031.288939274272706825,-8762.923145121920242673
2498814.238039894960820675,-22582.820570463587500853,-34469.605549249878094997,-8849.254516007502388675
2499561.322798880748450756,-20611.206403125179349445,-35627.743435330929060001,-9073.209710869294212898
2500640.891554493922740221,-17655.555181791933136992,-37113.503101760557910893,-9349.060126544130980619
2501839.122474644333124161,-14247.644843989581204369,-38492.746862859501561616,-9587.281998618367651943
2502918.691230257507413626,-11083.279732290466199629,-39483.885502376680960879,-9739.240389204553139280
2503665.775989243295043707,-8852.039771231025952147,-40026.754362908133771271,-9809.083770558019750752
2503932.407452690415084362,-8049.006933440740795049,-40191.789954539242899045,-9826.964042140629317146
2504199.038916137069463730,-7242.928538253043370787,-40341.617909758453606628,-9841.125743090306059457
2504946.123675122857093811,-4970.729959950481315900,-40679.965458017788478173,-9860.959579057258451940
2506025.692430736031383276,-1663.009290069050166494,-40955.288882230881426949,-9837.886817561688076239
2507223.923350886441767216,2019.472112833590017544,-40963.570538176070840564,-9740.880847665923283785
2508303.492106499616056681,5324.862835910660578520,-40703.138959164214611519,-9589.752039601384240086
2509050.576865485403686762,7594.166117295095318696,-40375.048210708911938127,-9450.293885076596779982
2509317.208328932523727417,8398.959575429418691783,-40228.866872592378058471,-9393.703467239385645371
2509583.839792379643768072,9200.576161376875461428,-40067.469125076262571383,-9333.559654132215655409
2510330.924551365431398153,11427.155143136276819860,-39534.738951831634039991,-9146.313299557452410227
2511410.493306978605687618,14583.015140115963731660,-38558.076890915064723231,-8827.927493575421976857
2512608.724227129016071558,17979.118752004120324273,-37194.592930237929977011,-8410.581128174153491273
2513688.292982742190361023,20922.100385621044551954,-35722.686096016448573209,-7979.487493669684226916
2514435.377741727977991104,22883.877507086494006217,-34573.906920780056680087,-7652.040608272839563142
2514702.009205175098031759,23567.878993357371655293,-34138.880266390457109082,-7529.624259721613270813
2514968.640668621752411127,24242.969434613292833092,-33690.945656265474099200,-7404.360738661139293981
2515715.725427607540041208,26084.905599181653087726,-32368.572397139756503748,-7038.623331077657894639
2516795.294183220714330673,28608.450264182334649377,-30289.090697197803820018,-6473.513775249683021684
2517993.525103371124714613,31201.232851456341450103,-27761.936139394008932868,-5799.490278760375986167
2519073.093858984299004078,33333.912169009563513100,-25303.080242136660672259,-5154.168359868743209518
2519820.178617970086634159,34689.642129715743067209,-23508.790597507504571695,-4688.651982503349245235
2520086.810081417206674814,35148.776411971732159145,-22851.245358952863170998,-4519.069700769732662593
2520353.441544864326715469,35594.625717936243745498,-22185.063168593966111075,-4347.779245685419482470
2521100.526303850114345551,36771.691329300767392851,-20274.618410271297761938,-3859.290280729816913663
2522180.095059463288635015,38279.051995994130265899,-17409.221068180493602995,-3133.564487416988413315
2523378.325979613699018955,39674.188627448987972457,-14103.422842144638707396,-2305.544011959529598244
2524457.894735226873308420,40672.281100063351914287,-11032.152352553686796455,-1544.281625202803297725
2525204.979494212660938501,41215.853603096038568765,-8865.613543605410086457,-1011.587068059404373344
2525471.610957659780979156,41380.325903846169239841,-8085.681789130714605562,-820.661709668384787619
2525738.242421106435358524,41529.162447227485245094,-7302.694819875265238807,-629.426237079913562411
2526485.327180092222988605,41862.455743713770061731,-5095.067502776715627988,-92.561047512916616142
2527564.895935705397278070,42124.576680000332999043,-1879.986656561839481583,683.298841863628354076
2528763.126855855807662010,42110.129720007607829757,1701.254493665725021856,1539.279220461401337161
2529842.695611468981951475,41822.074358379046316259,4917.503361080041941023,2300.621486719436234125
2530589.780370454769581556,41470.985990973502339330,7126.585066932932022610,2819.428096763415396708
2530856.411833901889622211,41315.841848663068958558,7910.218541825031024928,3002.642643243751990667
2531123.043297349009662867,41145.089001890548388474,8690.863616937922415673,3184.722737699010394863
2531870.128056334797292948,40584.085186710100970231,10859.755536217802728061,3688.272552306201305328
2532949.696811947971582413,39561.330479255761019886,13935.341782061186677311,4396.216559245803182421
2534147.927732098381966352,38139.732348373225249816,17247.178557669449219247,5149.925394968027831055
2535227.496487711556255817,36609.527522770098585170,20119.118084380705113290,5795.520848818429840321
2535974.581246697343885899,35417.290067764275590889,22034.687530084385798546,6221.513358960459299851
2536241.212710144463926554,34966.163058551413996611,22702.814811198870302178,6369.144961685322414269
2536507.844173591118305922,34501.826568479715206195,23362.365446309529943392,6514.370256660239647317
2537254.928932576905936003,33131.939915549395664129,25162.590869341125653591,6908.001259046220184246
2538334.497688190080225468,30979.967139046348165721,27630.828650560313690221,7440.332124021838353656
2539532.728608340490609407,28367.513548066493967781,30169.464542646193876863,7977.107980803276404913
2540612.297363953664898872,25827.936633817007532343,32260.202321486020082375,8408.738409862151456764
2541359.382122939452528954,23975.897532690738444217,33590.842736131642595865,8677.104798832249798579
2541626.013586386572569609,23297.404384109144302784,34041.818264144982094876,8766.691456806833230075
2541892.645049833692610264,22610.108908423106186092,34479.931962802656926215,8852.965598849785237690
2542639.729808819480240345,20639.690798614858067594,35637.598563022969756275,9076.783235005332244327
2543719.298564432654529810,17685.791402978735277429,37122.931429118252708577,9352.493982336420231150
2544917.529484583064913750,14279.802376189538335893,38502.048592726670904085,9590.640591530196616077
2545997.098240196239203215,11117.093810000420489814,39493.373004319306346588,9742.599090386327588931
2546744.182999182026833296,8886.933522219107544515,40036.526463281275937334,9812.477380888827610761
2547010.814462629146873951,8084.269552358862711117,40201.692709298142290208,9830.376528865419459180
2547277.445926075801253319,7278.550378539667690347,40351.665943477390101179,9844.560307835929052089
2548024.530685061588883400,5007.301995987443660852,40690.494486382580362260,9864.472049332849564962
2549104.099440674763172865,1700.788446473260137282,40966.686900988192064688,9841.548987286165356636
2550302.330360825173556805,-1980.616163896626403584,40976.132428985059959814,9744.750375577539671212
2551381.899116438347846270,-5285.299823439549982140,40716.883355347963515669,9593.834485834679071559
2552128.983875424135476351,-7554.268999485719177756,40389.660713904093427118,9454.532348214386729524
2552395.615338871255517006,-8358.974769609216309618,40243.795574050440336578,9397.998515026727545774
2552662.246802318375557661,-9160.520422230707481503,40082.716237877313687932,9337.911497616782071418
2553409.331561304163187742,-11386.990240036622708431,39550.883908110517950263,9150.824002311817821465
2554488.900316917337477207,-14542.924806132987214369,38575.508042524874326773,8832.661122457840974675
2555687.131237067747861147,-17939.424102435263193911,37213.384868205313978251,8415.541541702055837959
2556766.699992680922150612,-20883.027415398064476904,35742.594642479336471297,7984.622842960303387372
2557513.784751666709780693,-22845.369669987234374275,34594.504399457357067149,7657.275777390196708438
2557780.416215113829821348,-23529.597494422083400423,34159.704091203369898722,7534.890234822802085546
2558047.047678560484200716,-24204.926483551898854785,33711.984669480567390565,7409.654804072768456535
2558794.132437546271830797,-26047.591694555922003929,32390.150533270112646278,7043.980761094058834715
2559873.701193159446120262,-28572.327475265268731164,30311.264729875991179142,6478.919528131220431533
2561071.932113309856504202,-31166.577891642689792207,27784.489358833125152159,5804.884571260220582190
2562151.500868923030793667,-33300.662235493822663557,25325.699249795918149175,5159.490211672753503080
2562898.585627908818423748,-34657.384411830447788816,23531.295078205155732576,4693.888435447713163740
2563165.217091355938464403,-35116.873094634524022695,22873.676748861584201222,4524.268686538132897113
2563431.848554803058505058,-35563.075758399849291891,22207.404457980712322751,4352.937111504593303835
2564178.933313788846135139,-36741.119537210041016806,20296.616790726588078542,3864.313713383008234814
2565258.502069402020424604,-38249.835700198767881375,17430.491407773028186057,3138.345186083005046385
2566456.732989552430808544,-39646.343727353545546066,14123.575861401153815677,2309.992848140931982925
2567536.301745165605098009,-40645.501500240767200012,11051.040584990065326565,1548.381630904673556870
2568283.386504151392728090,-41189.693327605949889403,8883.497306430203025229,1015.422068485703448459
2568550.017967598512768745,-41354.360360702681646217,8103.183781555422683596,824.398093670477692285
2568816.649431045167148113,-41503.376917937326652464,7319.803623416568370885,633.062103970453335933
2569563.734190030954778194,-41837.091850923156016506,5111.018557994902039354,95.906408572769237253
2570643.302945644129067659,-42099.589930226378783118,1894.140617143928466248,-680.390667618570887498
2571841.533865794539451599,-42085.212621036749624182,-1689.219287493328920391,-1536.868249022571944806
2572921.102621407713741064,-41796.885634231977746822,-4907.437349290214115172,-2298.656454064624085731
2573668.187380393501371145,-41445.417829213183722459,-7117.888005963746763882,-2817.763928723794379039
2573934.818843840621411800,-41290.100004563137190416,-7902.007455786408172571,-3001.083405564675103960
2574201.450307287741452456,-41119.153348397470836062,-8683.135894358219957212,-3183.266849362562425085
2574948.535066273529082537,-40557.499800635770952795,-10853.361617465148810879,-3687.096270184916647850
2576028.103821886703372002,-39533.533100576722063124,-13930.793658237635099795,-4395.411872109294563415
2577226.334742037113755941,-38110.228131070078234188,-17244.511169799174240325,-5149.475783028692603693
2578305.903497650288045406,-36578.184436488285427913,-20117.941435594955692068,-5795.327889111669719568
2579052.988256636075675488,-35384.523729861110041384,-22034.405065322593145538,-6221.457682618808576080
2579319.619720083195716143,-34932.861569088185206056,-22702.821172024741827045,-6369.129653391353713232
2579586.251183529850095510,-34467.976560742863512132,-23362.643767492627375759,-6514.390590841909215669
2580333.335942515637725592,-33096.487182782919262536,-25163.536807428150495980,-6908.095391056210246461
2581412.904698128812015057,-30942.051641183974425076,-27632.475966810121462913,-7440.461690453964365588
2582611.135618279222398996,-28326.714763222928013420,-30171.496466371136193629,-7977.173185653484324575
2583690.704373892396688461,-25784.462549065046914620,-32262.204279235280409921,-8408.649059351579126087
2584437.789132878184318542,-23930.559265185504045803,-33592.608339244026865344,-8676.854370621340422076
2584704.420596325304359198,-23251.402505864261911483,-34043.456364125479012728,-8766.372865546683897264
2584971.052059772424399853,-22563.445697338116588071,-34481.419829873411799781,-8852.573270517270429991
2585718.136818758212029934,-20591.194063984097738285,-35638.544766865852579940,-9076.154956537004181882
2586797.705574371386319399,-17634.727035954576422228,-37122.784597407713590655,-9351.450422667528982856
2587995.936494521796703339,-14226.062502619543010951,-38500.274196494698117021,-9589.039066537201506435
2589075.505250134970992804,-11061.158809059832492494,-39489.782496390631422400,-9740.415238090723505593
2589822.590009120758622885,-8829.626227389371706522,-40031.500950380686845165,-9809.851189496685037739
2590089.221472567878663540,-8026.505026918556723103,-40196.122344115799933206,-9827.585428580325242365
2590183.834752947092056274,-7740.774365770047552360,-40250.884695834443846252,-9832.984732346008968307
2590448.935273551382124424,-6938.254054438708408270,-40394.102752529106510337,-9845.616962009391500033
2590832.016625029500573874,-5774.072907515183032956,-40574.354881570354336873,-9857.363967163359120605
2591257.204847537912428379,-4476.688152855218504556,-40737.309873276142752729,-9861.386902725247637136
2591640.286199016030877829,-3304.061203909725008998,-40850.567897717875894159,-9856.886075125190473045
2591905.386719620320945978,-2491.012357420853277290,-40910.271468913866556250,-9849.263844339997376665
2592000.000000000000000000,-2200.597201976965152426,-40927.875583318651479203,-9845.651297463367882301
