Time (s), X (km), Y (km), Z (km)
0.000000000000000000,-23760.532622380000248086,-33715.879108560002350714,-8669.038042340000174590
533.262926894324664318,-22388.931636559966136701,-34597.608989199550705962,-8845.334220924460169044
2027.432444865269872025,-18372.121794052640325390,-36785.260815995075972751,-9267.210410005249286769
4186.569956092117536173,-12195.425596813551237574,-39169.339700042364711408,-9681.437024342056247406
6583.031796392570868193,-4993.040419733437374816,-40678.036110953675233759,-9860.221994740117224865
8742.169307619416940724,1632.776283246476623390,-40975.860105364299670327,-9763.825095650443472550
10236.338825590362830553,6204.181700296954659279,-40587.499255661459756084,-9555.205989213422071771
10769.601752484688404365,7820.665643057951456285,-40331.853380867920350283,-9453.122093863350528409
11302.864679379013978178,9425.318545983327567228,-40015.193723858195880894,-9336.736509547159585054
12797.034197349958049017,13837.833411466945108259,-38807.403873990464489907,-8936.042410805577674182
14956.171708576806850033,19910.769295085981866578,-36253.690386256072088145,-8171.241497245380742243
17352.633548877260182053,26068.268472209765604930,-32372.327906392089062138,-7086.586768670358651434
19511.771060104103526101,30940.747891081751731690,-28026.830316485084040323,-5923.382848137703149405
21005.940578075053053908,33871.010934751546301413,-24606.561653717464650981,-5030.743134889301472867
21539.203504969376808731,34821.217654471525747795,-23313.012818553921533749,-4697.145407967414939776
22072.466431863700563554,35718.786411832974408753,-21984.222537574310990749,-4356.446646547087766521
23566.635949834646453382,37942.109673881772323512,-18090.650119608955719741,-3368.437689900541499810
25725.773461061493435409,40354.504443355021066964,-12098.053953664990331163,-1873.346964359455796512
28122.235301361946767429,41861.883208560255297925,-5103.106539287746272748,-161.305102962215698881
30281.372812588793749455,42129.073257370422652457,1338.320282903334145885,1386.881630376266684834
31775.542330559736001305,41703.522748023104213644,5786.135326853341211972,2440.460472656517595169
32308.805257454063394107,41431.520193255084450357,7359.654472277974491590,2810.113310869543965964
32842.068184348390786909,41096.916335612935654353,8922.053490366261030431,3175.519870479180099210
34336.237702319333038758,39830.612757588438398670,13220.522937312509384356,4172.070206651443186274
36495.375213546183658764,37172.011575661679671612,19142.244415564964583609,5521.802745615023013670
38891.837053846633352805,33148.771252865095448215,25154.844869409273087513,6858.719694152087868133
41050.974565073483972810,28655.723702322204189841,29920.992506060098094167,7885.458933408039229107
42545.144083044426224660,25124.255455301507026888,32792.558725161608890630,8483.177525870703902910
43078.407009938753617462,23789.497298859758302569,33724.924608950772380922,8672.484597325539652957
43611.669936833081010263,22418.791145321887597675,34606.329188594543666113,8848.685814563104941044
45105.839454804023262113,18404.532662138681189390,36793.470281852605694439,9270.389045557451026980
47264.976966030873882119,12231.413118062338980963,39177.835096334682020824,9684.600114745509927161
49661.438806331323576160,5032.424765901067075902,40688.123606071065296419,9863.652237516713285004
51820.576317558174196165,-1591.199458518992287281,40988.273389896625303663,9767.686703450652203173
53314.745835529116448015,-6161.695737055419158423,40601.842726671136915684,9559.429535636338187032
53848.008762423443840817,-7777.986404640419095813,40346.921917343082895968,9457.480896479986768099
54381.271689317771233618,-9382.516843490077008028,40030.997093055855657440,9341.231608494872489246
55875.441207288713485468,-13795.067429778562654974,38825.268052450403047260,8940.913440879838162800
58034.578718515564105473,-19869.009627138613723218,36274.326875560829648748,8176.592921915624174289
60431.040558816013799515,-26028.779755049807135947,32395.366429165966110304,7092.299452852187641838
62590.178070042864419520,-30904.063574887004506309,28051.103391688582632923,5929.200107304534867581
64084.347588013806671370,-33836.502948028493847232,24631.061406203811202431,5036.489762820528994780
64617.610514908134064171,-34787.504348143687820993,23337.460313658244558610,4702.837311736391711747
65150.873441802454181015,-35685.867564837048121262,22008.546514278979884693,4362.068308769041323103
66645.042959773389156908,-37911.363654861954273656,18114.249701881111832336,3373.781763570527800766
68804.180471000247052871,-40326.542913314435281791,12119.665212185434938874,1878.096382224347962620
71200.642311300689470954,-41836.122200103178329300,5121.396068177414235834,165.183029377646676039
73359.779822527547366917,-42104.170428006887959782,-1323.728612846599844488,-1383.899095815370401397
74853.949340498482342809,-41678.481126501355902292,-5774.301101574155836715,-2438.109934326949769456
75387.212267392809735611,-41406.275918557825207245,-7348.814046765168313868,-2807.983541154531849315
75920.475194287151680328,-41071.388009974281885661,-8912.202019379765260965,-3173.605977866704051849
77414.644712258086656220,-39803.858599469349428546,-13213.363285724768502405,-4170.722639705714755110
79573.782223484944552183,-37142.422032128837599885,-19138.546233165096055018,-5521.122384786186557903
81970.244063785386970267,-33114.779240265816042665,-25153.987553529903379967,-6858.480951777990412666
84129.381575012230314314,-28616.967521426486200653,-29921.460662715773651144,-7885.280805835427599959
85623.551092983179842122,-25081.971440634588361718,-32793.145897188944218215,-8482.834215704033340444
86156.814019877507234924,-23745.940824371085909661,-33725.387504491096478887,-8672.040332992706680670
86690.076946771834627725,-22373.965994274374679662,-34606.579030287197383586,-8848.118616078254490276
88184.246464742769603617,-18356.231018722730368609,-36792.652818559763545636,-9269.362912886123012868
90343.383975969627499580,-12178.533678901760140434,-39174.301583495020167902,-9682.633328995783813298
92739.845816270069917664,-4975.527861166357979528,-40680.159759564041451085,-9860.323396009176576626
94898.983327496913261712,1650.390994460426554724,-40975.368828628103074152,-9762.936468067588066333
96393.152845467862789519,6221.611520139147614827,-40585.201726628045435064,-9553.643688790065425565
96926.415772362190182321,7837.979205524108692771,-40328.916726508563442621,-9451.323447917131488794
97459.678699256517575122,9442.489661498550049146,-40011.622398431885812897,-9334.704242003839681274
98953.848217227452551015,13854.467903669341467321,-38802.086116207377926912,-8933.373052772236405872
101112.985728454310446978,19926.281945435493980767,-36245.965845279271889012,-8167.709404960854044475
103509.447568754752865061,26082.088134526475187158,-32362.158457641045970377,-7082.200352379458308860
105668.585079981596209109,30952.680095285781135317,-28014.721623063003789866,-5918.340533674168909783
107162.754597952545736916,33881.461132781638298184,-24593.283808875283284578,-5025.319118412903662829
107696.017524846873129718,34831.107982525514671579,-23299.355181944338255562,-4691.600529299957088369
108229.280451741215074435,35728.101928099902579561,-21970.205760998647747329,-4350.789289520742386230
109723.449969712150050327,37949.742510123389365617,-18075.741549931059125811,-3362.511227667667753849
111882.587480939007946290,40359.551467015211528633,-12082.171319555645823129,-1867.156430899835640957
114279.049321239450364374,41863.917075609155290294,-5086.603404135939854314,-155.000889951696819935
116438.186832466308260337,42128.336812242159794550,1354.952408754246562239,1393.123867705343400303
117932.356350437243236229,41700.875783405230322387,5802.615752591789714643,2446.569214396674851741
118465.619277331570629030,41428.197810111552826129,7376.033296754467301071,2816.156767840664542746
118998.882204225898021832,41092.923557505753706209,8938.305966493262531003,3181.488910833744284901
120493.051722196832997724,39824.776927400285785552,13236.291352411522893817,4177.783108002627159294
122652.189233423690893687,37163.640211155405268073,19156.985208539063023636,5527.026874480627157027
125048.651073724133311771,33137.830505086094490252,25168.019783764473686460,6863.250720612315490143
127207.788584950991207734,28642.751181016923510469,29932.411539860200718977,7889.246680412587011233
128701.958102921926183626,25110.061932197248097509,32802.594440075961756520,8486.394868549807142699
129235.221029816253576428,23774.908042300623492338,33734.436916902297525667,8675.488763068411572021
129768.483956710580969229,22403.828197543549322290,34615.303710824344307184,8851.472262233814035426
131262.653474681515945122,18388.644746807556657586,36800.868374907804536633,9272.544100398534283158
133421.790985908359289169,12214.523630115883861436,39182.805298753213719465,9685.799655556053039618
135818.252826208830811083,5014.913333378684001218,40690.257659805516595952,9863.757503180733692716
137977.390337435674155131,-1608.814790385518790572,40987.793837482349772472,9766.802324584896268789
139471.559855406609131023,-6179.127588388168987876,40599.557447888088063337,9557.871627848770003766
140004.822782300936523825,-7795.302524147135045496,40343.997617824228655081,9455.686668809179536765
140538.085709195263916627,-9399.691047096399415750,40027.438182258374581579,9339.203771168489765842
142032.255227166198892519,-13811.706494460921021528,38819.962637172029644717,8938.248474231637374032
144191.392738393042236567,-19884.528847935376688838,36266.613968019941239618,8173.064987058010956389
146587.854578693513758481,-26042.607746831905387808,32385.207090620569942985,7087.916728540879375942
148746.992089920357102528,-30916.005070324561529560,28039.002942758481367491,5924.160941246601396415
150241.161607891292078421,-33846.962683978723362088,24617.790353086864342913,5031.068487887142509862
150774.424534785619471222,-34797.404213373461971059,23323.808935688201017911,4697.295029076381069899
151307.687461679975967854,-35695.192570012070063967,21994.535461454004689585,4356.413403941856813617
152801.856979650910943747,-37919.005592276742390823,18099.345379315851459978,3367.857369851944440597
154960.994490877754287794,-40331.597847736964467913,12103.784881407538705389,1871.907454068719289353
157357.456331178225809708,-41838.161904558248352259,5104.893586787732601806,158.880106887099202595
159516.593842405069153756,-42103.437466285824484657,-1340.360912772195206344,-1390.140090759298573175
161010.763360376004129648,-41675.835870241848169826,-5790.781839430284890113,-2444.217319599614711478
161544.026287270331522450,-41402.954600354220019653,-7365.193141052797727752,-2814.025570876348865568
162077.289214164658915251,-41067.395654555031796917,-8928.454674109822008177,-3179.573504439391399501
163571.458732135593891144,-39798.021432907691632863,-13229.131364358043356333,-4176.433702874769551272
165730.596243362437235191,-37134.047037552205438260,-19153.285297650472784881,-5526.344009393702435773
168127.058083662908757105,-33103.832922853318450507,-25167.158417453014408238,-6863.008513754736668488
170286.195594889752101153,-28603.988443490990903229,-29932.873043605552084045,-7889.064097420031430374
171780.365112860687077045,-25067.771173531822569203,-32803.172997026922530495,-8486.046391703623157809
172313.628039755014469847,-23731.344860818058805307,-33734.890483938681427389,-8675.039079731421225006
172846.890966649341862649,-22358.996431887895596446,-34615.543509988274308853,-8850.899395379748966661
174341.060484620276838541,-18340.337041368227801286,-36800.038899243008927442,-9271.511627825806499459
176500.197995847120182589,-12161.639661358993180329,-39179.257149334000132512,-9683.825676917811506428
178896.659836147591704503,-4958.014486053624750639,-40682.276834865486307535,-9860.420768049729304039
181055.797347374435048550,1668.005343906302414325,-40974.870919761066033971,-9762.043851158343386487
182549.966865345370024443,6239.040166378941648873,-40582.897620963427470997,-9552.077484633646236034
183083.229792239697417244,7855.291307542776849004,-40325.973534284705237951,-9449.520940072166922619
183616.492719134024810046,9459.659031940669592586,-40008.044583796858205460,-9332.668160237812116975
185110.662237104959785938,13871.099868771281762747,-38796.762057527579599991,-8930.700044565201096702
187269.799748331803129986,19941.790994079503434477,-36238.235406758671160787,-8164.173975423950651020
189666.261588632274651900,26095.903108015507314121,-32351.983729266488808207,-7077.811042410464324348
191825.399099859117995948,30964.606752802654227708,-28002.608345007160096429,-5913.295801069371009362
193319.568617830052971840,33891.905269714457972441,-24580.001927828132465947,-5019.893048643428301148
193852.831544724380364642,34840.992083012912189588,-23285.693716792276973138,-4686.053733676580122847
194386.094471618707757443,35737.411059749138075858,-21956.185369322851329343,-4345.130154770668013953
195880.263989589642733335,37957.368573826279316563,-18060.829991206708655227,-3356.583391440380637505
198039.401500816486077383,40364.591300446678360458,-12066.286661532545622322,-1860.965134292646325775
200435.863341116957599297,41865.943497324798954651,-5070.099373687342449557,-148.696613165343933360
202595.000852343800943345,42127.592885956983081996,1371.584388816241926179,1399.365536465312061409
204089.170370314735919237,41698.221421239504707046,5819.095312689061756828,2452.676957287282220932
204622.433297209063312039,41424.868080568427103572,7392.411000727646751329,2822.199075004864425864
205155.696224103419808671,41088.923495244569494389,8954.557068950392931583,3187.456652162373757164
206649.865742074354784563,39818.934045708891062532,13252.057696758971360396,4183.494303393704285554
208809.003253301198128611,37155.262277990790607873,19171.722968913170916494,5532.248746283979016880
211205.465093601669650525,33126.883914019410440233,25181.190686670004652115,6867.778944205746483931
213364.602604828512994573,28629.773623007899004733,29943.825784048265632009,7893.031205434253934072
214858.772122799447970465,25095.864004800063412404,32812.624895117798587307,8489.608745290399383521
215392.035049693775363266,23760.314620206205290742,33743.943811966986686457,8678.489385615826904541
215925.297976588102756068,22388.861329284820385510,34624.272675327592878602,8854.255094805219414411
217419.467494559037731960,18372.753627980513556395,36808.260549763901508413,9274.695368078526371391
219578.605005785881076008,12197.632039568932668772,39187.769186878664186224,9686.995240281014048378
221975.066846086352597922,4997.401079955152454204,40692.385142663588339929,9863.858739906430855626
224134.204357313195941970,-1626.429765701049745985,40987.307654233081848361,9765.913956226284426521
225628.373875284130917862,-6196.558271667835469998,40597.265592863994243089,9556.309815802356752101
226161.636802178458310664,-7812.617188817838723480,40341.066780494809790980,9453.888578581920228316
226694.899729072785703465,-9416.863511272931646090,40023.872781966638285667,9337.172118829452301725
228189.069247043720679358,-13828.343037613502019667,38814.650919762250850908,8935.579856256194034358
230348.206758270564023405,-19900.044472085166489705,36258.895160415755526628,8169.533713322587573202
232744.668598571035545319,-26056.431053781812806847,32375.042468777777685318,7083.531108540341847402
234903.806109797878889367,-30927.941021782200550660,28026.897904850782651920,5919.119354863114494947
236397.975627768813865259,-33857.416360539005836472,24604.515259207404596964,5025.645157469176410814
236931.238554663141258061,-34807.297852377247181721,23310.153724595067615155,4691.750827289692097111
237464.501481557468650863,-35704.511191541918378789,21980.520788953850569669,4350.756719253248775203
238958.670999528403626755,-37926.640757108478283044,18084.438063296613108832,3361.931600158243327314
241117.808510755246970803,-40336.645590542095305864,12087.902522932668944122,1865.717761168081779033
243514.270351055718492717,-41840.194161134255409706,5088.390207474563794676,152.577119626147521103
245673.407862282561836764,-42102.697020254010567442,-1356.993068184736330295,-1396.380517482508366811
247167.577380253496812657,-41673.183213146723574027,-5807.261711885350450757,-2450.323705901516404992
247700.840307147824205458,-41399.625932475835725199,-7381.571114698558631062,-2820.066450503189116716
248234.103234042151598260,-41063.396011751465266570,-8944.705954651670253952,-3185.539731533344820491
249728.272752013086574152,-39792.177211909125617240,-13244.897370671691533062,-4182.143059189596897340
251887.410263239929918200,-37125.665472239030350465,-19168.021326571459212573,-5531.563375496816661325
254283.872103540401440114,-33092.880761536609497853,-25180.325265732946718344,-6867.533271004146627092
256443.009614767244784161,-28591.004329888768552337,-29944.280629999200755265,-7892.844165006235925830
257937.179132738179760054,-25053.566504424314189237,-32813.194831906388571952,-8489.255099780761156580
258470.442059632507152855,-23716.744734473362768767,-33744.388045399668044411,-8678.034281330428711954
259003.704986526834545657,-22344.022952220617298735,-34624.502426880513667129,-8853.676557692315327586
260497.874504497769521549,-18324.439864975742239039,-36807.419056860118871555,-9273.656553945977066178
262657.012015724612865597,-12144.743547349195068819,-39184.206396742047218140,-9685.014067620651985635
265053.473856025084387511,-4940.500297664459139924,-40684.387336471714661457,-9860.514110821744907298
267212.611367251898627728,1685.619328305483350050,-40974.366378775652265176,-9761.147245287236728473
268706.780885222891811281,6256.467635779144075059,-40580.586938956374069676,-9550.507377383901257417
269240.043812117190100253,7872.601945900715691096,-40323.023804583077435382,-9447.714571064747360651
269773.306739011488389224,9476.826654125259665307,-40004.460280437211622484,-9330.628265080813434906
271267.476256982481572777,13887.729303694924965384,-38791.431698703512665816,-8928.023387276431094506
273426.613768209295812994,19957.296438158053206280,-36230.499071817932417616,-8160.635210078961790714
275823.075608509767334908,26109.713390141059790039,-32341.803722771252068924,-7073.418840556519171514
277982.213119736581575125,30976.527861455128004309,-27990.490484122969064629,-5908.248652384195338527
279476.382637707574758679,33902.343343653177726083,-24566.716012564829725306,-5014.464927797466771153
280009.645564601873047650,34850.869954142508504447,-23272.028425146545487223,-4680.505023363199143205
280542.908491496171336621,35746.713805097817385104,-21942.161364652532938635,-4339.469244608647386485
282037.078009467164520174,37964.987863624250167049,-18045.915445683371217456,-3350.654183640171595471
284196.215520693978760391,40369.623942768172128126,-12050.399982000855743536,-1854.773077066961832315
286592.677360994450282305,41867.962473389023216441,-5053.594450452654200490,-142.392275178405554925
288751.814872221264522523,42126.841478712885873392,1388.216220549133595341,1405.606634106518868066
290245.984390192257706076,41695.559662078965629917,5835.574004621454150765,2458.783698833426115016
290779.247317086555995047,41421.531005304088466801,7408.787581686814519344,2828.240229893937794259
291312.510243980912491679,41084.916149632161250338,8970.806795243650412885,3193.423092027280745242
292806.679761951905675232,39813.084113658245769329,13267.821967928239246248,4189.203790491701511201
294965.817273178719915450,37146.877777779998723418,19186.457694408334646141,5537.468358891961543122
297362.279113479191437364,33115.931481749896192923,25194.357576076341501903,6872.304363082528652740
299521.416624706005677581,28616.791030751825019252,29955.235236835284013068,7896.812506926929927431
301015.586142676998861134,25081.661675788815045962,32822.650088704795052763,8492.819154779463133309
301548.849069571297150105,23745.717035327241319465,33753.445292640855768695,8681.486463741859552101
302082.111996465595439076,22373.890543364159384510,34633.236080680951999966,8857.034311140339923440
303576.281514436588622630,18356.859308642429823522,36815.646805234740895685,9276.842847718415214331
305735.419025663402862847,12180.738349584249590407,39192.726759891564142890,9688.186868431745097041
308131.880865963874384761,4979.888008898859879992,40694.506054256249626633,9863.955947652222675970
310291.018377190688624978,-1644.044381187012731971,40986.814840158200240694,9765.021598737535896362
311785.187895161681808531,-6213.987783656562896795,40594.967161884429515339,9554.744100134974360117
312318.450822055980097502,-7829.930395438404957531,40338.129405738349305466,9452.086626532638547360
312851.713748950278386474,-9434.034232834139402257,40020.300892661529360339,9335.136652307632175507
314345.883266921271570027,-13844.977056156756589189,38809.332900970468472224,8932.907588043664873112
316505.020778148085810244,-19915.556496725374017842,36251.170453869322955143,8165.999102152090927120
318901.482618448557332158,-26070.249673360613087425,32364.872565138310164912,7079.142594642524272786
321060.620129675371572375,-30939.871427079167915508,28014.788279769571090583,5914.075350214220634371
322554.789647646364755929,-33867.863975808882969432,24591.236126553594658617,5020.219773782833726727
323088.052574540663044900,-34817.185263360210228711,23296.494682427201041719,4686.204708641971592442
323621.315501434961333871,-35713.823427740244369488,21966.502498883754014969,4345.098257014821683697
325115.485019405954517424,-37934.269147987564792857,18069.527756071052863263,3356.004456911047782341
327274.622530632768757641,-40341.686140845522459131,12072.018139167115805321,1859.527306052070798614
329671.084370933240279555,-41842.218969510795432143,5071.885932750093161303,146.274070170826405501
331830.221882160054519773,-42101.949090108020754997,-1373.625076542033639271,-1402.620373434413977520
333324.391400131047703326,-41670.523155768249125686,-5823.740716413564769027,-2456.429090736845409992
333857.654327025345992297,-41396.289915600536915008,-7397.947965189661772456,-2826.106177565983216482
334390.917253919644281268,-41059.389082366011280101,-8960.955858509289100766,-3191.504656709962091554
335885.086771890637464821,-39786.325937617941235658,-13260.661302237229392631,-4187.850706316591640643
338044.224283117451705039,-37117.277337802624970209,-19182.754317647493735421,-5536.780480962142064527
340440.686123417923226953,-33081.922758402099134400,-25193.488096319480973762,-6872.055221676722794655
342599.823634644737467170,-28578.015183078397967620,-29955.683420107689016731,-7896.621007048882347590
344093.993152615730650723,-25039.357435992838873062,-32823.211400245549157262,-8492.460338623819552595
344627.256079510028939694,-23702.140448089601704851,-33753.880187370887142606,-8681.025936565336451167
345160.519006404327228665,-22329.045558092791907256,-34633.455779541603988037,-8856.450101880660440656
346654.688524375320412219,-18308.539492531617725035,-36814.793290226538374554,-9275.797690369739939342
348813.826035602134652436,-12127.845340035961271496,-39189.149324901984073222,-9686.198500618296748144
351210.287875902606174350,-4922.985299267029404291,-40686.491263996591442265,-9860.603424286680819932
353369.425387129420414567,1703.232944380996514155,-40973.855205684390966780,-9760.246650820197828580
354863.594905100413598120,6273.893925103740912164,-40578.269680895631609019,-9548.933367681953313877
355396.857831994711887091,7889.911117386178375455,-40320.067537790331698488,-9445.904341632514842786
355930.120758889010176063,9493.992524869690896594,-40000.869488836884556804,-9328.584557365869841306
357424.290276860003359616,13904.356205363881599624,-38786.095040487540245522,-8925.343081999119021930
359583.427788086817599833,19972.798274812921590637,-36222.756841580390755553,-8157.093110371233706246
361979.889628387289121747,26123.518978369425894925,-32331.618439657344424631,-7069.023748611549308407
364139.027139614103361964,30988.443419068276853068,-27978.368042214598972350,-5903.199089680028919247
365633.196657585096545517,33912.775352702847158071,-24553.426065073264908278,-5009.034758092065203527
366166.459584479394834489,34860.741594125051051378,-23258.359309054740151623,-4674.954400626068490965
366699.722511373693123460,35756.010162465121538844,-21928.133749091917707119,-4333.806561346719718131
368193.892029344686307013,37972.600378152754274197,-18030.997915607400500448,-3344.723606688706695422
370353.029540571500547230,40374.649393100036832038,-12034.511283364321570843,-1848.580261751732678022
372749.491380871972069144,41869.974003485156572424,-5037.088636940633477934,-136.087878565631513084
374908.628892098786309361,42126.082590709011128638,1404.847901414944999487,1411.847158080088775023
376402.798410069779492915,41692.890506477619055659,5852.051825867074512644,2464.889436541024224425
376936.061336964077781886,41418.186584997776662931,7425.163037123366848391,2834.280230040626065602
377469.324263858376070857,41080.901521472012973391,8987.055142881252322695,3199.388227991697021935
378963.493781829369254410,39807.227132393003557809,13283.584163494520907989,4194.911566964701705729
381122.631293056183494627,37138.486712135490961373,19201.189382747572381049,5542.685710172720973787
383519.093133356655016541,33104.973210362077225000,25207.520449936178920325,6876.826975394283181231
385678.230644583469256759,28603.803406704559165519,29966.639896434455295093,7900.590583346106541285
387172.400162554462440312,25067.454947841652028728,32832.670019256416708231,8496.026095705563420779
387705.663089448760729283,23731.115290413406910375,33762.941357421877910383,8684.479996222215049784
388238.926016343059018254,22358.915842598606104730,34642.193925463107007090,8859.809910103866059217
389733.095534314052201807,18340.961791776913742069,36823.027140135818626732,9278.986538440851290943
391892.233045540866442025,12163.842563322721616714,39197.678016974030470010,9689.374539521277256426
394288.694885841337963939,4962.374123476055501669,40696.620394195786502678,9864.049126378125947667
396447.832397068152204156,-1661.658633567499464334,40986.315395268138672691,9764.125252482883297489
397942.001915039145387709,-6231.416121118776572985,40592.662155235870159231,9553.174481485944852466
398475.264841933443676680,-7847.242140797279716935,40335.185493939199659508,9450.280813397150268429
399008.527768827741965652,-9451.203208597349657794,40016.722514824679819867,9333.097372434236604022
400502.697286798735149205,-13861.608547013573115692,38804.008581546702771448,8930.231670685476274230
402661.834798025549389422,-19931.064918996184132993,36243.439849501912249252,8162.461154990311115398
405058.296638326020911336,-26084.063603032136597903,32354.697381202800897881,7074.751188640210784797
407217.434149552835151553,-30951.796284037645818898,28002.674069318425608799,5909.028929360629263101
408711.603667523828335106,-33878.305527890392113477,24577.952957113309821580,5014.792339044838627160
409244.866594418126624078,-34827.066444530064472929,23282.831811232412292156,4680.656675399281084538
409778.129521312483120710,-35723.129276923231373075,21952.480593348278489430,4339.438019538521984941
411272.299039283476304263,-37941.890763546689413488,18054.614459886477561668,3350.075942532281715103
413431.436550510290544480,-40346.719497765348933171,12056.131732516365445917,1853.336091250326262525
415827.898390810762066394,-41844.236329369821760338,5055.380765125687503314,139.970961096947291935
417987.035902037576306611,-42101.193676046656037215,-1390.256935303076943455,-1408.859656064949831489
419481.205420008569490165,-41667.855698660823691171,-5840.218850489848591678,-2462.533471610339802282
420014.468346902867779136,-41392.946550408203620464,-7414.323690014291059924,-2832.144749596319343254
420547.731273797166068107,-41055.374867203026951756,-8977.204383187932762667,-3197.468277531422245374
422041.900791768159251660,-39780.467611180363746826,-13276.423156626966374461,-4193.556641922949893342
424201.038302994973491877,-37108.882635858055436984,-19197.484268599135248223,-5541.995323657339213241
426597.500143295445013791,-33070.958915537958091591,-25206.646907163492869586,-6876.574363924200952169
428756.637654522259254009,-28565.021005519942264073,-29967.081412143317720620,-7900.394622004236225621
430250.807172493252437562,-25025.143970919954881538,-32833.222700463658838999,-8495.662106922620296245
430784.070099387550726533,-23687.532004420889279572,-33763.366908350290032104,-8684.014044213277884410
431317.333026281849015504,-22314.064252325919369468,-34642.403566550477989949,-8859.220026811066418304
432811.502544252842199057,-18292.635927023853582796,-36822.161598158760170918,-9277.935036221786504029
434970.640055479656439275,-12110.945042584151451592,-39194.085932997928466648,-9687.378975426423494355
437367.101895780127961189,-4905.469494130732527992,-40688.588617055313079618,-9860.688708407735248329
439526.239407006942201406,1720.846188854548245217,-40973.337400501259253360,-9759.342068124933575746
441020.408924977935384959,6291.319031116105179535,-40575.945847071488969959,-9547.355456170655088499
441553.671851872233673930,7907.218818786605879723,-40317.104734294698573649,-9444.090252514841267839
442086.934778766531962901,9511.156640990333471564,-39997.272209481474419590,-9326.537037927762867184
443581.104296737525146455,13920.980570701460237615,-38780.752083633502479643,-8922.659129828110962990
445740.241807964339386672,19988.296501185624947539,-36215.008717170974705368,-8153.547677747698799067
448136.703648264810908586,26137.319870166895270813,-32321.427881428517139284,-7064.625768370929108642
450295.841159491625148803,31000.353423467291577253,-27966.241021088171692099,-5898.147115019584816764
451790.010677462618332356,33923.201294969221635256,-24540.132087342823069775,-5003.602541745352937141
452323.273604356916621327,34870.607001171971205622,-23244.686370566170808161,-4669.401867732530263311
452856.536531251214910299,35765.300130170769989491,-21914.102524747137067607,-4328.142107298018345318
454350.706049222208093852,37980.206116048320836853,-18016.077403226561727934,-3338.791663008480099961
456509.843560449022334069,40379.667650563780625816,-12018.620568028229172342,-1842.386690876546481377
458906.305400749493855983,41871.978087297895399388,-5020.581935661561146844,-129.783425902148223940
461065.442911976308096200,42125.316222146102518309,1421.479428874092718615,1418.087105836988939700
462559.612429947301279753,41690.213954991115315352,5868.528773903045475890,2470.994167916147034703
463092.875356841599568725,41414.834820330477668904,7441.537364527495810762,2840.319072977831183380
463626.138283735897857696,41076.879611569282133132,9003.302109370677499101,3205.352057619182232884
465120.307801706891041249,39801.363103059287823271,13299.344281032867002068,4200.617630481413470989
467279.445312933705281466,37130.089082671162032057,19215.918031653713114792,5547.900797995233006077
469675.907153234176803380,33094.009101941875996999,25220.679306202087900601,6881.346779293700819835
471835.044664460991043597,28590.810753323396056658,29978.039761058877047617,7904.365433148504052951
473329.214182431984227151,25053.243823637643799884,32842.684685192492906936,8499.229566758680448402
473862.477109326282516122,23716.509388215494254837,33772.432004808229976334,8687.469981834012287436
474395.740036220580805093,22343.937229806550021749,34651.146208252888754942,8862.581890561910768156
475889.909554191573988646,18325.061080368341208668,36830.401553283161774743,9281.126439370022126241
478049.047065418388228863,12146.944683946008808562,39202.622957308660261333,9690.558253064231394092
480445.508905718859750777,4944.859426953496949864,40698.728162095045263413,9864.138276045807288028
482604.646416945673990995,-1679.272519566100754673,40985.809319573920220137,9763.224917828203615500
484098.815934916667174548,-6248.843280819118263025,40590.350573205389082432,9551.600960496198240435
484632.078861810965463519,-7864.552421682932617841,40332.235045482280838769,9448.471139912893704604
485165.341788705263752490,-9468.370435379718401236,40013.137648938325583003,9331.054280042097161640
486659.511306676256936044,-13878.237507107365672709,38798.677962241468776483,8927.552105274562563864
488818.648817903071176261,-19946.569736038291011937,36235.703348435316001996,8158.919873282454318542
491215.110658203542698175,-26097.872840260974044213,32344.516918472359975567,7070.356892327423338429
493374.248169430356938392,-30963.715590480547689367,27990.555275301449000835,5903.980094364137585217
494868.417687401350121945,-33888.741014886800257955,24564.665752874454483390,5009.362855472722003469
495401.680614295648410916,-34836.941394095709256362,23269.165113058719725814,4675.106729828478819400
495934.943541189946699888,-35732.428737407833978068,21938.455074452907865634,4333.776009137227447354
497429.113059160939883441,-37949.505602419580100104,18039.698176990597858094,3344.146059444506136060
499588.250570387754123658,-40351.745660420667263679,12040.243305386433348758,1847.144119292913501340
501984.712410688225645572,-41846.246240394262713380,5038.874707113055592345,133.667794980434393892
504143.849921915039885789,-42100.430778269721486140,-1406.888641926446325670,-1415.098362824154264672
505638.019439886033069342,-41665.180842379828391131,-5856.696111589348220150,-2468.636846027153296745
506171.282366780331358314,-41389.595837579778162763,-7430.698286660651319835,-2838.182164126209045207
506704.545293674629647285,-41051.353367067960789427,-8993.451526192666278803,-3203.430591560330412904
508198.714811645622830838,-39774.602233743549732026,-13292.182931413644837448,-4199.260863676589906390
510357.852322872437071055,-37100.481368021151865833,-19212.211177147251873976,-5547.207901450972713064
512754.314163172908592969,-33059.989235032815486193,-25219.801696216316486243,-6881.090695899449201534
514913.451674399722833186,-28552.021799673781060847,-29978.474604318740603048,-7904.165008329831834999
516407.621192370716016740,-25010.926111887900333386,-32843.228730980736145284,-8498.860403368409606628
516940.884119265014305711,-23672.919406221179087879,-33772.848206836439203471,-8686.998603052814360126
517474.147046159312594682,-22299.079037741492356872,-34651.345786486577708274,-8861.986331351259650546
518968.316564130305778235,-18276.729171439732454019,-36829.523979474026418757,-9280.068590628374295193
521127.454075357120018452,-12094.042658157757614390,-39199.016220214580243919,-9688.555491562296083430
523523.915915657591540366,-4887.952885523683107749,-40690.679395263614424039,-9860.769963149683462689
525683.053426884463988245,1738.459058449708891203,-40972.812963240583485458,-9758.433497570644249208
527177.222944855340756476,6308.742950581138757116,-40573.615437774489691947,-9545.773643494321731851
527710.485871749697253108,7924.525046891283636796,-40314.135394484583230224,-9442.272304452517346363
528243.748798644053749740,9528.318999305709439795,-39993.668442856629553717,-9324.485707602625552681
529737.918316614930517972,13937.602396632732052240,-38775.402828895392303821,-8919.971531859564493061
531897.055827841861173511,20003.791114420029771281,-36207.254699714401795063,-8149.998913656366312352
534293.517668142216280103,26151.116063001900329255,-32311.232049588219524594,-7060.224901630938802555
536452.655179369146935642,31012.257872479833167745,-27954.109422548935981467,-5893.092730466172724846
537946.824697340023703873,33933.621168560159276240,-24526.834081362307188101,-4998.168280975984089309
538480.087624234380200505,34880.466173496897681616,-23231.009611729288735660,-4663.847426950331282569
539013.350551128736697137,35774.583706536926911213,-21900.067693723198317457,-4322.475884775949452887
540507.520069099613465369,37987.805075949501770083,-18001.153910787801578408,-3332.858355022199248197
542666.657580326544120908,40384.678714283065346535,-12002.727838396414881572,-1836.192366970847615448
545063.119420626899227500,41873.974724513740511611,-5004.074349124406580813,-123.478919762735699805
547222.256931853829883039,42124.542373226482595783,1438.110800388872121403,1424.326474828879781853
548716.426449824706651270,41687.530008176589035429,5885.004846207924856571,2477.097890465595810383
549249.689376719063147902,41411.475711984458030201,7457.910561391113333229,2846.356756239300921152
549782.952303613419644535,41072.850420730428595562,9019.547692220809040009,3211.314578474115478457
551277.121821584296412766,39795.492026804575289134,13315.102318119303163257,4206.321978711393967387
553436.259332811227068305,37121.684891001961659640,19230.643638851011928637,5553.113620229602929612
555832.721173111582174897,33083.039158576277259272,25233.834142827854520874,6885.863772934722874197
557991.858684338512830436,28577.813073066179640591,29989.434828923185705207,7908.137054792313392682
559486.028202309389598668,25039.028305856692895759,32852.694084934038983192,8502.429566630276895012
560019.291129203746095300,23701.899331484855792951,33781.917233299405779690,8690.456419355907200952
560552.554056098102591932,22328.954707806606165832,34660.092927630546910223,8865.350251382169517456
562046.723574068979360163,18309.157177401644730708,36837.770043493917910382,9283.262549631715955911
564205.861085295910015702,12130.044714615743941977,39207.561580079396662768,9691.738008576930951676
566602.322925596265122294,4927.343922598039171135,40700.829357568123668898,9864.223396618641345412
568761.460436823195777833,-1696.886035906929464545,40985.296613087877631187,9762.320595141052763211
570255.629954794072546065,-6266.269259522350694169,40588.032416081405244768,9550.023537808310720720
570788.892881688429042697,-7881.861234884268014866,40329.278060753887984902,9446.657606818916974589
571322.155808582785539329,-9485.535909999134673853,40009.546295486034068745,9329.007375965617029578
572816.325326553662307560,-13894.863933361901217722,38793.341043806693051010,8924.868892905416942085
574975.462837780592963099,-19962.070944993334705941,36227.960951792592823040,8155.375258475100054056
577371.924678080948069692,-26111.677382512552867411,32334.331178449490835192,7065.959707499435353384
579531.062189307878725231,-30975.629344232136645587,27978.431899523817264708,5898.928847287528697052
581025.231707278755493462,-33899.170434902458509896,24551.374515826366405236,5003.931325284977901902
581558.494634173111990094,-34846.810110267273557838,23255.494589955353148980,4669.554874197286153503
582091.757561067584902048,-35741.721807513145904522,21924.425944302918651374,4328.112228124258763273
583585.927079038461670280,-37957.113663241922040470,18024.778909631226269994,3338.214810070676321629
585745.064590265392325819,-40356.764627932614530437,12024.352860182851145510,1840.951392709947413096
588141.526430565747432411,-41848.248702268974739127,5022.367761223597881326,127.364574397067144673
590300.663941792678087950,-42099.660396978833887260,-1423.520193871581795975,-1421.336491162563106627
591794.833459763554856181,-41662.498587482397852000,-5873.172497187632870919,-2474.739211492983486096
592328.096386657911352813,-41386.237777797861781437,-7447.071752617643142003,-2844.218418688325982657
592861.359313552267849445,-41047.324582767847459763,-9009.697285029527847655,-3209.391596360074800032
594355.528831523144617677,-39768.729806456241931301,-13307.940624170543742366,-4204.963369246255751932
596514.666342750075273216,-37092.073535909054044168,-19226.935041013774025487,-5552.418212212731305044
598911.128183050430379808,-33049.013718976588279475,-25232.952461430119001307,-6885.604215756595294806
601070.265694277361035347,-28539.017568001141626155,-29989.862994847859226866,-7907.932164484678651206
602564.435212248237803578,-24996.703861580041120760,-32853.229490217723650858,-8502.055226653950740001
603097.698139142594300210,-23658.302656245279649738,-33782.324081329083128367,-8689.979611864064281690
603630.961066036950796843,-22284.089917161585617578,-34660.282437930618471000,-8864.749014370556324138
605125.130584007827565074,-18260.819228767453751061,-36836.880432990648841951,-9282.198352717359739472
607284.268095234758220613,-12077.138189921131925075,-39203.940185737890715245,-9689.728048544877310633
609680.729935535113327205,-4870.435476714525975694,-40692.763598238401755225,-9860.847188479010583251
611839.867446762043982744,1756.071549889348943907,-40972.281893918006971944,-9757.520939528267263086
613334.036964732920750976,6326.165680264247384912,-40571.278453296406951267,-9544.187930298905484960
613867.299891627277247608,7941.829798489523454919,-40311.159518749693233985,-9440.450498187987250276
614400.562818521633744240,9545.479596633904293412,-39990.058189449453493580,-9322.430567228275322122
615894.732336492510512471,13954.221680083515821025,-38770.047277028308599256,-8917.280289191168776597
618053.869847719441168010,20019.282111659947986482,-36199.494790336917503737,-8146.446819546787992294
620450.331688019796274602,26164.907554343917581718,-32301.030945640879508574,-7055.821150189072795911
622609.469199246726930141,31024.156763934028276708,-27941.973248403857724043,-5888.035938084321969654
624103.638717217603698373,33944.034971584776940290,-24513.532049121371528599,-4992.731978003492258722
624636.901644111960195005,34890.319109314477827866,-23217.329034593803953612,-4658.291080548158788588
625170.164571006316691637,35783.860889886418590322,-21886.029258126785862260,-4316.807896094923307828
626664.334088977193459868,37995.397256496202317066,-17986.227440538819791982,-3326.923685153180940688
628823.471600204124115407,40389.682583382556913421,-11986.833096874408511212,-1829.997292564685494654
631219.933440504479222000,41875.963914820640638936,-4987.565879838712135097,-117.174362722251373725
633379.070951731409877539,42123.761044153980037663,1454.742013420092689557,1430.565262507356464994
634873.240469702286645770,41684.838666592557274271,5901.480040259925772261,2483.200601696529247420
635406.503396596643142402,41408.109260643592278939,7474.282625205303702387,2852.393277359085459466
635939.766323490999639034,41068.813949763622076716,9035.791888939389536972,3217.275788121163714095
637433.935841461876407266,39789.613904777754214592,13330.858272329825922498,4212.024609324898847262
639593.073352688807062805,37113.274138744593074080,19245.366202062934462447,5558.324174746661810786
641989.535192989162169397,33072.063382353204360697,25246.984957767519517802,6890.377954472441160760
644148.672704216092824936,28564.810368392267264426,30000.825098241675732424,7911.905446736876001523
645642.842222186969593167,25024.808397179203893756,32862.698216902535932604,8505.626094013216061285
646176.105149081326089799,23687.285122973713441752,33791.397041395175619982,8693.439307567939977162
646709.368075975682586432,22313.968279418688325677,34669.034082176367519423,8868.114991433700197376
648203.537593946559354663,18293.250085861924162600,36845.132609585867612623,9285.394868353252604720
650362.675105173490010202,12113.142658494376519229,39212.493884470437478740,9692.913805577223683940
652759.136945473845116794,4909.827613675974134821,40702.923980229672451969,9864.304488061576194013
654918.274456700775772333,-1714.499179313916783940,40984.777275822780211456,9761.412284790543708368
656412.443974671652540565,-6283.694053994326168322,40585.707684152599540539,9548.442214066328233457
656945.706901566009037197,-7899.168577190817813971,40326.314540140600001905,9444.840214855739759514
657478.969828460365533829,-9502.699629273676691810,40005.948454951721942052,9326.956661040680046426
658973.139346431242302060,-13911.487822702336416114,38787.997826994389470201,8922.182034673838643357
661132.276857658172957599,-19977.568543003624654375,36220.212660697121464182,8151.827312016117502935
663528.738697958528064191,-26125.477227254068566253,32324.140162636304012267,7061.559635952439748507
665687.876209185458719730,-30987.537543117792665726,27966.303943790841003647,5893.875190194476999750
667182.045727156335487962,-33909.593786043580621481,24538.079247957604820840,4998.497750700616052200
667715.308654050691984594,-34856.672591256472514942,23241.820243971142190276,4664.001110773982873070
668248.571580945048481226,-35751.008485558428219520,21910.393205005333584268,4322.446678814004371816
669742.741098915925249457,-37964.714944650222605560,18009.856660057030239841,3332.282196834428305010
671901.878610142855904996,-40361.776399423084512819,12008.460399312947629369,1834.757914032220014633
674298.340450443211011589,-41850.243714679985714611,5005.859929969385120785,121.061301922770326200
676457.477961670141667128,-42098.882532376926974393,-1440.151588596350165972,-1427.574038530578945938
677951.647479641018435359,-41659.808934526954544708,-5889.648004759850664414,-2480.840565513817637111
678484.910406535374931991,-41382.872371746423596051,-7463.444085373283087392,-2850.253510815575737070
679018.173333429731428623,-41043.288515111213200726,-9025.941657203211434535,-3215.351289494215052400
680512.342851400608196855,-39762.850330468441825360,-13323.696232470727409236,-4210.664156301261755289
682671.480362627538852394,-37083.659141140575229656,-19241.655857919631671393,-5557.626253812906725216
685067.942202927893958986,-33038.032369460270274431,-25246.099200757191283628,-6890.114921650808355480
687227.079714154824614525,-28526.008312964946526336,-30001.246581944084027782,-7911.696088928861172462
688721.249232125701382756,-24982.477222680550767109,-32863.224976595876796637,-8505.246575473316624993
689254.512159020057879388,-23643.681757249210932059,-33791.794530327948450577,-8692.957069428444810910
689787.775085914414376020,-22269.096893409896438243,-34669.213519463155535050,-8867.508074739571384271
691281.944603885291144252,-18244.906101995788048953,-36844.230957527375721838,-9284.324321618074463913
693441.082115112221799791,-12060.231641039965325035,-39208.857828754022193607,-9690.896645894619723549
695837.543955412576906383,-4852.917270971911420929,-40694.841225597185257357,-9860.920384363775156089
697996.681466639507561922,1773.683659896596054750,-40971.744192549682338722,-9756.604394370260706637
699490.850984610384330153,6343.587216930203794618,-40568.934893929668760393,-9542.598317231919281767
700024.113911504740826786,7959.133070370604400523,-40308.177107480347331148,-9438.624834465214007651
700557.376838399097323418,9562.638429793554678326,-39986.441449747508158907,-9320.371617643988429336
702051.546356369974091649,13970.838417979324731277,-38764.685428788077842910,-8914.585402922091816436
704210.683867596904747188,20034.769490050141030224,-36191.728990165036520921,-8142.891396869748859899
706607.145707897259853780,26178.694341662754595745,-32290.824571091619873187,-7051.414515844028755964
708766.283219124190509319,31036.050095659309590701,-27929.832500459717266494,-5882.976739939375875110
710260.452737095067277551,33954.442702152940910310,-24500.225992610172397690,-4987.293635048269607069
710793.715663989423774183,34900.165806840450386517,-23203.644641209484689170,-4652.732830795386689715
711326.978590883780270815,35793.131678543570160400,-21871.987220064151188126,-4311.138143569865860627
712821.148108854657039046,38002.982656329382734839,-17971.297994727607147070,-3320.987655825317688141
714980.285620081587694585,40394.679256988485576585,-11970.936345866819465300,-1823.801470188180701371
717376.747460381942801178,41877.945657907846907619,-4971.056530313893745188,-110.869757355566434853
719535.884971608873456717,42122.972235133682261221,1471.373065429920188762,1436.803466324517330577
721030.054489579750224948,41682.139930798904970288,5917.954353537693350518,2489.302299116548510938
721563.317416474106721580,41404.735466992897272576,7490.653553462141644559,2858.428633871857527993
722096.580343368463218212,41064.770199477985443082,9052.034697035709541524,3223.235684125796979060
723590.749861339339986444,39783.728738128782424610,13346.612141241068457020,4217.725519992913177703
725749.887372566270641983,37104.856827516196062788,19260.085719014619826339,5563.532459418403959717
728146.349212866625748575,33061.081775361482868902,25260.131748976014932850,6894.889322063148028974
730305.486724093556404114,28551.802641760918049840,30012.210567230340529932,7915.670607443080371013
731799.656242064433172345,25010.584100286203465657,32872.697079520454281010,8508.819147601849181228
732332.919168958789668977,23672.666765434434637427,33800.871427596517605707,8696.418645251713314792
732866.182095853146165609,22298.977947462328302208,34677.969670472142752260,8870.876109587205064599
734360.351613824022933841,18277.339808734690450365,36852.489250377817370463,9287.523394663558065076
736519.489125050953589380,12096.238518743657550658,39217.419869667457533069,9694.085643584679928608
738915.950965351308695972,4892.310503453722049017,40705.012029695513774641,9864.381550341269758064
741075.088476578239351511,-1732.111946512101894768,40984.251307792612351477,9760.499987147473802906
742569.257994549116119742,-6301.117661001051601488,40583.376377708962536417,9546.856989916004749830
743102.520921443472616374,-7916.474445392838788393,40323.344484030239982530,9443.018964765547934803
743635.783848337829113007,-9519.861590022699601832,40002.344127820426365361,9324.902136104787132354
745129.953366308705881238,-13928.109172054199007107,38782.648312557852477767,8919.491531677271268563
747289.090877535636536777,-19993.062527212954591960,36212.458476273153792135,8148.276035354779196496
749685.552717835991643369,-26139.272371953469701111,32313.943872536299750209,7057.156679484027336002
751844.690229062922298908,-30999.440184964551008306,27954.171409908449277282,5888.819125149681894982
753338.859747033799067140,-33920.011066417471738532,24524.779951258096843958,4993.062133939732120780
753872.122673928155563772,-34866.528835276461904868,23228.142077155818697065,4658.445441827773720433
754405.385600822512060404,-35760.288769865976064466,21896.356858665752952220,4316.779363521116465563
755899.555118793388828635,-37972.309445283412060235,17994.931430515945976367,3326.348222159705073864
758058.692630020319484174,-40366.780974016524851322,11992.565925182090722956,1828.563685790319595981
760455.154470320674590766,-41852.231277315440820530,4989.351215861356649839,114.757980133219291474
762614.291981547605246305,-42098.097184668789850548,-1456.782823560917677241,-1433.811002379361525527
764108.461499518482014537,-41657.111884073674445972,-5906.122631782465759898,-2486.940905596327411331
764641.724426412838511169,-41379.499620111055264715,-7479.815282417434900708,-2856.287438041729728866
765174.987353307195007801,-41039.245164907995786052,-9042.184640220779328956,-3221.309668527359008294
766669.156871278071776032,-39756.963806931627914310,-13339.449753888660779921,-4216.363222511901767575
768828.294382505002431571,-37075.238185335285379551,-19256.373625588123104535,-5562.832024123177689034
771224.756222805357538164,-33027.045188575852080248,-25259.241912151257565711,-6894.622811738641757984
773383.893734032288193703,-28512.994037028078309959,-30012.625363822993676877,-7915.456780124147371680
774878.063252003164961934,-24968.246197874163044617,-32873.215188537913491018,-8508.434448522202728782
775411.326178897521458566,-23629.056711989025643561,-33801.259552334522595629,-8695.930974529073864687
775944.589105791877955198,-22254.099969309627340408,-34678.139029666665010154,-8870.263511330680557876
777438.758623762754723430,-18228.989794113731477410,-36851.575551904323219787,-9286.446496461558126612
779597.896134989685378969,-12043.323014678893741802,-39213.769148450788634364,-9692.061283133774850285
781994.357975290040485561,-4835.398271564218703134,-40696.912276958733855281,-9860.989550773792871041
784153.495486516971141100,1791.295385195424614722,-40971.199859153064608108,-9755.683862470830717939
785647.665004487847909331,6361.007557345126770088,-40566.584759967860009056,-9541.004804942545888480
786180.927931382204405963,7976.434859325014258502,-40305.188161067992041353,-9436.795314029814107926
786714.190858276560902596,9579.795495604364987230,-39982.818224239548726473,-9318.308859690689132549
788208.360376247437670827,13987.452607247214473318,-38759.317284931668837089,-8911.886874153047756408
790367.497887474368326366,20050.253246736727305688,-36183.957300326444965322,-8139.332647077476394770
792763.959727774723432958,26192.476422430023376364,-32280.612927446523826802,-7047.005000395720344386
794923.097239001654088497,31047.937865486761438660,-27917.687180524440918816,-5877.915138097772796755
796417.266756972530856729,33964.844358376460149884,-24486.915913819746492663,-4981.853254331595053372
796950.529683866887353361,34910.006264292351261247,-23189.956433627092337701,-4647.172679962260190223
797483.792610761243849993,35802.396070834380225278,-21857.941581642688106513,-4305.466629516554348811
798977.962128732120618224,38010.561274091895029414,-17956.365575603012985084,-3315.050269463121821900
801137.099639959051273763,40399.668734228893299587,-11955.037587779426758061,-1817.604902371925618354
803533.561480259406380355,41879.919953466560400557,-4954.546303060134960106,-104.565106237680026879
805692.698991486337035894,42122.175946372677572072,1488.003953879478103772,1443.041083732492097624
807186.868509457213804126,41679.433801357467018533,5934.427783519238801091,2495.402980233532616694
807720.131436351570300758,41401.354331719419860747,7507.023343652917901636,2864.462823312588625413
808253.394363246043212712,41060.719170684664277360,9068.276114018466614652,3229.194264053879578569
809747.563881216919980943,39777.836528009647736326,13362.363922429472950171,4223.424708387057762593
811906.701392443850636482,37096.432958936049544718,19274.802187430843332550,5568.738472117603123479
814303.163232744205743074,33050.094339691720961127,25273.274514408356480999,6899.397873864182656689
816462.300743971136398613,28538.789895633388368879,30023.591234105148032540,7919.432535372961865505
817956.470261942013166845,24996.355417860308079980,32882.690671210628352128,8512.008726091833523242
818489.733188836369663477,23658.044261621063924395,33810.340390404722711537,8699.394431190161412815
819022.996115730726160109,22283.983714758873247774,34686.899691099897609092,8873.633604714732427965
820517.165633701602928340,18261.426349006844247924,36859.839964689024782274,9289.648127693013520911
822676.303144928533583879,12079.332298526782324188,39222.339534856531827245,9695.253522120394336525
825072.764985228888690472,4874.792595198550770874,40707.093505582175566815,9864.454583425967939547
827231.902496455819346011,-1749.724334225583334046,40983.718709012151521165,9759.583702584215643583
828726.072014426696114242,-6318.540077308146464929,40581.038497041343362071,9545.267866004613097175
829259.334941321052610874,-7933.778836280096584233,40320.367892811504134443,9441.193857292049870011
829792.597868215409107506,-9537.021789064972836059,39998.733314578159479424,9322.843801996952606714
831286.767386186285875738,-13944.727978342965798220,38777.292501251344219781,8916.797385014582687290
833445.904897413216531277,-20008.552894765030941926,36204.698399646062171087,8144.721429941694623267
835842.366737713571637869,-26153.062814079239615239,32303.742309653847769368,7052.750839892900330597
838001.504248940502293408,-31011.337267599996266654,27942.034299683651624946,5883.760654218836862128
839495.673766911379061639,-33930.422274132339225616,24511.476627718537201872,4987.624477223211215460
840028.936693805735558271,-34876.378840541234239936,23214.460091560049477266,4652.887869628638327413
840562.199620700092054904,-35769.562658758091856726,21882.316907391956192441,4311.110284561310436402
842056.369138670968823135,-37979.897163780828122981,17980.003223257823265158,3320.412888471299083903
844215.506649897899478674,-40371.778350838023470715,11976.669440197867515963,1822.368710515544307782
846611.968490198254585266,-41854.211389864496595692,4972.841621412207132380,108.454611604443130091
848771.106001425185240805,-42097.304354060492187273,-1473.413896223517440376,-1440.047380159883687156
850265.275519396062009037,-41654.407436684159620199,-5922.596375730502586521,-2493.040229247256320377
850798.538446290418505669,-41376.119523578876396641,-7496.185341238393448293,-2862.320197900652601675
851331.801373184775002301,-41035.194532969762803987,-9058.426231587607617257,-3227.266731024226828595
852825.970891155651770532,-39751.070236998930340633,-13355.201185997624634183,-4222.060565548827071325
854985.108402382582426071,-37066.810670114653476048,-19271.088341741320618894,-5568.035521015759513830
857381.570242682937532663,-33016.052178417092363816,-25272.380593565441813553,-6899.127884177507439745
859540.707753909868188202,-28499.974742655416775960,-30023.999338699621148407,-7919.214236533311122912
861034.877271880744956434,-24954.010789847296109656,-32883.200124466406123247,-8511.618844497485042666
861568.140198775101453066,-23614.427523222624586197,-33810.719145850132917985,-8698.901325950275349896
862101.403125669457949698,-22239.099147685963544063,-34687.058967123513866682,-8873.015323017489208723
863595.572643640334717929,-18213.070308111906342674,-36858.914214941833051853,-9288.564876380223722663
865754.710154867265373468,-12026.412314004423024016,-39218.674144016404170543,-9693.221959786080333288
868151.171995167620480061,-4817.878481761140392337,-40698.976751942616829183,-9861.054687680461938726
870310.309506394551135600,1808.906722508542770811,-40970.648893746576504782,-9754.759344205787783721
871804.479024365427903831,6378.426698274040973047,-40564.228051705729740206,-9539.407394081576057943
872337.741951259784400463,7993.735162142219451198,-40302.192679905303521082,-9434.961937629008389194
872871.004878154140897095,9596.950790885104652261,-39979.188513415552733932,-9316.242294210891486728
874365.174396125017665327,14004.064244813480399898,-38753.942846217258193064,-8909.184703986307795276
876524.311907351948320866,20065.733378865355916787,-36176.179721950218663551,-8135.770571623686009843
878920.773747652303427458,26206.253794117168581579,-32270.396016213118855376,-7042.592605645406365511
881079.911258879234082997,31059.820071247606392717,-27905.537290407515683910,-5872.851134627131614252
882574.080776850110851228,33975.239938367485592607,-24473.601814742680289783,-4976.410838075798892532
883107.343703744467347860,34919.840479888262052555,-23176.264413898941711523,-4641.610630320032214513
883640.606630638823844492,35811.654065085451293271,-21843.892344971347483806,-4299.793356251728255302
885134.776148609700612724,38018.133108427377010230,-17941.430185415429150453,-3309.111528491918306827
887293.913659836631268263,40404.651014232898887713,-11939.136825019493699074,-1811.407591647089247999
889690.375500136986374855,41881.886801189335528761,-4938.035200589015403239,-98.260411943892563613
891849.513011363917030394,42121.372178079618606716,1504.634676228600710601,1449.278112183365919918
893343.682529334793798625,41676.720278831759060267,5950.900327681390081125,2501.502642555492457177
893876.945456229150295258,41397.965855511953122914,7523.391993267785437638,2870.495843216444427526
894410.208383123506791890,41056.660864196892362088,9084.516137393909957609,3235.151525471219883912
895904.377901094383560121,39771.937275574513478205,13378.113613469211486517,4229.122172179085282551
898063.515412321314215660,37088.002534625884436537,19289.515605034372129012,5573.942210717439593282
900459.977252621669322252,33039.101077437262574676,25286.413252017911872827,6903.903608033589989645
902619.114763848599977791,28525.772132473732199287,30034.967097080792882480,7923.191228989514456771
904113.284281819476746023,24982.122352586982742650,32892.678990394837455824,8515.194828179937758250
904646.547208713833242655,23643.417614290530764265,33819.803928320230625104,8702.366664167378985439
905179.810135608189739287,22268.985584132522490108,34695.824142640944046434,8876.387475689540224266
906673.979653579066507518,18245.509709668094728841,36867.184751338383648545,9291.769066573344389326
908833.117164805997163057,12062.424001009665516904,39227.252879223822674248,9696.417440706967681763
911229.579005106352269650,4857.273892180220173032,40709.168407506629591808,9864.523587285548273940
913388.716516333282925189,-1767.336339176226601921,40983.179479497026477475,9758.663431474869867088
914882.886034304159693420,-6335.961299679203875712,40578.694042441653436981,9543.674842981186884572
915416.148961198516190052,-7951.081746640405981452,40317.384766874252818525,9439.364893180707440479
915949.411888092872686684,-9554.180223217383172596,39995.116015712126682047,9320.781659557947932626
917443.581406063749454916,-13961.344238492483782466,38771.930393830545654055,8914.099595786386998952
919602.718917290680110455,-20024.039642802297748858,36196.932431942870607600,8141.163497229174936365
921999.180757591035217047,-26166.848551099032192724,32293.535475495300488546,7048.342118979349834262
924158.318268817965872586,-31023.228788851309218444,27929.892614925593079533,5878.699779469072382199
925652.487786788842640817,-33940.827407296295859851,24498.169279331828875002,4982.184782773249025922
926185.750713683199137449,-34886.222605264774756506,23200.774289236684126081,4647.328396447815975989
926719.013640577555634081,-35778.830150557332672179,21868.273353293672698783,4305.439444251434906619
928213.183158548432402313,-37987.478098782361485064,17965.072040534447296523,3314.476198194979133405
930372.320669775363057852,-40376.768529013606894296,11960.770946769776855945,1816.172990739921942804
932768.782510075718164444,-41856.184052017619251274,4956.331149136474778061,102.151198912913798722
934927.920021302648819983,-42096.504040759689814877,-1490.044804040627013819,-1446.283169322952517177
936422.089539273525588214,-41651.695592921758361626,-5939.069234077311193687,-2499.138533973373341723
936955.352466167882084846,-41372.732082838738278951,-7512.554259322831967438,-2868.351787926301767584
937488.615393062238581479,-41031.136620109908108134,-9074.666428807504416909,-3233.222474549699199997
938982.784911033115349710,-39745.169621825443755370,-13370.950526369444560260,-4227.756183083041833015
941141.922422260046005249,-37058.376597102258529048,-19285.800004100026853848,-5573.236742363481425855
943538.384262560401111841,-33005.053341079932579305,-25285.515242951860273024,-6903.630137125697729061
945697.521773787331767380,-28486.950432314086356200,-30035.368504788206337253,-7922.968456620234064758
947191.691291758208535612,-24939.771001288601837587,-32893.179782803345005959,-8514.799762097289203666
947724.954218652565032244,-23599.794193710091349203,-33820.173309375553799327,-8701.868122477662836900
948258.217145546921528876,-22224.094431366254866589,-34695.973330415552482009,-8875.763508674943295773
949752.386663517798297107,-18197.147646983004960930,-36866.246945459999551531,-9290.679460507926705759
951911.524174744728952646,-12009.499542184899837594,-39223.572814639068383258,-9694.378675376823593979
954307.986015045084059238,-4800.357904833976135706,-40701.034650168650841806,-9861.115795056824936182
956467.123526272014714777,1826.517668557304205024,-40970.091296349070034921,-9753.830839952615860966
957961.293044242891483009,6395.844636480813278467,-40561.864769438558141701,-9537.806085301468556281
958494.555971137247979641,8011.033975610594097816,-40299.190664385547279380,-9433.124706011671150918
959027.818898031604476273,9614.104312453517195536,-39975.552317766145279165,-9314.171922048757551238
960521.988416002481244504,14020.673327603615689441,-38748.562113403866533190,-8906.478893525740204495
962681.125927229411900043,20081.209883581181202317,-36168.396256166335660964,-8132.205171963563770987
965077.587767529767006636,26220.026454195529368008,-32260.173838899932889035,-7038.177333395646201097
967236.725278756697662175,31071.696710773263475858,-27893.382831919294403633,-5867.784731596178971813
968730.894796727574430406,33985.629440238561073784,-24460.283697372371534584,-4970.966388504169117368
969264.157723621930927038,34929.668451846599054988,-23162.568584078133426374,-4636.046684140844263311
969797.420650516287423670,35820.905659623844258022,-21829.839512159818696091,-4294.118326092951974715
971291.590168487164191902,38025.698157980099495035,-17926.491826415865944000,-3303.171435337679668010
973450.727679714094847441,40409.626096130406949669,-11923.234059994711060426,-1805.209540545214849772
975847.189520014449954033,41883.846200769621646032,-4921.523225412308420346,-91.955677049558971703
978006.327031241380609572,42120.560930464067496359,1521.265229937172989594,1455.514549129457918752
979500.496549212257377803,41673.999363786191679537,5967.371983501175236597,2507.601283590875937080
980033.759476106613874435,41394.570039060126873665,7539.759499797145508637,2876.527691119099017669
980567.022403000970371068,41052.595280828274553642,9100.754764670624354039,3241.107465944677642256
982061.191920971847139299,39766.030981977710325737,13393.861211936866311589,4234.817909041964412609
984220.329432198777794838,37079.565556207169720437,19304.225969550450827228,5579.143673092516110046
986616.791272499132901430,33028.101990690600359812,25299.547959760515368544,6908.406522731016593752
988775.928783726063556969,28512.749354744686570484,30046.338154374345322140,7926.946686757452880556
990270.098301696940325201,24967.884907150080834981,32902.662035497167380527,8518.377452564705890836
990803.361228591296821833,23628.786826198025664780,33829.262039845583785791,8705.335342969248813461
991336.624155485653318465,22253.983558405656367540,34704.743023678580357227,8879.137721386681732838
992830.793673456530086696,18229.589893706084694713,36874.523609146563103423,9293.886210438082343899
994989.931184683460742235,12045.513629355817101896,39232.159901956976682413,9697.577398868781529018
997386.393024983815848827,4839.754397665793476335,40711.236735087048145942,9864.588561891607241705
999545.530536210746504366,-1784.947958088801215126,40982.633619263673608657,9757.739174195128725842
1001039.700054181623272598,-6353.381324880824649881,40576.343014202328049578,9542.077921496256749379
1001572.962981075979769230,-7968.383173264624019794,40314.395106608797505032,9437.532073178439532057
1002106.225907970336265862,-9571.336889299902395578,39991.492231709926272742,9318.715709629957927973
1003600.395425941213034093,-13977.957949429721338674,38766.561991051225049887,8911.398165094586147461
1005759.532937168143689632,-20039.522768470353184966,36189.160574290370277595,8137.602238670605402149
1008155.994777468498796225,-26180.629580483579047723,32283.323371566279092804,7043.930518544479127740
1010315.132288695429451764,-31035.114746548573748441,27917.746357442320004338,5873.636502968079184939
1011809.301806666306219995,-33951.226464020226558205,24484.857908089561533416,4976.743052812417772657
1012342.564733560662716627,-34896.060127663811726961,23187.084672237211634638,4641.767024556852447859
1012875.827660455019213259,-35788.091243588991346769,21854.226198479158483678,4299.766844908572238637
1014369.997178425895981491,-37995.052248930427595042,17950.137884595962532330,3308.538153756554947904
1016529.134689652826637030,-40381.751507671418949030,11944.870447305411289562,1809.976528995243825193
1018925.596529953181743622,-41858.149263466999400407,4939.819801546555027016,95.847744634567504818
1021084.734041180112399161,-42095.696244975362787955,-1506.675544471050670836,-1452.518367320164543344
1022578.903559150989167392,-41648.976353350837598555,-5955.541204298672710138,-2505.235817282401512784
1023112.166486045345664024,-41369.337298580452625174,-7528.922034159873874160,-2874.382205653648270527
1023645.429412939702160656,-41027.071427142574975733,-9090.905229386728024110,-3239.176896669728648703
1025139.598930910578928888,-39739.261962566633883398,-13386.697772578443618841,-4233.450072786766213540
1027298.736442137509584427,-37049.935967921555857174,-19300.508610387583757984,-5578.435686040567816235
1029695.198282437864691019,-32994.048678659615688957,-25298.645858265088463668,-6908.129568743063828151
1031854.335793664795346558,-28473.921108469923638040,-30046.732860305361100473,-7926.719438850453116174
1033348.505311635672114789,-24925.526834885073185433,-32903.154161972946894821,-8517.977200021423414000
1033881.768238530028611422,-23585.156726209745102096,-33829.622041413793340325,-8704.831362898545194184
1034415.031165424385108054,-22209.085823175952100428,-34704.882118126763089094,-8878.508067179685895098
1035909.200683395261876285,-18181.221813717500481289,-36873.573742280772421509,-9292.790247980219646706
1038068.338194622192531824,-11992.584702386073331581,-39228.465159508523356635,-9695.531429432969162008
1040464.800034922547638416,-4782.836544051008786482,-40703.085971257736673579,-9861.172872877494228305
1042623.937546149478293955,1844.128220066381800279,-40969.527066980124800466,-9752.898350090239546262
1044118.107064120355062187,6413.261368732788469060,-40559.494913462025579065,-9536.200879256006373907
1044651.369991014711558819,8028.331296522044794983,-40296.182114902250759769,-9431.283619927968175034
1045184.632917909184470773,9631.256057131260604365,-39971.909637782038771547,-9312.097744049659013399
1046678.802435880061239004,14037.279852547115297057,-38743.175087250128854066,-8903.769443876266450388
1048837.939947106875479221,20096.682758033100981265,-36160.606904104017303325,-8128.636449553178863425
1051234.401787407463416457,26233.794400140668585664,-32249.946397013711248292,-7033.759185449494907516
1053393.539298634277656674,31083.567781898887915304,-27881.223806868179963203,-5862.715931073926185491
1054887.708816605387255549,33996.012862106195825618,-24446.961563699445832754,-4965.519907839932784555
1055420.971743499627336860,34939.490178389518405311,-23148.868946215177857084,-4630.480843696790543618
1055954.234670393634587526,35830.150852779624983668,-21815.783085315986681962,-4288.441541357894493558
1057448.404188364744186401,38033.256421397432859521,-17911.550500852707045851,-3297.229992426143780904
1059607.541699591558426619,40414.593979053905059118,-11907.329295110228486010,-1799.010751597427088200
1062004.003539891913533211,41885.798151903007237706,-4905.010380039047959144,-85.650904129337448012
1064163.141051118727773428,42119.742203737332602032,1537.895612467562614256,1461.750392023934182362
1065657.310569089837372303,41671.271056786557892337,5983.842748458830101299,2513.698900849282381387
1066190.573495984077453613,41391.166883054895151872,7556.125860734269735985,2882.558364557344702916
1066723.836422878317534924,41048.522421393965487368,9116.991993358362378785,3247.062083041881123791
1068218.005940849427133799,39760.117648374704003800,13409.606715410875040106,4240.511916649723389128
1070377.143452076241374016,37071.122025302298425231,19318.933278705859265756,5584.342857118602296396
1072773.605292376596480608,33017.097081544896354899,25312.678635593478247756,6912.906616117446901626
1074932.742803603410720825,28499.721564909697917756,30057.704404204050661065,7930.698907142896132427
1076426.912321574520319700,24953.643084233393892646,32912.639804943253693637,8521.556597946237161523
1076960.175248468760401011,23614.151900098888290813,33838.714723484772548545,8708.300466383179809782
1077493.438175363000482321,22238.977640401022654260,34713.656332797421782743,8881.884340682730908156
1078987.607693334110081196,18213.666904107954906067,36881.856536935825715773,9295.999558422388872714
1081146.745204560924321413,12028.601186728275934001,39237.060602244935580529,9698.733396131850895472
1083543.207044861279428005,4822.234114921540822252,40713.298487942694919184,9864.649507217340214993
1085702.344556088093668222,-1802.559187688761767276,40982.081128329467901494,9756.810931122243346181
1087196.514074059203267097,-6370.800149681169386895,40573.985412616617395543,9540.477102201808520476
1087729.777000953443348408,-7985.683112944863751181,40311.398912406242743600,9435.695398033620222122
1088263.039927847683429718,-9588.491784133446344640,39987.861963059949630406,9316.645953056620783173
1089757.209445818793028593,-13994.569108083414903376,38761.187293669645441696,8908.693094042380835162
1091916.346957045607268810,-20055.002268916381581221,36181.382827815723430831,8134.037655720545444638
1094312.808797345962375402,-26194.405899705354386242,32273.105999372586666141,7039.516040390360103629
1096471.946308572776615620,-31046.995138523492641980,27905.595529042151611065,5868.570826784372002294
1097966.115826543886214495,-33961.619442417104437482,24471.542515982906479621,4971.299289563811726111
1098499.378753438126295805,-34905.891405956987000536,23173.391242612906353315,4636.203756227836493053
1099032.641680332366377115,-35797.345936180063290522,21840.175445056731405202,4294.092488850372319575
1100526.811198303475975990,-38002.619612869479169603,17935.200757691822218476,3302.598757582084544993
1102685.948709530290216208,-40386.727285941546142567,11928.967944211821304634,1803.779327813386089474
1105082.410549830645322800,-41860.107023906661197543,4923.307581154129366041,89.544251345144232346
1107241.548061057459563017,-42094.880966918201011140,-1523.306114974081992841,-1458.752971603475771190
1108735.717579028569161892,-41646.249718537277658470,-5972.012283871612453368,-2511.332076682755541697
1109268.980505922809243202,-41365.935171495380927809,-7545.288663239563902607,-2880.411448618329814053
1109802.243432817049324512,-41022.998954883587430231,-9107.142630832162467414,-3245.129994950909804174
1111296.412950788158923388,-39733.347260379414365161,-13402.442922200300017721,-4239.142232333169886260
1113455.550462014973163605,-37041.488784197346831206,-19315.214158328384655761,-5583.632349922335379233
1115852.012302315328270197,-32983.038193252570636105,-25311.772437460833316436,-6912.626177190747512213
1118011.149813542142510414,-28460.886773590103985043,-30058.092403468581323978,-7930.467181690899451496
1119505.319331513252109289,-24911.278293324387050234,-32913.123260400774597656,-8521.151156971294767573
1120038.582258407492190599,-23570.515123480829061009,-33839.065340468936483376,-8707.791046001822905964
1120571.845185301732271910,-22194.073325941710209008,-34713.785328842124727089,-8881.248997409938965575
1122066.014703272841870785,-18165.292811306328076171,-36880.894604227483796421,-9294.897237934366785339
1124225.152214499656111002,-11975.667797774287464563,-39233.351177815740811639,-9696.680221483215063927
1126621.614054800011217594,-4765.314402680934108503,-40705.130714832084777299,-9861.225921118861151626
1128780.751566026825457811,1861.738373759847263500,-40968.956205660651903600,-9751.961874999373321771
1130274.921083997935056686,6430.676891797544158180,-40557.118484073107538279,-9534.591776600704179145
1130808.184010892175137997,8045.627121668393556320,-40293.167031850251078140,-9429.438680129802378360
1131341.446937786415219307,9648.406021738224808360,-39968.260473955626366660,-9310.019761060833843658
1132835.616455757524818182,14053.883816572533760336,-38737.781768516455485951,-8901.056356144614255754
1134994.753966984339058399,20112.151999370249541244,-36152.811666893991059624,-8125.064405850172988721
1137391.215807284694164991,26247.557629426366474945,-32239.713692064502538415,-7029.338163611883828708
1139550.353318511508405209,31095.433282459114707308,-27869.060217065412871307,-5857.644735130948902224
1141044.522836482618004084,34006.390202085407509003,-24433.635415719127195189,-4960.071398308213247219
1141577.785763376858085394,34949.305657738426816650,-23135.165502364397980273,-4624.913111261597805424
1142111.048690271098166704,35839.389642884394561406,-21801.723066548391216202,-4282.763004364997868834
1143605.218208242207765579,38040.807897327438695356,-17896.606210976806323742,-3291.287202184121269966
1145764.355719469022005796,40419.554662137212289963,-11891.422532772641716292,-1792.811227335442708863
1148160.817559769377112389,41887.742654286557808518,-4888.496666979594920122,-79.346095758192348057
1150319.955070996191352606,42118.915998112192028202,1554.525821281985145106,1467.985638320169528015
1151814.124588967300951481,41668.535358400331460871,6000.312620032475933840,2519.795491840217891877
1152347.387515861541032791,41387.756388188790879212,7572.491073571388369601,2888.587861068189340585
1152880.650442756013944745,41044.442286710291227791,9133.227820967918887618,3253.015374331213479309
1154374.819960727123543620,39754.197275922677363269,13425.350121468803990865,4246.204192676857928745
1156533.957471953937783837,37062.671943534929596353,19333.637530227610113798,5589.539760672385455109
1158930.419312254292890429,33006.086352094367612153,25325.805277474522881676,6917.403886355015856680
1161089.556823481107130647,28486.688765432176296599,30069.065844789372931700,7934.447888613446593808
1162583.726341452216729522,24939.396886522183194757,32922.612297158695582766,8524.732263025956854108
1163116.989268346456810832,23599.512838749029469909,33848.161977742303861305,8711.262033198079734575
1163650.252195240696892142,22223.967832940979860723,34722.564068583109474275,8884.627332455880605266
1165144.421713211806491017,18197.740743862192175584,36889.183533528528641909,9298.109109662906121230
1167303.559224438620731235,12011.686676290186369442,39241.954979277332313359,9699.885432023804241908
1169700.021064738975837827,4804.713047213541358360,40715.353665693502989598,9864.706423237585113384
1171859.158575965790078044,-1820.170024703116268938,40981.522006712431902997,9755.878702635045556235
1173353.328093936899676919,-6388.217770847999418038,40571.621237978542922065,9538.872385751472393167
1173886.591020831139758229,-8002.981562473968551785,40308.396184658267884515,9433.854868496191556915
1174419.853947725379839540,-9605.644904540778952651,39984.225210250922827981,9314.572390683046251070
1175914.023465696489438415,-14011.177711382266352302,38755.806302442921150941,8905.984383734548828215
1178073.160976923303678632,-20070.478141288756887661,36173.599193646507046651,8130.469749834878712136
1180469.622817223658785224,-26208.177506238218484214,32262.883360420331882779,7035.098686320179695031
1182628.760328450473025441,-31058.869962609995127423,27893.440131532759551192,5863.502752987157691678
1184122.929846421582624316,-33972.006340600841213018,24458.223105003908131039,4965.853495251483764150
1184656.192773315822705626,-34915.716438364448549692,23159.694002415086288238,4630.638593733536254149
1185189.455700210062786937,-35806.594226659646665212,21826.121095133832568536,4288.416378394874300284
1186683.625218181172385812,-38010.180189245067595039,17920.260662072305422043,3296.658012098296694603
1188842.762729407986626029,-40391.695862955588381737,11913.063439895768169663,1797.581389726383804373
1191239.224569708341732621,-41862.057333032098540571,4906.794490470422715589,83.240721620243846246
1193398.362080935155972838,-42094.058206800247717183,-1539.936513010653243327,-1464.986979625501589908
1194892.531598906265571713,-41643.515689048479543999,-5988.482470272811951872,-2517.427309683193016099
1195425.794525800505653024,-41362.525702276128868107,-7561.654144052671654208,-2886.439514356632571435
1195959.057452694745734334,-41018.919204149693541694,-9123.378630652445281157,-3251.081766960785444098
1197453.226970665855333209,-39727.425516422037617303,-13418.185972810511884745,-4244.832659396073722746
1199612.364481892669573426,-37033.035047555284108967,-19329.916645647746918257,-5588.826731885183107806
1202008.826322193024680018,-32972.021886955735681113,-25324.894978495751274750,-6917.119960631185676903
1204167.963833419838920236,-28447.847430141217046184,-30069.447132497083657654,-7934.211683610101317754
1205662.133351390948519111,-24897.025379295097081922,-32923.087076512776548043,-8524.321631649690971244
1206195.396278285188600421,-23555.869388282546424307,-33848.503205046130460687,-8710.747170577908036648
1206728.659205179428681731,-22179.056942489154607756,-34722.682961148144386243,-8883.986298245572470478
1208222.828723150538280606,-18149.360642741055926308,-36888.209530123975127935,-9297.000429509136665729
1210381.966234377352520823,-11958.748831515240453882,-39238.230868752645619679,-9697.825051057887321804
1212778.428074677707627416,-4747.791483991475615767,-40707.168880514749616850,-9861.274939758925029309
1214937.565585904521867633,1879.348126364102427033,-40968.378712412202730775,-9751.021415062234154902
1216431.735103875631466508,6448.091202443034489988,-40554.735481569536204915,-9532.978777992619143333
1216964.998030769871547818,8062.921447842966699682,-40290.145415625054738484,-9427.589887370520955301
1217498.260957664111629128,9665.554203098987272824,-39964.604826779243012425,-9307.937973930689622648
1218992.430475635221228004,14070.485216611175928847,-38732.382157963351346552,-8898.339631438695505494
1221151.567986862035468221,20127.617604743682022672,-36145.010545667188125663,-8121.489042313331992773
1223548.029827162390574813,26261.316139531816588715,-32229.475725559790589614,-7024.914269687973501277
1225707.167338389204815030,31107.293210292868025135,-27856.892064319752535084,-5852.571145837928270339
1227201.336856360314413905,34016.761458296532509848,-24420.305255422139453003,-4954.620862133588161669
1227734.599783254554495215,34959.114888119256647769,-23121.458254576325998642,-4619.343489108585345093
1228267.862710148794576526,35848.622028271267481614,-21787.659457966019544983,-4277.082717433340803836
1229762.032228119904175401,38048.352584420652419794,-17881.658959037500608247,-3285.343067038432764093
1231921.169739346718415618,40424.508144516112224665,-11875.513775387793430127,-1786.610970290974591990
1234317.631579647073522210,41889.679707619230612181,-4871.982088743410713505,-73.041254510805629252
1236476.769090873887762427,42118.082313803359284066,1571.155853842641818119,1474.220285471816396239
1237970.938608844997361302,41665.792269196695997380,6016.781595702353115485,2525.891054074119438155
1238504.201535739237442613,41384.338555156100483146,7588.855135801839423948,2894.616178189386118902
1239037.464462633477523923,41040.354877596124424599,9149.462245007485762471,3258.967337380992830731
1240531.633980604587122798,39748.269865780930558685,13441.091427687768373289,4251.894734798428544309
1242690.771491831401363015,37054.215312531443487387,19348.338721841537335422,5594.734381631154974457
1245087.233332131756469607,32995.069804436170670670,25338.927883360476698726,6921.898331606720603304
1247246.370843358570709825,28473.650958779493521433,30080.422474348535615718,7938.193629637635240215
1248740.540361329680308700,24925.146316704092896543,32932.579510569405101705,8527.904446506619933643
1249273.803288223920390010,23584.869644907597830752,33857.603801122539152857,8714.220042204091441818
1249807.066215118160471320,22208.954138852033793228,34731.466229620738886297,8887.366695585507841315
1251301.235733089270070195,18181.811415959593432490,36896.504597747727530077,9300.214863297800548025
1253460.373244316084310412,11994.770101207996049197,39246.843032244330970570,9701.033506073887110688
1255856.835084616439417005,4787.191197811121128325,40717.402267960569588467,9864.759309928947914159
1258015.972595843253657222,-1837.780465854663589198,40980.956254432254354469,9754.942489114255295135
1259510.142113814363256097,-6405.634185147141579364,40569.250490583915961906,9537.263772800697552157
1260043.405040708603337407,-8020.278518641833215952,40305.386923758705961518,9432.010485317969141761
1260576.667967602843418717,-9622.796247340731497388,39980.581973774133075494,9312.495023356290403171
1262070.837485573953017592,-14027.783756253298633965,38750.419018130523909349,8903.272035277645045426
1264229.974996800767257810,-20085.950382733532023849,36165.809672913455870003,8126.898522471375144960
1266626.436837101122364402,-26221.944397554165334441,32252.655456219199550105,7030.678458138962014345
1268785.574348327936604619,-31070.739216639947699150,27881.280166726552124601,5858.432283647600343102
1270279.743866299046203494,-33982.387156685064837802,24444.899677147928741761,4960.405672100926494750
1270813.006793193286284804,-34925.535223105645854957,23145.992953699231293285,4625.071539348337864794
1271346.269720087526366115,-35815.836113355690031312,21812.063150822981697274,4282.738515861917221628
1272840.439238058635964990,-38017.733976703078951687,17905.317599991089082323,3290.715919733146620274
1274999.576749285450205207,-40396.657237845676718280,11897.156936768491505063,1791.382717267547604933
1277396.038589585805311799,-41864.000190540056792088,4890.280532011138348025,76.937158036490984614
1279555.176100812619552016,-42093.227964835474267602,-1556.566736036296560997,-1471.220388837831023920
1281049.345618783729150891,-41640.774265453954285476,-6004.951760975767683703,-2523.521513792128644127
1281582.608545677969232202,-41359.108891617775952909,-7578.018474085803063645,-2892.466400404322484974
1282115.871472572209313512,-41014.832175760522659402,-9139.613226351120829349,-3257.032210266206675442
1283610.040990543318912387,-39721.496731855426332913,-13433.926921981717896415,-4250.521351649265852757
1285769.178501770133152604,-37024.574759624512807932,-19344.616070067528198706,-5594.018829805540917732
1288165.640342070488259196,-32960.999761870101792738,-25338.013479323613864835,-6921.610917227163554344
1290324.777853297302499413,-28434.803080595040228218,-30080.797045607054315042,-7937.952943077068084676
1291818.947371268412098289,-24882.768095489434927003,-32933.045608733649714850,-8527.488622760363796260
1292352.210298162652179599,-23541.219523378644225886,-33857.935633648761722725,-8713.699735418136697263
1292885.473225056892260909,-22164.036675649411336053,-34731.575013629233581014,-8886.719968567329487996
1294379.642743028001859784,-18133.425311016955674859,-36895.518518793462135363,-9299.099821844536563731
1296538.780254254816100001,-11941.827806779341699439,-39243.104231510726094712,-9698.965917688698027632
1298935.242094555171206594,-4730.267791254968869907,-40709.200467929069418460,-9861.319928777276800247
1301094.379605781985446811,1896.957474600048954017,-40967.794587257412786130,-9750.076970662823441671
1302588.549123753095045686,6465.504297434038562642,-40552.345906250382540748,-9531.361884090560124605
1303121.812050647335126996,8080.214271834933242644,-40287.117266623725299723,-9425.737242405308279558
1303655.074977541575208306,9682.700598031618937966,-39960.942696747493755538,-9305.852383509673018125
1305149.244495512684807181,14087.084049590184804401,-38726.976256353613280226,-8895.619270868372041150
1307308.382006739499047399,20143.079571301092073554,-36137.203541557304561138,-8117.910360403354388836
1309704.843847039854153991,26275.069927931253914721,-32219.232499012014159234,-7020.487505485256406246
1311863.981358266668394208,31119.147563235255802283,-27844.719350445371674141,-5847.495165267796437547
1313358.150876237777993083,34027.126628856276511215,-24406.971084805561986286,-4949.168301542981680541
1313891.413803132018074393,34968.917867754862527363,-23107.747204907656850992,-4613.771979513326186861
1314424.676730026258155704,35857.848007272252289113,-21773.592261681522359140,-4271.400682883548142854
1315918.846247997367754579,38055.890481326670851558,-17866.708747288517770357,-3279.397589417466861050
1318077.983759224181994796,40429.454425326257478446,-11859.603025365693611093,-1780.409982997005045036
1320474.445599524537101388,41891.609311600528599229,-4855.466647844061299111,-66.736382962849575051
1322633.583110751351341605,42117.241151026566512883,1587.785707608127268031,1480.454330931894219248
1324127.752628722460940480,41663.041789746232097968,6033.249672944585654477,2531.985585060825997061
1324661.015555616701021791,41380.913384652696549892,7605.218044915261089045,2900.643313458243028435
1325194.278482510941103101,41036.260194871058047283,9165.695262986038869713,3264.917969760189862427
1326688.448000482050701976,39742.335419109513168223,13456.830631645098037552,4257.583540690173322218
1328847.585511708864942193,37045.752133918547770008,19363.036851274133368861,5599.926717873158850125
1331244.047352009220048785,32984.047440667418413796,25352.046451208945654798,6926.389950036726986582
1333403.184863236034289002,28460.608147418301086873,30091.774291100777190877,7941.936128685359108204
1334897.354381207143887877,24910.891377466319681844,32942.541443601890932769,8531.073147092334693298
1335430.617308101383969188,23570.222321332927094772,33867.040192130596551578,8717.174492192796606105
1335963.880234995624050498,22193.936560959504276980,34740.362814496271312237,8890.102428952475747792
1337458.049752966733649373,18165.878923390071577160,36903.819728416972793639,9302.316818466673794319
1339617.187264193547889590,11977.851464646486419952,39251.724760336706822272,9702.177617812812968623
1342013.649104493902996182,4769.668569981464315788,40719.444294365217501763,9864.808167269431578461
1344172.786615720717236400,-1855.390507869090697568,40980.383871508536685724,9754.002290941900355392
1345666.956133691826835275,-6423.049389346806492540,40566.873170728344121017,9535.651264006197379786
1346200.219060586066916585,-8037.573978241173790593,40302.371130100938898977,9430.162249251996399835
1346733.481987480306997895,-9639.945809355369419791,39976.932254120147263166,9310.413851924591654097
1348227.651505451416596770,-14044.387239626228620182,38745.025441490994126070,8900.556049779343084083
1350386.789016678230836987,-20101.418990399899485055,36158.014266745820350479,8123.323975088645056530
1352783.250856978585943580,-26235.706571128412178950,32242.422288276906328974,7026.255357652279599279
1354942.388368205400183797,-31082.602898448578343960,27869.115636433234612923,5853.359420837056859455
1356436.557886176509782672,-33992.761888786124472972,24431.572234407856740290,4954.955822337768950092
1356969.820813070749863982,-34935.347758402887848206,23132.288098518005426740,4619.502595346622911165
1357503.083739964989945292,-35825.071594599168747663,21798.001614233504369622,4277.058903571196424309
1358997.253257936099544168,-38025.280973891851317603,17890.371573698997963220,3284.772482914386273478
1361156.390769162913784385,-40401.611409746132267173,11881.248437237696634838,1785.183312969601274744
1363552.852609463268890977,-41865.935596128932957072,4873.765708288142377569,70.633563169605508847
1365711.990120690083131194,-42092.390241238892485853,-1573.196781510896926193,-1477.453196693310246701
1367206.159638661192730069,-41638.025448323918681126,-6021.420153457710512157,-2529.614686519229962869
1367739.422565555432811379,-41355.684740215874626301,-7594.381650829664067714,-2898.492104298559752351
1368272.685492449672892690,-41010.737870535856927745,-9155.846415436162715196,-3262.981322435557558492
1369766.855010420782491565,-39715.560907840437721461,-13449.665767290296571446,-4256.208306768050533719
1371925.992521647596731782,-37016.107922033283102792,-19359.312429313555185217,-5599.208641561608601478
1374322.454361947951838374,-32949.971820094935537782,-25351.127937901921541197,-6926.099045143368130084
1376481.591873174766078591,-28421.753727420717041241,-30092.142141018335678382,-7941.690958562830019218
1377975.761391145875677466,-24868.506444597143854480,-32942.998855491037829779,-8530.652129008991323644
1378509.024318040115758777,-23526.565531529999134364,-33867.362624783287174068,-8716.648739315805869410
1379042.287244934355840087,-22149.012528250259492779,-34740.461484872896107845,-8889.450007257955803652
1380536.456762905465438962,-18117.486819126246700762,-36902.821569061561604030,-9301.195414082474599127
1382695.594274132279679179,-11924.904726733158895513,-39247.971265283522370737,-9700.102820909189176746
1385092.056114432634785771,-4712.743327739492087858,-40711.225476699873979669,-9861.360888155204520444
1387251.193625659449025989,1914.566415193479770096,-40967.203830219696101267,-9749.128542186652339296
1388745.363143630558624864,6482.916173539639203227,-40549.949758415103133302,-9529.741095554747516871
1389278.626070524798706174,8097.505590438148828980,-40284.082585243573703337,-9423.880745990700233961
1389811.888997419038787484,9699.845203359600418480,-39957.274084354874503333,-9303.762990649474886595
1391306.058515390148386359,14103.680312441460046102,-38721.564064449645229615,-8892.895275544611649821
1393465.196026616962626576,20158.537896194906352321,-36129.390655697025067639,-8114.328361581785429735
1395861.657866917317733169,26288.818992103977507213,-32208.984013931556546595,-7016.057872811644301692
1398020.795378144131973386,31130.996339126133534592,-27832.542077253765455680,-5842.416795493584686483
1399514.964896115241572261,34037.485711885870841797,-24393.632905863410996972,-4943.713718763198812667
1400048.227823009481653571,34978.714594872406451032,-23094.032355411934986478,-4608.198584751196904108
1400581.490749903721734881,35867.067578223162854556,-21759.521479804854607210,-4265.716903036126495863
1402075.660267874831333756,38063.421586698546889238,-17851.755577980613452382,-3273.450771749293380708
1404234.797779101645573974,40434.393503706261981279,-11843.690285113059871946,-1774.208267985918610066
1406631.259619402000680566,41893.531465932341234293,-4838.950346791576521355,-60.431483689104936730
1408790.397130628814920783,42116.392509999364847317,1604.415380040696163633,1486.687772154559979754
1410284.566648599924519658,41660.283920620931894518,6049.716849238976465131,2538.079082311468937405
1410817.829575494164600968,41377.480877375579439104,7621.579798404967732495,2906.669264413410473935
1411351.092502388404682279,41032.158239356234844308,9181.926872413510864135,3270.867269038534686842
1412845.262020359514281154,39736.393937069951789454,13472.567730919141467893,4263.270608028733477113
1415004.399531586328521371,37037.282409324259788264,19377.731916252963856095,5605.116767277765575272
1417400.861371886683627963,32973.019262886358774267,25365.160978978634375380,6930.878739810525075882
1419559.998883113497868180,28447.560333816221827874,30103.121293266482098261,7945.675384227997710695
1421054.168401084607467055,24896.632071496915159514,32952.498094683796807658,8534.238363488797403988
1421587.431327978847548366,23555.570870784158614697,33876.471149272729235236,8720.125381957364879781
1422120.694254873087629676,22178.915102089442370925,34749.253821796868578531,8892.834531439277270692
1423614.863772844197228551,18149.943269144179794239,36911.128924361022654921,9304.414974310835532378
1425774.001284071011468768,11960.930769770924598561,39256.600162746392015833,9703.317766773057883256
1428170.463124371366575360,4752.145166992049780674,40721.479744530035532080,9864.852995238847142900
1430329.600635598180815578,-1873.000147471960190160,40979.804857962131791282,9753.058108501782044186
1431823.770153569290414453,-6440.463380215232064074,40564.489278708613710478,9534.034860026415117318
1432357.033080463530495763,-8054.867938064772715734,40299.348804079614637885,9428.310161053010233445
1432890.296007357770577073,-9657.093587406861843192,39973.276051780849229544,9308.328877237841879833
1434384.465525328880175948,-14060.988158431029660278,38739.625573284312849864,8897.836428348891786300
1436543.603036555694416165,-20116.883961437564721564,36150.212976274284301326,8119.746109146765775222
1438940.064876856049522758,-26249.464024436867475742,32232.183858102533122292,7021.829386667007383949
1441099.202388082863762975,-31094.461005872009991435,27856.946542463836522074,5848.284166628000093624
1442593.371906053973361850,-34003.130535021467949264,24418.240778777901141439,4949.503948188612412196
1443126.634832948213443160,-34945.154042479603958782,23118.579438925360591384,4613.931764003687021614
1443659.897759842453524470,-35834.300668722200498451,21783.936487475995818386,4271.377543843261264556
1445154.067277813563123345,-38032.821179460966959596,17875.422585448068275582,3278.827704070465188124
1447313.204789040377363563,-40406.558377792673127260,11865.337943712223932380,1778.983179365732894439
1449709.666629340732470155,-41867.863549498651991598,4857.250021814334104420,64.329939595492874105
1451868.804140567546710372,-42091.545036227194941603,-1589.826646893420047491,-1483.685400644849778473
1453362.973658538656309247,-41635.269238230277551338,-6037.887645195036384393,-2535.706825374410072982
1453896.236585432896390557,-41352.253248767716286238,-7610.743671774154790910,-2904.516623576808342477
1454429.499512327136471868,-41006.636289297362964135,-9172.078195414780566352,-3268.929101037580494449
1455923.669030298246070743,-39709.618045539828017354,-13465.402506311958859442,-4261.893522428262258472
1458082.806541525060310960,-37007.634536411882436369,-19374.005721111163438763,-5604.396165032337194134
1460479.268381825415417552,-32938.938063731635338627,-25364.238352187894633971,-6930.584342545475010411
1462638.405893052229657769,-28408.699373089457367314,-30103.482416950668266509,-7945.425728539587908017
1464132.575411023339256644,-24854.240429310008039465,-32952.946815212599176448,-8533.812149102554030833
1464665.838337917579337955,-23511.907415499485068722,-33876.784176956272858661,-8719.594181065551310894
1465199.101264811819419265,-22133.984503121500893030,-34749.342373466824938077,-8892.176413201565083000
1466693.270782782929018140,-18101.545170063025580021,-36910.118679754239565227,-9303.287205366337730084
1468852.408294009743258357,-11907.979594544996871264,-39252.831969265120278578,-9701.235760254508932121
1471248.870134310098364949,-4695.218096714659623103,-40713.243906452691589948,-9861.397817875664259191
1473408.007645536912605166,1932.174944868872444204,-40966.606441323398030363,-9748.176130020923665143
1474902.177163508022204041,6500.326827527778732474,-40547.547038364238687791,-9528.116413047082460253
1475435.440090402262285352,8114.795400445395898714,-40281.041371882980456576,-9422.020398884880705737
1475968.703017296502366662,9716.988015905402789940,-39953.598990097038040403,-9301.669796203432269976
1477462.872535267611965537,14120.274002096093681757,-38716.145583015131705906,-8890.167646580006476142
1479622.010046494426205754,20173.992576577024010476,-36121.571889220438606571,-8110.743047311706504843
1482018.471886794781312346,26302.563329529148177244,-32198.730271830303536262,-7011.625373476445020060
1484177.609398021595552564,31142.839535805509513011,-27820.360246557982463855,-5837.336038589558484091
1485671.778915992705151439,34047.838705506852420513,-24380.290720591259741923,-4938.257116022146874457
1486205.041842886945232749,34988.505067699479695875,-23080.313708144254633226,-4602.623307098617260635
1486738.304769781185314059,35876.280739460278709885,-21745.447114447506464785,-4260.031380212574731559
1488232.474287752294912934,38070.945899190017371438,-17836.799453366067609750,-3267.502616462815694831
1490391.611798979109153152,40439.325378795714641456,-11827.775557038070473936,-1768.005827790683497369
1492788.073639279464259744,41895.446170317758515012,-4822.433188097337733780,-54.126559264644924951
1494947.211150506278499961,42115.536390940760611556,1621.044868601402413333,1492.920606593947695728
1496441.380668477388098836,41657.518662394366401713,6066.183122064250710537,2544.171543337343791791
1496974.643595371628180146,41374.041034023459360469,7637.940393763246902381,2912.694028593772600289
1497507.906522265868261456,41028.049011874434654601,9198.157070799541543238,3276.815232786218075489
1499002.076040236977860332,39730.445420825381006580,13488.302723088039783761,4268.955934491390507901
1501161.213551463792100549,37028.806140378212148789,19392.423914505565335276,5610.304527725214938982
1503557.675391764147207141,32961.985273192738532089,25378.271464628411195008,6935.364699094712705119
1505716.812902990961447358,28434.507520442271925276,30114.463479066369473003,7949.411394738223862078
1507210.982420962071046233,24882.368401485211506952,32962.449462243239395320,8537.400094403084949590
1507744.245347856311127543,23540.915296021645190194,33885.896671055728802457,8723.072710292410192778
1508277.508274750551208854,22163.889765069085115101,34758.139250110230932478,8895.563001929869642481
1509771.677792721660807729,18134.004456213511730311,36918.432184405275620520,9306.509329973134299507
1511930.815303948475047946,11944.008019747418074985,39261.469238666169985663,9704.453952488729555625
1514327.277144248830154538,4734.620992110973020317,40723.508618078587460332,9864.893793818682752317
1516486.414655475644394755,-1890.609381388441761374,40979.219213815042166971,9752.109942179398785811
1517980.584173446753993630,-6457.876154520395175496,40562.098814822835265659,9532.414561521476571215
1518513.847100340994074941,-8072.160394905209614080,40296.319946090668963734,9426.454221477431929088
1519047.110027235234156251,-9674.239578317246923689,39969.613367249461589381,9306.240100147617340554
1520541.279545206343755126,-14077.586509597687836504,38734.219414271821733564,8895.113172097197093535
1522700.417056433157995343,-20132.345292996425996535,36142.405802630986727308,8116.164926107376231812
1525096.878896733513101935,-26263.216754955923533998,32221.940167206772457575,7017.400546991430019261
1527256.016407960327342153,-31106.313536747078615008,27844.772886631082656095,5843.206523094158910681
1528750.185925931436941028,-34013.493093509350728709,24404.905312253955344204,4944.050051881184117519
1529283.448852825677022338,-34954.954073560089454986,23104.866976976951264078,4608.359047595905394701
1529816.711779719917103648,-35843.523334057797910646,21769.867772662750212476,4265.694438999687918113
1531310.881297691026702523,-38040.354592061092262156,17860.470637492053356254,3272.881585630714653234
1533470.018808917840942740,-40411.498141122363449540,11849.425458602590879309,1772.782318989769464679
1535866.480649218196049333,-41869.784050350717734545,4840.733475104199897032,58.026289890421480777
1538025.618160445010289550,-42090.692350018820434343,-1606.456329641381216788,-1489.916998145261686659
1539519.787678416119888425,-41632.505635746878397185,-6054.354233662797923898,-2541.797927867663020152
1540053.050605310359969735,-41348.814417972542287316,-7627.104534407876599289,-2910.539955776680017152
1540586.313532204600051045,-41002.527432868591859005,-9188.308563792928907787,-3274.875543641236617987
1542080.483050175709649920,-39703.668146118288859725,-13481.137136621324316366,-4267.576996306130240555
1544239.620561402523890138,-36999.154604392475448549,-19388.695943184808129445,-5609.581398097328928998
1546636.082401702878996730,-32927.898494883374951314,-25377.344720138135016896,-6935.066807600072934292
1548795.219912929693236947,-28395.640020074257336091,-30114.817871623450628249,-7949.157251480673039623
1550289.389430900802835822,-24839.970052321503317216,-32962.889486325861071236,-8536.968681749282040983
1550822.652357795042917132,-23497.245178051645780215,-33886.200288674117473420,-8722.536059463298443006
1551355.915284689282998443,-22118.952603094559890451,-34758.217677998618455604,-8894.899185283598853857
1552850.084802660392597318,-18085.600366822982323356,-36917.409849697563913651,-9305.375194840922631556
1555009.222313887206837535,-11891.052413384571991628,-39257.686342649954895023,-9702.364735261315217940
1557405.684154187561944127,-4677.692101451259986789,-40715.255756813690823037,-9861.430717923212796450
1559564.821665414376184344,1949.783060349774814313,-40966.002420593737042509,-9747.219734554464594112
1561058.991183385485783219,6517.736256165653685457,-40545.137746399290335830,-9526.487837231081357459
1561592.254110279725864530,8132.083698648779318319,-40277.993626941330148838,-9420.156201847667034599
1562125.517037173965945840,9734.129032490896861418,-39949.917414470670337323,-9299.572801026492015808
1563619.686555145075544715,14136.865115484766647569,-38710.720812814834062010,-8887.436385088702081703
1565778.824066371889784932,20189.443609599227784202,-36113.747243262776464690,-8107.154419057660561521
1568175.285906672244891524,26316.302937686112272786,-32188.471274221330531873,-7007.190009290265152231
1570334.423417899059131742,31154.677151113872241694,-27808.173860172293643700,-5832.252896631105613778
1571828.592935870168730617,34058.185607841434830334,-24366.944530985907476861,-4932.798495548714527104
1572361.855862764408811927,34998.289284464422962628,-23066.591265160914190346,-4597.046148832950166252
1572895.118789658648893237,35885.487489320774329826,-21731.369167722179554403,-4254.344116735274837993
1574389.288307629758492112,38078.463417455881426577,-17821.840375698342541000,-3261.553125987670682662
1576548.425818856572732329,40444.250049735426728148,-11811.858843549998709932,-1761.802664944771549926
1578944.887659156927838922,41897.353424461296526715,-4805.915174273680349870,-47.821612264773818879
1581104.025170383742079139,42114.672794071237149183,1637.674170750472967484,1499.152831704210939279
1582598.194688354851678014,41654.746015641649137251,6082.648488898414143478,2550.262965649939815194
1583131.457615249091759324,41370.593855296567198820,7654.299828481701297278,2918.717603538467301405
1583664.720542143331840634,41023.932513249943440314,9214.385855653110411367,3282.761858573741847067
1585158.890060114441439509,39724.489871540492458735,13504.035605729422968579,4274.639517755907036189
1587318.027571341255679727,37020.323328711529029533,19407.112843759128736565,5615.489997096469778626
1589714.489411641610786319,32950.945473687781486660,25391.377906117013480980,6939.847826056851772591
1591873.626922868425026536,28421.449709766806336120,30125.800846721187554067,7953.144158689859978040
1593367.796440839534625411,24868.100370121803280199,32972.395544708473607898,8540.558338543552963529
1593901.059367733774706721,23526.255599807031103410,33895.316755986546922941,8726.016475993839776493
1594434.322294628014788032,22148.860552726913738297,34767.019098024255072232,8898.287839309541595867
1595928.491812599124386907,18118.062487590781529434,36925.729507375443063211,9308.599884597842901712
1598087.629323825938627124,11927.083217743002023781,39266.331987289224343840,9705.586174495452723932
1600484.091164126293733716,4717.096048606982549245,40725.530914634910004679,9864.930562991990882438
1602643.228675353107973933,-1908.218206343318797735,40978.626939089801453520,9751.157792361796964542
1604137.398193324217572808,-6475.287709030091718887,40559.701779369592259172,9530.790369153028223081
1604670.661120218457654119,-8089.451345554944055039,40293.284556530554255005,9424.594431283179801540
1605203.924047112697735429,-9691.383778908506428706,39965.944201019672618713,9304.147521506973134819
1606698.093565083807334304,-14094.182290056325655314,38728.806965215313539375,8892.386282136556474143
1608857.231076310621574521,-20147.802982226792664733,36134.592746948466810863,8112.580427433366821788
1611253.692916610976681113,-26276.964760162620223127,32211.691217100578796817,7012.968840434895355429
1613412.830427837790921330,-31118.160488911471475149,27832.594670747792406473,5838.126492310107096273
1614906.999945808900520205,-34023.849562369025079533,24391.565836831905471627,4938.594135643896152033
1615440.262872703140601516,-34964.747849869709170889,23091.150714728355524130,4602.784448400278051849
1615973.525799597613513470,-35852.739588940516114235,21755.795471905348676955,4260.009591362472747278
1617467.695317568723112345,-38047.881210344399733003,17845.515732083786133444,3266.934130024691967265
1619626.832828795537352562,-40416.430698873664368875,11833.510984318179907859,1766.580734375499559974
1622023.294669095892459154,-41871.697098387907317374,4824.216070670854605851,51.722616630316395003
1624182.432180322706699371,-42089.832182833262777422,-1623.085827213838456373,-1496.147986647961488416
1625676.601698293816298246,-41629.734641448361799121,-6070.819916337702125020,-2547.887991509759103792
1626209.864625188056379557,-41345.368248530314303935,-7643.464236221117971581,-2916.562098436620090069
1626743.127552082296460867,-40998.411302073800470680,-9204.537518078284847434,-3280.820647816373821115
1628237.297070053406059742,-39697.711210741064860485,-13496.869655794776917901,-4273.258726078925974434
1630396.434581280220299959,-36990.668127607517817523,-19403.383093260759778786,-5614.764338637419314182
1632792.896421580575406551,-32916.853115653335407842,-25390.447039711045363219,-6939.546438475164904958
1634952.033932807389646769,-28382.575670847709261579,-30126.148503257812990341,-7952.885525860952839139
1636446.203450778499245644,-24825.695316324454324786,-32972.826867259966093116,-8540.121725659011644893
1636979.466377672739326954,-23482.578821950268320506,-33895.610958444893185515,-8725.474373306604320533
1637512.729304566979408264,-22103.916830999998637708,-34767.087397057483030949,-8897.618322391155743389
1639006.898822538089007139,-18069.652412400635512313,-36924.695077719057735521,-9307.459381652719457634
1641166.036333764903247356,-11874.123186420067213476,-39262.534384633734589443,-9703.489745467959437519
1643562.498174065258353949,-4660.165345218186303100,-40717.261027410022506956,-9861.459588284040364670
1645721.635685292072594166,1967.390758361914095076,-40965.391768056579167023,-9746.259356177650261088
1647215.805203263182193041,6535.144456222804365098,-40542.721882822253974155,-9524.855368771726716659
1647749.068130157422274351,8149.370481842794106342,-40274.939350818487582728,-9418.288155640289915027
1648282.331057051662355661,9751.268249940374516882,-39946.229357972828438506,-9297.472005974988860544
1649776.500575022771954536,14153.453649540691912989,-38705.289754613717377651,-8884.701492186133691575
1651935.638086249586194754,20204.890992415916116443,-36105.916718959226273000,-8103.562478285277393297
1654332.099926549941301346,26330.037814056846400490,-32178.207022617360053118,-7002.751782064564395114
1656491.237437776755541563,31166.509182894282275811,-27795.982919910315104062,-5827.167371694236862822
1657985.406955747865140438,34068.526417014349135570,-24353.594339043305808445,-4927.337859572239722183
1658518.669882642105221748,35008.067243398036225699,-23052.865028517317114165,-4591.467112231932333088
1659051.932809536345303059,35894.687826144167047460,-21717.287641740596882300,-4248.655114926923488383
1660546.102327507454901934,38085.974140153164626099,-17806.878347229721839540,-3255.602302753620278963
1662705.239838734269142151,40449.167515668290434405,-11795.940147056724526919,-1755.598781981502270355
1665101.701679034624248743,41899.253228069304896053,-4789.396307831384547171,-41.516645264342116661
1667260.839190261438488960,42113.801719612893066369,1654.303283949827573451,1505.384444940214507369
1668755.008708232548087835,41651.965980939290602691,6099.112947221230569994,2556.353346761625289219
1669288.271635126788169146,41367.139341896479891147,7670.658100053711677901,2924.739986787569705484
1669821.534562021028250456,41019.808744308356835973,9230.613224485008686315,3288.707143972604171722
1671315.704079992137849331,39718.527290381032798905,13519.766376422758185072,4280.321355501192556403
1673474.841591218952089548,37011.833975956113135908,19421.798701742729463149,5620.673173273825341312
1675871.303431519307196140,32939.899866473097063135,25404.480301405052159680,6944.328118866008480836
1678030.440942746121436357,28408.386904260296432767,30137.133394453547225567,7956.873674558358288778
1679524.610460717231035233,24853.827980097168619977,32982.336340509544243105,8543.713094620243282407
1680057.873387611471116543,23511.591784901702339994,33904.731402573917875998,8728.956677859281626297
1680591.136314505711197853,22133.827467891078413231,34775.893364128627581522,8901.009042465317179449
1682085.305832476820796728,18102.117366268208570546,36933.020892098953481764,9310.686637330994926742
1684244.443343703635036945,11910.156366923925816081,39271.188407810346689075,9706.714432330625641043
1686640.905184003990143538,4699.570339747794605501,40727.546633824626042042,9864.963302743582971743
1688800.042695230804383755,-1925.826619062587496956,40978.028033810362103395,9750.201659437740090652
1690294.212213201913982630,-6492.698040513440901123,40557.298172648850595579,9529.162283584370015888
1690827.475140096154063940,-8106.740786807814401982,40290.242635797061666381,9422.730791229809256038
1691360.738066990394145250,-9708.526186004031842458,39962.268553586538473610,9302.051142170568709844
1692854.907584961503744125,-14110.775496738573565381,38723.388226877919805702,8889.655759580817175447
1695014.045096188317984343,-20163.257026280629361281,36126.773810360486095306,8108.992614589048571361
1697410.506936488673090935,-26290.708037535783660132,32201.437009296030737460,7008.534268807994521922
1699569.644447715487331152,-31130.001860204753029393,27820.411896627872920362,5833.044076351486182830
1701063.813965686596930027,-34034.199939721700502560,24378.222354508718126453,4933.136201706091924279
1701597.076892580837011337,-34974.535369635756069329,23077.430654236268310342,4597.207968694684495858
1702130.339819475077092648,-35861.949431705317692831,21741.719587318879348459,4254.323003255035473558
1703624.509337446186691523,-38055.401032963840407319,17830.557871479799359804,3260.985339683268193767
1705783.646848673000931740,-40421.356050186346692499,11817.594523272198784980,1760.378428057822702613
1708180.108688973356038332,-41873.602693314875068609,4807.697811031307537633,45.418922391967328167
1710339.246200200170278549,-42088.964534892467781901,-1639.715137065987391907,-1502.378363605750564602
1711833.415718171279877424,-41626.956255912285996601,-6087.284690692660660716,-2553.977013811038432323
1712366.678645065519958735,-41341.914741144079016522,-7659.822774700408444915,-2922.583049094713260274
1712899.941571959760040045,-40994.287897740432526916,-9220.765055774794745957,-3286.764411132549867034
1714394.111089930869638920,-39691.747240576900367159,-13512.600061405140877469,-4278.938709423829095613
1716553.248601157683879137,-36982.175107693445170298,-19418.067169062047469197,-5619.944984533653951075
1718949.710441458038985729,-32905.801928149063314777,-25403.545308862292586127,-6944.023233339280523069
1721108.847952684853225946,-28369.506327887131192256,-30137.474310072680964367,-7956.610550156102362962
1722603.017470655962824821,-24811.416224016622436466,-32982.758956442317867186,-8543.271279542565025622
1723136.280397550202906132,-23467.908349964156514034,-33905.016184775042347610,-8728.409121394070098177
1723669.543324444442987442,-22088.877189673461543862,-34775.951529231191670988,-8900.333823412425772403
1725163.712842415552586317,-18053.701309795746055897,-36931.974362645312794484,-9309.539764949486198020
1727322.850353642366826534,-11857.191916825007865555,-39267.376094411920348648,-9704.610790414295479422
1729719.312193942721933126,-4642.637831289640416799,-40719.259717869455926120,-9861.484428946052503306
1731878.449705169536173344,1984.998035625861575681,-40964.774483739194693044,-9745.294995282722084085
1733372.619223140645772219,6552.551424463785224361,-40540.299447936951764859,-9523.219008335949183675
1733905.882150034885853529,8166.655746817039471352,-40271.878543916245689616,-9416.416261025964558939
1734439.145076929125934839,9768.405665073340060189,-39942.534821102701243944,-9295.367411907258428982
1735933.314594900235533714,14170.039601192580448696,-38699.852409179329697508,-8881.962968989771979977
1738092.452106127049773932,20220.334722177529329201,-36098.080317448133428115,-8099.967226462252256169
1740488.913946427404880524,26343.767956120096641826,-32167.937518534861737862,-6998.310693612833347288
1742648.051457654219120741,31178.335628987300879089,-27783.787427589857543353,-5822.079465856892056763
1744142.220975625328719616,34078.861131148340064101,-24340.240146763848315459,-4921.875210323904866527
1744675.483902519568800926,35017.838942729336849879,-23039.135000273356126854,-4585.886199575114005711
1745208.746829413808882236,35903.881748268431692850,-21703.202538619083497906,-4242.964377111990870617
1746702.916347384918481112,38093.478065937888459302,-17791.913370217280316865,-3249.650149192080789362
1748862.053858611732721329,40454.077775736936018802,-11780.019469971040962264,-1749.394181435641485223
1751258.515698912087827921,41901.145580848671670537,-4772.876591286080838472,-35.211660839375099386
1753417.653210138902068138,42112.923167789042054210,1670.932205656690939577,1511.615443755928936298
1754911.822728110011667013,41649.178558865496597718,6115.576494507944516954,2562.442684184080462728
1755445.085655004251748323,41363.677494526571535971,7687.015205968217742338,2930.761175880540122307
1755978.348581898491829634,41015.677705877140397206,9246.839174801649278379,3294.651086553764343989
1757472.518099869601428509,39712.557678515033330768,13535.495032743387127994,4286.001445405829144875
1759631.655611096415668726,37003.338083746602933388,19436.481486181728541851,5625.854054139570507687
1762028.117451396770775318,32928.848453653408796526,25417.578648449947650079,6948.805575691587364418
1764187.254962623585015535,28395.319106396505958401,30148.461120483370905276,7960.599940819798575831
1765681.424480594694614410,24839.551234105172625277,32992.271848074247827753,8546.864361344019926037
1766214.687407488934695721,23496.923854070482775569,33914.140609324451361317,8731.893314687236852478
1766747.950334383174777031,22118.790513393199944403,34784.762047011026879773,8903.726610285162678338
1768242.119852354284375906,18086.169095241421018727,36940.306337401612836402,9312.769587319720812957
1770401.257363581098616123,11893.227470459747564746,39276.038499423266330268,9707.838725532927128370
1772797.719203881453722715,4682.043868804146768525,40729.555775272710889112,9864.992013059691089438
1774956.856715108267962933,-1943.434616269584012116,40977.422498000538325869,9749.241543797483245726
1776451.026233079377561808,-6510.107145737179052958,40554.887994960663490929,9527.530305480326205725
1776984.289159973617643118,-8124.028715455362544162,40287.194184288135147654,9420.863302078407286899
1777517.552086867857724428,-9725.666796425030042883,39958.586425445282657165,9299.950962994602377876
1779011.721604838967323303,-14127.366126574197551236,38717.963200023034005426,8886.921605545316197095
1781170.859116065781563520,-20178.707422308474633610,36118.948994001322716940,8105.401489040129490604
1783567.320956366136670113,-26304.446584553323191358,32191.177545305821695365,7004.096833922549194540
1785726.458467592950910330,-31141.837648465989332180,27808.224566085838887375,5827.959277294965431793
1787220.627985564060509205,-34044.544223688288184348,24364.874867281876504421,4927.676252297979772266
1787753.890912458300590515,-34984.316631085333938245,23063.706797557810205035,4591.629610757810041832
1788287.153839352540671825,-35871.152860689260705840,21727.640121015214390354,4248.634677000639385369
1789781.323357323650270700,-38062.914058574235241394,17815.597057933002361096,3255.035217036921949330
1791940.460868550464510918,-40426.274194201650971081,11801.676077873758913483,1754.175402570923779422
1794336.922708850819617510,-41875.500834837133879773,4791.178698698031439562,39.115209751102952396
1796496.060220077633857727,-42088.089406418519502040,-1656.344256657851246928,-1508.608126472772255511
1797990.229738048743456602,-41624.170479715758119710,-6103.748554205547407037,-2560.064992283355877589
1798523.492664942983537912,-41338.453896516162785701,-7676.180147337274320307,-2928.602805290616288403
1799056.755591837223619223,-40990.157220694978605025,-9236.991174391450840631,-3292.706831160948695469
1800550.925109808333218098,-39685.776236793011776172,-13528.328351030297199031,-4284.616944019775473862
1802710.062621035147458315,-36973.675546284270239994,-19432.748168316662486177,-5625.123333668973828026
1805106.524461335502564907,-32894.744934474780166056,-25416.639525552171107847,-6948.497190362946639652
1807265.661972562316805124,-28356.431993665675690863,-30148.795290291182027431,-7960.332322843825750169
1808759.831490533426403999,-24797.132778091025102185,-32992.685752304096240550,-8546.417342112787082442
1809293.094417427666485310,-23453.233764857177447993,-33914.415966174659843091,-8731.340302526305094943
1809826.357344321906566620,-22073.833681945474381791,-34784.810073110980738420,-8903.045687237608944997
1811320.526862293016165495,-18037.747062002446909901,-36939.247703305911272764,-9311.616343880910790176
1813479.664373519830405712,-11840.258607766667410033,-39272.211471182185050566,-9705.727869641965298797
1815876.126213820185512304,-4625.109562933044799138,-40721.251827820909966249,-9861.505239898739091586
1818035.263725046999752522,2002.604888869279648134,-40964.150567669035808649,-9744.326652263267533272
1819529.433243018109351397,6569.957157660380289599,-40537.870442046820244286,-9521.578756591821729671
1820062.696169912349432707,8183.939490368353290251,-40268.811206635829876177,-9414.540518768961192109
1820595.959096806589514017,9785.541274716521002119,-39938.833804358706402127,-9293.259019682614962221
1822090.128614777699112892,14186.622967376330052502,-38694.408777277807530481,-8879.220816617842501728
1824249.266126004513353109,20235.774796041470835917,-36090.238039865551399998,-8096.368665056704230665
1826645.727966304868459702,26357.493361361113784369,-32157.662763487031043041,-6993.866745748598987120
1828804.865477531682699919,31190.156487239408306777,-27771.587385024664399680,-5816.989181196719073341
1830299.034995502792298794,34089.189748371609312017,-24326.881956143370189238,-4916.410550034364860039
1830832.297922397032380104,35027.604380692617269233,-23025.401182484245509841,-4580.303413141435157740
1831365.560849291272461414,35913.069254036614438519,-21689.113860469078645110,-4237.271905614255047112
1832859.730367262382060289,38100.975193470629164949,-17776.945446912799525307,-3243.696667733550384582
1835018.867878489196300507,40458.980829087711754255,-11764.096814699991227826,-1743.188865840737889812
1837415.329718789551407099,41903.030482508984277956,-4756.356027147344320838,-28.906661564379589890
1839574.467230016365647316,42112.037138824729481712,1687.560933334468700195,1517.845825607072129060
1841068.636747987475246191,41646.383749999506107997,6132.039128239983256208,2568.530975430868693365
1841601.899674881715327501,41360.208313891060242895,7703.371143720321924775,2936.781168358768354665
1842135.162601775955408812,41011.539398784436343703,9263.063704115607833955,3300.593683890149804938
1843629.332119747065007687,39706.581037110503530130,13551.221572272699631867,4291.679785150467068888
1845788.469630973879247904,36994.835653716669185087,19451.161194807260471862,5631.032637578155117808
1848184.931471274234354496,32917.791237331577576697,25430.672945214493665844,6953.280194705213943962
1850344.068982501048594713,28382.246318646612053271,30159.784023035481368424,7964.322955952484335285
1851838.238500472158193588,24825.270134836642682785,33002.202065834841050673,8550.012137427935158485
1852371.501427366398274899,23482.251810075009416323,33923.544374749086273368,8734.826385278387533617
1852904.764354260638356209,22103.749692061508540064,34793.625145263329613954,8906.440541659188966150
1854398.933872231747955084,18070.217677502303558867,36947.585842112988757435,9314.848733713250112487
1856558.071383458562195301,11876.296531515830793069,39280.882261324797582347,9708.959053643035076675
1858954.533223758917301893,4664.516639042292808881,40731.558338606570032425,9865.016693928393578972
1861113.670734985731542110,-1961.042194692258590294,40976.810331685832352377,9748.277445832956800587
1862607.840252956841140985,-6527.515021472696389537,40552.471246606372005772,9525.894435507248999784
1863141.103179851081222296,-8141.315128293794259662,40284.139202402890077792,9418.991964591510622995
1863674.366106745321303606,-9742.805606997362701804,39954.897817092198238242,9297.846984836658521090
1865168.535624716430902481,-14143.954176497541993740,38712.531885414799035061,8884.183821146632908494
1867327.673135943245142698,-20194.154167465283535421,36111.118299005407607183,8101.807052253333495173
1869724.134976243600249290,-26318.180398697291821009,32180.912826642295840429,6999.656537591134110698
1871883.272487470414489508,-31153.667851538109971443,27796.032680935441021575,5822.872097217724331131
1873377.442005441524088383,-34054.882412393388221972,24351.523377147881546989,4922.214289650114551478
1873910.704932335764169693,-34994.091632449177268427,23049.979146749104984337,4586.049376868622857728
1874443.967859230004251003,-35880.349874231571448036,21713.557075107579294126,4242.944614923369954340
1875938.137377201113849878,-38070.420285832573426887,17800.633293697675981093,3249.083764516818519041
1878097.274888427928090096,-40431.185130062993266620,11785.755650533346852171,1747.971660449459932352
1880493.736728728283196688,-41877.391522662488569040,4774.658736184844201489,32.811481283680564047
1882652.874239955097436905,-42087.206797635975817684,-1672.973183448167219467,-1514.837272703167627697
1884147.043757926207035780,-41621.377313438446435612,-6120.211504353014788649,-2566.151924438725927757
1884680.306684820447117090,-41334.985715351584076416,-7692.536351622043184761,-2934.621364564199666347
1885213.569611714687198400,-40986.019271766723250039,-9253.215871436050292687,-3298.647905473025275569
1886707.739129685796797276,-39679.798200559518591035,-13544.054522247033673921,-4290.293427546133898431
1888866.876640912611037493,-36965.169445017068937887,-19447.426088751664792653,-5630.299383926984774007
1891263.338481212966144085,-32883.682136737807013560,-25429.729687740313238464,-6952.968307717605966900
1893422.475992439780384302,-28343.352670659638533834,-30160.111442136043478968,-7964.050842402941270848
1894916.645510410889983177,-24782.844981243844813434,-33002.607253276342817117,-8549.559912083757808432
1895449.908437305130064487,-23438.555069396337785292,-33923.810301153753243852,-8734.267915505208293325
1895983.171364199370145798,-22058.786310649684310192,-34793.663027288115699776,-8905.753912758225851576
1897477.340882170479744673,-18021.789672017966950079,-36946.515098530617251527,-9313.689117598130906117
1899636.478393397293984890,-11823.323262415340650477,-39277.040514142739993986,-9706.840982694187914603
1902032.940233697649091482,-4607.580543418693196145,-40723.237356894373078831,-9861.522021133263478987
1904192.077744924463331699,2020.211314817166567082,-40963.520019875038997270,-9743.354327514600299764
1905686.247262895572930574,6587.361652581865200773,-40535.434865456983970944,-9519.934614209190840484
1906219.510189789813011885,8201.221709291143270093,-40265.737339380233606789,-9412.660929635345382849
1906752.773116684053093195,9802.675075694320184994,-39935.126308241022343282,-9291.146830162171681877
1908246.942634655162692070,14203.203745025755779352,-38688.958859677251894027,-8876.475036190371611156
1910406.080145881976932287,20251.211211163452389883,-36082.389887349781929515,-8092.766795538514088548
1912802.541986182332038879,26371.214027263955358649,-32147.382758989675494377,-6989.419940287061763229
1914961.679497409146279097,31201.971755496386322193,-27759.382794031349476427,-5811.896519792904655333
1916455.849015380255877972,34099.512266812009329442,-24313.519769180707953637,-4910.943880935705237789
1916989.111942274495959282,35037.363555521944363136,-23011.663577208208153024,-4574.718755211222742219
1917522.374869168736040592,35922.250341791659593582,-21675.021609405102935852,-4231.577702758839222952
1919016.544387139845639467,38108.465521412144880742,-17761.974579571193316951,-3237.741860809741410776
1921175.681898366659879684,40463.876674867628025822,-11748.172183653796309954,-1736.982837731336985598
1923572.143738667014986277,41904.907932761088886764,-4739.834617927897852496,-22.601650014595236371
1925731.281249893829226494,42111.143632946768775582,1704.189464443534006932,1524.075587948886777667
1927225.450767864938825369,41643.581554922609939240,6148.500845895857310097,2574.618218015262300469
1927758.713694759178906679,41356.731800696317804977,7719.725910802262660582,2942.799961763419560157
1928291.976621653418987989,41007.393823860598786268,9279.286809936624194961,3306.534933554533836286
1929786.146139624528586864,39700.597367337963078171,13566.945992589429806685,4297.356372415797522990
1931945.283650851342827082,36986.326687502907589078,19465.837825348138721893,5636.208921474354610837
1934341.745491151697933674,32906.728219613614783157,25443.763189659537601983,6957.751974079134924978
1936500.883002378512173891,28369.168543485113332281,30171.102100333191629034,7968.042718435592178139
1937995.052520349621772766,24810.984684985778585542,33012.126992222401895560,8553.156421586079886765
1938528.315447243861854076,23467.575655680269846926,33932.942697357670112979,8737.755888434516236885
1939061.578374138101935387,22088.705006727654108545,34802.482657476430176757,8909.150835478685621638
1940555.747892109211534262,18054.263116046189679764,36954.859405062001314946,9316.924075662123868824
1942714.885403336025774479,11859.363553260938715539,39285.719692711631068960,9710.075416203098939150
1945111.347243636380881071,4646.988653731671547575,40733.554323454001860227,9865.037345339378589415
1947270.484754863195121288,-1978.649351055653824005,40976.191534892670460977,9747.309365937775510247
1948764.654272834304720163,-6544.921664488686474215,40550.047927888495905790,9524.254674333213188220
1949297.917199728544801474,-8158.600022116702348285,40281.077690541722404305,9417.116779533414955949
1949831.180126622784882784,-9759.942614544374009711,39951.202729024938889779,9295.739208556091398350
1951325.349644593894481659,-14160.539643440732106683,38707.094283818973053712,8881.442407503114736755
1953484.487155820708721876,-20209.597258904268528568,36103.281726509114378132,8098.209305697107083688
1955880.948996121063828468,-26331.909477448556572199,32170.642854820092907175,6995.213381627950184338
1958040.086507347878068686,-31165.492467263349681161,27783.836242992991174106,5817.782538198443035071
1959534.256025318987667561,-34065.214503961258742493,24338.167886105951765785,4916.750315994430820865
1960067.518952213227748871,-35003.860371957765892148,23036.247703869012184441,4580.467269307428068714
1960600.781879107467830181,-35889.540470671607181430,21699.470451711356872693,4237.252819348452248960
1962094.951397078577429056,-38077.919713396302540787,17785.666581030298402766,3243.130984555113172974
1964254.088908305391669273,-40436.088856914720963687,11769.833243663626490161,1741.767204228841592339
1966650.550748605746775866,-41879.274756500046350993,4758.137926007679197937,26.507739566123177610
1968809.688259832561016083,-42086.316708770915283822,-1689.601914893662979011,-1521.065799750883797969
1970303.857777803670614958,-41618.576757661758165341,-6136.673538609806200839,-2572.237807789154885540
1970837.120704697910696268,-41331.510198357100307476,-7708.891385043177251646,-2940.638724455396186386
1971370.383631592150777578,-40981.874051786726340652,-9269.439144414587644860,-3304.587631640363269980
1972864.553149563260376453,-39673.813133048424788285,-13559.778572630479175132,-4295.968157682591481716
1975023.690660790074616671,-36956.656805530918063596,-19462.100928092717367690,-5635.473133191869237635
1977420.152501090429723263,-32872.613537047662248369,-25442.815793385267170379,-6957.436583575537952129
1979579.290012317243963480,-28330.268361347571044462,-30171.422763829184987117,-7967.766107313328575401
1981073.459530288353562355,-24768.552836173530522501,-33012.523457789451640565,-8552.698988170765005634
1981606.722457182593643665,-23423.872266350943391444,-33933.199188221784424968,-8737.191959133919226588
1982139.985384076833724976,-22043.735078622048604302,-34802.510390353352704551,-8908.458498867081289063
1983634.154902047943323851,-18005.829142841816064902,-36953.776547149020188954,-9315.758085253666649805
1985793.292413274757564068,-11806.385883943488806835,-39281.863222491971100681,-9707.950129115701201954
1988189.754253575112670660,-4590.050776018833857961,-40725.216304720262996852,-9861.534772642420648481
1990348.891764801926910877,2037.817310192810964509,-40962.882840386817406397,-9742.378021433731191792
1991843.061282773036509752,6604.764905996014931588,-40532.992718473433342297,-9518.286581859589205123
1992376.324209667276591063,8218.502400378385573276,-40262.656942553323460743,-9410.777494392854350735
1992909.587136561516672373,9819.807064829752562218,-39931.412333250831579790,-9289.030844208709822851
1994403.756654532626271248,14219.781931073493979056,-38683.502657146927958820,-8873.725628829022753052
1996562.894165759440511465,20266.643964698349009268,-36074.535861040443705861,-8089.161619379093281168
1998959.356006059795618057,26384.929951312205957947,-32137.097506559963221662,-6984.970279044801827695
2001118.493517286609858274,31213.781431603889359394,-27747.173656427887181053,-5806.801483725843354478
2002612.663035257719457150,34109.828684597479877993,-24300.153587876055098604,-4905.475205261076553143
2003145.925962151959538460,35047.116465451559633948,-22997.922186504827550380,-4569.132228065813251305
2003679.188889046199619770,35931.425009876766125672,-21660.925787542993930401,-4225.881770871813387203
2005173.358407017309218645,38115.949048423732165247,-17747.000770448707044125,-3231.785730853147924790
2007332.495918244123458862,40468.765312224510125816,-11732.245579243919564760,-1730.776099642502913412
2009728.957758544478565454,41906.777931316806643736,-4723.312366141546590370,-16.296628765472746636
2011888.095269771292805672,42110.242650383021100424,1720.817796443348242974,1530.304728236688333709
2013382.264787742402404547,41640.771974217241222505,6164.961644953305949457,2580.704409450802359061
2013915.527714636642485857,41353.247955649821960833,7736.079504705556246336,2948.817553635994045180
2014448.790641530882567167,41003.240981937109609134,9295.508489773785186117,3312.474833120089897420
2015942.960159501992166042,39694.606670369088533334,13582.668291271795169450,4303.031204883092868840
2018102.097670728806406260,36977.811186742939753458,19480.511375532834790647,5641.382903713773885102
2020498.559511029161512852,32895.659402606499497779,25456.849379745832266053,6962.220911986672035709
2022657.697022255975753069,28356.085783387305127690,30182.415350599829253042,7971.759226749566551007
2024151.866540227085351944,24796.694887247442238731,33022.046625668146589305,8556.297212533931087819
2024685.129467121325433254,23452.895393651906488230,33942.335575660283211619,8740.681822958802513313
2025218.392394015565514565,22073.656460223864996806,34811.334582241455791518,8911.857490636355578317
2026712.561911986675113440,18038.305413868776668096,36962.127025077883445192,9318.995612318363782833
2028871.699423213489353657,11842.428538863934591063,39290.550792780777555890,9711.187812756821585936
2031268.161263513844460249,4629.459916141539906675,40735.543729443139454816,9865.053967283916790620
2033427.298774740658700466,-1996.256082085239768276,40975.566107647726312280,9746.337304507120279595
2034921.468292711768299341,-6562.327071554465874215,40547.618039109802339226,9522.611022627814236330
2035454.731219606008380651,-8175.883393718369006820,40278.009649105209973641,9415.237747669896634761
2035987.994146500248461962,-9777.077815890153942746,39947.501161741332907695,9293.627635013712279033
2037482.163664471358060837,-14177.122524336791684618,38701.650396001372428145,8878.697365734476989019
2039641.301175698172301054,-20225.036693779715278652,36095.439277648794814013,8094.608250841102744744
2042037.763015998527407646,-26345.633818289228656795,32160.367631353539763950,6990.767367848170579236
2044196.900527225341647863,-31177.311493485300161410,27771.635254074211843545,5812.690602316525655624
2045691.070045196451246738,-34075.540496517511201091,24324.808396154476213269,4911.284333563409745693
2046224.332972090691328049,-35013.622847842940245755,23022.512470975456380984,4574.883290355011922657
2046757.595898984931409359,-35898.724648350122151896,21685.380252940907666925,4231.559292601524248312
2048251.765416956041008234,-38085.412339924216212239,17770.696922186081792461,3237.176879584174912452
2050410.902928182855248451,-40440.985373902316496242,11753.908859675695566693,1735.562036444405975999
2052807.364768483210355043,-41881.150536059838486835,4741.616270680595334852,20.203987174460792176
2054966.502279710024595261,-42085.419140050151327159,-1706.230448453173039525,-1527.293705070539090229
2056460.671797681134194136,-41615.768812967595295049,-6153.134654452896938892,-2578.322639847505342914
2056993.934724575374275446,-41328.027346239847247489,-7725.245245091413380578,-2946.654882505056775699
2057527.197651469614356756,-40977.721561586302414071,-9285.660990835351185524,-3310.526007235525412398
2059021.367169440723955631,-39667.821035431763448287,-13575.500499758112709969,-4301.641132109973113984
2061180.504680667538195848,-36948.137629464508790988,-19476.772684067851514556,-5640.644579349159357662
2063576.966520967893302441,-32861.539137512867455371,-25455.897840447891212534,-6961.902016110563636175
2065736.104032194707542658,-28317.179068206558440579,-30182.729253594789042836,-7971.478116056530780043
2067230.273550165817141533,-24754.256345576730382163,-33022.434364275984989945,-8555.834569090802688152
2067763.536477060057222843,-23409.185358488346537342,-33942.582625890325289220,-8740.112432217307286919
2068296.799403954297304153,-22028.679988696432701545,-34811.352160899521550164,-8911.159444458729922189
2069790.968921925406903028,-17989.865477471059421077,-36961.032047992543084547,-9317.823246001806182903
2071950.106433152221143246,-11789.446475520693638828,-39286.679595429755863734,-9709.055308452992903767
2074346.568273452576249838,-4572.520264002450858243,-40727.188670930132502690,-9861.543494420662682387
2076505.705784679390490055,2055.422871723013031442,-40962.239029234762710985,-9741.397734419182597776
2077999.875302650500088930,6622.166914674233339611,-40530.544001402602589224,-9516.634660215953772422
2078533.138229544740170240,8235.781560426723444834,-40259.570016559351643082,-9408.890213810585919418
2079066.401156439213082194,9836.937238950251412462,-39927.691879889454867225,-9286.911062686272998690
2080560.570674410322681069,14236.357522456637525465,-38678.040170455889892764,-8870.972595656572593725
2082719.708185637136921287,20282.073053805419476703,-36066.675962076478754170,-8085.553138050760935585
2085116.170025937492027879,26398.641130993699334795,-32126.807007713912753388,-6980.517763839034159901
2087275.307537164306268096,31225.585513411555439234,-27734.959974030709418003,-5801.704075076305343828
2088769.477055135415866971,34120.138999859773321077,-24286.783414227804314578,-4900.004525243828538805
2089302.739982029655948281,35056.863108719429874327,-22984.177012431795446901,-4563.543833986682329851
2089836.002908923896029592,35940.593256638749153353,-21646.826396996642870363,-4220.184112279327564465
2091330.172426895005628467,38123.425773169969033916,-17732.024021799377806019,-3225.828280296157572593
2093489.309938121819868684,40473.646740309050073847,-11716.317003879372350639,-1724.568654108942155290
2095885.771778422407805920,41908.640477890417969320,-4706.789274298762393300,-9.991600391667191161
2098044.909289649222046137,42109.334191363312129397,1737.445926796804315018,1536.533243926812929203
2099539.078807620331645012,41637.955008467411971651,6181.421522893513611052,2586.789547252191368898
2100072.341734514571726322,41349.756779460556572303,7752.431922925161416060,2954.833941519202653581
2100605.604661408346146345,40999.080873847204202320,9311.728741138245823095,3318.413380160934593732
2102099.774179379455745220,39688.608947377018921543,13598.388465900092342054,4308.704280234700490837
2104258.911690606269985437,36969.289153075551439542,19495.181843091901100706,5646.554582183265665662
2106655.373530906625092030,32884.584788417989329901,25469.931513436145905871,6966.687006602561268664
2108814.511042133439332247,28342.998040828977536876,30193.723772060737246647,7975.472479376380761096
2110308.680560104548931122,24782.400744316822965629,33031.960964605204935651,8559.434508988546440378
2110841.943486998789012432,23438.211026755798229715,33951.723008168824890163,8743.604187656050271471
2111375.206413893029093742,22058.604055382540536812,34820.180918151374498848,8914.560506026546136127
2112869.375931864138692617,18022.344573965798190329,36969.388700991621590219,9321.063342835688672494
2115028.513443090952932835,11825.491491493476132746,39295.375560730986762792,9712.296242849648479023
2117424.975283391308039427,4611.930429540714612813,40737.526556203782092780,9865.066559755014168331
2119584.112794618122279644,-2013.862384507139040579,40974.934049979354313109,9745.361261937870949623
2121078.282312589231878519,-6579.731239440107856353,40545.181580574680992868,9520.963481062295613810
2121611.545239483471959829,-8193.165239893871330423,40274.935078495582274627,9413.354869768372736871
2122144.808166377712041140,-9794.211207859638307127,39943.793115740823850501,9291.512265071945876116
2123638.977684348821640015,-14193.702816119712224463,38696.200222729406959843,8875.948696961990208365
2125798.115195575635880232,-20240.472469247051776620,36087.590953562314098235,8091.003889156415425532
2128194.577035875990986824,-26359.353418702710769139,32150.087157758498506155,6986.318498068269946089
2130353.714547102805227041,-31189.124928049001027830,27759.429715996389859356,5807.596291652521358628
2131847.884065073914825916,-34085.860388189357763622,24311.444909293451928534,4905.816344590555672767
2132381.146991968154907227,-35023.379058338199683931,23008.773450128031981876,4569.297442293132917257
2132914.409918862394988537,-35907.902405609595007263,21671.286480912298429757,4225.864037009152525570
2134408.579436833504587412,-38092.898164076963439584,17755.724319422020926140,3231.221452037168091920
2136567.716948060318827629,-40445.874680173401429784,11737.982500982487181318,1729.356159632072831300
2138964.178788360673934221,-41883.018861054268199950,4725.093772719501430402,13.900226685062079923
2141123.316299587488174438,-42084.514091703058511484,-1722.858781583710879204,-1533.520986116644508002
2142617.485817558597773314,-41612.953479940537363291,-6169.594849357490602415,-2584.406418126697644766
2143150.748744452837854624,-41324.537159709740080871,-7741.597929255733106402,-2952.669836254146957799
2143684.011671347077935934,-40973.561801999618182890,-9301.881408204913896043,-3316.463029831250423740
2145178.181189318187534809,-39661.821908884514414240,-13591.220301205808937084,-4307.312348509444746014
2147337.318700545001775026,-36939.611918459675507620,-19491.441354403690638719,-5645.813720284959345008
2149733.780540845356881618,-32850.458940245312987827,-25468.975826887904986506,-6966.364603497318967129
2151892.918052072171121836,-28304.084793717123829992,-30194.030909656132280361,-7975.186867115109635051
2153387.087570043280720711,-24739.955512153566814959,-33032.339971167821204290,-8558.966653562036299263
2153920.350496937520802021,-23394.494348579391953535,-33951.960612670343834907,-8743.029333561453313450
2154453.613423831760883331,-22013.621043710219964851,-34820.188337518928165082,-8913.856748428968785447
2155947.782941802870482206,-17973.898678906341956463,-36968.281599892332451418,-9319.884598998196452158
2158106.920453029684722424,-11772.505040320063926629,-39291.489632156059087720,-9710.156520254042334273
2160503.382293330039829016,-4554.989010641908862453,-40729.154455156014591921,-9861.548186464069658541
2162662.519804556854069233,2073.027996131435884308,-40961.588586450066941325,-9740.413466871192213148
2164156.689322527963668108,6639.567675385003894917,-40528.088714552075543907,-9514.978849952962264069
2164689.952249422203749418,8253.059186229960687342,-40256.476561803814547602,-9406.999088659398694290
2165223.215176316443830729,9854.065594877694820752,-39923.964948660090158228,-9284.787486460882064421
2166717.384694287553429604,14252.930516107066068798,-38672.571400375534722116,-8868.215937797811420751
2168876.522205514367669821,20297.498475639353273436,-36058.810191599804966245,-8081.941353027847981139
2171272.984045814722776413,26412.347563792453001952,-32116.511263971122389194,-6976.062396488936428796
2173432.121557041537016630,31237.383998766024888027,-27722.741748660249868408,-5796.604295926922532090
2174926.291075012646615505,34130.443210728131816722,-24273.409250238557433477,-4894.531843119062614278
2175459.554001906886696815,35066.603483561193570495,-22970.428057051074574701,-4557.953575257010925270
2175992.816928801126778126,35949.755080422379251104,-21632.723439884259278188,-4214.484729309189788182
2177486.986446772236377001,38130.895694314007414505,-17717.044335881702863844,-3219.869511572683222766
2179646.123957999050617218,40478.520958271285053343,-11700.386459973662567791,-1718.360503666647673526
2182042.585798299405723810,41910.495572196115972474,-4690.265344917179390904,-3.686567469489318682
2184201.723309526219964027,42108.418256118464341853,1754.073852959837267917,1542.761132474244732293
2185695.892827497329562902,41635.130658258814946748,6197.880477190943565802,2592.873628933009968023
2186229.155754391569644213,41346.258272839397250209,7768.783162949422148813,2960.849122954719859990
2186762.418681285809725523,40994.913500424801895861,9327.947561540095193777,3324.350572251493304066
2188256.588199256919324398,39682.604199535635416396,13614.106514053737555514,4314.375596153474361927
2190415.725710483733564615,36960.760588140270556323,19509.849225755246152403,5651.723954770450291107
2192812.187550784088671207,32873.504379156511276960,25483.009588692853867542,6971.150256102568164351
2194971.325062010902911425,28329.905318286411784356,30205.027362941051251255,7979.182474799237752450
2196465.494579982012510300,24768.102258889437507605,33041.870007466692186426,8562.568309668333313311
2196998.757506876252591610,23423.522557758100447245,33961.104993395252677146,8746.522981332438575919
2197532.020433770492672920,22043.547795036301977234,34829.021663799248926807,8917.259880545014311792
2199026.189951741602271795,18006.380599333013378782,36976.644431634456850588,9323.127266369294375181
2201185.327462968416512012,11808.552414317979128100,39300.193995761277619749,9713.400706028542117565
2203581.789303268771618605,4594.400197197431225504,40739.502803365998261143,9865.075122747206478380
2205740.926814495585858822,-2031.468255048338278357,40974.295361916061665397,9744.381238628388018697
2207235.096332466695457697,-6597.134164916758891195,40542.738552587594313081,9519.312050309348705923
2207768.359259360935539007,-8210.445557439423282631,40271.853979115112451836,9411.468146597671875497
2208301.622186255175620317,-9811.342787278945252183,39940.078591522884380538,9289.393099594602972502
2209795.791704226285219193,-14210.280515724807628430,38690.743764770479174331,8873.196402308207325405
2211954.929215453099459410,-20255.904582463219412602,36079.736755387391895056,8087.396222115250566276
2214351.391055753454566002,-26373.068276174089987762,32139.801435550492897164,6981.866774105586955557
2216510.528566980268806219,-31200.932768801227211952,27747.219630576244526310,5802.499608287605042278
2218004.698084951378405094,-34096.174177105734997895,24298.077427522166544804,4900.346351309818601294
2218537.961011845618486404,-35033.129001678760687355,22995.030643385525763733,4563.709727403937904455
2219071.223938739858567715,-35917.073740794214245398,21657.189137740715523250,4220.167054898223796044
2220565.393456710968166590,-38100.377184516837587580,17740.748774994000996230,3225.264704347390761541
2222724.530967937782406807,-40450.756774877059797291,11722.054169995568372542,1723.149576327622526151
2225120.992808238137513399,-41884.879731196982902475,4708.570434638681035722,7.596460673849605882
2227280.130319464951753616,-42083.601563959957275074,-1739.486911744114195244,-1539.747640344415913205
2228774.299837436061352491,-41610.130759165971539915,-6186.054120800735290686,-2590.489140140522067668
2229307.562764330301433802,-41321.039639477450691629,-7757.949435027102481399,-2958.683583244563124026
2229840.825691224541515112,-40969.394773861538851634,-9318.100394031862379052,-3322.398697001258824457
2231334.995209195651113987,-39655.815754582123190630,-13606.937974551516163046,-4312.981804563305558986
2233494.132720422465354204,-36931.079674158339912537,-19506.106936828990001231,-5650.980553886696725385
2235890.594560722820460796,-32839.372947356576332822,-25482.049750667163607432,-6970.824343911945106811
2238049.732071949634701014,-28290.985540359164588153,-30205.327730238572257804,-7978.892358973255795718
2239543.901589920744299889,-24725.650338603296404472,-33042.240276898875890765,-8562.095240304304752499
2240077.164516814984381199,-23379.799239394018513849,-33961.333147074794396758,-8745.942661974127986468
2240610.427443709224462509,-21998.558246499800588936,-34829.018918805842986330,-8916.550409675312039326
2242104.596961680334061384,-17957.928750147028040374,-36975.525201681426551659,-9321.942143400232453132
2244263.734472907148301601,-11755.561581513153214473,-39296.293331872650014702,-9711.253764068598684389
2246660.196313207503408194,-4537.457019207717166864,-40731.113657031579350587,-9861.548848770442418754
2248819.333824434317648411,2090.632680143794004834,-40960.931512065420974977,-9739.425219191643918748
2250313.503342405427247286,6656.967184898961932049,-40525.626858230702055153,-9513.319151746876741527
2250846.766269299667328596,8270.335274584092985606,-40253.376578693401825149,-9405.104119711673774873
2251380.029196193907409906,9871.192129440372809768,-39920.231540066204615869,-9282.660116399712933344
2252874.198714165017008781,14269.500908963020265219,-38667.096347677026642486,-8865.455656378506319015
2255033.336225391831248999,20312.920227360973512987,-36050.938550751321599819,-8078.326265785392024554
2257429.798065692186355591,26426.049247198261582525,-32106.210276849396905163,-6971.604178814074657566
2259588.935576919000595808,31249.176885519231291255,-27710.518982134548423346,-5791.502148360425962892
2261083.105094890110194683,34140.741315336788829882,-24260.031097908198717050,-4889.057161121790159086
2261616.368021784350275993,35076.337588217400480062,-22956.675322421815508278,-4552.361454159820823406
2262149.630948678590357304,35958.910479577083606273,-21618.616918321145931259,-4208.783624288984356099
2263643.800466649699956179,38138.358810523226566147,-17702.061714950988971395,-3213.909427116224833298
2265802.937977876514196396,40483.387965264941158239,-11684.453949936834760592,-1712.151650850945998172
2268199.399818176869302988,41912.343213951535290107,-4673.740580506649166637,2.618467426683650956
2270358.537329403683543205,42107.494844881439348683,1770.701572396226538331,1548.988391336104996299
2271852.706847374793142080,41632.298924178438028321,6214.338505327847087756,2598.956652009087520128
2272385.969774269033223391,41342.752436498201859649,7785.133222274421314069,2966.863095486502970743
2272919.232701163273304701,40990.738862506594159640,9344.164948488956724759,3330.286406966617050784
2274413.402219134382903576,39676.592428021642263047,13629.822433311719578342,4320.045150322842346213
2276572.539730361197143793,36952.225493579520843923,19524.513521252501959680,5656.891019363739360415
2278969.001570661552250385,32862.418176933417271357,25496.083603478251461638,6975.610658663465073914
2281128.139081888366490602,28316.807618238890427165,30216.326121466005133698,7982.889211502532816667
2282622.308599859476089478,24753.799433663796662586,33051.773752685890940484,8565.698613293014204828
2283155.571526753716170788,23408.829989427962573245,33970.481529851771483663,8749.438202795503457310
2283688.834453647956252098,22028.487682020739157451,34837.856817778389086016,8919.955613088910467923
2285183.003971619065850973,17990.413492969131766586,36983.894215837921365164,9325.187382075871937559
2287342.141482845880091190,11791.611310508720634971,39305.006097071316617075,9714.501201842109367135
2289738.603323146235197783,4576.869222382649240899,40741.472470560911460780,9865.079656256788439350
2291897.740834373049438000,-2049.073690433289812063,40973.650043487781658769,9743.397234978865526500
2293391.910352344159036875,-6614.535844753188939649,40540.288955454714596272,9517.656731043485706323
2293925.173279238399118185,-8227.724343148933257908,40268.766351367827155627,9409.577578928458024166
2294458.436206132639199495,-9828.472550971971941181,39936.357589588806149550,9287.270139447342444328
2295952.605724103748798370,-14226.855620085416376241,38685.281022893963381648,8870.440482897529363981
2298111.743235330563038588,-20271.333030583544314140,36071.876684263981587719,8083.785251191617135191
2300508.205075630918145180,-26386.778388187285599997,32129.510466247502336046,6977.412197779171947332
2302667.342586857732385397,-31212.735013588051515399,27735.004999633125407854,5797.400554304525030602
2304161.512104828841984272,-34106.481861395201121923,24284.705952842563419836,4894.874355956606450491
2304694.775031723082065582,-35042.872676099555974361,22981.284052809423883446,4558.120147970974358032
2305228.037958617787808180,-35926.238652248670405243,21643.088225542869622586,4214.468348596672512940
2306722.207476588897407055,-38107.849399906845064834,17725.770291159449698171,3219.306638949023181340
2308881.344987815711647272,-40455.631657163336058147,11706.123869127979560290,1716.942289067466163033
2311277.806828116066753864,-41886.733146202815987635,4692.046258953783762990,1.292691717082504965
2313436.944339342880994081,-42082.681557052543212194,-1756.114836391996959719,-1545.973665209013915955
2314931.113857313990592957,-41607.300651230645598844,-6202.512466258652239048,-2596.570803402910314617
2315464.376784208230674267,-41317.534786254953360185,-7774.299759895398892695,-2964.696121018409485259
2315997.639711102470755577,-40965.220478008181089535,-9334.317945823733680299,-3328.333006319553987851
2317491.809229073580354452,-39649.802573701352230273,-13622.653517372267742758,-4318.649497954321304860
2319650.946740300394594669,-36922.540898203733377159,-19520.769429071762715466,-5656.145078042528439255
2322047.408580600749701262,-32828.281160959391854703,-25495.119609746980131604,-6975.281235531564561825
2324206.546091827563941479,-28277.881310613502137130,-30216.619713567135477206,-7982.594590116339531960
2325700.715609798673540354,-24711.340827625925157918,-33052.135279902788170148,-8565.220328038751176791
2326233.978536692913621664,-23365.100033702768996591,-33970.700227616463962477,-8748.852416264453495387
2326767.241463587153702974,-21983.491599902081361506,-34837.843903354420035612,-8919.240427096652638284
2328261.410981558263301849,-17941.955694192816736177,-36982.762852192790887784,-9323.995878366757096956
2330420.548492785077542067,-11738.616102271505951649,-39301.090693781181471422,-9712.347039447911811294
2332817.010333085432648659,-4519.924292970025817340,-40733.066276190336793661,-9861.545481339089747053
2334976.147844312246888876,2108.236920486497183447,-40960.267806113224651199,-9738.432991783874967950
2336470.317362283356487751,6674.365439987663194188,-40523.158432746982725803,-9511.655566275336241233
2337003.580289177596569061,8287.609822286096459720,-40250.270067634432052728,-9403.205307741174692637
2337536.843216071836650372,9888.316839464834629325,-39916.491654611454578117,-9280.528953371525858529
2339031.012734042946249247,14286.068697961271027452,-38661.615013131777232047,-8862.691752525975971366
2341190.150245269760489464,20328.338306130048295017,-36043.061040672349918168,-8074.707877799874950142
2343586.612085570115596056,26439.746178700319433119,-32095.904047866981272819,-6967.143112635275429056
2345745.749596796929836273,31260.964171522889955668,-27698.291676272052427521,-5786.397634460601693718
2347239.919114768039435148,34151.033311819977825508,-24246.648959236939845141,-4883.580481487906581606
2347773.182041662279516459,35086.065420928578532767,-22942.918810603448946495,-4546.767472978959631291
2348306.444968556519597769,35968.059452452413097490,-21604.506834422812971752,-4203.080799547051356058
2349800.614486527629196644,38145.815120465282234363,-17687.076161262670211727,-3207.948029360841701418
2351959.751997754443436861,40488.247760444079176523,-11668.519476178875265759,-1705.942098197424002137
2354356.213838054798543453,41914.183402874376042746,-4657.214983579468935204,8.923501721883724258
2356515.351349281612783670,42106.563957885671698023,1787.329082567539899173,1555.215017969229847949
2358009.520867252722382545,41629.459806813894829247,6230.795604784450006264,2605.038613996184722055
2358542.783794146962463856,41339.239271149504929781,7801.482098394290005672,2972.875856658515203890
2359076.046721041202545166,40986.556960928617627360,9360.380899498008147930,3336.220881882496541948
2360570.216239012312144041,39670.573634010645037051,13645.536221256643329980,4325.712940427727517090
2362729.353750239126384258,36943.683871033870673273,19539.174727316822099965,5662.055773853219761804
2365125.815590539481490850,32851.326183857418072876,25509.153555757948197424,6980.068212463853342342
2367284.953101766295731068,28303.704943162287236191,30227.620045863881387049,7986.592687972559360787
2368779.122619737405329943,24739.492271334554970963,33061.672198698928696103,8568.825418584208819084
2369312.385546631645411253,23394.133324530510435579,33979.852616053278325126,8752.349850854676333256
2369845.648473525885492563,22013.423719167290983023,34846.686378684789815452,8922.647702557282173075
2371339.817991496995091438,17974.443257868297223467,36991.138052436028374359,9327.243689113978689420
2373498.955502723809331656,11774.668183231868169969,39309.811863862603786401,9715.597729840706961113
2375895.417343024164438248,4559.337508361742948182,40743.435557420627446845,9865.080160281619100715
2378054.554854250978678465,-2066.678687392333813477,40972.998094724665861577,9742.409251390827193973
2379548.724372222088277340,-6631.936275724180632096,40537.832789481835789047,9515.997523940399332787
2380081.987299116328358650,-8245.001593822347786045,40265.672195657207339536,9407.683167532497463981
2380615.250226010568439960,-9845.600495768661858165,39932.630110439182317350,9285.143385496832706849
2382109.419743981678038836,-14243.428126140903259511,38679.811997867975151166,8867.680939855157703278
2384268.557255208492279053,-20286.757810769235220505,36064.010741329962911550,8080.170977860001585213
2386665.019095508847385645,-26400.483752231783000752,32119.214251364584924886,6972.954770908185309963
2388824.156606735661625862,-31224.531660260661737993,27722.785824982751364587,5792.299131785808640416
2390318.326124706771224737,-34116.783439191043726169,24271.330487252576858737,4889.400360765878758684
2390851.589051601011306047,-35052.610079840123944450,22967.533680457047012169,4552.528706277273158776
2391384.851978495251387358,-35935.397138319232908543,21628.983746435926150298,4208.767920433048857376
2392879.021496466360986233,-38115.314808911629370414,17710.788870176133059431,3213.347258276705815661
2395038.159007693175226450,-40460.499326184020901565,11690.191600792941244435,1710.734300388231076795
2397434.620847993530333042,-41888.579105788376182318,4675.521248180471957312,-5.011077609041080905
2399593.758359220344573259,-42081.754071214287250768,-1772.742552985076372352,-1552.199058165903352347
2401087.927877191454172134,-41604.463156723169959150,-6218.969883207473685616,-2602.651405428265661612
2401621.190804085694253445,-41314.022600756114115939,-7790.648901350747109973,-2970.707447118320942536
2402154.453730979934334755,-40961.038915277618798427,-9350.534061088337693946,-3334.265955360723637568
2403648.623248951043933630,-39643.782367420833907090,-13638.366927245460828999,-4324.315426366003521252
2405807.760760177858173847,-36913.995592240855330601,-19535.428828860553039704,-5661.307290641562758537
2408204.222600478213280439,-32817.183583168232871685,-25508.185402089373383205,-6979.735276534468539467
2410363.360111705027520657,-28264.772106962693214882,-30227.906857867674261797,-7986.293559031070799392
2411857.529629676137119532,-24697.026981923198036384,-33062.024978614186693449,-8568.341915487946607755
2412390.792556570377200842,-23350.396734277979703620,-33980.061852809085394256,-8751.758595242992669228
2412924.055483464617282152,-21968.421106755784421694,-34846.663289759781036992,-8921.926799593353280216
2414418.225001435726881027,-17925.979514045186078874,-36989.994550260511459783,-9326.045803058172168676
2416577.362512662541121244,-11721.668605768374618492,-39305.881717084725096356,-9713.436345944890490500
2418973.824352962896227837,-4502.390835200555557094,-40735.012312267506786156,-9861.538084171077571227
2421132.961864189710468054,2125.840713884517754195,-40959.597468627915077377,-9737.436785053030689596
2422627.131382160820066929,6691.762437421344657196,-40520.683438411695533432,-9509.988094217813340947
2423160.394309055060148239,8304.882826131688489113,-40247.157029035537561867,-9401.302653523489425424
2423693.657235949300229549,9905.439721777123850188,-39912.745292801737377886,-9278.393998246847331757
2425187.826753920409828424,14302.633880038214556407,-38656.127397513650066685,-8859.924227369259824627
2427346.964265147224068642,20343.752709106182010146,-36035.177662506859633140,-8071.086190549435741559
2429743.426105447579175234,26453.438355787919135764,-32085.592578545110882260,-6962.679199774942389922
2431902.563616674393415451,31272.745854629109089728,-27686.059832894439750817,-5781.290756312700978015
2433396.733134645503014326,34161.319198312543448992,-24233.262836228368541924,-4878.101806454689722159
2433929.996061539743095636,35095.786979936070565600,-22929.158523658836202230,-4541.171633999615551147
2434463.258988433983176947,35977.201997398813546170,-21590.393190308303019265,-4197.376257413037819788
2435957.428506405092775822,38153.264622809052525554,-17672.087677075804094784,-3201.985320741800933320
2438116.566017631907016039,40493.100342964491574094,-11652.583041113488434348,-1699.731848242707656027
2440513.027857932262122631,41916.016138684695761185,-4640.688556651035469258,15.228532840487730482
2442672.165369159076362848,42105.625595367397181690,1803.956380932261708949,1561.441009830022721872
2444166.334887130185961723,41626.613306756022211630,6247.251773037944985845,2611.119512409785784257
2444699.597814024426043034,41335.718777509231586009,7817.829788800160713436,2978.887404014502408245
2445232.860740918666124344,40982.367796530794294085,9376.595412076107095345,3342.153994574850457866
2446727.030258889775723219,39664.547818682593060657,13661.247875466953701107,4331.378964152766457119
2448886.167770116589963436,36935.135722148937929887,19553.832841677605756558,5667.218216128970198042
2451282.629610416945070028,32840.228402042936068028,25522.219443494366714731,6984.522915682643542823
2453441.767121643759310246,28290.597295538704202045,30238.909134360379539430,7990.292902696213786840
2454935.936639614868909121,24725.180774602871679235,33071.565343939837475773,8571.948724264362681424
2455469.199566509108990431,23379.432565837458241731,33989.218250512800295837,8755.257924320278107189
2456002.462493403349071741,21998.355909314050222747,34855.510345112663344480,8925.336147850128327264
2457496.632011374458670616,17958.469897031463915482,36998.375940261510550044,9329.296186643310647923
2459655.769522601272910833,11757.723035660570531036,39314.611295336253533605,9716.690289576110444614
2462052.231362901628017426,4541.805058407055184944,40745.392063577986846212,9865.076634821260086028
2464211.368874128442257643,-2084.283242649007661385,40972.339515658539312426,9741.417288267750336672
2465705.538392099551856518,-6649.335454597930947784,40535.370054977109248284,9514.334429677859588992
2466238.801318993791937828,-8262.277306253123242641,40262.571512389360577799,9405.784913183679236681
2466772.064245888032019138,-9862.726618492588386289,39928.896154577407287434,9283.012838611928600585
2468266.233763859141618013,-14259.998030824619490886,38674.336690464129787870,8864.917774308580192155
2470425.371275085955858231,-20302.178920176138490206,36056.138927727646660060,8076.553403597284159332
2472821.833115386310964823,-26414.184365792571043130,32108.912792422142956639,6968.494495314221239823
2474980.970626613125205040,-31236.322706666669546394,27710.562108446905767778,5787.195342816397896968
2476475.140144584234803915,-34127.078908623640018050,24257.951032756580389105,4883.924367974958840932
2477008.403071478474885225,-35062.341211137354548555,22953.779528392296924721,4546.935404608197131893
2477541.665998372714966536,-35944.549197354150237516,21614.875702536617609439,4203.065772736395956599
2479035.835516343824565411,-38122.773410197762132157,17695.804514301271410659,3207.386564765386992804
2481194.973027570638805628,-40465.359781092665798496,11674.257367403004536754,1704.525612826593714999
2483591.434867870993912220,-41890.417609671894751955,4658.995404833573047654,-11.314844728562718501
2485750.572379097808152437,-42080.819106680108234286,-1789.370058982080536225,-1558.423816671043823590
2487244.741897068917751312,-41601.618276233341020998,-6235.426369124515076692,-2608.730943731651677808
2487778.004823963157832623,-41310.503083695948589593,-7806.996856884377848473,-2976.717559087652716698
2488311.267750857397913933,-40956.850086508995445911,-9366.748737334641191410,-3340.197541700133115228
2489805.437268828507512808,-39637.755136920168297365,-13654.078201749704021495,-4329.979587482795068354
2491964.574780055321753025,-36905.443757915483729448,-19550.085133925153058954,-5666.467189574049371004
2494361.036620355676859617,-32806.080216098016535398,-25521.247125657650030917,-6984.186465100276109297
2496520.174131582491099834,-28251.657931889367318945,-30239.189161367325141327,-7989.989264205616564141
2498014.343649553600698709,-24682.708804196652636165,-33071.909371468915196601,-8571.460001376008221996
2498547.606576447840780020,-23335.689343891659518704,-33989.418021167628467083,-8754.661197721899952739
2499080.869503342080861330,-21953.346769899198989151,-34855.477076618233695626,-8924.609526067393744597
2500575.039021313190460205,-17910.000212704948353348,-36997.220294719794765115,-9328.091916636529276730
2502734.176532540004700422,-11704.719095176002156222,-39310.666400987269298639,-9714.521683114135157666
2505130.638372840359807014,-4484.856649169681986677,-40736.951764899014960974,-9861.526657269110728521
2507289.775884067174047232,2143.444057064470143814,-40958.920499644351366442,-9736.436599405815286445
2508783.945402038283646107,6709.158173972062286339,-40518.201875535785802640,-9508.316736255257637822
2509317.208328932523727417,8322.154282918458193308,-40244.037463305488927290,-9399.396157835637495737
2509850.471255826763808727,9922.560773205206714920,-39908.992455142986727878,-9276.255251897597190691
2511344.640773797873407602,14319.196452132317062933,-38650.633501596355927177,-8857.153082038692446076
2513503.778285024687647820,20359.163433451194578083,-36027.288417398362071253,-8067.461205513325694483
2515900.240125325042754412,26467.125775952648837119,-32075.275870404118904844,-6958.212442056328654871
2518059.377636551856994629,31284.521932692299742484,-27673.823453822140436387,-5776.181516002570788260
2519553.547154522966593504,34171.598972951607720461,-24219.872730884591874201,-4872.621138259816689242
2520086.810081417206674814,35105.502263483394926880,-22915.394463649266981520,-4535.573939507314207731
2520620.073008311446756124,35986.338112768869905267,-21576.275988094963395270,-4191.670000216859079956
2522114.242526282556355000,38160.707316225372778717,-17657.096264647549105575,-3196.021303694429207098
2524273.380037509370595217,40497.945711983709770720,-11636.644647152237666887,-1693.520903523183278594
2526669.841877809725701809,41917.841421103948960081,-4624.161302234333561501,21.533558207432520248
2528828.979389036539942026,42104.679757563819293864,1820.583464951488167571,1567.666364375716966606
2530323.148907007649540901,41623.759424596202734392,6263.707007568245899165,2617.199344766384911054
2530856.411833901889622211,41332.190956293656199705,7834.176290985907144204,2984.897735099283181626
2531389.674760796129703522,40978.171370153249881696,9392.808483734877881943,3348.085742620529345004
2532883.844278767239302397,39658.514983217246481217,13676.957393523905921029,4337.043219183873588918
2535042.981789994053542614,36926.581048569569247775,19568.487862067035166547,5672.378344082541843818
2537439.443630294408649206,32829.124833602953003719,25535.281264652574463980,6988.974766500375153555
2539598.581141521222889423,28277.484677848267892841,30250.193385183665668592,7993.989854162118717795
2541092.750659492332488298,24710.864946167552261613,33081.453186844890296925,8575.068529057665728033
2541626.013586386572569609,23364.727716118053649552,33998.578431745503621642,8758.162422004399559228
2542159.276513280812650919,21983.284255296493938658,34864.328715658346482087,8928.020947869226802140
2543653.446031251922249794,17942.493413456642883830,37005.607878148948657326,9331.344873825350077823
2545812.583542478736490011,11740.775870964562273002,39319.404390694842732046,9717.778880601827040664
2548209.045382779091596603,4524.271875787105273048,40747.341988666739780456,9865.069079876871910528
2550368.182894005905836821,-2101.887352930967608700,40971.674306321685435250,9740.421346014516529976
2551862.352411977015435696,-6666.733378146895120153,40532.900752248766366392,9512.667448934909771197
2552395.615338871255517006,-8279.551477239010637277,40259.464301970248925500,9403.882816657131115790
2552928.878265765495598316,-9879.850915971637732582,39925.155722506620804779,9280.878499662658214220
2554423.047783736605197191,-14276.565331074280038592,38668.855101453322276939,8862.150987386288761627
2556582.185294963419437408,-20317.596355964433314512,36048.261244598012126517,8072.932529881084519729
2558978.647135263774544001,-26427.880226358800427988,32098.606090938621491659,6964.031372819304124278
2561137.784646490588784218,-31248.108150657586520538,27698.333851844843593426,5782.089189481357607292
2562631.954164461698383093,-34137.368267827099771239,24244.567591356077173259,4878.446379821082700801
2563165.217091355938464403,-35072.066068231724784710,22940.021598676059511490,4541.340245248949031520
2563698.480018250178545713,-35953.694827702260226943,21600.764095963313593529,4197.361907836722821230
2565192.649536221288144588,-38130.225202432593505364,17680.817225793689431157,3201.424560850834495795
2567351.787047448102384806,-40470.213021043913613539,11658.321171372210301342,1698.316228919806690101
2569748.248887748457491398,-41892.248657572912634350,4642.468731429298713920,-17.618607065232993136
2571907.386398975271731615,-42079.876663686402025633,-1805.997351840446071947,-1564.647938180372420902
2573401.555916946381330490,-41598.766010352665034588,-6251.881921485913153447,-2614.809415828297460394
2573934.818843840621411800,-41306.976235791204089765,-7823.343623986391321523,-2982.726454469987857010
2574468.081770734861493111,-40952.653992543178901542,-9382.961972070492265630,-3346.127762913441983983
2575962.251288705971091986,-39631.720883380665327422,-13669.787338462623665691,-4335.641978989610834105
2578121.388799932785332203,-36896.885396875106380321,-19564.738341994569054805,-5671.624772730954646249
2580517.850640233140438795,-32794.971061865304363891,-25534.304778414509200957,-6988.634799409583138186
2582676.988151459954679012,-28238.538787877765571466,-30250.466622292839019792,-7993.681704129330682917
2584171.157669431064277887,-24668.386297149387246463,-33081.788456902606412768,-8574.574584428359230515
2584704.420596325304359198,-23320.977865317363466602,-33998.768731206917436793,-8757.560222514650376979
2585065.665340152103453875,-22388.028480493867391488,-34590.794340773267322220,-8874.002772193176497240
2586077.850619741715490818,-19693.239307176605507266,-36120.372781725622189697,-9167.188186007288095425
2587540.500726833473891020,-15613.486633066449940088,-37980.881179379255627282,-9502.205825723305679276
2589163.919869491830468178,-10879.370081051885790657,-39539.185299243006738834,-9747.332393671156751225
2590626.569976583588868380,-6481.617171281201081001,-40469.212732097003026865,-9851.278664738794759614
2591638.755256173200905323,-3392.065226367441027833,-40843.724476327159209177,-9857.619992583890052629
2592000.000000000000000000,-2284.062691379795069224,-40923.557289109739940614,-9846.866833732850864180
