Time (s), X (km), Y (km), Z (km)
0.000000000000000000,-23760.532622380000248086,-33715.879108560002350714,-8669.038042340000174590
533.262926894324664318,-22388.931661956219613785,-34597.608971075416775420,-8845.334217229323257925
2027.432444865269872025,-18372.126238767767063109,-36785.257560293903225102,-9267.209743265511860955
4186.569956092117536173,-12195.459610479501861846,-39169.317187985099735670,-9681.432497022773532080
6583.031796392570868193,-4993.126719453828627593,-40677.983661717378709000,-9860.211625036634359276
8742.169307619416940724,1632.660848765163791541,-40975.784908257752249483,-9763.810017892683390528
10236.338825590362830553,6204.065673954983139993,-40587.408387371629942209,-9555.187174902910555829
10769.601752484688404365,7820.551527555744542042,-40331.756236086155695375,-9453.101728706658832380
11302.864679379013978178,9425.206413723375590052,-40015.089934551157057285,-9336.714503643222997198
12797.034197349958049017,13837.721561391059367452,-38807.280001199571415782,-8936.015590374539897311
14956.171708576806850033,19910.629749534153233981,-36253.536617030353227165,-8171.208221763685287442
17352.633548877260182053,26068.073105801573547069,-32372.138610011017590296,-7086.546402495868278493
19511.771060104103526101,30940.509414800668309908,-28026.591409094384289347,-5923.331698922289433540
21005.940578075053053908,33870.749805301129526924,-24606.271260603338305373,-5030.680236474624507537
21539.203504969376808731,34820.947886232344899327,-23312.701540323945664568,-4697.077729645257022639
22072.466431863700563554,35718.506905700305651408,-21983.889836526366707403,-4356.374087486635289679
23566.635949834646453382,37941.793095998276839964,-18090.259211627701006364,-3368.352138497091800673
25725.773461061493435409,40354.099798748051398434,-12097.597785569421830587,-1873.248024110443566315
28122.235301361946767429,41861.340798127690504771,-5102.598648618238257768,-161.197272848108696053
30281.372812588793749455,42128.380594998714514077,1338.882232920221213135,1386.998593032102462530
31775.542330559736001305,41702.709380096588574816,5786.743582541931573360,2440.585460361528021167
32308.805257454063394107,41430.659895192278781906,7360.278678243072135956,2810.240927265175287175
32842.068184348390786909,41096.007167517731431872,8922.692127428306775982,3175.649702833429728344
34336.237702319333038758,39829.557495340995956212,13221.187376300116739003,4172.202513663041827385
36495.375213546183658764,37170.727877745412115473,19142.889930897923477460,5521.924737154583453957
38891.837053846633352805,33147.217613405504380353,25155.397981857830018271,6858.812732646824770200
41050.974565073483972810,28653.906841943462495692,29921.422204152269841870,7885.515766879684633750
42545.144083044426224660,25122.243832841322728200,32792.882798440397891682,8483.204146189173115999
43078.407009938753617462,23787.415467317256116075,33725.205070939387951512,8672.499001550688262796
43611.669936833081010263,22416.639829534207819961,34606.562182648245652672,8848.687098063697703765
45105.839454804023262113,18402.196845941514766309,36793.546297769818920642,9270.348085676010668976
47264.976966030873882119,12228.857922704602970043,39177.615652751090237871,9684.482885421522951219
49661.438806331323576160,5029.697047966944410291,40687.496467953031242359,9863.433064823610038729
51820.576317558174196165,-1594.036488517726866121,40987.227135556349821854,9767.364455273682324332
53314.745835529116448015,-6164.584490716648360831,40600.481681975914398208,9559.030639187083579600
53848.008762423443840817,-7780.886199616094927478,40345.444002575146441814,9457.053750200004287763
54381.271689317771233618,-9385.422479385970291332,40029.400311761557532009,9340.775866383097309154
55875.441207288713485468,-13797.954950905274017714,38823.330335104954428971,8940.376563154175528325
58034.578718515564105473,-19871.763325011452252511,36271.889245059945096727,8175.939793801694577269
60431.040558816013799515,-26031.246703610067925183,32392.384784893565665698,7091.523395761110805324
62590.178070042864419520,-30906.179688716263626702,28047.648477215709135635,5928.319676303546657437
64084.347588013806671370,-33838.331937138013017830,24627.291907322978659067,5035.541320956216623017
64617.610514908134064171,-34789.220898756364476867,23333.583398205155390315,4701.866012176582444226
65150.873441802454181015,-35687.465940997943107504,22004.565943213168793591,4361.075197029520495562
66645.042959773389156908,-37912.598346845246851444,18110.005482116474013310,3372.734772164427795360
68804.180471000247052871,-40327.167509640727075748,12115.131618261832045391,1876.995600812257407597
71200.642311300689470954,-41835.981348309367604088,5116.674630734113634389,164.056695558386309131
73359.779822527547366917,-42103.293335925583960488,-1328.518233520449939533,-1385.023084049311592025
74853.949340498482342809,-41677.078340573352761567,-5779.085545009311317699,-2439.219356965961196693
75387.212267392809735611,-41404.683382045528560411,-7353.584051832877776178,-2809.084698011107320781
75920.475194287151680328,-41069.605193266055721324,-8916.949842953576080617,-3174.697002354047981498
77414.644712258086656220,-39801.543574735995207448,-13218.001948963832546724,-4171.774047200426139170
79573.782223484944552183,-37139.357313553482526913,-19142.891191107104532421,-5522.084494892021211854
81970.244063785386970267,-33110.935088611011451576,-25157.836964786303724395,-6859.304704079206203460
84129.381575012230314314,-28612.477965504018357024,-29924.750143255761940964,-7885.954189172764927207
85623.551092983179842122,-25077.070661366848071339,-32795.995447603432694450,-8483.391886528414033819
86156.814019877507234924,-23740.902618670912488597,-33728.068951447174185887,-8672.554288140658172779
86690.076946771834627725,-22368.796487930747389328,-34609.086182971361267846,-8848.587529271406310727
88184.246464742769603617,-18350.732996971728425706,-36794.637270869599888101,-9269.698401863131948630
90343.383975969627499580,-12172.684909751254963339,-39175.443741086462978274,-9682.758343922514541191
92739.845816270069917664,-4969.465697093208291335,-40680.278210864933498669,-9860.198004182746444712
94898.983327496913261712,1656.508668321887853381,-40974.519550915218133014,-9762.578070116738672368
96393.152845467862789519,6227.696219996460058610,-40583.667800878785783425,-9553.122276377924208646
96926.415772362190182321,7844.035762805980994017,-40327.136611263333179522,-9450.743831006997424993
97459.678699256517575122,9448.508317117133628926,-40009.595720493896806147,-9334.066578865136762033
98953.848217227452551015,13860.322432567001669668,-38799.370370813136105426,-8932.574644764503318584
101112.985728454310446978,19931.734164168366987724,-36242.276109061356692109,-8166.688106637466262328
103509.447568754752865061,26086.882881223449658137,-32357.445056634631328052,-7080.950749702367829741
105668.585079981596209109,30956.730623292038217187,-28009.150151109832222573,-5916.904458277233061381
107162.754597952545736916,33884.922055978473508731,-24587.160255141938250745,-5023.765877761750743957
107696.017524846873129718,34834.342863692130777054,-23293.045498049741581781,-4690.008479096475639381
108229.280451741215074435,35731.102165278723987285,-21963.717003606903745094,-4349.160336913724677288
109723.449969712150050327,37952.038012658143998124,-18068.796019555455131922,-3360.790841497856035858
111882.587480939007946290,40360.708115944711607881,-12074.707650434032984776,-1865.340941732800956743
114279.049321239450364374,41863.676743583971983753,-5078.774299110914398625,-153.133394667232778374
116438.186832466308260337,42126.757122179667931050,1362.933245623903530941,1394.993686033625181153
117932.356350437243236229,41698.338018259673845023,5810.602624897268469795,2448.416162838103900867
118465.619277331570629030,41425.313666517155070323,7383.999926635659903695,2817.990081212758468610
118998.882204225898021832,41089.691532357792311814,8946.239271528087556362,3183.305420013420189207
120493.051722196832997724,39820.567368964351771865,13244.054903367832594085,4179.534182297763436509
122652.189233423690893687,37158.034688360574364197,19164.287292697172233602,5528.632080259609210771
125048.651073724133311771,33130.740691500126558822,25174.522746225320588565,6864.627006875227380078
127207.788584950991207734,28634.411159727969788946,29937.971255319120245986,7890.365495417114289012
128701.958102921926183626,25100.919580624249647371,32807.387686805894190911,8487.309886800061576650
129235.221029816253576428,23765.495652214631263632,33738.933565452251059469,8676.325945071339447168
129768.483956710580969229,22394.156069091801327886,34619.491396906982117798,8852.228910424873902230
131262.653474681515945122,18378.309185571655689273,36804.124031830135209020,9273.060855635909319972
133421.790985908359289169,12203.429888882776140235,39184.549002075167663861,9685.935326032064040191
135818.252826208830811083,5003.282270442064145755,40690.140493331287871115,9863.434193833683821140
137977.390337435674155131,-1620.657470406124048168,40985.889376886123500299,9766.045912533274531597
139471.559855406609131023,-6190.961710321938880952,40596.376919050657306798,9556.810048626926800353
140004.822782300936523825,-7807.099777131252267282,40340.356881501233146992,9454.515890486627540668
140538.085709195263916627,-9411.432281047733340529,40023.335959625059331302,9337.923974023929986288
142032.255227166198892519,-13823.181996803090441972,38814.567901786002039444,8936.666105453537966241
144191.392738393042236567,-19895.321105227521911729,36259.385827405523741618,8171.061205507410704740
146587.854578693513758481,-26052.246914095761894714,32376.051344212391995825,7085.480923875215012231
148746.992089920357102528,-30924.296558130354242167,28028.251972116500837728,5921.377601260563096730
150241.161607891292078421,-33854.167581268731737509,24606.035346875272807665,5028.072463680024156929
150774.424534785619471222,-34804.191375446971505880,23311.719959134661621647,4694.229690453157672891
151307.687461679975967854,-35701.546385218221985269,21982.127228671906777890,4353.282668897532857955
152801.856979650910943747,-37924.063679745231638663,18086.131185988346260274,3364.566667008144122519
154960.994490877754287794,-40334.588443302447558381,12089.671917740193748614,1868.454177866620284476
157357.456331178225809708,-41838.653650627587921917,5090.180335453474981477,155.346649407414133748
159516.593842405069153756,-42101.567642855137819424,-1355.258949762545853446,-1393.657777739031644160
161010.763360376004129648,-41672.302053376748517621,-5805.608300449499438400,-2447.675604248370291316
161544.026287270331522450,-41398.825186567119089887,-7379.951921692067116965,-2817.452527354490030120
162077.289214164658915251,-41062.671338742198713589,-8943.122441505020105978,-3182.963566321629514277
163571.458732135593891144,-39791.643119160937203560,-13243.414211655568578863,-4179.689626065223819751
165730.596243362437235191,-37125.352094142930582166,-19166.662671089343348285,-5529.324380240419486654
168127.058083662908757105,-33092.739605363742157351,-25179.076689296933182050,-6865.578760911977951764
170286.195594889752101153,-28590.943020794751646463,-29943.124300973548088223,-7891.185801083912338072
171780.365112860687077045,-25053.514993418451922480,-32812.097560758746112697,-8487.819832214407142601
172313.628039755014469847,-23716.689248154634697130,-33743.308550318593916018,-8676.681158110946853412
172846.890966649341862649,-22343.960574789954989683,-34623.438073759054532275,-8852.406529560108538135
174341.060484620276838541,-18324.348600345612794627,-36806.378811295580817387,-9272.622504902103173663
176500.197995847120182589,-12144.604896408569402411,-39183.143213405703136232,-9684.322724075749647454
178896.659836147591704503,-4940.304822944458464917,-40683.225406231234956067,-9860.197681518266108469
181055.797347374435048550,1685.888014343717259180,-40973.059951648414426018,-9761.155973368471677531
182549.966865345370024443,6256.799916176071747032,-40579.148525857279310003,-9550.728912347190998844
183083.229792239697417244,7872.956521999304641213,-40321.531605411648342852,-9448.008966737357695820
183616.492719134024810046,9477.201891590033483226,-40002.910931384496507235,-9330.993758776408867561
185110.662237104959785938,13888.146112638722115662,-38789.705842901857977267,-8928.578173557953050476
187269.799748331803129986,19957.708584485131723341,-36228.483834616003150586,-8161.435763455643609632
189666.261588632274651900,26110.030458283530606423,-32339.431769600774714490,-7074.448175876809727924
191825.399099859117995948,30976.696450556217314443,-27987.765349091616371879,-5909.436466893301258096
193319.568617830052971840,33902.373240685556083918,-24563.730365803388849599,-5015.733073853642963513
193852.831544724380364642,34850.840863359968352597,-23268.948815931446006289,-4681.796226577927882317
194386.094471618707757443,35746.619847694077179767,-21938.988494460110814543,-4340.780757368702325039
195880.263989589642733335,37964.676711878470086958,-18042.492056809318455635,-3352.009252278477106302
198039.401500816486077383,40368.897943624295294285,-12046.666977813056291780,-1856.160579503497046971
200435.863341116957599297,41866.647822774255473632,-5049.605052592674837797,-143.774352649479169486
202595.000852343800943345,42124.898794257605914026,1392.364904572314117104,1404.269861964161009382
204089.170370314735919237,41693.131884111600811593,5839.789050660073371546,2457.499595137487631291
204622.433297209063312039,41418.920591849695483688,7413.014197152774613642,2826.978225393807861110
205155.696224103419808671,41082.118561773335386533,8975.037075140004162677,3192.184514512757232296
206649.865742074354784563,39809.741266729164635763,13272.012366805429337546,4188.035715825837542070
208809.003253301198128611,37142.709574772408814169,19190.436379129096167162,5536.407653210797434440
211205.465093601669650525,33110.825419005923322402,25197.886681262338242959,6871.365888175003419747
213364.602604828512994573,28610.839579154133389238,29958.186569942976348102,7895.986162474618140550
214858.772122799447970465,25075.136386634643713478,32825.108310513969627209,8492.068802060874077142
215392.035049693775363266,23738.992770834232942434,33755.707471832727605943,8680.762080732085451018
215925.297976588102756068,22366.972044573827588465,34635.291091631850576960,8856.335010253311338602
217419.467494559037731960,18349.431245666524773696,36817.059832778424606659,9276.207764366095943842
219578.605005785881076008,12172.697766513061651494,39193.052156004610878881,9687.625139293169922894
221975.066846086352597922,4971.368963376899955620,40693.434699251236452255,9863.447610004759553703
224134.204357313195941970,-1652.808770760271727340,40984.355350537756748963,9764.536316537105449243
225628.373875284130917862,-6222.811023574711725814,40591.491637070932483766,9554.260140678277821280
226161.636802178458310664,-7838.748884187350995489,40334.282594516422250308,9451.600226336655396153
226694.899729072785703465,-9442.832823543605627492,40016.079280176476459019,9334.646359992832003627
228189.069247043720679358,-13853.631100549622715334,38804.048840570438187569,8932.399314847139976337
230348.206758270564023405,-19923.748349343393783784,36244.348772026882215869,8165.449577939440132468
232744.668598571035545319,-26077.584460197573207552,32356.395944761072314577,7078.530683041699376190
234903.806109797878889367,-30946.157438377180369571,28004.909268641207745532,5913.393882074119574099
236397.975627768813865259,-33873.281314925086917356,24580.456933656900218921,5019.484239745511331421
236931.238554663141258061,-34822.263916713527578395,23285.412802299684699392,4685.449437490038690157
237464.501481557468650863,-35718.548166420121560805,21955.129654894164559664,4344.323376375941734295
238958.670999528403626755,-37937.921271653030999005,18057.412674615465220995,3355.177328422750179016
241117.808510755246970803,-40343.588545236510981340,12059.057991790252344799,1858.638565608711587629
243514.270351055718492717,-41841.957639389584073797,5058.337458840694125684,145.340638193477616369
245673.407862282561836764,-42099.602562905805825721,-1387.383679849695909070,-1403.574180510876431072
247167.577380253496812657,-41666.685716370477166492,-5837.461394176125395461,-2457.385040987986030814
247700.840307147824205458,-41391.914610483123396989,-7411.615582015391737514,-2827.059738273802395270
248234.103234042151598260,-41054.474364484303805511,-8974.548260875002597459,-3192.453826143148489791
249728.272752013086574152,-39779.900257428074837662,-13273.918285625211865408,-4188.775161565090456861
251887.410263239929918200,-37108.707784276775782928,-19195.186504146739025600,-5537.632207807481790951
254283.872103540401440114,-33071.098165235525812022,-25204.554547854797419859,-6872.776665917377613368
256443.009614767244784161,-28565.324594510871975217,-29965.162030784173111897,-7897.187150074869350647
257937.179132738179760054,-25025.493073897665453842,-32831.411547260337101761,-8492.899450613347653416
258470.442059632507152855,-23687.885651540251274128,-33761.589285224566992838,-8681.415614446923427749
259003.704986526834545657,-22314.417415263287693961,-34640.655760406436456833,-8856.788110231644168380
260497.874504497769521549,-18292.967583429781370796,-36820.472631490010826383,-9275.978773060407547746
262657.012015724612865597,-12111.215734693558260915,-39192.405287214220152237,-9686.122178565730791888
265053.473856025084387511,-4905.642198449657371384,-40686.814372445282060653,-9860.207098420136389905
267212.611367251898627728,1720.798971111958962865,-40971.395014216723211575,-9759.540172045608414919
268706.780885222891811281,6291.375577462522414862,-40573.839474223314027768,-9548.003581241382562439
269240.043812117190100253,7907.312167780158233654,-40314.930165510944789276,-9444.893663830644072732
269773.306739011488389224,9511.285048930934863165,-39995.024566173939092550,-9327.492606135756432195
271267.476256982481572777,13921.189263829990522936,-38778.275651639807620086,-8924.022865041599288816
273426.613768209295812994,19988.547927489053108729,-36212.149597096169600263,-8155.448132295555296878
275823.075608509767334908,26137.508948786886321614,-32318.089487827768607531,-7067.035991510294479667
277982.213119736581575125,31000.398546307445940329,-27962.428837970262975432,-5900.925442408917660941
279476.382637707574758679,33923.094109508347173687,-24535.974312991344049806,-5006.579859689662043820
280009.645564601873047650,34870.432339094681083225,-23240.404553374166425783,-4672.439126507844775915
280542.908491496171336621,35765.050124430301366374,-21909.697718810253718402,-4331.233625750563987822
282037.078009467164520174,37979.698651566868647933,-18011.341770568997162627,-3342.006005350769555662
284196.215520693978760391,40378.657925254148722161,-12013.471839511032158043,-1845.706119294499558237
286592.677360994450282305,41870.242099075607256964,-5015.088914408357595676,-133.119963817578536691
288751.814872221264522523,42122.793460687149490695,1427.177391388233445468,1414.826722050026546640
290245.984390192257706076,41687.078855148385628127,5874.301771744616416981,2467.834958502571680583
290779.247317086555995047,41411.468593798468646128,7447.319948981313245895,2837.204419896251238242
291312.510243980912491679,41073.276241927313094493,9009.083546051158918999,3202.285906450660604605
292806.679761951905675232,39797.067450514456140809,13305.056522546659834916,4197.705650320776840090
294965.817273178719915450,37124.741446784682921134,19221.332195585713634500,5545.249465876802787534
297362.279113479191437364,33087.461754565701994579,25225.482978488591470523,6879.026856624973333965
299521.416624706005677581,28583.183277864933188539,29982.059867277741432190,7902.374833014464456937
301015.586142676998861134,25044.886409173017455032,32846.035480956823448651,8497.477710145034507150
301548.849069571297150105,23707.899356209745747037,33775.517302093227044679,8685.804147372153238393
302082.111996465595439076,22335.080675910186982946,34653.951493203239806462,8861.002061864077404607
303576.281514436588622630,18315.557090144924586639,36832.343203785523655824,9279.785293996206746669
305735.419025663402862847,12136.657406583721240168,39203.113788259739521891,9689.548617083575663855
308131.880865963874384761,4933.955099043882910337,40697.367161684611346573,9863.469500698534830008
310291.018377190688624978,-1690.490432960101315985,40982.612902300155838020,9762.831859830650500953
311785.187895161681808531,-6260.131086730819333752,40585.813698700527311303,9551.377167038031984703
312318.450822055980097502,-7875.831682956260920037,40327.209045466639508959,9448.303041487215523375
312851.713748950278386474,-9479.621776681260598707,40007.618236926253302954,9330.939345760974902078
314345.883266921271570027,-13889.298567953659585328,38791.761380061871022917,8927.572648424926228472
316505.020778148085810244,-19957.039459705054468941,36226.766941057598160114,8159.101639444488682784
318901.482618448557332158,-26107.251777647899871226,32333.408483268438430969,7070.669799916778174520
321060.620129675371572375,-30971.753174610374117037,27977.611471566899126628,5904.366082725511660101
322554.789647646364755929,-33895.663006008464435581,24550.548746676606242545,5009.774553734656365123
323088.052574540663044900,-34843.428068998437083792,23254.654379386443906697,4675.523286082280719711
323621.315501434961333871,-35738.460524808935588226,21923.566058533160685329,4334.195483674142451491
325115.485019405954517424,-37954.159589967246574815,18023.843923913420439931,3344.565304206626933592
327274.622530632768757641,-40354.155403929267777130,12023.285598322374426061,1847.547898666968421821
329671.084370933240279555,-41845.880282617217744701,5021.143876803802413633,134.038477063835671288
331830.221882160054519773,-42097.384843117710261140,-1424.892564515524099988,-1414.771854354447441438
333324.391400131047703326,-41660.216116240568226203,-5874.643579478269202809,-2468.346801204945222707
333857.654327025345992297,-41383.938492985573248006,-7448.573291707555654284,-2837.905313819514958595
334390.917253919644281268,-41045.001182327949209139,-9011.225067209925327916,-3203.166615202728280565
335885.086771890637464821,-39766.302211462294508237,-13309.510571438713668613,-4199.029076624438857834
338044.224283117451705039,-37089.412325899444113020,-19228.457183937531226547,-5547.005838671160745434
340440.686123417923226953,-33045.999867919090320356,-25234.263062214617093559,-6880.895715356095934112
342599.823634644737467170,-28535.613126641568669584,-29990.854257870043511502,-7903.955090730118172360
344093.993152615730650723,-24992.996418504193570698,-32853.927350232464959845,-8498.627334302600502269
344627.256079510028939694,-23654.483755116056272527,-33782.900775985486689024,-8686.754165630885836435
345160.519006404327228665,-22280.159359313867753372,-34660.728554583241930231,-8861.728700848034350201
346654.688524375320412219,-18256.583547627207735786,-36836.907264586727251299,-9279.763443393561828998
348813.826035602134652436,-12072.512977509315533098,-39203.217607477025012486,-9688.152744656477807439
351210.287875902606174350,-4865.475688199892829289,-40691.032122337877808604,-9860.222184681319049560
353369.425387129420414567,1761.241515917063225061,-40969.511518669489305466,-9757.726605350688259932
354863.594905100413598120,6331.421674977818838670,-40567.727456797307240777,-9544.942288072876181104
355396.857831994711887091,7947.100635268706355419,-40307.319151583375060000,-9441.393962433641718235
355930.120758889010176063,9550.755190379983105231,-39985.923554153698205482,-9323.559202286684012506
357424.290276860003359616,13959.447809731620509410,-38765.067026597054791637,-8918.904947785305921570
359583.427788086817599833,20024.246058224533044267,-36193.261331077286740765,-8148.721734431920594943
361979.889628387289121747,26169.310095732402260182,-32293.407286075263982639,-7058.711145786380257050
364139.027139614103361964,31027.826941553365031723,-27933.131016519910190254,-5891.368802434538338275
365633.196657585096545517,33947.073644051553856116,-24503.883559891532058828,-4996.304017027799091011
366166.459584479394834489,34893.105927822471130639,-23207.404580147762317210,-4661.935097598141510389
366699.722511373693123460,35786.381304338297923096,-21875.836966124574246351,-4320.517001082715978555
368193.892029344686307013,37997.091314170735131484,-17975.338690809061517939,-3330.779568973880486737
370353.029540571500547230,40389.974607512463990133,-11975.117702049979925505,-1833.976654627743755555
372749.491380871972069144,41874.445465253666043282,-4975.223647949142105062,-121.170045768399631925
374908.628892098786309361,42120.426790393765259068,1467.370795717983128270,1426.663786774851132577
376402.798410069779492915,41680.164653083513258025,5914.139377855245584215,2479.421319011183186376
376936.061336964077781886,41402.943454233907687012,7486.915237716242700117,2848.667570575686568191
377469.324263858376070857,41063.150436523981625214,9048.376207685547342408,3213.608342880135296582
378963.493781829369254410,39782.532127935570315458,13343.183420134573680116,4208.542297502382098173
381122.631293056183494627,37104.117301223370304797,19256.968735693240887485,5555.155234513143113873
383519.093133356655016541,33060.637955863770912401,25257.303508302007685415,6887.607030387473059818
385678.230644583469256759,28551.431968155011418276,30009.581300914229359478,7909.528157925497907854
387172.400162554462440312,25010.160525862898794003,32870.158296958303253632,8503.532984984385620919
387705.663089448760729283,23672.206730407226132229,33798.351808077546593267,8691.448430080670732423
388238.926016343059018254,22298.473743606115021976,34675.461022891257016454,8866.226266999346989905
389733.095534314052201807,18276.679852798119100044,36849.961731712988694198,9283.789443124471290503
391892.233045540866442025,12095.304051260274718516,39214.720535972512152512,9691.701547644081074395
394288.694885841337963939,4891.038414893822846352,40701.923845576275198255,9863.495541925640281988
396447.832397068152204156,-1733.702391686005285010,40980.647754921854357235,9760.928230011124469456
397942.001915039145387709,-6302.920210624572064262,40579.328866054638638161,9548.156886230735835852
398475.264841933443676680,-7918.345906539137104119,40319.122051738144364208,9444.620132133923107176
399008.527768827741965652,-9521.796298191209643846,39997.938724173007358331,9326.798771627451060340
400502.697286798735149205,-13930.179964657530945260,38777.691744568874128163,8922.182103800252662040
402661.834798025549389422,-19995.187785021091258386,36206.627327956637600437,8152.013699813988750975
405058.296638326020911336,-26141.239931381867791060,32307.077192409720737487,7061.895040134104419849
407217.434149552835151553,-31001.072990920736629050,27946.348249744522036053,5894.291467523798019101
408711.603667523828335106,-33921.300751320253766607,24516.301608151388791157,4998.941057475752131722
409244.866594418126624078,-34867.671559102527680807,23219.435952964653552044,4664.449033776589203626
409778.129521312483120710,-35761.270835161383729428,21887.428156608326389687,4322.896937616536888527
411272.299039283476304263,-37972.765123617355129682,17985.417993570295948302,3332.728976499321106530
413431.436550510290544480,-40366.274507876260031480,11982.349891600315459073,1835.181224088804128769
415827.898390810762066394,-41850.406374535334180109,4978.597225819039522321,121.439982725882373416
417987.035902037576306611,-42094.899047091246757191,-1467.785649126795760822,-1427.250279333048865738
419481.205420008569490165,-41652.877881329863157589,-5917.153283446124987677,-2480.559882443084461556
420014.468346902867779136,-41374.881530124832352158,-7490.822901885545434197,-2849.988081456306190375
420547.731273797166068107,-41034.236579420401540119,-9053.150137896325759357,-3215.100592424863862107
422041.900791768159251660,-39750.834147269604727626,-13350.186758351821481483,-4210.449568322848790558
424201.038302994973491877,-37067.451747359911678359,-19266.468186831007187720,-5557.442838711391232209
426597.500143295445013791,-33017.432112911170406733,-25268.193427105612499872,-6889.932841965859552147
428756.637654522259254009,-28501.797593957158824196,-30020.190335827621311182,-7911.486062021142970480
430250.807172493252437562,-24956.015265355406882009,-32879.633194493522751145,-8504.999630175350830541
430784.070099387550726533,-23616.474277638277271762,-33807.230876622263167519,-8692.692864997090509860
431317.333026281849015504,-22241.177621252314565936,-34683.643957345972012263,-8867.224267050320122507
432811.502544252842199057,-18215.189168892859015614,-36855.669322377179923933,-9283.972268243986036396
434970.640055479656439275,-12028.491574780302471481,-39215.565778490599768702,-9690.409955096538396901
437367.101895780127961189,-4819.802928801491361810,-40695.863555014606390614,-9860.238358274918937241
439526.239407006942201406,1807.215509966642457584,-40967.394120774792099837,-9755.710707479194752523
441020.408924977935384959,6376.936326882699177077,-40560.797183687238430139,-9541.540544916593717062
441553.671851872233673930,7992.319422963635588530,-40298.683337418238807004,-9437.505415491426902008
442086.934778766531962901,9595.609197562704139273,-39975.592756021658715326,-9319.189147844750550576
443581.104296737525146455,14002.916926399379008217,-38750.065194753580726683,-8913.220191612077542231
445740.241807964339386672,20064.795781297721987357,-36171.805105655745137483,-8141.252673696187230235
448136.703648264810908586,26205.424265556561294943,-32265.372579684124502819,-7049.470228335201682057
450295.841159491625148803,31058.970041699176363181,-27899.860853239104471868,-5880.763666618901879701
451790.010677462618332356,33974.299051245106966235,-24467.448319061517395312,-4984.903076697983124177
452323.273604356916621327,34918.848443612696428318,-23169.939583212591969641,-4650.281825168467548792
452856.536531251214910299,35810.599827990663470700,-21837.397412664948205929,-4308.628726884293428157
454350.706049222208093852,38016.840201861559762619,-17934.475437925913865911,-3318.328247666668175953
456509.843560449022334069,40402.832436776778195053,-11931.599434971813025186,-1820.971193339458750415
458906.305400749493855983,41879.241641511143825483,-4930.006783467520108388,-107.924419429254612623
461065.442911976308096200,42117.782271291587676387,1512.945106182561175956,1439.780493112155909330
462559.612429947301279753,41672.372844397999870125,5959.300127407727813988,2492.257604841532156570
463092.875356841599568725,41393.328815207212755922,7531.797706296628348355,2861.366426340298403375
463626.138283735897857696,41051.724888095850474201,9092.912090069425175898,3226.150395096698957786
465120.307801706891041249,39766.119454653533466626,13386.388393842360528652,4220.543742133993873722
467279.445312933705281466,37080.822225681404233910,19297.338972843892406672,5566.122379342016756709
469675.907153234176803380,33030.340584865894925315,25293.338812217018130468,6897.103163562343070225
471835.044664460991043597,28515.573903432123188395,30040.739451865039882250,7917.442372182296821848
473329.214182431984227151,24970.948340869486855809,32897.464138551506039221,8510.230554668070908519
473862.477109326282516122,23631.905011995295353699,33824.197975504546775483,8697.690758686021581525
474395.740036220580805093,22257.141896453038498294,34699.806291175053047482,8872.003363410669408040
475889.909554191573988646,18232.791745611772057600,36869.901082253447384574,9288.215725672280314029
478049.047065418388228863,12048.632342920718656387,39227.856996120019175578,9694.079214850740754628
480445.508905718859750777,4842.616423124081848073,40707.088602827934664674,9863.520898107302855351
482604.646416945673990995,-1782.444463117446503020,40978.443507557509292383,9758.820609938848065212
484098.815934916667174548,-6351.176350849343180016,40572.020801175487576984,9544.594564130360595300
484632.078861810965463519,-7966.288849168102387921,40310.005345101169950794,9440.546807562493995647
485165.341788705263752490,-9569.353023964535168489,39987.024568214648752473,9322.219997459947990137
486659.511306676256936044,-13976.270106557618419174,38761.824156337403110228,8916.223220150304769049
488818.648817903071176261,-20038.185611248834902653,36183.915061176594463177,8144.181651737309039163
491215.110658203542698175,-26179.538607211216003634,32277.388645972394442651,7052.202810176248021889
493374.248169430356938392,-31034.104482945571362507,27911.107842490462644491,5883.167003307830782433
494868.417687401350121945,-33950.180869933377834968,24477.705090658895642264,4986.981152443401697383
495401.680614295648410916,-34894.980287848753505386,23179.747603892847109819,4652.224245335531122691
495934.943541189946699888,-35786.964600791543489322,21846.706554153075558133,4310.425470167397179466
497429.113059160939883441,-37993.722377928825153504,17942.127035309844359290,3319.666564455286334123
499588.250570387754123658,-40379.929241859754256438,11936.245431224297135486,1821.537504174130617685
501984.712410688225645572,-41855.518533537091570906,4930.694912454540826729,107.544976375976375493
504143.849921915039885789,-42092.127554540020355489,-1516.062873919517187460,-1441.008850645431493831
505638.019439886033069342,-41644.653482305242505390,-5964.988597184252284933,-2494.023142868476497824
506171.282366780331358314,-41364.726275874709244817,-7538.361846111240993196,-2863.306710182991082547
506704.545293674629647285,-41022.163219682755880058,-9100.320251827763058827,-3228.254239420158228313
508198.714811645622830838,-39733.479177500856167171,-13395.941814754885854200,-4223.034605136941536330
510357.852322872437071055,-37042.810167519535752945,-19309.211962810753902886,-5568.940476049063363462
512754.314163172908592969,-32985.380605224316241220,-25306.335501914167252835,-6899.884612695273972349
514913.451674399722833186,-28463.865517027348687407,-30053.158039277528587263,-7919.776085367397172377
516407.621192370716016740,-24914.538582811874221079,-32908.515579922350298148,-8512.012037758060614578
516940.884119265014305711,-23573.846738424123032019,-33834.565669012561556883,-8699.227309145908293431
517474.147046159312594682,-22197.462288085414911620,-34709.387653094257984776,-8873.270309071956944535
518968.316564130305778235,-18168.776206729547993746,-36876.743490159307839349,-9288.600514044983356143
521127.454075357120018452,-11979.145883198161754990,-39229.433360133902169764,-9692.888837368900567526
523523.915915657591540366,-4768.621339173303567804,-40701.291453782381722704,-9860.250525123254192295
525683.053426884463988245,1858.720687859480676707,-40965.025351522039272822,-9753.487407865441127797
527177.222944855340756476,6427.917287843765734578,-40553.031264897632354405,-9537.793371484476665501
527710.485871749697253108,8042.965582238269234949,-40289.005411575817561243,-9433.223089437906310195
528243.748798644053749740,9645.843422031106456416,-39964.014965279864554759,-9314.377563503239798592
529737.918316614930517972,14051.591032103637189721,-38733.253382991482794750,-8906.963908720228573657
531897.055827841861173511,20110.188831146755546797,-36147.765128474457014818,-8133.036638033207054832
534293.517668142216280103,26245.840439267820329405,-32233.971130196547164815,-7039.309471229283190041
536452.655179369146935642,31093.814618700431310572,-27862.605893270076194312,-5869.106858990431646816
537946.824697340023703873,34004.755756320526415948,-24426.657560155930696055,-4972.374321150360628963
538480.087624234380200505,34947.644870970412739553,-23127.999074710725835757,-4637.476763761084839643
539013.350551128736697137,35837.690261301024293061,-21794.369129733324371045,-4295.566433847759981290
540507.520069099613465369,38038.928831121338589583,-17888.743731631868286058,-3304.650185040055021091
542666.657580326544120908,40417.213755227327055763,-11882.911320483648523805,-1806.688660576635584221
545063.119420626899227500,41884.612173397654260043,-4879.435628281150457042,-93.382912150425227082
547222.256931853829883039,42114.841209888312732801,1563.900199935521413863,1454.176191427000048861
548716.426449824706651270,41663.684841133152076509,6009.781937071757056401,2506.342603214553946600
549249.689376719063147902,41382.606180166665581055,7581.964574573700701876,2875.299576116807202197
549782.952303613419644535,41038.981219642606447451,9142.687719439520151354,3239.910455632267712645
551277.121821584296412766,39747.811537186418718193,13434.666052479313293588,4233.707839119231721270
553436.259332811227068305,37054.839402970275841653,19342.434850505054782843,5578.148021859466098249
555832.721173111582174897,32996.554513973147550132,25333.578094016891554929,6907.511643806808024237
557991.858684338512830436,28475.595885754773917142,30075.521320715677575208,7926.113292811228348000
559486.028202309389598668,24927.238193293684162199,32927.938659940082288813,8517.565899679204449058
560019.291129203746095300,23586.983124721347849118,33853.041017240837391000,8704.526506094700380345
560552.554056098102591932,22211.074660474259871989,34726.972091337636811659,8878.328623302653795690
562046.723574068979360163,18183.884068397612281842,36892.144994479844172020,9293.059169634221689194
564205.861085295910015702,11996.636334577346133301,39242.505721573666960467,9696.676397435174294515
566602.322925596265122294,4788.686421680222338182,40712.843170137406559661,9863.540221842853497947
568761.460436823195777833,-1836.716333694883360295,40975.981635290176200215,9756.503678007313283160
570255.629954794072546065,-6404.897096517144746031,40563.871066735817294102,9540.684974576704917126
570788.892881688429042697,-8019.657354998400478507,40299.840572834960767068,9436.077890887474495685
571322.155808582785539329,-9622.288056894682085840,39974.857528893924609292,9317.197903554839285789
572816.325326553662307560,-14027.563048873340449063,38744.140838264363992494,8909.691079409825761104
574975.462837780592963099,-20086.024151225494279061,36158.613408513454487547,8135.600972453534268425
577371.924678080948069692,-26222.136102385098638479,32244.327764906855009031,7041.589159489414669224
579531.062189307878725231,-31070.833609523433551658,27871.877067022192932200,5870.989361925161574618
581025.231707278755493462,-33982.287895731176831760,24434.747525431404937990,4973.891992455275612883
581558.494634173111990094,-34925.338322960327786859,23135.578239895447040908,4638.846255504385226232
582091.757561067584902048,-35815.525446780651691370,21801.390753060670249397,4296.778601263267773902
583585.927079038461670280,-38017.013868890237063169,17893.962302426491078222,3305.376127238901517558
585745.064590265392325819,-40395.100882842089049518,11884.966192461852187989,1806.615619642289175317
588141.526430565747432411,-41861.197200012706161942,4877.434124288460225216,92.353286965847701140
590300.663941792678087950,-42089.050560934323584661,-1569.724062836743541993,-1456.046875355457132173
591794.833459763554856181,-41635.523233071704453323,-6018.147264641325818957,-2508.735298043857710582
592328.096386657911352813,-41353.453143499376892578,-7591.187129251593432855,-2877.859707332551352010
592861.359313552267849445,-41008.761645628277619835,-9152.731678312444273615,-3242.625857315855682828
594355.528831523144617677,-39714.218364522290357854,-13446.769977301277322113,-4236.781923881578222790
596514.666342750075273216,-37015.469800571969244629,-19356.679925155152886873,-5581.495718212521751411
598911.128183050430379808,-32949.829362018463143613,-25348.677801281530264532,-6910.747226204038270225
601070.265694277361035347,-28421.802968321284424746,-30089.743555543598631630,-7928.820762505070888437
602564.435212248237803578,-24868.554078483379271347,-32940.559274011931847781,-8519.659807366859240574
603097.698139142594300210,-23526.589466655750584323,-33864.889455780248681549,-8706.352636208725016331
603630.961066036950796843,-22149.002329104270756943,-34737.943502807327604387,-8879.861860114993760362
605125.130584007827565074,-18117.335514497466647299,-36900.112521000912238378,-9293.642960021785256686
607284.268095234758220613,-11924.469677356806641910,-39244.801863741813576780,-9695.583912889911516686
609680.729935535113327205,-4711.928132278368138941,-40707.296483939229801763,-9860.253078874875427573
611839.867446762043982744,1915.756645621327152185,-40962.385616708677844144,-9751.051131489395629615
613334.036964732920750976,6484.361937084214332572,-40544.410211174268624745,-9533.695295796591381077
613867.299891627277247608,8099.035705429860172444,-40278.265978680763510056,-9428.541564995566659491
614400.562818521633744240,9701.453673409732800792,-39951.170909975298854988,-9309.119090960513858590
615894.732336492510512471,14105.463775734231603565,-38714.612821075330430176,-8900.130954960586677771
618053.869847719441168010,20160.415861062225303613,-36121.123750437451235484,-8124.068901258325240633
620450.331688019796274602,26290.546202476423786720,-32199.187051866065303329,-7028.224751223750899953
622609.469199246726930141,31132.345802268118859502,-27821.352266368070559110,-5856.394910576899746957
624103.638717217603698373,34038.427394964965060353,-24381.499018794496805640,-4958.714787300466014131
624636.901644111960195005,34979.478357352374587208,-23081.571401131524908124,-4623.517140058899713040
625170.164571006316691637,35867.635288413875969127,-21746.741093121432641055,-4281.327542825465570786
626664.334088977193459868,38063.338726740264974069,-17838.134401122108101845,-3289.743366950761810585
628823.471600204124115407,40433.098796574100560974,-11829.047064453479833901,-1791.127902127377410579
631219.933440504479222000,41890.536429590894840658,-4823.507278370137100865,-77.545361134846416462
633379.070951731409877539,42111.582730987785907928,1620.235830821355193621,1469.850142045465872798
634873.240469702286645770,41654.079901936303940602,6065.582369934113557974,2521.674957013330185873
635406.503396596643142402,41370.754915482022624929,7637.412627508532750653,2890.465445497208293091
635939.766323490999639034,41024.898936632424010895,9197.699106493930230499,3254.886734934504147532
637433.935841461876407266,39727.588436231570085511,13488.010267887279042043,4248.032210299866164860
639593.073352688807062805,37026.150116287622950040,19392.247271309632196790,5591.228981871216092259
641989.535192989162169397,32959.262933096768392716,25378.009209826675942168,6918.828489723232451070
644148.672704216092824936,28431.483274454101774609,30113.912318847418646328,7935.536316665198683040
645642.842222186969593167,24879.017166744775749976,32961.565781652258010581,8525.534050971897158888
646176.105149081326089799,23537.428807398595381528,33884.864365810535673518,8711.950586482040307601
646709.368075975682586432,22160.260449111898196861,34756.941392343229381368,8885.196851640304885223
648203.537593946559354663,18129.947219736070110230,36916.675274813373107463,9298.314315726336644730
650362.675105173490010202,11939.309501688072487013,39258.647216773002583068,9699.487368154628711636
652759.136945473845116794,4729.245506690041111142,40719.167166703213297296,9863.547653685820478131
654918.274456700775772333,-1896.517547444240335608,40973.241488739367923699,9753.971608474688764545
656412.443974671652540565,-6464.079657602316729026,40554.859126979543361813,9536.422400088868016610
656945.706901566009037197,-8078.447805494175554486,40288.607299143703130540,9431.207719900618030806
657478.969828460365533829,-9680.596954324582839035,39961.417301488269004039,9311.726891619384332444
658973.139346431242302060,-14084.052073871600441635,38724.622017100802622736,8902.580307620282837888
661132.276857658172957599,-20138.693533049499819754,36130.703782147109450307,8126.266725604106795799
663528.738697958528064191,-26269.019315046250994783,32207.877824269151460612,7030.049782843070715899
665687.876209185458719730,-31111.244683401215297636,27828.641326946577464696,5857.754922989828628488
667182.045727156335487962,-34017.604569124210684095,24387.416011795539816376,4959.670486666456781677
667715.308654050691984594,-34958.727891162721789442,23086.915605317306471989,4624.312172081882636121
668248.571580945048481226,-35846.935112475111964159,21751.469162142202549148,4281.953641956280989689
669742.741098915925249457,-38042.620116830235929228,17840.914160601627372671,3289.855567342925041885
671901.878610142855904996,-40411.768595482935779728,11828.505577938067290233,1790.414373134987727099
674298.340450443211011589,-41867.420634051952220034,4818.811842229705689533,75.864754808211273485
676457.477961670141667128,-42085.646077246659842785,-1628.768910957940533990,-1472.363568787695385254
677951.647479641018435359,-41625.465291945263743401,-6076.626670052050940285,-2524.694917378404170449
678484.910406535374931991,-41341.040407234693702776,-7649.295314960126233927,-2893.645415051294094155
679018.173333429731428623,-40994.010280550341121852,-9210.380164613474335056,-3258.213563269785026932
680512.342851400608196855,-39693.030724005555384792,-13502.664738717159707448,-4251.689026350424683187
682671.480362627538852394,-36985.410961589725047816,-19408.862438891603233060,-5595.105229031496492098
685067.942202927893958986,-32910.760720165722887032,-25395.207484617101727054,-6922.516510130479218788
687227.079714154824614525,-28375.594581404977361672,-30129.931475401033821981,-7938.615273164625250502
688721.249232125701382756,-24818.048209427059191512,-32975.747303615011333022,-8527.937738104801610461
689254.512159020057879388,-23474.689611908557708375,-33898.184752421555458568,-8714.063523965380227310
689787.775085914414376020,-22095.785606727164122276,-34769.293536563265661243,-8886.993484590695516090
691281.944603885291144252,-18060.857051047882123385,-36925.757229423681565095,-9299.093896792035593535
693441.082115112221799791,-11864.456162289248823072,-39261.650747607622179203,-9698.489196159716811962
695837.543955412576906383,-4649.720328298528329469,-40713.857190436079690699,-9860.239900692427909235
697996.681466639507561922,1978.322827297863113927,-40959.453196620757807977,-9748.395799247426111833
699490.850984610384330153,6546.267265008418689831,-40534.912435095640830696,-9529.240354952244160813
700024.113911504740826786,8160.525912516017342568,-40266.443561015730665531,-9423.454938087666960200
700557.376838399097323418,9762.435206144205949386,-39937.039254793766303919,-9303.407893972014790052
702051.546356369974091649,14164.528023853437844082,-38694.122745132939598989,-8892.715731272237462690
704210.683867596904747188,20215.466430958287674002,-36091.861471123702358454,-8114.344325017651499365
706607.145707897259853780,26339.527734318027796689,-32161.002819070257828571,-7016.211592244264465990
708766.283219124190509319,31174.547070130895008333,-27776.084695928962901235,-5842.624062305370898684
710260.452737095067277551,34075.295804655004758388,-24331.959206585241190623,-4943.921269674340692291
710793.715663989423774183,35014.330204910926113371,-23030.643753661308437586,-4608.399956108964943269
711326.978590883780270815,35900.415703871512960177,-21694.501193771549878875,-4265.909268126726601622
712821.148108854657039046,38090.049415230212616734,-17782.637396525846270379,-3273.605624979072672431
714980.285620081587694585,40450.465681415822473355,-11769.999808760727319168,-1774.287688085983745623
717376.747460381942801178,41896.991599557652079966,-4762.218631375343647960,-60.411617206409118808
719535.884971608873456717,42107.983777499743155204,1681.951616134401774616,1486.801511492444433316
721030.054489579750224948,41643.535133370030962396,6126.698622277615868370,2538.253161078979246668
721563.317416474106721580,41357.752252287078590598,7698.138201998038312013,2906.862293066562415333
722096.580343368463218212,41009.455429375724634156,9257.941733284993460984,3271.077257732052657957
723590.749861339339986444,39705.428170510691415984,13546.414162122317065950,4263.514240954269553185
725749.887372566270641983,36994.733755110915808473,19446.766084929728094721,5605.361774258431978524
728146.349212866625748575,32918.447357666809693910,25426.618657106864702655,6931.049348015683790436
730305.486724093556404114,28383.219995848336111521,30155.896258738168398850,7945.706418009439403249
731799.656242064433172345,24826.271100104560900945,32998.327681891139945947,8534.129587890463881195
732332.919168958789668977,23483.228625013962300727,33919.649665147670020815,8719.957453337108745473
732866.182095853146165609,22104.686574662093335064,34789.695331004848412704,8892.602384322677607997
734360.351613824022933841,18070.970709241588338045,36943.471790415911527816,9303.975215934971856768
736519.489125050953589380,11876.644755361976422137,39276.259933033514244016,9702.505892914843570907
738915.950965351308695972,4664.290586338025605073,40726.038091803930001333,9863.536821931782469619
741075.088476578239351511,-1961.847491863668437873,40970.200293765046808403,9751.218071859986594063
742569.257994549116119742,-6528.720850864033309335,40544.962348910761647858,9531.800632679380214540
743102.520921443472616374,-8142.656105406266760838,40276.283006874175043777,9425.930148032344732201
743635.783848337829113007,-9744.274714101062272675,39946.681518954130297061,9305.800885879189081606
745129.953366308705881238,-14145.729677243798505515,38703.245927156393008772,8894.885076438127725851
747289.090877535636536777,-20196.182787216595897917,36100.165744381811236963,8116.173563289135017840
749685.552717835991643369,-26320.173732584826211678,32168.020461067073483719,7017.580022937743706279
751844.690229062922298908,-31155.320361002108256798,27781.384621807363146218,5843.459776920860349492
753338.859747033799067140,-34056.111827950611768756,24335.696427768325520447,4944.313302864175966533
753872.122673928155563772,-34995.129369517344457563,23033.746292063548025908,4608.618879296855084249
754405.385600822512060404,-35881.173443269486597273,21696.929108390282635810,4265.947697866731687100
755899.555118793388828635,-38070.519639517682662699,17782.972099998587509617,3273.102634229637260432
758058.692630020319484174,-40429.909427295220666565,11766.856430674954026472,1772.932493052534709932
760455.154470320674590766,-41874.164913032655022107,4754.824854233649602975,58.079235519460553405
762614.291981547605246305,-42081.889929810204193927,-1693.196970535232139810,-1489.958050592977997439
764108.461499518482014537,-41614.455663094813644420,-6140.423824001522916660,-2541.900420255722565344
764641.724426412838511169,-41327.464204293115471955,-7712.682511793553203461,-2910.662006460846896516
765174.987353307195007801,-40977.885431087939650752,-9273.260922138922978775,-3275.015286672230558906
766669.156871278071776032,-39669.893229045424959622,-13563.618834304677875480,-4267.753175659226144489
768828.294382505002431571,-36952.612072800700843800,-19465.748808042888413183,-5609.765365263242529181
771224.756222805357538164,-32868.155344751787197310,-25445.910344542000530055,-6935.187918130351135915
773383.893734032288193703,-28325.223561232887732331,-30173.704782912780501647,-7949.154372561976742873
774878.063252003164961934,-24763.006193537563376594,-33014.060945896635530517,-8536.840175704050125205
775411.326178897521458566,-23418.133155900526617188,-33934.432278684893390164,-8722.354187818533318932
775944.589105791877955198,-22037.798888590557908174,-34803.417945359622535761,-8894.659276229285751469
777438.758623762754723430,-17999.329893678230291698,-36953.656484523133258335,-9304.947124869706385653
779597.896134989685378969,-11799.097987395622112672,-39279.957412130999728106,-9701.598193868336238666
781994.357975290040485561,-4581.994769244328381319,-40720.949995424627559260,-9860.204359055005625123
784153.495486516971141100,2046.418510113386219018,-40956.204245820350479335,-9745.514828390347247478
785647.665004487847909331,6613.629858417373725388,-40524.514252422261051834,-9524.422096003825572552
786180.927931382204405963,8227.431836392004697700,-40253.514600426511606202,-9417.956820865714689717
786714.190858276560902596,9828.782704862829632475,-39921.596603518657502718,-9297.237659529966549599
788208.360376247437670827,14228.775846415515843546,-38671.760401644984085578,-8884.712185278913239017
790367.497887474368326366,20275.328993907340191072,-36059.956944909521553200,-8103.857360953942588822
792763.959727774723432958,26392.769795290882029803,-32119.399274629438878037,-7003.265168123471084982
794923.097239001654088497,31220.400237369158276124,-27726.786509081248368602,-5827.790268183936859714
796417.266756972530856729,34115.341015189682366326,-24278.023422302194376243,-4927.990323853285190125
796950.529683866887353361,35052.179861483098648023,-22975.202179718700790545,-4592.121992851749382680
797483.792610761243849993,35936.010404073429526761,-21637.636249652437982149,-4249.308621126338039176
798977.962128732120618224,38119.038417672854848206,-17722.241801638294418808,-3256.234640229588876537
801137.099639959051273763,40469.290412246547930408,-11705.762145003027399071,-1756.166716852835861573
803533.561480259406380355,41903.952691111109743360,-4695.566400990356669354,-41.981548914769518888
805692.698991486337035894,42104.019110372049908619,1749.047021980203680869,1505.029368398594669998
807186.868509457213804126,41632.025491498687188141,6193.127508985951862996,2556.075558185844784020
807720.131436351570300758,41343.573288654501084238,7764.137172336229923530,2924.488206413929219707
808253.394363246043212712,40992.625975785638729576,9323.410538759384508012,3288.479859087368367909
809747.563881216919980943,39681.306721149259828962,13609.870093334575358313,4280.151075999976455932
811906.701392443850636482,36960.567821829783497378,19505.980074741321004694,5620.542605475784512237
814303.163232744205743074,32874.087637581425951794,25479.391562582408369053,6944.169490419248177204
816462.300743971136398613,28330.788554059639864136,30201.455343351535702823,7956.618145921360337525
817956.470261942013166845,24768.984599485724174883,33038.204787096547079273,8543.346635934920414002
818489.733188836369663477,23424.367981062023318373,33957.376761604791681748,8728.541097365461610025
819022.996115730726160109,22044.339260966386063956,34825.213203453793539666,8900.539086226235667709
820517.165633701602928340,18006.943171150793205015,36972.512462022241379600,9310.035431970305580762
822676.303144928533583879,11808.634456964060518658,39295.320263501278532203,9705.725229849382230896
825072.764985228888690472,4593.818396176076021220,40733.431322266449569725,9863.500842421726702014
827231.902496455819346011,-2032.705382371487758064,40966.833151281236496288,9748.236235407597632729
828726.072014426696114242,-6598.817084355127917661,40534.156003743635665160,9526.812974772154120728
829259.334941321052610874,-8212.277667346343150712,40262.843099548015743494,9420.238545429547230015
829792.597868215409107506,-9813.315759237790189218,39930.625754539410991129,9299.413334314447638462
831286.767386186285875738,-14212.587553145036508795,38679.988814516538695898,8886.599104804852686357
833445.904897413216531277,-20258.479832515346060973,36066.977014099553343840,8105.315728330599995388
835842.366737713571637869,-26375.583418902082485147,32124.735683017410337925,7004.174873262784785766
838001.504248940502293408,-31203.041631262523878831,27730.089557702849560883,5828.099728264138320810
839495.673766911379061639,-34097.788797573433839716,24279.573441813856334193,4927.816871063800135744
840028.936693805735558271,-35034.521275998486089520,22976.055751731310010655,4591.763041492273259792
840562.199620700092054904,-35918.218381676117132884,21637.756849471028544940,4248.757672950459891581
842056.369138670968823135,-38100.688944692308723461,17720.124748652116977610,3255.114928298431550502
844215.506649897899478674,-40449.498303447180660442,11700.011048501188270166,1754.168637728341536786
846611.968490198254585266,-41881.403929106993018650,4685.469770425551359949,38.996604302170680967
848771.106001425185240805,-42077.755760303967690561,-1763.007635618777385389,-1508.829340480116798062
850265.275519396062009037,-41602.468198267320985906,-6209.535348102960597316,-2560.350071838416624814
850798.538446290418505669,-41312.698537207499612123,-7781.344357951485108060,-2928.907481500686571962
851331.801373184775002301,-40960.361290185326652136,-9341.368611266840161989,-3293.028765032791852718
852825.970891155651770532,-39644.780814820718660485,-13629.624227132355372305,-4284.971392290989570029
854985.108402382582426071,-36917.049670614418573678,-19527.327261655798793072,-5625.472172949406740372
857381.570242682937532663,-32821.992238530561735388,-25500.770794262174604228,-6948.756526687609039072
859540.707753909868188202,-28270.671695555305632297,-30221.044844351181382081,-7960.432388703709875699
861034.877271880744956434,-24703.412022144999355078,-33055.479718497233989183,-8546.361010214766793069
861568.140198775101453066,-23356.904925481117970776,-33973.610949206391524058,-8731.218378626505000284
862101.403125669457949698,-21975.027860909623996122,-34840.295072236236592289,-8902.852856060173508013
863595.572643640334717929,-17932.742252422984165605,-36983.787202530656941235,-9311.195953074953649775
865754.710154867265373468,-11728.387261782076166128,-39299.697194617823697627,-9704.903903960073876078
868151.171995167620480061,-4508.748135010823716584,-40728.549195701591088437,-9860.139309578411484836
870310.309506394551135600,2120.042788185940480616,-40952.612793051608605310,-9742.401133032504731091
871804.479024365427903831,6686.445884302108424890,-40513.189883717197517399,-9519.233576937565885601
872337.741951259784400463,8299.748606739321985515,-40239.453460551936586853,-9412.040342856256756932
872871.004878154140897095,9900.490268344903597608,-39904.817501867386454251,-9290.601599174593502539
874365.174396125017665327,14298.198501143226167187,-38647.501051958504831418,-8876.113813050373209990
876524.311907351948320866,20339.990881436351628508,-36025.386987813064479269,-8092.602053081819576619
878920.773747652303427458,26450.255714003258617595,-32074.355639047807926545,-6989.380305590324496734
881079.911258879234082997,31269.885444824525620788,-27673.439647854840586660,-5811.889198768381902482
882574.080776850110851228,34158.541238424746552482,-24219.675764233339577913,-4910.918270222190585628
883107.343703744467347860,35093.004910829164145980,-22915.231595689099776791,-4574.679813959463899664
883640.606630638823844492,35974.396378034340159502,-21576.132018861411779653,-4231.522414187166759802
885134.776148609700612724,38150.281242007666151039,-17656.935847947934234980,-3237.627947458448034013
887293.913659836631268263,40489.546868119374266826,-11636.326129567076350213,-1736.763619470797266331
889690.375500136986374855,41911.392527874631923623,-4623.547132757684266835,-22.255046978909831523
891849.513011363917030394,42099.661308657043264247,1821.521347236337533104,1524.532679076169870314
893343.682529334793798625,41619.523783765107509680,6264.865447567926821648,2575.140334694946432137
893876.945456229150295258,41328.190992115611152258,7835.404934307459370757,2943.341097826192708453
894410.208383123506791890,40974.383744538157770876,9394.099902942787593929,3307.092180137075501989
895904.377901094383560121,39655.198036604997469112,13678.369640340570185799,4297.939615899636009999
898063.515412321314215660,36923.627939130055892747,19569.876943281622516224,5636.767369782883179141
900459.977252621669322252,32826.161967112377169542,25536.311669107315537985,6958.183810402989365684
902619.114763848599977791,28274.170042944722808897,30250.570154620720131788,7968.265621506824572862
904113.284281819476746023,24707.141051399252319243,33081.175761723236064427,8553.178864374798649806
904646.547208713833242655,23360.831131117403856479,33998.023694224517385010,8737.695044252266598050
905179.810135608189739287,21979.203657368972926633,34863.472455919843923766,8909.000349120802638936
906673.979653579066507518,17937.852379246898635756,37003.773256219930772204,9316.488033627307231654
908833.117164805997163057,11735.270434125821338966,39315.802537766059685964,9709.138128358896210557
911229.579005106352269650,4517.825515880073908193,40741.320109835542098153,9863.432318364595630555
913388.716516333282925189,-2109.090245313291234197,40963.113037192924821284,9745.018763624002531287
914882.886034304159693420,-6674.364340511517184495,40522.413268627991783433,9521.452240228474693140
915416.148961198516190052,-8287.307394954917981522,40248.260903723261435516,9414.125800153875388787
915949.411888092872686684,-9887.713921187498272047,39913.223524777989950962,9292.557210028868212248
917443.581406063749454916,-14284.616577892731584143,38654.824941787672287319,8877.715660783196653938
919602.718917290680110455,-20325.571460686664067907,36031.113473940051335376,8093.687056746074631519
921999.180757591035217047,-26435.231000586907612160,32078.001878230574220652,6989.828981208245750167
924158.318268817965872586,-31254.387803547266230453,27674.737358985810715239,5811.670299300517399388
925652.487786788842640817,-34142.612780182520509697,24219.030525776073773159,4910.177387409794391715
926185.750713683199137449,-35076.880259323203063104,22913.828308946645847755,4573.741107119771186262
926719.013640577555634081,-35958.045957699934660923,21573.937587443771917606,4230.380273580580251291
928213.183158548432402313,-38133.102522041888732929,17652.359887154831085354,3235.889905180119967554
930372.320669775363057852,-40470.508021228510187939,11627.961199827623204328,1734.121399940144328866
932768.782510075718164444,-41889.109386601958249230,4610.743039629734994378,18.616760566469565674
934927.920021302648819983,-42073.215025880534085445,-1838.200125280481188383,-1528.976353616513961242
936422.089539273525588214,-41589.474598812157637440,-6283.957458294206844585,-2580.041978551082138438
936955.352466167882084846,-41296.715276528964750469,-7855.276004647696936445,-2948.379662453789023857
937488.615393062238581479,-40941.409940459947392810,-9414.697324816668697167,-3312.251539555538329296
938982.784911033115349710,-39617.666383813259017188,-13700.672091920409002341,-4303.340449845495641057
941141.922422260046005249,-36878.698413409001659602,-19593.584938626117946114,-5642.221383507528116752
943538.384262560401111841,-32772.248752343948581256,-25559.771853882302821148,-6963.217031700454754173
945697.521773787331767380,-28211.919367447819240624,-30271.931396221145405434,-7972.443219510694689234
947191.691291758208535612,-24639.248473829640715849,-33099.981368919914530125,-8556.493673544580815360
947724.954218652565032244,-23290.988606866092595737,-34015.697863416688051075,-8740.649380398812354542
948258.217145546921528876,-21907.457143111882032827,-34879.901402717325254343,-8911.567370267192018218
949752.386663517798297107,-17861.081485687034728471,-37016.124338832603825722,-9317.833196854011475807
951911.524174744728952646,-11652.315571010120038409,-39320.843363748928823043,-9708.398814660709831514
954307.986015045084059238,-4429.976960881665945635,-40736.626960065521416254,-9860.037094857614647481
956467.123526272014714777,2199.194554800343212264,-40948.650741281737282407,-9739.047124736069235951
957961.293044242891483009,6764.711072220145979372,-40500.911456253743381239,-9513.667367765163362492
958494.555971137247979641,8377.470832490129396319,-40224.232429394520295318,-9405.698152231008862145
959027.818898031604476273,9977.551392099800068536,-39886.674440721690189093,-9283.492450440964603331
960521.988416002481244504,14372.786416568889762857,-38621.317977339291246608,-8866.913661032525851624
962681.125927229411900043,20409.438287592492997646,-35988.126585075777256861,-8080.572040376013319474
965077.587767529767006636,26511.967372842747863615,-32025.849520689396740636,-6974.551487515241205983
967236.725278756697662175,31322.981146596273902105,-27616.024681439004780259,-5794.916244916693358391
968730.894796727574430406,34204.872857222013408318,-24156.899143708458723268,-4892.701198023610231758
969264.157723621930927038,35136.781062134112289641,-22850.715800868329097284,-4556.069769985707353044
969797.420650516287423670,36015.548697454280045349,-21509.973213963054149644,-4212.547264899155379680
971291.590168487164191902,38183.751374775049043819,-17586.706929966552706901,-3217.782939528498900472
973450.727679714094847441,40511.206798982522741426,-11561.683300071081248461,-1716.076964299536939507
975847.189520014449954033,41919.281746668610139750,-4546.157221272480455809,-1.232029069708232782
978006.327031241380609572,42094.880769728959421627,1899.373706109432532685,1545.310302763550453164
979500.496549212257377803,41606.000671174209855963,6341.908440801433243905,2595.445515886435259745
980033.759476106613874435,41311.576202541895327158,7911.936387911475321744,2963.418699665431631729
980567.022403000970371068,40954.699798647001443896,9470.003629775632361998,3326.911663522065282450
982061.191920971847139299,39627.074038159058545716,13751.903585897678567562,4316.876512273388470931
984220.329432198777794838,36883.887858142319601029,19638.443296508768980857,5654.031645212160583469
986616.791272499132901430,32774.646895776531891897,25597.361321477896126453,6973.086819650385223213
988775.928783726063556969,28213.344159148262406234,30303.219641039984708186,7980.642534936630909215
990270.098301696940325201,24640.722637136757839471,33127.217497250261658337,8563.619483715528986068
990803.361228591296821833,23292.601197651736583794,34041.566684288460237440,8747.412352289937189198
991336.624155485653318465,21909.263853946351446211,34904.448674836159625556,8917.979089462192860083
992830.793673456530086696,17863.685263123265031027,37037.228177192104340065,9323.325597058466883027
994989.931184683460742235,11656.543998164037475362,39337.679016147703805473,9712.736828114586387528
997386.393024983815848827,4436.308387449737892894,40749.675578459609823767,9863.323340183267646353
999545.530536210746504366,-2191.000899531210961868,40959.010802470569615252,9741.557818890736598405
1001039.700054181623272598,-6755.358157829072297318,40509.705228664060996380,9515.710755484722540132
1001572.962981075979769230,-8367.739664669623380178,40232.507671698338526767,9407.584319504143422819
1002106.225907970336265862,-9967.462421729393099668,39894.446292879736574832,9285.225012754945055349
1003600.395425941213034093,-14361.806792334220517660,38627.726593382620194461,8868.227563562693831045
1005759.532937168143689632,-20397.443319857073220192,35992.549178218367160298,8081.280980435910350934
1008155.994777468498796225,-26499.097652018528606277,32027.795825830151443370,6974.536651432862527145
1010315.132288695429451764,-31309.336494656148715876,27615.307881052245647879,5794.166733941915481410
1011809.301806666306219995,-34190.559243316041829530,24154.049968990835623117,4891.390818382417819521
1012342.564733560662716627,-35122.181088048724632245,22847.047175909836369101,4554.549313045428789337
1012875.827660455019213259,-36000.630278528820781503,21505.455483718273171689,4210.812012945981223311
1014369.997178425895981491,-38167.732834638387430459,17579.664464647015847731,3215.424880359430062526
1016529.134689652826637030,-40492.909244193309859838,11550.698140794471328263,1712.789311759180691297
1018925.596529953181743622,-41897.250799347915744875,4530.640967305516824126,-3.060367109846083622
1021084.734041180112399161,-42068.236999450266011991,-1918.773465435671823798,-1550.397895698072488813
1022578.903559150989167392,-41575.444418017963471357,-6363.685946756514567824,-2600.974083243148925249
1023112.166486045345664024,-41279.484163892193464562,-7934.472098116068082163,-2969.076189156758118770
1023645.429412939702160656,-40921.001357992274279241,-9493.240570169835336856,-3332.680950403751012345
1025139.598930910578928888,-39588.520811597147257999,-13776.752797627485051635,-4322.856870495415023470
1027298.736442137509584427,-36837.531090090749785304,-19664.507871326946769841,-5660.008409559664869448
1029695.198282437864691019,-32718.900596515581128187,-25622.895135671544267097,-6978.563744846149347723
1031854.335793664795346558,-28148.945568971081229392,-30326.342532396116439486,-7985.180329763724330405
1033348.505311635672114789,-24570.497129458351992071,-33147.541863155398459639,-8567.231136852742565679
1033881.768238530028611422,-23220.366761123390460853,-34060.668294732015056070,-8750.640007858452008804
1034415.031165424385108054,-21835.070303749376762426,-34922.211554585672274698,-8920.795487922836400685
1035909.200683395261876285,-17784.334117223363136873,-37050.640879460937867407,-9324.851176513457176043
1038068.338194622192531824,-11570.873995257496062550,-39343.367113732230791356,-9712.074903471771904151
1040464.800034922547638416,-4345.677656477383607125,-40745.153326600979198702,-9859.889544335685059195
1042623.937546149478293955,2283.872483244977047434,-40944.287867891092901118,-9735.444713174651042209
1044118.107064120355062187,6848.420695262325352815,-40487.649006223640753888,-9507.715551730194420088
1044651.369991014711558819,8460.592582895595114678,-40207.821722244931152090,-9398.922417204092198517
1045184.632917909184470773,10059.958949566011142451,-39867.137859764443419408,-9275.902478445041197119
1046678.802435880061239004,14452.529173750453992398,-38593.182484575001581106,-8857.104328149589491659
1048837.939947106875479221,20483.656251790569513105,-35948.148899491017800756,-8067.760559575393926934
1051234.401787407463416457,26577.885192581954470370,-31973.856926896562072216,-6958.772856413093904848
1053393.539298634277656674,31379.664096640695788665,-27554.520819534802285489,-5776.866521832711441675
1054887.708816605387255549,34254.310413630766561255,-24089.675299810212891316,-4873.334969718270258454
1055420.971743499627336860,35183.482138789229793474,-22781.637492618283431511,-4536.288002826971933246
1055954.234670393634587526,36059.440506117425684351,-21439.143517567456001416,-4192.379600635301358125
1057448.404188364744186401,38219.420272331793967169,-17511.541621862790634623,-3196.696872192391310818
1059607.541699591558426619,40534.239819705129775684,-11481.824693176771688741,-1694.105262026964510369
1062004.003539891913533211,41927.588794837123714387,-4463.392928788982317201,21.087555070038206395
1064163.141051118727773428,42089.645709668169729412,1982.603009295851734350,1567.360986540754765883
1065657.310569089837372303,41591.424670798412989825,6424.252058006704828585,2616.988960973870234739
1066190.573495984077453613,41293.697635402910236735,7993.725918730277044233,2984.718559432761139760
1066723.836422878317534924,40933.543099470654851757,9551.114928598417463945,3347.935548507618932490
1068218.005940849427133799,39596.904625987212057225,13830.461898681593083893,4336.958163218529989535
1070377.143452076241374016,36841.319467372028157115,19711.664626867259357823,5672.330689274765973096
1072773.605292376596480608,32719.517340189544484019,25662.521451200758747291,6988.872644319567370985
1074932.742803603410720825,28148.289216294233483495,30359.381104372318077367,7993.742142306182358880
1076426.912321574520319700,24569.710348381446237909,33176.305100432015024126,8574.661243020773326862
1076960.175248468760401011,23219.660186108667403460,34087.980124154535587877,8757.685609873784414958
1077493.438175363000482321,21834.502898022514273180,34948.115576280259119812,8927.467746065120081767
1078987.607693334110081196,17784.427925797710486222,37072.849257936228241306,9330.540202962258263142
1081146.745204560924321413,11572.445962917281576665,39360.919883670540002640,9716.513058030184765812
1083543.207044861279428005,4349.263334859027963830,40758.466721509037597571,9863.165485388548404444
1085702.344556088093668222,-2278.435936490594940551,40954.495173379618790932,9737.845062158356086002
1087196.514074059203267097,-6841.793611125367533532,40496.000879224309755955,9509.580360806672615581
1087729.777000953443348408,-8453.568306091661725077,40215.552584576849767473,9400.606031467721550143
1088263.039927847683429718,-10052.553853470202739118,39874.263472534337779507,9277.408770500423997873
1089757.209445818793028593,-14444.147382884042599471,38598.664081364549929276,8858.127185639335948508
1091916.346957045607268810,-20474.079896749124600319,35951.256361598505463917,8068.090530088517880358
1094312.808797345962375402,-26567.163079401623690501,31974.092707525574951433,6958.291849492560686485
1096471.946308572776615620,-31367.863614930887706578,27551.779624236405652482,5775.584001919442016515
1097966.115826543886214495,-34241.601807612591073848,24084.612893593675835291,4871.452905313904921059
1098499.378753438126295805,-35170.396638948965119198,22775.694468165409489302,4534.183689170507022936
1099032.641680332366377115,-36045.943517552776029333,21432.293675263528712094,4190.049215769687180000
1100526.811198303475975990,-38204.550309847902099136,17502.024616122416773578,3193.717034128371324186
1102685.948709530290216208,-40516.670495996426325291,11468.212633800805633655,1690.170849739423601932
1105082.410549830645322800,-41905.795487953291740268,4445.159734898421447724,-26.034815680942074323
1107241.548061057459563017,-42062.788770141160057392,-2004.726469256635937199,-1573.092657687544487999
1108735.717579028569161892,-41560.345063781714998186,-6448.716162451679338119,-2623.144160031266437727
1109268.980505922809243202,-41260.972815468107000925,-8018.926760247756647004,-2990.994513894253486797
1109802.243432817049324512,-40899.103416557511081919,-9576.991250036522615119,-3354.314131654209631961
1111296.412950788158923388,-39557.312953218541224487,-13857.855888738029534579,-4343.516920149518227845
1113455.550462014973163605,-36793.518629446472914424,-19740.080968042311724275,-5678.828340499320802337
1115852.012302315328270197,-32661.921853238367475569,-25690.120828285846073413,-6994.790589726460893871
1118011.149813542142510414,-28081.727915979747194797,-30384.254690374182246160,-7998.636747873681088095
1119505.319331513252109289,-24497.138388460403803037,-33198.135373554134275764,-8578.565907801936191390
1120038.582258407492190599,-23145.020840927547396859,-34108.495679039690003265,-8761.182603874014603207
1120571.845185301732271910,-21757.849877706630650209,-34967.198266999519546516,-8930.529398604730886291
1122066.014703272841870785,-17702.485854470636695623,-37087.307832067723211367,-9332.241715372443650267
1124225.152214499656111002,-11484.053128904011828126,-39367.237558152381097898,-9715.923636135919878143
1126621.614054800011217594,-4255.846526158869892242,-40754.096199906220135745,-9859.687974203608973767
1128780.751566026825457811,2374.075006203988777997,-40939.491825029945175629,-9731.585306880864663981
1130274.921083997935056686,6937.569549604405438004,-40473.370481264224508777,-9501.369726633985919761
1130808.184010892175137997,8549.107367193015306839,-40190.189484978975087870,-9391.704827561134152347
1131341.446937786415219307,10147.705171922989393352,-39846.176151542422303464,-9267.823477613961586030
1132835.616455757524818182,14537.415486658312147483,-38563.063912148762028664,-8846.677968083316955017
1134994.753966984339058399,20562.628640443257609149,-35905.425280498850042932,-8054.160448207495392126
1137391.215807284694164991,26647.988115921358257765,-31918.352276072509994265,-6942.038218209329897945
1139550.353318511508405209,31439.909334479001699947,-27488.905926821553293848,-5757.734873403570418304
1141044.522836482618004084,34306.826596306382270996,-24017.984815290568803903,-4852.815225657293922268
1141577.785763376858085394,35233.080066460912348703,-22707.978282754727842985,-4515.330450500761799049
1142111.048690271098166704,36106.043008631393604446,-21363.625599161896388978,-4171.015663427730032708
1143605.218208242207765579,38257.257351550273597240,-17431.425695415462541860,-3174.366869207258787355
1145764.355719469022005796,40558.613403807357826736,-11396.740863783288659761,-1670.846971020384444273
1148160.817559769377112389,41936.279927531060820911,-4375.250405239382416767,44.703718166281532831
1150319.955070996191352606,42083.922163830327917822,2071.207943741046619834,1590.683359915291248399
1151814.124588967300951481,41575.762158624034782406,6511.891414941637776792,2639.768357799219302251
1152347.387515861541032791,41274.521885419577301946,8080.767377932307681476,3007.238034518223685154
1152880.650442756013944745,40910.880511166957148816,9637.426394297441220260,3370.160865796711732401
1154374.819960727123543620,39564.657685826758097392,13914.033713975222781301,4358.180708339116790739
1156533.957471953937783837,36795.892802424350520596,19789.525295171864854638,5691.659434408113156678
1158930.419312254292890429,32660.746596912737004459,25731.771560230263276026,7005.535021087415771035
1161089.556823481107130647,28078.982160322062554769,30419.030185490868461784,8007.557262322992755799
1162583.726341452216729522,24494.084004056185221998,33228.411880806575936731,8586.296427094999671681
1163116.989268346456810832,23141.989002242964488687,34137.236565399674873333,8768.506932870259333868
1163650.252195240696892142,21754.902811973272036994,34994.444994769604818430,8937.458277661229658406
1165144.421713211806491017,17700.065662682864058297,37110.606550975717254914,9338.123434691869988455
1167303.559224438620731235,11482.966665000476496061,39385.493243743963830639,9720.458035207147986512
1169700.021064738975837827,4256.686585154095155303,40767.660398945081396960,9862.949818485796640744
1171859.158575965790078044,-2371.393698972208767373,40949.532751882339653093,9733.871653725709620630
1173353.328093936899676919,-6933.665290392128554231,40481.267128599312854931,9503.052411664621104137
1173886.591020831139758229,-8544.786580959051207174,40197.362755709211342037,9393.182386304944884614
1174419.853947725379839540,-10142.980158970180127653,39852.642432144180929754,9269.100041339765084558
1175914.023465696489438415,-14531.626661239904933609,38567.605751864779449534,8847.406455173244467005
1178073.160976923303678632,-20555.464497682376531884,35907.205448535911273211,8054.108338306877158175
1180469.622817223658785224,-26639.405503749469062313,31916.866120148202753626,6941.088205731916787045
1182628.760328450473025441,-31429.943353480972291436,27484.129748818199004745,5755.916803264897680492
1184122.929846421582624316,-34295.712233810736506712,24010.699271030669478932,4850.359169215758811333
1184656.192773315822705626,-35221.497884688338672277,22699.751221601873112377,4512.640063368124174303
1185189.455700210062786937,-36093.955902731344394851,21354.434292070898663951,4168.088023347501803073
1186683.625218181172385812,-38243.523329732328420505,17419.425681054359301925,3170.763416871242498019
1188842.762729407986626029,-40541.758153942391800229,11380.494967415861538029,1666.264440446359458292
1191239.224569708341732621,-41914.708577044424600899,4354.295420602828926349,-50.306581993739882819
1193398.362080935155972838,-42056.835243952584278304,-2096.057716186832294625,-1597.059210224015032509
1194892.531598906265571713,-41544.141801628000393976,-6539.042990284076950047,-2646.549808823455350648
1195425.794525800505653024,-41241.146725821105064824,-8108.633567868887439545,-3014.131895980609442631
1195959.057452694745734334,-40875.681892315595177934,-9665.941641880634051631,-3377.148005944558008196
1197453.226970665855333209,-39524.009650182364566717,-13943.970065260109549854,-4365.316603326067706803
1199612.364481892669573426,-36746.630110302314278670,-19820.287994220161635894,-5698.675937800796418742
1202008.826322193024680018,-32601.284989966919965809,-25761.427679963097034488,-7011.891097798401460750
1204167.963833419838920236,-28010.242664087534649298,-30445.642636673688684823,-8012.805062481561435561
1205662.133351390948519111,-24419.151486351052881218,-33251.734265962928475346,-8590.490027672729411279
1206195.396278285188600421,-23064.931208588626759592,-34159.151602496771374717,-8772.269036766942008398
1206728.659205179428681731,-21675.777384707762394100,-35014.832388972208718769,-8940.760809899877131102
1208222.828723150538280606,-17615.521608255927276332,-37126.094216402234451380,-9339.996137838203139836
1210381.966234377352520823,-11391.843101542734075338,-39392.421723538122023456,-9719.935965578948525945
1212778.428074677707627416,-4160.479790883265195589,-40763.421348284326086286,-9859.423187336407863768
1214937.565585904521867633,2469.800293712618440622,-40934.228140161212650128,-9727.459814082994853379
1216431.735103875631466508,7032.151932648746878840,-40458.041743323512491770,-9494.621006286144620390
1216964.998030769871547818,8643.008112879771942971,-40171.301797745436488185,-9384.036596325177015387
1217498.260957664111629128,10240.781626533889721031,-39823.755665970988047775,-9259.246773564627801534
1218992.430475635221228004,14627.433181248388791573,-38530.929636998749629129,-8835.626291733269681572
1221151.567986862035468221,20646.338127386872656643,-35859.925274062683456577,-8039.764147837573545985
1223548.029827162390574813,26722.253589995831134729,-31859.308410732293850742,-6924.341046270104925497
1225707.167338389204815030,31503.690170036876224913,-27419.156538541799818631,-5737.515876831825153204
1227201.336856360314413905,34362.392227195829036646,-23941.807133686314045917,-4831.137389064217131818
1227734.599783254554495215,35285.544860473128210288,-22629.718715164279274177,-4493.192852239227249811
1228267.862710148794576526,36155.325458522696862929,-21283.401133209015824832,-4148.451515166848366789
1229762.032228119904175401,38297.229980022901145276,-17346.344139288779842900,-3150.789927781117512495
1231921.169739346718415618,40584.292876914587395731,-11306.421905606966902269,-1646.300503017858773092
1234317.631579647073522210,41945.319204967709083576,-4281.725709665894100908,69.616429615505467154
1236476.769090873887762427,42077.673987620299158152,2165.186950994558173988,1615.275929078351282442
1237970.938608844997361302,41558.977372757020930294,6604.821152328562675393,2663.781217211580042203
1238504.201535739237442613,41254.013430631865048781,8173.054060918943832803,3030.974286638708235841
1239037.464462633477523923,40886.676805618386424612,9728.929986099697998725,3393.584432034722794924
1240531.633980604587122798,39530.299096259499492589,14002.607313070067903027,4380.540023486659265473
1242690.771491831401363015,36747.576056546029576566,19872.008511309406458167,5712.012483166007768887
1245087.233332131756469607,32598.306356314824370202,25805.089703678680962184,7023.067292979472767911
1247246.370843358570709825,28005.398585992290463764,30482.140849357274419162,8022.080272824112398666
1248740.540361329680308700,24413.822268424002686515,33283.509337473362393212,8598.516853530283697182
1249273.803288223920390010,23059.567470742978912313,34189.306706277668126859,8779.867961861349613173
1249807.066215118160471320,21670.444612343046173919,35043.406871419319941197,8947.942160345437514479
1251301.235733089270070195,17610.582981925188505556,37150.468118579054134898,9346.066376288803439820
1253460.373244316084310412,11388.095985492745967349,39411.365111564111430198,9724.562463857881084550
1255856.835084616439417005,4158.574291010973865923,40777.221334456568001769,9862.666890919423167361
1258015.972595843253657222,-2469.872258315466751810,40944.088016231107758358,9729.628254110279158340
1259510.142113814363256097,-7030.967278236827041837,40465.468800986680435017,9496.117780234721067245
1260043.405040708603337407,-8641.387160720672909520,40177.903234531455382239,9385.304358272271201713
1260576.667967602843418717,-10238.732608483740477823,39829.548499508135137148,9260.289915356725032325
1262070.837485573953017592,-14624.232042779693074408,38534.517992093831708189,8836.056858529465898755
1264229.974996800767257810,-20641.579228365775634302,35860.365063509932952002,8039.326642961826109968
1266626.436837101122364402,-26715.801642819809785578,31856.088089171535102651,6922.919019443822435278
1268785.574348327936604619,-31495.548162532955757342,27412.334091166703728959,5735.159573091491438390
1270279.743866299046203494,-34352.860409009241266176,23932.287939787092909683,4828.104915920541316154
1270813.006793193286284804,-35275.453880803914216813,22619.197410699634929188,4489.914066740212547302
1271346.269720087526366115,-36144.635704318206990138,21271.858475894143339247,4144.924398912249671412
1272840.439238058635964990,-38284.618220958604069892,17331.852223354264424415,3146.560954683834097523
1274999.576749285450205207,-40568.136442262933996972,11287.534977686585989431,1641.068466328327303927
1277396.038589585805311799,-41923.952992488768359181,4258.044021547467309574,-75.875616807745700498
1279555.176100812619552016,-42050.339144622805179097,-2192.765529542273725383,-1622.295997701016403880
1281049.345618783729150891,-41526.797758097869518679,-6634.660828886768285884,-2671.188449525593114231
1281582.608545677969232202,-41219.969272191461641341,-8203.585530653572277515,-3038.485396028217110143
1282115.871472572209313512,-40850.700468981434823945,-9760.083375993473964627,-3401.179278812360280426
1283610.040990543318912387,-39488.575738065163022839,-14035.083161436490627239,-4388.251657737921050284
1285769.178501770133152604,-36696.832772509915230330,-19905.111552546070015524,-5719.545630072265339550
1288165.640342070488259196,-32536.960873834927042481,-25836.792980696147424169,-7029.858404092490673065
1290324.777853297302499413,-27934.464725811030803015,-30510.479451372950279620,-8027.677418890611988900
1291818.947371268412098289,-24336.514513515914586606,-33308.309086139539431315,-8602.995068344749597600
1292352.210298162652179599,-22980.077155372440756764,-34212.605788652974297293,-8783.890697497508881497
1292885.473225056892260909,-21588.833349143696977990,-35065.082867223638459109,-8951.480944799897770281
1294379.642743028001859784,-17523.425513872352894396,-37166.967054306122008711,-9348.105267409340740414
1296538.780254254816100001,-11294.233600428364297841,-39418.884542662694002502,-9724.102330832974985242
1298935.242094555171206594,-4059.573611520538179320,-40773.092400915054895449,-9859.085473270451984718
1301094.379605781985446811,2571.046229665452301560,-40928.460216807747201528,-9723.058643635984481080
1302588.549123753095045686,7132.161619759043787781,-40441.626571881155541632,-9487.460022084378579166
1303121.812050647335126996,8742.287142592644158867,-40151.122679063650139142,-9375.908461564369645203
1303655.074977541575208306,10339.179194001200812636,-39799.840715303551405668,-9250.163225136971959728
1305149.244495512684807181,14722.569173216581475572,-38496.745081884866522159,-8823.940569863721975707
1307308.382006739499047399,20734.766173107986105606,-35811.616633346005983185,-8024.563707546733894560
1309704.843847039854153991,26800.657547834507568041,-31796.696611554420087487,-6905.674485704645121587
1311863.981358266668394208,31570.978167615783604560,-27345.247877232715836726,-5716.203847569137906248
1313358.150876237777993083,34420.976247485115891322,-23861.120577672623767285,-4808.296671336378494743
1313891.413803132018074393,35340.844612504137330689,-22546.838284683861274971,-4469.870753906400750566
1314424.676730026258155704,36207.255145706993062049,-21198.450818517918378348,-4124.683043124759024067
1315918.846247997367754579,38339.303465785131265875,-17256.281179646295640850,-3125.962924354744245647
1318077.983759224181994796,40611.241409953930997290,-11210.857473154788749525,-1620.464229161183084216
1320474.445599524537101388,41954.668489686366228852,-4182.814833070438908180,95.825609347129557136
1322633.583110751351341605,42070.862857490828901064,2264.538204166311516019,1641.137070833343614140
1324127.752628722460940480,41541.032417009540949948,6703.035413006469752872,2689.024867128940059047
1324661.015555616701021791,41232.134636901195335668,8270.578684614927624352,3055.924275965033302782
1325194.278482510941103101,40860.894667842316266615,9825.617005042673554271,3418.202844012327204837
1326688.448000482050701976,39493.792736627248814330,14096.170101394160155905,4404.031715216006887204
1328847.585511708864942193,36696.335591995113645680,19959.096313781061326154,5733.384103157402023498
1331244.047352009220048785,32532.166717455420439364,25882.452471523225540295,7041.462404992012125149
1333403.184863236034289002,27927.512754559582390357,30548.685369166374584893,8037.303107130902390054
1334897.354381207143887877,24328.902670447299897205,33341.567145160930522252,8611.313869622927086311
1335430.617308101383969188,22972.374355135976657039,34244.159378517135337461,8791.759859271513050771
1335963.880234995624050498,21581.108330266619304894,35094.969241490754939150,8958.910384917668125127
1337458.049752966733649373,17515.963626114964426961,37192.400022508016263600,9354.359610447037994163
1339617.187264193547889590,11287.823373050428926945,39438.499407260351290461,9728.816534212861370179
1342013.649104493902996182,4054.922554740861414757,40787.112112586481089238,9862.306741060712738545
1344172.786615720717236400,-2573.869390235322498484,40938.123321772814961150,9725.105025014139755513
1345666.956133691826835275,-7133.693125923900879570,40448.568639842407719698,9488.766857031276231282
1346200.219060586066916585,-8743.362102729321122752,40157.137010818652925082,9376.962447488329416956
1346733.481987480306997895,-10339.801776340553260525,39804.944966971335816197,9250.969016741499217460
1348227.651505451416596770,-14721.950023653356765863,38499.365237962680112105,8824.069443006124856765
1350386.789016678230836987,-20732.404972504049510462,35810.702042057855578605,8023.737290774741268251
1352783.250856978585943580,-26796.326692027818353381,31791.729083223155612359,6903.777263298912657774
1354942.388368205400183797,-31564.648740933254885022,27336.367181018376868451,5713.306486672988285136
1356436.557886176509782672,-34413.014332209560961928,23849.356624340591224609,4804.685241539503294916
1356969.820813070749863982,-35332.231752021536522079,22534.011968027280090610,4466.001139194396273524
1357503.083739964989945292,-36197.949221972361556254,21184.546400259579968406,4120.554133321512381372
1358997.253257936099544168,-38327.799244238092796877,17239.288052665342547698,3121.106455327139428846
1361156.390769162913784385,-40595.767425147954782005,11189.322070834146870766,1614.581271928174828645
1363552.852609463268890977,-41933.489458624826511368,4156.401477392470951600,-102.741818477177048408
1365711.990120690083131194,-42043.261014731397153810,-2294.847952721561341605,-1648.801332019015490005
1367206.159638661192730069,-41508.273924528315546922,-6735.563567041355781839,-2697.057315933221616433
1367739.422565555432811379,-41197.401719221983512398,-8303.775067689535717363,-3064.051869907445961871
1368272.685492449672892690,-40824.120743492188921664,-9859.407412240909252432,-3426.404432732369059522
1369766.855010420782491565,-39450.974054772894305643,-14131.182123182195937261,-4412.317548593221545161
1371925.992521647596731782,-36644.092028773178753909,-19994.533061859496228863,-5741.431507858445002057
1374322.454361947951838374,-32468.918787106889794813,-25916.192543407298217062,-7048.685242724813178938
1376481.591873174766078591,-27854.367688892692967784,-30578.736511823368346086,-8043.245515338061522925
1377975.761391145875677466,-24249.204435265084612183,-33367.828545466007199138,-8616.072129150312321144
1378509.024318040115758777,-22890.436922114364278968,-34268.826084922802692745,-8796.038496736127854092
1379042.287244934355840087,-21496.997321214585099369,-35117.916733432182809338,-8962.680538994571179501
1380536.456762905465438962,-17426.180953536735614762,-37209.891359248977096286,-9356.559424612898510532
1382695.594274132279679179,-11191.213894357761091669,-39446.588847602019086480,-9728.412655947113307775
1385092.056114432634785771,-3953.124113621853211953,-40783.070845030968484934,-9858.664608227889402770
1387251.193625659449025989,2677.810386896891031938,-40922.149335525835340377,-9718.371706051942965132
1388745.363143630558624864,7237.591839595173951238,-40424.086667547046090476,-9479.876924729189340724
1389278.626070524798706174,8846.936149607374318293,-40129.614090350973128807,-9367.310688346424285555
1389811.888997419038787484,10442.888043870008914382,-39774.393579581133963075,-9240.563226585178199457
1391306.058515390148386359,14822.809444457050631172,-38460.473723378810973372,-8811.611635941013446427
1393465.196026616962626576,20827.893002790664468193,-35760.465330204497149680,-8008.550787642774594133
1395861.657866917317733169,26883.174388815077691106,-31730.486612429864180740,-6886.031357938421933795
1398020.795378144131973386,31641.743129032187425764,-27267.153870598765934119,-5693.792844549694564193
1399514.964896115241572261,34482.545702850111410953,-23775.902368637391191442,-4784.288077660783528700
1400048.227823009481653571,35398.945476635257364251,-22459.315457228203740669,-4445.359513734876600211
1400581.490749903721734881,36261.797383355522470083,-21108.754398897694045445,-4099.705965804903826211
1402075.660267874831333756,38383.441046583757270128,-17161.220302101610286627,-3099.882620718053203746
1404234.797779101645573974,40639.420012117363512516,-11110.036805090792768169,-1593.336486369775002458
1406631.259619402000680566,41964.287443823668581899,-4078.513722677500481950,123.331121348218175626
1408790.397130628814920783,42063.448272188725240994,2369.259583486744304537,1668.265026198049781669
1410284.566648599924519658,41521.887264888136996888,6806.527817723771477176,2715.496446287246726570
1410817.829575494164600968,41208.845762868761084974,8373.333363413432380185,3082.084754941437040543
1411351.092502388404682279,40833.494701914372853935,9927.478070101418779814,3444.012472563223127509
1412845.262020359514281154,39455.100495605933247134,14194.708585361631776323,4428.651114956104720477
1415004.399531586328521371,36642.135952267475659028,20050.769548079519154271,5755.768221733427708386
1417400.861371886683627963,32462.296204019745346159,25963.834969309082225664,7060.712899507159818313
1419559.998883113497868180,27845.297612646169000072,30618.634309657511039404,8053.217250242429145146
1421054.168401084607467055,24239.301624429950607009,33402.553139594747335650,8624.678349163281382062
1421587.431327978847548366,22880.387379004594549770,34301.761533467295521405,8804.173306380185749731
1422120.694254873087629676,21486.873033228308486287,35149.098221336884307675,8970.353454122719995212
1423614.863772844197228551,17416.190595389150985284,37236.366313309023098554,9362.993216412109177327
1425774.001284071011468768,11182.137868469937529881,39466.857948802338796668,9733.209921416557335760
1428170.463124371366575360,3945.727453764529855107,40797.293175868195248768,9861.858894244651310146
1430329.600635598180815578,-2683.382549189328528882,40931.598901987636054400,9720.291630392099250457
1431823.770153569290414453,-7241.835828005429902987,40430.527311618636304047,9480.989552676415769383
1432357.033080463530495763,-8850.702825039319577627,40135.025019378488650545,9368.146681949690901092
1432890.296007357770577073,-10446.177515948420477798,39778.793097068228235003,9241.127506049726434867
1434384.465525328880175948,-14824.766156564259290462,38462.109982339912676252,8811.434819756424985826
1436543.603036555694416165,-20827.921369212188437814,35758.181442639186570887,8007.331741136838900275
1438940.064876856049522758,-26880.954304335267806891,31723.758029617925785715,6883.655588051990889653
1441099.202388082863762975,-31637.214016804682614747,27256.202259923360543326,5690.351464829361248121
1442593.371906053973361850,-34476.140099150630703662,23761.881955363678571302,4780.095038241771362664
1443126.634832948213443160,-35391.796677914098836482,22444.172805015001358697,4440.896535347488679690
1443659.897759842453524470,-36253.860771262297930662,21092.477291779323422816,4094.972851076560345973
1445154.067277813563123345,-38373.028583310595422518,17141.716247014177497476,3094.396614520569073647
1447313.204789040377363563,-40624.610999546341190580,11085.845247364752140129,1586.801170440759278790
1449709.666629340732470155,-41943.276495519312447868,4049.363695360350902774,-130.905026290748764950
1451868.804140567546710372,-42035.559217060515948106,-2402.302724000365742540,-1676.573386007334647729
1453362.973658538656309247,-41488.529161247046431527,-6841.744558720396526041,-2724.153449306893890025
1453896.236585432896390557,-41173.403224155124917161,-8409.193982680973931565,-3090.827962395374925109
1454429.499512327136471868,-40795.902232199587160721,-9963.904015464517215150,-3452.819720848353881593
1455923.669030298246070743,-39411.165449470026942436,-14232.252984241951708100,-4437.509462611084927630
1458082.806541525060310960,-36588.371477345055609476,-20088.532734905609686393,-5764.327318192283200915
1460479.268381825415417552,-32397.126443694120098371,-25999.600684122433449375,-7068.363942203575788881
1462638.405893052229657769,-27769.923835836627404206,-30650.383475535352772567,-8059.500599107519519748
1464132.575411023339256644,-24157.197113181577151408,-33430.259505969894235022,-8629.711833603700142703
1464665.838337917579337955,-22795.987721155303006526,-34327.778448414108424913,-8808.702861822803242831
1465199.101264811819419265,-21400.247899420312023722,-35173.299090892593085300,-8974.349838066213123966
1466693.270782782929018140,-17323.770580249412887497,-37254.830125417465751525,-9365.348424879388403497
1468852.408294009743258357,-11082.772859007083752658,-39475.495362565685354639,-9732.856348890352819581
1471248.870134310098364949,-3841.127413660653473926,-40793.316023116618453059,-9858.149855193747498561
1473408.007645536912605166,2790.090000811316713225,-40915.254655126853322145,-9713.388414636496236199
1474902.177163508022204041,7348.435248039261750819,-40405.381656060082605109,-9471.861386079479416367
1475435.440090402262285352,8956.946171945288369898,-40106.735940903978189453,-9358.233070846290502232
1475968.703017296502366662,10551.897608954230236122,-39747.374512589005462360,-9230.436709934367172536
1477462.872535267611965537,14928.139018213296367321,-38422.077100503433030099,-8798.629889168183581205
1479622.010046494426205754,20925.697583179822686361,-35706.435567519656615332,-7991.716663610389332462
1482018.471886794781312346,26969.776958101676427759,-31660.646616543795971666,-6865.404165566098527052
1484177.609398021595552564,31715.953075921508570900,-27184.847170560260565253,-5670.276675731854993501
1485671.778915992705151439,34547.065728009205486160,-23686.128647514291515108,-4759.106412953635299345
1486205.041842886945232749,35459.811654752746107988,-22367.127691201585548697,-4419.654308390626283654
1486738.304769781185314059,36318.915494169166777283,-21014.290685115174710518,-4073.515839122892884916
1488232.474287752294912934,38429.603878702779184096,-17061.144275029746495420,-3072.545670466372939700
1490391.611798979109153152,40668.787523608290939592,-11003.948749014840359450,-1564.915584059579487075
1492788.073639279464259744,41974.133526428755430970,-3968.818307625961097074,152.132766847429138579
1494947.211150506278499961,42055.387554270921100397,2479.348650460674434726,1696.657893678860318687
1496441.380668477388098836,41501.499764007407065947,6915.291439560074650217,2743.192897675008680380
1496974.643595371628180146,41184.104965393700695131,8481.309583767266303767,3109.452261796459424659
1497507.906522265868261456,40804.435437422733230051,10034.503092991086305119,3471.009456161931666429
1499002.076040236977860332,39414.182280455628642812,14298.208347960247920128,4454.393272900460942765
1501161.213551463792100549,36584.939875193616899196,20147.007843921921448782,5779.158420428617318976
1503557.675391764147207141,32388.661781314014660893,26049.210797871688555460,7080.810911507482160232
1505716.812902990961447358,27758.724812319684133399,30691.956509618306881748,8069.813734874469446368
1507210.982420962071046233,24144.994451946688059252,33466.433302188845118508,8638.600689105312994798
1507744.245347856311127543,22783.583248516028106678,34362.078227616941148881,8817.098500226649775868
1508277.508274750551208854,21387.716848157357162563,35205.757994771120138466,8982.261379795285392902
1509771.677792721660807729,17311.246171926799434004,37282.329019172153493855,9371.956767821719040512
1511930.815303948475047946,11071.028130693899584003,39496.400444692531891633,9737.731784418674578774
1514327.277144248830154538,3830.985067544771482062,40807.722821994859259576,9861.312362861895962851
1516486.414655475644394755,-2798.408841311917058192,40924.472869783443456981,9715.177237627483918914
1517980.584173446753993630,-7355.387795556493074400,40411.303409907879540697,9472.775299812308730907
1518513.847100340994074941,-8963.400079826829824015,40111.526145203912165016,9358.846619701234885724
1519047.110027235234156251,-10557.848933438992389711,39751.052128676696156617,9230.755082627911178861
1520541.279545206343755126,-14932.665025258982495870,38422.712783961658715270,8798.143166908901548595
1522700.417056433157995343,-20928.106789261557423742,35702.766559343006520066,7990.101070168298065255
1525096.878896733513101935,-26969.656569141752697760,31652.142330920869426336,6862.546327527456014650
1527256.016407960327342153,-31713.211129385206731968,27171.811300862595089711,5666.288179619380571239
1528750.185925931436941028,-34542.201886462280526757,23669.839491178587195463,4754.329000355563948688
1529283.448852825677022338,-35454.111877929513866547,22349.656834005392738618,4414.595330755365466757
1529816.711779719917103648,-36312.332669592004094739,20995.629452765020687366,4068.176016671506658895
1531310.881297691026702523,-38420.266333499646862037,17039.119176818327105138,3066.428022573818907404
1533470.018808917840942740,-40654.624887763289734721,10977.093127586715127109,1557.726450613805354806
1535866.480649218196049333,-41953.270416276507603470,3936.926576688152636052,-160.365013472833879860
1538025.618160445010289550,-42027.189936237584333867,-2515.127249929009849438,-1705.610186520720390035
1539519.787678416119888425,-41467.520202203704684507,-6953.196596769291318196,-2752.473691635927934840
1540053.050605310359969735,-41147.930842520676378626,-8519.833437808414601022,-3118.810100518890521926
1540586.313532204600051045,-40766.002377606069785543,-10073.562729559344006702,-3480.421160405724549491
1542080.483050175709649920,-39369.108792197504953947,-14338.280841088184388354,-4463.822301758127650828
1544239.620561402523890138,-36529.632915607391623780,-20187.089554947713622823,-5788.226458902581725852
1546636.082401702878996730,-32321.550006743531412212,-26086.990201171807711944,-7088.886420537544836407
1548795.219912929693236947,-27681.104164659664093051,-30725.388262266485980945,-8076.433462489967496367
1550289.389430900802835822,-24060.467327766826201696,-33495.566964680678211153,-8643.904326013505851733
1550822.652357795042917132,-22696.705759599684824934,-34389.426931141526438296,-8821.873733622365762130
1551355.915284689282998443,-21298.562754395963565912,-35231.193100609511020593,-8986.478594592716035550
1552850.084802660392597318,-17216.176343053753953427,-37301.744316385658748914,-9374.461576363108179066
1555009.222313887206837535,-10968.899003716831430211,-39505.562696528300875798,-9737.422300453781645047
1557405.684154187561944127,-3723.579646733195659181,-40803.785130156822560821,-9857.529964052309878753
1559564.821665414376184344,2907.881941582110812305,-40907.733214170904830098,-9708.097686736864488921
1561058.991183385485783219,7464.683900730132336321,-40385.469092709477990866,-9463.402601154684816720
1561592.254110279725864530,9072.307565107108530356,-40082.446093354716140311,-9348.664934612323122565
1562125.517037173965945840,10666.196558311239641625,-39718.741748340195044875,-9219.773147507508838316
1563619.686555145075544715,15038.541932945223379647,-38381.514824039863015059,-8784.985297721406823257
1565778.824066371889784932,21028.157598286070424365,-35649.489792389082140289,-7974.052230304320801224
1568175.285906672244891524,27060.436525097571575316,-31587.143313498039788101,-6843.785097485859296285
1570334.423417899059131742,31793.574231238359061535,-27098.299173481565958355,-5645.648903948576844414
1571828.592935870168730617,34614.499530609769863077,-23591.774496874673786806,-4732.746288123131307657
1572361.855862764408811927,35523.405381334676349070,-22270.251460193059756421,-4392.750139365311952133
1572895.118789658648893237,36378.570796089254145045,-20915.037578159455733839,-4046.108062918724044721
1574389.288307629758492112,38477.751025375961035024,-16956.035174238346371567,-3043.948625795919724624
1576548.425818856572732329,40699.300608199911948759,-10892.581787649123725714,-1535.199811205318383145
1578944.887659156927838922,41984.161990845292166341,-3853.724526081004114531,182.230277160983632712
1581104.025170383742079139,42046.635851915743842255,2594.802620627149735810,1726.313622220713114075
1582598.194688354851678014,41479.825640952905814629,7029.318776992257880920,2772.110961657803272828
1583131.457615249091759324,41157.868305494273954537,8594.498177442015730776,3138.023113749695767183
1583664.720542143331840634,40773.673336479376303032,10146.681251646978125791,3499.189694222955495206
1585158.890060114441439509,39370.996026971726678312,14406.654023082122876076,4481.252951619406303507
1587318.027571341255679727,36524.708306929955142550,20247.789591347034729552,5803.547929159220075235
1589714.489411641610786319,32311.228874343833012972,26138.552032090468856040,7101.748163593880235567
1591873.626922868425026536,27667.764732395771716256,30768.619063596142950701,8087.083137348638956610
1593367.796440839534625411,24045.955405077780596912,33533.171744078863412142,8653.070806120958877727
1593901.059367733774706721,22681.937676281530002598,34425.072607504567713477,8830.525150412424409296
1594434.322294628014788032,21283.616985876604303485,35264.910798877936031204,8994.623679915370303206
1595928.491812599124386907,17201.111945851163909538,37330.248134378191025462,9381.239330493510351516
1598087.629323825938627124,10954.482464271641219966,39527.084486466323141940,9742.370764866725949105
1600484.091164126293733716,3710.691505983762908727,40818.357201045633701142,9860.655646512121165870
1602643.228675353107973933,-2918.944995912633203261,40916.701219070666411426,9709.750518821874720743
1604137.398193324217572808,-7474.340828015436272835,40390.853460018697660416,9464.113055162169985124
1604670.661120218457654119,-9081.443925433784897905,40086.597229110018815845,9349.051351167316170176
1605203.924047112697735429,-10674.804359957870474318,39721.679283708392176777,9219.840987211409810698
1606698.093565083807334304,-15045.630217730617005145,38381.132277018878085073,8784.184232891780993668
1608857.231076310621574521,-21032.938310166246083099,35644.418935462177614681,7972.035975022766251641
1611253.692916610976681113,-27062.403990190585318487,31576.847882561989536043,6840.441503888743682182
1613412.830427837790921330,-31792.605410064814350335,27083.165029056181083433,5641.110060344636622176
1614906.999945808900520205,-34611.161935155731043778,23573.203740482593275374,4727.381630795304772619
1615440.262872703140601516,-35519.138595807373349089,22250.439991599429049529,4387.092428472956271435
1615973.525799597613513470,-36373.325221568491542712,20893.980285158817423508,4040.158941276146379096
1617467.695317568723112345,-38469.470489860890666023,16931.478530263870197814,3037.197171360125139472
1619626.832828795537352562,-40685.764629877994593699,10863.053978544681740459,1527.355383994057092423
1622023.294669095892459154,-41963.425324425305007026,3819.086044507817859994,-191.121479845078283688
1624182.432180322706699371,-42018.107180685823550448,-2633.318577329553590971,-1735.909607210509193465
1625676.601698293816298246,-41445.201660064027237240,-7069.911885227394122921,-2782.014678591330721247
1626209.864625188056379557,-41120.939534340468526352,-8635.683926245983457193,-3147.994486593073816039
1626743.127552082296460867,-40734.376555671362439170,-10188.372350229266885435,-3509.204525886026203807
1628237.297070053406059742,-39324.760984205757267773,-14449.249826563889655517,-4491.250676707691127376
1630396.434581280220299959,-36467.836354559352912474,-20290.181251248104672413,-5813.121972680209182727
1632792.896421580575406551,-32242.154107322956406279,-26178.332353429334034445,-7110.244180149963540316
1634952.033932807389646769,-27587.878410879588045646,-30803.717035326881159563,-8094.034438597635016777
1636446.203450778499245644,-23958.988802402782312129,-33563.714037338679190725,-8658.639267982898672926
1636979.466377672739326954,-22592.566263914624869358,-34453.733664642793883104,-8835.540563280514106737
1637512.729304566979408264,-21191.918654110992065398,-35291.559966845037706662,-8999.056065164422761882
1639006.898822538089007139,-17103.379513711315667024,-37350.592853386988281272,-9383.887677713359153131
1641166.036333764903247356,-10849.580499737548962003,-39536.747335683685378172,-9742.098883158194439602
1643562.498174065258353949,-3600.476995727047324181,-40814.433210958122799639,-9856.793171789095140412
1645721.635685292072594166,3031.182684914734636550,-40899.539932757354108617,-9702.487945108128769789
1647215.805203263182193041,7586.329224205027458083,-40364.304467203830427025,-9454.489290289806376677
1647749.068130157422274351,9193.009973433468985604,-40056.700369627345935442,-9338.595138997334288433
1648282.331057051662355661,10785.772768864764657337,-39688.451508111167640891,-9208.561554628899102681
1649776.500575022771954536,15154.001214915690070484,-38338.744586527369392570,-8770.667402194305395824
1651935.638086249586194754,21135.249423939611006062,-35589.588710197473119479,-7955.548006391185481334
1654332.099926549941301346,27155.122760923954047030,-31509.941897496919409605,-6821.166034320377548283
1656491.237437776755541563,31874.570999968076648656,-27007.480041599548712838,-5619.902853071163008281
1657985.406955747865140438,34684.808374465843371581,-23492.813964297081838595,-4705.202126659516579821
1658518.669882642105221748,35589.686907640832941979,-22168.662276973278494552,-4364.641839699908814509
1659051.932809536345303059,36440.722587464049865957,-20810.972093830030644313,-4017.477887803856901883
1660546.102327507454901934,38527.839444807221298106,-16845.874409013322292594,-3014.087944641319154471
1662705.239838734269142151,40730.913745628742617555,-10775.924066443591073039,-1504.187443747971428820
1665101.701679034624248743,41994.325882185388763901,-3733.228353773001799709,213.623306199899616331
1667260.839190261438488960,42037.146141055105545092,2715.618334922335634474,1757.230003833021328319
1668755.008708232548087835,41456.818506619194522500,7148.601725604728926555,2802.247168793699984235
1669288.271635126788169146,41130.089754817927314434,8712.889293431962869363,3167.793399915700319980
1669821.534562021028250456,40741.162801313090312760,10264.000962388707193895,3528.548840103935617663
1671315.704079992137849331,39325.497710161311260890,14520.029268606906043715,4509.224619397436981671
1673474.841591218952089548,36461.400416866919840686,20353.091915689590678085,5828.929620182785583893
1675871.303431519307196140,32229.961386995284556178,26231.829198690600605914,7123.515960811802870012
1678030.440942746121436357,27572.386500982280267635,30848.587302836735034361,8105.015573337337627891
1679524.610460717231035233,23942.157690963635104708,33602.730689517768041696,8668.078133045341019169
1680057.873387611471116543,22575.425406560047122184,34490.705894041384453885,8844.442475807360096951
1680591.136314505711197853,21174.549766917491069762,35326.516909287543967366,9007.429375580422856729
1682085.305832476820796728,17085.768842549186956603,37380.081607357293250971,9390.829460166592980386
1684244.443343703635036945,10832.488848280845559202,39558.865541024810227100,9747.114986006752587855
1686640.905184003990143538,3584.842939287771514500,40829.150312794685305562,9859.876732225644445862
1688800.042695230804383755,-3044.987335539920422889,40908.237826643395237625,9703.999652205629899981
1690294.212213201913982630,-7598.686083633434463991,40369.131924008303030860,9454.991301746704266407
1690827.475140096154063940,-9204.823697040745173581,40060.193073880465817638,9338.749501650332604186
1691360.738066990394145250,-10797.031322605400418979,39690.629774360495503061,9208.374004701527155703
1692854.907584961503744125,-15163.644298144545246032,38337.325181446642091032,8769.547339967764855828
1695014.045096188317984343,-21142.391690122436557431,35583.098377957408956718,7953.126778442984686990
1697410.506936488673090935,-27159.165462505978211993,31497.839091523481329205,6817.332833196764113382
1699569.644447715487331152,-31875.360362639981758548,26990.232943980758136604,5614.810299869116533955
1701063.813965686596930027,-34682.980533472473325673,23471.948186359535611700,4699.247247818102550809
1701597.076892580837011337,-35586.836083406269608531,22146.497263312438008143,4358.382565947591501754
1702130.339819475077092648,-36436.796703831052582245,20787.506315799804724520,4010.916789756549860613
1703624.509337446186691523,-38520.596934945555403829,16818.775340069063531701,3006.700461634317434800
1705783.646848673000931740,-40717.983576005754002836,10743.715742383639735635,1495.686232521102965620
1708180.108688973356038332,-41973.693111409731500316,3695.838073162949513062,-223.174044147323229481
1710339.246200200170278549,-42008.262784909282345325,-2756.873363888314997894,-1767.469360970380193976
1711833.415718171279877424,-41421.526031793880974874,-7191.882010287261437043,-2812.772832168689092214
1712366.678645065519958735,-41092.382170877048338298,-8756.735243335995619418,-3178.377090955949825002
1712899.941571959760040045,-40700.978083716261608060,-10308.320896420947974548,-3539.165341844659451453
1714394.111089930869638920,-39278.076969029170868453,-14565.143082274335029069,-4519.788900023905625858
1716553.248601157683879137,-36402.940034239531087223,-20397.784273425430001225,-5839.006540906135342084
1718949.710441458038985729,-32158.901864226070756558,-26273.596837602766754571,-7132.428302602240364649
1721108.847952684853225946,-27490.215070761132665211,-30885.334182117770978948,-8112.293397035920861526
1722603.017470655962824821,-23852.734228649089345708,-33634.661941474878403824,-8673.905834803486868623
1723136.280397550202906132,-22483.543505887966603041,-34520.658844016972579993,-8849.692308886438695481
1723669.543324444442987442,-21080.291490448955300963,-35354.358922140112554189,-9012.071007320713761146
1725163.712842415552586317,-16985.360714807065960485,-37401.332603209433727898,-9393.615015802834022907
1727322.850353642366826534,-10724.805209946724062320,-39569.003635745648352895,-9746.873950173743651249
1729719.312193942721933126,-3471.815721963434953068,-40825.213157568803580943,-9855.927202765375113813
1731878.449705169536173344,3159.988281372316123452,-40890.627614638542581815,-9696.547119404625846073
1733372.619223140645772219,7713.361985650010865356,-40341.841209014295600355,-9445.109701450210195617
1733905.882150034885853529,9319.042300094679376343,-40029.452557421493111178,-9328.012079761310815229
1734439.145076929125934839,10910.613295679640941671,-39656.458008056004473474,-9196.790492510983312968
1735933.314594900235533714,15274.498849503108431236,-38293.722172981775656808,-8755.665319256735529052
1738092.452106127049773932,21246.948101203877740772,-35526.691299592945142649,-7936.194139046107011382
1740488.913946427404880524,27253.803714939884230262,-31429.006086619134293869,-6797.538554129890144395
1742648.051457654219120741,31958.905949068030167837,-26912.358725672442233190,-5593.031614491081199958
1744142.220975625328719616,34757.951562167494557798,-23389.220087032550509321,-4676.468171556580273318
1744675.483902519568800926,35658.614485326907015406,-22062.334718810325284721,-4335.324081043578189565
1745208.746829413808882236,36505.328131693029718008,-20702.070388665139034856,-3987.620422346837131045
1746702.916347384918481112,38579.823977822372398805,-16730.642749553197063506,-2982.959998158197322482
1748862.053858611732721329,40763.579223848733818159,-10653.963422610822817660,-1471.876752349483240323
1751258.515698912087827921,42004.576034922407416161,-3607.325833969616724062,246.311422637691748605
1753417.653210138902068138,42026.869227855437202379,2841.792229643366226810,1789.404665891892136642
1754911.822728110011667013,41432.429862050979863852,7273.131548444668624143,2833.597832340663444484
1755445.085655004251748323,41100.721202668217301834,8836.472368540642492007,3198.758973906359187822
1755978.348581898491829634,40706.856182472183718346,10386.449850770644843578,3559.082293814224613016
1757472.518099869601428509,39277.641355672203644644,14638.316738242419887683,4538.302443297810896183
1759631.655611096415668726,36394.973613480164203793,20462.890651440837245900,5855.296001822194739361
1762028.117451396770775318,32144.821722343069268391,26329.011253106145886704,7146.105185290014560451
1764187.254962623585015535,27472.558019286865601316,30931.824775466644496191,8123.600693469543330139
1765681.424480594694614410,23833.573497699038853170,33675.070458653070090804,8683.611615218369479408
1766214.687407488934695721,22464.020241824884578818,34558.937366266916797031,8858.839201165133999893
1766747.950334383174777031,21060.490648719423916191,35390.534624935055035166,9020.666987900001913658
1768242.119852354284375906,16965.197151423853938468,37431.785328381454746705,9400.715200203005224466
1770401.257363581098616123,10705.034966722025274066,39591.696942824542929884,9751.952051598795151222
1772797.719203881453722715,3453.435629306166447350,40840.054004128949600272,9858.963094760205422062
1774956.856715108267962933,-3176.531744607946166070,40899.034454393637133762,9697.912323676080632140
1776451.026233079377561808,-7728.414048533983077505,40346.091206199176667724,9445.398051262836816022
1776984.289159973617643118,-9333.527975970508123282,40032.266450950388389174,9327.929234003471719916
1777517.552086867857724428,-10924.516514031070983037,39657.856810955607215874,9196.342467128435600898
1779011.721604838967323303,-15286.688777492716326378,38291.246313941461266950,8754.221387985689943889
1781170.859116065781563520,-21256.441340811081317952,35518.762972836113476660,7933.363433573556903866
1783567.320956366136670113,-27259.908248376330448082,31415.078896122260630364,6793.211731262626926764
1785726.458467592950910330,-31961.437642804372444516,26892.983342616247682599,5587.381861258867502329
1787220.627985564060509205,-34757.615999112465942744,23366.045311595666134963,4669.919992113545049506
1787753.890912458300590515,-35657.161583963330485858,22037.802709557498019421,4328.460322249423370522
1788287.153839352540671825,-36502.703349371884542052,20676.183223029900545953,3980.444588033682521200
1789781.323357323650270700,-38573.599426209097146057,16700.990011634734401014,2974.934210695107594802
1791940.460868550464510918,-40751.232878434639133047,10619.066066138686437625,1462.717256467126162534
1794336.922708850819617510,-41984.023454212074284442,3567.178718953000498004,-256.522236020848140470
1796496.060220077633857727,-41997.606412139772146475,-2885.787847357168175222,-1800.286992060777038205
1797990.229738048743456602,-41396.443704758981766645,-7319.097909908144174551,-2844.744353025773307309
1798523.492664942983537912,-41062.209541951640858315,-8882.976456437994784210,-3209.953644404576607485
1799056.755591837223619223,-40665.758228948347095866,-10433.395580454451192054,-3570.298875457019676105
1800550.925109808333218098,-39229.009744324561324902,-14685.942729748079727869,-4549.430979076354560675
1802710.062621035147458315,-36334.900440100871492177,-20509.873764712217962369,-5865.872477247758070007
1805106.524461335502564907,-32071.754904911664198153,-26372.751764601358445361,-7155.429443134514258418
1807265.661972562316805124,-27388.081425830088846851,-30970.202293931688473094,-8131.199739440812663815
1808759.831490533426403999,-23741.675292882624489721,-33708.369978890834318008,-8689.692711750365560874
1809293.094417427666485310,-22369.610829951281630201,-34590.160711413969693240,-8864.317432049690978602
1809826.357344321906566620,-20963.656307172775996150,-35419.547211839271767531,-9025.511676414038447547
1811320.526862293016165495,-16862.099949286333867349,-37453.918365743833419401,-9403.631363420874549774
1813479.664373519830405712,-10594.560720033854522626,-39602.283814124988566618,-9751.734834259190392913
1815876.126213820185512304,-3337.592197305305489863,-40836.075706826151872519,-9854.919269072363022133
1818035.263725046999752522,3294.294324276284896769,-40880.946949683588172775,-9690.262647803101572208
1819529.433243018109351397,7845.772261274520133156,-40318.030693217282532714,-9435.251612712369023939
1820062.696169912349432707,9450.392675726165180095,-40000.654417247002129443,-9316.903691851826806669
1820595.959096806589514017,11040.704340905842400389,-39622.713467423098336440,-9184.448071330334641971
1822090.128614777699112892,15400.015751260032629943,-38246.401472354467841797,-8739.967745533247580170
1824249.266126004513353109,21363.227308672197978012,-35460.754828387391171418,-7915.980408908385470568
1826645.727966304868459702,27356.445790329580631806,-31344.298143190058908658,-6772.893938420392260014
1828804.865477531682699919,32046.539786666915460955,-26812.902988859248580411,-5565.028053921692844597
1830299.034995502792298794,34833.886417091242037714,-23280.964917972785769962,-4646.538492565579872462
1830832.297922397032380104,35730.144349512542248704,-21951.242454110484686680,-4304.791381048494258721
1831365.560849291272461414,36572.342641378716507461,-20588.307787215115240542,-3956.530640597889487253
1832859.730367262382060289,38633.657335182499082293,-16610.320355793712224113,-2950.561078550408637966
1835018.867878489196300507,40797.247131176212860737,-10526.687415587224677438,-1438.266010493037583728
1837415.329718789551407099,42014.861070631763141137,-3476.013108872698467167,280.294101741510075954
1839574.467230016365647316,42015.753751574600755703,2973.320305025999914506,1822.835063122724022833
1841068.636747987475246191,41406.609104812792793382,7402.898845038045692490,2866.159040460725918820
1841601.899674881715327501,41069.712463613264844753,8965.236096642831398640,3230.915446136774789920
1842135.162601775955408812,40670.703787660888337996,10514.014721136467414908,3590.785194434164623090
1843629.332119747065007687,39227.379051996511407197,14761.498052143251697998,4568.480281960270986019
1845788.469630973879247904,36325.383561143069528043,20577.160315019096742617,5882.639211960775355692
1848184.931471274234354496,32055.770804099134693388,26430.065555431257962482,7169.506290699193414184
1850344.068982501048594713,27368.245986696965701412,31018.293225948404142400,8142.827678805128016393
1851838.238500472158193588,23720.174021572689525783,33750.149449715376249515,8699.659706730559264543
1852371.501427366398274899,22347.695070697882329114,34629.724344567170192022,8873.703553655994255678
1852904.764354260638356209,20941.414254216771951178,35456.920252334311953746,9034.324534820860208129
1854398.933872231747955084,16839.376556079281726852,37485.313116921264736447,9410.884079257009943831
1856558.071383458562195301,10572.108240380650386214,39625.529885954339988530,9756.869044854840467451
1858954.533223758917301893,3316.465962334181313054,40851.017966603511013091,9857.901696980190536124
1861113.670734985731542110,-3313.573636601603539020,40889.040751885790086817,9691.475728470140893478
1862607.840252956841140985,-7863.514504400401165185,40321.681659205038158689,9435.320846630940650357
1863141.103179851081222296,-9467.544557641498613521,40002.768107650612364523,9316.578251483675558120
1863674.366106745321303606,-11057.245760701585822972,39623.311610394099261612,9183.734256805732002249
1865168.535624716430902481,-15414.744082999106467469,38242.848599728968110867,8738.194858354261668865
1867327.673135943245142698,-21375.060299089906038716,35451.369101464588311501,7912.735529035027866485
1869724.134976243600249290,-27364.597952412499580532,31328.528786901715648128,6768.069319797628850210
1871883.272487470414489508,-32050.797036906424182234,26791.383343931403942406,5558.817484743525710655
1873377.442005441524088383,-34835.024660873146785889,23255.466625306162313791,4639.393834227708794060
1873910.704932335764169693,-35730.070314817785401829,21924.329492961347568780,4297.320125639513207716
1874443.967859230004251003,-36570.999331367573176976,20559.985864664125983836,3948.737230785680822009
1875938.137377201113849878,-38628.429583087076025549,16578.102352604335465003,2941.894660396619201492
1878097.274888427928090096,-40785.461483662016689777,10489.092332970005372772,1428.446722726568623330
1880493.736728728283196688,-41994.363813136988028418,3433.104152319780951075,-291.165487651180455941
1882652.874239955097436905,-41986.085557376092765480,-3020.057813353116216604,-1834.359867910435696103
1884147.043757926207035780,-41369.902963371649093460,-7451.549842076487948361,-2877.925212514157465193
1884680.306684820447117090,-41030.370363862741214689,-9014.395873446130281081,-3242.719630332087035640
1885213.569611714687198400,-40628.666217641119146720,-10563.582776845563785173,-3602.600128772986863623
1886707.739129685796797276,-39177.510374505603977013,-14811.629840365825657500,-4580.170608686144987587
1888866.876640912611037493,-36263.672320370191300754,-20626.423534115969232516,-5893.711721025551923958
1891263.338481212966144085,-31980.673387607806944288,-26475.763634989612910431,-7179.237825026422797237
1893422.475992439780384302,-27281.443568684208003106,-31058.282145027522346936,-8150.742394886249712727
1894916.645510410889983177,-23625.782704306271625683,-33784.795517555001424626,-8705.988090283512065071
1895449.908437305130064487,-22250.740681894072622526,-34662.195538992833462544,-8879.403894396693431190
1895983.171364199370145798,-20841.987329300995043013,-35487.080078137303644326,-9039.365822406973165926
1897477.340882170479744673,-16733.576631446656392654,-37508.302861206451780163,-9413.923976937810948584
1899636.478393397293984890,-10458.834371173008548794,-39636.537942007336823735,-9756.668346727679818287
1902032.940233697649091482,-3197.802937745588678808,-40846.969438058447849471,-9853.756070972622183035
1904192.077744924463331699,3434.095916172345823725,-40870.446516721807711292,-9683.621478765484425821
1905686.247262895572930574,7983.549403303784856689,-40292.822246867079229560,-9424.902334918513588491
1906219.510189789813011885,9587.048425704535475234,-39970.255690040932677221,-9305.257452370113242068
1906752.773116684053093195,11176.031221387984260218,-39587.168117405424709432,-9171.521953500745439669
1908246.942634655162692070,15530.531732717539853184,-38196.734489763352030423,-8723.562961709134469857
1910406.080145881976932287,21484.059333652345230803,-35391.734870411964948289,-7894.896235303904177272
1912802.541986182332038879,27463.013718767502723495,-31255.778895284420286771,-6747.223178454180924746
1914961.679497409146279097,32137.431340537230425980,-26709.079431857913732529,-5535.884818526496019331
1916455.849015380255877972,34912.568264829678810202,-23168.019552947709598811,-4615.406993787674764462
1916989.111942274495959282,35804.230701322507229634,-21835.358270409797114553,-4273.038111106481665047
1917522.374869168736040592,36641.719262006219651084,-20469.658810685887146974,-3924.203389958105617552
1919016.544387139845639467,38689.290084581800329033,-16484.886807645652879728,-2916.887407246875227429
1921175.681898366659879684,40831.865348351879219990,-10394.083358939878962701,-1403.353502932841365691
1923572.143738667014986277,42025.127395909075858071,-3339.286452454872232920,315.570716864042196903
1925731.281249893829226494,42003.746187826276582200,3110.198092425713184639,1857.518469261711061336
1927225.450767864938825369,41379.303535919912974350,7537.893519059271056904,2899.926648120332174585
1927758.713694759178906679,41037.011285708817013074,9099.168396621987994877,3264.258175834369922086
1928291.976621653418987989,40632.653891242764075287,10646.681524872983573005,3623.652412245079631248
1929786.146139624528586864,39174.660963482361694332,14889.553766305782119161,4599.751678132804045163
1931945.283650851342827082,36252.584197934113035444,20695.874076453772431705,5910.951011310660760500
1934341.745491151697933674,31962.768099234424880706,26534.957845468383311527,7193.709296533831548004
1936500.883002378512173891,27259.415927162972366204,31107.952573821876285365,8162.685236182297558116
1937995.052520349621772766,23601.929495681266416796,33827.924120634772407357,8716.210366578392495285
1938528.315447243861854076,22226.421897279637050815,34703.022173372934048530,8889.023259322337253252
1939061.578374138101935387,20817.294401841329090530,35525.628089384954364505,9048.389527888279189938
1940555.747892109211534262,16708.286165964174870169,37540.616708688336075284,9421.323108918648358667
1942714.885403336025774479,10433.695860178962902864,39660.313416124445211608,9761.852527406412264099
1945111.347243636380881071,3173.930483396729869128,40861.989734163289540447,9856.678990326099665253
1947270.484754863195121288,-3456.107919847136145108,40878.204259322177676950,9684.676572979504271643
1948764.654272834304720163,-8003.976494782291410957,40295.851590498263249174,9424.746764718905978953
1949297.917199728544801474,-9606.860418163194481167,39971.646775045468530152,9304.683800793169211829
1949831.180126622784882784,-11195.203989836059918161,39586.943405251258809585,9170.536809685025218641
1951325.349644593894481659,-15547.789526273409137502,38192.083085114732966758,8721.455818246260605520
1953484.487155820708721876,-21498.220197577080398332,35380.871457846602424979,7891.232294267491852224
1955880.948996121063828468,-27473.198495689328410663,31238.148828664983739145,6741.896432868228657753
1958040.086507347878068686,-32143.396439987249323167,26685.398914638899441343,5529.109695006816764362
1959534.256025318987667561,-34915.160839716001646593,23140.182690901390742511,4607.662582327971904306
1960067.518952213227748871,-35805.515449616417754441,21806.049907041295227828,4264.956261481960609672
1960600.781879107467830181,-36641.636746553056582343,20438.888307331984833581,3915.789489494597546582
1962094.951397078577429056,-38685.036873770557576790,16450.091603836968715768,2907.577985509065001679
1964254.088908305391669273,-40820.616124363463313784,10353.781694841256467043,1392.872913454310037196
1966650.550748605746775866,-42004.659429788247507531,3293.610691469020821387,-327.103125073297405834
1968809.688259832561016083,-41973.645550845692923758,-3159.678561768248073349,-1869.685170599056618812
1970303.857777803670614958,-41341.849996313125302549,-7589.227351728714893397,-2912.311144409669395827
1970837.120704697910696268,-40996.811287933465791866,-9150.981009991279279348,-3276.670276570758687740
1971370.383631592150777578,-40589.649244994121545460,-10698.867989837346613058,-3636.063830685089669714
1972864.553149563260376453,-39123.528004198517010082,-14942.184404077344879624,-4612.001163509375146532
1975023.690660790074616671,-36189.208704413962550461,-20747.406027507760882145,-5922.515830356896913145
1977420.152501090429723263,-31885.616024598049989436,-26582.597313554553693393,-7203.843233785673874081
1979579.290012317243963480,-27170.266430113471869845,-31149.532671010179910809,-8170.909815169490684639
1981073.459530288353562355,-23505.026224336161249084,-33863.893972946367284749,-8722.779664163781490061
1981606.722457182593643665,-22126.904638977099239128,-34736.717611379935988225,-8894.939153995162996580
1982139.985384076833724976,-20715.257993901697773254,-35556.910743679167353548,-9053.620686610658594873
1983634.154902047943323851,-16599.769619387774582719,-37564.436717067757854238,-9424.479593948750334675
1985793.292413274757564068,-10317.613294181010132888,-39671.713936363841639832,-9761.660776447291937075
1988189.754253575112670660,-3052.444638468179618940,-40857.840770973169128411,-9852.423797436549648410
1990348.891764801926910877,3579.387633874093808117,-40859.072786795826687012,-9676.610072948611559696
1991843.061282773036509752,8126.682005604598998616,-40266.163155927140905987,-9414.048714512058722903
1992376.324209667276591063,9728.996036080909107113,-39938.204105394746875390,-9293.060383729469322134
1992909.587136561516672373,11316.578334957994229626,-39549.770210651651723310,-9157.999357149947172729
1994403.756654532626271248,15666.025471955901593901,-38144.671359521060367115,-8706.438836870000159252
1996562.894165759440511465,21609.415042263219220331,-35319.585323349703685381,-7872.930681739212559478
1998959.356006059795618057,27573.470534188847523183,-31163.407759377059846884,-6720.516981866486275976
2001118.493517286609858274,32231.537535870877036359,-26600.853519315525772981,-5505.594344376441767963
2002612.663035257719457150,34993.950414071456179954,-23050.354159362494101515,-4583.067421606575408077
2003145.925962151959538460,35880.825689932440582197,-21714.654103725351887988,-4240.058504428876403836
2003679.188889046199619770,36713.409055182426527608,-20346.097206960366747808,-3890.633399394334901444
2005173.358407017309218645,38746.670637362411071081,-16354.321136650291009573,-2881.935143428278024658
2007332.495918244123458862,40867.379540552625257988,-10256.138353718482903787,-1367.137534492379018047
2009728.957758544478565454,42035.319200497790006921,-3197.142304729705756472,352.140530598590203226
2011888.095269771292805672,41990.790852282458217815,3252.420620113111908722,1893.451968399858287739
2013382.264787742402404547,41350.458367359504336491,7678.104744668579769495,2934.896268691224577196
2013915.527714636642485857,41002.563359364241478033,9238.256378998376021627,3298.782262755839383317
2014448.790641530882567167,40592.652744438833906315,10784.435327379576847306,3657.678540574871021818
2015942.960159501992166042,39119.435344179539242759,15022.463340758906269912,4632.109850942988487077
2018102.097670728806406260,36176.527754461363656446,20819.003730005773832090,5940.222776460792374564
2020498.559511029161512852,31865.771641791383444797,26643.652216899874474620,7218.703782224650240096
2022657.697022255975753069,27146.032216897649050225,31200.760891760728554800,8183.161593445858670748
2024151.866540227085351944,23478.809219927621597890,33908.348970115381234791,8733.251054737154845498
2024685.129467121325433254,22100.171871884136635344,34778.784203369003080297,8904.785539465103283874
2025218.392394015565514565,20688.104136947353254072,35596.610408743836160284,9062.848968951653660042
2026712.561911986675113440,16571.904549477156251669,37597.645742395092383958,9432.018781339631459559
2028871.699423213489353657,10289.784822015591998934,39695.994422599636891391,9766.888538309820432914
2031268.161263513844460249,3025.825932005558570381,40872.914681061862211209,9855.280915381983504631
2033427.298774740658700466,-3604.128961861169045733,40866.470410929170611780,9677.501076715652743587
2034921.468292711768299341,-8149.788290037056867732,40268.547269546768802684,9413.662419249814774957
2035454.731219606008380651,-9751.461679590829589870,39938.849176391704531852,9292.232675316156019107
2035987.994146500248461962,-11338.375195026812434662,39548.699453546287259087,9156.737118916948020342
2037482.163664471358060837,-15685.803270234495357727,38138.898950843242346309,8703.991925038997578667
2039641.301175698172301054,-21625.891234152033575810,35307.223066889659094159,7868.842605148500297219
2042037.763015998527407646,-27585.672088999403058551,31143.897683666349621490,6714.683623659547265561
2044196.900527225341647863,-32239.191833130247687222,26574.994896231830352917,5498.250808808340480027
2045691.070045196451246738,-34997.976829293394985143,23020.163155401391122723,4574.719890310048867832
2046224.332972090691328049,-35883.448100033987429924,21682.935406250297091901,4231.362880501168547198
2046757.595898984931409359,-36714.565598163717368152,20312.863857208540139254,3881.596020841584504524
2048251.765416956041008234,-38743.368601708527421579,16316.936471809127397137,2871.980302431764357607
2050410.902928182855248451,-40856.641311323764966801,10213.121106652844900964,1355.994135054366779514
2052807.364768483210355043,-42014.853325269483320881,3148.694837433184147812,-364.334359138583977256
2054966.502279710024595261,-41960.229561920707055833,-3304.644871788756063324,-1906.259888021741971897
2056460.671797681134194136,-41312.228904363517358433,-7732.119236338376140338,-2947.897636343155681971
2056993.934724575374275446,-40961.476909719538525678,-9292.718555331190145807,-3311.800546942907203629
2057527.197651469614356756,-40548.652485705555591267,-10839.235819645349693019,-3670.684428612446481566
2059021.367169440723955631,-39067.009872549882857129,-15077.585296914385253331,-4644.915690160943995579
2061180.504680667538195848,-36111.460922139478498138,-20872.792297650903492467,-5952.275975081150136248
2063576.966520967893302441,-31786.540106715929141501,-26693.216003003824880579,-7229.235011169635981787
2065736.104032194707542658,-27054.513807552677462809,-31243.910946536052506417,-8191.689969980581736309
2067230.273550165817141533,-23379.374697387713240460,-33945.618788868974661455,-8740.054625490136459121
2067763.536477060057222843,-21998.073441464250208810,-34813.679207651461183559,-8910.910161713283741847
2068296.799403954297304153,-20583.440982322561467299,-35628.990394738313625567,-9068.262998371566936839
2069790.968921925406903028,-16460.657248935025563696,-37622.268454714350809809,-9435.284430904139298946
2071950.106433152221143246,-10170.884445171748666326,-39707.757551923758001067,-9766.697888884062194848
2074346.568273452576249838,-2901.514210386539161846,-40868.633963761589257047,-9850.908126781854662113
2076505.705784679390490055,3730.163492084612698818,-40846.770126854804402683,-9669.214405268779955804
2077999.875302650500088930,8275.157867948419152526,-40237.998672790177806746,-9402.677136561514998903
2078533.138229544740170240,9876.221118176696109003,-39904.445390421809861436,-9280.299057013642595848
2079066.401156439213082194,11462.329125418131297920,-39510.466031467862194404,-9143.867059807414989336
2080560.570674410322681069,15806.474478952244680841,-38090.160358989196538460,-8688.582833081934950314
2082719.708185637136921287,21739.263848459107975941,-35244.258427571920037735,-7850.072461673702491680
2085116.170025937492027879,27687.777545685807126574,-31067.142764165226253681,-6692.765779593611114251
2087275.307537164306268096,32328.813372382122906856,-26488.189607530530338408,-5474.148864240712100582
2088769.477055135415866971,35077.984136958228191361,-22927.938006191277963808,-4549.513372965011512861
2089302.739982029655948281,35959.879394146555569023,-21589.101069282445678255,-4205.846664472904194554
2089836.002908923896029592,36787.360981462777999695,-20217.595982012840977404,-3855.815288002776469511
2091330.172426895005628467,38805.745234975845960435,-16218.601859064378004405,-2845.700392905715489178
2093489.309938121819868684,40903.733149384461285081,-10112.839323259573575342,-1329.616439211960368993
2095885.771778422407805920,42045.378455658435996156,-3049.577307456418566289,390.002685598148900681
2098044.909289649222046137,41976.829904846090357751,3399.982377687766529561,1930.632446011634783645
2099539.078807620331645012,41320.016730233626731206,7823.520931524657498812,2971.063265254872476362
2100072.341734514571726322,40966.312326882769411895,9382.486311256570843398,3334.482538615266093984
2100605.604661408346146345,40550.644586251648433972,10927.260273761805365211,3692.857887362521523755
2102099.774179379455745220,39061.648552549086161889,15160.205106562334549380,4665.547687913062873122
2104258.911690606269985437,36097.164773731834429782,20946.519663740873511415,5970.445492709821337485
2106655.373530906625092030,31764.738057911781652365,26756.111090604172204621,7244.478881087808986194
2108814.511042133439332247,27028.058113412782404339,31296.674382968762074597,8204.244494563408807153
2110308.680560104548931122,23350.781592421313689556,33991.376518194840173237,8750.768728158787780558
2110841.943486998789012432,21968.915323194993106881,34856.961773241673654411,8920.977106968677617260
2111375.206413893029093742,20553.815764675280661322,35669.817440788850944955,9077.689346822180596064
2112869.375931864138692617,16430.209768546978011727,37656.347746261686552316,9442.957066849741750048
2115028.513443090952932835,10140.361963101266155718,39732.517630108064622618,9771.962593097525314079
2117424.975283391308039427,2872.149279392470816674,40883.736020010393986013,9853.692902549364589504
2119584.112794618122279644,-3757.630552280494157458,40853.782538796898734290,9669.934974433050228981
2121078.282312589231878519,-8300.937350912368856370,40239.712935552954149898,9402.053963901365932543
2121611.545239483471959829,-9901.333573846510262229,39904.320036250799603295,9279.211218558722976013
2122144.808166377712041140,-11486.742400554019695846,39508.525049215022590943,9142.321738626516889781
2123638.977684348821640015,-15828.762294815262066550,38083.243526295955234673,8685.790430998580632149
2125798.115195575635880232,-21758.042140389647101983,35230.375303688051644713,7845.554989892168123333
2128194.577035875990986824,-27701.979205240113515174,31045.732635986965760821,6686.421171553351996408
2130353.714547102805227041,-32338.137260147315828362,26460.135033324637333862,5466.232942941591318231
2131847.884065073914825916,-35083.422875962816760875,22895.376780119011527859,4540.559266251437293249
2132381.146991968154907227,-35963.817297036424861290,21554.956637409723043675,4196.534007388164354779
2132914.409918862394988537,-36789.733778476882434916,20181.885092149452248123,3846.151375453085165645
2134408.579436833504587412,-38803.369891870104765985,16178.615162456122561707,2835.097678260185602994
2136567.716948060318827629,-40893.479325364089163486,10067.097361835983974743,1317.808727519480726187
2138964.178788360673934221,-42024.886298643556074239,2998.353310575826981221,-402.858276144655974349
2141123.316299587488174438,-41945.778603522572666407,-3454.950965527867083438,-1944.080804737607650168
2142617.485817558597773314,-41280.981708872663148213,-7880.213510176013187447,-2984.679920934847359604
2143150.748744452837854624,-40924.309778910712338984,-9439.594336938220294542,-3348.105132523183783633
2143684.011671347077935934,-40505.619105290053994395,-10984.669927427317816182,-3706.456079904362468369
2145178.181189318187534809,-39007.901328417865443043,-15217.810247313607760589,-4678.906899083375719783
2147337.318700545001775026,-36030.378624460143328179,-21002.551973188226838829,-5982.982929471715578984
2149733.780540845356881618,-31683.401529072794801323,-26807.581216817714448553,-7255.402049046709180402
2151892.918052072171121836,-26934.148394887492031557,-31341.372162370862497482,-8213.070341963466489688
2153387.087570043280720711,-23248.796083078617812134,-34029.921417765930527821,-8757.799660666061754455
2153920.350496937520802021,-21864.217025589889090043,-34893.030582869403588120,-8927.303357521694124443
2154453.613423831760883331,-20446.508253872711065924,-35703.268164003267884254,-9083.278971714811632410
2155947.782941802870482206,-16316.217369048643377027,-37681.744475875486386940,-9446.324180735606205417
2158106.920453029684722424,-10018.634642714103392791,-39744.612373141942953225,-9771.764925196232070448
2160503.382293330039829016,-2745.008818161619274179,-40879.291111453865596559,-9849.194227424759446876
2162662.519804556854069233,3886.416905599566234741,-40833.480803921978804283,-9661.419967129641008796
2164156.689322527963668108,8428.963958918855496449,-40208.272024420773959719,-9390.773527981160441414
2164689.952249422203749418,10028.708371850210824050,-39868.923279298556735739,-9266.959595543343311874
2165223.215176316443830729,11613.266046219128838857,-39469.199906744237523526,-9129.111402311731580994
2166717.384694287553429604,15951.855060713558486896,-38033.147923292402992956,-8669.982010220493975794
2168876.522205514367669821,21873.573681994970684173,-35165.704786010799580254,-7826.309944577520582243
2171272.984045814722776413,27805.894309548206365434,-30966.940575592416280415,-6663.959733119454540429
2173432.121557041537016630,32429.211900760768912733,-26371.050973474113561679,-5441.540415716953248193
2174926.291075012646615505,35164.618648944000597112,-22800.739495352372614434,-4514.738303990309759683
2175459.554001906886696815,36041.339803533533995505,-21458.669493641526059946,-4170.396573719623120269
2175992.816928801126778126,36863.521882792774704285,-20084.127432739289361052,-3819.743573926042245148
2177486.986446772236377001,38866.457935220372746699,-16077.707010394864482805,-2808.179217355334003514
2179646.123957999050617218,40940.867384888610104099,-9964.173049458684545243,-1290.788589848358924428
2182042.585798299405723810,42055.244912813490373082,-2896.588341294318524888,429.156195055926218629
2184201.723309526219964027,41961.803354329706053250,3552.877279100386658683,1969.056579667054393212
2185695.892827497329562902,41287.919683560612611473,7974.129688466161496763,3008.422741610189405037
2186229.155754391569644213,40928.199792712781345472,9531.843581867340617464,3371.353558223479922162
2186762.418681285809725523,40506.571655149717116728,11075.139553254884958733,3729.184466444098688953
2188256.588199256919324398,39001.245067070412915200,15302.756231621609913418,4700.057736722153094888
2190415.725710483733564615,36014.444132097443798557,21078.390828069852432236,6001.609746688483937760
2192812.187550784088671207,31659.622592108331446070,26872.295187135296146153,7271.023274116672837408
2194971.325062010902911425,26905.455785917969478760,31395.647357938876666594,8225.921194636102882214
2196465.494579982012510300,23217.814142303559492575,34076.957286314027442131,8768.749836701979802456
2196998.757506876252591610,21832.621791864217811963,34937.504190990672213957,8937.584162571673005004
2197532.020433770492672920,20414.400884273931296775,35745.197356202035734896,9092.896633890157318092
2199026.189951741602271795,16283.179414704050941509,37716.668124298703332897,9454.123411571594260749
2201185.327462968416512012,9985.413999801909085363,39769.825590756387100555,9777.059682883837012923
2203581.789303268771618605,2712.897767223861592356,40894.394800588481302839,9851.899872836003851262
2205740.926814495585858822,-3916.605864373024814995,40840.081877204764168710,9661.963518418806415866
2207235.096332466695457697,-8457.410290773870656267,40209.290805826778523624,9389.907095605176436948
2207768.359259360935539007,-10056.460405312400325784,39868.002090286652673967,9265.605327799972656067
2208301.622186255175620317,-11640.287624401349603431,39466.363533318268309813,9127.276787910775965429
2209795.791704226285219193,-15976.642361459747917252,38025.062304559323820285,8666.838188215549962479
2211954.929215453099459410,-21894.640148943948588567,35150.277913851336052176,7821.357635236294299830
2214351.391055753454566002,-27822.078550955313403392,30943.609617120171606075,6657.099089526308489440
2216510.528566980268806219,-32440.184803627045766916,26340.782003319833165733,5433.048022532922004757
2218004.698084951378405094,-35171.447158316324930638,22765.791472730074019637,4505.174081215143814916
2218537.961011845618486404,-36046.569971715529391076,21422.083472546968550887,4160.463549759508168790
2219071.223938739858567715,-36867.087050981557695195,20045.923895246567553841,3809.450007001392805250
2220565.393456710968166590,-38864.983676797091902699,16035.105416466554743238,2796.926140209463028441
2222724.530967937782406807,-40931.070209297788096592,9915.697129415879317094,1278.315074122672967860
2225120.992808238137513399,-42034.696925683987501543,2842.583088539826349006,-442.673828128529976311
2227280.130319464951753616,-41930.231537048683094326,-3610.590470275762527308,-1983.144492504461368299
2228774.299837436061352491,-41248.048360904853325337,-8033.497367248563932662,-3022.652966635153461539
2229307.562764330301433802,-40885.250409958520322107,-9591.593283792839429225,-3385.578442615439143992
2229840.825691224541515112,-40460.490272173869016115,-11135.152998986841339502,-3743.372642967063711694
2231334.995209195651113987,-38946.145846477731538471,-15362.835801262623135699,-4713.967156165016604064
2233494.132720422465354204,-35945.909804853072273545,-21136.653226605885720346,-6014.627064740618152427
2235890.594560722820460796,-31576.154818043425620999,-26925.652751277710194699,-7282.332783104111513239
2238049.732071949634701014,-26809.131813634201535024,-31441.869601826128928224,-8235.037921676152109285
2239543.901589920744299889,-23113.257489865729439771,-34116.751300561285461299,-8776.000946303031014395
2240077.164516814984381199,-21725.304557977495278465,-34974.719949200218252372,-8944.104666746285147383
2240610.427443709224462509,-20304.431080971036863048,-35779.691113002241763752,-9098.654301952101377537
2242104.596961680334061384,-16166.427378729880729225,-37742.809048845294455532,-9457.584010485425096704
2244263.734472907148301601,-9860.850606498857814586,-39782.219806193657859694,-9776.846601388222552487
2246660.196313207503408194,-2582.925919698180223349,-40889.752144557271094527,-9847.266758751387897064
2248819.333824434317648411,4048.140650098423066083,-40819.144989768537925556,-9653.211768821607620339
2250313.503342405427247286,8588.086377474077380612,-40176.924421151707065292,-9378.323360956275791978
2250846.766269299667328596,10186.441547445943797356,-39831.579523510154103860,-9253.027678658556396840
2251380.029196193907409906,11769.370522861112476676,-39425.914217633078806102,-9113.718292943707638187
2252874.198714165017008781,16102.142285225760133471,-37973.578660915489308536,-8650.623031053819431690
2255033.336225391831248999,22012.310955367152928375,-35083.873385086240887176,-7801.631162279156342265
2257429.798065692186355591,27927.778600486071809428,-30862.756523085481603630,-6634.088742042631565710
2259588.935576919000595808,32532.684198514849413186,-26249.399845136205840390,-5407.760849701560800895
2261083.105094890110194683,35253.801088196792989038,-22668.726194465984008275,-4478.735538968554465100
2261616.368021784350275993,36125.152799160765425768,-21323.328948224349005613,-4133.702102802478293597
2262149.630948678590357304,36941.836464604370121378,-19945.663181201496627182,-3782.412683622341319278
2263643.800466649699956179,38928.750598294238443486,-15931.614181376726264716,-2769.367643906432022050
2265802.937977876514196396,40978.721217599311785307,-9810.126210497584906989,-1250.652407722446014304
2268199.399818176869302988,42064.856102504607406445,-2738.172564372806846222,469.599932856565601469
2270358.537329403683543205,41945.649063670920440927,3711.098624323028161598,2008.720829437698512265
2271852.706847374793142080,41254.106223761235014535,8129.917785905065102270,3046.969532995771260175
2272385.969774269033223391,40888.165334434706892353,9686.312663047885507694,3409.389590350121579831
2272919.232701163273304701,40460.374201543061644770,11228.055362393863106263,3766.651988565416559140
2274413.402219134382903576,38938.167502774645981845,15450.092685340092430124,4735.632196721629952663
2276572.539730361197143793,35928.313061302440473810,21214.584703280281246407,6033.705718778473055863
2278969.001570661552250385,31550.379134800372412428,26992.163498394795169588,7298.325183624094279367
2281128.139081888366490602,26778.186347096940153278,31497.632210606774606276,8248.178454812594281975
2282622.308599859476089478,23079.873564008386892965,34165.039776930694642942,8787.180319003355180030
2283155.571526753716170788,21691.260065564052638365,35020.358714839698222931,8954.592391092572142952
2283688.834453647956252098,20269.830424890424183104,35822.696248206586460583,9108.456282710969389882
2285183.003971619065850973,16130.790646648782058037,37778.550142401356424671,9465.502735043017310090
2287342.141482845880091190,9824.927566988979378948,39807.858675987743481528,9782.164273534199310234
2289738.603323146235197783,2548.068947790209676896,40904.829907953317160718,9849.886238768545808853
2291897.740834373049438000,-4081.047415141698365915,40825.307567468065826688,9653.571480957356470753
2293391.910352344159036875,-8619.192836493530194275,40177.221084826916921884,9377.207058054025765159
2293925.173279238399118185,-10216.825512112656724639,39829.836095781960466411,9251.400457962292421144
2294458.436206132639199495,-11798.991839990409062011,39422.156306018310715444,9111.587955066413996974
2295952.605724103748798370,-16129.417976433720468776,37964.298958393468637951,8647.121653798996703699
2298111.743235330563038588,-22035.650959906888601836,35066.879034905650769360,7796.238392923679384694
2300508.205075630918145180,-27945.927037061428563902,30837.483232789443718502,6626.707131873467005789
2302667.342586857732385397,-32545.284560377906018402,26216.897447419181844452,5398.687789685178358923
2304161.512104828841984272,-35261.995766260050004348,22631.374320745890145190,4468.557578406528591586
2304694.775031723082065582,-36131.650935730394849088,21284.285043152103753528,4123.145307471323576465
2305228.037958617787808180,-36946.569032213068567216,19904.951489815823151730,3771.486281661475459259
2306722.207476588897407055,-38928.150682484476419631,15886.384546037836116739,2757.461685395324366254
2308881.344987815711647272,-40969.351759953169676010,9758.906992546566470992,1237.511611460306312438
2311277.806828116066753864,-42044.221557956603646744,2681.381445635973250319,-483.779822825126757380
2313436.944339342880994081,-41913.525077858117583673,-3771.556379375462711323,-2023.447300502848065662
2314931.113857313990592957,-41213.366751093264610972,-8191.957142930879854248,-3061.811468276070627326
2315464.376784208230674267,-40844.237293465434049722,-9748.699388396682479652,-3424.214595448645923170
2315997.639711102470755577,-40413.205170602188445628,-11290.666707225982463569,-3781.427668118363271788
2317491.809229073580354452,-38881.685044274556275923,-15512.637286287508686655,-4750.088474113195843529
2319650.946740300394594669,-35858.000822038673504721,-21275.062741196619754191,-6047.198341342216735939
2322047.408580600749701262,-31464.753159534513542894,-27047.388656699069542810,-7310.015186409684247337
2324206.546091827563941479,-26679.424645513638097327,-31545.354616605152841657,-8257.579202458269719500
2325700.715609798673540354,-22972.725210132874053670,-34206.055846062663476914,-8794.644145069734804565
2326233.978536692913621664,-21581.304471525290864520,-35058.693456649489235133,-8961.299496280635139556
2326767.241463587153702974,-20157.180085775315092178,-35858.204214199635316618,-9114.374162263269681716
2328261.410981558263301849,-16011.264265434630942764,-37805.404294535990629811,-9469.048558948747086106
2330420.548492785077542067,-9697.518997519735421520,-39820.519071033304498997,-9781.927107533625530777
2332817.010333085432648659,-2415.263307118336342683,-40899.954828014750091825,-9845.109872118500788929
2334976.147844312246888876,4215.326821530608867761,-40803.700766130481497385,-9644.574342101592264953
2336470.317362283356487751,8752.510313174723705743,-40143.895066169658093713,-9365.311656581450733938
2337003.580289177596569061,10349.403406438455931493,-39792.353902835871849675,-9238.488545724983850960
2337536.843216071836650372,11930.622914006438804790,-39380.549412019521696493,-9097.673211795619863551
2339031.012734042946249247,16257.309944212480331771,-37911.395370225960505195,-8630.492166590327542508
2341190.150245269760489464,22155.440529729858099017,-34998.711616729997331277,-7776.023815613059014140
2343586.612085570115596056,28053.386382041848264635,-30754.544627047609537840,-6603.142451974202231213
2345745.749596796929836273,32639.179345217118680011,-26123.197433237488439772,-5372.801839209459103586
2347239.919114768039435148,35345.476494561371509917,-22531.864871034365933156,-4441.498279676246966119
2347773.182041662279516459,36211.262133947093388997,-21183.048284278625942534,-4095.757019995191512862
2348306.444968556519597769,37022.247277588932774961,-19802.174210323530132882,-3743.816961495276700589
2349800.614486527629196644,38992.562872690454241820,-15780.300555430216263630,-2729.261675090855987946
2351959.751997754443436861,41017.231370684399735183,-9650.685420058878662530,-1209.206372921499223594
2354356.213838054798543453,42074.147333696782879997,-2574.327452328243452939,511.332623387003877724
2356515.351349281612783670,41928.302755727221665438,3874.639059621523301757,2049.621427987210154242
2358009.520867252722382545,41218.513294876844156533,8290.871116890499251895,3086.698196518429540447
2358542.783794146962463856,40846.146514532461878844,9845.877072220824629767,3448.584608300649051671
2359076.046721041202545166,40411.990501086911535822,11385.988866939598665340,3805.253852124924378586
2360570.216239012312144041,38872.356628739951702300,15602.189202120611298596,4772.262910208030916692
2362729.353750239126384258,35838.717171665906789713,21355.067266077443491668,6066.723175333403560217
2365125.815590539481490850,31436.960251143478672020,27115.673258518647344317,7326.372366741945370450
2367284.953101766295731068,26646.209886287357221590,31602.579393926032935269,8271.002537113758080523
2368779.122619737405329943,22936.925752982788253576,34255.570452706175274216,8806.045598297914693831
2369312.385546631645411253,21544.798215513423201628,35105.470533775485819206,8971.986957618511951296
2369845.648473525885492563,20120.074682848120573908,35902.258114488402497955,9124.353222568157434580
2371339.817991496995091438,15973.020229333418683382,37841.934914287558058277,9477.079427855727772112
2373498.955502723809331656,9658.889258908264309866,39846.555068616762582678,9787.260304907062163693
2375895.417343024164438248,2377.660725675252251676,40914.978061882524343673,9847.635905438113695709
2378054.554854250978678465,-4250.947024022570076340,40809.396663341183739249,9644.743156979116974981
2379548.724372222088277340,-8786.269788004021393135,40143.441973905086342711,9363.938645425809227163
2380081.987299116328358650,-10382.411226090955096879,39789.760842908151971642,9236.581625709393847501
2380615.250226010568439960,-11962.834936642373577342,39375.842839358272613026,9095.240502055899924017
2382109.419743981678038836,-16287.062352961049327860,37900.895357135043013841,8626.626895337289170129
2384268.557255208492279053,-22181.038706159968569409,34980.125218799032154493,7770.184786484927826677
2386665.019095508847385645,-28073.479748781319358386,30727.306791026563587366,6595.234802263143137679
2388824.156606735661625862,-32653.384616294006264070,26088.442003002826822922,5363.143812470987541019
2390318.326124706771224737,-35355.012679673767706845,22492.091626408400770742,4430.702882687342935242
2390851.589051601011306047,-36219.002861386536096688,21141.529775872517348034,4084.572982292173946917
2391384.851978495251387358,-37028.121173279338108841,19758.938475843657215592,3732.254487929611968866
2392879.021496466360986233,-38992.809414118659333326,15732.429473115815198980,2716.700290977077656862
2395038.159007693175226450,-41008.259520296363916714,9596.713488535348005826,1195.396839849887555829
2397434.620847993530333042,-42053.394322267420648132,2514.745993683640335803,-526.174913289557252938
2399593.758359220344573259,-41895.593801353956223466,-3937.841011718840491085,-2064.985345249479451013
2401087.927877191454172134,-41176.872720242048671935,-8355.578274287763633765,-3102.149837334293806634
2401621.190804085694253445,-40801.206908373525948264,-9910.895667505126766628,-3464.007408593337004277
2402154.453730979934334755,-40363.701014396516256966,-11451.191673348366748542,-3820.614388172090457374
2403648.623248951043933630,-38814.458700260656769387,-15667.188774287504202221,-4787.262503585226113501
2405807.760760177858173847,-35766.596423818176845089,-21417.745677034028631169,-6080.686301080377234030
2408204.222600478213280439,-31349.148428569431416690,-27172.745207885021955008,-7338.436762833496686653
2410363.360111705027520657,-26544.986466449394356459,-31651.776602081139571965,-8280.680175212941321661
2411857.529629676137119532,-22827.164756756999850040,-34297.780409950231842231,-8813.714401494682533666
2412390.792556570377200842,-21432.184502785203221720,-35144.895173439319478348,-8978.872730765930100461
2412924.055483464617282152,-20004.725278317404445261,-35938.750332792202243581,-9130.423200259443547111
2414418.225001435726881027,-15850.704645016441645566,-37869.470172392371750902,-9480.701934337215789128
2416577.362512662541121244,-9528.626459785147744697,-39859.447193550302472431,-9786.990107076404456166
2418973.824352962896227837,-2242.019149222547639511,-40909.834760519268456846,-9842.707211993154487573
2421132.961864189710468054,4387.966794092394593463,-40787.084130505201756023,-9635.491742962774878833
2422627.131382160820066929,8922.220005077373571112,-40109.121165727410698310,-9351.722988721548972535
2423160.394309055060148239,10517.575680772446503397,-39751.184237111367110629,-9223.327000374198178179
2423693.657235949300229549,12097.002471331641572760,-39333.044017815533152316,-9080.961215383900707820
2425187.826753920409828424,16417.330514734039752511,-37846.539056949579389766,-8609.575301697463146411
2427346.964265147224068642,22302.925679821993981022,-34910.165301529719727114,-7749.475281372399877000
2429743.426105447579175234,28182.671776230472460156,-30642.257627623614098411,-6571.110262769428118190
2431902.563616674393415451,32748.644397195770579856,-25992.403964317672944162,-5336.654888545185713156
2433396.733134645503014326,35439.587788124248618260,-22390.121528050291090040,-4403.019615070104919141
2433929.996061539743095636,36299.609412675461499020,-21037.795669285475014476,-4056.555001059196911228
2434463.258988433983176947,37104.694699188286904246,-19653.630901043288758956,-3703.950679884057990421
2435957.428506405092775822,39057.832180974626680836,-15623.742947595779696712,-2687.857299152312407386
2438116.566017631907016039,41056.332312209349765908,-9485.837268019775365246,-1166.449034853143075452
2440513.027857932262122631,42083.051693469664314762,-2405.050839768219702819,554.352831017617063480
2442672.165369159076362848,41909.698019683230086230,4043.490536475510452874,2091.754370358241430949
2444166.334887130185961723,41181.075799547426868230,8456.974656891932681901,3127.603001300750293012
2444699.597814024426043034,40802.078892975230701268,10010.519332221863805898,3488.932280221260043618
2445232.860740918666124344,40361.356868850816681515,11548.920162564532802207,3844.983133649161118228
2446727.030258889775723219,38803.751386585485306568,15759.019243724875195767,4809.941353456905744679
2448886.167770116589963436,35745.600476433712174185,21499.802955148392356932,6100.651460706632860820
2451282.629610416945070028,31319.317211184199550189,27242.779913999114796752,7355.152108784088341054
2453441.767121643759310246,26509.485504091353504919,31710.437394889238930773,8294.379199175491521601
2454935.936639614868909121,22788.935842890077765333,34348.493715292686829343,8825.330578196655551437
2455469.199566509108990431,21393.203634502111526672,35192.782747743898653425,8989.752503665344192996
2456002.462493403349071741,19965.103360434448404703,35983.824838831707893405,9140.571856021933854208
2457496.632011374458670616,15809.844574575694423402,37906.761387311787984800,9488.837349319208442466
2459655.769522601272910833,9487.285671579862537328,39885.850754976410826202,9792.331190177748794667
2462052.231362901628017426,2201.671400911064665706,40924.773816187371267006,9845.132271688520631869
2464211.368874128442257643,-4426.295770176993755740,40792.284137014779844321,9635.462366902715075412
2465705.538392099551856518,-8958.624976523251461913,40107.889681790904433001,9350.086206333606241969
2466238.801318993791937828,-10553.198831489222357050,39747.713166786175861489,9221.133413781466515502
2466772.064245888032019138,-12131.795678773838517372,39327.360690881432674360,9078.219269221330250730
2468266.233763859141618013,-16449.547372197070217226,37834.791584570521081332,8605.339596634232293582
2470425.371275085955858231,-22330.765917735756374896,34889.961455544937052764,7743.184018330884100578
2472821.833115386310964823,-28204.689914808754110709,30613.032331540867744479,6562.671362130324268946
2474980.970626613125205040,-32764.431020671083388152,25955.375337403471348807,5326.407494281712388329
2476475.140144584234803915,-35450.439746681193355471,22347.908943032118258998,4391.603010452112357598
2477008.403071478474885225,-36308.566261384228710085,20993.785429668696451699,4044.740187939622046542
2477541.665998372714966536,-37111.682741125739994459,19607.854867888348962879,3691.748846801846411836
2479035.835516343824565411,-39058.896141719444131013,15573.216769110078530503,2674.637924659450618492
2481194.973027570638805628,-41047.726771698566153646,9429.103150341603395646,1151.969334077736675681
2483591.434867870993912220,-42062.147120517358416691,2342.674724281128874281,-569.857587189763989954
2485750.572379097808152437,-41876.370149698668683413,-4109.435969891062995885,-2107.754500207987803151
2487244.741897068917751312,-41138.500070709000283387,-8524.345259118454123382,-3143.662191914811955940
2487778.004823963157832623,-40756.093734984264301602,-10078.164121612488088431,-3504.950389107630144281
2488311.267750857397913933,-40311.913061592451413162,-11616.707426846998714609,-3860.925708761616078846
2489805.437268828507512808,-38744.404772843983664643,-15826.463043254141666694,-4825.480524087226513075
2491964.574780055321753025,-35671.639772089096368290,-21564.665635998724610545,-6115.080059029815856775
2494361.036620355676859617,-31229.291220201401301892,-27301.676873846288799541,-7367.584540340483727050
2496520.174131582491099834,-26405.775881995043164352,-31761.082972052514378447,-8304.326323114366459777
2498014.343649553600698709,-22676.540901152060541790,-34391.868273397594748531,-8833.196337733530526748
2498547.606576447840780020,-21277.911730832714965800,-35233.267066074011381716,-8996.808728749641886679
2499080.869503342080861330,-19847.036096140192967141,-36021.270208250301948283,-9146.785534539043510449
2500575.039021313190460205,-15684.724803189477825072,-37934.944466212284169160,-9492.527711974831618136
2502734.176532540004700422,-9354.159663543978240341,-39898.938997865021519829,-9792.018736220510618296
2505130.638372840359807014,-2063.192035413814664935,-40919.325374223517428618,-9840.041917240458133165
2507289.775884067174047232,4566.051176824967114953,-40769.229002563057292718,-9625.947554602333184448
2508783.945402038283646107,9097.198699327891517896,-40072.537940114401862957,-9337.541488102329822141
2509317.208328932523727417,10690.939030934579932364,-39708.006398798235750291,-9207.527414984078859561
2509850.471255826763808727,12268.487298140838902327,-39283.334657110055559315,-9063.566941512750418042
2511344.640773797873407602,16582.175119652634748491,-37778.948952629223640542,-8587.857940998215781292
2513503.778285024687647820,22454.728057935077231377,-34818.178713018918642774,-7721.972619572435178270
2515900.240125325042754412,28315.587032442290364997,-30525.847014757917349925,-6537.981337097479809017
2518059.377636551856994629,32861.024361707277421374,-25856.978715214805561118,-5299.311342827695625601
2519553.547154522966593504,35536.075747420509287622,-22243.461441044390085153,-4363.292531336373031081
2520086.810081417206674814,36390.134071705571841449,-20887.538624818662356120,-4016.089639451616221777
2520620.073008311446756124,37189.116914844336861279,-19500.003070926602958934,-3662.808049414726610848
2522114.242526282556355000,39124.493705487191618886,-15461.917844949774007546,-2645.150500715103135008
2524273.380037509370595217,41095.956247566224192269,-9315.568362621845153626,-1122.379023148860142101
2526669.841877809725701809,42091.500047135436034296,-2230.340963167735935713,598.658949253885111830
2528828.979389036539942026,41889.766318110261636321,4217.644269147489467287,2135.115403457582942792
2530323.148907007649540901,41141.726610788980906364,8628.212422307180531789,3169.677918350427262340
2530856.411833901889622211,40755.896040648949565366,10180.220930263092668611,3530.425959134820459440
2531389.674760796129703522,40308.407674384157871827,11716.828234334845546982,3885.832578010720226303
2532883.844278767239302397,38732.288909990515094250,15920.554960530243988615,4848.658627528176111809
2535042.981789994053542614,35648.905417320231208578,21648.754635792145563755,6135.479489097228906758
2537439.443630294408649206,31197.400021352477779146,27373.437093087162793381,7384.651216484515316552
2539598.581141521222889423,26367.971348422230221331,31821.152709042155038333,8318.293688921425200533
2541092.750659492332488298,22635.868244296794728143,34443.751883768505649641,8845.019638433112049825
2541626.013586386572569609,21236.443076411076617660,35282.236347550344362389,9007.873143320686722291
2542159.276513280812650919,19804.885606195319269318,36067.336172515795624349,9157.096055454752786318
2543653.446031251922249794,15641.239783195915151737,37972.966328201102442108,9500.759825161036133068
2545812.583542478736490011,9310.103446713845187332,39925.679517220953130163,9797.359815254880231805
2548209.045382779091596603,2020.099713596027868334,40934.149558537457778584,9842.358231456653811620
2550368.182894005905836821,-4607.083948407022944593,40773.902885744173545390,9625.712459679214589414
2551862.352411977015435696,-9136.241221482030596235,40070.498435851201065816,9335.633648009366879705
2552395.615338871255517006,-10729.168522361858777003,39703.627960370657092426,9205.039975574576601502
2552928.878265765495598316,-12305.851663862471468747,39276.645518121586064808,9060.508680252823978662
2554423.047783736605197191,-16616.843543077655340312,37765.925957807143277023,8583.245063726444641361
2556582.185294963419437408,-22484.793485231668455526,34796.331198025043704547,7715.222977158833600697
2558978.647135263774544001,-28339.508875749041180825,30494.610656393404497067,6529.005839410803673672
2561137.784646490588784218,-32878.367760019777051639,25817.656183082464849576,5288.470083532496573753
2562631.954164461698383093,-35548.216661578466300853,22198.791112794671789743,4351.250879866039213084
2563165.217091355938464403,-36400.279468283581081778,20841.019134431076963665,4003.640460479198281973
2563698.480018250178545713,-37197.190799561940366402,19451.670134477062674705,3649.963522321380423818
2565192.649536221288144588,-39126.344885713755502366,15408.722696123080822872,2631.270555561592573213
2567351.787047448102384806,-41087.684526381206524093,9256.062549583508371143,1107.227754503474670855
2569748.248887748457491398,-42070.409630003108759411,2165.166052533204492647,-614.826155764283839744
2571907.386398975271731615,-41855.784439205715898424,-4286.332096942165662767,-2151.750385093450859131
2573401.555916946381330490,-41098.180578614344995003,-8698.241613706930365879,-3186.342346452654510358
2573934.818843840621411800,-40708.830268855497706681,-10250.485693174950938555,-3547.036723410938975576
2574468.081770734861493111,-40257.774630004481878132,-11787.192364263635681709,-3902.354198401025314524
2575962.251288705971091986,-38671.459420495280937757,-15990.431537866581493290,-4864.733434640590530762
2578121.388799932785332203,-35573.072469087062927429,-21715.784625855409103679,-6150.368295273272451595
2580517.850640233140438795,-31105.130881803110241890,-27434.136286793152976315,-7397.445064157732304011
2582676.988151459954679012,-26261.750564236830541631,-31873.219132989906938747,-8328.502616246430989122
2584171.157669431064277887,-22520.817712835436395835,-34488.260621343666571192,-8853.074049307555469568
2584704.420596325304359198,-21118.452617671649932163,-35323.748979114723624662,-9015.091318829796364298
2585065.665340152103453875,-20150.141215483243286144,-35859.385733849376265425,-9117.096454121710848995
2586077.850619741715490818,-17364.536796817505091894,-37226.235764969547744840,-9368.920520205649154377
2587540.500726833473891020,-13175.897091988244937966,-38840.743687590591434855,-9642.176064534753095359
2589163.919869491830468178,-8353.231745145332752145,-40114.046193006855901331,-9816.761414561458877870
2590626.569976583588868380,-3905.858052012390544405,-40779.700505665416130796,-9856.148132110301958164
2591638.755256173200905323,-799.062936248866208189,-40968.681807636596204247,-9817.656700517016361118
2592000.000000000000000000,311.677000659449277009,-40982.016661837835272308,-9790.927293112707047840
