Time (s), X (km), Y (km), Z (km)
0.000000000000000000,-23760.532622380000248086,-33715.879108560002350714,-8669.038042340000174590
266.631463447162332159,-23079.101309775109257316,-34163.207443491584854200,-8758.843426169507438317
1013.716222432634936013,-21124.091758853126520989,-35347.203068367532978300,-8992.710939946446160320
2093.284978046058768086,-18189.733092428639793070,-36871.789250716268725228,-9283.301971752645840752
3291.515898196285434096,-14801.572691133080297732,-38295.884334683876659255,-9538.361242952065367717
4371.084653809708470362,-11651.385651408527337480,-39328.739588751697738189,-9705.815647285329760052
5118.169412795181415277,-9427.903736965372445411,-39901.060812224866822362,-9786.510986050940118730
5384.800876242344202183,-8627.226419214666748303,-40076.704007941283634864,-9808.282474960720719537
5651.432339689506989089,-7823.284974130745467846,-40237.183662005896621849,-9826.342599239211267559
6398.517098674979024509,-5555.903500767794866988,-40605.577073942084098235,-9857.125382750264179776
7478.085854288403425016,-2252.071484550530385604,-40924.693041397098568268,-9849.887883946450529038
8676.316774438630091026,1430.369831351564926081,-40981.802516095747705549,-9770.369135008419107180
9755.885530052051763050,4739.575830146536645771,-40765.264848599566903431,-9634.809170413034735247
10502.970289037526526954,7013.648133361994041479,-40467.345790862294961698,-9505.968422430745704332
10769.601752484688404365,7820.561131403835133824,-40331.872094946804281790,-9453.129217531493850402
11036.233215931850281777,8624.516626905086013721,-40181.143518492746807169,-9396.714240447330666939
11783.317974917323226691,10858.808338024593467708,-39678.068555399237084202,-9219.784735175735477242
12862.886730530746717704,14028.790081596582240309,-38743.492374076049600262,-8915.915658389551026630
14061.117650680973383714,17444.586656623265298549,-37425.374890157145273406,-8514.041988369899627287
15140.686406294396874728,20408.814429630987433484,-35992.851836360241577495,-8096.217713776093660272
15887.771165279868000653,22387.166938028061849764,-34870.366591203870484605,-7777.536019946409396653
16154.402628727031697053,23077.444644609899114585,-34444.515815657752682455,-7658.159216411287161463
16421.034092174195393454,23758.997026387973164674,-34005.642022158834151924,-7535.886749689703719923
17168.118851159666519379,25620.006465065533120651,-32708.015354685125203105,-7178.262417713741342595
18247.687606773091829382,28173.536864538564259419,-30662.504328095172240864,-6624.140520090158133826
19445.918526923316676402,30802.755967248645902146,-28170.346159227621683385,-5961.218939750157915114
20525.487282536741986405,32970.886302305349090602,-25740.363866052837693132,-5324.845693154258697177
21272.572041522213112330,34352.482905722157738637,-23964.484736209687980590,-4864.907202559831603139
21539.203504969376808731,34821.096810069939238019,-23313.185248828376643360,-4697.189732632366940379
21805.834968416540505132,35276.549824548870674334,-22653.074919662194588454,-4527.696924545634828974
22552.919727402011631057,36481.155082857614615932,-20758.696723631423083134,-4043.881180472993037256
23632.488483015436941059,38029.820717960101319477,-17913.970903556441044202,-3323.938198691118032002
24830.719403165661788080,39472.608355416792619508,-14627.459562405631004367,-2500.956036732372467668
25910.288158779087098083,40514.972160999313928187,-11570.146722650668380084,-1742.957120209645381692
26657.372917764558224007,41089.773532237653853372,-9411.325548203847574769,-1211.802556134937958632
26924.004381211721920408,41265.487848475517239422,-8633.757999097762876772,-1021.283334646013372549
27190.635844658885616809,41425.610662699837121181,-7852.927347241892675811,-830.377975428809463665
27937.720603644356742734,41790.725219191823271103,-5650.235441583045940206,-294.033688730285859947
29017.289359257782052737,42099.190157514363818336,-2439.372918198557272262,482.129889023402711246
30215.520279408006899757,42136.366035470302449539,1141.243836132878413991,1339.906242885167785062
31295.089035021432209760,41894.672819155377510469,4360.586709255399910035,2104.169363565851199382
32042.173794006903335685,41575.428848403447773308,6573.829579598225791415,2625.710789373012175929
32308.805257454067032086,41431.581156353953701910,7359.345506884472342790,2810.040914293485002418
32575.436720901227090508,41272.081548974092584103,8142.082239192840461328,2993.309629581797707942
33322.521479886694578454,40742.343341332765703555,10317.936487422186473850,3500.573682479923263600
34402.090235500123526435,39763.927057224653253797,13406.413322503503877670,4214.864773734260779747
35600.321155650344735477,38390.073895144669222645,16736.394604187116783578,4976.933083864859327150
36679.889911263773683459,36901.274520429520634934,19628.024525153632566798,5631.192889084128182731
37426.974670249241171405,35736.653816740472393576,21559.013184434141294332,6063.781763486153977283
37693.606133696404867806,35295.159476414220989682,22232.987922084892488783,6213.882024542759609176
37960.237597143575840164,34840.331184936076169834,22898.565135335560626118,6361.635022957859291637
38707.322356129043328110,33496.397744473928469233,24716.603224086415139027,6762.653022333721310133
39786.891111742472276092,31380.006385733380739111,27212.911108737316681072,7306.416033450762370194
40985.122031892693485133,28804.147749629926693160,29785.732957356241968228,7856.850652034845552407
42064.690787506115157157,26294.712750040518585593,31909.789797280292987125,8301.577197316155434237
42811.775546491589921061,24461.854431150532036554,33264.778139986592577770,8579.401709578907684772
43078.407009938753617462,23789.861141423367371317,33724.682849467630148865,8672.435956447046919493
43345.038473385917313863,23108.879961497194017284,34171.846157724881777540,8762.193459876441920642
44092.123232371384801809,21155.146356733035645448,35355.481011905932973605,8995.950467369293619413
45171.691987984813749790,18222.651363516495621298,36879.805513202947622631,9286.442022382520008250
46369.922908135034958832,14836.531109798555917223,38303.965912340863724239,9541.472509132134291576
47449.491663748456630856,11688.090613895223214058,39337.192096568025590386,9708.971416962500370573
48196.576422733931394760,9465.745826148451669724,39909.930715067115670536,9789.733429116182378493
48463.207886181095091160,8665.455814599123186781,40085.753135050326818600,9811.535374040557144326
48729.839349628258787561,7861.891455190261694952,40246.427109355798165780,9829.629263105254722177
49476.924108613726275507,5595.505764399355030037,40615.441643567704886664,9860.523289020942684147
50556.492864227155223489,2292.934304716411133995,40935.635776914161397144,9853.485115766317903763
51754.723784377376432531,-1388.390302882569812937,40994.149521077371900901,9774.230562553479103372
52834.292539990798104554,-4696.872145477559570281,40779.016968779644230381,9638.935973030747845769
53581.377298976272868458,-6970.607094183334083937,40482.123000340565340593,9510.288197050149392453
53848.008762423436564859,-7777.434689614950912073,40347.021766025405668188,9457.518769888427414116
54114.640225870607537217,-8581.322164093080573366,40196.668128202451043762,9401.173847137641132576
54861.724984856075025164,-10815.516420046651546727,39694.650838129986368585,9224.440703841351933079
55941.293740469503973145,-13985.604222468136867974,38761.594160694381571375,8920.849188509795567370
57139.524660619725182187,-17401.854504656643257476,37445.097566813157754950,8519.262962744836841011
58219.093416233154130168,-20366.781501112473051762,36013.922660050659033004,8101.667231079480188782
58966.178175218621618114,-22345.765365849925728980,34892.284452363288437482,7783.121755837622004037
59232.809638665785314515,-23036.294712161514325999,34466.716394656265038066,7663.788715450858035183
59499.441102112949010916,-23718.112019058509758906,34028.114006319949112367,7541.557242324982325954
60246.525861098416498862,-25579.934052275435533375,32731.180167967089801095,7184.031322178515438281
61326.094616711845446844,-28134.798432712806970812,30686.476833360829914454,6630.005459335974592250
62524.325536862066655885,-30765.665093121217068983,28194.923113843506143894,5967.122558211988689436
63603.894292475495603867,-32935.381357823229336645,25765.198751931344304467,5330.718967184796383663
64350.979051460963091813,-34318.106206332071451470,23989.330345996146206744,4870.722045681490271818
64617.610514908126788214,-34787.124911085564235691,23338.001118267635320080,4702.976349564897645905
64884.241978355290484615,-35242.982541910816507880,22677.843444392114179209,4533.451489712969305401
65631.326737340757972561,-36448.715664115945401136,20783.236359728660318069,4049.525128843410129775
66710.895492954179644585,-37998.968229317128134426,17937.930442555905756308,3329.369240105321750889
67909.126413104415405542,-39443.401667121463106014,14650.442864825779906823,2506.082024846697549947
68988.695168717837077565,-40487.090140983185847290,11591.974769924552674638,1747.753566200122577357
69735.779927703304565512,-41062.697228916404128540,9432.211458564328495413,1216.343724246147758095
70002.411391150468261912,-41238.674246639893681277,8654.280415719480515691,1025.728323762301897659
70269.042854597631958313,-41399.045259121929120738,7873.074899766716953309,834.724864911208214835
71016.127613583099446259,-41764.775830484577454627,5669.264266106282775581,298.093669058777095415
72095.696369196521118283,-42073.903394325483532157,2456.643834624318969873,-478.506519630649620467
73293.927289346756879240,-42111.470316453138366342,-1126.078130851948344571,-1336.787280584380823711
74373.496044960178551264,-41869.796160740057530347,-4347.405380711785255698,-2101.509928365909672721
75120.580803945646039210,-41550.372800302371615544,-6562.044340735542391485,-2623.365858921488324995
75387.212267392809735611,-41406.422394520232046489,-7348.058993616419684258,-2807.806560355350484315
75653.843730839987983927,-41246.799699211231200024,-8131.293229867746958917,-2991.184626133923302405
76400.928489825455471873,-40716.608201129558437970,-10308.528785436301404843,-3498.747092394351511757
77480.497245438877143897,-39737.256493355816928670,-13398.944606046310582315,-4213.443015688767445681
78678.728165589112904854,-38361.992787970819335897,-16730.935790177372837206,-4975.909645332377294835
79758.296921202534576878,-36871.609289940963208210,-19624.195956509811367141,-5630.470651874587019847
80505.381680188002064824,-35705.733303426524798851,-21556.188250651965063298,-6063.230682145521313942
80772.013143635165761225,-35263.761316713804262690,-22230.494265234276099363,-6213.384176582233521913
81038.644607082329457626,-34808.441775158360542264,-22896.385963115113554522,-6361.185706728252625908
81785.729366067796945572,-33463.060649148777883966,-24715.217121706700709183,-6762.315045870162975916
82865.298121681218617596,-31344.415643371474288870,-27212.422977941572753480,-7306.171126278112751606
84063.529041831454378553,-28765.880572161560849054,-29785.869563492356974166,-7856.610001079578978533
85143.097797444876050577,-26253.930675869985861937,-31910.130764675373939099,-8301.247392217406741111
85890.182556430343538523,-24419.307076500648690853,-33265.051011509305681102,-8578.957149885658509447
86156.814019877507234924,-23746.682937978624977404,-33724.889411200289032422,-8671.939950536376272794
86423.445483324670931324,-23065.071870356117869960,-34171.964214509869634639,-8761.640512924101130920
87170.530242310138419271,-21109.585279736693337327,-35355.233263358757540118,-8995.209039820621910621
88250.098997923560091294,-18174.613205536003079033,-36878.727949791216815356,-9285.355135919484382612
89448.329918073795852251,-14785.883793965411314275,-38301.560355366847943515,-9539.905556057847206830
90527.898673687217524275,-11635.289534873429147410,-39333.239697624791006092,-9706.891153386448422680
91274.983432672685012221,-9411.582137769188193488,-39904.731096994655672461,-9787.258107295972877182
91541.614896119848708622,-8610.836896796810833621,-40080.075183875080256257,-9808.911787210092370515
91808.246359567012405023,-7806.833947079138852132,-40240.254443915677256882,-9826.853867573743627872
92555.331118552479892969,-5539.310572737913389574,-40607.800930546218296513,-9857.305081072043321910
93634.899874165901564993,-2235.359592640060782287,-40925.682117480057058856,-9849.587754651389332139
94833.130794316137325950,1447.091806494164757169,-40981.414080997004930396,-9769.538721495799109107
95912.699549929558997974,4756.200031752797258378,-40763.637233890869538300,-9633.506162103267342900
96659.784308915026485920,7030.137776233562362904,-40464.866856757536879741,-9504.343272705547860824
96926.415772362190182321,7836.993124271467422659,-40329.090696135506732389,-9451.390090995146238129
97193.047235809353878722,8640.883684987982633174,-40178.060894367634318769,-9394.861866888353688410
97940.131994794821366668,10874.959796132578048855,-39674.148778055656293873,-9217.619007070574298268
99019.700750408243038692,14044.547314104333054274,-38738.383863761810061987,-8913.308620899902962265
100217.931670558478799649,17459.792602083205565577,-37418.984379661793354899,-8510.964158340220819809
101297.500426171900471672,20423.425136216585087823,-35985.347398235928267241,-8092.735617576087861380
102044.585185157367959619,22401.312040418171818601,-34862.118344642520241905,-7773.786716968983455445
102311.216648604531656019,23091.412667602657165844,-34436.008352153679879848,-7654.317322619031074282
102577.848112051709904335,23772.783203678627614863,-33996.878260235134803224,-7531.953633379977873119
103324.932871037177392282,25633.257542340208601672,-32698.550044527069985634,-7174.081353523033612873
104404.501626650599064305,28185.945293891545588849,-30652.075341554413171252,-6619.623261620252378634
105602.732546800834825262,30814.141585647699685069,-28158.920636786508111982,-5956.360652411148294050
106682.301302414256497286,32981.271128616666828748,-25728.119246669466519961,-5319.712973192068602657
107429.386061399723985232,34362.138540379441110417,-23951.715641908274847083,-4859.602631592110810743
107696.017524846887681633,34830.484760850398743059,-23300.238549933990725549,-4691.827739875587212737
107962.648988294051378034,35285.666645009092462715,-22639.955365911595436046,-4522.279499812897483935
108709.733747279518865980,36489.494592292256129440,-20745.118754549519508146,-4038.319231872721047694
109789.302502892940538004,38036.992914658665540628,-17899.803540477791102603,-3318.197053710727686848
110987.533423043176298961,39478.434174105859710835,-14612.738680960283090826,-2495.057118715943943243
112067.102178656597970985,40519.545172591439040843,-11555.026898710701061646,-1736.955482174846110865
112814.186937642065458931,41093.462527659612533171,-9395.985224065636430169,-1205.751775417977114557
113080.818401089229155332,41268.859147082788695116,-8618.347516175732380361,-1015.218753476147071524
113347.449864536392851733,41428.662433575926115736,-7837.455052181187966198,-824.302503552005191523
114094.534623521860339679,41792.876857215269410517,-5634.615859570840257220,-287.938648355916257060
115174.103379135282011703,42100.029698286409256980,-2423.626822316733978369,488.220194339696320185
116372.334299285517772660,42135.743593518200214021,1157.016258894826250980,1345.947167538546409560
117451.903054898939444683,41892.737168925479636528,4376.278249694747501053,2110.125954502979766403
118198.987813884406932630,41572.590679440305393655,6589.410900992392271291,2631.588023118693399738
118465.619277331570629030,41428.422680139003205113,7374.876614900032109290,2815.885668700770565920
118732.250740778734325431,41268.604220229892234784,8157.555890428022394190,2999.119373786754749744
119479.335499764201813377,40737.979533268517116085,10333.220209641171095427,3506.274180320534469502
120558.904255377623485401,39758.305942328966921195,13421.341961378844644059,4220.377464998890900461
121757.135175527859246358,38383.098079427712946199,16750.821576166756130988,4982.197545191755125416
122836.703931141280918382,36893.122743946929404046,19641.906183233641058905,5636.199488478296188987
123583.788690126748406328,35727.717385963114793412,21572.466600246021698695,6068.591586655870742106
123850.420153573912102729,35285.948843081052473281,22246.279414246451779036,6218.618276152406906476
124117.051617021075799130,34830.850662672623002436,22911.688410239377844846,6366.295630278642420308
124864.136376006543287076,33486.180213030318554956,24729.229351949910778785,6767.092481301307998365
125943.705131619964959100,31368.782338318214897299,27224.748489243647782132,7310.511853903419250855
127141.936051770200720057,28791.888532382410630817,29796.610799252521246672,7860.535833361365803285
128221.504807383622392081,26281.592395526771724690,31919.739751152595999883,8304.869921445701038465
128968.589566369089880027,24448.187420035796094453,33274.047596712771337479,8582.410341970360605046
129235.221029816253576428,23776.008903617952455534,33733.702563403188833036,8675.340969107090131729
129501.852493263417272829,23094.847728351658588508,34180.612720850091136526,8764.993755066238009022
130248.937252248884760775,21140.638277205856866203,35363.520899128918244969,8998.451836578891743557
131328.506007862306432799,18207.533835808899311814,36886.752911884032073431,9288.498400611977558583
132526.736928012542193756,14820.844888909989094827,38309.651784013803990092,9543.020411968185726437
133606.305683625949313864,11671.996203047581730061,39341.703403962070296984,9710.050891402175693656
134353.390442611445905641,9449.421688540196555550,39913.613822851679287851,9790.484853278851005598
134620.021906058595050126,8649.062196635741202044,40089.137600193069374654,9812.169079707791752298
134886.653369505744194612,7845.434414751712211000,40249.511651437343971338,9830.145006972648843657
135633.738128491240786389,5578.903978332746191882,40617.679834102818858810,9860.707576278744454612
136713.306884104647906497,2276.213483351106333430,40936.639222020225133747,9853.189644778831279837
137911.537804254883667454,-1405.119696111758230472,40993.775498883114778437,9773.404914545284555061
138991.106559868290787563,-4713.504793117427652760,40777.403767216186679434,9637.637745150823320728
139738.191318853787379339,-6987.111916737461797311,40479.657415325746114831,9508.667423998063895851
140004.822782300936523825,-7793.881164081925817300,40344.253708690957864746,9455.784042219194816425
140271.454245748085668311,-8597.704328208990773419,40193.598601351761317346,9399.325803770590937347
141018.539004733582260087,-10831.684728082649598946,39690.743329750555858482,9222.279075450596792507
142098.107760346989380196,-14001.381160046565128141,38756.496220053668366745,8918.245779020362533629
143296.338680497225141153,-17417.085036145541380392,37438.714327915768080857,8516.187842540100973565
144375.907436110632261261,-20381.414126650943217101,36006.425278839931706898,8098.187845424750776147
145122.992195096128853038,-22359.930202618623297894,34884.043541113896935713,7779.375269311180090881
145389.623658543277997524,-23050.283926709143997869,34458.215016551999724470,7659.949295320764576900
145656.255121990456245840,-23731.920405818727886071,34019.355280301839229651,7537.626315543336204428
146403.339880975952837616,-25593.205815543973585591,32721.719805569122399902,7179.852442728289133811
147482.908636589359957725,-28147.222667242134775734,30676.055250560595595744,6625.491060087694677350
148681.139556739595718682,-30777.062617529227281921,28183.507529147467721486,5962.267790247688935779
149760.708312353002838790,-32945.777883018061402254,25752.963357308643026045,5325.589559512285632081
150507.793071338499430567,-34327.772581960140087176,23976.571009491592121776,4865.420910690751952643
150774.424534785648575053,-34796.522936761692108121,23325.064866254855587613,4697.617964884123466618
151041.055998232797719538,-35252.109964219831454102,22664.733328807582438458,4528.037408795904411818
151788.140757218294311315,-36457.065363747598894406,20769.667679145455622347,4043.966473629966003500
152867.709512831701431423,-38006.148132720627472736,17923.775951403615181334,3323.632278196213064803
154065.940432981937192380,-39449.234724077985447366,14635.735111625202989671,2500.187338703318346234
155145.509188595344312489,-40491.670704492964432575,11576.865949087617991609,1741.755632893045230958
155892.593947580840904266,-41066.394420782024099026,9416.877931065439042868,1210.295625225503044931
156159.225411027990048751,-41242.053430524945724756,8638.877193231019191444,1019.666544741156258169
156425.856874475139193237,-41402.104927818443684373,7857.608754711717665487,828.651931579203733236
157172.941633460635785013,-41766.934613031466142274,5653.651737960848549847,292.001414327639395196
158252.510389074042905122,-42074.749512881826376542,2440.899869265933375573,-484.595172979767426114
159450.741309224278666079,-42110.853055811945523601,-1141.848652526912246685,-1342.826519940197840697
160530.310064837685786188,-41867.864006367177353241,-4363.098392999098905420,-2107.465532837959472090
161277.394823823182377964,-41547.538047874266339932,-6577.621182441464043222,-2629.240624520131859754
161544.026287270331522450,-41403.267206070129759610,-7363.584844128478835046,-2813.648635449853827595
161810.657750717480666935,-41243.325539069068327080,-8146.760934478691524419,-2996.991500317390091368
162557.742509702977258712,-40712.247606201832240913,-10323.803753935544591513,-3504.443980402342731395
163637.311265316384378821,-39731.638370131884585135,-13413.862754525089258095,-4218.951562373341403145
164835.542185466620139778,-38355.019559119282348547,-16745.351344327835249715,-4981.169586655153580068
165915.110941080027259886,-36863.457419610647775698,-19638.069625670177629218,-5635.473341034140503325
166662.195700065523851663,-35696.796389132614422124,-21569.633015437695576111,-6068.036321526239589730
166928.827163512672996148,-35254.551294713739480358,-22243.775042315235623391,-6218.115739569479046622
167195.458626959822140634,-34798.961622004491800908,-22909.498531587254547048,-6365.841582187477797561
167942.543385945318732411,-33452.843004042159009259,-24727.832261512194236275,-6766.749581173698970815
169022.112141558725852519,-31333.185789955648942851,-27224.254366983936051838,-7310.262907458713016240
170220.343061708961613476,-28753.612349588689539814,-29796.742222241544368444,-7860.291066726547796861
171299.911817322368733585,-26240.804934660231083399,-31920.070617805246001808,-8304.534745810855383752
172046.996576307865325361,-24405.635937267888948554,-33274.308482060216192622,-8581.959876962682756130
172313.628039755014469847,-23732.826270739496976603,-33733.897032500855857506,-8674.838984147931114421
172580.259503202163614333,-23051.034733744141703937,-34180.718679524899926037,-8764.434775525118311634
173327.344262187660206109,-21095.070050101941887988,-35363.261459535773610696,-8997.704306777512101689
174406.913017801067326218,-18159.491163322960346704,-36885.661017383317812346,-9287.404696402250920073
175605.143937951303087175,-14770.196825912795247859,-38307.229299179256486241,-9541.445962977270028205
176684.712693564710207283,-11619.191928582165928674,-39337.734056613007851411,-9707.962944660039283917
177431.797452550206799060,-9395.260119943295649136,-39908.395402383976033889,-9788.001466927687943098
177698.428915997355943546,-8594.445983865338348551,-40083.440604162577074021,-9809.537361635417255457
177965.060379444505088031,-7790.380384990061429562,-40243.319685375921835657,-9827.361416346142505063
178712.145138430001679808,-5522.713776769961441460,-40610.019345311993674841,-9857.481042318051549955
179791.713894043408799917,-2218.646357427781367733,-40926.665353938180487603,-9849.283858940460049780
180989.944814193644560874,1463.813984626146520895,-40981.019721005504834466,-9768.704569036661268910
182069.513569807051680982,4772.821092776646764833,-40762.003979791654273868,-9632.199600057374482276
182816.598328792548272759,7046.629811177100236819,-40462.381510642655484844,-9502.714274809877679218
183083.229792239697417244,7853.426091629488837498,-40326.303064966356032528,-9449.647207787613297114
183349.861255686846561730,8657.251842862095145392,-40174.971963720374333207,-9393.005729163305659313
184096.946014672343153507,10891.111230431319199852,-39670.222819627902936190,-9215.449615579140299815
185176.514770285750273615,14060.302773816858461942,-38733.269578149796871003,-8910.698133797626724117
186374.745690435986034572,17474.996607336819579359,-37412.588064474490238354,-8507.882971322918820078
187454.314446049393154681,20438.031235412403475493,-35977.838446029527403880,-8089.250640101410681382
188201.399205034889746457,22415.449710368637170177,-34853.867358922456332948,-7770.035104878626043501
188468.030668482038890943,23105.374240046883642208,-34427.497622269256680738,-7650.472996971308930370
188734.662131929188035429,23786.562523808250261936,-33988.111566496299928986,-7528.018204632810011390
189481.746890914684627205,25646.496278850943781435,-32689.086076296887767967,-7169.899223695650107402
190561.315646528091747314,28198.344000784483796451,-30641.646421132692921674,-6615.104696885943667439
191759.546566678327508271,30825.514612301452871179,-28147.498949762557458598,-5951.502190570130551350
192839.115322291734628379,32991.644022168431547470,-25715.878972197868279181,-5314.580334896209024009
193586.200081277231220156,34371.782172569626709446,-23938.951922370553802466,-4854.298499503166567592
193852.831544724380364642,34839.860199373695650138,-23287.298318474699044600,-4686.466500220521083975
194119.463008171529509127,35294.770350103040982503,-22626.843591043190826895,-4516.863197542807938589
194866.547767157026100904,36497.820402940218627919,-20731.550946363135153661,-4032.759105284738325281
195946.116522770433221012,38044.152465771512652282,-17885.646909475333814044,-3312.458011398638973333
197144.347442920668981969,39484.248391713634191547,-14598.029409330727503402,-2489.160681957994711411
198223.916198534076102078,40524.106961594261520077,-11539.921516872165739187,-1730.957173353418511397
198971.000957519572693855,41097.142373300273902714,-9380.654591842701847781,-1199.703260442457349200
199237.632420966721838340,41272.221039946845849045,-8602.948994044521896285,-1009.157032657769946127
199504.263884413870982826,41431.705420871825481299,-7821.992920560748643766,-818.229491363804527282
200251.348643399367574602,41795.019793066116108093,-5619.010567896464635851,-281.847180334270831281
201330.917399012774694711,42100.861653983840369619,-2407.896989508257320267,494.306299593683945659
202529.148319163010455668,42135.115063447396096308,1172.772056829384837329,1351.983640260622451024
203608.717074776417575777,41890.796651897253468633,4391.954164409613440512,2116.078182513633237249
204355.801833761914167553,41569.748747748097230215,6604.975190469330300402,2637.460461836491958820
204622.433297209063312039,41425.260952923272270709,7390.389781667002353061,2821.725379763635828567
204889.064760656241560355,41265.123943888189387508,8173.011840463734188234,3004.924096381002527778
205636.149519641738152131,40733.614462010482384358,10348.483674559678547666,3511.968967430742395663
206715.718275255145272240,39752.683387109653267544,13436.255433678217741544,4225.885489934276847634
207913.949195405381033197,38376.121147979989473242,16765.235661644743231591,4987.457713397525367327
208993.517951018788153306,36884.971330988344561774,19655.774237305930000730,5641.201505475187332195
209740.602710004284745082,35718.784505517025536392,21585.902734792613046011,6073.395925893994899525
210007.234173451433889568,35276.743060333392350003,22259.552288851285993587,6223.348721462979483476
210273.865636898583034053,34821.375640979684249032,22924.792784338598721661,6370.950345053765886405
211020.950395884079625830,33475.967847895393788349,24741.838718018665531417,6771.526456090465217130
212100.519151497486745939,31357.557844967326673213,27236.577199670035042800,7314.603855527589985286
213298.750071647722506896,28779.624553277270024410,29807.484712031717208447,7864.218090841540288238
214378.318827261129627004,26268.475276317716634367,31929.679497414072102401,8308.158316911154543050
215125.403586246626218781,24434.525174674537993269,33283.306395662191789597,8585.414511046021289076
215392.035049693775363266,23762.161536628063913668,33742.711795564813655801,8678.241541205927205738
215658.666513140924507752,23080.820630636928399326,34189.368871944512648042,8767.789611856493138475
216405.751272126421099529,21126.135808529608766548,35371.550748360663419589,9000.948813634704492870
217485.320027739828219637,18192.416248188441386446,36893.693819526641163975,9290.551022653969994280
218683.550947890063980594,14805.155972780759839225,38315.332412780349841341,9544.564729888083093101
219763.119703503471100703,11655.896334368319003261,39346.210217650201229844,9711.126850506389018847
220510.204462488967692479,9433.096569196823111270,39917.291195007739588618,9791.232559224121359875
220776.835925936116836965,8632.669108551241151872,40092.516021695526433177,9812.799026682083422202
221043.467389383265981451,7828.978596207040936861,40252.590054250053071883,9830.656982508435248747
221790.552148368762573227,5562.305406266897989553,40619.911737372611241881,9860.888102926066494547
222870.120903982169693336,2259.494850973796019389,40937.636732933533494361,9852.890473282810489764
224068.351824132405454293,-1421.849216697472229498,40993.395666743810579646,9772.575555887606242322
225147.920579745812574401,-4730.129854171197621326,40775.785493627758114599,9636.336211275873210980
225895.005338731309166178,-7003.605186833602601837,40477.187731939673540182,9507.043709224550184445
226161.636802178458310664,-7810.316376730774209136,40341.481700399323017336,9454.046413264290094958
226428.268265625607455149,-8614.075018791527327267,40190.525356901060149539,9397.474933722804053104
227175.353024611104046926,-10847.842513414438144537,39686.832407521520508453,9220.114710900928912451
228254.921780224511167035,-14017.145708724634459941,38751.396189197796047665,8915.640069533919813694
229453.152700374746927992,-17432.302878268892527558,37432.330076860926055815,8513.110782885351000004
230532.721455988154048100,-20396.038815143976535182,35998.925264722791325767,8094.706110899349368992
231279.806214973650639877,-22374.091876812202826841,34875.797425547563761938,7775.625772904409132025
231546.437678420799784362,-23064.269041910640225979,34449.709003719246538822,7656.107053694267051469
231813.069141867948928848,-23745.723737260221241741,34010.592549448272620793,7533.692771248164717690
232560.153900853445520625,-25606.472357405786169693,32712.255630811905575683,7175.671080889736913377
233639.722656466852640733,-28159.642768465531844413,30665.629006459988886490,6620.974079352266926435
234837.953576617088401690,-30788.452211562980664894,28172.091078941681189463,5957.411602976922040398
235917.522332230495521799,-32956.167414579773321748,25740.726443636136536952,5320.458703334548772546
236664.607091215992113575,-34337.432013699050003197,23963.810305690265522571,4860.118471339353163785
236931.238554663141258061,-34805.914666759963438381,23312.126406100625899853,4692.258097975996861351
237197.870018110290402547,-35261.230613372194056865,22651.621747228538879426,4522.622075549693363428
237944.954777095786994323,-36465.407177049615711439,20756.099580450856592506,4038.407199225434396794
239024.523532709194114432,-38013.325529098430706654,17909.611828087192407111,3317.892286924695326888
240222.754452859429875389,-39455.063853855543129612,14621.019337714653374860,2494.290240132849703514
241302.323208472836995497,-40496.246514701946580317,11561.749994081072145491,1735.755700144230331716
242049.407967458333587274,-41070.085730039718328044,9401.540594933177999337,1204.246477283234980860
242316.039430905482731760,-41245.426233098660304677,8623.472223361262877006,1013.604267936699898200
242582.670894352631876245,-41405.158205658583028708,7842.140848469999582449,822.578542691423081124
243329.755653338128468022,-41769.086066306052089203,5638.043957591424259590,285.910412769401432342
244409.324408951535588130,-42075.588213702416396700,2425.170184095818513015,-490.680105610003522543
245607.555329101771349087,-42110.229835172234743368,-1157.600490584912222403,-1348.860818393611680222
246687.124084715178469196,-41865.927603528332838323,-4378.770917936211844790,-2113.415626956685173354
247434.208843700675060973,-41544.699262351066863630,-6593.182872667856827320,-2635.111038505855958647
247700.840307147824205458,-41400.108455951689393260,-7379.094640176718712610,-2819.486111114494633512
247967.471770594973349944,-41239.847702731909521390,-8162.214589417450042674,-3002.794208468171746063
248714.556529580469941720,-40707.883030284952837974,-10339.068592221630751737,-3510.137512303311268624
249794.125285193877061829,-39726.016410143296525348,-13428.772504485887111514,-4224.457001672710248386
250992.356205344112822786,-38348.042188484832877293,-16759.760612500653223833,-4986.426737633643824665
252071.924960957519942895,-36855.306635829700098839,-19651.928499474288400961,-5640.471181126054034394
252819.009719943016534671,-35687.860998098520212807,-21583.063725607258675154,-6072.837197575290701934
253085.641183390165679157,-35245.342223443149123341,-22257.043089229293400422,-6222.842806072630082781
253352.272646837314823642,-34789.482929441495798528,-22922.598044520487746922,-6370.492861259056553536
254099.357405822811415419,-33442.627610900373838376,-24740.434413324623164954,-6771.179461349312077800
255178.926161436218535528,-31321.959624718645500252,-27236.072618141894054133,-7314.349905263828077295
256377.157081586454296485,-28741.345687867873493815,-29807.605179037498601247,-7863.967986943065625383
257456.725837199861416593,-26227.682884775455022464,-31929.999918341934971977,-8307.817699361023187521
258203.810596185358008370,-24391.967393791412177961,-33283.556813334987964481,-8584.958448622870491818
258470.442059632507152855,-23718.973678902540996205,-33742.894709056665305980,-8677.733685210607291083
258737.073523079656297341,-23037.002024664139753440,-34189.463189476533443667,-8767.224690770288361819
259484.158282065152889118,-21080.562808946222503437,-35371.278264756598218810,-9000.194917863142109127
260563.727037678560009226,-18144.373912738428771263,-36892.585294355958467349,-9289.450073641948620207
261761.957957828795770183,-14754.512431658627974684,-38312.891021969408029690,-9542.982445892854229896
262841.526713442231994122,-11603.101184619263221975,-39342.220372903517272789,-9709.030684877478051931
263588.611472427670378238,-9378.943492790398522629,-39912.052480342375929467,-9788.740914189515024191
263855.242935874848626554,-8578.060172475832587224,-40086.798990730545483530,-9810.159057536520776921
264121.874399322026874870,-7773.931416511244606227,-40246.378112763079116121,-9827.865121958500822075
264868.959158307465258986,-5506.124434107041452080,-40612.230865209123294335,-9857.653206562186824158
265948.527913920930586755,-2201.940491633590227138,-40927.642313984310021624,-9848.976314117509900825
267146.758834071108140051,1480.528853639839780953,-40980.619698725757189095,-9767.866931973878308781
268226.327589684573467821,4789.428375797465378128,-40760.366256274355691858,-9630.890035956075735157
268973.412348670011851937,7063.109605462954277755,-40459.892127341750892811,-9501.082369665964506567
269240.043812117190100253,7869.847360921358813357,-40323.511509799027408008,-9447.901443240456501371
269506.675275564368348569,8673.608426980499643832,-40171.879282841968233697,-9391.146761954847534071
270253.760034549806732684,10907.258266752058261773,-39666.291823032457614318,-9213.276945980927848723
271333.328790163272060454,14076.058425321429240284,-38728.148870734992669895,-8908.083993017497050459
272531.559710313449613750,17490.202477275528508471,-37406.184288908822054509,-8504.797934956546669127
273611.128465926914941519,20452.637132156185543863,-35970.322633700852748007,-8085.762108959477700409
274358.213224912353325635,22429.589525816838431638,-34845.607834066940995399,-7766.279553433099863469
274624.844688359531573951,23119.337684624304529279,-34418.978361491717805620,-7646.624769198278954718
274891.476151806709822267,23800.344273426035215380,-33979.335809951335249934,-7524.078761342673715262
275638.560910792148206383,25659.742425131211348344,-32679.608809774981637020,-7165.712024139525965438
276718.129666405613534153,28210.739254166168393567,-30631.212098132298706332,-6610.583359620706687565
277916.360586555791087449,30836.880060803887317888,-28136.075878126364841592,-5946.642179886904159503
278995.929342169256415218,33002.007702446120674722,-25703.639703264998388477,-5309.446912327540303522
279743.014101154694799334,34381.414867548308393452,-23926.192090908101818059,-4848.994425859140392276
280009.645564601873047650,34849.225950044907222036,-23274.360496797053201590,-4681.104973253284697421
280276.277028049051295966,35303.865327392617473379,-22613.733037960053479765,-4511.446339460852868797
281023.361787034489680082,36506.137313271385210101,-20717.985192380059743300,-4027.198741216678172350
282102.930542647955007851,38051.302298083704954479,-17871.494986277710268041,-3306.719558110488378588
283301.161462798132561147,39490.051832669618306682,-14583.329507024533086224,-2483.266171668951301399
284380.730218411597888917,40528.661229628211003728,-11524.817869166507080081,-1724.959060685829172144
285127.814977397036273032,41100.813839401380391791,-9365.330156105153946555,-1193.656157144794860869
285394.446440844214521348,41275.574884041663608514,-8587.555853958334409981,-1003.096565346134184438
285661.077904291392769665,41434.740260481143195648,-7806.537385650337455445,-812.158071096827598012
286408.162663276831153780,41797.155118713730189484,-5603.411123497117841907,-275.757238292796614587
287487.731418890296481550,42101.686807152866094839,-2392.167834979284180008,500.391952496834278463
288685.962339040474034846,42134.479872566851554438,1188.525440494227495947,1358.019045628405137904
289765.531094653939362615,41888.849574104911880568,4407.628323559533782827,2122.029322332698484388
290512.615853639377746731,41566.900678926205728203,6620.535676565373250924,2643.331209592758568760
290779.247317086555995047,41422.093366907771269325,7405.898036495677843050,2827.563098027963405912
291045.878780533792451024,41261.637721987965051085,8188.463668679538386641,3010.726969646311772522
291792.963539519230835140,40729.243035735606099479,10363.745167612838486093,3517.662289209093160025
292872.532295132696162909,39747.056820106161467265,13451.160597832344137714,4231.390423611061123665
294070.763215282873716205,38369.141983801899186801,16779.639056451396754710,4992.714084910508972825
295150.331970896339043975,36876.817443783882481512,19669.633514500641467748,5646.200022591436209041
295897.416729881777428091,35709.847740866767708212,21599.333006607492279727,6078.197324466835198109
296164.048193328955676407,35267.533169864444062114,22272.819761368806211976,6228.076295147202472435
296430.679656776133924723,34811.895814233008422889,22937.892856238209787989,6375.602398713785987638
297177.764415761572308838,33465.751954822859261185,24754.442279412804055028,6775.957347732810376328
298257.333171375037636608,31346.331934155408816878,27248.398155521987064276,7318.692232247311949322
299455.564091525215189904,28767.355314299886231311,29818.355009939747105818,7867.897485850093289628
300535.132847138680517673,26255.347509988449019147,31939.619753613256762037,8311.444594843011145713
301282.217606124118901789,24420.852917870255623711,33292.564732540406112093,8588.416280533790995833
301548.849069571297150105,23748.305493144027423114,33751.719504987093387172,8681.139471914641035255
301815.480533018475398421,23066.785031634732149541,34198.123258826686651446,8770.582752717258699704
302562.565292003913782537,21111.627075271768262610,35379.577212733056512661,9003.442688681436266052
303642.134047617379110307,18177.299945792052312754,36900.627494547879905440,9292.599745210596665856
304840.364967767556663603,14789.469803534346283413,38321.005675203436112497,9546.105092977399181109
305919.933723381021991372,11639.801548782852478325,39350.709420382001553662,9712.198816131580315414
306667.018482366460375488,9416.778931819229910616,39920.960793990365345962,9791.976275013406848302
306933.649945813638623804,8616.283588010584935546,40095.886830870629637502,9813.425019130423606839
307200.281409260816872120,7812.530651080656753038,40255.660962193920568097,9831.165035155039731762
307947.366168246255256236,5545.717734439894229581,40622.136223210327443667,9861.064795100686751539
309026.934923859720584005,2242.794899603578869574,40938.627261951434775256,9852.587771556558436714
310225.165844009898137301,-1438.560010813903545568,40993.010441485981573351,9771.743067230603628559
311304.734599623363465071,-4746.742610172398599389,40774.162557676158030517,9635.031591225269949064
312051.819358608801849186,-7020.086919187151579536,40474.713872066779003944,9505.417035803619000944
312318.450822055980097502,-7826.739627268557342177,40338.705789295243448578,9452.305914506541739684
312585.082285503158345819,-8630.432873889156326186,40187.448587428560131229,9395.621319954891077941
313332.167044488596729934,-10863.985986346471690922,39682.918953518790658563,9217.947919930511488928
314411.735800102062057704,-14032.895714409771244391,38746.294719263103615958,8913.032273151593471994
315609.966720252239611000,-17447.496314234227611450,37425.949845677670964506,8510.033289160146523500
316689.535475865704938769,-20410.638496162246156018,35991.431614226130477618,8091.224617408734957280
317436.620234851143322885,-22388.224705538406851701,34867.561508105078246444,7771.877608378126751631
317703.251698298321571201,-23078.225346564318897435,34441.213831919340009335,7652.266325254669936839
317969.883161745499819517,-23759.498047566019522492,34001.841476074652746320,7529.760969914619636256
318716.967920730938203633,-25619.708090742962667719,32702.806434228594298474,7171.492387120655621402
319796.536676344403531402,-28172.037067331035359530,30655.216796425022039330,6616.459544781131626223
320994.767596494581084698,-30799.824229821570042986,28160.683637738387915306,5952.556607202472150675
322074.336352108046412468,-32966.537011499647633173,25728.503606844089517836,5315.330462519930733833
322821.421111093484796584,-34347.071242633901420049,23951.066149503563792678,4854.819354541992652230
323088.052574540663044900,-34815.286640710299252532,23299.204699093606905080,4686.901631205122612300
323354.684037987841293216,-35270.331288341156323440,22638.528098609662265517,4517.210470529275880835
324101.768796973279677331,-36473.731439416871580761,20742.548082165132655064,4032.851387225761754962
325181.337552586745005101,-38020.482811311732803006,17895.473548473888513399,3312.158205872875896603
326379.568472736922558397,-39460.876297495255130343,14606.328286723604833242,2488.398891468958026962
327459.137228350387886167,-40500.807761590505833738,11546.659668998454435496,1729.761860098612487491
328206.221987335826270282,-41073.764637107917224057,9386.226612133019443718,1198.202948196764737077
328472.853450783004518598,-41248.787231993599561974,8608.090229072380680009,1007.547549541342732482
328739.484914230182766914,-41408.200093381448823493,7826.696372941230947617,816.510855865486405492
329486.569673215621151030,-41771.228722158550226595,5622.450928612042844179,279.823097472333529367
330566.138428829086478800,-42076.419775689617381431,2409.447920310882636841,-496.762964258778538351
331764.369348979264032096,-42109.599869961522927042,-1173.353069669271917519,-1354.894802823360350885
332843.938104592729359865,-41863.984703017842548434,-4394.441325331686130085,-2119.364548135944914975
333591.022863578167743981,-41541.854449514663428999,-6608.740207654366713541,-2640.979632425810450513
333857.654327025345992297,-41396.943426678852119949,-7394.601748523411515635,-2825.322115654612844082
334124.285790472524240613,-41236.364017010688257869,-8177.663721047238141182,-3008.594973737436248484
334871.370549457962624729,-40703.514001136165461503,-10354.324532450258629979,-3515.827969771590687742
335950.939305071427952498,-39720.391218607910559513,-13443.671785472040937748,-4229.958852466080315935
337149.170225221605505794,-38341.065694201184669510,-16774.152506585014634766,-4991.678571800837744377
338228.738980835070833564,-36847.155273768497863784,-19665.775226557212590706,-5645.464763338415650651
338975.823739820509217680,-35678.926825427675794344,-21596.480591002655273769,-6077.633352669055966544
339242.455203267687465996,-35236.134908431427902542,-22270.296944849549618084,-6227.565046838908529026
339509.086666714865714312,-34780.006018418200255837,-22935.683788694823306287,-6375.139381393826624844
340256.171425700304098427,-33432.415574994847702328,-24753.021928456881141756,-6775.604320161904979614
341335.740181313769426197,-31310.737999005130404839,-27247.876583575194672449,-7318.431867106260142464
342533.971101463946979493,-28729.082041089623089647,-29818.456891269197512884,-7867.640429697967192624
343613.539857077412307262,-26214.559653354099282296,-31939.922256328307412332,-8311.096988007930121967
344360.624616062850691378,-24378.301010367980779847,-33292.796108364564133808,-8587.952878641970528406
344627.256079510028939694,-23705.121975070862390567,-33751.884372111962875351,-8680.624435027895742678
344893.887542957207188010,-23022.971779646257346030,-34198.198807302382192574,-8770.010463484903084463
345640.972301942645572126,-21066.057641422048618551,-35379.286847808609309141,-9002.681481621526472736
346720.541057556110899895,-18129.254268350032361923,-36899.503965977550251409,-9291.491847181263437960
347918.771977706288453192,-14738.823328220169059932,-38318.548024384435848333,-9544.515417695794894826
348998.340733319753780961,-11587.002466960551828379,-39346.702677430621406529,-9710.094961112099554157
349745.425492305192165077,-9362.622808500398605247,-39915.704299572666059248,-9789.476679971836347249
350012.056955752370413393,-8561.672274956066758023,-40090.151656922091206070,-9810.777006626196452999
350278.688419199548661709,-7757.481546425308806647,-40249.430580598898814060,-9828.365049452346283942
351025.773178184987045825,-5489.536777340595108399,-40614.436086204303137492,-9857.821570531123143155
352105.341933798452373594,-2185.237774908916435379,-40928.613062057891511358,-9848.665029231986409286
353303.572853948629926890,1497.241102019533855128,-40980.213705684946035035,-9767.025618209543608828
354383.141609562095254660,4806.042548915173938440,-40758.721698143403045833,-9629.576378736801416380
355130.226368547533638775,7079.587765100890464964,-40457.396836591316969134,-9499.446841259770735633
355396.857831994711887091,7886.267122955689046648,-40320.714026848429057281,-9446.152059908161390922
355663.489295441890135407,8689.963349554074738990,-40168.780702365940669551,-9389.284200080375740072
356410.574054427328519523,10923.398297362073208205,-39662.356277518010756467,-9211.101182976583004347
357490.142810040793847293,14091.801812904206599342,-38723.025790837738895789,-8905.467485886547365226
358688.373730190971400589,17505.390365114260930568,-37399.781577161782479379,-8501.711595868604490533
359767.942485804436728358,20467.233706632465327857,-35962.804652320672175847,-8082.271380072398642369
360515.027244789875112474,22443.719887655792263104,-34837.346613734633137938,-7762.521996631477122719
360781.658708237053360790,23133.291413411687244661,-34410.457716180557326879,-7642.774645504860927758
361048.290171684231609106,23814.116107941357768141,-33970.558953470208507497,-7520.137524348579063371
361795.374930669669993222,25672.977110346302652033,-32670.132040694767056266,-7161.523537373119324911
362874.943686283135320991,28223.128811672620940953,-30620.774132273134455318,-6606.059729346336098388
364073.174606433312874287,30848.241885904189985013,-28124.647116719359473791,-5941.779491017768123129
365152.743362046778202057,33012.369123241536726709,-25691.392758308196789585,-5304.310452579093180248
365899.828121032216586173,34391.044470356275269296,-23913.425222720303281676,-4843.687598452700513008
366166.459584479394834489,34858.587488044991914649,-23261.417078266429598443,-4675.741105401455570245
366433.091047926573082805,35312.955498937866650522,-22600.617668471037177369,-4506.027382555872463854
367180.175806912011466920,36514.450590506021399051,-20704.412422983943542931,-4021.635836939382443234
368259.744562525476794690,38058.449563164511346258,-17857.332973195658269105,-3300.977972417264481919
369457.975482675654347986,39495.853492481968714856,-14568.615319218715740135,-2477.367699988242293330
370537.544238289119675756,40533.212011699353752192,-11509.701931149660595111,-1718.957687074086152279
371284.628997274558059871,41104.481943345177569427,-9349.990161872139651678,-1187.605133543906731575
371551.260460721736308187,41278.924840746716654394,-8572.148221063886012416,-997.032491282084379236
371817.891924168914556503,41437.770788207184523344,-7791.068134238404127245,-806.083285905871434807
372564.976683154352940619,41799.285112814795866143,-5587.800128758722166822,-269.664602759808985866
373644.545438767818268389,42102.505336724992957897,-2376.434720327538798301,506.478265752642244024
374842.776358917995821685,42133.837629016052233055,1204.285484624628224992,1364.055543409889878603
375922.345114531461149454,41886.895136609309702180,4423.307029698420592467,2127.980859982626952842
376669.429873516899533570,41564.045187058844021522,6636.099422770381352166,2649.201922172468584904
376936.061336964077781886,41418.918057417366071604,7421.410672894045092107,2833.400998192532370012
377202.692800411256030202,41258.144054706608585548,8203.918088787148008123,3016.529560249126916460
377949.777559396694414318,40724.864187627230421640,10379.008386730254642316,3523.355001634419295442
379029.346315010159742087,39741.422022909697261639,13466.068954035126807867,4236.894909049651687383
380227.577235160337295383,38362.156492628470005002,16794.040449382468068507,4997.968633531618252164
381307.145990773802623153,36868.660543069760024082,19683.484903406606463250,5651.195237855167761154
382054.230749759241007268,35700.908477606368251145,21612.755201767762628151,6082.995286903950727719
382320.862213206419255584,35258.320970997781842016,22286.079092611082160147,6232.800386575092488783
382587.493676653597503901,34802.414486269706685562,22950.983846636248927098,6380.250730751692572085
383334.578435639035888016,33455.537984981419867836,24767.033037988683645381,6780.383619882261882594
384414.147191252501215786,31335.109738753108103992,27260.205738247863337165,7322.775770133126570727
385612.378111402678769082,28755.093824038744060090,29829.209764332314080093,7871.571495042443530110
386691.946867016144096851,26242.229037077031534864,31949.544914596910530236,8314.725528325619961834
387439.031626001582480967,24407.191161024871689733,33301.808261033125745598,8591.412739495215646457
387705.663089448760729283,23734.458063868296449073,33760.714077508746413514,8684.032422051213870873
387972.294552895938977599,23052.758455491311906371,34206.864590295481320936,8773.370921760011697188
388719.379311881377361715,21097.125968632033618633,35387.592349677506717853,9005.931914756061814842
389798.948067494842689484,18162.186654347882722504,36907.553088881926669274,9294.644409533162615844
390997.178987645020242780,14773.790492062809789786,38326.670011889080342371,9547.641233510894380743
392076.747743258485570550,11623.715375199544723728,39355.199967417283914983,9713.266629277890388039
392823.832502243923954666,9400.466391416213809862,39924.623127961276622955,9792.716062578394485172
393090.463965691102202982,8599.901799288678375888,40099.250790960977610666,9814.047142981527940719
393357.095429138280451298,7796.087911720754163980,40258.724841242023103405,9831.669209612267877674
394104.180188123718835413,5529.137620940628039534,40624.353704148306860588,9861.237668015974122682
395183.748943737184163183,2226.090579853996132442,40939.612106535430939402,9852.281264333607396111
396381.979863887361716479,-1455.273508279989982839,40992.619200032480875961,9770.906755146359500941
397461.548619500827044249,-4763.352963210327288834,40772.533876319772389252,9633.723375050478352932
398208.633378486265428364,-7036.564825049495084386,40472.234560495897312649,9503.786903684249409707
398475.264841933443676680,-7843.158776741186557047,40335.924522475674166344,9450.561999623436349793
398741.896305380621924996,-8646.788587923882005271,40184.366125925080268644,9393.764173010087688453
399488.981064366060309112,-10880.129743446475913515,39678.999211500158708077,9215.777433332885266282
400568.549819979525636882,-14048.646730654443672393,38741.186501405136368703,8910.420724747762506013
401766.780740129703190178,-17462.698373579441977199,37419.559170890701352619,8506.951060568728280487
402846.349495743168517947,-20425.240541688068333315,35983.929700940432667267,8087.739169835986103863
403593.434254728606902063,-22402.361322427917912137,34859.316033884831995238,7768.125219522278712247
403860.065718175785150379,-23092.186334066191193415,34432.708333222675719298,7648.421193683193450852
404126.697181623021606356,-23773.277992967850877903,33993.079210824427718762,7525.824563180843142618
404873.781940608459990472,-25632.954455038812739076,32693.341560081935313065,7167.307971949310740456
405953.350696221925318241,-28184.440694983062712708,30644.788064827895141207,6611.939251299781062698
407151.581616372102871537,-30811.201163935067597777,28149.261846055527712451,5947.696641632546743494
408231.150371985568199307,-32976.916181234453688376,25716.258923151461203815,5310.195490251940100279
408978.235130971006583422,-34356.721483024492044933,23938.295966765163029777,4849.512578490619489457
409244.866594418184831738,-34824.669042562898539472,23286.256826340297266142,4681.537526534079916019
409511.498057865363080055,-35279.441843193955719471,22625.408104565798566910,4511.791238832830458705
410258.582816850801464170,-36482.063640226282586809,20728.970444575199508108,4027.288162116404691915
411338.151572464266791940,-38027.644970926710811909,17881.310387400910258293,3306.417261673335815431
412536.382492614444345236,-39466.689928339525067713,14591.615662934436841169,2482.501760688985086745
413615.951248227909673005,-40505.368618714361218736,11531.547101620792091126,1723.762297710586608446
414363.036007213348057121,-41077.441823226406995673,9370.890767017313919496,1192.153947575956408400
414629.667470660526305437,-41252.146275966093526222,8592.685457933288489585,1001.485191908683646034
414896.298934107704553753,-41411.239691412338288501,7811.228535898753762012,810.437443697359867656
415643.383693093142937869,-41773.366927560586191248,5606.840952707415453915,273.731774102546182803
416722.952448706608265638,-42077.245182566839503124,2393.715643518233719078,-502.847944208747719586
417921.183368856785818934,-42108.963131025440816302,-1189.108454047973737033,-1360.928964628090398037
419000.752124470251146704,-41862.034767331140756141,-4410.114759286546359363,-2125.313511850118175062
419747.836883455689530820,-41539.001670463279879186,-6624.304773233894593432,-2646.849127490461796697
420014.468346902867779136,-41393.770524080151517410,-7410.114771766230660432,-2831.158665169726191380
420281.099810350046027452,-41232.871910713089164346,-8193.120666141057881759,-3014.396680900792489410
421028.184569335484411567,-40699.134978651491110213,-10369.592130025934238802,-3521.520128623772507126
422107.753324948949739337,-39714.754822263515961822,-13458.582898824033691199,-4235.462246385872276733
423305.984245099127292633,-38334.074817387539951596,-16788.560010885830706684,-4996.932591636236793420
424385.553000712592620403,-36838.991004464747675229,-19679.631801968589570606,-5650.459035143097025866
425132.637759698031004518,-35669.978707276852219366,-21609.907473797346028732,-6082.430108912445575697
425399.269223145209252834,-35226.913426306542532984,-22283.560616549049882451,-6232.287799395832735172
425665.900686592387501150,-34770.514593928921385668,-22948.779325268351385603,-6379.786363844355037145
426412.985445577825885266,-33422.186108139016141649,-24765.621570703980978578,-6780.030030614933821198
427492.554201191291213036,-31299.498820656855968991,-27259.690529357390914811,-7322.514035176825927920
428690.785121341468766332,-28716.805337204812531127,-29829.312294740673678461,-7871.311558224659165717
429770.353876954934094101,-26201.425151831976108951,-31949.845754101359489141,-8314.374296887051968952
430517.438635940372478217,-24364.619031533962697722,-33302.038984009661362506,-8590.945732184933149256
430784.070099387550726533,-23691.254933809232170461,-33760.877117569616530091,-8683.513473728235112503
431050.701562834728974849,-23008.924362673275027191,-34206.938368630588229280,-8772.794663154292720719
431797.786321820167358965,-21051.535556069437006954,-35387.298243216420814861,-9005.166152987183522782
432877.355077433632686734,-18114.123226359879481606,-36906.421521871387085412,-9293.530860530574500444
434075.585997583810240030,-14723.125167558482644381,-38324.202176659455290064,-9546.045213839430289227
435155.154753197275567800,-11570.898137642612709897,-39351.180569980482687242,-9711.155736650707694935
435902.239512182713951916,-9346.295026490466625546,-39919.351824451950960793,-9790.208916609521111241
436168.870975629892200232,-8545.275251891260268167,-40093.500336731427523773,-9811.391443463935502223
436435.502439077070448548,-7741.023377127837193257,-40252.478753770432376768,-9828.861407898744801059
437182.587198062508832663,-5472.939423939123116725,-40616.636805299509433098,-9857.986273446544146282
438262.155953675974160433,-2168.521428706799270003,-40929.578819941190886311,-9848.349868125133070862
439460.386873826151713729,1513.959499950721465211,-40979.801779094763332978,-9766.180412935998901958
440539.955629439617041498,4822.658395757170183060,-40757.071156882360810414,-9628.258964724996985751
441287.040388425055425614,7096.075204926915830583,-40454.894189695078239311,-9497.807064282138526323
441553.671851872233673930,7902.696306103615825123,-40317.908953402358747553,-9444.398380914750305237
441820.303315319411922246,8706.328351490396016743,-40165.674183815455762669,-9387.417255998529071803
442567.388074304850306362,10939.546855977963787154,-39658.412525909894611686,-9208.921055543376496644
443646.956829918315634131,14107.551136940901415073,-38717.894482679403154179,-8902.846747923931616242
444845.187750068493187428,17520.587838906918477733,-37393.368171018591965549,-8498.620438459498473094
445924.756505681958515197,20481.828911623932071961,-35955.280601635677157901,-8078.777318652419126010
446671.841264667396899313,22457.848954761997447349,-34829.079112379222351592,-7758.761130471397336805
446938.472728114575147629,23147.243646053106203908,-34401.930848067313490901,-7638.921259907377134368
447205.104191561753395945,23827.887351348908850923,-33961.775206431710103061,-7516.192871563303924631
447952.188950547191780061,25686.213325315457041143,-32660.646513178020541091,-7157.331218549829827680
449031.757706160657107830,28235.523842955062718829,-30610.323176313704607310,-6601.531285111814213451
450229.988626310834661126,30859.610340085353527684,-28113.202416930234903703,-5936.911410520783647371
451309.557381924299988896,33022.740237180631083902,-25679.123980078493332257,-5299.167263256704245578
452056.642140909738373011,34400.685526985966134816,-23900.631869027562061092,-4838.372992474452985334
452323.273604356916621327,34867.960881566556054167,-23248.445605474575131666,-4670.369113141210618778
452589.905067804094869643,35322.057272242942417506,-22587.473539552804140840,-4500.600179219825804466
453336.989826789533253759,36522.774063584729447030,-20690.809870104385481682,-4016.064591833666327148
454416.558582402998581529,38065.603944558155490085,-17843.141673995774908690,-3295.228414363085903460
455614.789502553176134825,39501.658758073434000835,-14553.873442876589251682,-2471.461923103844128491
456694.358258166641462594,40537.762193499300337862,-11494.564649919628209318,-1712.950813897276020725
457441.443017152079846710,41108.146899104467593133,-9334.634595229712431319,-1181.550182345777102455
457708.074480599258095026,41282.271402485559519846,-8556.724755301280310960,-990.964478784613788775
457974.705944046436343342,41440.797875352305709384,-7775.581687935028639913,-800.004282795913809423
458721.790703031874727458,41801.411189404003380332,-5572.168507164627953898,-263.567067421482761347
459801.359458645340055227,42103.318671314089442603,-2360.674098296792635665,512.570908631821112067
460999.590378795517608523,42133.187917108196415938,1220.067823612283518742,1370.096862117165528616
462079.159134408982936293,41884.930865871188871097,4439.012453539234229538,2133.938035359449713724
462826.243893394421320409,41561.178056010001455434,6651.691275121120270342,2655.078435060824631364
463092.875356841599568725,41415.730472194423782639,7436.951614637189777568,2839.244686388843547320
463359.506820288777817041,41254.637242460514244158,8219.402024928414903115,3022.338162983704478393
464106.591579274216201156,40720.470871599522070028,10394.299339502515067579,3529.053145746455811604
465186.160334887681528926,39735.771084155050630216,13481.002518176852390752,4242.404009839284299233
466384.391255037859082222,38355.149085911121801473,16808.473343189467414049,5003.228975418148365861
467463.960010651324409992,36860.479411801446985919,19697.365841530976467766,5656.195565545588578971
468211.044769636762794107,35691.941953169509361032,21626.207883457591378829,6087.798406186188913125
468477.676233083941042423,35249.080782109878782649,22299.368600276102370117,6237.529506496206522570
468744.307696531119290739,34792.904037571999651846,22964.105265088481246494,6384.904087658675052808
469491.392455516557674855,33445.287992789002601057,24779.659385610670142341,6784.815880752183147706
470570.961211130023002625,31323.846577881973644253,27272.048504997339477995,7326.864944845759055170
471769.192131280200555921,28742.790909547758928966,29840.093867571093142033,7875.249602855473312957
472848.760886893665883690,26229.068626230793597642,31959.494890553742152406,8318.009357187258501654
473595.845645879104267806,24393.484656404434645083,33311.075427630319609307,8594.411674891916845809
473862.477109326282516122,23720.566906244905112544,33769.730460900107573252,8686.927415422504054732
474129.108572773460764438,23038.687647772170748794,34215.626965442454093136,8776.160916437338528340
474876.193331758899148554,21082.577950798211531946,35395.627085021544189658,9008.422496886785665993
475955.762087372364476323,18147.031207442807499319,36914.491764204103674274,9296.688923355563019868
477153.993007522542029619,14758.069627425727958325,38332.343241437367396429,9549.176176866536479793
478233.561763136007357389,11607.586180037729718606,39359.696474004842457362,9714.332466596271842718
478980.646522121445741504,9384.115977743011171697,39928.287903552693023812,9793.453145239735022187
479247.277985568623989820,8583.484043047568775364,40102.616070620118989609,9814.666337064983963501
479513.909449015802238137,7779.607445611360162729,40261.789690048768534325,9832.170321497897020890
480260.994208001240622252,5512.514721253635798348,40626.570838841922522988,9861.407027264349380857
481340.562963614705950022,2209.353112190911360813,40940.592774245349573903,9851.970574859460612061
482538.793883764883503318,-1472.020911692500021672,40992.220925777313823346,9770.065577154438869911
483618.362639378348831087,-4779.997917847414100834,40770.895417163555976003,9632.409650926339963917
484365.447398363787215203,-7053.080993719887374027,40469.742951212116167881,9502.150597822532290593
484632.078861810965463519,-7859.616535053683037404,40333.130119206565723289,9448.811714063367617200
484898.710325258143711835,-8663.180757752310455544,40181.270160413361736573,9391.900635879170295084
485645.795084243582095951,-10896.305303706054473878,39675.064993189094820991,9213.600484941023751162
486725.363839857047423720,-14064.425920251123898197,38736.062158178399840835,8907.802485081885606633
487923.594760007224977016,-17477.926925922682130476,37413.150020433407917153,8503.861716653049370507
489003.163515620690304786,-20439.871218271888210438,35976.405293131945654750,8084.245690203244521399
489750.248274606128688902,-22416.525966696601244621,34851.046103215448965784,7764.364420262769272085
490016.879738053306937218,-23106.173615810876071919,34424.178612731106113642,7644.567780508601572365
490283.511201500485185534,-23787.082999076006672112,33984.292699375298980158,7521.879929560334858252
491030.595960485923569649,-25646.220443393587629544,32683.854071141642634757,7163.115944095313352591
492110.164716099388897419,-28196.855486379055946600,30634.340902457897755085,6607.412694354005907371
493308.395636249566450715,-30822.581538528174860403,28137.826889493484486593,5942.832027761703102442
494387.964391863031778485,-32987.294804604331147857,25704.004300723569031106,5305.056894576347986003
495135.049150848470162600,-34366.368842951524129603,23925.518251108129334170,4844.202923531089254539
495401.680614295648410916,-34834.048806163264089264,23273.300898998339107493,4676.170451742887053115
495668.312077742826659232,-35288.550409310177201405,22612.278887159915029770,4506.368780991491803434
496415.396836728265043348,-36490.393389785487670451,20715.383557641147490358,4021.721831341243159841
497494.965592341730371118,-38034.805472871179517824,17867.134997675104386872,3300.672649648951846757
498693.196512491907924414,-39472.499734470366092864,14576.893692816076509189,2476.601902647748374875
499772.765268105373252183,-40509.926289032831846271,11516.420749198201519903,1717.759109463695040176
500519.850027090811636299,-41081.115229734103195369,9355.540529525080273743,1186.101316957641301997
500786.481490537989884615,-41255.501104948831198271,8577.267043264226231258,995.419439812069526852
501053.112953985168132931,-41414.274643424854730256,7795.747943798061896814,804.360905990801484222
501800.197712970606517047,-41775.500121213364764117,5591.215950971170059347,267.636918450428140659
502879.766468584071844816,-42078.064670342530007474,2377.963435147430573124,-508.937422984093302603
504077.997388734249398112,-42108.318660619130241685,-1204.884873084186438064,-1366.967639419027364056
505157.566144347714725882,-41860.075094652325788047,-4425.811560566048683540,-2131.267314212736891932
505904.650903333153109998,-41536.138271566203911789,-6639.889902597989930655,-2652.722644029450748349
506171.282366780331358314,-41390.586733038951933850,-7425.647478276264337183,-2836.998974900447592518
506437.913830227509606630,-41229.368775261515111197,-8208.595961114606325282,-3020.201782140809882549
507184.998589212947990745,-40694.744631395646138117,-10384.874961163666739594,-3527.214807988637858216
508264.567344826413318515,-39709.106576593185309321,-13473.506614584437556914,-4240.967348509905605169
509462.798264976590871811,-38327.070163695752853528,-16802.980993935238075210,-5002.188299411418483942
510542.367020590056199580,-36830.812073257657175418,-19693.500593021388340276,-5655.454515187548167887
511289.451779575494583696,-35661.018062139199173544,-21623.341511929000262171,-6087.226814808933340828
511556.083243022672832012,-35217.679141090309713036,-22296.831432476526970277,-6237.010456341728968255
511822.714706469851080328,-34761.010355142905609682,-22961.881603504327358678,-6384.433119088988860312
512569.799465455289464444,-33411.946115662656666245,-24778.223963026794081088,-6784.454522326122059894
513649.368221068754792213,-31288.249125105077837361,-27271.506283475388045190,-7326.594630832902112161
514847.599141218932345510,-28704.513887315573811065,-29840.172434935320779914,-7874.981576794922148110
515927.167896832397673279,-26188.276057994629809400,-31959.772533329301950289,-8317.650046305503565236
516674.252655817836057395,-24350.922837438403803390,-33311.284030803719360847,-8593.936704412972176215
516940.884119265014305711,-23677.373584566776116844,-33769.871814262107363902,-8686.400554140453095897
517207.515582712192554027,-22994.863463295452675084,-34215.679073113038612064,-8775.576711072226316901
517954.600341697630938143,-21037.000042271498386981,-35395.310047262537409551,-9007.648443128728104057
519034.169097311096265912,-18098.982602006813976914,-36913.336707392103562597,-9295.566857927373348502
520232.400017461273819208,-14707.425508104610344162,-38329.850312033580848947,-9547.571268695239268709
521311.968773074739146978,-11554.790222655437901267,-39355.653104090786655433,-9712.212835992484542658
522059.053532060177531093,-9329.961807917075930163,-39922.994309331246768124,-9790.937487096804034081
522325.684995507355779409,-8528.874909439256953192,-40096.843461555763497017,-9812.002140045529813506
522592.316458954592235386,-7724.561032168428027944,-40255.521494569009519182,-9829.354029425989210722
523339.401217940030619502,-5456.335327379736554576,-40618.832266295794397593,-9858.147208550573850516
524418.969973553437739611,-2151.804385371576699981,-40930.538511222592205741,-9848.030902628694093437
525617.200893703731708229,1530.684456388629087087,-40979.383552749808586668,-9765.331217248236498563
526696.769649317138828337,4839.280755342741031200,-40755.413765476718253922,-9626.937462404877805966
527443.854408302693627775,7112.563256769461986551,-40452.385228638828266412,-9496.163509079120558454
527710.485871749813668430,7919.125055819190492912,-40315.097715099436754826,-9442.640998815990315052
527977.117335196817293763,8722.692402302091068123,-40162.561581695706991013,-9385.546654944173496915
528724.202094182372093201,10955.695216689144217526,-39654.462450062834250275,-9206.737236680699425051
529803.770849795779213309,14123.307298096497106599,-38712.754279749657143839,-8900.221596041967131896
531002.001769945956766605,17535.793555172895139549,-37386.944290332205127925,-8495.524548767816668260
532081.570525559363886714,20496.435366019504726864,-35947.743347489478765056,-8075.277894846159142617
532828.655284544918686152,22471.989579896875511622,-34820.797140767412201967,-7754.994666659363247163
533095.286747992038726807,23161.207350394095556112,-34393.389147755588055588,-7635.062220664827691508
533361.918211439158767462,23841.668496997372130863,-33952.977237362749292515,-7512.242780344894526934
534109.002970424713566899,25699.456048079209722346,-32651.148130473273340613,-7153.133960155958448013
535188.571726038120687008,28247.918451533871120773,-30599.863958079677104251,-6596.999309250637452351
536386.802646188298240304,30870.973517488509969553,-28101.753725558282894781,-5932.041102088383013324
537466.371401801705360413,33033.098913695539522450,-25666.859930090588022722,-5294.024266903196803469
538213.456160787260159850,34410.313542857940774411,-23887.845064626279054210,-4833.059139845602658170
538480.087624234380200505,34877.320342003724363167,-23235.482377566117065726,-4664.998342645844786603
538746.719087681500241160,35331.145823547762120143,-22574.337092726596893044,-4495.174085017545621668
539493.803846667055040598,36531.083344097329245415,-20677.218039312399923801,-4010.495323027522772463
540573.372602280462160707,38072.745035853338777088,-17828.962111981662019389,-3289.481223377495098248
541771.603522430639714003,39507.450232693205180112,-14539.148522597208284424,-2465.559970350519961357
542851.172278044046834111,40542.300791570029105060,-11479.442599799056552001,-1706.947475552903597418
543598.257037029601633549,41111.802460992767009884,-9319.289192766713313176,-1175.497623503562863334
543864.888500476721674204,41285.608779674199467991,-8541.311608427347891848,-984.898935498987952997
544131.519963923841714859,41443.815832153479277622,-7760.106533331345417537,-793.928025567696636244
544878.604722909396514297,41803.528678689457592554,-5556.549421384954257519,-257.472688960238770051
545958.173478522803634405,42104.124196971286437474,-2344.931773212576445076,518.658851936816176931
547156.404398672981187701,42132.531869008780631702,1235.837185811700010163,1376.134588630015059607
548235.973154286388307810,41882.962284923778497614,4454.696583765929062793,2139.889499146559955989
548983.057913271943107247,41558.307730754342628643,6667.262228364376824175,2660.949235749368199322
549249.689376719063147902,41412.540274440696521197,7452.470807550789686502,2845.082430265937546210
549516.320840166183188558,41251.128389005105418619,8234.863577220632578246,3028.140640648012322345
550263.405599151737987995,40716.077140919675002806,10409.566587536255610758,3534.744770257083473552
551342.974354765145108104,39730.121570501636597328,13495.912747873211628757,4247.906557575670376536
552541.205274915322661400,38348.149378652655286714,16822.874279102714353940,5008.480681001406082942
553620.774030528729781508,36852.303520999637839850,19711.224412476844008779,5661.189333980544688529
554367.858789514284580946,35682.983968901644402649,21639.635375253499660175,6092.594272841717611300
554634.490252961404621601,35239.850097242990159430,22312.632416997952532256,6242.251243072811121237
554901.121716408524662256,34783.404003094721701927,22977.200627673541021068,6389.549962248028350587
555648.206475394079461694,33435.052975186983530875,24792.256345933114062063,6789.239883943163476943
556727.775231007486581802,31312.603059236083936412,27283.860641501654754393,7330.945555313439399470
557926.006151157664135098,28730.510939783725916641,29850.948608525191957597,7878.919404476559975592
559005.574906771071255207,26215.937269468719023280,31969.414429960474080872,8321.284674432527026511
559752.659665756626054645,24379.807216432003770024,33320.314914326307189185,8597.402692931489582406
560019.291129203746095300,23706.704111828072200296,33778.720562417380278930,8689.814786052207637113
560285.922592650866135955,23024.644851787514198804,34224.364166692765138578,8778.943523313930199947
561033.007351636420935392,21068.060720949251845013,35403.637387440765451174,9010.905884399333444890
562112.576107249828055501,18131.905565226948965574,36921.409809648343070876,9298.727059238577567157
563310.807027400005608797,14742.377452144844937720,38337.999526563420658931,9550.705535814789982396
564390.375783013412728906,11591.484885083458721056,39364.178886328918451909,9715.393342070747166872
565137.460541998967528343,9367.787891990745265502,39931.941533635384985246,9794.185810230357674300
565404.092005446087568998,8567.087365923514880706,40105.970937408274039626,9815.281251816792064346
565670.723468893207609653,7763.149344863043552323,40264.844323645891563501,9832.667230132796248654
566417.808227878762409091,5495.914427569569852494,40628.778999054746236652,9861.572479202928661834
567497.376983492169529200,2192.638366731881433225,40941.566254346849746071,9851.656411050009410246
568695.607903642347082496,-1488.741578962426274302,40991.817505256367439870,9769.221535470773233101
569775.176659255754202604,-4796.618848216330661671,40769.253537844575475901,9631.093439204372771201
570522.261418241309002042,-7069.571931910344574135,40467.249350286845583469,9500.512207768726511858
570788.892881688429042697,-7876.047891814241665998,40330.334398771774431225,9447.059548371333221439
571055.524345135549083352,-8679.546867672093867441,40178.173299849331669975,9390.035324421814948437
571802.609104121103882790,-10912.456013667582737980,39671.130933770306000952,9211.422025850037243799
572882.177859734511002898,-14080.183485085761276423,38730.938783060046262108,8905.182918246842746157
574080.408779884688556194,-17493.128648212601547129,37406.745975716992688831,8500.772264805042141234
575159.977535498095676303,-20454.478179004941921448,35968.886590882255404722,8080.752265805652314157
575907.062294483650475740,-22430.664824421095545404,34842.784560656058602035,7760.604447060166421579
576173.693757930770516396,-23120.134926697715854971,34415.657981248761643656,7640.715394300795196614
576440.325221378006972373,-23800.862121800670138327,33975.515820577187696472,7517.936479860446524981
577187.409980363561771810,-25659.461207876109256176,32674.377479367511114106,7158.925471021751036460
578266.978735976968891919,-28209.251704379894363228,30623.901540194776316639,6602.886912725866750407
579465.209656127146445215,-30833.948970444809674518,28126.396183531647693599,5937.967353495817405928
580544.778411740553565323,-32997.660297030211950187,25691.755537448847462656,5299.918779476586678356
581291.863170726108364761,-34376.003030833744560368,23912.747567569211241789,4838.894140156934554398
581558.494634173228405416,-34843.414855379283835646,23260.353210343073442345,4670.804590972305959440
581825.126097620348446071,-35297.645255799914593808,22599.158406384787667776,4500.947696685751907353
582572.210856605903245509,-36498.710469607874983922,20701.805171283769595902,4016.156905589709822380
583651.779612219310365617,-38041.957109211543865968,17852.962733151685824851,3294.928229829389238148
584850.010532369487918913,-39478.303962406091159210,14562.167804389378943597,2470.700662639186703018
585929.579287982895039022,-40514.477112643449800089,11501.294125175205408596,1711.755624247749892675
586676.664046968449838459,-41084.780257548962254077,9340.196847556091597653,1180.050188362009066623
586943.295510415569879115,-41258.847759489304735325,8561.855001289384745178,989.355185980876058238
587209.926973862689919770,-41417.301597327765193768,7780.273629696930584032,798.285884688523083241
587957.011732848244719207,-41777.625509423538460396,5575.598902582711161813,261.544102446992326350
589036.580488461651839316,-42078.876912394473038148,2362.221883194099518732,-515.024045460133152119
590234.811408611829392612,-42107.667887784162303433,-1220.651678224236093229,-1373.003528023507669786
591314.380164225236512721,-41858.109677542182907928,-4441.500514271998326876,-2137.218586000786672230
592061.464923210791312158,-41533.269945790016208775,-6655.464892100586439483,-2658.592978727519493987
592328.096386657911352813,-41387.398015211954771075,-7441.171039010529966617,-2842.836296958847015048
592594.727850105031393468,-41225.861115769024763722,-8224.061046734504998312,-3026.003608088641612994
593341.812609090586192906,-40690.350508701099897735,-10400.146837005409906851,-3532.905932511287574016
594421.381364703993313015,-39703.453047858522040769,-13488.425846393669417012,-4246.470236258541262941
595619.612284854170866311,-38320.062186146213207394,-16817.393899450300523313,-5007.440802501007055980
596699.181040467577986419,-36822.629140767399803735,-19707.363535268035775516,-5660.447151612795096298
597446.265799453132785857,-35652.050071074227162171,-21636.775273200262745377,-6092.021822318217346037
597712.897262900252826512,-35208.437332055851584300,-22310.102131134564842796,-6241.731412967787036905
597979.528726347372867167,-34751.498186196891765576,-22974.984230331028811634,-6389.078240082151751267
598726.613485332927666605,-33401.695714175024477299,-24790.829488535717246123,-6788.877887682408072578
599806.182240946334786713,-31276.988609524079947732,-27283.324656025284639327,-7330.673837915961485123
601004.413161096512340009,-28692.215552977751940489,-29851.030587764675146900,-7878.649075465019450348
602083.981916709919460118,-26175.125787047323683510,-31969.692576769259176217,-8320.922181070629449096
602831.066675695474259555,-24337.230613063118653372,-33320.519018009210412856,-8596.923333112736145267
603097.698139142594300210,-23663.497605756776465569,-33778.855741247403784655,-8689.283135115108962054
603364.329602589714340866,-22980.807822936574666528,-34224.409331136186665390,-8778.354312890734945540
604111.414361575269140303,-21022.471971094484615605,-35403.310820594189863186,-9010.126148413368355250
605190.983117188676260412,-18083.843600300231628353,-36920.244633059337502345,-9297.598955456975090783
606389.214037338853813708,-14691.720955111037255847,-38335.494021477410569787,-9549.093875435559311882
607468.782792952260933816,-11538.678285960701032309,-39360.120732194969605189,-9713.266355578567527118
608215.867551937815733254,-9313.629517063218372641,-39926.630637280839437153,-9791.662286762653820915
608482.499015384935773909,-8512.474413467758495244,-40100.180699437929433770,-9812.609097740982178948
608749.130478832055814564,-7708.098262360892476863,-40258.558421072055352852,-9829.842918345806538127
609496.215237817610614002,-5439.729740421921633242,-40621.022084537173213903,-9858.304417698935139924
610575.783993431017734110,-2135.082053063212242705,-40931.492694992135511711,-9847.708148594703743584
611774.014913581195287406,1547.414970714739411051,-40978.959353127422218677,-9764.478134103752381634
612853.583669194602407515,4855.908760949113457173,-40753.749909476180619095,-9625.611985501102026319
613600.668428180157206953,7129.061007569947832962,-40449.868780414508364629,-9494.515661739293136634
613867.299891627277247608,7935.562789993019578105,-40312.278901926394610200,-9440.879334668217779836
614133.931355074397288263,8739.064148963527259184,-40159.441455607964599039,-9383.671830601835608832
614881.016114059952087700,10971.851340527589854901,-39650.504298907959309872,-9204.549103272138381726
615960.584869673359207809,14139.069746092378409230,-38707.605657082014658954,-8897.592157381519427872
617158.815789823536761105,17551.001964733826753218,-37380.512666232978517655,-8492.424722046145689092
618238.384545436943881214,20511.046963506611064076,-35940.196453411619586404,-8071.774117000984915649
618985.469304422498680651,22486.135234476485493360,-34812.504959876765497029,-7751.223791279914621555
619252.100767869618721306,23175.175628262437385274,-34384.837287384172668681,-7631.198821770611175452
619518.732231316738761961,23855.454485642174404347,-33944.168692822691809852,-7508.288252299546911672
620265.816990302293561399,25712.701746410519263009,-32641.639824295933067333,-7148.932554078587600088
621345.385745915700681508,28260.317206242201791611,-30589.392809751036111265,-6592.462807480776973534
622543.616666065878234804,30882.338208472221595002,-28090.294318127849692246,-5927.166783724933338817
623623.185421679285354912,33043.460844750174146611,-25654.581801273830933496,-5288.876562760195156443
624370.270180664840154350,34419.943347772081324365,-23875.044887110710988054,-4827.740895168564748019
624636.901644111960195005,34886.682303859161038417,-23222.504322405809944030,-4659.622853749102432630
624903.533107559080235660,35340.235511030106863473,-22561.187343915436940733,-4489.743712656289972074
625650.617866544635035098,36539.392198806097439956,-20663.614178144642210100,-4004.922235409177574184
626730.186622158042155206,38079.882616593320562970,-17814.774815038399538025,-3283.731491565252781584
627928.417542308219708502,39513.239422761900641490,-14524.411115201426582644,-2459.654503624304197729
629007.986297921626828611,40546.837966854800470173,-11464.301812613934089313,-1700.939285469034075504
629755.071056907181628048,41115.455097861093236133,-9303.927039841517398600,-1169.440852801422124685
630021.702520354301668704,41288.942777494834444951,-8525.882317407531445497,-978.829382287821431419
630288.333983801421709359,41446.830092294796486385,-7744.615258269813239167,-787.847817504093200114
631035.418742786976508796,41805.640952933041262440,-5540.919026717347151134,-251.375677132851649276
632114.987498400383628905,42104.923562093536020257,-2329.179463004947137961,524.748903588374673745
633313.218418550561182201,42131.869008591413148679,1251.610287621317638695,1382.172709037391314268
634392.787174163968302310,41880.985904055705759674,4470.390009449887656956,2145.842479849487517640
635139.871933149523101747,41555.428312969394028187,6682.846593830645360867,2666.822381661846520728
635406.503396596643142402,41409.340742249063623603,7468.003150316950268461,2850.922406729737758724
635673.134860043763183057,41247.609862952333060093,8250.338490298172473558,3033.945349293618619413
636420.219619029317982495,40711.671401676125242375,10424.852554906410659896,3540.439727887615390500
637499.788374642725102603,39724.459151550123351626,13510.839250943423394347,4253.411661085637206270
638698.019294792902655900,38341.131311007455224171,16837.299087680563388858,5013.736440489661617903
639777.588050406309776008,36844.112021051463671029,19725.097364194221881917,5666.184800749163514411
640524.672809391864575446,35674.009912889618135523,21653.075975331987137906,6097.391419274656072957
640791.304272838984616101,35230.602721348965133075,22325.909596054032590473,6246.974268859014046029
641057.935736286104656756,34773.887106827147363219,22990.308925957026076503,6394.196984678596891172
641805.020495271659456193,33424.799416801040933933,24804.866639842424774542,6793.664992365022953891
642884.589250885066576302,31301.339785368298180401,27295.684946952653262997,7335.026832765586732421
644082.820171035244129598,28718.206250321414700011,29861.817479356475814711,7882.590084946536080679
645162.388926648651249707,26202.773388292585877934,31979.351483175876637688,8324.561375144934572745
645909.473685634206049144,24366.099069432657415746,33329.568300561819341965,8600.394210705988371046
646176.105149081326089799,23692.812465661812893813,33787.722575536885415204,8692.702206451662277686
646442.736612528446130455,23010.573214304655266460,34233.112590247161278967,8781.725994083784826216
647189.821371514000929892,21053.515564689925668063,35411.656554248103930149,9013.388540097574150423
648269.390127127408050001,18116.749125130070751766,36928.335652758469223045,9300.764066010677197482
649467.621047277585603297,14726.652210573087359080,38343.661626663604693022,9552.233173058910324471
650547.189802890992723405,11575.358291127586198854,39368.662279387186572421,9716.451499562879689620
651294.274561876547522843,9351.439427668043208541,39935.593686943677312229,9794.915276680947499699
651560.906025323667563498,8550.670307838485314278,40109.323951735874288715,9815.892873013075586641
651827.537488770787604153,7746.669259970953135053,40267.897031312590115704,9833.160782335055046133
652574.622247756342403591,5479.294261591111535381,40630.983808516000863165,9861.734281002360148705
653654.191003369749523699,2175.906066259425642784,40942.534757206834910903,9851.338269959409444709
654852.421923519927076995,-1505.478867567879660783,40991.407632480433676392,9768.373207217144226888
655931.990679133334197104,-4813.252732885703153443,40767.604253994511964265,9629.772839730527266511
656679.075438118888996542,-7086.072358293687102559,40464.748130245374341030,9498.869498523539732560
656945.706901566009037197,-7892.489670660897900234,40327.530678494949825108,9445.302961120498366654
657212.338365013129077852,-8695.923419610277051106,40175.068198782188119367,9388.165546843756601447
657959.423123998683877289,-10928.617266350845966372,39667.187917894050769974,9209.238969096542859916
659038.991879612090997398,-14095.950145264327147743,38725.805857072955404874,8902.558721091618281207
660237.222799762268550694,-17508.343511528200906469,37400.329424689647566993,8497.677467576317212661
661316.791555375675670803,-20469.092800722464744467,35961.356712065629835706,8077.254054384748997109
662063.876314361230470240,-22444.814324157974624541,34834.509216554324666504,7756.839058085344731808
662330.507777808350510895,-23134.108138343493919820,34407.122361292575078551,7636.857304430551266705
662597.139241255470551550,-23814.652169621218490647,33966.724157254393503536,7513.987429497003176948
663344.224000241025350988,-25672.713328037090832368,32664.884549991897074506,7154.729099740485253278
664423.792755854432471097,-28221.655839545597700635,30613.446749098871805472,6598.355670399379960145
665622.023676004610024393,-30845.323006615635677008,28114.949233992720110109,5933.097214941528363852
666701.592431618017144501,-33008.032108629005961120,25679.488708837769081583,5294.774922790116761462
667448.677190603571943939,-34385.642945119638170581,23899.957863350737170549,4833.579511147075209010
667715.308654050691984594,-34852.786792563660128508,23247.385601443344057770,4665.432705024798451632
667981.940117497812025249,-35306.745104238078056369,22586.018597379028506111,4495.520791878583622747
668729.024876483366824687,-36507.030225009068090003,20688.209230200434831204,4010.586758349929368705
669808.593632096773944795,-38049.106292219890747219,17838.780192834332410712,3289.180632818781305104
671006.824552246951498091,-39484.103132523887325078,14547.436187434785097139,2464.797595796979749139
672086.393307860358618200,-40519.021579709915386047,11486.164996626190259121,1705.751296986191846372
672833.478066845913417637,-41088.440676711477863137,9324.842968714852759149,1173.996458355911954641
673100.109530293033458292,-41262.189279013582563493,8546.434354036815420841,983.288770320287198956
673366.740993740153498948,-41420.323290276217448991,7764.790565023312410631,792.208715338795173011
674113.825752725708298385,-41779.744907427324505989,5559.975212426943471655,255.449789014005204990
675193.394508339115418494,-42079.682694332936080173,2346.473346154510636552,-521.112051281758795085
676391.625428489292971790,-42107.010010830243118107,-1236.426419164903563797,-1379.040807421228691965
677471.194184102700091898,-41856.136981358300545253,-4457.193246306570472370,-2143.170068003042160854
678218.278943088254891336,-41530.394390832174394745,-6671.041960841754189460,-2664.462994739005353040
678484.910406535374931991,-41384.202079609749489464,-7456.696319507428597717,-2848.673170906319228379
678751.541869982494972646,-41222.346148325683316216,-8239.528022379328831448,-3031.804980934393370262
679498.626628968049772084,-40685.948748312235693447,-10415.421163217542925850,-3538.596609339855604048
680578.195384581456892192,-39697.793948217455181293,-13503.340901872143149376,-4251.970974414712145517
681776.426304731634445488,-38313.050529600048321299,-16831.799104489837191068,-5012.690180981719095143
682855.995060345041565597,-36814.439416058092319872,-19721.225188478718337137,-5665.437962502473965287
683603.079819330596365035,-35643.075266691928845830,-21650.207611710262426641,-6096.814869220484069956
683869.711282777716405690,-35199.189466108291526325,-22323.370222607201867504,-6246.450109488358066301
684136.342746224836446345,-34741.980405973619781435,-22988.083599428999150405,-6393.720921773112422670
684883.427505210391245782,-33391.439904042628768366,-24803.431505950607970590,-6793.298664031435691868
685962.996260823798365891,-31265.721088056121516274,-27295.141250741322437534,-7334.750700401036738185
687161.227180973975919187,-28679.912391061941889348,-29861.884644742473028600,-7882.313601159744393954
688240.795936587383039296,-26161.966171950698480941,-31979.612007753974467050,-8324.191955686113942647
688987.880695572937838733,-24323.523657399866351625,-33329.756709158828016371,-8599.908191417758644093
689254.512159020057879388,-23649.605426559533952968,-33787.843051036696124356,-8692.164048518849085667
689521.143622467177920043,-22966.736730520991841331,-34233.142159673770947848,-8781.130050886096796603
690268.228381452732719481,-21007.925171592854894698,-35411.315160362762981094,-9012.602089076945048873
691347.797137066139839590,-18068.690426648980064783,-36927.152485333921504207,-9299.628466272821242455
692546.028057216317392886,-14675.998771956208656775,-38341.137779380209394731,-9550.613775935700687114
693625.596812829724512994,-11522.553890655748546124,-39364.585637585638323799,-9714.316599958438018803
694372.681571815279312432,-9297.282162839750526473,-39930.264223294798284769,-9792.383721285781575716
694639.313035262399353087,-8496.059226199480690411,-40103.514848344013444148,-9813.212611830187597661
694905.944498709519393742,-7691.622017480041904491,-40261.591768394711834844,-9830.328273519637150457
695653.029257695074193180,-5423.113802328192832647,-40623.207232250817469321,-9858.457905276094606961
696732.598013308481313288,-2118.352963195692154841,-40932.441250946692889556,-9847.381538708737934940
697930.828933458658866584,1564.149938886477229971,-40978.529010365484282374,-9763.621150579519962776
699010.397689072065986693,4872.536861682739072421,-40752.079980127040471416,-9624.282769871604614309
699757.482448057620786130,7145.555076816652217531,-40447.346798547114303801,-9492.864332885699695908
700024.113911504740826786,7951.997991443200589856,-40309.454389957645616960,-9439.114132727603646345
700290.745374951860867441,8755.433155996510322439,-40156.315690796196577139,-9381.793501798831130145
701037.830133937415666878,10988.005389894731706590,-39646.540385275831795298,-9202.357461101843000506
702117.398889550822786987,14154.825914481352810981,-38702.452683529190835543,-8894.959728449231988634
703315.629809701000340283,17566.202022162782668602,-37374.077939924871316180,-8489.322353225941697019
704395.198565314407460392,20525.649336699640116422,-35932.647398758534109220,-8068.268144350402508280
705142.283324299962259829,22500.269034883156564320,-34804.212606477864028420,-7747.451340330794664624
705408.914787747082300484,23189.132424434359563747,-34376.285227494903665502,-7627.333859741457672499
705675.546251194202341139,23869.227624853596353205,-33935.361058073227468412,-7504.332490894046713947
706422.631010179757140577,25725.934617446568154264,-32632.133104369553620927,-7144.730161315169425507
707502.199765793164260685,28272.697720431377092609,-30578.929046386390837142,-6587.926977798505504325
708700.430685943341813982,30893.691659565462032333,-28078.837215737530641491,-5922.291899887397448765
709779.999441556748934090,33053.813262604526244104,-25642.304920858779951232,-5283.728147255213116296
710527.084200542303733528,34429.564572899100312497,-23862.245248535931750666,-4822.421854740957314789
710793.715663989423774183,34896.035305535937368404,-23209.527513555764016928,-4654.246787989174663380
711060.347127436543814838,35349.317061298963380978,-22548.037806636988534592,-4484.312534988734114449
711807.431886422098614275,36547.694942145899403840,-20650.007536464036093093,-3999.347689529207400483
712887.000642035505734384,38087.017015337252814788,-17800.578734103386523202,-3277.978960831282620347
714085.231562185683287680,39519.024930549421696924,-14509.664425259938070667,-2453.746326953781590419
715164.800317799090407789,40551.369273403630359098,-11449.156932090467307717,-1694.929863201518401183
715911.885076784645207226,41119.101839338138233870,-9288.560248208628763678,-1163.382846186730375848
716178.516540231765247881,41292.271205759359872900,-8510.446522637161251623,-972.758183749610452651
716445.148003678885288537,41449.838511971356638242,-7729.118326708302447514,-781.766219115403373507
717192.232762664440087974,41807.748056342141353525,-5525.275979975926020415,-245.275711172973302610
718271.801518277847208083,42105.716875322985288221,-2313.412683839261717367,530.842137343949843853
719470.032438428024761379,42131.198751072442973964,1267.399692174571100622,1388.214212375882425476
720549.601194041431881487,41879.001637184097489808,4486.092586635904808645,2151.796938681491155876
721296.685953026986680925,41552.541569792396330740,6698.433775463560778007,2672.695380602907334833
721563.317416474106721580,41406.133638864339445718,7483.539183941174997017,2856.762395518224820989
721829.948879921226762235,41244.083611847789143212,8265.817366088191192830,3039.750087927991444303
722577.033638906781561673,40707.258839440240990371,10440.138142992300345213,3546.133579545474276529
723656.602394520188681781,39718.790136828487447929,13525.764502140475087799,4258.915286611309966247
724854.833314670366235077,38334.108988840809615795,16851.717510509992280276,5018.989373310467271949
725934.402070283773355186,36835.915631588293763343,19738.965767748071812093,5671.177709500760101946
726681.486829269328154624,35665.030317464450490661,21666.513255639856652124,6102.186182668877336255
726948.118292716448195279,35221.349849736980104353,22339.183409702687640674,6251.694866316381194338
727214.749756163568235934,34764.364347096496203449,23003.414399921795848059,6398.841663874681216839
727961.834515149123035371,33414.542366270376078319,24817.471061802272743080,6798.086994627599779051
729041.403270762530155480,31290.076401079568313435,27307.500069679943408119,7339.104170587889711896
730239.634190912707708776,28705.905029936435312266,29872.674751543028833112,7886.256209741724887863
731319.202946526114828885,26189.614876401843503118,31989.276532026131462771,8327.833366820586888934
732066.287705511669628322,24352.393205074993602466,33338.812623366335174069,8603.381578232543688500
732332.919168958789668977,23678.920975484412338119,33796.717121244742884301,8695.585781932040845277
732599.550632405909709632,22996.502798377299768617,34241.852975612229784019,8784.504489636528887786
733346.635391391464509070,21038.970006901694432599,35419.668962135503534228,9015.867429981073655654
734426.204147004871629179,18101.595524584994564066,36935.253497245292237494,9302.797025395306263817
735624.435067155049182475,14710.935210314299183665,38349.314294528972823173,9553.756499079316199641
736704.003822768456302583,11559.228872890107595595,39373.140268180119164754,9717.505986175077850930
737451.088581754011102021,9335.088025476219627308,39939.240399265152518637,9795.641042093840951566
737717.720045201131142676,8534.251465767403715290,40112.671255330431449693,9816.500753321008232888
737984.351508648251183331,7730.189893588110862765,40270.943547481620043982,9833.650538868512740009
738731.436267633805982769,5462.677925920358575240,40633.182105152322037611,9861.892283642522670561
739811.005023247213102877,2159.174809293034741131,40943.497242452191130724,9851.016379176395275863
741009.235943397390656173,-1522.215930966121277379,40990.991800155716191512,9767.521141905675904127
742088.804699010797776282,-4829.885534017904319626,40765.949063711384951603,9628.448570875369114219
742835.889457996352575719,-7102.573129898372826574,40462.240770175296347588,9497.223058378749556141
743102.520921443472616374,-7908.931752288477582624,40324.720790147257503122,9443.542650018391213962
743369.152384890592657030,-8712.300524447449788568,40171.956842323030286934,9386.292031625551317120
744116.237143876147456467,-10944.778810144816816319,39663.238577494674245827,9207.052207304026524071
745195.805899489554576576,-14111.711920285881205928,38720.668140411609783769,8899.931391868738501216
746394.036819639732129872,-17523.549328510798659408,37393.910102276269753929,8494.580224481644108891
747473.605575253139249980,-20483.698695092585694510,35953.824434942158404738,8073.753578027099138126
748220.690334238694049418,-22458.952714231319987448,34826.233267079333018046,7753.071970319664615090
748487.321797685814090073,-23148.069226399278704775,34398.586965949602017645,7632.997768868002822273
748753.953261132934130728,-23828.431136921557481401,33957.932249995632446371,7510.036823671738602570
749501.038020118488930166,-25685.952572980928380275,32655.393251799487188691,7150.531753060346090933
750580.606775731896050274,-28234.051905181517213350,30602.990468618376326049,6593.822714196087872551
751778.837695882073603570,-30856.691906887252116576,28103.498249507400032599,5928.224835611697017157
752858.406451495480723679,-33018.394865332367771771,25667.222569784171355423,5289.630208124288401450
753605.491210481035523117,-34395.272734273981768638,23887.170808477927494096,4828.264630051590756921
753872.122673928155563772,-34862.148050782590871677,23234.421681526895554271,4660.060869877523145988
754138.754137375275604427,-35315.834295355947688222,22572.882741892735793954,4490.094040937904537714
754885.838896360830403864,-36515.339320750215847511,20674.618153806630289182,4005.017098123562391265
755965.407651974237523973,-38056.247100514556223061,17824.599459217472031014,3283.432903450745016016
757163.638572124415077269,-39489.895391209254739806,14532.703691537853956106,2458.893911859942818410
758243.207327737822197378,-40523.559682218481611926,11471.033418684328353265,1699.746142852016191682
758990.292086723376996815,-41092.094121303111023735,9309.488982734794262797,1167.942603703748773114
759256.923550170497037470,-41265.524178890344046522,8531.012052959780703532,977.221896047585460110
759523.555013617617078125,-41423.338166930858278647,7749.306816422545125533,786.131369834783868100
760270.639772603171877563,-41781.858261369983665645,5544.345237347378315462,249.354066718913230716
761350.208528216578997672,-42080.482081321584701072,2330.716386500661883474,-527.201784201483178549
762548.439448366756550968,-42106.345108630601316690,-1252.206546245468416600,-1385.078867600971989305
763628.008203980163671076,-41854.156868335579929408,-4472.890789774246513844,-2149.122001912888208608
764375.092962965718470514,-41527.511212933473871090,-6686.623258504791010637,-2670.333194363821803563
764641.724426412838511169,-41380.998297031947004143,-7472.226439347424275184,-2854.510325047889637062
764908.355889859958551824,-41218.823015186964767054,-8255.000755769877287094,-3037.606802081396836002
765655.440648845513351262,-40681.538670020410791039,-10430.700325905492718448,-3544.287389903181519912
766735.009404458920471370,-39692.125566693008295260,-13518.261902630740223685,-4257.471887577767120092
767933.240324609098024666,-38306.026363146986113861,-16846.215388815053302096,-5017.940699427877916605
769012.809080222505144775,-36806.241502114280592650,-19735.087954265760345152,-5670.427484793557596277
769759.893839208059944212,-35634.095104493244434707,-21663.636231718912313227,-6101.605442115242112777
770026.525302655179984868,-35189.935789898991060909,-22336.635301645204890519,-6251.166453812998952344
770293.156766102300025523,-34732.457254985449253581,-23001.179331600651494227,-6398.361078239257949463
771040.241525087854824960,-33381.181521261853049509,-24816.026382602965895785,-6797.716054001520205929
772119.810280701261945069,-31254.452608167594007682,-27306.949491278672212502,-7338.823799166481876455
773318.041200851439498365,-28667.599521693962742575,-29872.739012283673218917,-7885.976081193562094995
774397.609956464846618474,-26148.799418784288718598,-31989.529082579196256120,-8327.459007947123609483
775144.694715450401417911,-24309.813329951390187489,-33338.989197351824259385,-8602.889677653447506600
775411.326178897521458566,-23635.710399747680639848,-33796.824828907592745963,-8695.041502711024804739
775677.957642344641499221,-22952.662650112590199569,-34241.869577004094026051,-8783.902333882746461313
776425.042401330196298659,-20993.379735844395327149,-35419.311687199959123973,-9015.074057232057384681
777504.611156943603418767,-18053.531197279844491277,-36934.056449118193995673,-9301.654684345277928514
778702.842077093780972064,-14660.278217542085258174,-38346.774503625914803706,-9552.129769384539031307
779782.410832707188092172,-11506.422599328974683885,-39369.046239952993346378,-9715.363332393522796337
780529.495591692742891610,-9280.928090614141183323,-39933.893175689991039690,-9793.101550822984791012
780796.127055139862932265,-8479.637175869233033154,-40106.844289737586223055,-9813.812494567213434493
781062.758518586982972920,-7675.138342000178454327,-40264.620405455367290415,-9830.809978043154842453
781809.843277572537772357,-5406.494090642127048341,-40625.386844186556118075,-9858.607632302115234779
782889.412033185944892466,-2101.619268859609746869,-40933.384069770698260982,-9847.051101390497933608
784087.642953336122445762,1580.889822519629888120,-40978.092525033935089596,-9762.760254384442305309
785167.211708949529565871,4889.170544734773102391,-40750.403407829609932378,-9622.949537921713272226
785914.296467935084365308,7162.057873497657055850,-40444.817299036280019209,-9491.208728582047115196
786180.927931382204405963,7968.441670081322627084,-40306.622207259715651162,-9437.344637864920514403
786447.559394829324446619,8771.812225741052316152,-40153.181738129373115953,-9379.910729105740756495
787194.644153814879246056,11004.167030775093735429,-39642.568253183570050169,-9200.161473864671279443
788274.212909428286366165,14170.590662909989987384,-38697.290322354470845312,-8892.322722169696135097
789472.443829578463919461,17581.405223541409213794,-37367.635093527278513648,-8486.215946882428397657
790552.012585191871039569,20540.254792288666067179,-35925.089627665816806257,-8064.758092735192803957
791299.097344177425839007,22514.404762584726995556,-34795.911750094455783255,-7743.674967419303357019
791565.728807624545879662,23203.089637025346746668,-34367.725467958211083896,-7623.465235398301956593
791832.360271071665920317,23883.002586197264463408,-33926.544667684938758612,-7500.372807523030132870
792579.445030057220719755,25739.169610740878852084,-32622.616910969900345663,-7140.523752489066282578
793659.013785670627839863,28285.086969981955917319,-30568.449144690413959324,-6583.385499237562726194
794857.244705820805393159,30905.049262837641435908,-28067.366439185876515694,-5917.412232511730508122
795936.813461434212513268,33064.167273728344298434,-25630.015771513670188142,-5278.575501706690374704
796683.898220419767312706,34439.185679713489662390,-23849.434621881187922554,-4817.099044219658935617
796950.529683866887353361,34905.387805543818103615,-23196.539936037224833854,-4648.867054403512156568
797217.161147314007394016,35358.397626248231972568,-22534.877893269265769050,-4478.877836173866853642
797964.245906299562193453,36555.996184872070443816,-20636.390419924940943019,-3993.769727114743091079
799043.814661912969313562,38094.148189563871710561,-17786.374046050113975070,-3272.223675930955778313
800242.045582063146866858,39524.803469972190214321,-14494.917162982168520102,-2447.837610628664606338
801321.614337676553986967,40555.893140095722628757,-11434.013482227153872373,-1688.920572714631362032
802068.699096662108786404,41122.741032367011939641,-9273.196102595044067129,-1157.325391037144527218
802335.330560109228827059,41295.591874936115345918,-8495.014758485536731314,-966.687918610726455881
802601.962023556348867714,41452.839605590896098875,-7713.623723727950164175,-775.685181038682117105
803349.046782541903667152,41809.847237996684270911,-5509.641165759166142379,-239.177860778011790899
804428.615538155310787261,42106.502925137334386818,-2297.655449211711584212,536.932774430076733552
805626.846458305488340557,42130.521929708556854166,1283.184143732195479970,1394.254032234670603430
806706.415213918895460665,41877.009879758232273161,4501.801175274198612897,2157.752132414993866405
807453.499972904450260103,41549.646526180629734881,6714.029427898210997228,2678.569558430856886844
807720.131436351570300758,41402.918371336432755925,7499.082031128199560044,2862.603126501566748630
807986.762899798806756735,41240.549235580852837302,8281.302143236403935589,3045.555308070735009096
808733.847658784361556172,40702.837334318675857503,10455.431095612731951405,3551.828121560879026219
809813.416414397768676281,39713.109909823833731934,13540.701196891761355801,4264.420350849649366864
811011.647334547946229577,38327.074587100010830909,16866.146270030862069689,5024.243277349913114449
812091.216090161353349686,36827.708785209149937145,19752.839424028115900001,5676.170260216004862741
812838.300849146908149123,35656.039222530729603022,21679.956480587414262118,6106.980624400443957711
813104.932312594028189778,35212.085693378874566406,22352.462482837996503804,6256.414948239695149823
813371.563776041148230433,34754.829973032181442250,23016.525265472231694730,6403.485815698183614586
814118.648535026703029871,33404.270972000493202358,24830.083424289416143438,6802.508914431612538465
815198.217290640110149980,31278.792888709187536733,27319.327719332737615332,7343.182245991632953519
816396.448210790287703276,28693.586186180666118162,29883.539655954733461840,7889.921835902260681905
817476.016966403694823384,26176.440743256927817129,31999.205917737937852507,8331.104018092984915711
818223.101725389249622822,24338.675422940334101440,33348.057765805315284524,8606.366793721421345253
818489.733188836369663477,23665.019366847827768652,33805.711065599476569332,8698.466889842129603494
818756.364652283489704132,22982.422658958024840103,34250.592338219968951307,8787.280405940722630476
819503.449411269044503570,21024.419605271421460202,35427.677143536006042268,9018.343045038558557280
820583.018166882451623678,18086.435291786208836129,36942.167799024304258637,9304.826759338413467049
821781.249087032629176974,14695.211022392104496248,38354.963233602262334898,9555.276481450195205980
822860.817842646036297083,11543.103911861287997453,39377.610796710410795640,9718.556497511939596734
823607.902601631591096520,9318.738914231040325831,39942.880489726077939849,9796.362958478737709811
823874.534065078711137176,8517.834629683118691901,40116.012069548109138850,9817.104804043026888394
824141.165528525831177831,7713.711772780719911680,40273.983781849507067818,9834.136491906436276622
824888.250287511385977268,5446.057337051813192375,40635.374975325736158993,9862.046539036364265485
825967.819043124793097377,2142.436623841825166892,40944.454160097266139928,9850.690640826609524083
827166.049963274970650673,-1538.962278210065278472,40990.569731707902974449,9766.665028045239523635
828245.618718888377770782,-4846.523231475345710351,40764.287330696730350610,9627.120326405312880524
828992.703477873932570219,-7119.075085825581481913,40459.727130463958019391,9495.572832503448807984
829259.334941321052610874,-7925.374458166451404395,40321.904670089810679201,9441.778591799982677912
829525.966404768172651529,-8728.677204276802513050,40168.839418591553112492,9384.414849268769103219
830273.051163753727450967,-10960.938907549227224081,39659.283347602467983961,9204.861889747866371181
831352.619919367134571075,-14127.477028010775029543,38715.522836770032881759,8897.300050477086188039
832550.850839517312124372,-17538.762970092753675999,37387.480604636606585700,8491.478330220932548400
833630.419595130719244480,-20498.315943749479629332,35946.279011006023210939,8070.247748234098253306
834377.504354116274043918,-22473.099179451168311061,34817.945070934933028184,7749.299905195966857718
834644.135817563394084573,-23162.037459442948602373,34390.039588801941135898,7629.133371828750568966
834910.767281010514125228,-23842.217239016445091693,33949.128057218971662223,7506.081313089103787206
835657.852039996068924665,-25699.198983192298328504,32645.888715862492972519,7146.329358348222740460
836737.420795609476044774,-28246.448343805375770899,30592.525323121477413224,6589.286063209809981345
837935.651715759653598070,-30868.055634351709159091,28092.043242282830760814,5923.350220852537859173
839015.220471373060718179,-33028.755769016344856936,25654.948313010263518663,5284.482344264431958436
839762.305230358615517616,-34404.899447186842735391,23874.376744270488416078,4822.947006056673671992
840028.936693805735558271,-34871.506825928481703158,23221.449746867743670009,4654.686075864799022384
840295.568157252855598927,-35324.921239778093877248,22559.738310538035875652,4484.664231099121934676
841042.652916238410398364,-36523.645412744488567114,20661.019045802946493495,3999.444643851812088542
842122.221671851817518473,-38063.380312546141794883,17810.418916779060964473,3277.684637082395511243
843320.452592001995071769,-39495.677067344775423408,14517.979841791124272277,2452.991986476819420204
844400.021347615402191877,-40528.087824841379188001,11455.911577567072527017,1693.743172191529311021
845147.106106600956991315,-41095.737555516920110676,9294.147819682819317677,1161.891798335855810365
845413.737570048077031970,-41268.849220528594742063,8515.603250049622147344,971.158273923004458084
845680.369033495197072625,-41426.343730775006406475,7733.835317118334387487,780.057008916989275349
846427.453792480751872063,-41783.962174123233126011,5528.734123173429907183,243.263041544769464508
847507.022548094158992171,-42081.273149105843913276,2314.987252747976526734,-533.284519757308771659
848705.253468244336545467,-42105.674503172507684212,-1267.956269946189877373,-1391.109177752210598555
849784.822223857743665576,-41852.173607990451273508,-4488.557064443435592693,-2155.065863481523592782
850531.906982843298465014,-41524.625703140911355149,-6702.178591551231875201,-2676.196488191887510766
850798.538446290418505669,-41377.792908969080599491,-7487.729531525792481261,-2860.340294094944965764
851065.169909737538546324,-41215.298695139652409125,-8270.447023339747829596,-3043.401539918290382047
851812.254668723093345761,-40677.128228626417694613,-10445.955451438008822151,-3549.971569325845393905
852891.823424336500465870,-39686.460333196686406154,-13533.154713693178564426,-4262.965127529305391363
854090.054344486678019166,-38299.007992015765921678,-16860.603661287623253884,-5023.183475054323935183
855169.623100100085139275,-36798.050666709903453011,-19748.924998282298474805,-5675.409690698017584509
855916.707859085639938712,-35625.120726256085617933,-21677.043804366039694287,-6106.389681454963465512
856183.339322532759979367,-35180.688626981092966162,-22349.879003761951025808,-6255.876369073898786155
856449.970785979880020022,-34722.940031452453695238,-23014.255268814733426552,-6402.995134126949778874
857197.055544965434819460,-33370.927273653607699089,-24828.605517883657739731,-6802.128172351282955788
858276.624300578841939569,-31243.189522120501351310,-27318.742412942905502860,-7342.891631520758892293
859474.855220729019492865,-28655.302037952111277264,-29883.570781688387796748,-7889.631680923747808265
860554.423976342426612973,-26135.647097216660768026,-31999.426963952504593180,-8330.719865324572310783
861301.508735327981412411,-24296.115790143707272364,-33348.205176029565336648,-8605.865503453103883658
861568.140198775101453066,-23621.829166902949509677,-33805.789899414994579274,-8697.913253262799116783
861834.771662222221493721,-22938.601407358877622755,-34250.581378760791267268,-8786.669128694018581882
862581.856421207776293159,-20978.841187000511126826,-35427.297160832902591210,-9017.541420436342377798
863661.425176821183413267,-18038.387190298250061460,-36940.946459836552094202,-9303.675750440948831965
864859.656096971360966563,-14644.565914483126107370,-38352.401626400933309924,-9553.641412799137469847
865939.224852584768086672,-11490.303364652721938910,-39373.497047694421780761,-9716.405727686298632761
866686.309611570322886109,-9264.583108672215530532,-39937.513772841979516670,-9793.815292465329548577
866952.941075017442926764,-8463.224606026979017770,-40110.165502748750441242,-9814.408324905511108227
867219.572538464562967420,-7658.664559412873131805,-40267.640947827305353712,-9831.287668769600713858
867966.657297450117766857,-5389.878431843612816010,-40627.559715997835155576,-9858.753512400871841237
869046.226053063524886966,-2084.893437307742715348,-40934.320290659939928446,-9846.716952352981024887
870244.456973213702440262,1597.615889109395993728,-40977.650280625603045337,-9761.896020930358645273
871324.025728827109560370,4905.794700842957354325,-40748.721611543121980503,-9621.613019109732704237
872071.110487812664359808,7178.548581734239633079,-40442.283434500677685719,-9489.550140154933615122
872337.741951259784400463,7984.873549627690408670,-40303.785811350026051514,-9435.572200466962385690
872604.373414706904441118,8788.178168220658335485,-40150.044037915555236395,-9378.025173143885695026
873351.458173692459240556,11020.314869990588704241,-39638.593171547756355722,-9197.962954432288825046
874431.026929305866360664,14186.335802679901462398,-38692.127952312170236837,-8889.684110342644999037
875629.257849456043913960,17596.601368891431775410,-37361.188338344858493656,-8483.106774312031120644
876708.826605069451034069,20554.846779514162335545,-35917.531730772556329612,-8061.246445519043845707
877455.911364055005833507,22528.528483646823588060,-34787.610556120031105820,-7739.896986729348100198
877722.542827502125874162,23217.036768829679203918,-34359.164353573352855165,-7619.594738718603366578
877989.174290949245914817,23896.766895200744329486,-33917.727459774265298620,-7496.411424304316824418
878736.259049934800714254,25752.396037804137449712,-32613.098840459493658273,-7136.315421769747445069
879815.827805548207834363,28297.462202859682292910,-30557.972617207640723791,-6578.843628026917031093
881014.058725698385387659,30916.390325773212680360,-28055.903143707419076236,-5912.533378359071321029
882093.627481311792507768,33074.504403862818435300,-25617.736497162175510311,-5273.424402504512727319
882840.712240297347307205,34448.791063041862798855,-23836.633905649530788651,-4811.777868110138115298
883107.343703744467347860,34914.724874710147560108,-23183.562416770531854127,-4643.489022957699489780
883373.975167191587388515,35367.462576829610043205,-22521.728891002854652470,-4473.445088620338538021
884121.059926177142187953,36564.280553495955246035,-20622.788180186085810419,-3988.194812391522646067
885200.628681790549308062,38101.263778976586763747,-17772.185344747740600724,-3266.471842138280862855
886398.859601940726861358,39530.571198637517227326,-14480.178491576310989331,-2441.930648223959906318
887478.428357554133981466,40560.406843482625845354,-11418.879649182163120713,-1682.913444933897835654
888225.513116539688780904,41126.369912480200582650,-9257.845106373157250346,-1151.271073754131748501
888492.144579986808821559,41298.902569964047870599,-8479.595979571271527675,-960.620788523725991581
888758.776043433928862214,41455.830847031516896095,-7698.143018903011579823,-769.607538581237918152
889505.860802419483661652,41811.937827471767377574,-5494.017237409997505893,-233.082779978039695834
890585.429558032890781760,42107.281434968223038595,-2281.907024062226810202,543.020981836259920783
891783.660478183068335056,42129.838753733762132470,1298.950166527786223014,1400.288948155668776963
892863.229233796475455165,41875.014950095603126101,4517.477152440453210147,2163.698929888297698199
893610.313992782030254602,41546.750636134085652884,6729.589652240539180639,2684.434602611816899298
893876.945456229150295258,41399.702671189974353183,7514.590967586244914855,2868.435053929484183755
894143.576919676270335913,41237.015094494519871660,8296.753088979658059543,3051.351717495841512573
894890.661678661825135350,40698.418724818322516512,10470.687596139852757915,3557.513174439209251432
895970.230434275232255459,39707.438745163701241836,13555.593051165826182114,4269.913909194581719930
897168.461354425409808755,38320.053160041388764512,16880.531382876979478169,5029.485882018706433882
898248.030110038816928864,36819.513801929067994934,19766.678693113346525934,5681.153543755515784142
898995.114869024371728301,35647.061652216019865591,21693.366430346031847876,6111.766005646098165016
899261.746332471491768956,35202.835045943545992486,22365.709567986326874234,6261.126241804931851220
899528.377795918611809611,34745.310208831055206247,23029.603762876391556347,6408.121081727857927035
900275.462554904166609049,33394.014907581644365564,24842.665646562767506111,6806.922405337429154315
901355.031310517573729157,31267.530169385481713107,27331.123232474594260566,7347.251427598032023525
902553.262230667751282454,28681.284578004371724091,29894.380163318150152918,7893.580198603928693046
903632.830986281158402562,26163.288313328081130749,32009.110379055193334352,8334.367290649342976394
904379.915745266713202000,24324.978589382822974585,33357.280674410132633056,8609.345189492345525650
904646.547208713833242655,23651.138136430290614953,33814.683862119163677562,8701.341401342629978899
904913.178672160953283310,22968.361360694219911238,34259.312203585483075585,8790.050059999588484061
905660.263431146508082747,21009.883016407700779382,35435.670334778784308583,9020.813291688031313242
906739.832186759915202856,18071.297213264351739781,36949.064899094271822833,9306.850743391911237268
907938.063106910092756152,14679.510574810441539739,38360.596907089267915580,9556.791158880589136970
909017.631862523499876261,11526.993599602532412973,39382.070853608027391601,9719.602577527444736916
909764.716621509054675698,9302.408603102650886285,39946.510102682521392126,9797.080530939538220991
910031.348084956174716353,8501.435990182142631966,40119.342935899367148522,9817.704617029341534362
910297.979548403294757009,7697.251154360496002482,40277.014585397999326233,9834.618308944491218426
911045.064307388849556446,5429.460871506968942413,40637.558551282541884575,9862.196855468324429239
912124.633063002256676555,2125.727842732230328693,40945.403407866120687686,9850.361491125275279046
913322.863983152434229851,-1555.670777389002978452,40990.142750511782651301,9765.806400635190584580
914402.432738765841349959,-4863.127950983564915077,40762.623045915228431113,9625.790040790390776237
915149.517497751396149397,-7135.549074771214691282,40457.211865798788494430,9493.920689080759984790
915416.148961198516190052,-7941.789907450809550937,40319.087318461373797618,9440.012704529815891874
915682.780424645636230707,-8745.027976531506283209,40165.721002668811706826,9382.535873888311471092
916429.865183631191030145,-10977.074950074846128700,39655.328009823686443269,9202.669985414413531544
917509.433939244598150253,-14143.215536383673679666,38710.380130389887199271,8894.667908115839964012
918707.664859394775703549,-17553.944698979783424875,37381.058400812566105742,8488.376992088295082795
919787.233615008182823658,-20512.897852569316455629,35938.745472569316916633,8066.743761463779264886
920534.318373993737623096,-22487.216173265042016283,34809.667471662338357419,7745.529299304747837596
920800.949837440857663751,-23175.977626064181094989,34381.502604320572572760,7625.270377399495373538
921067.581300887977704406,-23855.974131247829063796,33940.335674028981884476,7502.127602862249659665
921814.666059873532503843,-25712.418960290837276261,32636.395957812841515988,7142.128769932676732424
922894.234815486939623952,-28258.821505215651995968,30582.072054239626595518,6584.751292782062591868
924092.465735637117177248,-30879.397087589830334764,28080.602155064814724028,5918.478107717443890579
925172.034491250524297357,-33039.096143682712863665,25642.688919613341568038,5279.337314049399537907
925919.119250236079096794,-34414.510332083664252423,23861.593327096557914047,4817.631194884035721770
926185.750713683199137449,-34880.849119349404645618,23208.489984700187051203,4649.313516438203805592
926452.382177130319178104,-35333.991698089128476568,22546.606722735043149441,4479.236856833230376651
927199.466936115873977542,-36531.938437088792852592,20647.429100696444947971,3993.873771218247838988
928279.035691729281097651,-38070.505289912973239552,17796.240196659680805169,3271.936242407170993829
929477.266611879458650947,-39501.455411170973093249,14503.246169558837209479,2447.087215497721899737
930556.835367492865771055,-40532.611860984761733562,11440.780101775219009141,1687.737600889927534809
931303.920126478420570493,-41099.376961038607987575,9278.794603456732147606,1155.837937769458903858
931570.551589925540611148,-41272.170122061623260379,8500.181856478249756037,965.091516100351213936
931837.183053372660651803,-41429.344845599815016612,7718.351600024057916016,773.979654801559149746
932584.267812358215451241,-41786.061644110821362119,5513.105939941275210003,237.167989576127723694
933663.836567971622571349,-42082.058763474145962391,2299.234774371719595365,-539.372573371791077079
934862.067488121800124645,-42104.996258074723300524,-1283.732210436783816476,-1397.145233292305420036
935941.636243735207244754,-41850.180358703830279410,-4504.251221650768457039,-2161.015627149378360627
936688.721002720762044191,-41521.729009148519253358,-6717.759366889135890233,-2682.064945752826133685
936955.352466167882084846,-41374.575695419160183519,-7503.258581156283980818,-2866.175489895398186491
937221.983929615002125502,-41211.762297176617721561,-8285.917850303352679475,-3049.201120063205507904
937969.068688600556924939,-40672.705308022443205118,-10461.231119291433060425,-3555.659499427515584102
939048.637444213964045048,-39680.780809811432845891,-13548.067712925130763324,-4268.461817723589774687
940246.868364364141598344,-38291.976216356546501629,-16875.005355940007575555,-5028.427924787053598266
941326.437119977548718452,-36789.843746870785253122,-19762.777377086349588353,-5680.393804385193107009
942073.521878963103517890,-35616.132567381020635366,-21690.461063937447761418,-6111.174434660392762453
942340.153342410223558545,-35171.427200148827978410,-22363.132590263088786742,-6260.586797511182339804
942606.784805857343599200,-34713.409381996425508987,-23027.339377097036049236,-6407.629280019663383428
943353.869564842898398638,-33360.661841647859546356,-24841.188772745437745471,-6806.539374605349621561
944433.438320456305518746,-31231.918562384355027461,-27330.534775848540448351,-7346.957385960015017190
945631.669240606483072042,-28642.996462949209671933,-29894.401684689295507269,-7893.284994223436115135
946711.237996219890192151,-26122.484534826351591619,-32009.325167001901718322,-8333.978560209803617909
947458.322755205444991589,-24282.410674172126164194,-33357.419130225163826253,-8608.838609033820830518
947724.954218652565032244,-23607.939623423430020921,-33814.753332427259010728,-8700.782335405372577952
947991.585682099685072899,-22924.533561691318027442,-34259.290334080171305686,-8789.432988922852018732
948738.670441085239872336,-20964.300582383340952219,-35435.277006306416296866,-9020.005246062954029185
949818.239196698646992445,-18023.241334571190236602,-36947.830863400013186038,-9305.693221681836803327
951016.470116848824545741,-14628.857321031011451851,-38358.021192974760197103,-9555.149079214572338969
952096.038872462231665850,-11474.193829943778837333,-39377.939114575208805036,-9717.443978924069597269
952843.123631447786465287,-9248.250854993781103985,-39941.125591119605815038,-9794.524940634810263873
953109.755094894906505942,-8446.825424598904646700,-40113.478082537112641148,-9815.000108830960016348
953376.386558342026546597,-7642.204112387802524609,-40270.653155488209449686,-9831.761379145822502323
954123.471317327581346035,-5373.279754030446383695,-40629.724556692184705753,-9858.895572342848026892
955203.040072940988466144,-2068.178894854570444295,-40935.250140957716212142,-9846.379236179411236662
956401.270993091166019440,1614.337159500577172366,-40977.202418317014235072,-9761.028252759577299003
957480.839748704573139548,4922.409439873443261604,-40747.035019623996049631,-9620.273314872725677560
958227.924507690127938986,7195.029014635493695096,-40439.745364265530952252,-9487.888560989793404588
958494.555971137247979641,8001.294145370985461341,-40300.945567825954640284,-9433.796896855412342120
958761.187434584368020296,8804.532928718963376014,-40146.902662313244945835,-9376.136803203715317068
959508.272193569922819734,11036.452339864732493879,-39634.614734067261451855,-9195.761719228521542391
960587.840949183329939842,14202.074981533933168976,-38686.961405223788460717,-8887.042545635755232070
961786.071869333507493138,17611.778383238335663918,-37354.743544953249511309,-8479.996554489554910106
962865.640624946914613247,20569.423575070773949847,-35909.975208997966547031,-8057.733609052919746318
963612.725383932469412684,22542.638397407339653000,-34779.310721812114934437,-7736.117853387725517678
963879.356847379589453340,23230.969485893991077319,-34350.605252828412631061,-7615.723290028074188740
964145.988310826709493995,23910.516802164132968755,-33908.912545535516983364,-7492.449184962204526528
964893.073069812264293432,25765.606480784412269713,-32603.585077572068257723,-7132.106842986895571812
965972.641825425671413541,28309.827574344853928778,-30547.496533833262219559,-6574.300558211767565808
967170.872745575848966837,30927.728251950211415533,-28044.434109424797497923,-5907.651830352916476841
968250.441501189256086946,33084.837299007143883500,-25605.452460951124521671,-5268.271023224436248711
968997.526260174810886383,34458.390815783481230028,-23823.830170344932412263,-4806.454974461434176192
969264.157723621930927038,34924.055732445223839022,-23170.582716656954289647,-4638.109529469774315658
969530.789187069050967693,35376.521704538674384821,-22508.577163907462818315,-4468.010779145912238164
970277.873946054605767131,36572.559239964451990090,-20609.182998966618470149,-3982.618395396425057697
971357.442701668012887239,38108.372551652268157341,-17757.995947659266676055,-3260.719243817395636142
972555.673621818190440536,39536.332622023910516873,-14465.438179673323247698,-2436.022877391782458290
973635.242377431597560644,40564.914927877820446156,-11403.741851934351871023,-1676.905114978717847407
974382.327136417152360082,41129.993659299943828955,-9242.487392665549123194,-1145.215009053345966095
974648.958599864272400737,41302.207625255745369941,-8464.172343668416942819,-954.552414460102909288
974915.590063311392441392,41458.816218882355315145,-7682.658259508293667750,-763.528895360341039122
975662.674822296947240829,41814.021633916971040890,-5478.394806777270787279,-226.988177660865346752
976742.243577910354360938,42108.053150403851759620,-2266.163679025618876040,549.107669369780751367
977940.474498060531914234,42129.149012546746234875,1314.717327580549863342,1406.323634721636153699
979020.043253673939034343,41873.012239468931511510,4533.163437454292761686,2169.647479546202248457
979767.128012659493833780,41543.845928608490794431,6745.162516559213145229,2690.301806721284265222
980033.759476106613874435,41396.478263980141491629,7530.110588118499435950,2874.268632570669524284
980300.390939553733915091,41233.471941229923686478,8312.215014189141584211,3057.149797557930924086
981047.475698539288714528,40693.990203354071127251,10485.955748784415845876,3563.199915674959811440
982127.044454152695834637,39701.754337250531534664,13570.502493005049473140,4275.410321102752277511
983325.275374302873387933,38313.014951665507396683,16894.937288501012517372,5034.731835500439956377
984404.844129916280508041,36811.305138536808954086,19780.529238448827527463,5686.137824982645724958
985151.928888901835307479,35638.071530027547851205,21706.784290554875042289,6116.551506382913430571
985418.560352348955348134,35193.572740861825877801,22378.962790999019489391,6265.837218497030335129
985685.191815796075388789,34735.778336995470453985,23042.688665989066066686,6412.756048468765584403
986432.276574781630188227,33383.747891079881810583,24855.251780139475158649,6811.334935405033320421
987511.845330395037308335,31256.257536161578173051,27342.920452240818121936,7351.319019839035718178
988710.076250545214861631,28668.976739872050529812,29905.218141625649877824,7897.235924253410303209
989789.645006158621981740,26150.123834863919910276,32019.016581850537477294,8337.628692878066431149
990536.729765144176781178,24311.270924963653669693,33366.503816616874246392,8612.321320433738947031
990803.361228591296821833,23637.246894411156972637,33823.656151249320828356,8704.213470134949602652
991069.992692038416862488,22954.291780016294069355,34268.030285894012195058,8792.816989814589760499
991817.077451023971661925,20995.342056701061665080,35443.659181917930254713,9023.280247785414758255
992896.646206637378782034,18056.147589798794797389,36955.960888683694065548,9308.871957320994624752
994094.877126787556335330,14663.794517278844068642,38366.230063595969113521,9558.303043642483316944
995174.445882400963455439,11510.876022277130687144,39386.526877829892328009,9720.645200982444293913
995921.530641386518254876,9286.069820142551179742,39950.135633976016833913,9797.794585689565792563
996188.162104833638295531,8485.029792446903229575,40122.669388981281372253,9818.300851680502091767
996454.793568280758336186,7680.783218063800632081,40280.040804142088745721,9835.096508759655989707
997201.878327266313135624,5412.850387882563154562,40639.738081035189679824,9862.343503568346932298
998281.447082879720255733,2109.002197889279614174,40946.347714153474953491,9850.028388006385284825
999479.678003029897809029,-1572.402014159444661345,40989.709203114442061633,9764.943299316444608849
1000559.246758643304929137,-4879.755550411524382071,40760.950363379190093838,9624.454872388894727919
1001306.331517628859728575,-7152.041347223260345345,40454.687633779416501056,9492.263676781622052658
1001572.962981075979769230,-7958.222097788881910674,40316.260889718141697813,9438.241974808466693503
1001839.594444523099809885,-8761.393726311966020148,40162.593499209644505754,9380.652112821291666478
1002586.679203508654609323,-10993.222352146953198826,39651.363561176665825769,9200.473426065602325252
1003666.247959122061729431,-14158.965873224240567652,38705.226996369550761301,8892.030856543808113202
1004864.478879272239282727,-17569.141803673839604016,37374.622747810717555694,8485.270026289736051694
1005944.047634885646402836,-20527.490607170417206362,35931.199098937715461943,8063.234511354876303812
1006691.132393871201202273,-22501.336551281397987623,34801.380514181517355610,7741.754531271970336093
1006957.763857318321242929,-23189.921088905128272017,34372.956118038695422001,7621.403217210973707552
1007224.395320765441283584,-23869.735341615942161297,33931.532909001529333182,7498.169519078664961853
1007971.480079750996083021,-25725.639760328405827750,32626.894709034742845688,7137.924436173847425380
1009051.048835364403203130,-28271.190784517981228419,30571.613683806383050978,6580.213841917045101582
1010249.279755514580756426,-30890.738722361322288634,28069.151536823574133450,5913.602307015179576410
1011328.848511127987876534,-33049.433047644233738538,25630.423442136030644178,5274.189666991808735474
1012075.933270113542675972,-34424.114328257506713271,23848.808179406987619586,4812.314006323359535600
1012342.564733560662716627,-34890.184533557097893208,23195.528543203734443523,4643.939631549335899763
1012609.196197007782757282,-35343.055390761750459205,22533.473349679716193350,4473.808169132679722679
1013356.280955993337556720,-36540.221029382802953478,20633.843698870161460945,3988.303309217833430012
1014435.849711606744676828,-38077.621029019574052654,17782.065101729273010278,3266.188178764115036756
1015634.080631756922230124,-39507.222118033772858325,14488.524003625021578046,2441.184918656861100317
1016713.649387370329350233,-40537.123811096396821085,11425.665766742526102462,1681.736043493084935108
1017460.734146355884149671,-41103.004507992634898983,9263.462335045336658368,1149.789122164705077012
1017727.365609803004190326,-41275.479535015590954572,8484.781864397493336583,959.029947415263336552
1017993.997073250124230981,-41432.334695307596120983,7702.890573669180412253,767.907837800484685431
1018741.081832235679030418,-41788.150585048235370778,5497.505131343565153657,231.079703558407061337
1019820.650587849086150527,-42082.836022896335634869,2283.511898090998784028,-545.453200311265618438
1021018.881507999263703823,-42104.312546962784836069,-1299.473079328282892675,-1403.172425031415968988
1022098.450263612670823932,-41848.184987479107803665,-4519.906050202289407025,-2166.955414028588165820
1022845.535022598225623369,-41518.833405800127366092,-6733.295154903692491644,-2687.922032389866672020
1023112.166486045345664024,-41371.360590519987454172,-7518.742099682552179729,-2871.999167389401918626
1023378.797949492465704679,-41208.229046180007571820,-8301.342635496086586500,-3054.989043246328037640
1024125.882708478020504117,-40668.287814639792486560,-10476.462105121634522220,-3561.336036945516752894
1025205.451464091427624226,-39675.106934883580834139,-13562.945879382361454191,-4273.949308523716354102
1026403.682384241605177522,-38284.948375622872845270,-16889.383149298228090629,-5033.665565957959188381
1027483.251139855012297630,-36781.646935489268798847,-19776.598869445337186335,-5685.369443730672173842
1028230.335898840567097068,-35607.153574830146681052,-21703.852168200079177041,-6115.951719046993275697
1028496.967362287687137723,-35162.175533310262835585,-22376.360108177719666855,-6265.289757824588377844
1028763.598825734807178378,-34703.888969837069453206,-23040.397682444854581263,-6412.255998902392093441
1029510.683584720361977816,-33350.408932939295482356,-24853.745764025225071236,-6810.943004480859599425
1030590.252340333769097924,-31220.656720446440886008,-27342.307895815178198973,-7351.017031545880854537
1031788.483260483946651220,-28630.695733029988332419,-29905.219656618541193893,-7896.933468651451221376
1032868.052016097353771329,-26109.330673519758420298,-32019.208705851255217567,-8337.231996815748061636
1033615.136775082908570766,-24268.715418586441955995,-33366.618687841641076375,-8611.806485398825316224
1033881.768238530028611422,-23594.060446186300396221,-33823.702420704059477430,-8703.646192039554080111
1034148.399701977148652077,-22910.475686083944310667,-34267.985585231908771675,-8792.191745671989338007
1034895.484460962703451514,-20949.770412656136613805,-35443.243878625973593444,-9022.464100508155752323
1035975.053216576110571623,-18008.103971691565675428,-36954.704533740441547707,-9307.706139651962075732
1037173.284136726288124919,-14613.159782443073709146,-38363.630211542993492913,-9556.652244067141509731
1038252.852892339695245028,-11458.091680413417634554,-39382.372781346603005659,-9718.478109163279441418
1038999.937651325250044465,-9231.929084858189526130,-39944.728823585537611507,-9795.230485403395505273
1039266.569114772370085120,-8430.436761753519022022,-40116.782304026841302402,-9815.587839892703414080
1039533.200578219606541097,-7625.753582185392588144,-40273.657346024447178934,-9832.231098678745183861
1040280.285337205161340535,-5356.691902176073199371,-40631.881851494908914901,-9859.033771339025406633
1041359.854092818568460643,-2051.480757290581095731,-40936.173018523673817981,-9846.037943600760627305
1042558.085012968746013939,1631.032360401909500069,-40976.749273837311193347,-9760.157583419158981997
1043637.653768582153134048,4938.992519024771354452,-40745.345706736057763919,-9618.931500769562262576
1044384.738527567707933486,7211.479507603334241139,-40437.205936526341247372,-9486.225184956343582598
1044651.369991014827974141,8017.684002433799832943,-40298.104668503096036147,-9432.019997840126961819
1044918.001454461948014796,8820.857333919164375402,-40143.761125415134301875,-9374.246959886126205674
1045665.086213447502814233,11052.560218941518542124,-39630.637531526394013781,-9193.559367606578234700
1046744.654969060909934342,14217.782241313851045561,-38681.799181087226315867,-8884.400736929286722443
1047942.885889211203902960,17626.928874014742177678,-37348.303564428853860591,-8476.886164902853124659
1049022.454644824611023068,20583.975408704340225086,-35902.424879590136697516,-8054.220992378441223991
1049769.539403810165822506,22556.720425257488386706,-34771.020379080357088242,-7732.339881130957110145
1050036.170867257285863161,23244.873460924674873240,-34342.056827917316695675,-7611.853336489446519408
1050302.802330704173073173,23924.237818208795943065,-33900.109081733433413319,-7488.488659185225515103
1051049.887089689727872610,25778.786125756018009270,-32594.086180317619437119,-7127.900929769716640294
1052129.455845303134992719,28322.161201206454279600,-30537.039542608283227310,-6569.761321612277242821
1053327.686765453312546015,30939.031491550242208177,-28032.991729908408160554,-5902.776158959533859161
1054407.255521066719666123,33095.139279114111559466,-25593.195757481626060326,-5263.123736564911268943
1055154.340280052274465561,34467.962751802202546969,-23811.053241543824697146,-4801.138076647734123981
1055420.971743499394506216,34933.360519182038842700,-23157.628605206697102403,-4632.735735081350867404
1055687.603206946514546871,35385.555207293495186605,-22495.451608850733464351,-4462.582337071417896368
1056434.687965932069346309,36580.815556688467040658,-20595.602313666106056189,-3977.047475405159730144
1057514.256721545476466417,38115.461614264233503491,-17743.831392479172791354,-3254.972327388790290570
1058712.487641695654019713,39542.074549715158354957,-14450.729740058854076779,-2430.122660239197557530
1059792.056397309061139822,40569.404816696864145342,-11388.641912289871470421,-1670.905916865138578942
1060539.141156294615939260,41133.601484742495813407,-9227.167900041928078281,-1139.168230155150922656
1060805.772619741735979915,41305.498094094444240909,-8448.784528435913671274,-948.492762463345229662
1061072.404083188856020570,41461.787849766493309289,-7667.208931315094559977,-757.458904362376415520
1061819.488842174410820007,41816.094449493102729321,-5462.802887960219777597,-220.901106411802402363
1062899.057597787817940116,42108.816416140201909002,-2250.451122320105241670,555.186641720951570278
1064097.288517937995493412,42128.453665281580470037,1330.452443876616371199,1412.350176146586818504
1065176.857273551402613521,41871.006760253410902806,4548.815674745129399525,2175.587297543986096571
1065923.942032536957412958,41540.940634158818284050,6760.699836178410805587,2696.159854210011872055
1066190.573495984077453613,41393.253773003103560768,7545.595751622811803827,2880.093284298222897633
1066457.204959431197494268,41229.929472945579618681,8327.642163196702313144,3062.938850942130102339
1067204.289718416752293706,40689.564270116170519032,10501.189464418059287709,3568.877640844077177462
1068283.858474030159413815,39696.074671179711003788,13585.379616314061422599,4280.898110816985536076
1069482.089394180336967111,38305.987143291618849616,16909.305620825522055384,5039.967876321737094258
1070561.658149793744087219,36803.106025610664801206,19794.349953406122949673,5691.113869769073062344
1071308.742908779298886657,35629.090828547610726673,21720.175691433440078981,6121.329471843144347076
1071575.374372226418927312,35184.319193902287224773,22392.191522300709038973,6270.541078123141232936
1071842.005835673538967967,34726.256313038014923222,23055.748415297264727997,6417.383733178627153393
1072589.090594659093767405,33373.492945609257731121,24867.812325876839167904,6815.740042830917445826
1073668.659350272500887513,31244.996805884889909066,27354.695540631106268847,7355.379884241653599020
1074866.890270422678440809,28656.684843039081897587,29916.033256177299335832,7900.884722474579575646
1075946.459026036085560918,26136.981799463039351394,32028.897621521715336712,8340.882681711971599725
1076693.543785021640360355,24297.589334865009732312,33375.701493786364153493,8615.289994982140342472
1076960.175248468760401011,23623.381454886392020853,33832.604000428727886174,8707.078298998965692590
1077226.806711915880441666,22940.247732956333493348,34276.724911655051982962,8795.576887048075150233
1077973.891470901435241103,20980.824092849215958267,35451.628141188783047255,9025.740904669579322217
1079053.460226514842361212,18041.024430438650597353,36962.837942968959396239,9310.887122091773562715
1080251.691146665019914508,14648.111591544005932519,38371.844771238524117507,9559.809109374189574737
1081331.259902278427034616,11494.786062383225726080,39390.969013477704720572,9721.682915047775168205
1082078.344661263981834054,9269.756368095664583961,39953.749453262287715916,9798.504174154584688949
1082344.976124711101874709,8468.648313000961934449,40125.984787838955526240,9818.892756644721885095
1082611.607588158221915364,7664.341009666512036347,40283.056292800451046787,9835.570478637664564303
1083358.692347143776714802,5396.269333411109982990,40641.907847244874574244,9862.486242241278887377
1084438.261102757183834910,2092.310866081940730510,40947.284309000373468734,9849.691996015701079159
1085636.492022907361388206,-1589.096016954829565293,40989.270950642334355507,9764.077724315302475588
1086716.060778520768508315,-4896.338678614297350578,40759.276573502422252204,9623.118312233882534201
1087463.145537506323307753,-7168.493966621363142622,40452.163865192676894367,9490.605554875817688298
1087729.777000953443348408,-7974.615324268273070629,40313.435548376713995822,9436.470279726772787399
1087996.408464400563389063,-8777.722026015913797892,40159.467517563512956258,9378.767464721329815802
1088743.493223386118188500,-11009.334304423178764409,39647.402123533654958010,9198.276326857881940668
1089823.061978999525308609,-14174.677442508042076952,38700.080798282826435752,8889.394363406478078105
1091021.292899149702861905,-17584.293778824634500779,37368.200395166655653156,8482.165403117471214500
1092100.861654763109982014,-20542.043564936790062347,35923.667199244919174816,8059.727846554783354804
1092847.946413748664781451,-22515.421917417919758009,34793.107713659272121731,7737.982224967744514288
1093114.577877195784822106,-23203.829228813443478430,34364.424818546001915820,7617.538801699291980185
1093381.209340642904862761,-23883.461148548001801828,33922.746243699948536232,7494.214429651869068039
1094128.294099628459662199,-25738.828772825308988104,32617.409402622928610072,7133.723050652662095672
1095207.862855241866782308,-28283.535586534613685217,30561.168417902055807645,6575.678602877330376941
1096406.093775392044335604,-30902.051580636918515665,28057.721782821347005665,5908.730844043162505841
1097485.662531005451455712,-33059.747970818098110612,25618.174772726652008714,5269.045362314805970527
1098232.747289991006255150,-34433.697966091567650437,23836.040047855105513008,4807.000277297069260385
1098499.378753438126295805,-34899.500139278708957136,23182.584190556473913603,4638.569249230265086226
1098766.010216885246336460,-35352.100050394416030031,22520.356779415593337035,4468.382935719804663677
1099513.094975870801135898,-36548.488797109850565903,20620.270576535145664820,3982.735225137848829036
1100592.663731484208256006,-38084.720518513975548558,17767.908339792258630041,3260.444149273424500279
1101790.894651634385809302,-39512.971638362323574256,14473.828319657379324781,2435.288825431240184116
1102870.463407247792929411,-40541.622752564922848251,11410.572312871237954823,1675.739421213468631322
1103617.548166233347728848,-41106.620202266887645237,9248.151709294721513288,1143.745519867362872901
1103884.179629680467769504,-41278.777445179417554755,8469.404122920814188547,952.973773576662551932
1104150.811093127587810159,-41435.313481165539997164,7687.452043482847329869,761.841508268118104752
1104897.895852113142609596,-41790.229517803396447562,5481.929005090001737699,224.997527773346632785
1105977.464607726549729705,-42083.605389677541097626,2267.812642012233936839,-551.527842181278401767
1107175.695527876727283001,-42103.622877941037586424,-1315.195488150511209824,-1409.194713406573555403
1108255.264283490134403110,-41846.184605351489153691,-4535.546816591553579201,-2172.891193499054679705
1109002.349042475689202547,-41515.932452930588624440,-6748.823103993364384223,-2693.776468440118605940
1109268.980505922809243202,-41368.140175444539636374,-7534.218302544180914992,-2877.820276927124268695
1109535.611969369929283857,-41204.690260661380307283,-8316.761730249978427310,-3060.774738164231621340
1110282.696728355484083295,-40663.864473664943943731,-10491.689479752840270521,-3567.010715632234223449
1111362.265483968891203403,-39669.429921072420256678,-13577.813532096517519676,-4279.433190490020024299
1112560.496404119068756700,-38277.921588629345933441,-16903.743408944923430681,-5038.897847502040349355
1113640.065159732475876808,-36773.449541111411235761,-19790.408367606120009441,-5690.340852161111797614
1114387.149918718030676246,-35598.175792721340258140,-21717.229582684878550936,-6120.724311414523072017
1114653.781382165150716901,-35152.926012210380577017,-22389.573000120977667393,-6269.987791075025597820
1114920.412845612270757556,-34694.370916821993887424,-23053.441533618555695284,-6416.877802599748974899
1115667.497604597825556993,-33340.155473196333332453,-24866.293193352936214069,-6815.342719709512493864
1116747.066360211232677102,-31209.395848153581027873,-27354.070692810564651154,-7355.072491767745304969
1117945.297280361410230398,-28618.397650714261544636,-29916.026796542009833502,-7900.577549840011670312
1119024.866035974817350507,-26096.182293084799312055,-32029.080175221410172526,-8340.480713460443439544
1119771.950794960372149944,-24255.023519260808825493,-33375.808440871835045982,-8614.770063505251528113
1120038.582258407492190599,-23580.185134619903692510,-33832.641571256564930081,-8706.505710051853384357
1120305.213721854612231255,-22896.421805804682662711,-34276.671026079115108587,-8794.946176672627188964
1121052.298480840167030692,-20935.248218858909240225,-35451.199256560634239577,-9024.918275246671328205
1122131.867236453574150801,-17992.979027284054609481,-36961.565735793643398210,-9309.714192695995734539
1123330.098156603751704097,-14597.476153800926113036,-38369.227732576378912199,-9558.150756265593372518
1124409.666912217158824205,-11442.005678015153534943,-39386.795683581156481523,-9719.507781873791827820
1125156.751671202713623643,-9215.620923342909009079,-39948.322864821617258713,-9795.931864996511649224
1125423.383134649833664298,-8414.060427761518440093,-40120.077892057677672710,-9816.171501143220666563
1125690.014598096953704953,-7609.316419622768080444,-40276.652978054873528890,-9832.696789313153203693
1126437.099357082508504391,-5340.118725393261229328,-40634.031198472206597216,-9859.168115236212543095
1127516.668112695915624499,-2034.795810642723381534,-40937.089199772461142857,-9845.693059978253586451
1128714.899032846093177795,1647.724815976828040220,-40976.290208355851063970,-9759.283257768012845190
1129794.467788459500297904,4955.581127244488925498,-40743.649723231028474402,-9617.585669793914348702
1130541.552547445055097342,7227.933753489081027510,-40434.659763201940222643,-9484.557851581415889086
1130808.184010892175137997,8034.078347301358917321,-40295.256786934165575076,-9430.239078679545855266
1131074.815474339295178652,8837.185255401453105151,-40140.612683121209556703,-9372.353153713889696519
1131821.900233324849978089,11068.670082246371748624,-39626.653517358514363877,-9191.353158102960151155
1132901.468988938257098198,14233.499998474881067523,-38676.626854731410276145,-8881.754135033650527475
1134099.699909088434651494,17642.096699350680864882,-37341.849119871534639969,-8473.769857255530951079
1135179.268664701841771603,20598.538027043759939261,-35894.861614608482341282,-8050.703093619177707296
1135926.353423687396571040,22570.813453828905039700,-34762.715918660011084285,-7728.556414700914501736
1136192.984887134516611695,23258.788701092631526990,-34333.493712981224234682,-7607.977773563418850244
1136459.616350581636652350,23937.971113374980632216,-33891.289827624394092709,-7484.522263643051701365
1137206.701109567191451788,25791.983769521670183167,-32584.565864188840350835,-7123.687736967542150524
1138286.269865180598571897,28334.510406248136860086,-30526.560289369972451823,-6565.214798649025397026
1139484.500785330776125193,30950.351674752440885641,-28021.522163690460729413,-5897.892145397385320393
1140564.069540944183245301,33105.458100249226845335,-25580.907911250531469705,-5257.967315276595400064
1141311.154299929738044739,34477.548184538492932916,-23798.246421621930494439,-4795.812539913144064485
1141577.785763376858085394,34942.677099439759331290,-23144.645911806681397138,-4627.353699085583684791
1141844.417226823978126049,35394.599431393246049993,-22482.297976617435779190,-4457.145842310222178639
1142591.501985809532925487,36589.078466151877364609,-20581.997259563351690304,-3971.469612167538798531
1143671.070741422940045595,38122.555362016966682859,-17729.641762889816163806,-3249.218519437298255070
1144869.301661573117598891,39547.818026424080017023,-14435.998095707642278285,-2424.216275737563591974
1145948.870417186524719000,40573.896323446257156320,-11373.511905852372365189,-1664.899087678638807120
1146695.955176172079518437,41137.209145008877385408,-9211.818653149499368737,-1133.114067168329029300
1146962.586639619199559093,41308.787302630087651778,-8433.369333201892004581,-942.426368006297025204
1147229.218103066319599748,41464.757598198695632163,-7651.732630588094252744,-751.382329784540161199
1147976.302862051874399185,41818.163360217869922053,-5447.188002875939673686,-214.808589650558957374
1149055.871617665281519294,42109.574110365640081000,-2234.712368526881164144,561.271605471646353180
1150254.102537815459072590,42127.750522519883816130,1346.210807435439619439,1418.381742476481804260
1151333.671293428866192698,41868.992067061990383081,4564.487051019086720771,2181.530939980426865077
1152080.756052414420992136,41538.025585364870494232,6776.252985504202115408,2702.020797137561203272
1152347.387515861541032791,41390.019149410269164946,7561.096914441463923140,2885.920818655954917631
1152614.018979308893904090,41226.376727340670186095,8343.084365709448320558,3068.730513632468500873
1153361.103738294448703527,40685.126875348090834450,10516.439034652752525290,3574.558016381943616580
1154440.672493907855823636,39690.383521485389792360,13600.268449718825650052,4286.387390105529448192
1155638.903414058033376932,38298.944738122219860088,16923.689231287316943053,5045.205999722706110333
1156718.472169671440497041,36794.892928577217389829,19808.181737390070338733,5696.090851752030175703
1157465.556928656995296478,35620.099404235872498248,21733.571514781760924961,6126.106767259680054849
1157732.188392104115337133,35175.055513940467790235,22405.423493574933672789,6275.243964748244252405
1157998.819855551235377789,34716.723711038008332253,23068.811776567199558485,6422.010487556336556736
1158745.904614536790177226,33363.226039641900570132,24880.377489689202775480,6820.144330375597746752
1159825.473370150197297335,31233.719765287445625290,27366.478726111439755186,7359.440520029928848089
1161023.704290300374850631,28644.367780783850321313,29926.862568269014445832,7904.534392199499052367
1162103.273045913781970739,26123.813368034981976962,32038.791088611200393643,8344.136982504593106569
1162850.357804899336770177,24283.875740854353352915,33384.913655781674606260,8618.259262995274184505
1163116.989268346456810832,23609.483214757183304755,33841.566083290184906218,8709.943618742057878990
1163383.620731793576851487,22926.171087710699794115,34285.432857585634337738,8798.337040901580621721
1164130.705490779131650925,20966.276104480064532254,35459.606867221104039345,9028.200980269903084263
1165210.274246392538771033,18025.873318064615887124,36969.721193150391627569,9312.900837647397565888
1166408.505166542716324329,14632.400455483944824664,38377.463249824890226591,9561.313080284407988074
1167488.073922156123444438,11478.671113512009469559,39395.411804879760893527,9722.717834151953866240
1168235.158681141678243876,9253.420936928761875606,39957.361935501401603688,9799.210550799827615265
1168501.790144588798284531,8452.247352694101209636,40129.297929397820553277,9819.481289757679405739
1168768.421608035918325186,7647.878712397283379687,40286.069280674208130222,9836.040998660100740381
1169515.506367021473124623,5379.673015292777563445,40644.073441987166006584,9862.625250512051934493
1170595.075122634880244732,2075.602737664748019597,40948.215679493718198501,9849.351585033455194207
1171793.306042785057798028,-1605.807233553855439823,40988.826024726542527787,9763.207793112176659633
1172872.874798398464918137,-4912.943536848698386166,40757.594245093845529482,9621.776865942432777956
1173619.959557384019717574,-7184.965894441590535280,40449.630705659299565013,9488.942436992572766030
1173886.591020831139758229,-7991.026835951116481738,40310.600595050120318774,9434.693575230678106891
1174153.222484278259798884,-8794.066552720049003256,40156.331944853780441917,9376.877879383982872241
1174900.307243263814598322,-11025.461738241352577461,39643.430269235293962993,9196.074154967831418617
1175979.875998877221718431,-14190.409805366121872794,38694.920871152433392126,8886.751940174537594430
1177178.106919027399271727,-17599.467714873622753657,37361.761450629317550920,8479.054231364563747775
1178257.675674640806391835,-20556.621113360008166637,35916.114845486808917485,8056.213740623518788198
1179004.760433626361191273,-22529.533444726701418404,34784.811461791941837873,7734.201795671693616896
1179271.391897073481231928,-23217.762634958133276086,34355.869826286791067105,7613.666257253206822497
1179538.023360520601272583,-23897.212245389662712114,33913.935060305746446829,7490.251042396497723530
1180285.108119506156072021,-25752.038216396023926791,32607.900782710206840420,7129.513867164875591698
1181364.676875119563192129,-28295.897092651019192999,30550.699815528976614587,6571.135789233359901118
1182562.907795269740745425,-30913.381787497160985367,28046.264348817392601632,5903.850908619273468503
1183642.476550883147865534,-33070.073411066172411665,25605.902639891693979735,5263.893922925597507856
1184389.561309868702664971,-34443.291301928409666289,23823.247170728631317616,4801.679237532735896821
1184656.192773315822705626,-34908.825710492194048129,23169.613799379567353753,4633.191279756202675344
1184922.824236762942746282,-35361.153432747138140257,22507.215039999489818001,4462.950395747428046889
1185669.908995748497545719,-36556.761794432823080570,20606.675292425952648045,3977.160759777106704860
1186749.477751361904665828,-38091.822471318911993876,17753.730965236831252696,3254.694352198775504803
1187947.708671512082219124,-39518.725569960915890988,14459.101852561367195449,2429.384676236567884189
1189027.277427125489339232,-40546.124377161846496165,11395.445093593718411284,1669.734254198561529847
1189774.362186111044138670,-41110.237859054199361708,9232.802127104127066559,1137.692275643963284892
1190040.993649558164179325,-41282.076611936383415014,8453.987036005226400448,946.907928283976616513
1190307.625113005284219980,-41438.292859618479269557,7671.973498006522277137,755.765409560847615467
1191054.709871990839019418,-41792.307502404379192740,5466.307610488114733016,218.904493267771186993
1192134.278627604246139526,-42084.370162983817863278,2252.068196610018731008,-557.613045161394325078
1193332.509547754423692822,-42102.924607830696913879,-1330.962272737057901395,-1415.227060870362265632
1194412.078303367830812931,-41844.172635206501581706,-4551.226655140805632982,-2178.835504632454558305
1195159.163062353385612369,-41513.018401195076876320,-6764.385899279555815156,-2699.638262434053558536
1195425.794525800505653024,-41364.906300623450079001,-7549.727475023924853303,-2883.648242479471264232
1195692.425989247625693679,-41201.137866353463323321,-8332.211271990345267113,-3066.566638365406106459
1196439.510748233180493116,-40659.426802038273308426,-10506.943206555699362070,-3572.690481241678753577
1197519.079503846587613225,-39663.736899499475839548,-13592.705410573493281845,-4284.921438300655609055
1198717.310423996765166521,-38270.876550008273625281,-16918.126886932510387851,-5044.134015623371851689
1199796.879179610172286630,-36765.232248574393452145,-19804.239449666085420176,-5695.315559001131987316
1200543.963938595727086067,-35589.176352713373489678,-21730.628481715957605047,-6125.500030706064535480
1200810.595402042847126722,-35143.653355966947856359,-22402.808549756911816075,-6274.689158141500229249
1201077.226865489967167377,-34684.828819251022650860,-23066.508285563744721003,-6421.502939819729363080
1201824.311624475521966815,-33329.879646228342608083,-24878.858600851821393007,-6819.744539934710701345
1202903.880380088929086924,-31198.112684210507723037,-27365.848232879441638943,-7359.129157003489126510
1204102.111300239106640220,-28606.084955432608694537,-29926.838762572180712596,-7904.220534143829354434
1205181.680055852513760328,-26083.015688839910581009,-32038.957941686876438325,-8343.728487032229168108
1205928.764814838068559766,-24241.313646470294770552,-33385.003168587471009232,-8617.732323560265285778
1206195.396278285188600421,-23566.290292476522154175,-33841.586340127323637716,-8709.364001716003258480
1206462.027741732308641076,-22882.348313074984616833,-34285.361714438004128169,-8797.699269518536311807
1207209.112500717863440514,-20920.702070696643204428,-35459.161172456602798775,-9027.371253277824507677
1208288.681256331270560622,-17977.830234823079081252,-36968.431418772954202723,-9311.720492439866575296
1209486.912176481448113918,-14581.761822769636637531,-38374.830125961532758083,-9559.647371565917637781
1210566.480932094855234027,-11425.884203938174323412,-39391.222377009602496400,-9720.535136548714945093
1211313.565691080410033464,-9199.279096524611304631,-39951.918389772850787267,-9796.630403308477980318
1211580.197154527530074120,-8397.651436543956151581,-40123.374120937507541385,-9816.752140816159226233
1211846.828617974650114775,-7592.847386152920080349,-40279.648491492022003513,-9833.159293258464458631
1212593.913376960204914212,-5323.515553815740531718,-40636.178511441525188275,-9859.298856954004804720
1213673.482132573612034321,-2018.081028199006823343,-40938.001064364791091066,-9845.344035328291283804
1214871.713052723789587617,1664.442066070145074264,-40975.824445054597163107,-9758.404372705836067325
1215951.281808337196707726,4972.188579068229046243,-40741.945730846353399102,-9616.235154065081587760
1216698.366567322751507163,7244.406581310707224475,-40432.104540066815388855,-9482.885622732272167923
1216964.998030769871547818,8050.492664011045235384,-40292.399208141279814299,-9428.453085793631544220
1217231.629494216991588473,8853.533679390597171732,-40137.454010998364537954,-9370.454146309823045158
1217978.714253202546387911,11084.800684365083725424,-39622.657957170318695717,-9189.141469203334054328
1219058.283008815953508019,14249.230987551871294272,-38671.443619476369349286,-8879.102474446668566088
1220256.513928966131061316,17657.262919759341457393,-37335.388745923984970432,-8470.650164909262457513
1221336.082684579538181424,20613.103482568840263411,-35887.289853947979281656,-8047.181181043921242235
1222083.167443565092980862,22584.911033888813108206,-34754.401439129978825804,-7724.768601667482471385
1222349.798907012213021517,23272.708772571731969947,-34324.920171461722929962,-7604.097787837930809474
1222616.430370459333062172,23951.707370006843120791,-33882.461147491238079965,-7480.551762574563326780
1223363.515129444887861609,25805.175954727405041922,-32575.041829981324553955,-7119.472108782149007311
1224443.083885058294981718,28346.849339208678429713,-30516.081662350636179326,-6560.667137396330872434
1225641.314805208472535014,30961.658136400295916246,-28010.057731980552489404,-5893.008319908300109091
1226720.883560821879655123,33115.756735537623171695,-25568.634684668264526408,-5252.813671227937447838
1227467.968319807434454560,34487.115014790753775742,-23785.454218578008294571,-4790.489848090692248661
1227734.599783254554495215,34951.976214977024937980,-23131.676960505363240372,-4621.974309022662964708
1228001.231246701674535871,35403.627298643426911440,-22469.157156028555618832,-4451.711782374760332459
1228748.316005687229335308,36597.328827141151123215,-20568.400622643417591462,-3965.893148379022477457
1229827.884761300636455417,38129.637054907470883336,-17715.461890430844505318,-3243.466589762929288554
1231026.115681450814008713,39553.553138633702474181,-14421.269843796062559704,-2418.310346224940076354
1232105.684437064221128821,40578.379737278621178120,-11358.385963119791995268,-1658.893046829388822516
1232852.769196049775928259,41140.809200331183092203,-9196.472789365345306578,-1127.060642979339718295
1233119.400659496895968914,41312.069461673556361347,-8417.955336628596342052,-936.360220465832526315
1233386.032122944016009569,41467.720387222740100697,-7636.257316129470382293,-745.305994232806142463
1234133.116881929570809007,41820.225892150265281089,-5431.570555387911554135,-208.715574956232217119
1235212.685637542977929115,42110.324987501931900624,-2218.976799191473674000,567.355496981674946255
1236410.916557693155482411,42127.040895883619668894,1361.965387686681879131,1424.411898898257732071
1237490.485313306562602520,41866.970271477795904502,4580.162130275656636513,2187.474766579147399170
1238237.570072292117401958,41535.102193149068625644,6791.815433108754405112,2707.883107211805054249
1238504.201535739237442613,41386.775910507109074388,7576.607701422010904935,2891.749747452483461529
1238770.832999186357483268,41222.814812485237780493,8358.537724607487689354,3074.523879590943579387
1239517.917758171912282705,40680.680515398969873786,10531.696450396584623377,3580.239188544640455802
1240597.486513785319402814,39684.682972484086349141,13615.164089765745302429,4291.877037545194980339
1241795.717433935496956110,38291.896493732499948237,16938.070202461713051889,5050.442144430105145148
1242875.286189548904076219,36786.673274921333359089,19822.012203373869851930,5701.065998231854791811
1243622.370948534458875656,35611.097070382762467489,21746.972588588047074154,6130.883583461588386854
1243889.002411981578916311,35165.781002457042632159,22418.660267185605334817,6279.946231663221624331
1244155.633875428698956966,34707.180562164656294044,23081.879223340318276314,6426.636423374311561929
1244902.718634414253756404,33352.949559960368787870,24892.944739626622322248,6824.547252030251001997
1245982.287390027660876513,31222.440309088320645969,27378.255467868872074177,7363.497807757887130720
1247180.518310177838429809,28632.056085332664224552,29937.678802397382241907,7908.179199971856178308
1248260.087065791245549917,26110.648232310253661126,32048.674390624913939973,8347.386960103498495300
1249007.171824776800349355,24270.168679050471837400,33394.114025807750294916,8621.223837756941065891
1249273.803288223920390010,23595.592455796366266441,33850.516035886234021746,8712.804167235475688358
1249540.434751671040430665,22912.101737557175511029,34294.129099168858374469,8801.092499615564520354
1250287.519510656595230103,20951.735439934200257994,35467.574665969950729050,9030.656492958602029830
1251367.088266270002350211,18010.726115217898041010,36976.596135338673775550,9314.910460599956422811
1252565.319186420179903507,14616.689640286807843950,38383.075393253253423609,9562.813278245836045244
1253644.887942033587023616,11462.558267102875106502,39399.847965047403704375,9723.748917680561135057
1254391.972701019141823053,9237.085582308111042948,39960.968453373912780080,9799.913180470181032433
1254658.604164466261863708,8435.843769701266865013,40132.605690215590584558,9820.066140463328338228
1254925.235627913381904364,7631.414130083006966743,40289.076797608977358323,9836.507819539352567517
1255672.320386898936703801,5363.069034303605803871,40646.234202720450412016,9862.760565776756266132
1256751.889142512343823910,2058.885597452487672854,40949.141734727461880539,9849.007333841536819818
1257950.120062662521377206,-1622.527995326605832815,40988.374990574608091265,9762.333838445663786842
1259029.688818275928497314,-4929.561851382511122210,40755.904594771745905746,9620.431037239270153805
1259776.773577261483296752,-7201.450537208027526503,40447.089550862547184806,9487.274826296927130898
1260043.405040708603337407,-8007.452410497377968568,40307.757125222458853386,9432.912230974263366079
1260310.036504155723378062,-8810.427211124178938917,40153.187131677434081212,9374.983440908743432374
1261057.121263141278177500,-11041.604275153511480312,39639.448430667907814495,9193.867021623167602229
1262136.690018754685297608,-14206.150271739066738519,38689.751884487202914897,8884.105032283510809066
1263334.920938904862850904,-17614.656469941463001305,37355.309403289895271882,8475.937529196515242802
1264414.489694518269971013,-20571.204205207399354549,35908.552617936751630623,8052.695218578643107321
1265161.574453503824770451,-22543.646470769239385845,34776.507131732578272931,7730.417561404669868352
1265428.205916950944811106,-23231.699001496028358815,34347.305681486883258913,7609.789641288192797219
1265694.837380398064851761,-23910.964867064933059737,33905.115483828602009453,7486.283831970245955745
1266441.922139383619651198,-25765.253753392709768377,32598.379902604603557847,7125.299901801988198713
1267521.490894997026771307,-28308.264792957212193869,30540.217474423872772604,6566.587969603753663250
1268719.721815147204324603,-30924.719924062024801970,28034.789487887679570122,5898.965197680236087763
1269799.290570760611444712,-33080.407208496450039092,25593.610159868749178713,5258.736149997597749461
1270546.375329746166244149,-34452.890719788360001985,23810.435013166254066164,4796.352288320953448419
1270813.006793193286284804,-34918.155946243801736273,23156.625469621234515216,4627.807798718021331297
1271079.638256640406325459,-35370.210771502992429305,22494.055777434368792456,4457.512502446518737997
1271826.723015625961124897,-36565.038337782127200626,20593.061267492688784841,3971.580775661766892881
1272906.291771239368245006,-38098.928848875053517986,17739.529621285906614503,3248.937933911609434290
1274104.522691389545798302,-39524.481081065547186881,14444.352797937070135958,2423.474506146733801870
1275184.091447002952918410,-40550.624332954779674765,11380.300004248048935551,1663.724459576045774156
1275931.176205988507717848,-41113.852016300385002978,9217.438336668690681108,1131.635453702624090511
1276197.807669435627758503,-41285.371699023096880410,8438.557210060753277503,940.838917128804496315
1276464.439132882747799158,-41441.268007014732575044,7656.481745859149668831,749.686082384033625203
1277211.523891868302598596,-41794.380200172323384322,5450.675680949386332941,212.809024292522792621
1278291.092647481709718704,-42085.128752008487936109,2236.315016878232199815,-563.700044293456130617
1279489.323567631887272000,-42102.219642827702045906,-1346.731409177680006906,-1421.259460876998218737
1280568.892323245294392109,-41842.153453476632421371,-4566.911426022063096752,-2184.780291119860976323
1281315.977082230849191546,-41510.096159985805570614,-6779.957367331083332829,-2705.501277630647564365
1281582.608545677969232202,-41361.663642184859781992,-7565.247336561466909188,-2889.477852490484565351
1281849.240009125089272857,-41197.576107227112515830,-8347.673063294270832557,-3072.360497849493640388
1282596.324768110644072294,-40654.979164964417577721,-10522.208526027605330455,-3578.371913367059278244
1283675.893523724051192403,-39658.034364144776191097,-13607.604532020885017118,-4290.410155044570274185
1284874.124443874228745699,-38263.821668041520752013,-16932.516307432015310042,-5049.370152981294268102
1285953.693199487635865808,-36757.002503527917724568,-19818.079577502339816419,-5700.290754975932031812
1286700.777958473190665245,-35580.163089091322035529,-21744.037188293084909674,-6130.276283544275429449
1286967.409421920310705900,-35134.367717616645677481,-22416.052142196382192196,-6279.390623112398316152
1287234.040885367430746555,-34675.273826197560993023,-23079.582512134515127400,-6426.128006441475918109
1287981.125644352985545993,-33319.588408268726198003,-24891.433530708880425664,-6824.146619453044877446
1289060.694399966392666101,-31186.814040947596367914,-27377.633473703368508723,-7363.185516057310451288
1290258.925320116570219398,-28593.749599477017909521,-29937.663107420194137376,-7907.864015345752704889
1291338.494075729977339506,-26069.828082971263938816,-32048.844389984278677730,-8346.975812031370878685
1292085.578834715532138944,-24227.584696388777956599,-33394.203858060136553831,-8620.693469514584649005
1292352.210298162652179599,-23552.378613856602896703,-33850.535164498171070591,-8712.220759908124819049
1292618.841761609772220254,-22868.258110831535304897,-34294.056023436169198249,-8800.450707222031269339
1293365.926520595327019691,-20906.140936647250782698,-35467.124786646068969276,-9029.822106738074580790
1294445.495276208734139800,-17962.661647183787863469,-36975.299883156956639141,-9313.724733962535538012
1295643.726196358911693096,-14566.036080170511922915,-38380.430531787780637387,-9561.140947463296470232
1296723.294951972318813205,-11409.759521038922684966,-39395.644002024775545578,-9721.558890430003884831
1297470.379710957873612642,-9182.933739815800436190,-39955.508830077174934559,-9797.325310535341486684
1297737.011174404993653297,-8381.239285396775812842,-40126.665147699779481627,-9817.329126174050543341
1298003.642637852113693953,-7576.373736155171172868,-40282.639032834391400684,-9833.618156061083936947
1298750.727396837668493390,-5306.902024276524571178,-40638.321397557032469194,-9859.425932114596434985
1299830.296152451075613499,-2001.355361963010864201,-40938.907767975768365432,-9844.991157971475331578
1301028.527072601253166795,1681.167643364567993558,-40975.352671950793592259,-9757.521519167876249412
1302108.095828214660286903,4988.811022413542559661,-40740.234296996663033497,-9614.880187176107938285
1302855.180587200215086341,7260.890989874364095158,-40429.541562182974303141,-9481.208988442382178619
1303121.812050647335126996,8066.916437799593950331,-40289.534010641422355548,-9426.662788228099088883
1303388.443514094455167651,8869.890143883276323322,-40134.287791924150951672,-9368.550902107670481200
1304135.528273080009967089,11100.937163876329577761,-39618.654859187423426192,-9186.925645113436985412
1305215.097028693417087197,14264.965204877029464114,-38666.253073431449593045,-8876.446875625355460215
1306413.327948843594640493,17672.444496345309744356,-37328.915081360995827708,-8467.524884440257665119
1307492.896704457001760602,20627.685644779769063462,-35879.702266747241083067,-8043.653138622157712234
1308239.981463442556560040,22599.019078045457717963,-34746.073488869566062931,-7720.975461689278745325
1308506.612926889676600695,23286.638933718440966913,-34316.333012250521278474,-7600.212478358736916562
1308773.244390336796641350,23965.453898623247368960,-33873.618339949025539681,-7476.575840402223548153
1309520.329149322351440787,25818.383819985687296139,-32565.498442945074202726,-7115.249754054552795424
1310599.897904935758560896,28359.209286821940622758,-30505.576348055321432184,-6556.110988376827663160
1311798.128825085936114192,30972.979970492913707858,-27998.568145607212500181,-5888.116678940177735058
1312877.697580699343234301,33126.076187006146938074,-25556.325841372356080683,-5247.649718664078136499
1313624.782339684898033738,34496.701013938662072178,-23772.624748669510154286,-4785.156605487069100491
1313891.413803132018074393,34961.292827750919968821,-23118.671686975376360351,-4616.584677698800078360
1314158.045266579138115048,35412.671593935599958058,-22455.980170544626162155,-4446.267587026971341402
1314905.130025564692914486,36605.592483219457790256,-20554.768759658771159593,-3960.306970524325606675
1315984.698781178100034595,38136.729981192089326214,-17701.244053859667474171,-3237.704515953003465256
1317182.929701328277587891,39559.293587209009274375,-14406.509127476891080732,-2412.395937651026997628
1318262.498456941684707999,40582.865028764696035068,-11343.229940244586032350,-1652.879367498977899231
1319009.583215927239507437,41144.408859892486361787,-9181.099260628754564095,-1121.000343470767120380
1319276.214679374359548092,41315.350441058639262337,-8402.514765048537810799,-930.287524004311308090
1319542.846142821479588747,41470.681251918795169331,-7620.756566243923771253,-739.223447105114246369
1320289.930901807034388185,41822.284991559921763837,-5415.928390822328765353,-202.616687079126194249
1321369.499657420441508293,42111.070599505306745414,-2203.213581695157245122,573.445731102843410554
1322567.730577570619061589,42126.323510875125066377,1377.747995066394651076,1430.448220382915224036
1323647.299333184026181698,41864.939985352924850304,4595.852302756206881895,2193.421464026483135967
1324394.384092169580981135,41532.170175967694376595,6807.388674942226316489,2713.747132755686379824
1324661.015555616701021791,41383.524184644287743140,7592.127381732900175848,2897.579896969004039420
1324927.647019063821062446,41219.244439895832329057,8373.998907947865518508,3080.318167968772741006
1325674.731778049375861883,40676.224617464460607152,10546.963643104798393324,3585.921602171987615293
1326754.300533662782981992,39678.970859578257659450,13630.072277141145605128,4297.368367612424663093
1327952.531453812960535288,38284.830065317022672389,16952.474523150056484155,5055.682203505974030122
1329032.100209426367655396,36778.433891631284495816,19835.864157491632795427,5706.044419117711186118
1329779.184968411922454834,35602.075595709327899385,21760.391423201912402874,6135.662695688694839191
1330045.816431859042495489,35156.486983641865663230,22431.914482612213760149,6284.650673406589703518
1330312.447895306162536144,34697.617663302065921016,23094.963618548463273328,6431.264374909016623860
1331059.532654291717335582,33342.651338121875596698,24905.529283624135132413,6828.952125758201873396
1332139.101409905124455690,31211.132479133593733422,27390.053585619160003262,7367.557723333249668940
1333337.332330055302008986,28619.712408478433644632,29948.515642014910554281,7911.826228111027376144
1334416.901085668709129095,26097.455900796947389608,32058.570946643612842308,8350.637420194072547019
1335163.985844654263928533,24256.437633511399326380,33403.323528324319340754,8624.187928104849561350
1335430.617308101383969188,23581.677981678880314576,33859.474382970816805027,8715.664040075413140585
1335697.248771548504009843,22898.009360239047964569,34302.832756540112313814,8803.847045583324870677
1336444.333530534058809280,20937.174005764594767243,35475.547196324499964248,9033.110455385669411044
1337523.902286147465929389,17995.561016460331302369,36983.472754639959021006,9316.917810105900571216
1338722.133206297643482685,14600.960464604069784400,38388.687855004958692007,9564.310806503655840061
1339801.701961911050602794,11446.423168369754421292,39404.284157922775193583,9724.777123375115479575
1340548.786720896605402231,9220.730564958254035446,39964.573256897041574121,9800.612563797772963881
1340815.418184343725442886,8419.422768455979166902,40135.910913943240302615,9820.647601778127864236
1341082.049647790845483541,7614.931963303331940551,40292.081489981363120023,9836.971173991538307746
1341829.134406776400282979,5346.448808084130178031,40648.391058363667980302,9862.892184670470669516
1342908.703162389807403088,2042.154420856478509450,40950.062545570464862976,9848.659126675360312220
1344106.934082539984956384,-1639.264660609122756796,40987.917445136590686161,9761.455596284242346883
1345186.502838153392076492,-4946.193101504562037007,40754.207466217019828036,9619.080800439851373085
1345933.587597138946875930,-7217.943890300188286346,40444.540835980398696847,9485.602929882630633074
1346200.219060586066916585,-8023.885055791961349314,40304.906193259463179857,9431.126680106273852289
1346466.850524033186957240,-8826.792893311250736588,40150.035096570813038852,9373.084920421855713357
1347213.935283018741756678,-11057.748799147235331475,39635.459763762119109742,9191.656022781537103583
1348293.504038632148876786,-14221.894949178846218274,38684.574943195737432688,8881.454004999324752134
1349491.734958782326430082,-17629.838032344814564567,37348.853719955986889545,8472.818135171633912250
1350571.303714395733550191,-20585.787655771851859754,35900.983057232311693951,8049.173023484430814278
1351318.388473381288349628,-22557.758070619198406348,34768.196254595575737767,7726.629965283919773356
1351585.019936828408390284,-23245.632032921068457654,34338.736132578727847431,7605.910015309199479816
1351851.651400275528430939,-23924.714670864370418712,33896.290137527248589322,7482.313539864499944088
1352598.736159261083230376,-25778.461561469619482523,32588.856782377035415266,7121.083912860106465814
1353678.304914874490350485,-28320.621306788707443047,30529.736311280386871658,6562.039166811503491772
1354876.535835024667903781,-30936.040400889432930853,28023.323584979520092020,5894.080692099264524586
1355956.104590638075023890,-33090.722015473504143301,25581.330483645535423420,5253.580689034863098641
1356703.189349623629823327,-34462.475220045431342442,23797.632031172033748589,4791.026786338305100799
1356969.820813070749863982,-34927.472107787631102838,23143.645638910773413954,4622.425621022041923425
1357236.452276517869904637,-35379.255044476158218458,22480.904013722192757996,4452.075687284087507578
1357983.537035503424704075,-36573.301466892764437944,20579.456707673944038106,3966.002464430662257655
1359063.105791116831824183,-38106.019546708397683688,17725.344973296221724013,3243.185148893754558230
1360261.336711267009377480,-39530.221977051689464133,14429.622935131030317280,2417.568734326623598463
1361340.905466880416497588,-40555.109999237196461763,11365.179488399266119814,1657.720522378654322893
1362087.990225865971297026,-41117.453391387694864534,9202.099342312420048984,1125.584629236661157847
1362354.621689313091337681,-41288.654998700549185742,8423.150051366827028687,934.775413430324761066
1362621.253152760211378336,-41444.231751612787775230,7641.013246138284557674,743.612437930324404078
1363368.337911745766177773,-41796.443143189928377979,5435.065070764288975624,206.718859844184805752
1364447.906667359173297882,-42085.879178882583801169,2220.587157503818616533,-569.780639221720093701
1365646.137587509350851178,-42101.508459295277134515,-1362.483963147961958384,-1427.287394493303054333
1366725.706343122757971287,-41840.129698927492427174,-4582.576976234126959753,-2190.719842047160000220
1367472.791102108312770724,-41507.171458713164611254,-6795.503715750033734366,-2711.357577779366238246
1367739.422565555432811379,-41358.419330630917102098,-7580.740536985838843975,-2895.300356132150682242
1368006.054029002552852035,-41194.013322748352948111,-8363.107765262000611983,-3078.147121550074189145
1368753.138787988107651472,-40650.531664835529227275,-10537.448088729304799926,-3584.046338930836100189
1369832.707543601514771581,-39652.330476605937292334,-13622.487781393761906656,-4295.894022268949811405
1371030.938463751692324877,-38256.766752388313761912,-16946.890129704672290245,-5054.601360867140101618
1372110.507219365099444985,-36748.776941121563140769,-19831.899080308994598454,-5705.259774624180863611
1372857.591978350654244423,-35571.158877122266858350,-21757.419844434974947944,-6135.045087426252393925
1373124.223441797774285078,-35125.090549600274243858,-22429.271499842052435270,-6284.085022951032442506
1373390.854905244894325733,-34665.727234410856908653,-23092.633464964612358017,-6430.746201221479168453
1374137.939664230449125171,-33309.307174812987796031,-24903.985311350916163065,-6828.541804314640103257
1375217.508419843856245279,-31175.527994960000796709,-27389.395648171397624537,-7367.234940293477848172
1376415.739339994033798575,-28581.425295364540943410,-29948.468817829561885446,-7911.501452235727811058
1377495.308095607440918684,-26056.653151126698503504,-32058.713035139873682056,-8350.217229966541708563
1378242.392854592995718122,-24213.866435250834911130,-33403.389509824104607105,-8623.649253243644125178
1378509.024318040115758777,-23538.476657591301773209,-33859.470002219197340310,-8715.072360440837655915
1378775.655781487235799432,-22854.177133358753053471,-34302.737032179815287236,-8803.197117527779482771
1379522.740540472790598869,-20891.589202646922785789,-35475.075943123185425065,-9032.268084640601955471
1380602.309296086197718978,-17947.502360935635806527,-36982.157169583973882254,-9315.724335874983808026
1381800.540216236375272274,-14550.311598930727996049,-38386.023888374293164816,-9562.630602782104688231
1382880.108971849782392383,-11393.629145508915826213,-39400.060806387860793620,-9722.579037231749680359
1383627.193730835337191820,-9166.585046070105818217,-39959.093697491312923376,-9798.016474366217153147
1383893.825194282457232475,-8364.824146516031760257,-40129.950491950839932542,-9817.902346319206117187
1384160.456657729577273130,-7559.897962392460613046,-40285.623698400770081207,-9834.073226075377533562
1384907.541416715132072568,-5290.289693110662483377,-40640.457914457823790144,-9859.549176930953763076
1385987.110172328539192677,-1984.634489296368883515,-40939.808043107565026730,-9844.634533426960842917
1387185.341092478716745973,1697.888001829139284382,-40974.874876748304814100,-9756.635047661437056377
1388264.909848092123866081,5005.421650830335238425,-40738.517908255002112128,-9613.522063549713493558
1389011.994607077678665519,7277.367933053231354279,-40426.973480867927719373,-9479.529080007896482130
1389278.626070524798706174,8083.333750305954708892,-40286.663639199046883732,-9424.869186347996219411
1389545.257533971918746829,8886.241826770130501245,-40131.116148984670871869,-9366.644263710441009607
1390292.342292957473546267,11117.071110450688138371,-39614.645907121936033946,-9184.706308227707268088
1391371.911048570880666375,14280.692864299777284032,-38661.058067273290362209,-8873.788276631943517714
1392570.141968721058219671,17687.609504722393467091,-37322.441750362995662726,-8464.398108958752345643
1393649.710724334465339780,20642.246453220723196864,-35872.118855852502747439,-8040.124745929936580069
1394396.795483320020139217,22613.113829685014934512,-34737.746023879553831648,-7717.180954326320716063
1394663.426946767140179873,23300.556135403654479887,-34307.746369234620942734,-7596.325828795521374559
1394930.058410214260220528,23979.188764944894501241,-33864.775420938152819872,-7472.598423385110436357
1395677.143169199815019965,25831.577578598673426313,-32555.957355760529026156,-7111.026630772134012659
1396756.711924813222140074,28371.550602876683115028,-30495.078523575743020047,-6551.555563175246788887
1397954.942844963399693370,30984.291156185783620458,-27987.079935351084714057,-5883.224249102057001437
1399034.511600576806813478,33136.379059219201735687,-25544.026596748815791216,-5242.487251162757274869
1399781.596359562361612916,34506.270326546909927856,-23759.806621710456965957,-4779.825377713632406085
1400048.227823009481653571,34970.593952301191166043,-23105.676660277418704936,-4611.196807647834248201
1400314.859286456601694226,35421.700419550281367265,-22442.813992089526436757,-4440.825326874824895640
1401061.944045442156493664,36613.840338652618811466,-20541.150094534139498137,-3954.723423715008721047
1402141.512801055563613772,38143.806659655077964999,-17687.043749113432568265,-3231.946293049231826444
1403339.743721205741167068,39565.021821282061864622,-14391.760868737947021145,-2406.484256380604620063
1404419.312476819148287177,40587.338547934348753188,-11328.089318114532943582,-1646.869288140118214869
1405166.397235804703086615,41147.997224403428845108,-9165.743481188743317034,-1114.944319455938966712
1405433.028699251823127270,41318.620426795198000036,-8387.092419015483756084,-924.219254314057820920
1405699.660162698943167925,41473.631877020976389758,-7605.272182473587236018,-733.144907516403122827
1406446.744921684497967362,41824.334425867709796876,-5400.305876001288197585,-196.522704500460577037
1407526.313677297905087471,42111.808372967214381788,-2187.466612986422205722,579.531737239465428502
1408724.544597448082640767,42125.599708805224508978,1393.515865326195125817,1436.480509424485035197
1409804.113353061489760876,41862.903263901382160839,4611.537575994923827238,2199.366301157685029466
1410551.198112047044560313,41529.231740349365281872,6822.958309736593946582,2719.609484172693555593
1410817.829575494164600968,41380.265661374018236529,7607.645643399899199721,2903.408842379431462177
1411084.461038941284641623,41215.667307223353418522,8389.458556863477497245,3086.111182184817607776
1411831.545797926839441061,40671.762355783110251650,10562.227984801129423431,3591.602317118217342795
1412911.114553540246561170,39673.254443910424015485,13644.972362812282881350,4302.856628041525254957
1414109.345473690424114466,38277.762345301205641590,16966.865739593784383032,5060.917894890670140740
1415188.914229303831234574,36770.197245414230565075,19849.697893849901447538,5711.017200208611939161
1415935.998988289386034012,35593.058442568581085652,21773.791402651775570121,6140.435955195813221508
1416202.630451736506074667,35147.197426147686201148,22445.150299851517047500,6289.349340083554125158
1416469.261915183626115322,34688.058548214299662504,23108.031203859700326575,6435.886878837787662633
1417216.346674169180914760,33332.358092377296998166,24918.096976939774322091,6833.351478926791969570
1418295.915429782588034868,31199.832602671791391913,27401.833603411691001384,7371.611769410409578995
1419494.146349932765588164,28607.378176202622853452,29959.335293106763856485,7915.467514703375854879
1420573.715105546172708273,26084.269420271699345903,32068.454981619124737335,8353.883057530474616215
1421320.799864531727507710,24242.705344783960754285,33412.526256234661559574,8627.148320061885897303
1421587.431327978847548366,23567.761769575889047701,33868.426366009603952989,8718.520278119569411501
1421854.062791425967589021,22883.914635189710679697,34311.530501582616125233,8806.598027996134987916
1422601.147550411522388458,20922.608137118430022383,35483.515100887518201489,9035.561053268820614903
1423680.716306024929508567,17980.385622274421621114,36990.347378905324148946,9318.922203656991769094
1424878.947226175107061863,14585.224479859774874058,38394.296305821750138421,9565.804928885727349552
1425958.515981788514181972,11430.283395493956049904,39408.715358167049998883,9725.801705888083233731
1426705.600740774068981409,9204.369583655374299269,39968.173197395117313135,9801.308303226125644869
1426972.232204221189022064,8402.994513623156308313,40139.211452003692102153,9821.225423186953776167
1427238.863667668309062719,7598.443960230978518666,40295.081120163791638333,9837.430831683339420124
1427985.948426653863862157,5329.826306702030706219,40650.542131985770538449,9863.020021646985696862
1429065.517182267270982265,2025.425567458801424436,40950.977203749716863967,9848.307172774264472537
1430263.748102417448535562,-1655.994822460078694348,40987.454076113222981803,9760.573815914309307118
1431343.316858030855655670,-4962.815642285458125116,40752.505206614827329759,9617.727282416988600744
1432090.401617016410455108,-7234.434380352190601116,40441.986451289929391351,9483.927502133230518666
1432357.033080463530495763,-8040.315450759484519949,40302.049509235017467290,9429.337575160971027799
1432623.664543910650536418,-8843.157032237499151961,40146.877181414092774503,9371.182810551797956578
1433370.749302896205335855,-11073.897483578999526799,39631.463732101838104427,9189.440973222528555198
1434450.318058509612455964,-14237.646459850535393343,38679.389181465601723175,8878.798582249255559873
1435648.548978659790009260,-17645.036438294519030023,37342.383840967166179325,8469.692894881525717210
1436728.117734273197129369,-20600.385101619503984693,35893.398882713277998846,8045.645056756216945359
1437475.202493258751928806,-22571.887987578487809515,34759.866854850086383522,7722.835625870258809300
1437741.833956705871969461,-23259.584241943746746983,34330.146916247176704928,7602.023378308647806989
1438008.465420152992010117,-23938.483870918193133548,33887.444338938141299877,7478.336072557582156151
1438755.550179138546809554,-25791.686584431925439276,32579.312915688220527954,7116.860821282743017946
1439835.118934751953929663,-28332.991769590455078287,30519.234419326345232548,6557.483483850868651643
1441033.349854902131482959,-30947.380345238711015554,28011.827995862920943182,5889.187177558967960067
1442112.918610515538603067,-33101.057721054829016794,25569.014857948277494870,5248.414835201141613652
1442860.003369501093402505,-34472.074783316558750812,23784.797190632318233838,4785.692132448612937878
1443126.634832948213443160,-34936.802312321415229235,23130.634193686175422044,4617.034416467266055406
1443393.266296395333483815,-35388.312376697140280157,22467.720875904899003217,4446.629968911215655680
1444140.351055380888283253,-36581.575665416276024189,20565.820430507774290163,3960.415335308326575614
1445219.919810994295403361,-38113.124068206670926884,17711.116780213924357668,3237.420815839506303746
1446418.150731144472956657,-39535.974035340237605851,14414.844995625355295488,2411.650595817353860184
1447497.719486757880076766,-40559.604829724084993359,11350.003486691761281691,1651.702678592298980220
1448244.804245743434876204,-41121.060603911202633753,9186.705300538589654025,1119.520216345956896475
1448511.435709190554916859,-41291.942747683657216839,8407.689094053643202642,928.698701626788874819
1448778.067172637674957514,-41447.198707772353373002,7625.491717436460021418,737.525847222636684819
1449525.151931623229756951,-41798.505882448662305251,5419.404682248794415500,200.616743499852134391
1450604.720687236636877060,-42086.625565517344512045,2204.806126076259715774,-575.873713332555780653
1451802.951607386814430356,-42100.788827112031867728,-1378.281078440359124215,-1433.325428609211485309
1452882.520363000221550465,-41838.093806298005802091,-4598.287519036477533518,-2196.669319022272247821
1453629.605121985776349902,-41504.230789613444358110,-6811.101944775854462932,-2717.225228028655237722
1453896.236585432896390557,-41355.157937107083853334,-7596.285770572668297973,-2901.134173589623514999
1454162.868048880016431212,-41190.432377932083909400,-8378.594414405124553014,-3083.944966898900929664
1454909.952807865571230650,-40646.063385230831045192,-10552.737767896467630635,-3589.731359668071490887
1455989.521563478978350759,-39646.604560177329403814,-13637.412148229337617522,-4301.386130235785458353
1457187.752483629155904055,-38249.686992358016141225,-16961.301556254289607750,-5059.839715434904974245
1458267.321239242563024163,-36740.520749022914969828,-19845.759230478008248610,-5710.236363098420042661
1459014.405998228117823601,-35562.118859722970228177,-21770.846100577866309322,-6139.821929191878552956
1459281.037461675237864256,-35115.777640188360237516,-22442.532439044101920445,-6288.786944106725059100
1459547.668925122357904911,-34656.144710396911250427,-23105.724454674313165015,-6435.371507970029597345
1460294.753684107912704349,-33298.990055730762833264,-24916.572440516323695192,-6832.942886439232097473
1461374.322439721319824457,-31164.201842269096232485,-27401.192023492738371715,-7371.289749008990838774
1462572.553359871497377753,-28569.066217728814081056,-29959.297861505656328518,-7915.141684242368683044
1463652.122115484904497862,-26043.438710319191159215,-32068.604653284179221373,-8353.461128752747754334
1464399.206874470459297299,-24200.108889831633860013,-33412.595066264351771679,-8626.606724707864486845
1464665.838337917579337955,-23524.534247751857037656,-33868.424531891148944851,-8717.925545464766400983
1464932.469801364699378610,-22840.056644317337486427,-34311.436141965823480859,-8805.944735477254653233
1465679.554560350254178047,-20876.994636004081257852,-35483.044456544390413910,-9034.714950801080703968
1466759.123315963661298156,-17932.306008346949965926,-36989.025282799106207676,-9317.723347513065164094
1467957.354236113838851452,-14534.558689281675469829,-38391.621495830826461315,-9564.118262175268682768
1469036.922991727245971560,-11377.475222486169514013,-39404.478275231005682144,-9723.596419828179932665
1469784.007750712800770998,-9150.211954440566842095,-39962.678187292025540955,-9798.704584674336729222
1470050.639214159920811653,-8348.383445441539151943,-40133.235240018810145557,-9818.472425430807561497
1470317.270677607040852308,-7543.396761334061011439,-40288.607267059072910342,-9834.525034961628989549
1471064.355436592595651746,-5273.651623308252965217,-40642.592050111161370296,-9859.668839138394105248
1472143.924192206002771854,-1967.886959259832110547,-40940.704040357930352911,-9844.273852120530136744
1473342.155112356180325150,1714.633931177821295933,-40974.390570261894026771,-9755.744034572964665131
1474421.723867969587445259,5022.058501467086898629,-40736.792914841244055424,-9612.158914478695805883
1475168.808626955142244697,7293.867769269716518465,-40424.395864126061496790,-9477.844042344724584837
1475435.440090402262285352,8099.771897684413488605,-40283.783638338070886675,-9423.070499628478501108
1475702.071553849382326007,8902.612426995232453919,-40127.934828598292369861,-9364.732592993159414618
1476449.156312834937125444,11133.219593332696604193,-39610.627259528257127386,-9182.482092594565983745
1477528.725068448344245553,14296.443492307869746583,-38655.849045330862281844,-8871.123618442950828467
1478726.955988598521798849,17702.804278164287097752,-37315.948825922656396870,-8461.263859097991371527
1479806.524744211928918958,20656.839971063742268598,-35864.511064670405176003,-8036.587757185903683421
1480553.609503197483718395,22627.232619044491002569,-34729.396881004329770803,-7713.378800975705416931
1480820.240966644603759050,23314.495981749518250581,-34299.138190760357247200,-7592.431632454412465449
1481086.872430091723799706,23992.944477129705774132,-33855.911434118352190126,-7468.613647877446965140
1481833.957189077278599143,25844.790565908759162994,-32546.394377345004613744,-7106.796080149829322181
1482913.525944690685719252,28383.912257485048030503,-30484.554729712643165840,-6546.991838735740202537
1484111.756864840863272548,30995.614024579910619650,-27975.570582925836788490,-5878.325059983580104017
1485191.325620454270392656,33146.697859633684856817,-25531.697899886818049708,-5237.316077252649847651
1485938.410379439825192094,34515.853504782273375895,-23746.958710629802226322,-4774.485527943447777943
1486205.041842886945232749,34979.907457519329909701,-23092.652845726170198759,-4605.800632810299248376
1486471.673306334065273404,35430.740758520958479494,-22429.619207768282649340,-4435.374868618239815987
1487218.758065319620072842,36622.099395901233947370,-20527.499958046941173961,-3949.131116755479524727
1488298.326820933027192950,38150.894405441758863162,-17672.806050678176688962,-3226.178068173745487002
1489496.557741083204746246,39570.756269789140787907,-14376.978126965906994883,-2400.563592277593215840
1490576.126496696611866355,40591.815709037946362514,-11312.912916507038971758,-1640.850163420059971031
1491323.211255682166665792,41151.588486937325797044,-9150.346181736869766610,-1108.878022485526344099
1491589.842719129286706448,41321.892323051746643614,-8371.629237691802700283,-918.140946582035098800
1491856.474182576406747103,41476.583349451582762413,-7589.748225054607246420,-727.056704866149289046
1492603.558941561961546540,41826.382452162739355117,-5384.644036864132431219,-190.419304876644901015
1493683.127697175368666649,42112.541129260462184902,-2171.689438500247888442,585.624700450343084412
1494881.358617325546219945,42124.868307771939726081,1409.310912273734857081,1442.518760002925773733
1495960.927372938953340054,41860.857113120568101294,4627.246677928930694179,2205.316069945728486346
1496708.012131924508139491,41526.282863731699762866,6838.549612301334491349,2725.476100382401455136
1496974.643595371628180146,41376.996583443127747159,7623.183817621970774780,2909.241586092738089064
1497241.275058818748220801,41212.079225547604437452,8404.937938634049714892,3091.907898039211431751
1497988.359817804303020239,40667.288086958978965413,10577.511421335711929714,3597.286433431404020666
1499067.928573417710140347,39667.524482352804625407,13659.890763536526719690,4308.347894356759752554
1500266.159493567887693644,38270.681879721174482256,16981.269111760630039498,5066.154959955441881903
1501345.728249181294813752,36761.944479948288062587,19863.547095791229367023,5715.991904347771196626
1502092.813008166849613190,35584.023945855777128600,21787.206622686633636476,6145.210950034054803837
1502359.444471613969653845,35137.890513914288021624,22458.400621435142966220,6294.049530365089594852
1502626.075935061089694500,34678.482392578989674803,23121.112133509624982253,6440.510602293843476218
1503373.160694046644493937,33322.048448774425196461,24930.675427017180481926,6837.751355217730633740
1504452.729449660051614046,31188.516288904051179998,27413.622323198647791287,7375.665718321103668131
1505650.960369810229167342,28595.027440324029157637,29970.161699469092127401,7919.108107734800796607
1506730.529125423636287451,26071.067354697861446766,32078.343452213608543389,8357.127366477168834535
1507477.613884409191086888,24228.962796029998571612,33421.728789321692602243,8630.106350479951288435
1507744.245347856311127543,23553.835414214892807649,33877.377896656493248884,8721.374074370560265379
1508010.876811303431168199,22869.809310608045052504,34320.227908515458693728,8809.346563069128023926
1508757.961570288985967636,20908.028650792912230827,35491.483846663075382821,9038.009352390492495033
1509837.530325902393087745,17965.205678993355832063,36997.217599076488113496,9320.923213962632871699
1511035.761246052570641041,14569.490950429324584547,38399.897597774623136502,9567.295134384336051880
1512115.330001665977761149,11414.151403323086924502,39413.138283167623740155,9726.822206186037874431
1512862.414760651532560587,9188.020071776067197789,39971.764560990479367319,9801.999967103449307615
1513129.046224098652601242,8386.578582560079667019,40142.503490231545583811,9821.799205143304789090
1513395.677687545772641897,7581.966272910431143828,40298.072885086046881042,9837.886545256207682542
1514142.762446531327441335,5313.209214574800171249,40652.686586451607581694,9863.144077935818131664
1515222.331202144734561443,2008.693745919542152478,40951.886135150001791772,9847.951435607552411966
1516420.562122294912114739,-1672.725199249984370908,40986.984796480930526741,9759.688301370282715652
1517500.130877908319234848,-4979.434069697033919510,40750.797427807410713285,9616.370271297269937349
1518247.215636893874034286,-7250.913888805640453938,40439.427818471936916467,9482.249097081556101330
1518513.847100340994074941,-8056.735658686178794596,40299.188615782353735995,9427.545494245578083792
1518780.478563788114115596,-8859.510802549344589352,40143.715260616474552080,9369.277792008111646282
1519527.563322773668915033,-11090.030373420251635252,39627.465567690509487875,9187.223648244804280694
1520607.132078387076035142,-14253.379245035870553693,38674.203415730757114943,8876.141543591327717877
1521805.362998537253588438,-17660.204609151562181069,37335.920607550033309963,8466.568028072730157874
1522884.931754150660708547,-20614.951567423653614242,35885.824335281060484704,8042.118296702322368219
1523632.016513136215507984,-22585.984159130603075027,34751.550715494493488222,7719.043511194949132914
1523898.647976583335548639,-23273.501878460443549557,34321.572283207366126589,7598.139332850988466816
1524165.279440030455589294,-23952.217763370066677453,33878.614448722008091863,7474.361562388871789153
1524912.364199016010388732,-25804.882081480536726303,32569.783158757298224373,7112.640190800121672510
1525991.932954629417508841,-28345.339817192387272371,30508.743641089840821223,6552.929491599461471196
1527190.163874779595062137,-30958.690973203370958799,28000.353652287911245367,5884.298116877255779400
1528269.732630393002182245,-33111.361533450835850090,25556.727977096194081241,5243.255448723743029404
1529016.817389378556981683,-34481.646676957316230983,23771.989172882531420328,4780.363485193146516394
1529283.448852825677022338,-34946.105099919121130370,23117.650490681742667221,4611.649471904718666337
1529550.080316272797062993,-35397.343373576120939106,22454.565198409429285675,4441.190455154770461377
1530297.165075258351862431,-36589.826745393453165889,20552.210151079540082719,3954.834091959406123351
1531376.733830871758982539,-38120.202226838664500974,17696.927340917856781743,3231.665676568195976870
1532574.964751021936535835,-39541.699389061199326534,14400.118159199018919026,2405.744810204973418877
1533654.533506635343655944,-40564.076550287994905375,11334.882579716782856849,1645.698228605829172011
1534401.618265620898455381,-41124.647913485809112899,9171.367107229612884112,1113.469419752332669304
1534668.249729068018496037,-41295.211742373248853255,8392.284214093715490890,922.635676030719423579
1534934.881192515138536692,-41450.148402070233714767,7610.024659213604536490,731.452564548911368547
1535681.965951500693336129,-41800.554674474398780148,5403.797781471845155465,194.527740569316478059
1536761.534707114100456238,-42087.362414441595319659,2189.078718488726735814,-581.953572878685008618
1537959.765627264278009534,-42100.064276462580892257,-1394.029821703677043843,-1439.351422202573985487
1539039.334382877685129642,-41836.056930408747575711,-4613.949493901580353850,-2202.606630722300906200
1539786.419141863239929080,-41501.292709198867669329,-6826.646926897158664360,-2723.079563815111214353
1540053.050605310359969735,-41351.900081937958020717,-7611.778407670518390660,-2906.954813441554506426
1540319.682068757480010390,-41186.856105686223600060,-8394.028185393635794753,-3089.729553632735587598
1541066.766827743034809828,-40641.601757265831110999,-10567.978420919374912046,-3595.403975144402011210
1542146.335583356441929936,-39640.887817318987799808,-13652.292066351397807011,-4306.866825267362401064
1543344.566503506619483232,-38242.621271151867404114,-16975.667624409205018310,-5065.066387275398483325
1544424.135259120026603341,-36732.284722336102277040,-19859.570933163453446468,-5715.200536154111432552
1545171.220018105581402779,-35553.101032287522684783,-21784.226089185031014495,-6144.586828111206159519
1545437.851481552701443434,-35106.488039197167381644,-22455.747259761414170498,-6293.476952115471249272
1545704.482944999821484089,-34646.586517256873776205,-23118.769637980036350200,-6439.984968281357396336
1546451.567703985376283526,-33288.698481258754327428,-24929.116805899775499711,-6837.332787589332838252
1547531.136459598783403635,-31152.904187547344918130,-27412.948213820523960749,-7375.333943331164846313
1548729.367379748960956931,-28556.733935807984380517,-29970.094024258396530058,-7918.772875672114423651
1549808.936135362368077040,-26030.254777370206284104,-32078.464694576716283336,-8356.696292152118985541
1550556.020894347922876477,-24186.387840187060646713,-33421.767793482373235747,-8629.555253681570320623
1550822.652357795042917132,-23510.629714595830591861,-33877.346450411561818328,-8720.769854663929436356
1551089.283821242162957788,-22825.973952059241128154,-34320.103826919526909478,-8808.683738454681588337
1551836.368580227717757225,-20862.441579183003341313,-35490.982478554979024921,-9037.153468293045079918
1552915.937335841124877334,-17917.152303407754516229,-36995.866745167477347422,-9319.714892282256187173
1554114.168255991302430630,-14518.846108816484047566,-38397.197836144958273508,-9565.599623629384950618
1555193.737011604709550738,-11361.361798597768938635,-39408.878029704581422266,-9724.608321126876035123
1555940.821770590264350176,-9133.880114867190059158,-39966.247175013115338515,-9799.387744944582664175
1556207.453234037384390831,-8331.986489370165145374,-40136.504826313997909892,-9819.037696647477787337
1556474.084697484504431486,-7526.940488722040754510,-40291.576341743231751025,-9834.972222999338555383
1557221.169456470059230924,-5257.058723397968606150,-40644.714153635897673666,-9859.784469722893845756
1558300.738212083466351032,-1951.185463111729859520,-40941.591488415746425744,-9843.909998742856259923
1559498.969132233643904328,1731.340472434910225275,-40973.901391233936010394,-9754.850575436419603648
1560578.537887847051024437,5038.650777838201975101,-40735.066608327870198991,-9610.794341195691231405
1561325.622646832605823874,7310.323710596859200450,-40421.819169534799584653,-9476.158129289664429962
1561592.254110279725864530,8116.168696801292753662,-40280.904917205531091895,-9421.270969243774743518
1561858.885573726845905185,8918.943318908724904759,-40124.755234476797340903,-9362.820156257477719919
1562605.970332712400704622,11149.333321692321987939,-39606.611167217139154673,-9180.257222541953524342
1563685.539088325807824731,14312.157396954884461593,-38650.645984519229386933,-8868.459245771387941204
1564883.770008475985378027,17717.957546700923558092,-37309.467346058816474397,-8458.131428976319512003
1565963.338764089392498136,20671.385722688770329114,-35856.921787622719421051,-8033.054544405832530174
1566710.423523074947297573,22641.310721769103111001,-34721.065065822818723973,-7709.580030729859572602
1566977.054986522067338228,23328.396082443498016801,-34290.547721285096486099,-7588.540914453485129343
1567243.686449969187378883,24006.660585237856139429,-33847.066043167920724954,-7464.632588571936139488
1567990.771208954742178321,25857.965843784666503780,-32536.851442692648561206,-7102.569628210157134163
1569070.339964568149298429,28396.237999956625571940,-30474.053708651561464649,-6542.432951330258219969
1570268.570884718326851726,31006.908358540804329095,-27964.081458927314088214,-5873.430064335359020333
1571348.139640331733971834,33156.985653522584470920,-25519.396682555823645089,-5232.151048226938655716
1572095.224399317288771272,34525.408827485007350333,-23734.137686651003605220,-4769.151708443241659552
1572361.855862764408811927,34989.194445541492314078,-23079.655282816656836076,-4600.410341127982974285
1572628.487326211528852582,35439.755873234935279470,-22416.450013340192526812,-4429.930141717223705200
1573375.572085197083652020,36630.332988906549871899,-20513.879594362981151789,-3943.545663413457532442
1574455.140840810490772128,38157.955766866180056240,-17658.606986743652669247,-3220.419012420433773514
1575653.371760960668325424,39576.467381571819714736,-14362.237466553056947305,-2394.653037731435233582
1576732.940516574075445533,40596.272872338042361662,-11297.780722109526323038,-1634.841749398355204903
1577480.025275559630244970,41155.161037511483300477,-9134.999426518952532206,-1102.824044560725042174
1577746.656739006750285625,41325.146940877806628123,-8356.214931058470028802,-912.074566130690641330
1578013.288202453870326281,41479.518503416795283556,-7574.273579538041303749,-720.980554214870380747
1578760.372961439425125718,41828.417049051822687034,-5369.031557150744447426,-184.328020076420727946
1579839.941717052832245827,42113.264783688493480440,-2155.956647327329392283,591.706668750121707490
1581038.172637203009799123,42124.131918921550095547,1425.059180596007990971,1448.545347475285780092
1582117.741392816416919231,41858.809670464441296645,4642.909774086901961709,2211.254276614444734150
1582864.826151801971718669,41523.335801819666812662,6854.092089883377411752,2731.330438341920398670
1583131.457615249091759324,41373.730444245084072463,7638.672508888051197573,2915.061880109235062264
1583398.089078696211799979,41208.495352747828292195,8420.366666749121577595,3097.691874198322238954
1584145.173837681766599417,40662.821064152420149185,10592.743839693830523174,3602.957682773149826971
1585224.742593295173719525,39661.803069387919094879,13674.766524687267519766,4313.828163534410123248
1586422.973513445351272821,38263.612593499332433566,16995.633287244676466798,5071.381741061136381177
1587502.542269058758392930,36753.702930202809511684,19877.363538630641414784,5720.957711214425216895
1588249.627028044313192368,35575.001991827019082848,21800.590534420654876158,6149.977327701288231765
1588516.258491491433233023,35128.595927381713408977,22471.621134973083826480,6298.741421353332953004
1588782.889954938553273678,34668.919675708180875517,23134.162779019345180131,6445.125907077625925012
1589529.974713924108073115,33311.753010544773133006,24943.225546273508371087,6842.143206111891231558
1590609.543469537515193224,31177.220661253497382859,27425.379399490655487170,7379.710892250141114346
1591807.774389687692746520,28582.701710146524419542,29980.956988628797262209,7922.740036436777700146
1592887.343145301099866629,26057.888305717184266541,32088.206274537955323467,8360.364163148451552843
1593634.427904286654666066,24215.242736006050108699,33430.908291825515334494,8633.057416328067120048
1593901.059367733774706721,23539.932955817512265639,33886.306206748304248322,8724.220875983472069493
1594167.690831180894747376,22855.729905364500154974,34328.901569185749394819,8812.088010013989332947
1594914.775590166449546814,20893.479307717974734260,35499.428627769360900857,9040.450567674353806069
1595994.344345779856666923,17950.051584158823970938,37004.069114590136450715,9322.918219004819547990
1597192.575265930034220219,14553.777833594773255754,38405.485037205959088169,9568.780294607235191506
1598272.144021543441340327,11398.039347634921796271,39417.549409907886001747,9727.838102642710509826
1599019.228780528996139765,9171.689164594448811840,39975.345648832357255742,9802.687338721058040392
1599285.860243976116180420,8370.180080066225855262,40145.785889753380615730,9822.368811620515771210
1599552.491707423236221075,7565.508052990939177107,40301.055003674948238768,9838.338131214382883627
1600299.576466408791020513,5296.616580572024759022,40654.821860095355077647,9863.264242943690987886
1601379.145222022198140621,1991.990393571225695268,40952.787604438242851757,9847.592326897987732082
1602577.376142172375693917,-1689.431865132184384493,40986.510319376735424157,9758.799852963098601322
1603656.944897785782814026,-4996.033915011160388531,40749.085669099324150011,9615.010516941545574809
1604404.029656771337613463,-7267.380039543640123156,40436.865297030526562594,9480.567865310344132013
1604670.661120218457654119,-8073.141168694904081349,40296.324312147000455298,9425.750749189981434029
1604937.292583665577694774,-8875.850313052365891053,40140.550099728134227917,9367.370152294064610032
1605684.377342651132494211,-11106.152395421931942110,39623.463984570793400053,9185.003613463049987331
1606763.946098264539614320,-14269.093439325224608183,38669.017606330613489263,8873.482879359045909951
1607962.177018414717167616,-17675.360028686940495390,37329.456316287927620579,8463.441237095234100707
1609041.745774028124287724,-20629.502335374905669596,35878.251226149826834444,8038.590387610038305866
1609788.830533013679087162,-22600.066265562167245662,34743.235876312035543378,7715.250248052280767297
1610055.461996460799127817,-23287.406760293655679561,34312.998386381703312509,7594.253998242347734049
1610322.093459908151999116,-23965.940444084273622138,33869.784507815085817128,7470.385563610864664952
1611069.178218893706798553,-25818.063951034553610953,32560.255718779022572562,7108.418787115816485311
1612148.746974507113918662,-28357.668089047987450613,30498.261752838250686182,6548.376592642450304993
1613346.977894657291471958,-30969.986661205770360539,27988.885640985128702596,5879.409569270339488867
1614426.546650270698592067,-33121.653489713986346032,25544.445390320248407079,5238.096158692594144668
1615173.631409256253391504,-34491.204934290406526998,23759.188833228447037982,4775.035900296249565145
1615440.262872703373432159,-34955.394814986568235327,23104.674122660671855556,4606.265532807432464324
1615706.894336150493472815,-35406.361028712184634060,22441.417713274680863833,4435.752199399097662535
1616453.979095136048272252,-36598.064259907689120155,20538.609906114746991079,3949.254668347745791834
1617533.547850749455392361,-38127.269794153347902466,17682.744527503287827130,3225.911634969637361792
1618731.778770899632945657,-39547.417418766512128059,14385.391834625816045445,2399.838769652418704936
1619811.347526513040065765,-40568.540917743048339617,11319.763003665446376544,1639.693900409547495656
1620558.432285498594865203,-41128.228217498064623214,9156.029461012736646808,1107.418674384631458452
1620825.063748945714905858,-41298.473722956645360682,8376.880105035585074802,916.572800627180981792
1621091.695212392834946513,-41453.090626209814217873,7594.561008136346572428,725.380119958663954094
1621838.779971378389745951,-41802.596095935536141042,5388.195456808171911689,188.439979918971687312
1622918.348726991796866059,-42088.092290647386107594,2173.356443777706772380,-588.031883482542184538
1624116.579647141974419355,-42099.333336171759583522,-1409.770865025065631926,-1445.375064968713104463
1625196.148402755381539464,-41834.014080932916840538,-4629.605326632190553937,-2208.541794347659106279
1625943.233161740936338902,-41498.349300196023250464,-6842.183945216132087808,-2728.931209438742371276
1626209.864625188056379557,-41348.637110261610359885,-7627.262759106723024161,-2912.772648138782642491
1626476.496088635176420212,-41183.274681247283297125,-8409.454525219494826160,-3095.511495372489662259
1627223.580847620731219649,-40637.135684693210350815,-10583.210450469941861229,-3601.073559126739382918
1628303.149603234138339758,-39635.168804031462059356,-13667.159196939821413253,-4312.343381287792908552
1629501.380523384315893054,-38235.549891838578332681,-16990.030454064813966397,-5070.290935644318778941
1630580.949278997723013163,-36724.042827230594411958,-19873.379920910047076177,-5720.162551434384113236
1631328.034037983277812600,-35544.077787275768059772,-21797.602670633008528966,-6149.349313647457165644
1631594.665501430397853255,-35097.192159278682083823,-22468.959963019577116938,-6298.164797344737053209
1631861.296964877517893910,-34637.021863655681954697,-23131.812924926591222174,-6444.596279221757868072
1632608.381723863072693348,-33278.400211718442733400,-24941.659433282002282795,-6841.720476911123114405
1633687.950479476479813457,-31141.604729548631439684,-27424.697156084679591004,-7379.374608991195600538
1634886.181399626657366753,-28544.401715171417890815,-29980.881792983651394024,-7922.400184489950333955
1635965.750155240064486861,-26017.074021044765686383,-32088.314551209758064942,-8359.927122747603789321
1636712.834914225619286299,-24172.665751427361101378,-33430.933840849553234875,-8632.500113011021312559
1636979.466377672739326954,-23496.724620833181688795,-33886.261454637868155260,-8723.610429102767739096
1637246.097841119859367609,-22811.891024315129470779,-34328.764480953454039991,-8811.418966488554360694
1637993.182600105414167047,-20847.888856843808753183,-35498.913396430107241031,-9039.588154182771177148
1639072.751355718821287155,-17901.995072812434955267,-37002.703234003536636010,-9321.702946730401890818
1640270.982275868998840451,-14503.126128651589169749,-38402.770519553298072424,-9567.077649401997405221
1641350.551031482405960560,-11345.241585065446997760,-39413.273508526050136425,-9725.616717107768636197
1642097.635790467960759997,-9117.540490051194865373,-39969.811815976900106762,-9800.067339001459913561
1642364.267253915080800653,-8315.579720321045897435,-40139.770347715668322053,-9819.599411155450070510
1642630.898717362200841308,-7510.473401026050851215,-40294.541365386481629685,-9835.415827569815519382
1643377.983476347755640745,-5240.459540222959731182,-40646.831091682885016780,-9859.896363604804719216
1644457.552231961162760854,-1934.479192549849585703,-40942.473244379878451582,-9843.542326188575316337
1645655.783152111340314150,1748.043269762339150475,-40973.406393103214213625,-9753.953511580348276766
1646735.351907724747434258,5055.248593126703781309,-40733.333672925327846315,-9609.425759577428834746
1647482.436666710302233696,7326.784758208183120587,-40419.235548836106318049,-9474.468180092684633564
1647749.068130157422274351,8132.567517781757487683,-40278.019712539819010999,-9419.467602686432655901
1648015.699593604542315006,8935.275717861290104338,-40121.569189144625852350,-9360.903918403495481471
1648762.784352590097114444,11165.446149459146909066,-39602.589058775316516403,-9178.028761844643668155
1649842.353108203504234552,14327.864508563779963879,-38645.438821149306022562,-8865.791969076370151015
1651040.584028353681787848,17733.102727627465355908,-37302.982725203190057073,-8454.996456250171831925
1652120.152783967088907957,20685.928880737246799981,-35849.326838920969748870,-8029.518140059599318192
1652867.237542952643707395,22655.379999305700039258,-34712.731318097197799943,-7705.779203828338722815
1653133.869006399763748050,23342.286765781602298375,-34281.955827799247344956,-7584.648305701360186504
1653400.500469846883788705,24020.367837010715447832,-33838.218998448181082495,-7460.649598190167125722
1654147.585228832438588142,25871.131755469385097967,-32527.307604134985012934,-7098.341523729112850560
1655227.153984445845708251,28408.553206538548693061,-30463.553427245773491450,-6537.872967929288279265
1656425.384904596023261547,31018.191211542187375017,-27952.594992173304490279,-5868.534614593469996180
1657504.953660209430381656,33167.265565229565254413,-25507.094786418492731173,-5226.984824363908046507
1658252.038419194985181093,34534.954183459485648200,-23721.319201797705318313,-4763.817628400153807888
1658518.669882642105221748,34998.471048452280228958,-23066.661109703421971062,-4595.020043360975250835
1658785.301346089225262403,35448.760481197416083887,-22403.284675241011427715,-4424.485563898842883646
1659532.386105074780061841,36638.557344544540683273,-20500.261822098487755284,-3937.960138475581516104
1660611.954860688187181950,38165.011525467627507169,-17644.404116635196260177,-3214.658430469633003668
1661810.185780838364735246,39582.171545992474420927,-14347.496130726522096666,-2388.741936990422800591
1662889.754536451771855354,40600.723856363154482096,-11282.645541354566375958,-1628.832396184911431192
1663636.839295437326654792,41158.728067519899923354,-9119.646406955154816387,-1096.768452038972554874
1663903.470758884446695447,41328.395562537283694837,-8340.796152943803463131,-906.007057646097109682
1664170.102222331566736102,41482.447723818855592981,-7558.793761416649431339,-714.903151436071652824
1664917.186981317121535540,41830.445922859624261037,-5353.410411813736573095,-178.234769173053081204
1665996.755736930528655648,42113.981884229877323378,-2140.218918412355833425,597.789505713916582863
1667194.986657080706208944,42123.388508567521057557,1440.813436724152779789,1454.572839541865732826
1668274.555412694113329053,41856.755248800465778913,4658.574425153535230493,2217.192147937422305404
1669021.640171679668128490,41520.380113434926897753,6869.644560001715035469,2737.186292779955692822
1669288.271635126788169146,41370.455153155497100670,7654.172699636305878812,2920.883993741329049953
1669554.903098573908209801,41204.901676836445403751,8435.808669590433055419,3103.478034248983476573
1670301.987857559463009238,40658.343845604089437984,10607.987912485776178073,3608.630598456739789981
1671381.556613172870129347,39656.072214718617033213,13689.648752955728923553,4319.308709473720227834
1672579.787533323047682643,38256.530188141725375317,17010.009840220973273972,5076.609936455356546503
1673659.356288936454802752,36745.450782020598126110,19891.185384479806089075,5725.923176217355830886
1674406.441047922009602189,35565.970078317746811081,21813.977931470984913176,6154.742819915719337587
1674673.072511369129642844,35119.291975151551014278,22484.843995584666117793,6303.432134939432216925
1674939.703974816249683499,34659.347597317100735381,23147.215549926575477002,6449.739946904544012796
1675686.788733801804482937,33301.449026208087161649,24955.776196998805971816,6846.533338199011268443
1676766.357489415211603045,31165.912346071869251318,27437.140872947336902143,7383.755036026199377375
1677964.588409565389156342,28570.357850053351285169,29991.760272682429786073,7926.371523725839324470
1679044.157165178796276450,26044.695733963446400594,32098.071744149383448530,8363.599256577994310646
1679791.241924164351075888,24201.512178506211057538,33440.087593365555221681,8636.006112714690971188
1680057.873387611471116543,23526.018979992215463426,33895.234810067304351833,8727.065377949786125100
1680324.504851058591157198,22841.638005922126467340,34337.575936382883810438,8814.827209718901940505
1681071.589610044145956635,20878.917449927983398084,35507.373487536009633914,9042.889330880498164333
1682151.158365657553076744,17934.887084563739335863,37010.918828413290611934,9324.910310617313371040
1683349.389285807730630040,14538.049984045132077881,38411.071482184823253192,9570.262562100471768645
1684428.958041421137750149,11381.908815896656960831,39421.959524700920155738,9728.850966011126729427
1685176.042800406692549586,9155.337348344919519150,39978.925321074842941016,9803.371498830112614087
1685442.674263853812590241,8353.762583568135596579,40149.066098474097088911,9822.935066857284255093
1685709.305727300932630897,7549.030439987239333277,40304.034657751653867308,9838.786286213013227098
1686456.390486286487430334,5280.001658634738305409,40656.954047074388654437,9863.380746071921748808
1687535.959241899894550443,1975.266509722048340336,40953.684214140041149221,9847.229182038092403673
1688734.190162050072103739,-1706.151614052902914409,40986.029471045803802554,9757.907223848147623357
1689813.758917663479223847,-5012.645221009507622512,40747.366652517921465915,9613.646446353142891894
1690560.843676649034023285,-7283.856089689131295017,40434.295086985293892212,9478.882287051130333566
1690827.475140096154063940,-8089.556931070243990689,40293.452033117857354227,9423.951592754023295129
1691094.106603543274104595,-8892.198950449437688803,40137.376958293200004846,9365.458143413876314298
1691841.191362528828904033,-11122.280847351361444453,39619.454502208536723629,9182.779343088754103519
1692920.760118142236024141,-14284.822910344209958566,38663.820124217490956653,8870.818918120161470142
1694118.991038292413577437,-17690.533450253184128087,37322.977340790923335589,8460.308453967356399517
1695198.559793905820697546,-20644.068010507558938116,35870.663037797523429617,8035.056574304642708739
1695945.644552891375496984,-22614.156922077007038752,34734.908500357174489181,7711.451932923966523958
1696212.276016338495537639,-23301.318750908940273803,34304.412535276380367577,7590.363817569616912806
1696478.907479785615578294,-23979.668318313411873532,33860.943578285594412591,7466.405029496431779990
1697225.992238771170377731,-25831.250239452921960037,32550.717095854957733536,7104.192907767117503681
1698305.560994384577497840,-28370.006091272734920494,30487.762834209559514420,6543.817812198603860452
1699503.791914534755051136,-30981.292701451216998976,27977.397450088905316079,5874.514528880336911243
1700583.360670148162171245,-33131.953507365549739916,25532.142571416643477278,5232.930575527757355303
1701330.445429133716970682,-34500.770627381214580964,23746.367085771780693904,4769.701867279442012659
1701597.076892580837011337,-34964.692214543320005760,23091.675212041267513996,4600.874907551688920648
1701863.708356027957051992,-35415.385599902576359455,22428.247996162801428000,4430.307392434136090742
1702610.793115013511851430,-36606.307692764421517495,20524.986592520206613699,3943.668634925828428095
1703690.361870626918971539,-38134.340243058271880727,17668.540541774927987717,3220.151688568789722922
1704888.592790777096524835,-39553.137891745653178077,14370.640183574161710567,2393.926037817537689989
1705968.161546390503644943,-40573.006366289933794178,11304.615502099097284372,1633.682475204427646531
1706715.246305376058444381,-41131.807701170429936610,9140.665282049132656539,1101.361341374466292109
1706981.877768823178485036,-41301.734266829924308695,8361.449882193408484454,910.503499260388934999
1707248.509232270298525691,-41456.031354881233710330,7579.068797607650594728,719.300711241994804368
1707995.593991255853325129,-41804.634951199623174034,5372.560616718939854763,182.344464279629391967
1709075.162746869260445237,-42088.816901278805744369,2157.603603412100255809,-594.117227576475556816
1710273.393667019437998533,-42098.594464227659045719,-1425.540915896455544498,-1451.405095116619577311
1711352.962422632845118642,-41831.960982496493670624,-4645.289632850635825889,-2214.482975666465335962
1712100.047181618399918079,-41495.393306558697076980,-6857.753181109474098776,-2734.789583512743774918
1712366.678645065519958735,-41345.361188975322875194,-7642.777754795305554580,-2918.596781761460533744
1712633.310108512639999390,-41179.680134897156676743,-8424.909328679099417059,-3101.299166570901888917
1713380.394867498194798827,-40632.655581426071876194,-10598.467947912995441584,-3606.748012185082643555
1714459.963623111601918936,-39629.432011931326997001,-13682.055471465972004808,-4317.825418424264171335
1715658.194543261779472232,-38228.460636649142543320,-17004.415784863456792664,-5075.519193674468624522
1716737.763298875186592340,-36715.782958495299681090,-19887.207205696126038674,-5725.127114155969138665
1717484.848057860741391778,-35535.037323266500607133,-21810.993961715994373662,-6154.113406603943985829
1717751.479521307861432433,-35087.879125132589251734,-22482.186551876620796975,-6302.854019268658703368
1718018.110984754981473088,-34627.440033519800635986,-23144.869442288319987711,-6449.208774831862683641
1718765.195743740536272526,-33268.084501886500220280,-24954.213864439912867965,-6846.108908522151978104
1719844.764499353943392634,-31130.281760999794641975,-27436.462174879834492458,-7383.416751843505153374
1721042.995419504120945930,-28532.042858171498664888,-29991.685275685620581498,-7926.028672614429524401
1722122.564175117528066039,-26003.863363216369180009,-32098.179712829547497677,-8363.158845145988379954
1722869.648934103082865477,-24158.910341368682566099,-33440.115425636569852941,-8635.445764818676252617
1723136.280397550202906132,-23482.785767968398431549,-33895.191468496290326584,-8726.451636643872916466
1723402.911860997322946787,-22797.773975778134627035,-34337.439562939107418060,-8814.154658137318619993
1724149.996619982877746224,-20833.301227109725004993,-35506.856972594156104606,-9042.022805550752309500
1725229.565375596284866333,-17886.804501106063980842,-37009.548575948516372591,-9323.690030656964154332
1726427.796295746462419629,-14487.373792768328712555,-38408.348635079397354275,-9568.553853676146900398
1727507.365051359869539738,-11329.086091227336510201,-39417.672672498483734671,-9726.622758946708927397
1728254.449810345424339175,-9101.164190784791571787,-39973.378554881383024622,-9800.744144712993147550
1728521.081273792544379830,-8299.137904844836157281,-40143.036942107726645190,-9820.158130387977507780
1728787.712737239664420485,-7493.971863729583674285,-40297.506691037575365044,-9835.856264418433056562
1729534.797496225219219923,-5223.821322119206342904,-40648.947100436802429613,-9860.004668736552048358
1730614.366251838626340032,-1917.729789204147664350,-40943.351300114270998165,-9843.170297877582925139
1731812.597171988803893328,1764.789362988210541516,-40972.904010251251747832,-9753.051227759122411953
1732892.165927602211013436,5071.876760171308887948,-40731.591408770014822949,-9608.051868264414224541
1733639.250686587765812874,7343.276080145968080615,-40416.640901558021141682,-9472.772549094670466729
1733905.882150034885853529,8148.998796450598092633,-40275.122453822958050296,-9417.658264121610045549
1734172.513613482005894184,8951.639110673302639043,-40118.370718896578182466,-9358.981672294747113483
1734919.598372467560693622,11181.587597498266404727,-39598.553299612060072832,-9175.794105591012339573
1735999.167128080967813730,14343.604619697436646675,-38640.213878738235507626,-8863.117468046655631042
1737197.398048231145367026,17748.281342541144113056,-37296.476560819530277513,-8451.853444714946817840
1738276.966803844552487135,20700.498067262080439832,-35841.710802023109863512,-8025.974101883036382787
1739024.051562830107286572,22669.478756458880525315,-34704.372209876986744348,-7701.969707038272645150
1739290.683026277227327228,23356.207495190261397511,-34273.337307936599245295,-7580.746738031759377918
1739557.314489724347367883,24034.105515143168304348,-33829.344127812924853060,-7456.657381283082941081
1740304.399248709902167320,25884.326390481783164432,-32517.734382566512067569,-7094.103951014120866603
1741383.968004323309287429,28420.892177838035422610,-30453.023763240766129456,-6533.303780002897838131
1742582.198924473486840725,31029.495092954857682344,-27941.077133555983891711,-5863.629710352482106828
1743661.767680086893960834,33177.559617441191221587,-25494.765176573338976596,-5221.810359398762557248
1744408.852439072448760271,34544.515415366899105720,-23708.467639496193442028,-4758.474088258806659724
1744675.483902519568800926,35007.762536517402622849,-23053.634011796817503637,-4589.620388157242814486
1744942.115365966688841581,35457.778377421469485853,-22390.087523181286087492,-4419.031976891152226017
1745689.200124952243641019,36646.792786353369592689,-20486.612189838917402085,-3932.365766702581822756
1746768.768880565650761127,38172.073410491189861204,-17630.173391006177553209,-3208.890261695466961100
1747966.999800715828314424,39587.882406989898299798,-14332.718204743210662855,-2382.821340856897222693
1749046.568556329235434532,40605.177968817784858402,-11267.475314783927387907,-1622.814191179933231979
1749793.653315314790233970,41162.296028528216993436,-9104.259177792588161537,-1090.704391804345050332
1750060.284778761910274625,41331.644659440615214407,-8325.342032497561376658,-899.930867735331389667
1750326.916242209030315280,41485.376698196560028009,-7543.278659324658292462,-708.817145506123551968
1751074.001001194585114717,41832.472464511040016077,-5337.754858257715568470,-172.133306820477287147
1752153.569756807992234826,42114.694051021237100940,-2124.443430352003815642,603.881103100852328680
1753351.800676958169788122,42122.636747980213840492,1456.606359371887947418,1460.609015868325286647
1754431.369432571576908231,41854.688997130899224430,4674.280250828546741104,2223.139030929843556805
1755178.454191557131707668,41517.411326658664620481,6885.232013396400361671,2743.049521084873049404
1755445.085655004251748323,41367.166424794384511188,7669.705892452887383115,2926.712954833075855277
1755711.717118451371788979,41201.294183516976772808,8451.282213476979450206,3109.270638949706608400
1756458.801877436926588416,40653.850962040902231820,10623.263225878623416065,3614.309718496231198515
1757538.370633050333708525,39650.323832536974805407,13704.559408340286609018,4324.794569134709490754
1758736.601553200511261821,38249.431470261988579296,17024.405575739088817500,5081.841086592186911730
1759816.170308813918381929,36737.179833353155117948,19905.026932729564578040,5730.891500719062605640
1760563.255067799473181367,35556.916854072376736440,21827.386284261883702129,6159.511303524587674474
1760829.886531246593222022,35109.966568915362586267,22498.087033670075470582,6308.125614732488429581
1761096.517994693713262677,34649.753099911009485368,23160.288914398468477884,6454.356792348863564257
1761843.602753679268062115,33291.120585190430574585,24968.347452115249325288,6850.926130729571923439
1762923.171509292675182223,31154.577982060800422914,27448.921114202596072573,7387.801231543644462363
1764121.402429442852735519,28557.989421654147008667,30002.577367891437461367,7930.003787258443480823
1765200.971185056259855628,26031.476206989089405397,32107.950215064272924792,8366.834765982255703420
1765948.055944041814655066,24187.748409791063750163,33449.282329439593013376,8638.955577574783092132
1766214.687407488934695721,23512.071900461800396442,33904.177962950976507273,8729.910417928087554174
1766481.318870936054736376,22827.512551139199786121,34346.264346162126457784,8817.566793426720323623
1767228.403629921609535813,20864.324343089418107411,35515.328927449576440267,9045.327656727406065329
1768307.972385535016655922,17919.688534339435136644,37017.777694268435880076,9326.901482360048248665
1769506.203305685194209218,14522.290038836563326186,38416.663231229496886954,9571.742982211973867379
1770585.772061298601329327,11365.744595108528301353,39426.372849807550664991,9729.861401234204095090
1771332.856820284156128764,9138.952171758930489887,39982.506323564644844737,9804.052771822343856911
1771599.488283731276169419,8337.310132458749649231,40152.347329461030312814,9823.498314627388026565
1771866.119747178396210074,7532.517499314627457352,40307.014741575658263173,9839.231278406166893546
1772613.204506163951009512,5263.354786984268685046,40659.084363214540644549,9863.493619293294614181
1773692.773261777358129621,1958.511356281141161162,40954.576489478182338644,9846.861839740467985393
1774891.004181927535682917,-1722.903908539393569299,40985.541578823351301253,9757.009736991532918182
1775970.572937540942803025,-5029.287192017533016042,40745.638232573037385009,9612.277037346351789893
1776717.657696526497602463,-7300.361877352910596528,40431.713898683316074312,9477.191049982237018412
1776984.289159973617643118,-8106.002137441161721654,40290.568218925596738700,9422.146665044065230177
1777250.920623420737683773,-8908.578068201750284061,40134.191458513836550992,9363.540152876252250280
1777998.005382406292483211,-11138.440246409574683639,39615.430722719669574872,9180.548658301033356111
1779077.574138019699603319,-14300.579141711075862986,38658.606977959672803991,8868.148399725565468543
1780275.805058169877156615,-17705.725928638050390873,37316.483167827784200199,8457.169525745699502295
1781355.373813783284276724,-20658.659420097294059815,35863.053876014651905280,8031.515159048754867399
1782102.458572768839076161,-22628.279085233316436643,34726.554494592266564723,7707.644587433682318078
1782369.090036215959116817,-23315.261882753256941214,34295.799333223985740915,7586.464472432971888338
1782635.721499663079157472,-23993.427291133946710033,33852.074353955140395556,7462.415135712832125137
1783382.806258648633956909,-25844.463589946804859210,32541.150312471505458234,7099.957893382785186986
1784462.375014262041077018,-28382.366410771221126197,30477.235771746167301899,6539.250158580182869628
1785660.605934412218630314,-30992.613963398052874254,27965.883921202559577068,5869.611632388706311758
1786740.174690025625750422,-33142.265684147823776584,25519.814423646861541783,5227.757371456851615221
1787487.259449011180549860,-34510.348675796391034964,23733.517084646064176923,4764.359618406473600771
1787753.890912458300590515,-34974.000266055110841990,23078.649430113218841143,4595.476482073292572750
1788020.522375905420631170,-35424.420591271780722309,22415.050727342848404078,4424.854669089334493037
1788767.607134890975430608,-36614.560307320207357407,20511.334605384701717412,3938.074564865034972172
1789847.175890504382550716,-38141.421743490369408391,17654.298476057214429602,3214.381577756978003890
1791045.406810654560104012,-39558.864238171598117333,14355.854072224490664667,2388.004340002758453920
1792124.975566267967224121,-40577.473702041956130415,11289.437191630224333494,1627.663243007355276859
1792872.060325253522023559,-41135.388103357538057026,9125.266877129859494744,1095.295535885093613615
1793138.691788700642064214,-41304.995420826337067410,8345.983601633672151365,904.425340683332251501
1793405.323252147762104869,-41458.971635840869566891,7563.542307282057663542,713.212943878910778039
1794152.408011133316904306,-41806.670465751223673578,5356.899048515447248064,176.242600128618647659
1795231.976766746724024415,-42089.536189695667417254,2141.820976596898617572,-600.209415172632247959
1796430.207686896901577711,-42097.847549827391048893,-1441.342243859223799518,-1457.442050073090967999
1797509.776442510308697820,-41829.897411397389078047,-4661.004118097273931198,-2220.430573856515820808
1798256.861201495863497257,-41492.425674029625952244,-6873.349316457256463764,-2740.653435664560220175
1798523.492664942983537912,-41342.072752887936076149,-7658.321167069917464687,-2924.426689625161998265
1798790.124128390103578568,-41176.071920859663805459,-8440.394998727731945110,-3107.093124259209616866
1799537.208887375658378005,-40628.159999655894353054,-10613.756027599752997048,-3612.428515975517257175
1800616.777642989065498114,-39623.680289674062805716,-13696.973171872317834641,-4323.311161812995123910
1801815.008563139243051410,-38221.357460067461943254,-17018.815292206323647406,-5080.749270791749040654
1802894.577318752650171518,-36707.505213782867940608,-19901.052623240888351575,-5730.094183776075624337
1803641.662077738204970956,-35525.977345251347287558,-21824.403489754327893024,-6158.879886400907707866
1803908.293541185325011611,-35078.546850508799252566,-22495.430102390044339700,-6307.545294920621927304
1804174.925004632445052266,-34617.838130207797803450,-23157.943282708896731492,-6453.823353897545530344
1804922.009763617999851704,-33257.747051221900619566,-24966.785517510903446237,-6850.499261147418110340
1806001.578519231406971812,-31118.935426881693274481,-27448.243114846052776556,-7387.460333974753666553
1807199.809439381584525108,-28519.661213479208527133,-30002.501003463283268502,-7929.657607026467303513
1808279.378194994991645217,-25990.633707749522727681,-32108.051796518961054971,-8366.389736999948581797
1809026.462953980546444654,-24145.140660268909414299,-33449.299469775163743179,-8638.389578591282770503
1809293.094417427666485310,-23468.832729405577993020,-33904.123599362988898065,-8729.290904918367232312
1809559.725880874786525965,-22783.642911577710037818,-34346.116375088022323325,-8816.888301663260790519
1810306.810639860341325402,-20818.699550275709043490,-35514.801545117079513147,-9044.455178348560366430
1811386.379395473748445511,-17871.600155905663996236,-37016.393737364269327372,-9325.674494892866277951
1812584.610315623925998807,-14471.617712773986568209,-38413.921838614194712136,-9570.026513288825299242
1813664.179071237333118916,-11312.934463855299327406,-39422.064681705604016315,-9727.624883123724430334
1814411.263830222887918353,-9084.795664720306376694,-39976.937589477827714290,-9801.416986808722867863
1814677.895293670007959008,-8282.703111527065630071,-40146.296165118154021911,-9820.712941258605496841
1814944.526757117127999663,-7477.476833847334091843,-40300.464901543244195636,-9836.292836898493987974
1815691.611516102682799101,-5207.194828962768042402,-40651.055740635514666792,-9860.109180964696861338
1816771.180271716089919209,-1900.999075481896170459,-40944.222587896147160791,-9842.794808157468651189
1817969.411191866267472506,1781.518303476737401070,-40972.396390772242739331,-9752.145829726325246156
1819048.979947479674592614,5088.500233312995078450,-40729.843778254311473574,-9606.674537337097717682
1819796.064706465229392052,7359.762478841516895045,-40414.041118317174550612,-9471.073571709946918418
1820062.696169912349432707,8165.424599382216001686,-40272.220230578888731543,-9415.845647778771308367
1820329.327633359469473362,8967.998287743572291220,-40115.167102122490177862,-9357.056085556245307089
1821076.412392345024272799,11197.725626329942315351,-39594.512321313013671897,-9173.556113853961505811
1822155.981147958431392908,14359.337815861175840837,-38634.985027826471196022,-8860.440111452609926346
1823354.212068108608946204,17763.452597469702595845,-37289.967096892782137729,-8448.707832584541392862
1824433.780823722016066313,20715.065460940997581929,-35834.088834081667300779,-8022.426787853986752452
1825180.865582707570865750,22683.571900400223967154,-34696.009385353492689319,-7698.157641904027514101
1825447.497046154690906405,23370.121805966467945836,-34264.715635248147009406,-7576.842786796662949200
1825714.128509601810947061,24047.835568712162057636,-33820.466979122247721534,-7452.663051300053666637
1826461.213268587365746498,25897.513387561106355861,-32508.159173188614659011,-7089.864421039093031141
1827540.782024200772866607,28433.223879234072228428,-30442.492197353334631771,-6528.732778936107933987
1828739.012944350950419903,31040.787816675201611361,-27929.561871457935922081,-5858.724330591435318638
1829818.581699964357540011,33187.844582294565043412,-25482.436689302445302019,-5216.635164073253690731
1830565.666458949912339449,34554.062536910845665261,-23695.624707868122641230,-4753.131856261284156062
1830832.297922397032380104,35017.041296875715488568,-23040.614048855204600841,-4584.221686858736575232
1831098.929385844152420759,35466.784931553331261966,-22376.895859138538071420,-4413.578953737588562944
1831846.014144829707220197,36655.016391570577980019,-20472.969995715731784003,-3926.772553811785201106
1832925.582900443114340305,38179.122796399111393839,-17615.953628761941217817,-3203.124284262047694938
1834123.813820593291893601,39593.578181785691413097,-14317.961816873073985334,-2376.905729785285984690
1835203.382576206699013710,40609.619590841553872451,-11252.324864147438347572,-1616.800661425663292903
1835950.467335192253813148,41165.852970687061315402,-9088.890819432164789760,-1084.644877653419598573
1836217.098798639373853803,41334.883062758497544564,-8309.907246980352283572,-893.859371583625602398
1836483.730262086493894458,41488.295292496324691456,-7527.783495012232378940,-702.736014586581859476
1837230.815021072048693895,41834.489358238774002530,-5322.122897094918698713,-166.037701618564625505
1838310.383776685455814004,42115.398407439453876577,-2108.694534572724023747,609.965990224339748238
1839508.614696835633367300,42121.879522331561020110,1472.374142008783564961,1466.638688007246400957
1840588.183452449040487409,41852.619725890624977183,4689.957601005969081598,2229.078495607597687922
1841335.268211434595286846,41514.441028996116074268,6900.791472028384305304,2748.905362591454832000
1841601.899674881715327501,41363.876564553414937109,7685.211999924432348053,2932.534713119742718845
1841868.531138328835368156,41197.686038126310450025,8466.728968603669272852,3115.056081170826473681
1842615.615897314390167594,40649.357586874626576900,10638.516586538096817094,3619.982717233939183643
1843695.184652927797287703,39644.576672045979648829,13719.448420516844635131,4330.274258274325802631
1844893.415573077974840999,38242.333686673875490669,17038.784642263126443140,5087.067068901167658623
1845972.984328691381961107,36728.911893538344884291,19918.850760890869423747,5735.854306770771472657
1846720.069087676936760545,35547.869575913529843092,21840.774172338282369310,6164.273588076415762771
1846986.700551124056801200,35100.647378496796591207,22511.309946844423393486,6312.812948649733698403
1847253.332014571176841855,34640.165569616307038814,23173.341801036804099567,6458.967392660370933299
1848000.416773556731641293,33280.801233527439762838,24980.897438842956034932,6855.312451079860693426
1849079.985529170138761401,31143.253987567037256667,27460.681352961277298164,7391.841164130959441536
1850278.216449320316314697,28545.632717690001300070,30013.375840323293232359,7933.630025052596465684
1851357.785204933723434806,26018.272228350055229384,32117.809255451604258269,8370.064053975998831447
1852104.869963919278234243,24174.004546843269054079,33458.456249822993413545,8641.898540121597761754
1852371.501427366398274899,23498.144730500160221709,33913.100959135284938384,8732.749091743853568914
1852638.132890813518315554,22813.406909512967104092,34354.933301459888753016,8820.300155553446529666
1853385.217649799073114991,20849.745833034914539894,35523.269530999656126369,9047.760673801254597493
1854464.786405412480235100,17904.509304888688348001,37024.621261356762261130,9328.887292673862248193
1855663.017325562657788396,14506.553135650736294338,38422.240520978120912332,9573.218281822502831346
1856742.586081176064908504,11349.609313818182272371,39430.772195874204044230,9730.866949047158414032
1857489.670840161619707942,9122.598789270457928069,39986.074432718050957192,9804.729474842719355365
1857756.302303608739748597,8320.890587559511914151,40155.616096417375956662,9824.057119845883789822
1858022.933767055859789252,7516.037693888203648385,40309.982988331314118113,9839.671980312645246158
1858770.018526041414588690,5246.741113070548635733,40661.204684812044433784,9863.602639011503924849
1859849.587281654821708798,1941.793263686197633433,40955.461170516777201556,9846.491324302100110799
1861047.818201804999262094,-1739.626354919606910698,40985.048992012263624929,9756.109601144917178317
1862127.386957418406382203,-5045.898775947334797820,40743.907423230775748380,9610.905579343167119077
1862874.471716403961181641,-7316.832532280524901580,40429.132683874362555798,9475.498486743970715906
1863141.103179851081222296,-8122.411062264268366562,40287.685248910886002705,9420.340662893859189353
1863407.734643298201262951,-8924.918838840458192863,40131.007907858926046174,9361.621420704483170994
1864154.819402283756062388,-11154.560768117837142199,39611.411080619560380001,9178.317812699031492230
1865234.388157897163182497,-14316.300314075946516823,38653.399737631792959291,8865.478116614254759043
1866432.619078047340735793,-17720.887216507235280005,37309.996389288593491074,8454.031184210352876107
1867512.187833660747855902,-20673.211071245001221541,35855.459431284572929144,8027.976409470669750590
1868259.272592646302655339,-22642.358600528543320252,34718.219568900996819139,7703.841104334263945930
1868525.904056093422695994,-23329.163463566022983287,34287.205551699989882763,7582.569070882223059016
1868792.535519540542736650,-24007.146076508877740707,33843.224676214733335655,7458.429209031914069783
1869539.620278526097536087,-25857.643125041271559894,32531.601239072060707258,7095.726324390909212525
1870619.189034139504656196,-28394.694779436911630910,30466.728609936079010367,6534.686558049043924257
1871817.419954289682209492,-31003.909976357230334543,27954.387840080384194152,5864.712184014800186560
1872896.988709903089329600,-33152.552092532583628781,25507.508015468534722459,5222.588808283586331527
1873644.073468888644129038,-34519.899734418388106860,23720.693533719044353347,4759.023279393531083770
1873910.704932335764169693,-34983.282681581506039947,23065.649409943671344081,4590.083806073369487422
1874177.336395782884210348,-35433.430613409749639686,22401.879465545858693076,4419.407776740382360003
1874924.421154768439009786,-36622.789086534074158408,20497.710478667562711053,3932.486854607839632081
1876003.989910381846129894,-38148.475547355723392684,17640.098715189305949025,3208.621555556333532877
1877202.220830532023683190,-39564.567186692242103163,14341.111361555607800256,2382.093075369900361693
1878281.789586145430803299,-40581.921858108325977810,11274.301697552848054329,1621.654373151120580587
1879028.874345130985602736,-41138.951211900683119893,9109.914571905970660737,1089.240954524238532031
1879295.505808578105643392,-41308.239822285395348445,8330.565578581468798802,898.358953354492086874
1879562.137272025225684047,-41461.896141715282283258,7548.064329632889894128,707.137028335386730760
1880309.222031010780483484,-41808.693680825075716712,5341.281076630030838714,170.151447356722997029
1881388.790786624187603593,-42090.246721790419542231,2126.083172429004207515,-606.290507493807922401
1882587.021706774365156889,-42097.096186701615806669,-1457.092395431431896213,-1463.466300466440316086
1883666.590462387772276998,-41827.834038101427722722,-4676.663343095107848058,-2226.364432478364051349
1884413.675221373327076435,-41489.461928731492662337,-6888.887053202201059321,-2746.502771747937003965
1884680.306684820447117090,-41338.789646096440264955,-7673.804917751404900628,-2930.241773849927085394
1884946.938148267567157745,-41172.470908575836801901,-8455.818075531780777965,-3112.871563242624688428
1885694.022907253121957183,-40623.674895823722181376,-10628.982800572604901390,-3618.093775537033252476
1886773.591662866529077291,-39617.939835347475309391,-13711.841761539670187631,-4328.784430444528879889
1887971.822583016706630588,-38214.265322349121561274,-17033.176547616305470001,-5085.969284814015736629
1889051.391338630113750696,-36699.246149193284509238,-19914.852865049346291926,-5735.049582276007640758
1889798.476097615668550134,-35516.938518513248709496,-21837.768974161735968664,-6163.634929525451298105
1890065.107561062788590789,-35069.235765759367495775,-22508.631257841774640838,-6312.225494004693246097
1890331.739024509908631444,-34608.258651895681396127,-23170.974594898954819655,-6458.426822485967022658
1891078.823783495463430882,-33247.434987582899339031,-24979.315145889289851766,-6854.878607926816584950
1892158.392539108870550990,-31107.618595017134794034,-27459.983279158026562072,-7391.493190318970846420
1893356.623459259048104286,-28507.313834003856754862,-30013.277550205024454044,-7933.276194494828814641
1894436.192214872455224395,-25977.434813576561282389,-32117.892506360589322867,-8369.611953209005150711
1895183.276973858010023832,-24131.400613128495024284,-33458.455777131901413668,-8641.325492401974770473
1895449.908437305130064487,-23454.909741805229714373,-33913.028650913394812960,-8732.122419970208284212
1895716.539900752250105143,-22769.542719362994830590,-34354.766506303734786343,-8819.614288232021863223
1896463.624659737804904580,-20804.131604274985875236,-35522.720335482088557910,-9046.880130887167979381
1897543.193415351212024689,-17856.433109536188567290,-37023.215056977271160576,-9327.652030805169488303
1898741.424335501389577985,-14455.890025850572783384,-38419.478403608060034458,-9571.493674307075707475
1899820.993091114796698093,-11296.803832328780117678,-39426.444672661571530625,-9728.622380922806769377
1900568.077850100351497531,-9068.448504048854374560,-39980.485795786153175868,-9802.085479597639277927
1900834.709313547471538186,-8266.289244701445568353,-40149.545095129389665090,-9821.263514638427295722
1901101.340776994591578841,-7461.002748213098129781,-40303.413248304881562945,-9836.725271304174384568
1901848.425535980146378279,-5190.581956706081655284,-40653.156627393633243628,-9860.209860507669873186
1902927.994291593553498387,-1884.276954926804364732,-40945.087450894148787484,-9842.415674748031960917
1904126.225211743731051683,1798.237662091617266924,-40971.883091245072137099,-9751.237013768370161415
1905205.793967357138171792,5105.102733897610050917,-40728.092426209186669439,-9605.294592677057153196
1905952.878726342692971230,7376.228519128557309159,-40411.438573853200068697,-9469.372226127279645880
1906219.510189789813011885,8181.828763865438304492,-40269.315852449799422175,-9414.030855255281494465
1906486.141653236933052540,8984.334373736679481226,-40111.962023030297132209,-9355.128540679876095965
1907233.226412222487851977,11213.838938692264491692,-39590.471494067031017039,-9171.316636499193919008
1908312.795167835894972086,14375.047805135392991360,-38629.757681829883949831,-8857.761627441848759190
1909511.026087986072525382,17778.601540510684571927,-37283.460747310571605340,-8445.561551915367090260
1910590.594843599479645491,20729.613425555668072775,-35826.470227427205827553,-8018.878888864521286450
1911337.679602585034444928,22697.649616165239422116,-34687.648574625171022490,-7694.344640578150574584
1911604.311066032154485583,23384.020732374217914185,-34256.096252221555914730,-7572.937992978093461716
1911870.942529479274526238,24061.550596822748047998,-33811.592187157984881196,-7448.667914742523862515
1912618.027288464829325676,25910.685339293602737598,-32498.587199013240024215,-7085.624381203657321748
1913697.596044078236445785,28445.544372244741680333,-30431.961819273445144063,-6524.160809889441225096
1914895.826964228413999081,31052.074528598637698451,-27918.043339412190107396,-5853.816938044898051885
1915975.395719841821119189,33198.123375145929458085,-25470.105213614438980585,-5211.458179857745562913
1916722.480478827375918627,34563.609168991955812089,-23682.770953677274519578,-4747.785921102730753773
1916989.111942274495959282,35026.318241877139371354,-23027.584858109359629452,-4578.819738972027153068
1917255.743405721615999937,35475.789112229620513972,-22363.695545575839787489,-4408.122877529516699724
1918002.828164707170799375,36663.239137487529660575,-20459.315818002825835720,-3921.175565791059852927
1919082.396920320577919483,38186.172236818521923851,-17601.717991514018649468,-3197.353748454881952057
1920280.627840470755472779,39599.274628767976537347,-14303.184072461875985027,-2370.984428887412832410
1921360.196596084162592888,40614.059414990493678488,-11237.155553381635400001,-1610.782284557502407552
1922107.281355069717392325,41169.406464905063330662,-9073.506291929887083825,-1078.581329911362445273
1922373.912818516837432981,41338.117590285939513706,-8294.456853274195964332,-887.784032583123007498
1922640.544281963957473636,41491.209465125946735498,-7512.274051099760981742,-696.651418381181770201
1923387.629040949512273073,41836.501146578855696134,-5306.476015428982464073,-159.938623197769885564
1924467.197796562919393182,42116.096577624390192796,-2092.928753498162222968,616.054607911162975142
1925665.428716713096946478,42121.114987109198409598,1488.150027971566487395,1472.669757278503311682
1926744.997472326504066586,41850.542046057969855610,4705.646347650790630723,2235.019935244373755268
1927492.082231312058866024,41511.461984880355885252,6916.360383840097711072,2754.762582057141571568
1927758.713694759178906679,41360.577786010697309393,7700.727352665137004806,2938.357751549270687974
1928025.345158206298947334,41194.068757803230255377,8482.184983238503264147,3120.842757934076416859
1928772.429917191853746772,40644.855535863192926627,10653.775377271751494845,3625.655926897527024266
1929851.998672805260866880,39638.820223321941739414,13734.342829708852150361,4335.753965792877352214
1931050.229592955438420177,38235.225883840648748446,17053.168997592234518379,5092.292844755627811537
1932129.798348568845540285,36720.633868088916642591,19932.678619550595612964,5740.816449783273128560
1932876.883107554400339723,35538.810237273166421801,21854.168316666218743194,6169.035588099112828786
1933143.514571001520380378,35091.316113165747083258,22524.538751584193960298,6317.499875221815273107
1933410.146034448640421033,34630.565316340951540042,23186.401122441828192677,6463.577663731488428311
1934157.230793434195220470,33270.467272968933684751,24993.455179359731118893,6859.698613796443169122
1935236.799549047602340579,31131.914049728824466001,27472.449091386042709928,7395.880715631000384747
1936435.030469197779893875,28533.263462892125971848,30024.176904548814491136,7937.254669313340855297
1937514.599224811187013984,26005.050867933372501284,32127.673567451813141815,8373.292158048690907890
1938261.683983796741813421,24160.243760722889419412,33467.634055084927240387,8644.839934807247118442
1938528.315447243861854076,23484.201125272524222964,33922.027162262631463818,8735.586026910266809864
1938794.946910690981894732,22799.286163270659017144,34363.604285185538174119,8823.031511597298958804
1939542.031669676536694169,20835.158747600802598754,35531.207685072578897234,9050.190732598084650817
1940621.600425289943814278,17889.319798392934899312,37031.462658508062304463,9330.870099885889430880
1941819.831345440121367574,14490.809579944645520300,38427.813578751709428616,9574.690123321821374702
1942899.400101053528487682,11333.468540486672281986,39435.166611751177697442,9731.868865294321949477
1943646.484860039083287120,9106.241194526104663964,39989.637115084595279768,9805.402443963719633757
1943913.116323486203327775,8304.467973097947833594,40158.879150921347900294,9824.612148566846371978
1944179.747786933323368430,7499.555540416853546049,40312.945355924384784885,9840.108881249791011214
1944926.832545918878167868,5230.125302905130411091,40663.319028357203933410,9863.707834145319793606
1946006.401301532285287976,1925.071974227144892211,40956.339804243158141617,9846.116943969860585639
1947204.632221682462841272,-1756.345380418054901384,40984.550295414381253067,9755.205781766793734278
1948284.200977295869961381,-5062.505284195649437606,40742.170892873109551147,9609.530609109755459940
1949031.285736281424760818,-7333.305095036278544285,40426.544803459488321096,9473.802032574703844148
1949297.917199728544801474,-8138.822995875965716550,40284.795343132442212664,9418.530689159435496549
1949564.548663175664842129,-8941.263725249416893348,40127.817103488785505760,9359.698625570767035242
1950311.633422161219641566,-11170.684958019284749753,39607.383960538696555886,9176.082905785160619416
1951391.202177774626761675,-14332.021296065375281614,38648.185834179836092517,8862.804143237312018755
1952589.433097924804314971,-17736.048497241597942775,37303.502586541202617809,8450.889158574709654204
1953669.001853538211435080,-20687.772521630693518091,35847.852318438272050116,8024.432467140002700035
1954416.086612523766234517,-22656.448183242762752343,34709.870821873715613037,7700.032222412724877358
1954682.718075970886275172,-23343.073626792542199837,34278.598516485377331264,7578.668474369883369945
1954949.349539418006315827,-24020.872006467150640674,33834.362349466202431358,7454.438299497489424539
1955696.434298403561115265,-25870.823679239481862169,32522.043157513358892174,7091.490891582197946263
1956776.003054016968235373,-28407.018627734410983976,30456.216552924204734154,6530.120357322243762610
1957974.233974167145788670,-31015.199760279425390763,27942.888536889629904181,5859.810739513336557138
1959053.802729780552908778,-33162.837871226525749080,25495.191604950858163647,5217.416631145142673631
1959800.887488766107708216,-34529.451699719997122884,23707.857080336121725850,4753.682701952555362368
1960067.518952213227748871,-34992.565361484732420649,23052.637006661465420621,4584.687072913256997708
1960334.150415660347789526,-35442.440668968789395876,22388.695773667688627029,4413.956862564162292983
1961081.235174645902588964,-36631.016785320825874805,20484.074595458903786493,3926.895428580391580908
1962160.803930259309709072,-38155.531550038882414810,17625.878516962482535746,3202.855826067488123954
1963359.034850409487262368,-39570.270364859497931320,14326.348349233969202032,2376.176384000869347801
1964438.603606022894382477,-40586.368250196348526515,11259.147098494555393700,1615.640595883792229870
1965185.688365008449181914,-41142.511408756552555133,9094.543605273634966579,1083.181728475148702273
1965452.319828455569222569,-41311.480990627758728806,8315.128701917770740693,892.287929137596165674
1965718.951291902689263225,-41464.817067711534036789,7532.567402956419755355,701.056507603662453221
1966466.036050888244062662,-41810.712082393729360774,5325.645754648219735827,164.056231820396760668
1967545.604806501651182771,-42090.950817809025465976,2110.333622319750247698,-612.374095069255417911
1968743.835726651828736067,-42096.337082879748777486,-1472.860728451067188871,-1469.494347656616355380
1969823.404482265235856175,-41825.761390824183763471,-4692.341066950333697605,-2232.301942399416930130
1970570.489241250790655613,-41486.486567995569203049,-6904.450193679734184116,-2752.357225376524183957
1970837.120704697910696268,-41335.494242350563581567,-7689.314772906461257662,-2936.062081629173462716
1971103.752168145030736923,-41168.856653944552817848,-8471.268983884825502173,-3118.655570562817501923
1971850.836927130585536361,-40619.175117424492782447,-10644.236410525618339307,-3623.764207834297394584
1972930.405682743992656469,-39612.184772530410555191,-13726.730232608531878213,-4334.261041244360058045
1974128.636602894170209765,-38207.159149110251746606,-17047.551686518090718891,-5091.191041887755091011
1975208.205358507577329874,-36690.968769351879018359,-19928.671548133530450286,-5740.007546912254838389
1975955.290117493132129312,-35507.880603096265986096,-21851.151635750618879683,-6168.392114352278440492
1976221.921580940252169967,-35059.905238463878049515,-22521.849276903663849225,-6316.907715143282075587
1976488.553044387372210622,-34598.660031780338613316,-23184.021538558288739296,-6463.031991762723009742
1977235.637803372927010059,-33237.104890629991132300,-24991.856994193094578804,-6859.258774873685069906
1978315.206558986334130168,-31096.283792657446610974,-27471.733281767788867000,-7395.526171562839408580
1979513.437479136511683464,-28494.943292275271232938,-30024.066408996557584032,-7936.895232437015692994
1980593.006234749918803573,-25964.212429505543695996,-32127.743341322209744249,-8372.833984395414518076
1981340.090993735473603010,-24117.640657006304536480,-33467.618185018807707820,-8644.260289104644471081
1981606.722457182593643665,-23440.966735084097308572,-33921.939437118395289872,-8734.952705950940071489
1981873.353920629713684320,-22755.421711059811059386,-34363.422441580449230969,-8822.339020479417740717
1982620.438679615268483758,-20789.539512243503850186,-35530.645554866146994755,-9049.303836444007174578
1983700.007435228675603867,-17841.235818846649635816,-37030.043595635434030555,-9329.628280423690739553
1984898.238355378853157163,-14440.136608966173298541,-38425.037819312623469159,-9572.958565815139081678
1985977.807110992260277271,-11280.654584150945083820,-39430.823562033328926191,-9729.616815060999215348
1986724.891869977815076709,-9052.080151096459303517,-39984.032517036139324773,-9802.750731308648028062
1986991.523333424935117364,-8249.855227777139589307,-40152.791941931711335201,-9821.810726912977770553
1987258.154796872055158019,-7444.509137802071563783,-40306.359030081359378528,-9837.154242254360724473
1988005.239555857609957457,-5173.958653258661797736,-40655.252799897571094334,-9860.306797917661242536
1989084.808311471017077565,-1867.549112923584516466,-40945.946607781319471542,-9842.032690962305423454
1990283.039231621194630861,1814.961092329055190930,-40971.363654963737644721,-9750.324309824974989169
1991362.607987234601750970,5121.717946770824710256,-40726.333592919370857999,-9603.910244087119281176
1992109.692746220156550407,7392.704644902793006622,-40408.828236125904368237,-9467.666503810331050772
1992376.324209667276591063,8198.243404185523104388,-40266.403382924203469884,-9412.211617525090332492
1992642.955673114396631718,9000.683000195062049897,-40108.748187345641781576,-9353.196350706997691304
1993390.040432099951431155,11229.967495113029144704,-39586.420389815088128671,-9169.072122307155950693
1994469.609187713358551264,14390.770133652094955323,-38624.519587421615142375,-8855.078145223069441272
1995667.840107863536104560,17793.759051696401002118,-37276.943822531051409896,-8442.410512186937921797
1996747.408863476943224669,20744.163199428865482332,-35818.843564872157003265,-8015.327113545108659309
1997494.493622462498024106,22711.724090959593013395,-34679.282419316376035567,-7690.528622288212318381
1997761.125085909618064761,23397.916000563905981835,-34247.471773420329554938,-7569.030281574258879118
1998027.756549356738105416,24075.261071352459111949,-33802.712888983471202664,-7444.670054845699269208
1998774.841308342292904854,25923.849877572025434347,-32489.012896521129732719,-7081.382300987253074709
1999854.410063955700024962,28457.859182778858667007,-30421.427944468417990720,-6519.586607966455630958
2001052.640984105877578259,31063.353655799575790297,-27906.523429163131368114,-5848.908028578543962794
2002132.209739719284698367,33208.394992438188637607,-25457.772261685084231431,-5206.279796760898534558
2002879.294498704839497805,34573.143544060825661290,-23669.923018172506999690,-4742.440576558775319427
2003145.925962151959538460,35035.583431520935846493,-23014.561147685821197229,-4573.418327553215021908
2003412.557425599079579115,35484.781257419519533869,-22350.501511829446826596,-4402.667576936136356380
2004159.642184584634378552,36671.448974701153929345,-20445.670632449371623807,-3915.580140752315401187
2005239.210940198041498661,38193.211251623164571356,-17587.488682671952119563,-3191.584244277199559292
2006437.441860348219051957,39604.962476160952064674,-14288.410209841138566844,-2365.063721981317030441
2007517.010615961626172066,40618.490744739101501182,-11221.991550983972047106,-1604.765020464416238610
2008264.095374947180971503,41172.952305359758611303,-9058.125151301339428755,-1072.518539304518981226
2008530.726838394301012158,41341.344567932253994513,-8279.009819279319344787,-881.709486728411093281
2008797.358301841421052814,41494.116471115259628277,-7496.766406792521593161,-690.567277345503953256
2009544.443060826975852251,41838.506122207501903176,-5290.829417507387915975,-153.839755296634109527
2010624.011816440382972360,42116.787805353924341034,-2077.167775605556016671,622.141746581371876346
2011822.242736590560525656,42120.343582997986231931,1503.929728954889014858,1478.701207668713550447
2012901.811492203967645764,41848.457118482685473282,4721.339299515812854224,2240.961658408243692975
2013648.896251189522445202,41508.475290693961142097,6931.934213818597527279,2760.620121646722054720
2013915.527714636642485857,41357.271038325801782776,7716.248615221862564795,2944.181295265550488693
2014182.159178083762526512,41190.443118924304144457,8497.648015374648821307,3126.630151291870788555
2014929.243937069317325950,40640.344765218833344989,10669.040768235439827549,3631.329624025121120212
2016008.812692682724446058,39633.056043211581709329,13749.239264982521490310,4341.232924547015500139
2017207.043612832901999354,38228.114762983706896193,17067.545257989542733412,5097.515388768869343039
2018286.612368446309119463,36712.353932831480051391,19946.496963454967044527,5745.774904973318371049
2019033.697127431863918900,35529.750846745679154992,21867.550894457512185909,6173.793357230637411703
2019300.328590878983959556,35081.984119186068710405,22537.757342963082919596,6322.182841378559714940
2019566.960054326104000211,34620.965169707029417623,23199.449350666047394043,6468.183751450413183193
2020314.044813311658799648,33260.135381983483966906,25006.000214674808376003,6864.080165709084212722
2021393.613568925065919757,31120.577923293512867531,27484.203613392834085971,7399.915452978995745070
2022591.844489075243473053,28520.892216183823620668,30034.971471461049077334,7940.875824219650894520
2023671.413244688650593162,25991.830646976468415232,32137.529304610594408587,8376.516255358870694181
2024418.498003674205392599,24146.480921765705716098,33476.805910821429279167,8647.777801498334156349
2024685.129467121325433254,23470.254619455943611683,33930.948026577170821838,8738.419536118934047408
2024951.760930568445473909,22785.161167646267131204,34372.270807346438232344,8825.759594983052011230
2025698.845689554000273347,20820.561496075697505148,35539.144641598686575890,9052.618088634049854591
2026778.414445167407393456,17874.127007264236453921,37038.299000934312061872,9332.849398001120789559
2027976.645365317584946752,14475.062830080938510946,38433.381488404818810523,9576.158378329077095259
2029056.214120930992066860,11317.320337046861823183,39439.556963066454045475,9732.867304572850116529
2029803.298879916546866298,9089.873670526441856055,39993.195959180076897610,9806.071906486376974499
2030069.930343363666906953,8288.034078026090355706,40162.138470826394041069,9825.163655120231851470
2030336.561806810786947608,7483.062816807399030949,40315.903662313838140108,9840.542197143415251048
2031083.646565796341747046,5213.496350983316006023,40665.429117380124807823,9863.809324115856725257
2032163.215321409748867154,1908.335482864034929662,40957.213309557948377915,9845.738599020107358228
2033361.446241559926420450,-1773.076958387453942123,40984.045254875200043898,9754.297798985142435413
2034441.014997173333540559,-5079.126144488040154101,40740.426791552068607416,9608.151168783608227386
2035188.099756158888339996,-7349.789536479197522567,40423.948913944877858739,9472.101101064767135540
2035454.731219606008380651,-8155.246557948976260377,40281.897212321535334922,9416.716206159368084627
2035721.362683053128421307,-8957.620569390786840813,40124.617744714865693823,9357.771247575183224399
2036468.447442038683220744,-11186.817423208854961558,39603.348468245407275390,9173.843600986972887767
2037548.016197652090340853,-14347.744647111405356554,38642.964701456650800537,8860.126276595439776429
2038746.247117802267894149,-17751.212182232538907556,37297.001011790620395914,8447.743206358391034883
2039825.815873415675014257,-20702.330502556877036113,35840.240045762133377139,8020.885479706051228277
2040572.900632401229813695,-22670.532957791863736929,34701.517711000626150053,7696.220598264424552326
2040839.532095848349854350,-23356.979588679871085333,34269.986750236093939748,7574.765060524718137458
2041106.163559295469895005,-24034.593992071302636759,33825.495121915650088340,7450.444554679234897776
2041853.248318281024694443,-25884.003392605281987926,32512.477817925428098533,7087.252063488732346741
2042932.817073894431814551,-28419.347156174015253782,30445.691873854164441582,6525.549465012786640727
2044131.047994044609367847,-31026.492552670788427349,27931.376712840938125737,5854.904830822268195334
2045210.616749658016487956,-33173.123874266238999553,25482.864563105602428550,5212.240667770976870088
2045957.701508643571287394,-34539.001902521777083166,23695.011863141575304326,4748.338947636529155716
2046224.332972090691328049,-35001.846093244646908715,23039.615869762234069640,4579.287215110954093689
2046490.964435537811368704,-35451.448251285582955461,22375.503894324676366523,4408.503008807128935587
2047238.049194523366168141,-36639.241907165465818252,20470.430011853732139571,3921.301058563345122820
2048317.617950136773288250,-38162.584133688615111168,17611.650054562367586186,3197.087450921762410871
2049515.848870286950841546,-39575.969462399021722376,14311.577123382081481395,2370.257272747020579118
2050595.417625900357961655,-40590.808984841351048090,11243.987770124847884290,1609.625454418597882977
2051342.502384885912761092,-41146.065644289898045827,9079.168385491617300431,1077.121386489125598018
2051609.133848333032801747,-41314.716343255480751395,8299.686565424968648585,886.215589615751468955
2051875.765311780152842402,-41467.732313280321250204,7517.064031526929284155,694.974429919953422541
2052622.850070765707641840,-41812.724425088352290913,5310.004481813787606370,157.959714887001496209
2053702.418826379114761949,-42091.648467884566343855,2094.577134136131007836,-618.459025739455455550
2054900.649746529292315245,-42095.571180600818479434,-1488.630065175962954527,-1475.522105890535158323
2055980.218502142699435353,-41823.681149478594306856,-4708.025349648210976738,-2238.240289990152632527
2056727.303261128254234791,-41483.504481593969103415,-6920.012855783900704409,-2758.210733171653828322
2056993.934724575374275446,-41332.192174745759984944,-7704.823810277791380940,-2941.881320456760931847
2057260.566188022494316101,-41165.235872697478043847,-8486.718450284952268703,-3124.438319966858216503
2058007.650947008049115539,-40614.669832081926870160,-10659.485044221111820661,-3629.432444188994395518
2059087.219702621456235647,-39606.426504765709978528,-13741.608377729249696131,-4339.734069269218707632
2060285.450622771633788943,-38200.050646709933062084,-17061.916512698913720669,-5096.409063093264194322
2061365.019378385040909052,-36682.688947924900276121,-19942.481513972383254441,-5744.962000367006112356
2062112.104137370595708489,-35498.819334043422713876,-21864.527671470703353407,-6173.146162356049899245
2062378.735600817715749145,-35050.572357160337560344,-22535.059360529121477157,-6321.586477557521902781
2062645.367064264835789800,-34589.058619514093152247,-23197.061365683868643828,-6467.633851938509906176
2063392.451823250390589237,-33226.768605358352942858,-25004.396410598397778813,-6863.636569057387532666
2064472.020578863797709346,-31084.943254600300861057,-27483.480210816975159105,-7399.556511407704419980
2065670.251499013975262642,-28482.575975873249262804,-30034.844010255637840601,-7940.509781168556401099
2066749.820254627382382751,-25950.997001855554117355,-32137.581084239696792793,-8376.051083199525237433
2067496.905013612937182188,-24103.882971791597810807,-33476.771625011147989426,-8647.190951099310041172
2067763.536477060057222843,-23427.025856427026155870,-33930.841522921000432689,-8737.778895881901917164
2068030.167940507177263498,-22741.302829101972747594,-34372.069839635201788042,-8825.059674898700905032
2068777.252699492732062936,-20774.951182761258678511,-35538.561742541758576408,-9051.723335390946886037
2069856.821455106139183044,-17826.044857737957499921,-37036.862599261337891221,-9331.600204403799580177
2071055.052375256316736341,-14424.392083821874621208,-38430.587679799013130832,-9574.419137401300758938
2072134.621130869723856449,-11264.511531685406225733,-39435.194573405860865023,-9730.607221870410285192
2072881.705889855278655887,-9035.720378223704756238,-39987.571278992269071750,-9803.411982165516747045
2073148.337353302398696542,-8233.430434923959182925,-40156.030898283839633223,-9822.353967439003099571
2073414.968816749751567841,-7428.023553301267384086,-40309.297342164980364032,-9837.579306578065370559
2074162.053575735306367278,-5157.336402513143184478,-40657.342869319909368642,-9860.399964977077615913
2075241.622331348713487387,-1850.822340438937771978,-40946.799780662942794152,-9841.645970259027308202
2076439.853251498891040683,1831.682623942353075108,-40970.838345493844826706,-9749.407939361688477220
2077519.422007112298160791,5138.325584258276649052,-40724.569619663852790836,-9602.522589659929508343
2078266.506766097852960229,7409.171631379596874467,-40406.213366449010209180,-9465.957695095956296427
2078533.138229544973000884,8214.650582588834367925,-40263.486216150136897340,-9410.389222402791347122
2078799.769692992093041539,9017.022145110006022151,-40105.530187914875568822,-9351.261198536283700378
2079546.854451977647840977,11246.085418858385310159,-39582.365851488109910861,-9166.824894561568726203
2080626.423207591054961085,14406.480287707907336880,-38619.279297330343979411,-8852.392361296073431731
2081824.654127741232514381,17808.903730481702950783,-37270.425923416252771858,-8439.257578414617455564
2082904.222883354639634490,20758.698554589231207501,-35811.217708126583602279,-8011.774013570501665527
2083651.307642340194433928,22725.790746882437815657,-34670.913762888041674159,-7686.710390028256369988
2083917.939105787314474583,23411.803361152087745722,-34238.844953852749313228,-7565.120425754512325511
2084184.570569234434515238,24088.964065302800008794,-33793.831068600447906647,-7440.670025322780020360
2084931.655328219989314675,25937.012190946046757745,-32479.432368534835404716,-7077.137111918529626564
2086011.224083833396434784,28470.166306649789476069,-30410.892358515819068998,-6515.010655094927642494
2087209.455003983573988080,31074.622765106385486433,-27895.004719763001048705,-5843.998285629959354992
2088289.023759596981108189,33218.654145242035156116,-25445.444397463252244052,-5201.101727292392752133
2089036.108518582535907626,34582.668826479828567244,-23657.076511299059347948,-4737.094690913256272324
2089302.739982029655948281,35044.839275701662700158,-23001.539431073390005622,-4568.016557004986680113
2089569.371445476775988936,35493.764353598220623098,-22337.309246023167361272,-4397.211895807281507587
2090316.456204462330788374,36679.649966315104393288,-20432.027487246890814276,-3909.984510423236315546
2091396.024960075737908483,38200.239655347519146744,-17573.266081447112810565,-3185.815869613358245260
2092594.255880225915461779,39610.637916658364702016,-14273.650358500293805264,-2359.146135154643161513
2093673.824635839322581887,40622.911685813975054771,-11206.839448963142785942,-1598.750498199384310283
2094420.909394824877381325,41176.488277249853126705,-9042.757129419966076966,-1066.458894298810491819
2094687.540858271997421980,41344.561972655370482244,-8263.575928852429569815,-875.638129798468980880
2094954.172321719117462635,41497.014073860489588697,-7481.272594615720663569,-684.486530735616270249
2095701.257080704672262073,41840.501702938228845596,-5275.203286071184265893,-147.745995668004098889
2096780.825836318079382181,42117.471409986108483281,-2061.426158492855392979,628.223904561208428277
2097979.056756468489766121,42119.566451320024498273,1519.686886601544983932,1484.726763437109184451
2099058.625512081664055586,41846.369118008296936750,4737.003028605990039068,2246.895779195617251389
2099805.710271067451685667,41505.487198262875608634,6947.478608212939434452,2766.469929276078801195
2100072.341734514571726322,41353.963704694855550770,7731.739352083019184647,2949.996824340516923257
2100338.973197961226105690,41186.817811142034770455,8513.079176477504006471,3132.409189324831004342
2101086.057956947013735771,40635.836177764314925298,10684.274184508329199161,3636.994870603007711907
2102165.626712560188025236,39627.295384343437035568,13764.107420535145138274,4346.704183872927387711
2103363.857632710598409176,38221.005345535362721421,17081.902851808088598773,5102.732305192215790157
2104443.426388323772698641,36704.077203232758620288,19960.296922676650865469,5750.727686393070143822
2105190.511147309560328722,35520.697595634213939775,21880.912425956044899067,6178.544792682593651989
2105457.142610756680369377,35072.659100385921192355,22550.954416145694267470,6326.859347973090734740
2105723.774074203800410032,34611.372418259801634122,23212.476228363837435609,6472.783396305995665898
2106470.858833189588040113,33249.809519851609366015,25018.527572236274863826,6868.456023011137403955
2107550.427588802762329578,31109.250279565960227046,27495.939923479723802302,7403.944306177117141488
2108748.658508953172713518,28508.537976765350322239,30045.742449292789387982,7944.489907223938644165
2109828.227264566347002983,25978.629095674259588122,32147.363019469205028145,8379.733596466141534620
2110575.312023552134633064,24132.743613581493264064,33485.952912494023621548,8650.708352789044511155
2110841.943486999254673719,23456.334695900473889196,33939.844163663241488393,8741.245766683432520949
2111108.574950445909053087,22771.063996937027695822,34380.912641219823854044,8828.480421323316477356
2111855.659709431696683168,20805.995595791340747382,35547.057215643217205070,9055.038300524640362710
2112935.228465044870972633,17858.957910185068612918,37045.117859838610456791,9334.822932264723931439
2114133.459385195281356573,14459.330650596657505957,38438.937852097449649591,9577.621989212126209168
2115213.028140808455646038,11301.187829877142576152,39443.936867898039054126,9733.861355230539629702
2115960.112899794243276119,9073.527113741407447378,39996.744169484059966635,9806.737058439304746571
2116226.744363241363316774,8271.622092544739643927,40165.387409218914399389,9825.710931970626916154
2116493.375826688483357430,7466.590271665041655069,40318.852356891678937245,9840.971417770631887834
2117240.460585674270987511,5196.891995891998703883,40667.530179559435055126,9863.906970674115655129
2118320.029341287445276976,1891.623743001511002149,40958.079718714063346852,9845.356880741057466366
2119518.260261437855660915,-1789.785469620706180649,40983.535159698200004641,9753.386908175802091137
2120597.829017051029950380,-5095.718602775937142724,40738.679958007356617600,9606.769552541565644788
2121344.913776036817580462,-7366.242284852524790040,40421.352313631294236984,9470.398596902126882924
2121611.545239483937621117,-8171.637952896111528389,40278.999051112768938765,9414.900338987954455661
2121878.176702930592000484,-8973.944220125425999868,40121.419169593871629331,9355.842721371558582177
2122625.261461916379630566,-11202.923048326876596548,39599.313864373187243473,9171.603047738441091496
2123704.830217529553920031,-14363.451517203795447131,38637.742951190353778657,8857.446600268220208818
2124903.061137679964303970,-17766.356468668906018138,37290.501477367208281066,8444.596255376365661505
2125982.629893293138593435,-20716.869097869694087422,35832.631362891443131957,8017.337964951865615149
2126729.714652278926223516,-22684.601742964106961153,34693.167235040898958687,7692.408205000087036751
2126996.346115726046264172,-23370.869758843462477671,34261.377817697990394663,7570.860948647523400723
2127262.977579173166304827,-24048.300888064393802779,33816.630583986043347977,7446.450088132997734647
2128010.062338158953934908,-25897.168631530581478728,32502.915594076486740960,7083.012685234315540583
2129089.631093772128224373,-28431.660098919433949050,30435.172591464892320801,6520.978730664800423256
2130287.862013922538608313,-31037.769372370636119740,27919.872502772206644295,5849.999779690258947085
2131367.430769535712897778,-33183.390387844461656641,25470.551440746246953495,5207.067316071628738428
2132114.515528521500527859,-34548.533007762278430164,23682.182120346144074574,4742.998276522749620199
2132381.146991968620568514,-35011.107648229371989146,23026.611120433030009735,4573.890701129621447762
2132647.778455415274947882,-35460.436943706110469066,22362.328818062698701397,4403.052631134608418506
2133394.863214401062577963,-36647.447161067517299671,20456.806495584536605747,3915.711326138529329910
2134474.431970014236867428,-38169.615820910272304900,17597.449856106184597593,3191.325633720634414203
2135672.662890164647251368,-39581.650614972029870842,14296.834905032781534828,2364.345014787601030548
2136752.231645777821540833,-40595.235333648721280042,11228.854690604661300313,1603.616592159339916179
2137499.316404763609170914,-41149.607131449585722294,9063.819489521039940882,1071.067424326831087456
2137765.947868210729211569,-41317.939365470818302128,8284.271523898323721369,880.149848495404739879
2138032.579331657849252224,-41470.635658251070708502,7501.588598373868990166,688.899186238636048074
2138779.664090643636882305,-41814.726437670055020135,5294.391853537597853574,151.870286422127094283
2139859.232846256811171770,-42092.338303014497796539,2078.846624120543310710,-624.537388516035662178
2141057.463766407221555710,-42094.799851764415507205,-1504.372668484095811436,-1481.542975985823659357
2142137.032522020395845175,-41821.598479023341496941,-4723.676175807317122235,-2244.170040338421131310
2142884.117281006183475256,-41480.521133301568625029,-6935.545975727182849369,-2764.056487775410005270
2143150.748744453303515911,-41328.889449545364186633,-7720.303254152224326390,-2947.692766354550258256
2143417.380207899957895279,-41161.615074404733604752,-8502.138130194502082304,-3130.213204055611186050
2144164.464966885745525360,-40610.164468039693019819,-10674.710120062683927245,-3635.094183642604093620
2145244.033722498919814825,-39600.666465362090093549,-13756.472800130448376876,-4345.202739348499562766
2146442.264642649330198765,-38192.942743248888291419,-17076.265245270395098487,-5101.622043065453908639
2147521.833398262504488230,-36674.412758743244921789,-19956.272566391558939358,-5749.910665104999679897
2148268.918157248292118311,-35489.763716814035433345,-21877.883587945321778534,-6177.894085393390014360
2148535.549620695412158966,-35041.245188806395162828,-22548.249951910413074074,-6326.259231454668224615
2148802.181084142532199621,-34579.462498373097332660,-23210.082966897403821349,-6472.229960591888811905
2149549.265843128319829702,-33216.440925505499762949,-25016.915066705598292174,-6868.007999751713214209
2150628.834598741494119167,-31073.614114167779916897,-27495.205941002463077893,-7403.580330207334554871
2151827.065518891904503107,-28470.210806865470658522,-30045.611490903444064315,-7944.120084184428378649
2152906.634274505078792572,-25937.785360900466912426,-32147.408317186305794166,-8379.263783674216028885
2153653.719033490866422653,-24090.131949715789232869,-33485.913228992067161016,-8650.116909707792729023
2153920.350496937986463308,-23413.092918572045164183,-33939.731226125993998721,-8740.600264236765724490
2154186.981960384640842676,-22727.192882671221013879,-34380.704544914740836248,-8827.775439325558181736
2154934.066719370428472757,-20760.373956571093003731,-35546.464931844318925869,-9054.137875225580501137
2156013.635474983602762222,-17810.873461750616115751,-37043.666096111388469581,-9333.566728334762956365
2157211.866395134013146162,-14408.664224040667249938,-38436.125287340481008869,-9575.874952563373881276
2158291.435150747187435627,-11248.384549142107061925,-39439.555074251104088034,-9731.593236039811017690
2159038.519909732975065708,-9019.374435822017403552,-39991.101012220780830830,-9804.069117849134272547
2159305.151373180095106363,-8217.017940339363121893,-40159.261429724188928958,-9822.893191940174801857
2159571.782836627215147018,-7411.553102916086572804,-40312.226983152402681299,-9838.000367858730896842
2160318.867595613002777100,-5140.734478406142443419,-40659.424484063325508032,-9860.489313445632433286
2161398.436351226177066565,-1834.113634757343561432,-40947.646206992380029988,-9841.255783813881862443
2162596.667271376587450504,1848.389700933706990327,-40970.307674170144309755,-9748.488360006142102065
2163676.236026989761739969,5154.916795465012000932,-40722.801562478685809765,-9601.132119472633348778
2164423.320785975549370050,7425.627721383574680658,-40403.594301117656868882,-9464.245929040314877057
2164689.952249422669410706,8231.044269031597650610,-40260.565524073004780803,-9408.564112493528227787
2164956.583712869323790073,9033.347469843791259336,-40102.308964521427697036,-9349.323426475442829542
2165703.668471855111420155,11262.184592073717794847,-39578.310059448049287312,-9164.575693273058277555
2166783.237227468285709620,14422.177392204393981956,-38614.037146043599932455,-8849.704381328372619464
2167981.468147618696093559,17824.041650273895356804,-37263.904346765935770236,-8436.101944574300432578
2169061.036903231870383024,20773.230617070406879066,-35803.586600892071146518,-8008.217846475080477830
2169808.121662217658013105,22739.848009965819073841,-34662.543580161858699284,-7682.890220680706079293
2170074.753125664778053761,23425.681409230004646815,-34230.216699751908890903,-7561.208681510468522902
2170341.384589111898094416,24102.658721787731337827,-33784.947299392035347410,-7436.667987886212358717
2171088.469348097685724497,25950.161637975328631001,-32469.853631016725557856,-7072.891015947730920743
2172168.038103710860013962,28482.460354907074361108,-30400.359821861122327391,-6510.434235366587927274
2173366.269023861270397902,31085.882021566183539107,-27883.487011059409269365,-5839.087659100492601283
2174445.837779474444687366,33228.908479341480415314,-25433.112094855052419007,-5195.921491702800267376
2175192.922538460232317448,34592.189091737847775221,-23644.225705811535590328,-4731.746787748579663457
2175459.554001907352358103,35054.090092331076448318,-22988.513382574790739454,-4562.612801349142500840
2175726.185465354006737471,35502.742882002021360677,-22324.111896336642530514,-4391.754077937353031302
2176473.270224339794367552,36687.846369203878566623,-20418.379005413065897301,-3904.386798956745224132
2177552.838979952968657017,38207.263507857780496124,-17559.037472009800694650,-3180.045423856448906008
2178751.069900103379040956,39616.311924179957713932,-14258.875082945658505196,-2353.224338067951521225
2179830.638655716553330421,40627.328394078685960267,-11191.677445024475673563,-1592.733341288341989639
2180577.723414702340960503,41180.019292078548460267,-9027.380165780014067423,-1060.396989756370658142
2180844.354878149461001158,41347.774297703683259897,-8248.132903736131993355,-869.564515686168533648
2181110.986341596581041813,41499.906511061846686061,-7465.769207000582355249,-678.403469126523418709
2181858.071100582368671894,41842.492244292108807713,-5259.562661776208187803,-141.648868801897748426
2182937.639856195542961359,42118.149008564389077947,-2045.666219821267986845,634.310135827417070686
2184135.870776345953345299,42118.781710356524854433,1535.461603627478552880,1490.755964465460920110
2185215.439531959127634764,41844.271732568697188981,4752.686853600705035205,2252.833924013678824849
2185962.524290944915264845,41502.488111874619789887,6963.045387338433101831,2772.324142336751265248
2186229.155754392035305500,41350.645018107570649590,7747.251877627809335536,2955.816563232892804081
2186495.787217838689684868,41183.180716284296067897,8528.531948582276527304,3138.192339883335534978
2187242.871976824477314949,40631.314119540467800107,10699.530377859249711037,3642.664344131283542083
2188322.440732437651604414,39621.519240670197177678,13778.997951095145253930,4352.179352108776583918
2189520.671652588061988354,38213.880806783003208693,17096.276705562046117848,5107.951498422302393010
2190600.240408201236277819,36695.783190315989486407,19974.113585672563203843,5755.682639652680336440
2191347.325167187023907900,35511.621249335192260332,21894.297281622850277927,6183.299727195397281321
2191613.956630634143948555,35063.311690419286605902,22564.172692542237200541,6331.538829978121611930
2191880.588094081263989210,34601.755607720704574604,23225.525660983083071187,6477.386260808953011292
2192627.672853067051619291,33239.460336514748632908,25031.073780462804279523,6872.834139735095050128
2193707.241608680225908756,31097.899282008253067033,27507.691814732996135717,7407.974509129582656897
2194905.472528830636292696,28496.152537048834346933,30056.532934188096987782,7948.105941852781143098
2195985.041284443810582161,25965.394095506650046445,32157.214459348750096979,8382.952299850450799568
2196732.126043429598212242,24118.966387829350423999,33495.119678471040970180,8653.640517598514634301
2196998.757506876718252897,23442.375829096039524302,33948.758428184468357358,8744.073223811925345217
2197265.388970323372632265,22756.927803848662733799,34389.571704979862261098,8831.202236775710844086
2198012.473729309160262346,20791.393164415138016921,35554.983071724629553501,9057.458570038868856500
2199092.042484922334551811,17843.756375800709065516,37051.944880456845567096,9336.795342071658524219
2200290.273405072744935751,14443.574799134203203721,38444.496238829022331629,9579.083182989359556814
2201369.842160685919225216,11285.040790281755107571,39448.314442854403750971,9734.852154327320022276
2202116.926919671706855297,9057.161677495503681712,40000.290285684372065589,9807.398882247238361742
2202383.558383118826895952,8255.190529201472600107,40168.634048291904036887,9826.254808487570699072
2202650.189846565946936607,7450.099853836454713019,40321.798082722030812874,9841.397119736471722717
2203397.274605551734566689,5180.264365061991156836,40669.628043239012185950,9864.000894155209607561
2204476.843361164908856153,1874.888850161843947717,40958.941161130234831944,9844.971023968113513547
2205675.074281315319240093,-1806.514736791483073830,40983.018197780227637850,9752.471510160066827666
2206754.643036928493529558,-5112.332852164227915637,40736.924481674446724355,9605.383011793292098446
2207501.727795914281159639,-7382.718118769067586982,40418.745605447758862283,9468.690815749050671002
2207768.359259361401200294,-8188.053139456364988291,40276.090168331335007679,9413.079042367713554995
2208034.990722808055579662,-8990.293613445393930306,40118.208968905222718604,9353.908511464331240859
2208782.075481793843209743,-11219.049443288349721115,39595.267376570205669850,9169.356925011739804177
2209861.644237407017499208,-14379.170302153643206111,38632.510420510829135310,8854.761928612591873389
2211059.875157557427883148,-17781.511048103326174896,37283.990400653987308033,8441.444267966327970498
2212139.443913170602172613,-20731.414092666636861395,35825.011911311623407528,8013.785803932828457619
2212886.528672156389802694,-22698.673066054252558388,34684.807616276390035637,7688.591734160634587170
2213153.160135603509843349,-23384.762806647788238479,34252.759343637269921601,7566.952683552650341881
2213419.791599050629884005,-24062.009652916905906750,33807.756981480226386338,7442.451638776517029328
2214166.876358036417514086,-25910.335654311624239199,32493.343849461216450436,7078.769303324653265008
2215246.445113649591803551,-28443.972328407038730802,30424.645123126709222561,6516.404511671586988086
2216444.676033800002187490,-31049.043037505540269194,27908.361909464936616132,5845.091899255339740193
2217524.244789413176476955,-33193.654552668100222945,25458.230498272874683607,5201.890922539395432977
2218271.329548398964107037,-34558.060369146653101780,23669.345969304362370167,4737.655048526205973758
2218537.961011846084147692,-35020.365988914047193248,23013.599066028193192324,4568.491441739891342877
2218804.592475292738527060,-35469.422534708566672634,22349.146089469621074386,4397.599462485080039187
2219551.677234278526157141,-36655.651410000136820599,20443.171145738164341310,3910.117862367565976456
2220631.245989891700446606,-38176.647361738469044212,17583.234095001720561413,3185.559342135136375873
2221829.476910042110830545,-39587.327629168386920355,14282.083987073625394260,2358.430226283860065450
2222909.045665655285120010,-40599.658200752775883302,11213.708469641354895430,1597.604299688825904013
2223656.130424641072750092,-41153.144319396844366565,9048.457986836296186084,1065.010307822984941595
2223922.761888088192790747,-41321.157760654983576387,8268.844316030565096298,874.081112333667078929
2224189.393351535312831402,-41473.533959550404688343,7486.102016594525593973,682.821247347557459761
2224936.478110521100461483,-41816.722617017643642612,5278.769687820294166158,145.778696391533344467
2226016.046866134274750948,-42093.021536467917030677,2063.107418943681750534,-630.617506953344673093
2227214.277786284685134888,-42094.020885516845737584,-1520.130075508381196414,-1487.566832043138447261
2228293.846541897859424353,-41819.506626216745644342,-4739.344313970031180361,-2250.103154680790794373
2229040.931300883647054434,-41477.527902341593289748,-6951.094605858823342714,-2769.905033556011858309
2229307.562764330767095089,-41325.576564306742511690,-7735.797907642222526192,-2953.506880635997276840
2229574.194227777421474457,-41157.983581719352514483,-8517.573898910402931506,-3135.990909302464842767
2230321.278986763209104538,-40605.649248179943242576,-10689.944710961861346732,-3640.757074710516462801
2231400.847742376383394003,-39594.898571245459606871,-13771.338717879551040824,-4350.670527965520705038
2232599.078662526793777943,-38185.828001607784244698,-17090.612580087112291949,-5106.833297679831957794
2233678.647418139968067408,-36666.126768510177498683,-19970.067145350334612885,-5754.858549530291384144
2234425.732177125755697489,-35480.699232219652913045,-21891.240871395875728922,-6182.640635129630027222
2234692.363640572875738144,-35031.908804619815782644,-22561.442238322815683205,-6330.930646066561166663
2234958.995104019995778799,-34569.858651791197189596,-23223.103975094036286464,-6476.824187863740007742
2235706.079863005783408880,-33206.107178771468170453,-25029.430762207695806865,-6872.376933367594574520
2236785.648618618957698345,-31062.276071281863551121,-27506.931636987628735369,-7407.602149316373470356
2237983.879538769368082285,-28457.843029084669979056,-30056.372642532965983264,-7947.726921363303517865
2239063.448294382542371750,-25924.567094826630636817,-32157.232572361957863905,-8382.473609552700509084
2239810.533053368330001831,-24076.375293357057671528,-33495.050990690979233477,-8653.039749193243551417
2240077.164516815450042486,-23399.153554220527439611,-33948.617564927168132272,-8743.418585226905634045
2240343.795980262104421854,-22713.075935352313535986,-34389.336181492151808925,-8830.488191135467786808
2241090.880739247892051935,-20745.790049999384791590,-35554.364641974963888060,-9056.549259278237514081
2242170.449494861066341400,-17795.685896523948031245,-37050.470149642314936500,-9335.530742599094082834
2243368.680415011476725340,-14392.916271843647336937,-38441.663524183939443901,-9577.328113010238666902
2244448.249170624651014805,-11232.242154794066664181,-39443.913404544968216214,-9732.576013790649085422
2245195.333929610438644886,-9003.019915673983632587,-39994.626309327191847842,-9804.722640397738359752
2245461.965393057558685541,-8200.598028435004380299,-40162.487152689078357071,-9823.428740680354167125
2245728.596856504678726196,-7395.073916249642024923,-40315.151932566383038647,-9838.417742666737467516
2246475.681615490466356277,-5124.124352059499869938,-40661.500922505460039247,-9860.574868607522148523
2247555.250371103640645742,-1817.396208109476447135,-40948.486885727666958701,-9840.861657914168972638
2248753.481291254051029682,1865.103682498758871589,-40969.770567696592479479,-9747.564746915690193418
2249833.050046867225319147,5171.515478888021789317,-40721.026414576394017786,-9599.737478748895227909
2250580.134805853012949228,7442.084724137307603087,-40400.968777684283850249,-9462.530351050374520128
2250846.766269300132989883,8247.440532923177670455,-40257.638012477902520914,-9406.735073028166880249
2251113.397732746787369251,9049.676194404262787430,-40099.080666668298363220,-9347.381656025985648739
2251860.482491732574999332,11278.294442370211982052,-39574.244967644510325044,-9162.321811107218309189
2252940.051247345749288797,14437.882576781819807366,-38608.785492083836288657,-8847.011815600631962297
2254138.282167496159672737,17839.182465047055302421,-37257.374488178247702308,-8432.942253017827169970
2255217.850923109333962202,20787.766179871647182154,-35795.946256285555136856,-8004.657478259301569778
2255964.935682095121592283,22753.910658111279190052,-34654.162457757061929442,-7679.065469989923258254
2256231.567145542241632938,23439.565906110288779018,-34221.576561360467167106,-7557.292130435773287900
2256498.198608989361673594,24116.358927173721895088,-33776.051953949063317850,-7432.661270771022827830
2257245.283367975149303675,25963.319297923928388627,-32460.260484636542969383,-7068.639578009520846535
2258324.852123588323593140,28494.760297459986759350,-30389.813218558214430232,-6505.852750906387882424
2259523.083043738733977079,31097.138678728333616164,-27871.962326535507600056,-5834.174049605276195507
2260602.651799351908266544,33239.157000811930629425,-25420.776257838155288482,-5190.739334230811437010
2261349.736558337695896626,34601.699459548901359085,-23631.377056646750133950,-4726.398542810426988581
2261616.368021784815937281,35063.331312483504007105,-22975.489289054890832631,-4557.208687822314459481
2261882.999485231470316648,35511.710583508771378547,-22310.918593756719928933,-4386.296475892779199057
2262630.084244217257946730,36696.030520254287694115,-20404.737956497810955625,-3898.790266681747652910
2263709.652999830432236195,38214.276530275084951427,-17544.815515695907379268,-3174.276104485658834164
2264907.883919980842620134,39621.970836597283778246,-14244.120397884234989760,-2347.307310493236400362
2265987.452675594016909599,40631.733826210715051275,-11176.529689290186070139,-1586.719515387086630653
2266734.537434579804539680,41183.539272973896004260,-9012.020563709718771861,-1054.339280572738061892
2267001.168898026924580336,41350.975910979650507215,-8232.707577412898899638,-863.495214216051749645
2267267.800361474044620991,41502.788493241292599123,-7450.284259953249602404,-672.324936022904239508
2268014.885120459832251072,41844.473519455648784060,-5243.939912857908893784,-135.556230757107158524
2269094.453876073006540537,42118.818675822963996325,-2029.928164610387284483,640.390771357532571528
2270292.684796223416924477,42117.991208683073637076,1551.210430409553737263,1496.778466393216149299
2271372.253551836591213942,41842.170192828969447874,4768.348614945228291617,2258.766147134316270240
2272119.338310822378844023,41499.486549542009015568,6978.587652757633804868,2778.171769335630870046
2272385.969774269498884678,41347.324340505401778501,7762.739918078284063085,2961.629692365323535341
2272652.601237716153264046,41179.542324387024564203,8543.959337034908458008,3143.968641082425619970
2273399.685996701940894127,40626.793042446741310414,10714.758242117788540781,3648.326205053112516907
2274479.254752315115183592,39615.745448652727645822,13793.862883412120936555,4357.647429178417041840
2275677.485672465525567532,38206.757791687741701026,17110.631894188525620848,5113.165057373498711968
2276757.054428078699856997,36687.491409397793177050,19987.913232335551583674,5760.632218276559797232
2277504.139187064487487078,35502.551222474976384547,21907.660538369127607439,6188.048198622315794637
2277770.770650511607527733,35053.969291457280633040,22577.372060834961303044,6336.212422397323280165
2278037.402113958727568388,34592.145558123433147557,23238.554378077013097936,6481.982815525752812391
2278784.486872944515198469,33229.118298459397919942,25043.600677624912350439,6877.206199034149904037
2279864.055628557689487934,31086.551519733307941351,27519.430901856430864427,7411.999979577235535544
2281062.286548708099871874,28483.775691490656754468,30067.307223551550123375,7951.716447664434781473
2282141.855304321274161339,25952.167849454999668524,32167.051332150684174849,8386.165764877761830576
2282888.940063307061791420,24105.200843096485186834,33504.270944493691786192,8656.567234681358968373
2283155.571526754181832075,23428.427425852707528975,33957.658432341784646269,8746.895475795929087326
2283422.202990200836211443,22742.802702110802783864,34398.216504598502069712,8833.918842316119480529
2284169.287749186623841524,20776.796821406609524274,35562.898532355473435018,9059.874367692627856741
2285248.856504799798130989,17828.557162247863743687,37058.764161270402837545,9338.763748258019404602
2286447.087424950208514929,14427.822629212532774545,38450.046910630204365589,9580.540358179985560128
2287526.656180563382804394,11268.884324490387371043,39452.688434580159082543,9735.839536228775614290
2288273.740939549170434475,9040.787158004601224093,40003.832312531107163522,9808.057159604142725584
2288540.372402996290475130,8238.750106627609056886,40171.876403635891620070,9826.795093532940882142
2288807.003866443410515785,7433.598641693412901077,40324.739728961707442068,9841.819223772747136536
2289554.088625429198145866,5163.634060138137101603,40671.720271351907285862,9864.091058962394527043
2290633.657381042372435331,1858.151073715806433029,40959.796819306859106291,9844.581371677149945754
2291831.888301192782819271,-1823.247846064440182090,40982.495174563329783268,9751.552246810068027116
2292911.457056805957108736,-5128.955645984695365769,40735.162073363884701394,9603.992306781914521707
2293658.541815791744738817,-7399.202411038050740899,40416.131457744952058420,9466.978783640361143625
2293925.173279238864779472,-8204.475238169477961492,40273.173941673798253760,9411.253572137078663218
2294191.804742685519158840,-9006.648172763001639396,40114.991617169187520631,9351.970234615722802118
2294938.889501671306788921,-11235.180294637881161179,39591.213535952068923507,9167.106749931303056655
2296018.458257284481078386,-14394.898161730065112351,38627.268375443301920313,8852.072638954485228169
2297216.689177434891462326,-17796.673373369099863339,37277.469225600994832348,8438.287656501935998676
2298296.257933048065751791,-20745.970467636281682644,35817.379322506385506131,8010.228296523110657290
2299043.342692033853381872,-22712.755451528661069460,34676.433971207552531268,7684.769789963184848602
2299309.974155480973422527,-23398.665800580016366439,34244.127157114467991050,7563.039078784335288219
2299576.605618928093463182,-24075.727308985045965528,33798.869988369064230938,7438.447984461927262601
2300323.690377913881093264,-25923.506529510592372390,32483.761433369214500999,7074.521587594485936279
2301403.259133527055382729,-28456.290760974203294609,30414.103809837040898856,6511.825270391894264321
2302601.490053677465766668,-31060.324298077171988552,27896.834120647785312030,5840.178317254841203976
2303681.058809290640056133,-33203.928635938435036223,25445.887134671498643002,5196.707668124017800437
2304428.143568276427686214,-34567.599474892202124465,23656.482555907259666128,4732.303863145339164475
2304694.775031723547726870,-35029.635311366611858830,23000.559822291423188290,4563.084302895859764249
2304961.406495170667767525,-35478.418508711649337783,22335.936028202173474710,4392.138436612941404746
2305708.491254156455397606,-36663.863650636092643254,20429.509336401679320261,3904.516929639481077174
2306788.060009769629687071,-38183.684216602945525665,17568.992324827646370977,3179.785932680285441165
2307986.290929920040071011,-39593.011063258571084589,14267.297424099659110652,2352.506181995866882062
2309065.859685533214360476,-40604.082618685679335613,11198.533005166298607946,1591.584592891244710700
2309812.944444519001990557,-41156.681733263532805722,9033.065775526818470098,1058.945588284801260670
2310079.575907966122031212,-41324.375913229938305449,8253.385684648595997714,868.004659957230614964
2310346.207371412776410580,-41476.431664273710339330,7470.582532354955219489,676.735293346288472094
2311093.292130398564040661,-41818.716853635349252727,5263.110809532928215049,139.678343334726463354
2312172.860886011738330126,-42093.699689361987111624,2047.335779180332110627,-636.705097319076230633
2313371.091806162148714066,-42093.234127317533420864,-1535.915754313168918088,-1493.596888723460324400
2314450.660561775323003531,-41817.404675779122044332,-4755.040618559915856167,-2256.042201955901873589
2315197.745320761110633612,-41474.523368822614429519,-6966.669023494342582126,-2775.758787854690581298
2315464.376784208230674267,-41322.251808108543627895,-7751.318451168242972926,-2959.326169223926626728
2315731.008247655350714922,-41154.340056938643101603,-8533.033799561004343559,-3141.773320786574913654
2316478.093006641138345003,-40601.118992406540201046,-10705.208762764637867804,-3646.425746551236443338
2317557.661762254312634468,-39589.111428846779745072,-13786.238039735311758704,-4356.144759514331781247
2318755.892682404723018408,-38178.687192571051127743,-17104.999866473222937202,-5112.052199650135662523
2319835.461438017897307873,-36657.815453424809675198,-19983.892979136060603196,-5759.811867381373303942
2320582.546197003684937954,-35471.606676766328746453,-21904.629685974545282079,-6187.392509580571640981
2320849.177660450804978609,-35022.543551540351472795,-22574.665802082705340581,-6335.607268167334950704
2321115.809123897459357977,-34560.224260163886356167,-23236.157220596320257755,-6481.423772853010632389
2321862.893882883246988058,-33195.738320866672438569,-25041.980622011633386137,-6876.751469809105401509
2322942.462638496421277523,-31050.905344000180775765,-27518.683391139464220032,-7411.627570469236161443
2324140.693558646831661463,-28445.439813420325663174,-30067.157564676817855798,-7951.336611786976391159
2325220.262314260005950928,-25911.320097053991048597,-32167.071379842462192755,-8385.684160151364267222
2325967.347073245793581009,-24062.589516200016078074,-33504.201547745557036251,-8655.962818698308183230
2326233.978536692913621664,-23385.185788961913203821,-33957.515526330469583627,-8746.236853579584931140
2326500.610000140033662319,-22698.930507993809442269,-34397.978823236131574959,-8833.200719838052464183
2327247.694759125821292400,-20731.174624287541519152,-35562.275240891489374917,-9058.960257541979444795
2328327.263514738995581865,-17780.468672319722827524,-37057.281478385979426093,-9337.493489993652474368
2329525.494434889405965805,-14377.145551409454128589,-38447.203859626781195402,-9578.778895045294120791
2330605.063190502580255270,-11216.070233078975434182,-39448.273936065445013810,-9733.556220186444988940
2331352.147949488367885351,-8986.630266292266242090,-39998.153457368396630045,-9805.373341182395961368
2331618.779412935487926006,-8184.143193933331531298,-40165.714017535130551551,-9823.961299176031388924
2331885.410876382142305374,-7378.559868990946597478,-40318.077351085536065511,-9838.831964424163743388
2332632.495635367929935455,-5107.475834676211889018,-40663.576427911990322173,-9860.656835782800044399
2333712.064390981104224920,-1800.643699514972695397,-40949.323541687306715176,-9840.463298017224587966
2334910.295311131514608860,1881.849325258466024025,-40969.226565171775291674,-9746.636326120426019770
2335989.864066744688898325,5188.152875415924427216,-40719.241053264515358023,-9598.337083273368989467
2336736.948825730476528406,7458.584053201839196845,-40398.330260704540705774,-9460.808289429112846847
2337003.580289177596569061,8263.877362824261581409,-40254.696979740547249094,-9404.899484013812980265
2337270.211752624716609716,9066.045746682351818890,-40095.837958318152232096,-9345.433130359964707168
2338017.296511610504239798,11294.441229546982867760,-39570.164086334443709347,-9160.060991544534772402
2339096.865267223678529263,14453.618376207037726999,-38603.516934763698372990,-8844.312289938183312188
2340295.096187374088913202,17854.345620003143267240,-37250.828101658640662208,-8429.776010999610662111
2341374.664942987263202667,20802.319461581533687422,-35788.289407583564752713,-8001.090790288640164363
2342121.749701973050832748,22767.986492849573551212,-34645.766080885339761153,-7675.234896885938724154
2342388.381165420170873404,23453.461746571138064610,-34212.921894211438484490,-7553.370008622358909633
2342655.012628866825252771,24130.069321682178269839,-33767.142429498351702932,-7428.649127007854076510
2343402.097387852612882853,25976.485292573506740155,-32450.653373011657095049,-7064.382900345393863972
2344481.666143465787172318,28507.073553906913730316,-30379.246524484795372700,-6501.264562123149516992
2345679.897063616197556257,31108.412146965114516206,-27860.410731805935938610,-5829.252170981118979398
2346759.465819229371845722,33249.418747021190938540,-25408.413891250114829745,-5185.549247176918470359
2347506.550578215159475803,34611.225336714043805841,-23618.495863134834507946,-4721.040978934022859903
2347773.182041662279516459,35072.586545811616815627,-22962.433562801295920508,-4551.795553520083558396
2348039.813505109399557114,35520.692675649792363402,-22297.691837244896305492,-4380.829447972973866854
2348786.898264095187187195,36704.229393412017088849,-20391.058841612892138073,-3893.183312292699156387
2349866.467019708361476660,38221.298601335067360196,-17530.559684162773919525,-3168.497688756665411347
2351064.697939858771860600,39627.640720638133643661,-14229.317696078001972637,-2341.377949139035081316
2352144.266695471946150064,40636.144675941817695275,-11161.338859900404713699,-1580.694866722789356572
2352891.351454457733780146,41187.063431138201849535,-8996.612341603991808370,-1048.269581555251988902
2353157.982917904853820801,41354.180707336810883135,-8217.233642772094754037,-857.413997549258169784
2353424.614381351508200169,41505.672698271482659038,-7434.750566103679375374,-666.234525608583112444
2354171.699140337295830250,41846.453896761442592833,-5228.271401232304015139,-129.452639803890633630
2355251.267895950470119715,42119.483725335390772671,-2014.145052333700732561,646.481907572555883235
2356449.498816100880503654,42117.191891265872982331,1567.007844123073255105,1502.811997907817385567
2357529.067571714054793119,41840.057085647553321905,4784.049280268576694652,2264.706829802309584920
2358276.152330699842423201,41496.471590662564267404,6994.166472924540357781,2784.027121990726755030
2358542.783794146962463856,41343.989339498017216101,7778.265266987691575196,2967.450659126820937672
2358809.415257594082504511,41175.888502833091479260,8559.425410179763275664,3149.753036245049770514
2359556.500016579870134592,40622.253790099552134052,10730.026142639218960539,3653.996290190478703153
2360636.068772193044424057,39609.952736907463986427,13808.759959839764633216,4363.121654866176868381
2361834.299692343454807997,38199.614508424354426097,17125.014574355689546792,5118.383436849761892518
2362913.868447956629097462,36679.177768379660847131,20001.737871101566270227,5765.585823464001805405
2363660.953206942416727543,35493.458759511471726000,21921.046466102758131456,6192.800024821423903632
2363927.584670389536768198,35044.605354976432863623,22590.591727810377051355,6340.888791086464152613
2364194.216133836191147566,34582.513070348213659599,23251.603708891823771410,6486.582163215864056838
2364941.300892821978777647,33218.753081316950556356,25056.146561632627708605,6881.580548604702016746
2366020.869648435153067112,31075.184051697058748687,27531.181958228651637910,7416.026027836790490255
2367219.100568585563451052,28471.374988363317243056,30078.094678683966776589,7955.327578331706718018
2368298.669324198737740517,25938.919948621693038149,32176.897127125190309016,8389.378795643637204194
2369045.754083184525370598,24091.414437537176127080,33513.429151221142092254,8659.493000714443041943
2369312.385546631645411253,23414.457382881060766522,33966.565417589081334881,8749.716744052588182967
2369579.017010078765451908,22728.654521328837290639,34406.868709257578302640,8836.634506373751719366
2370326.101769064553081989,20762.181006536266067997,35570.817974906065501273,9062.288447893060947536
2371405.670524677727371454,17813.344516064560593804,37065.583059782409691252,9340.729488556344222161
2372603.901444828137755394,14412.058258260554794106,38455.595680305908899754,9581.994479901319209603
2373683.470200441312044859,11252.726565081584340078,39457.056650523940334097,9736.823192932584788650
2374430.554959427099674940,9024.417191296475721174,40007.367293773422716185,9808.711547458415225265
2374697.186422874219715595,8222.314619291480994434,40175.111752476586843841,9827.331504194107765215
2374963.817886320874094963,7417.104720528264806489,40327.674062124831834808,9842.237439515554797254
2375710.902645306661725044,5147.003908554936970177,40673.806535173593147192,9864.177461910368947429
2376790.471400919836014509,1841.416545229270923301,40960.646403241735242773,9844.188018520908372011
2377988.702321070246398449,-1839.976070592134419712,40981.966395208539324813,9750.629424585222295718
2379068.271076683420687914,-5145.567472241205905448,40733.394908128764654975,9602.598479531880002469
2379815.355835669208317995,-7415.675935865807332448,40413.513043632345215883,9465.263773688331639278
2380081.987299116328358650,-8220.887529082167020533,40270.253450275406066794,9409.425112037386497832
2380348.618762563448399305,-9022.991365283553022891,40111.770482564708800055,9350.029138973393855849
2381095.703521549236029387,-11251.301799606484564720,39587.155911835485312622,9164.853745736960263457
2382175.272277162410318851,-14410.610776923920639092,38622.025177270072163083,8849.381381775190675398
2383373.503197312820702791,-17811.822082951712218346,37270.947393652117170859,8435.129250813452017610
2384453.071952925994992256,-20760.513961793418275192,35809.746656979361432604,8006.669215310414983833
2385200.156711911782622337,-22726.826856986928760307,34668.059728619009547401,7680.946173709443428379
2385466.788175358902662992,-23412.558298460538935615,34235.494247918592009228,7559.123787951318263367
2385733.419638805557042360,-24089.435961195624258835,33789.981447079771896824,7434.442436303151225729
2386480.504397791344672441,-25936.673496608360437676,32474.174013973759429064,7070.271101694129356474
2387560.073153404518961906,-28468.600736975917243399,30403.561402259663736913,6507.244448946165903180
2388758.304073554929345846,-31071.593137992611445952,27885.309983521241520066,5835.264555605833265872
2389837.872829168103635311,-33214.187610869841591921,25433.552024461328983307,5191.525559073443218949
2390584.957588153891265392,-34577.123590196220902726,23643.628641228842752753,4726.954227861459912674
2390851.589051601011306047,-35038.889988570117566269,22987.530121225336188218,4557.678755560438730754
2391118.220515048131346703,-35487.400342911612824537,22322.735296504917641869,4386.678978304750671668
2391865.305274033918976784,-36672.062042408404522575,20415.857974850387108745,3898.917939829495480808
2392944.874029647093266249,-38190.710279860933951568,17554.757452683177689323,3174.013707277420053288
2394143.104949797503650188,-39598.682396826901822351,14252.523804493632269441,2346.584998845279187663
2395222.673705410677939653,-40608.497144898727128748,11183.367376501901162555,1585.567125487471685119
2395969.758464396465569735,-41160.209717569407075644,9017.684324701285731862,1052.883443293946811536
2396236.389927843585610390,-41327.584697149221028667,8237.938739218137925491,861.931047140756277258
2396503.021391290239989758,-41479.320083464226627257,7455.075724103729953640,670.652458841936550016
2397250.106150276027619839,-41820.702106973119953182,5247.468377617843543703,133.582130852093627027
2398329.674905889201909304,-42094.370356169856677298,2031.578270368673202029,-642.788956698150741431
2399527.905826039612293243,-42092.441114355664467439,-1551.688450066613086165,-1499.623318549946816347
2400607.474581652786582708,-41815.297951545573596377,-4770.720391516802919796,-2261.976632409648118482
2401354.559340638574212790,-41471.514138180282316171,-6982.231438617542153224,-2781.608887226236220158
2401621.190804085694253445,-41318.922602448867110070,-7766.826905578959667764,-2965.141745235797316127
2401887.822267532814294100,-41150.692098009611072484,-8548.482572688697473495,-3147.552206792052857054
2402634.907026518601924181,-40596.585418843249499332,-10720.459830534762659227,-3652.090358942009061138
2403714.475782131776213646,-39583.324051193594641518,-13801.118850349688727874,-4361.613523801619521691
2404912.706702282186597586,-38171.548404876011773013,-17119.367542429885361344,-5117.265252276793944475
2405992.275457895360887051,-36649.505098500165331643,-19997.704050752206967445,-5764.760313242728443583
2406739.360216881148517132,-35462.517051017930498347,-21918.002124762650055345,-6192.139077404142881278
2407005.991680328268557787,-35013.182315274112625048,-22587.871957643623318290,-6340.278330651919532102
2407272.623143774922937155,-34550.595143493854266126,-23249.191880107940960443,-6486.017515627668217348
2408019.707902760710567236,-33185.376752248652337585,-25054.511023067443602486,-6881.119915330942603759
2409099.276658373884856701,-31039.537779785056045512,-27530.422422094190551434,-7415.648274206570931710
2410297.507578524295240641,-28433.043128919376613339,-30077.928142687429499347,-7954.941159304559732846
2411377.076334137469530106,-25898.071455600791523466,-32176.903559033038618509,-8388.891091332900032285
2412124.161093123257160187,-24048.801127965925843455,-33513.346349616731458809,-8658.882387573528831126
2412390.792556570377200842,-23371.214144305617082864,-33966.408602260831685271,-8749.051773931152638397
2412657.424020017497241497,-22684.782337785174604505,-34406.615867257212812547,-8835.909740017772492138
2413404.508779003284871578,-20716.560567121188796591,-35570.178027267073048279,-9061.367274111509686918
2414484.077534616459161043,-17765.257338663926930167,-37064.083371937544143293,-9339.451922592241317034
2415682.308454766869544983,-14361.385000177211622940,-38452.734086963893787470,-9580.225259046070277691
2416761.877210380043834448,-11199.914716017614409793,-39452.623689597916381899,-9734.531978420109226136
2417508.961969365831464529,-8970.261000464519383968,-40001.669978413832723163,-9806.019719447895113262
2417775.593432812951505184,-8167.708752028488561336,-40168.930684122598904651,-9824.489633545850665541
2418042.224896259605884552,-7362.066502976905212563,-40320.992944345140131190,-9839.242055474211156252
2418789.309655245393514633,-5090.847092470545248943,-40665.643394625891232863,-9860.734950243369894451
2419868.878410858567804098,-1783.914488381258706795,-40950.153059959724487271,-9840.061519774837506702
2421067.109331008978188038,1898.570273366303126750,-40968.677452769130468369,-9745.705031800904180272
2422146.678086622152477503,5204.757578844691124687,-40717.453353136093937792,-9596.934726072791818297
2422893.762845607940107584,7475.048925973906079889,-40395.691412167492671870,-9459.084825894891764619
2423160.394309055060148239,8280.280786282419285271,-40251.756064008994144388,-9403.062585545383626595
2423427.025772502180188894,9082.380402142531238496,-40092.596306923449446913,-9343.483574060073806322
2424174.110531487967818975,11310.549607040451519424,-39566.087056043201300781,-9157.799947752775551635
2425253.679287101142108440,14469.318808366000666865,-38598.254219745685986709,-8841.613009999478890677
2426451.910207251552492380,17869.482519821904134005,-37244.286707578765344806,-8426.609666072759864619
2427531.478962864726781845,20816.843054172317351913,-35780.641655849409289658,-7997.525174990563755273
2428278.563721850514411926,22782.035993210782180540,-34637.378602811841119546,-7671.405336687874296331
2428545.195185297634452581,23467.332103437584009953,-34204.276181533459748607,-7549.448919170296903758
2428811.826648744288831949,24143.755647668247547699,-33758.241500393320166040,-7424.637921417475808994
2429558.911407730076462030,25989.626608713871974032,-32441.056943431347463047,-7060.127762639272987144
2430638.480163343250751495,28519.356668260097649181,-30368.698015135392779484,-6496.679987484516459517
2431836.711083493661135435,31119.657365118931920733,-27848.879618043480149936,-5824.334564415958084282
2432916.279839106835424900,33259.655375178284884896,-25396.072342866333201528,-5180.363581692885418306
2433663.364598092623054981,34620.726628172196797095,-23605.637698222486505983,-4715.688461123963861610
2433929.996061539743095636,35081.818513922342390288,-22949.400074204742850270,-4546.387280929309781641
2434196.627524986863136292,35529.651780872707604431,-22284.488005211882409640,-4375.367479103884761571
2434943.712283972650766373,36712.407250708311039489,-20377.402688376514561241,-3887.581488635831192369
2436023.281039585825055838,38228.302112224671873264,-17516.327216257679538103,-3162.724606147621670971
2437221.511959736235439777,39633.290122499478457030,-14214.550779038756445516,-2335.457139130196537735
2438301.080715349409729242,40640.539172911383502651,-11146.181151105478420504,-1574.678202085063048798
2439048.165474335197359324,41190.572668055858230218,-8981.240067580527465907,-1042.208630710192210245
2439314.796937782317399979,41357.371185856318334118,-8201.796525358791768667,-851.341766031552083405
2439581.428401228971779346,41508.543586818348558154,-7419.252527542633288249,-660.152840982233101386
2440328.513160214759409428,41848.423594829924695659,-5212.634308935867920809,-123.356818274858326845
2441408.081915827933698893,42120.140683434023230802,-1998.394173320417849027,652.564964955592813567
2442606.312835978344082832,42116.387444515712559223,1582.772165311916069186,1508.837121284786690012
2443685.881591591518372297,41837.940881821079528891,4799.721983517611988646,2270.640205092364794837
2444432.966350577306002378,41493.454822579289611895,7009.718873364507089718,2789.875447467660706025
2444699.597814024426043034,41340.653258378013561014,7793.763232739232080348,2973.264344321934913751
2444966.229277471546083689,41172.234085593379859347,8574.864402842706113006,3155.530191936168648681
2445713.314036457333713770,40617.716010568998171948,10745.265135293428102159,3659.658634642194101616
2446792.882792070508003235,39604.161792804647120647,13823.633898568401491502,4368.589359575863454666
2447991.113712220918387175,38192.475583718107372988,17139.373381936973601114,5123.595009836040844675
2449070.682467834092676640,36670.870803200145019218,20015.538447857532446506,5770.532485423131220159
2449817.767226819880306721,35484.372824685866362415,21934.411044636293809162,6197.545451348450114892
2450084.398690267000347376,35035.248126818994933274,22603.790553588383772876,6345.558851343059359351
2450351.030153713654726744,34572.888503107802534942,23264.631233698331925552,6491.174969687208431424
2451098.114912699442356825,33208.398204095094115473,25068.669630080581555376,6885.948086684152258385
2452177.683668312616646290,31063.826790366885688854,27542.913204323507670779,7420.045853043429815443
2453375.914588463027030230,28458.991822781288647093,30088.858313676304533146,7958.931595555905914807
2454455.483344076201319695,25925.692218519558082335,32186.719981351685419213,8392.584891077514839708
2455202.568103061988949776,24077.648532582781626843,33522.566179083558381535,8662.412197606156041729
2455469.199566509108990431,23400.510621844812703785,33975.450074771339131985,8752.531221486182403169
2455735.831029956229031086,22714.531061802415933926,34415.498410487081855536,8839.343355597226036480
2456482.915788942016661167,20747.593035156656696927,35578.715220004181901459,9064.695816787098010536
2457562.484544555190950632,17798.158737040332198376,37072.383217170092393644,9342.689252162743287045
2458760.715464705601334572,14396.312769800084424787,38461.131523728065076284,9583.443744277541554766
2459840.284220318775624037,11236.582326172641842277,39461.415188742823374923,9737.802588870810723165
2460587.368979304563254118,9008.053745491726658656,40010.894985829916549847,9809.362041199112354661
2460854.000442751683294773,8205.886576566570511204,40178.339782380993710831,9827.864034004385757726
2461120.631906198337674141,7400.617434857836087758,40330.601391628733836114,9842.651824628659596783
2461867.716665184125304222,5130.387219813191222784,40675.885342398032662459,9864.260103650096425554
2462947.285420797299593687,1824.701254074411053807,40961.489320967157254927,9843.791253003011661349
2464145.516340947709977627,-1856.688016374365133743,40981.432464349978545215,9749.703495077963452786
2465225.085096560884267092,-5162.170866534348533605,40731.622899438516469672,9601.201443283634944237
2465972.169855546671897173,-7432.140019424698948569,40410.890343696548370644,9463.545747659927656059
2466238.801318993791937828,-8237.290839629898982821,40267.328741862445895094,9407.593653142970651970
2466505.432782440911978483,-9039.327696639005807810,40108.544838317706307862,9348.084931863913880079
2467252.517541426699608564,-11267.416862055359160877,39583.093946205932297744,9162.597702838154873461
2468332.086297039873898029,-14426.319059658713740646,38616.777252284424321260,8846.687012166343265562
2469530.317217190284281969,-17826.961688357667298988,37264.423113141994690523,8431.968503844265796943
2470609.885972803458571434,-20775.042758639145176858,35802.115138822067820001,8003.108904331357734918
2471356.970731789246201515,-22740.882141179925383767,34659.688299101202574093,7677.121841367234992504
2471623.602195236366242170,-23426.434386641634773696,34226.864664984881528653,7555.207940361990949896
2471890.233658683020621538,-24103.127607396323583089,33781.096973260624508839,7430.436554166316454939
2472637.318417668808251619,-25949.820323784315405646,32464.594061513671476860,7066.021265071994093887
2473716.887173281982541084,-28480.894140366410283605,30393.025350986943522003,6502.664049060522302170
2474915.118093432392925024,-31082.852241331307595829,27873.786966397416108521,5830.349939280649778084
2475994.686849045567214489,-33224.435813928852439858,25421.220129479090246605,5186.343276937213886413
2476741.771608031354844570,-34586.635144270148884971,23630.781209777218464296,4721.605359152474193252
2477008.403071478474885225,-35048.131772308675863314,22974.507793594337272225,4552.274236739010120800
2477275.034534925594925880,-35496.369446041455375962,22309.542142482667259173,4381.220633515074950992
2478022.119293911382555962,-36680.249176856064877938,20402.213037040019116830,3893.319863685677319154
2479101.688049524556845427,-38197.722216323934844695,17540.536878469913062872,3168.244527489876873005
2480299.918969674967229366,-39604.341594529971189331,14237.763805804350340622,2340.666842231222290138
2481379.487725288141518831,-40612.899682401788595598,11168.219657657136849593,1579.553886817895318018
2482126.572484273929148912,-41163.726657242368673906,9002.321688957836158806,1046.825844514788059314
2482393.203947721049189568,-41330.782851508105522953,8222.510623329464579001,855.862018142754209293
2482659.835411167703568935,-41482.198217047669459134,7439.588119999661103066,664.574333876019181844
2483406.920170153491199017,-41822.678283118097169790,5231.844711878301495744,127.490618105734199617
2484486.488925766665488482,-42095.033512144065753091,2015.839716545525334368,-648.867929109485885419
2485684.719845917075872421,-42091.642606121022254229,-1567.435491227616466858,-1505.643110091827111319
2486764.288601530250161886,-41813.187370294552238192,-4786.377862295215891208,-2267.905089508119999664
2487511.373360516037791967,-41468.503157880411890801,-6997.766812652226690261,-2787.451813220450731023
2487778.004823963157832623,-41315.592117578460602090,-7782.308660159250393917,-2970.950198576049842814
2488044.636287410277873278,-41147.043142274749698117,-8563.905764963681576774,-3153.324202028409217746
2488791.721046396065503359,-40592.052653001068392769,-10735.684060281038910034,-3657.747708645272268768
2489871.289802009239792824,-39577.537565159640507773,-13815.978620784850136261,-4367.076245990965617239
2491069.520722159650176764,-38164.416830600166576914,-17133.705154316427069716,-5122.470095216740446631
2492149.089477772824466228,-36641.205402476371091325,-20011.483979659737087786,-5769.700230254961752507
2492896.174236758612096310,-35453.437140054629708175,-21931.348139185218315106,-6196.878118086870927073
2493162.805700205732136965,-35003.830484872778470162,-22601.053111539309611544,-6344.942162827022002602
2493429.437163652386516333,-34540.974798302471754141,-23262.203320623746549245,-6490.604402855078660650
2494176.521922638174146414,-33175.025373901655257214,-25067.018578930274088634,-6885.481539078079549654
2495256.090678251348435879,-31028.187382333384448430,-27542.134009963549033273,-7419.661116954565841297
2496454.321598401758819818,-28420.661788591452932451,-30088.676662857174960664,-7958.538956978317401081
2497533.890354014933109283,-25884.842912768988753669,-32186.712652320624329150,-8392.091051161767609301
2498280.975113000720739365,-24035.035068643079284811,-33522.468526555101561826,-8661.795091137380950386
2498547.606576447840780020,-23357.266197541634028312,-33975.278884314742754214,-8751.859803887218731688
2498814.238039894960820675,-22670.657033312782004941,-34415.231381636629521381,-8838.612129250714133377
2499561.322798880748450756,-20701.967314450699632289,-35578.062338642928807531,-9063.768281584520082106
2500640.891554493922740221,-17750.066195509192766622,-37070.869396656904427800,-9341.404887081631386536
2501839.122474644333124161,-14345.640980285770638147,-38458.252032264826993924,-9581.666857808488202863
2502918.691230257507413626,-11183.777232867503698799,-39456.962320892285788432,-9735.503252714979680604
2503665.775989243295043707,-8953.903618463415114093,-40005.177817705676716287,-9806.662015352736489149
2503932.407452690415084362,-8151.285936281381509616,-40172.138980359297420364,-9825.013948724663350731
2504199.038916137069463730,-7345.584031156744458713,-40323.900548139732563868,-9839.648195255278551485
2504946.123675122857093811,-5074.233134718186192913,-40667.702528238492959645,-9860.809249937818094622
2506025.692430736031383276,-1767.200650673917607492,-40950.975892958907934371,-9839.656222336181599530
2507223.923350886441767216,1915.278685678747024212,-40968.122837462135066744,-9744.770447325010536588
2508303.492106499616056681,5221.351358247766256682,-40715.660868840866896790,-9595.529242654494737508
2509050.576865485403686762,7491.500050067095799022,-40393.048782570098410361,-9457.358584629912002129
2509317.208328932523727417,8296.670155930438340874,-40248.811663805157877505,-9401.223001718622981571
2509583.839792379643768072,9098.701120240133604966,-40089.351391326053999364,-9341.531396151189255761
2510330.924551365431398153,11326.648659846618102165,-39562.006211236468516290,-9155.536071060070753447
2511410.493306978605687618,14485.012654095153266098,-38592.987314314566901885,-8838.910808689111945569
2512608.724227129016071558,17884.614012255617126357,-37237.740950157007318921,-8423.440424880580394529
2513688.292982742190361023,20831.369489034415892093,-35772.985210255988931749,-7993.955508190418186132
2514435.377741727977991104,22796.088883375257864827,-34628.981602245286921971,-7667.571589399793992925
2514702.009205175098031759,23481.204772741195483832,-34195.621440449700457975,-7545.523818637416297861
2514968.640668621752411127,24157.444111055869143456,-33749.331478720880113542,-7420.622723632979614194
2515715.725427607540041208,26002.769910385479306569,-32431.450997608615580248,-7055.868621940999219078
2516795.294183220714330673,28531.644953022434492595,-30358.136267329660768155,-6492.090567892872059019
2517993.525103371124714613,31130.910584984474553494,-27837.330492993954976555,-5819.411054687036084943
2519073.093858984299004078,33269.899076194909866899,-25383.711440033599501476,-5175.171869387783772254
2519820.178617970086634159,34630.232675230894528795,-23592.761472000289359130,-4710.330378139005915727
2520086.810081417206674814,35091.055052165196684655,-22936.348155917807162041,-4540.973400160143683024
2520353.441544864326715469,35538.615098070884414483,-22271.265618881829141174,-4369.899922406195400981
2521100.526303850114345551,36720.586969102063449100,-20363.729958334028196987,-3881.974728755719297624
2522180.095059463288635015,38235.306999123764398973,-17502.076178458813956240,-3156.946295619383363373
2523378.325979613699018955,39638.941214989441505168,-14199.759800989089853829,-2329.529975754165207036
2524457.894735226873308420,40644.932717069823411293,-11131.001656314378124080,-1568.655979462243749367
2525204.979494212660938501,41194.079969217913458124,-8965.844964424330100883,-1036.142025038661586223
2525471.610957659780979156,41360.559572112651949283,-8186.335120812158493209,-845.263580463830066947
2525738.242421106435358524,41511.411493275969405659,-7403.732444522302102996,-654.065807858660832608
2526485.327180092222988605,41850.388766225005383603,-5196.977808351222847705,-117.256447431915489688
2527564.895935705397278070,42120.791479378152871504,-1982.626100978760177895,658.651814048164510496
2528763.126855855807662010,42115.575390013269498013,1598.551671239193183283,1514.865314162813092480
2529842.695611468981951475,41835.815631253579340409,4815.411201911177158763,2276.576748750860588189
2530589.780370454769581556,41490.427810896901064552,7025.288917502434742346,2795.727055921603096067
2530856.411833901889622211,41337.306427693249133881,7809.279434475523885339,2979.081397064324391977
2531123.043297349009662867,41168.569099106607609428,8590.319060799489307101,3161.310062016670599405
2531870.128056334797292948,40613.167373701522592455,10760.517291676416789414,3665.322968031822256307
2532949.696811947971582413,39598.359914045729965437,13838.517688848274701741,4374.058090888232072757
2534147.927732098381966352,38185.324337366786494385,17153.742319639932247810,5128.807459723531792406
2535227.496487711556255817,36662.550457212615583558,20029.348753728416340891,5775.479746516751220042
2535974.581246697343885899,35475.273258080582309049,21947.784274912992259488,6202.291111329162049515
2536241.212710144463926554,35025.876985287621209864,22616.997956660074123647,6350.229084605750358605
2536507.844173591118305922,34563.249477463556104340,23277.667620734464435373,6495.767968195502362505
2537254.928932576905936003,33198.027858219735207967,25081.201510173763381317,6890.315684022720233770
2538334.497688190080225468,31052.454309544627903961,27554.651153175611398183,7424.065113157919768128
2539532.728608340490609407,28446.590865489753923612,30099.629231596889439970,7962.534989845506970596
2540612.297363953664898872,25912.442748743567790370,32196.551409604599029990,8395.790463519884724519
2541359.382122939452528954,24063.863979905097949086,33531.708239851541293319,8665.330043864712934010
2541626.013586386572569609,23386.543192028351768386,33984.340686211027787067,8755.344493037278880365
2541892.645049833692610264,22700.386672004140564241,34424.133778882765909657,8842.050902690920338500
2542639.729808819480240345,20732.978219011474720901,35586.620179967765579931,9067.102160981972701848
2543719.298564432654529810,17782.947763606473017717,37079.188048515228729229,9344.647242378970986465
2544917.529484583064913750,14380.549943577449084842,38466.666972625469497871,9584.890176777593296720
2545997.098240196239203215,11220.422660743537562666,39465.771521553971979301,9738.778734387964505004
2546744.182999182026833296,8991.678986244609404821,40014.418794667777547147,9810.008976587603683583
2547010.814462629146873951,8189.446505484474073455,40181.563876173160679173,9828.392969260657991981
2547277.445926075801253319,7384.118164478078142565,40333.524565804378653411,9843.062560407683122321
2548024.530685061588883400,5113.754145116277868510,40677.959951620949141216,9864.338962596037163166
2549104.099440674763172865,1807.957588042848783516,40962.327396704677084927,9843.390233482989060576
2550302.330360825173556805,-1873.424337399846308472,40980.891408928699092939,9748.772895316504218499
2551381.899116438347846270,-5178.787020979257249564,40729.843141375371487811,9599.799934450682485476
2552128.983875424135476351,-7448.616474957336322404,40408.259197784645948559,9461.823125494411215186
2552395.615338871255517006,-8253.705165972949544084,40264.395568199215631466,9405.757643161705345847
2552662.246802318375557661,-9055.673190003166382667,40105.310861301019031089,9346.136269244687355240
2553409.331561304163187742,-11283.538180412913789041,39579.023785875026078429,9160.337359435694452259
2554488.900316917337477207,-14442.033922574784810422,38611.520284949197957758,8843.988205527421087027
2555687.131237067747861147,-17842.114221247418754501,37257.885995508026098832,8428.802340211361297406
2556766.699992680922150612,-20789.588151326846855227,35794.467189727001823485,7999.542320447631027491
2557513.784751666709780693,-22754.949309978681412758,34651.301860592808225192,7673.291780199866479961
2557780.416215113829821348,-23440.322044111038849223,34218.219842694801627658,7551.286346231328934664
2558047.047678560484200716,-24116.829732468107977184,33772.197553497593617067,7426.425054568127961829
2558794.132437546271830797,-25962.975665512843988836,32454.999419644769659499,7061.766011623467420577
2559873.701193159446120262,-28493.188605975130485604,30382.479451830258767586,6498.079724102373802452
2561071.932113309856504202,-31094.105559456489572767,27862.260256781522912206,5825.433213197502482217
2562151.500868923030793667,-33234.681452004180755466,25408.880589634467469295,5181.158006013491103658
2562898.585627908818423748,-34596.144786732664215378,23617.924733878142433241,4716.253259598025579180
2563165.217091355938464403,-35057.371184249677753542,22961.476848200287349755,4546.866641650367455441
2563431.848554803058505058,-35505.335321775150077883,22296.341434119760378962,4375.759530305987027532
2564178.933313788846135139,-36688.431131359298888128,20388.563305405496066669,3887.719857402239085786
2565258.502069402020424604,-38204.731260020700574387,17526.306326083911699243,3162.472288200954608328
2566456.732989552430808544,-39609.996006370500253979,14222.996731306473520817,2334.746567271318781422
2567536.301745165605098009,-40617.297394136920047458,11153.063386049099790398,1573.538358086464995722
2568283.386504151392728090,-41167.238025973798357882,8986.951958551853749668,1040.766450667049639378
2568550.017967598512768745,-41333.975420198570645880,8207.074897861759382067,849.791116591032618999
2568816.649431045167148113,-41485.070708761959394906,7424.092494947132763627,658.494284827922456316
2569563.734190030954778194,-41824.648484956036554649,5216.212490023741338518,121.397189526350530286
2570643.302945644129067659,-42095.690117377424030565,2000.091113943158006805,-654.948974803252667698
2571841.533865794539451599,-42090.836398248080513440,-1583.198460162220726488,-1511.666146916077423157
2572921.102621407713741064,-41811.068194824103557039,-4802.047933472824297496,-2273.835791425016850553
2573668.187380393501371145,-41465.482852935339906253,-7013.314659859398489061,-2793.296810882906811457
2573934.818843840621411800,-41312.252252421669254545,-7797.801820469399899594,-2976.760423320048630558
2574201.450307287741452456,-41143.385278338158968836,-8579.337137059954329743,-3159.097166666143948532
2574948.535066273529082537,-40587.510964253240672406,-10750.914589500160218449,-3663.405458145947250159
2576028.103821886703372002,-39571.742701993229275104,-13830.841377125711005647,-4372.538422015726609970
2577226.334742037113755941,-38157.270865566264546942,-17148.057220001261157449,-5127.676793884037579119
2578305.903497650288045406,-36632.893812675138178747,-20025.271112747988809133,-5774.640183154163423751
2579052.988256636075675488,-35444.347985135391354561,-21944.696174916574818781,-6201.615925131597578002
2579319.619720083195716143,-34994.470074305478192400,-22614.235112797137844609,-6349.604463354117797280
2579586.251183529850095510,-34531.346501899250142742,-23275.214569306412158767,-6495.189492263875763456
2580333.335942515637725592,-33164.665974794181238394,-25079.525701784550619777,-6889.841211875539556786
2581412.904698128812015057,-31016.828103687021211954,-27553.845620593983767321,-7423.671968276181360125
2582611.135618279222398996,-28408.277772700592322508,-30099.419013892187649617,-7962.133321643907038379
2583690.704373892396688461,-25871.618054036083776737,-32196.510989902912115213,-8395.286549547661707038
2584437.789132878184318542,-24021.275177422296110308,-33531.578911387710832059,-8664.703088431288051652
2584704.420596325304359198,-23343.324269753698899876,-33984.137756151423673145,-8754.663193565836991183
2584971.052059772424399853,-22656.539299179879890289,-34423.834783703547145706,-8841.309731469313192065
2585718.136818758212029934,-20687.385769878983410308,-35585.933062391617568210,-9066.164207187906868057
2586797.705574371386319399,-17734.886644473212072626,-37077.643344442338275257,-9343.353062028429121710
2587995.936494521796703339,-14329.909171188919572160,-38463.759111041370488238,-9583.103916219470193028
2589075.505250134970992804,-11167.648773328808601946,-39461.292173589121375699,-9736.470363871296285652
2589822.590009120758622885,-8937.562321861147211166,-40008.675947888768860139,-9807.300098404059099266
2590089.221472567878663540,-8134.879476158829675114,-40175.337859855979331769,-9825.534123853507480817
2590183.834752947092056274,-7849.294138847918475221,-40230.826433501999417786,-9831.111014100724787568
2590448.935273551382124424,-7047.154593235637548787,-40376.084487924170389306,-9844.241354499710723758
2590832.016625029500573874,-5883.452842137625339092,-40559.297104479432164226,-9856.709257297596195713
2591257.204847537912428379,-4586.499593725706290570,-40725.553252029334544204,-9861.533269569423282519
2591640.286199016030877829,-3414.171107478087378695,-40841.796611952398961876,-9857.754408253513247473
2591905.386719620320945978,-2601.279246199515455373,-40903.570937076430709567,-9850.631615628799409023
2592000.000000000000000000,-2310.910281150582704868,-40921.914885877493361477,-9847.197240322528159595
