Time (s), X (km), Y (km), Z (km)
0.000000000000000000,-23760.532622380000248086,-33715.879108560002350714,-8669.038042340000174590
58.835409358300346128,-23610.930493310144811403,-33815.690888861274288502,-8689.138061937754173414
232.770247720626855426,-23166.128464077184617054,-34107.112735901340784039,-8747.621766166581437574
514.202728018589709791,-22438.552720705563842785,-34566.988429553653986659,-8839.262153198180385516
890.832900400296580301,-21450.118543459619104397,-35159.585434764470846858,-8956.062736728397794650
1346.200219060585823172,-20233.485919157559692394,-35840.574679353587271180,-9088.241703462141231284
1860.402947079175874023,-18832.882241171369969379,-36561.957316933978290763,-9225.431738974346444593
2410.967957823209417256,-17303.904148725378036033,-37277.286562793269695248,-9357.924638420279734419
2973.832918419134784926,-15711.927367874006449711,-37946.416878401149006095,-9477.767588042357601807
3524.397929163168555533,-14129.088857243354141247,-38539.029993100404681172,-9579.530608837894760654
4038.600657181757469516,-12630.152767104613303673,-39036.371673190813453402,-9660.617572750483304844
4493.967975842046143953,-11287.819221389996528160,-39430.964611660536320414,-9721.078786599677187041
4870.598148223754833452,-10168.109980908739089500,-39724.466618908882082906,-9762.981673911353937001
5152.030628521717517287,-9326.362490167426585685,-39924.216400522585900035,-9789.482778332263478660
5325.965466884043962636,-8804.145542675214528572,-40039.258746856554353144,-9803.798506368164453306
5384.800876242344202183,-8627.174735502623661887,-40076.714786753283988219,-9808.283746636830983334
5443.636285600644441729,-8450.044983322550251614,-40113.432462838936771732,-9812.588267993380213738
5617.571123962970887078,-7925.499185988497629296,-40217.656362210043880623,-9824.256117109734987025
5899.003604260933570913,-7074.100343273770704400,-40372.571761148159566801,-9839.783740906701495987
6275.633776642640441423,-5930.104317595069005620,-40553.252244970986794215,-9854.072891443809567136
6731.001095302930480102,-4541.050466990847780835,-40730.812435565625492018,-9861.414049850069204695
7245.203823321519848832,-2966.580747402091219556,-40877.276270178022969048,-9856.621564831772047910
7795.768834065553164692,-1276.202149818469479214,-40970.338217805889144074,-9836.116431590909996885
8358.633794661478532362,454.047341431672975887,-40997.168395488937676419,-9798.752520761610867339
8909.198805405512757716,2145.766834912072226871,-40956.553463606869627256,-9746.223437768390795100
9423.401533424101216951,3722.684949982161924709,-40858.965255512048315722,-9682.965262285999415326
9878.768852084391255630,5114.869280801336572040,-40724.548140532111574430,-9615.568382063282115269
10255.399024466099945130,6262.135362757551774848,-40579.417891069206234533,-9551.805512702250780421
10536.831504764060809975,7116.378847320745990146,-40450.972032779718574602,-9499.450407569745948422
10710.766343126388164819,7642.853805742874101270,-40363.061391808158077765,-9465.090022201517058420
10769.601752484688404365,7820.665643092077516485,-40331.853380698805267457,-9453.122093820702502853
10828.437161842988643912,7998.333444013325788546,-40299.902561186412640382,-9440.980050442134597688
11002.372000205315998755,8522.697992784502275754,-40201.108351088310882915,-9404.068546087428330793
11283.804480503278682590,9368.195414707595773507,-40027.558220226150297094,-9341.140956259978338494
11660.434652884985553101,10493.452914649220474530,-39768.927243667953007389,-9250.773406491271089180
12115.801971545273772790,11843.299992094347544480,-39416.170603426005982328,-9132.197524956083725556
12630.004699563864051015,13351.772004627222486306,-38965.591305082496546675,-8986.197873734641689225
13180.569710307896457380,14946.045095041925378609,-38422.415322096851014066,-8815.867932028375435038
13743.434670903821825050,16551.005128262164362241,-37803.073285603728436399,-8627.040497770654837950
14293.999681647856050404,18093.930313161174126435,-37135.630848448090546299,-8428.272172590606714948
14808.202409666446328629,19508.657455517510243226,-36458.179723031185858417,-8230.352886487386058434
15263.569728326732729329,20738.668878539996512700,-35815.407134161163412500,-8045.406819263478610083
15640.199900708441418828,21738.777741583595343400,-35253.899967262354039121,-7885.725999411084558233
15921.632381006405921653,22475.432540745539881755,-34816.934505954217456747,-7762.515750621800179943
16095.567219368731457507,22925.996089082742400933,-34539.529926295690529514,-7684.729214870259966119
16154.402628727031697053,23077.572939485260576475,-34444.434593767633487005,-7658.136531205358551233
16213.238038085331936600,23228.724923505164042581,-34348.705126856402785052,-7631.402848023868500604
16387.172876447657472454,23673.063364054258272517,-34062.009260720988095272,-7551.550398572004269226
16668.605356745621975278,24383.919744362305209506,-33586.538342805994034279,-7419.778477204736191197
17045.235529127327026799,25319.109328937898681033,-32928.135705315922677983,-7238.552987211738582118
17500.602847787617065478,26424.236799122016236652,-32098.966642717314243782,-7012.161729582940097316
18014.805575806207343703,27637.063764202590391506,-31120.166394924228370655,-6747.237552345619405969
18565.370586550241569057,28892.540605880501971114,-30023.685425556679547299,-6453.072590296511407360
19128.235547146166936727,30127.913703861828253139,-28852.701199914743483532,-6141.587546705390195712
19678.800557890201162081,31287.209279661248729099,-27660.273619301100552548,-5826.896445013704578741
20193.003285908791440306,32324.439480797569558490,-26506.304513913994014729,-5524.497870336874257191
20648.370604569077841006,33205.097691222275898326,-25453.212254228485107888,-5250.202033840474541648
21025.000776950786530506,33905.864911770164326299,-24560.956402615127444733,-5018.947582131140734418
21306.433257248751033330,34412.841624417524144519,-23882.099877855223894585,-4843.664711449649985298
21480.368095611076569185,34718.938471919340372551,-23457.496924113431305159,-4734.309336434589567943
21539.203504969376808731,34821.217654241721902508,-23313.012818129915103782,-4697.145407858775797649
21598.038914327677048277,34922.855999043160409201,-23168.099667602517001797,-4659.895028236589496373
21771.973752690002584131,35219.563346612449095119,-22737.210387089122377802,-4549.272979295847108006
22053.406232987967086956,35687.627588761220977176,-22032.301717929374717642,-4368.740687838208032190
22430.036405369672138477,36290.475180239132896531,-21074.487978800032578874,-4124.276536368915913044
22885.403724029962177156,36982.766978303618088830,-19895.282752164472185541,-3824.569339175161076128
23399.606452048552455381,37715.463851349610195030,-18537.425032240171276499,-3481.087829248199341237
23950.171462792586680735,38441.188769406820938457,-17054.714969138447486330,-3107.905627814039689838
24513.036423388512048405,39119.094697903092310298,-15510.494336661715351511,-2721.214394392829490243
25063.601434132546273759,39718.467530901725695003,-13974.732793305833183695,-2338.535353507531908690
25577.804162151136551984,40220.484864887497678865,-12520.019296086225949693,-1977.715501981239867746
26033.171480811422952684,40617.893220926816866267,-11217.000327522699080873,-1655.844132732518119155
26409.801653193131642183,40912.781288808160752524,-10129.881861242298327852,-1388.232816700043258606
26691.234133491096145008,41113.009160345834970940,-9312.514633592982136179,-1187.569003256188807427
26865.168971853421680862,41228.108425316699140240,-8805.371841225140087772,-1063.296582096640122472
26924.004381211721920408,41265.542469116662687156,-8633.500562318433367182,-1021.220342903432538151
26982.839790570022159955,41302.217297705305099953,-8461.470441805264272261,-979.125313611211822717
27156.774628932347695809,41406.192601923547044862,-7952.000314566837914754,-854.577581339841344743
27438.207109230312198633,41560.319949251199432183,-7124.988012349764176179,-652.772807013685451238
27814.837281612017250154,41739.200259799552441109,-6013.598550078990228940,-382.290355973620535224
28270.204600272307288833,41913.446134623671241570,-4663.889620665060647298,-54.895779914431841462
28784.407328290897567058,42054.674452026207291055,-3133.691469561839767266,314.853620666801361949
29334.972339034931792412,42140.382838771336537320,-1490.459392177472182084,710.246153549547670991
29897.837299630857160082,42157.837989935149380472,191.944824089696339797,1113.284386819950668723
30448.402310374891385436,42106.250263107089267578,1837.291826988970569801,1505.706733346241890104
30962.605038393481663661,41996.818443605872744229,3371.351344409798912238,1870.033535019751070649
31417.972357053768064361,41850.638778646905848291,4725.996677548093430232,2190.496334488992943079
31794.602529435476753861,41694.884371828135044780,5842.541825666492513847,2453.739712652541129501
32076.035009733441256685,41557.975192050762416329,6674.038415077542595100,2649.248639208870372386
32249.969848095766792540,41464.611196455858589616,7186.549310302296362352,2769.527469169022879214
32308.805257454067032086,41431.520191993964544963,7359.654472964284650516,2810.113311016315492452
32367.640666812363633653,41397.667052164724736940,7532.624254327900416683,2850.647456816508565680
32541.575505174689169507,41293.136309739253192674,8043.151553693394816946,2970.168840437772814767
32823.007985472650034353,41109.949285547882027458,8866.427619327027059626,3162.538717075245585875
33199.638157854358723853,40837.740884249731607269,9962.286586416121281218,3417.882966253901031450
33655.005476514648762532,40467.540209226710430812,11277.138270299117721152,3723.150336516084280447
34169.208204533235402778,39995.931078158719174098,12746.863176185805059504,4062.910573162831497029
34719.773215277273266111,39428.701708782398782205,14300.615748327392793726,4420.356959658902269439
35282.638175873194995802,38783.162762098880193662,15865.251888014543510508,4778.424532832339536981
35833.203186617232859135,38088.563555433815054130,17369.878652367908216547,5120.889379394933712319
36347.405914635819499381,37384.416538641722581815,18749.915076988916553091,5433.297972297756132321
36802.773233296109538060,36716.956383207747421693,19950.115607252511836123,5703.601013053901624517
37179.403405677818227559,36134.306499079269997310,20926.239277983251668047,5922.430457278847825364
37460.835885975779092405,35681.124047416196845006,21645.379894287958450150,6083.042900048074443475
37634.770724338100990281,35393.521014681718952488,22085.297455755695409607,6181.030942642066293047
37693.606133696404867806,35294.945881734711292665,22233.304410667675256263,6213.952355707699098275
37752.441543054716021288,35195.721516846380836796,22380.902395654287829529,6246.759457901842324645
37926.376381417037919164,34898.605989340627274942,22814.827762228720530402,6343.072626682196641923
38207.808861714998784009,34406.001336146546236705,23509.135195028320595156,6496.743965438066879869
38584.439034096707473509,33724.149066204605333041,24422.768407387011393439,6698.106750546221519471
39039.806352756997512188,32865.854615216543606948,25502.756842993483587634,6934.809406126116300584
39554.009080775584152434,31853.183688990240625571,26688.444937020823999774,7192.895863886422375799
40104.574091519622015767,30719.330777028044394683,27916.372569194347306620,7458.020793197641978622
40667.439052115543745458,29509.014921891903213691,29125.238319894582673442,7716.647349875618601800
41218.004062859581608791,28277.074529258003167342,30260.268328030877455603,7957.057071481098319055
41732.206790878168249037,27085.326334316683642101,31276.354062060177966487,8170.021202720667133690
42187.574109538458287716,25998.112747405124537181,32139.535088397846266162,8349.042747326626340509
42564.204281920166977216,25077.190125334476761054,32826.746404541474475991,8490.166524686466800631
42845.636762218127842061,24376.662732905177108478,33324.131337851569696795,8591.447112849762561382
43019.571600580457015894,23938.563835668777755927,33624.531963108158379328,8652.236356678500669659
43078.407009938753617462,23789.497295633591420483,33724.924608868190262001,8672.484597215874600806
43137.242419297057494987,23639.993109026392630767,33824.696829677086498123,8692.573281413011500263
43311.177257659379392862,23195.481849247989885043,34116.007037760216917377,8751.024718413545997464
43592.609737957340257708,22468.379997525764338206,34575.718964098945434671,8842.616839144271580153
43969.239910339048947208,21480.585197325264743995,35168.129565432194794994,8959.360466188061764115
44424.607228999338985886,20264.730631241043738555,35848.943658660624350887,9091.482231741663781577
44938.809957017925626133,18865.007510753748647403,36570.194558708921249490,9228.622940492476118379
45489.374967761963489465,17336.968453946923546027,37285.459930283941503149,9361.080766844688696438
46052.239928357885219157,15745.940727512752346229,37954.606382614460017066,9480.906467247181353741
46602.804939101923082490,14164.013037857068411540,38547.313329379998322111,9582.670332210846027010
47117.007667120509722736,12665.906224153404764365,39044.810485084533866029,9663.773379146596198552
47572.374985780799761415,11324.285615842258266639,39439.594088906880642753,9724.260698216336095356
47949.005158162508450914,10205.148262666007212829,39733.290131218258466106,9766.193259894507718855
48230.437638460469315760,9363.816397808892361354,39933.205689693211752456,9792.721134946661550202
48404.372476822798489593,8841.850940390890173148,40048.359143381465401035,9807.055312496459009708
48463.207886181095091160,8664.964233251688710880,40085.854235821832844522,9811.547115943727476406
48522.043295539398968685,8487.918080129362351727,40122.611699297667655628,9815.858361455944759655
48695.978133901720866561,7963.616433265320665669,40226.957472126574430149,9827.547018532188303652
48977.410614199681731407,7112.602813167199201416,40382.083249222712765913,9843.111183438026273507
49354.040786581390420906,5969.102266869209415745,40563.069887860787275713,9857.454569765815904248
49809.408105241680459585,4580.614767846353061032,40741.035962850197392981,9864.868980865601770347
50323.610833260267099831,3006.738448578566021752,40888.001927780445839744,9860.168521556162886554
50874.175844004304963164,1316.937217056452936959,40981.648493940003390890,9839.771754715246061096
51437.040804600226692855,-412.787875954360060859,41009.121088094718288630,9802.527808156683022389
51987.605815344264556188,-2104.062238345220976043,40969.172523743938654661,9750.123653378050221363
52501.808543362851196434,-3680.627695506736927200,40872.235347835463471711,9686.987674597363366047
52957.175862023141235113,-5072.552147006914310623,40738.413810553960502148,9619.702491724343417445
53333.806034404849924613,-6219.641284701712720562,40593.787040295428596437,9556.033859418825159082
53615.238514702810789458,-7073.775312232151918579,40465.722527278121560812,9503.749961937024636427
53789.173353065139963292,-7600.192433320284180809,40378.049341869715135545,9469.433825251679081703
53848.008762423436564859,-7777.986409484241448808,40346.921913785190554336,9457.480895482123742113
53906.844171781747718342,-7955.637211688626848627,40315.051796242507407442,9445.353863376429217169
54080.779010144069616217,-8479.956558846235566307,40216.496784384216880426,9408.486793226100417087
54362.211490442030481063,-9325.396867819428734947,40043.335218957014149055,9345.631179976862767944
54738.841662823739170562,-10450.608989099338941742,39785.225876647600671276,9255.359802777067670831
55194.208981484029209241,-11800.448660228699736763,39433.099683091830229387,9136.899344244742678711
55708.411709502615849487,-13308.974470644556276966,38983.227635083108907565,8991.027919514224777231
56258.976720246653712820,-14903.377444750927679706,38440.797728602628922090,8820.831504598962055752
56821.841680842575442512,-16508.546082549095444847,37822.200025410711532459,8632.135114213688211748
57372.406691586613305844,-18051.747480840720527340,37155.461335521511500701,8433.488229846818285296
57886.609419605199946091,-19466.794845623262517620,36478.640400152507936582,8235.675176030144939432
58341.976738265489984769,-20697.138069762215309311,35836.400163421727484092,8050.816549729093821952
58718.606910647198674269,-21697.554162304215424228,35275.312681750248884782,7891.202839650333771715
59000.039390945159539115,-22434.457153368108265568,34838.647530989110236987,7768.039424151185812661
59173.974229307481436990,-22885.181792505383782554,34561.422525587579002604,7690.280344434842845658
59232.809638665785314515,-23036.814435710846737493,34466.386858142068376765,7663.696683324062178144
59291.645048024089192040,-23188.022862107558466960,34370.716501355782384053,7636.971886787945550168
59465.579886386411089916,-23632.531910143858112860,34084.192078950029099360,7557.144902229341823841
59747.012366684371954761,-24343.675905382326163817,33608.987790048267925158,7425.411565987775247777
60123.642539066080644261,-25279.271805951437272597,32950.920177067309850827,7244.232455922207009280
60579.009857726370682940,-26384.921213798290409613,32122.120991496980423108,7017.888865784891095245
61093.212585744957323186,-27598.374475515513040591,31143.689331641100579873,6753.006908997111167992
61643.777596488995186519,-28854.560478834500827361,30047.541947641089791432,6458.872871342962753261
62206.642557084916916210,-30090.693986508129455615,28876.830064100824529305,6147.403557301182445372
62757.207567828954779543,-31250.761879203906573821,27684.598745298251742497,5832.711803790796693647
63271.410295847541419789,-32288.733326884052075911,26530.748174927808577195,5530.297967413822334493
63726.777614507831458468,-33170.059756100243248511,25477.707379805535310879,5255.976630220338847721
64103.407786889540147968,-33871.385267059849866200,24585.455501961201662198,5024.692520316839363659
64384.840267187501012813,-34378.781109748473681975,23906.578917488601291552,4849.382414580006297911
64558.775105549822910689,-34685.137390590338327456,23481.953667636174941435,4740.008039367068704451
64617.610514908126788214,-34787.504350649724074174,23337.460304421751061454,4702.837309438709780807
64676.445924266430665739,-34889.230470529706508387,23192.537028730061138049,4665.579939458988519618
64850.380762628752563614,-35186.197212388222396839,22761.612736258335644379,4554.936121286711568246
65131.813242926713428460,-35654.680420914613932837,22056.631330621108645573,4374.365124254025431583
65508.443415308422117960,-36258.085877642450213898,21098.689158268884057179,4129.842486135898070643
65963.810733968712156639,-36951.045023119957477320,19919.281287562713259831,3830.054476501889439533
66478.013461987298796885,-37684.481585106761485804,18561.132955004140967503,3486.468685819305392215
67028.578472731329384260,-38410.976285074786574114,17078.040205231547588482,3113.159955204700963804
67591.443433327265665866,-39089.638815932390571106,15533.353679420106345788,2726.324089814213948557
68142.008444071296253242,-39689.715539885168254841,13997.065731540002161637,2343.489380030197935412
68656.211172089882893488,-40192.352496744548261631,12541.799947123654419556,1982.512211662953632185
69111.578490750165656209,-40590.275150073408440221,11238.245164362393552437,1660.492541144838469336
69488.208663131881621666,-40885.561765351514623035,10150.651920146920019761,1392.752626556906761834
69769.641143429835210554,-41086.070473651467182208,9332.912064028583699837,1191.989437323649326572
69943.575981792164384387,-41201.335701492796943057,8825.531619225308531895,1067.654271618350321660
70002.411391150468261912,-41238.824533482380502392,8653.578711173991905525,1025.556587394301459426
70061.246800508772139437,-41275.553457409325346816,8481.466343578329542652,983.440003827829059446
70235.181638871101313271,-41379.684573598853603471,7971.749510724010178819,858.827926563364599133
70516.614119169054902159,-41534.050703676599368919,7144.327077519061276689,656.917147308620769763
70893.244291550770867616,-41713.223835709221020807,6032.368580968963215128,386.289441173230443383
71348.611610211053630337,-41887.781023506722704042,4681.942981879139551893,58.714622849864099408
71862.814338229640270583,-42029.301908068075135816,3150.901444561692187563,-311.243452877704839921
72413.379348973670857958,-42115.250916977362066973,1506.731271834956714883,-706.864175658640306210
72976.244309569607139565,-42132.871105818230716977,-176.663419852120568976,-1110.139251413489546394
73526.809320313637726940,-42081.362816614484472666,-1823.003659812820842490,-1502.795162956430431223
74041.012048332224367186,-41971.929969150027318392,-3358.006888853473355994,-1867.340387385538633680
74496.379366992507129908,-41825.687582208345702384,-4713.496488736098399386,-2187.995766133502911543
74873.009539374223095365,-41669.836903342664299998,-5830.743145915766945109,-2451.397135420902486658
75154.442019672176684253,-41532.829375415843969677,-6662.764433109288802370,-2647.023020604476187145
75328.376858034505858086,-41439.393269641768711153,-7175.599373584234854206,-2767.373557687471475219
75387.212267392809735611,-41406.275912544260791037,-7348.814059041178552434,-2807.983543972975894576
75446.047676751128165051,-41372.395428725671081338,-7521.893304246448678896,-2848.541774658307986101
75619.982515113457338884,-41267.778051962763129268,-8032.743784976162714884,-2968.133992841638246318
75901.414995411410927773,-41084.432509366808517370,-8856.540966297470731661,-3160.617212078937882325
76278.045167793126893230,-40811.976576618304534350,-9953.092414632410509512,-3416.110353561987722060
76733.412486453409655951,-40441.422821932625083718,-11268.770943102397723123,-3721.552802222253376385
77247.615214471996296197,-39969.344958771172969136,-12739.411239560664398596,-4061.503174411303916713
77798.180225216026883572,-39401.532811872813908849,-14294.116398090467555448,-4419.142866835401946446
78361.045185811963165179,-38755.313781680692045484,-15859.690177595213754103,-4777.395543270449707052
78911.610196555993752554,-38059.969661906514375005,-17365.192033539497060701,-5120.027720820329705020
79425.812924574580392800,-37355.058631788626371417,-18746.002587320253951475,-5432.579098183832684299
79881.180243234863155521,-36686.869301051519869361,-19946.849797972448868677,-5702.996821027420082828
80257.810415616579120979,-36103.580753343798278365,-20923.478292452142341062,-5921.912243319613480708
80539.242895914532709867,-35649.900973613992391620,-21642.977228118077619001,-6082.583444467683875700
80713.177734276861883700,-35361.982295979665650520,-22083.107803868100745603,-6180.605380908466031542
80772.013143635165761225,-35263.298995922879839782,-22231.185317157156532630,-6213.537832749480003258
80830.848552993469638750,-35163.965768096830288414,-22378.853093831654405221,-6246.355756135653791716
81004.783391355798812583,-34866.524401303475315217,-22812.980241924844449386,-6342.699630932471336564
81286.215871653752401471,-34373.380188460556382779,-23507.599456128053134307,-6496.416520523078361293
81662.846044035468366928,-33690.783100958542490844,-24421.620479538425570354,-6697.832074045723857125
82118.213362695751129650,-32831.555742444099450950,-25502.030885526299243793,-6934.585631106569053372
82632.416090714337769896,-31817.792748297193611506,-26688.130891203269129619,-7192.712048984187276801
83182.981101458368357271,-30682.730680476503039245,-27916.420205343834822997,-7457.858534802271606168
83745.846062054304638878,-29471.142698737421596888,-29125.567423638276522979,-7716.483832157038705191
84296.411072798335226253,-28237.929736562633479480,-30260.783435169927543029,-7956.869062098961876472
84810.613800816921866499,-27044.974051856996084098,-31276.961003769509261474,-8169.789250045138032874
85265.981119477204629220,-25956.680672756025160197,-32140.156074537284439430,-8348.754753041834192118
85642.611291858920594677,-25034.860628069938684348,-32827.330668412934755906,-8489.819988164872484049
85924.043772156874183565,-24333.661612128467822913,-33324.659391579072689638,-8591.049630068879196187
86097.978610519203357399,-23895.147677529697830323,-33625.012930740456795320,-8651.804314184464601567
86156.814019877507234924,-23745.940807577200757805,-33725.387511409615399316,-8672.040334226414415753
86215.649429235811112449,-23596.296337079002114478,-33825.140585941990138963,-8692.116530244453315390
86389.584267598140286282,-23151.370714408090861980,-34116.387867537589045241,-8750.529485707036656095
86671.016747896093875170,-22423.600036198018642608,-34575.977958048490108922,-8842.054412193054304225
87047.646920277809840627,-21434.914865080943854991,-35168.186845339630963281,-8958.698646498534799321
87503.014238938092603348,-20217.994125404140504543,-35848.698191505653085187,-9090.685932065516681178
88017.216966956679243594,-18817.085680979980679695,-36569.530438615736784413,-9227.656289465066947741
88567.781977700709830970,-17287.805929268455656711,-37284.258585328963818029,-9359.910515208186552627
89130.646938296646112576,-15695.547605962237867061,-37952.762760627811076120,-9479.506151738616608782
89681.211949040676699951,-14112.460426208308490459,-38544.753066500445129350,-9581.024426630505331559
90195.414677059263340198,-12613.316312873481365386,-39041.504720972647191957,-9661.880626469541311963
90650.781995719546102919,-11270.818320582366141025,-39435.569094316364498809,-9722.135987650177412434
91027.412168101262068376,-10150.987238288602384273,-39728.630070084502222016,-9763.867725767875526799
91308.844648399215657264,-9309.157137412323208991,-39928.048228847823338583,-9790.240497873364802217
91482.779486761544831097,-8786.892758663954737131,-40042.884805752226384357,-9804.476749334931810154
91541.614896119848708622,-8609.906535791327769402,-40080.271108257205924019,-9808.935080458340962650
91600.450305478152586147,-8432.761686083838867489,-40116.918981548107694834,-9813.212680697630275972
91774.385143840481759980,-7908.173119302351551596,-40220.936153213959187269,-9824.800877827328804415
92055.817624138435348868,-7056.710986168567615096,-40375.515957976225763559,-9840.199442353165068198
92432.447796520151314326,-5912.641734923679905478,-40555.745416785357519984,-9854.315614365936198737
92887.815115180434077047,-4523.516959898617642466,-40732.757817735429853201,-9861.447401012526825070
93402.017843199020717293,-2948.990414690670149866,-40878.600545997498556972,-9856.418462454734253697
93952.582853943051304668,-1258.578410473164694849,-40970.995433725358452648,-9835.660482820429024287
94515.447814538987586275,471.675848966020566877,-40997.142573660763446242,-9798.038843166126753204
95066.012825283018173650,2163.371257656741363462,-40955.859576109796762466,-9745.258827136640320532
95580.215553301604813896,3740.241237073692900594,-40857.648425192455761135,-9681.767691236032987945
96035.582871961887576617,5132.362317983548564371,-40722.681172613403759897,-9614.165904463836341165
96412.213044343603542075,6279.561501794050855096,-40577.097445646533742547,-9550.234719631305779330
96693.645524641557130963,7133.746409671868605074,-40448.313859813497401774,-9497.754610607327776961
96867.580363003886304796,7660.181504957399738487,-40360.195044409250840545,-9463.317322956208954565
96926.415772362190182321,7837.979226587944140192,-40328.916719001659657806,-9451.323445553498459049
96985.251181720494059846,8015.632592947593366262,-40296.895639418798964471,-9439.155486315270536579
97159.186020082823233679,8539.952606914004718419,-40197.894049433583859354,-9402.167565569237922318
97440.618500380776822567,9385.372091551682387944,-40024.009483835136052221,-9339.116985505170305260
97817.248672762492788024,10510.513974201305245515,-39764.933315734320785850,-9248.586187425491516478
98272.615991422775550745,11860.204081485419010278,-39411.642477306711953133,-9129.815146891472977586
98786.818719441362190992,13368.476440170219575521,-38960.466005007911007851,-8983.598294032693956979
99337.383730185392778367,14962.509726076757942792,-38416.658642969268839806,-8813.039855047900346108
99900.248690781329059973,16567.197163999451731797,-37796.680737042974215001,-8623.983538327229325660
100450.813701525359647349,18109.829316035284136888,-37128.626751528296153992,-8424.996316236632992513
100965.016429543946287595,19524.259626158884202596,-36450.614656613848637789,-8226.877355698918108828
101420.383748204229050316,20753.989853402039443608,-35807.354150186001788825,-8041.758534799984772690
101797.013920585945015773,21753.853364910370146390,-35245.450124090712051839,-7881.937865309257176705
102078.446400883898604661,22490.317395208774541970,-34808.192262886266689748,-7758.624976267878082581
102252.381239246227778494,22940.759902567042445298,-34530.608805092691909522,-7680.775822479932685383
102311.216648604531656019,23092.295271009461430367,-34435.453288737451657653,-7654.162101103094755672
102370.052057962850085460,23243.405502106783387717,-34339.663803471892606467,-7627.407453413223265670
102543.986896325179259293,23687.618931588040140923,-34052.791483696026261896,-7547.493458499244297855
102825.419376623132848181,24398.268089963377860840,-33577.038213605002965778,-7415.623341899292427115
103202.049549004848813638,25333.170920359225419816,-32918.264001044386532158,-7234.269187735670129769
103657.416867665131576359,26437.937549048358050641,-32088.655659432464744896,-7007.726693696386064403
104171.619595683718216605,27650.338917731562105473,-31109.373076065385248512,-6742.637629027754883282
104722.184606427748803981,28905.339401458644715603,-30012.392510404752101749,-6448.303296844285796396
105285.049567023685085587,30140.204190944576112088,-28840.916357258276548237,-6136.653049862288753502
105835.614577767715672962,31298.982540513643471058,-27648.026806365640368313,-5821.808396591150085442
106349.817305786302313209,32335.712532392026332673,-26493.644058647507335991,-5519.273814199768821709
106805.184624446585075930,33215.914521531456557568,-25440.200332032458391041,-5244.863658874572138302
107181.814796828301041387,33916.295378304341284093,-24547.664610983745660633,-5013.519097525204415433
107463.247277126254630275,34422.978236931165156420,-23868.605491363385226578,-4838.171562903487938456
107637.182115488583804108,34728.891331790968251880,-23443.880163782218005508,-4728.777378481507184915
107696.017524846887681633,34831.107994123092794325,-23299.355158367950934917,-4691.600523316636099480
107754.852934205191559158,34932.683637025787902530,-23154.401359834766481072,-4654.337319173660944216
107928.787772567520732991,35229.204566642431018408,-22723.393389328441116959,-4543.677956325278501026
108210.220252865474321879,35696.963909065605548676,-22018.297392115055117756,-4363.087198657143744640
108586.850425247190287337,36299.397341189229337033,-21060.242201051732990891,-4118.548533564360695891
109042.217743907473050058,36991.179447888651338872,-19880.759410606755409390,-3818.757019351629423909
109556.420471926059690304,37723.289665650831011590,-18522.607528073771391064,-3475.188005856631207280
110106.985482670090277679,38448.374281295829860028,-17039.605600481911096722,-3101.921309267563628964
110669.850443266026559286,39125.613653017928299960,-15495.111755430756602436,-2715.153662371376412921
111220.415454010057146661,39724.323876826812920626,-13959.108029444760177284,-2332.409751593528199010
111734.618182028643786907,40225.713830149521527346,-12504.191073238907847553,-1971.538226123826461844
112189.985500688926549628,40622.560434155653638300,-11201.010489618463907391,-1649.628341781368362717
112566.615673070642515086,40916.979973011904803570,-10113.771661742648575455,-1381.990345076352241449
112848.048153368596103974,41116.855658441105333623,-9296.322419907955918461,-1181.309666377535904758
113021.982991730925277807,41231.736442437533696648,-8789.132346278580371290,-1057.028139101035776548
113080.818401089229155332,41269.096448989985219669,-8617.245664652145933360,-1014.949047750225872733
113139.653810447533032857,41305.697175037777924445,-8445.200440502085257322,-972.851281692317570560
113313.588648809862206690,41409.453041611028311308,-7935.687414128624368459,-848.296134016520227306
113595.021129107815795578,41563.224238124465045985,-7108.611258360848296434,-646.481501183981890790
113971.651301489531761035,41741.626042793410306331,-5997.147134079888928682,-375.990001319252769463
114427.018620149814523757,41915.290973118295369204,-4647.364501290314365178,-48.590828304688329808
114941.221348168401164003,42055.860880862826888915,-3117.105018987611401826,321.155410388208110817
115491.786358912431751378,42140.862480887233687099,-1473.833110119507182389,716.534741941795800813
116054.651319508368032984,42157.594272133421327453,208.584142734005581588,1119.549007476263795979
116605.216330252398620360,42105.299386920749384444,1853.916797394573222846,1511.937706073236768134
117119.419058270985260606,41995.208479140761482995,3387.938730552501510829,1876.224016691048745997
117574.786376931268023327,41848.447002005756075960,4742.531320684298407286,2196.643694207727094181
117951.416549312983988784,41692.213182886007416528,5859.019077054865192622,2459.846286175030400045
118232.849029610937577672,41554.947063771884131711,6690.464670893445145339,2655.321728985945810564
118406.783867973266751505,41461.363095761851582211,7202.940590962476562709,2775.578585825467598625
118465.619277331570629030,41428.197799679903255310,7376.033326164644677192,2816.156774639923241921
118524.454686689874506555,41394.270429389718628954,7548.990378788148518652,2856.683156231811153702
118698.389525052203680389,41289.520610644998669159,8059.478288634156342596,2976.180937801880645566
118979.822005350157269277,41105.980360764828219544,8882.685064442863222212,3168.510579993060673587
119356.452177731873234734,40833.301892247334762942,9978.440603949537035078,3423.797055442628334276
119811.819496392155997455,40462.537381940106570255,11293.150986232270952314,3728.988625045909429900
120326.022224410742637701,39990.298225988684862386,12762.695134000328835100,4068.655538566221366636
120876.587235154773225076,39422.403076273440092336,14316.229517050494905561,4425.993058591659064405
121439.452195750709506683,38776.193971654451161157,15880.616601250541862100,4783.939950517189572565
121990.017206494740094058,38080.950593468784063589,17384.974728264322038740,5126.277769050837378018
122504.219934513326734304,37376.213002706928818952,18764.738291841407772154,5438.559881411769310944
122959.587253173609497026,36708.239443225837021600,19964.679782691819127649,5708.744735461703385226
123336.217425555325462483,36125.172159471134364139,20940.577066767436917871,5927.472140265206689946
123617.649905853279051371,35671.682287904484837782,21659.541453838755842298,6088.005850048662978224
123791.584744215608225204,35383.891237786323472392,22099.347114704025443643,6185.944186371096293442
123850.420153573912102729,35285.252854721322364639,22247.315705840999726206,6218.848606537489104085
123909.255562932215980254,35185.965417999999772292,22394.875069312925916165,6251.638625759354908951
124083.190401294545154087,34888.664485335808421951,22828.684758911083918065,6347.900768527251784690
124364.622881592498742975,34395.763237960629339796,23522.800312275241594762,6501.487904957684804685
124741.253053974214708433,33713.520810371723200660,24436.167755644011776894,6702.734887546350364573
125196.620372634497471154,32854.765360398676421028,25515.821392522368114442,6939.292880521577899344
125710.823100653084111400,31841.588584238190378528,26701.114144448365550488,7197.210053835486178286
126261.388111397114698775,30707.212124905076052528,27928.598759466025512666,7462.147014002504874952
126824.253071993050980382,29496.381206681478943210,29136.991242765623610467,7720.574533398452331312
127374.818082737081567757,28263.957572553765203338,30271.539176088001113385,7960.783167726083775051
127889.020810755668208003,27071.777113815296615940,31287.158260892319958657,8173.554064883341197856
128344.388129415950970724,25984.196595276232983451,32149.913334652956109494,8352.400331431723316200
128721.018301797666936181,25062.982054525513376575,32836.763685730926226825,8493.376333191015874036
129002.450782095620525070,24362.243507938452239614,33333.873946197505574673,8594.544911600372870453
129176.385620457949698903,23924.017138839226390701,33634.102755840343888849,8655.264274404806201346
129235.221029816253576428,23774.908008288119162899,33734.436933254764880985,8675.488766113572637551
129294.056439174557453953,23625.361499516635376494,33834.150510664330795407,8695.553646196072804742
129467.991277536886627786,23180.726699752609420102,34125.286338263191282749,8753.934392129289335571
129749.423757834840216674,22453.429988567593682092,34584.712962281890213490,8845.411146077429293655
130126.053930216556182131,21465.384273821364331525,35176.735850422643125057,8961.998549867988913320
130581.421248876838944852,20249.241655275101948064,35857.072536106221377850,9093.928786746095283888
131095.623976895440137014,18849.213796113494026940,36577.773599209729582071,9230.849988929796381854
131646.188987639470724389,17320.873059270779776853,37292.438459709286689758,9363.069323287912993692
132209.053948235377902165,15729.563716022174048703,37960.959363851230591536,9482.647892957189469598
132759.618958979408489540,14147.387233654844749253,38553.044068077579140663,9584.167185763406450860
133273.821686998009681702,12649.072237239095557015,39049.951712048612535000,9665.039625676799914800
133729.189005658292444423,11307.287006723570812028,39444.207191195106133819,9725.321226153275347315
134105.819178039993857965,10188.027642952154565137,39737.462554392404854298,9767.082745515930582769
134387.251658337976550683,9346.613028398591268342,39937.046745556057430804,9793.482365517746075056
134561.186496700305724517,8824.600047878331679385,40051.994584194617345929,9807.737113066614256240
134620.021906058595050126,8647.697893027208920103,40089.419990827416768298,9812.202022911827953067
134678.857315416884375736,8470.636609887929807883,40126.107702764653367922,9816.486362741365155671
134852.792153779213549569,7946.292094790136616211,40230.246897461795015261,9828.095412812916038092
135134.224634077196242288,7095.215015946647326928,40385.037315975845558569,9843.530589122914534528
135510.854806458897655830,5951.641003001241188031,40565.573231872142059729,9857.701087242669018451
135966.222125119180418551,4563.082265130935411435,40742.991861509013688192,9864.906228890687998501
136480.424853137781610712,2989.148737171424727421,40889.337079192948294804,9859.969421978306854726
137030.989863881812198088,1299.313658864928584080,40982.316932799090864137,9839.319910235930365161
137593.854824477719375864,-430.416680693866510410,41009.106802222762780730,9801.818325222900966764
138144.419835221749963239,-2121.667450182379980106,40968.490435251362214331,9749.163312143960865797
138658.622563240351155400,-3698.185249020585615654,40870.930522129616292659,9685.794430171163185150
139113.989881900633918121,-5090.046885097639460582,40736.558996077139454428,9618.304381059972001822
139490.620054282335331663,-6237.069490634145040531,40591.478847323778609280,9554.467459163070088835
139772.052534580318024382,-7091.145218020545144100,40463.076666348126309458,9502.058572692179950536
139945.987372942647198215,-7617.522647919839073438,40375.195337119897885714,9467.665541028191000805
140004.822782300936523825,-7795.302566676757123787,40343.997604015261458699,9455.686664377297347528
140063.658191659225849435,-7972.938992695657361764,40312.057235135325754527,9443.533718385735483025
140237.593030021555023268,-8497.213977966697711963,40213.294866012620332185,9406.590236703605114599
140519.025510319537715986,-9342.576630246134300251,40039.798892314291151706,9343.611637994794364204
140895.655682701239129528,-10467.673510395230550785,39781.244374242123740260,9253.177012921341884066
141351.023001361521892250,-11817.356665391715068836,39428.583971584426763002,9134.521386878130215337
141865.225729380123084411,-13325.683330807143647689,38978.114697951103153173,8988.432739131532798638
142415.790740124153671786,-14919.847036951461632270,38435.053311357485654298,8818.007790496603774955
142978.655700720060849562,-16524.743614933693606872,37815.819587351965310518,8629.082466306661444833
143529.220711464091436937,-18067.652487254941661377,37148.469155314123781864,8430.216621559842678835
144043.423439482692629099,-19482.403474601225752849,36471.087029896887543146,8232.203822727695296635
144498.790758142975391820,-20712.465888173559505958,35828.358649589798005763,8047.172371590308102896
144875.420930524676805362,-21712.636933794485230464,35266.874100851106049959,7887.418747202757003834
145156.853410822659498081,-22449.349374618155707140,34829.916382947216334287,7764.152639861482384731
145330.788249184988671914,-22899.953103832209308166,34552.512391114352794830,7686.330908885489407112
145389.623658543277997524,-23051.544308682212431449,34457.416502374609990511,7659.726198599501003628
145448.459067901596426964,-23202.711025387638073880,34361.686089349830581341,7632.980425979885694687
145622.393906263925600797,-23647.095187933307897765,34074.985098902754543815,7553.091861095572312479
145903.826386561908293515,-24358.032157174900930841,33599.498265270296542440,7421.260271238455970888
146280.456558943609707057,-25293.341551144265395124,32941.058805726621358190,7239.952415263340299134
146735.823877603892469779,-26398.630393226289015729,32111.819993010874895845,7013.457484809741799836
147250.026605622493661940,-27611.658336997621518094,31132.905580380152969155,6748.410517303100277786
147800.591616366524249315,-28867.368239635259669740,30036.258127996850816999,6454.106971505390902166
148363.456576962431427091,-30102.993655947626393754,28865.053810739111213479,6142.472307769641702180
148914.021587706462014467,-31262.544488018967967946,27672.360007104616670404,5827.626855726646681433
149428.224315725063206628,-32300.015837890685361344,26518.095299873653857503,5525.076872068284501438
149883.591634385345969349,-33180.886108824641269166,25464.702591203305928502,5250.641091436673377757
150260.221806767047382891,-33881.825282367535692174,24572.170470076765923295,5019.266768658128057723
150541.654287065030075610,-34388.927275388159614522,23893.091009572301118169,4843.891922007491302793
150715.589125427359249443,-34695.099799665047612507,23468.343211600244103465,4734.478689973419022863
150774.424534785648575053,-34797.404237263261165936,23323.808889942745736334,4697.295017453872787883
150833.259944143937900662,-34899.067652194709808100,23178.844907210244855378,4660.024806972449368914
151007.194782506267074496,-35195.847963704443827737,22747.801750149614235852,4549.343627787866353174
151288.627262804249767214,-35664.026241700346872676,22042.632733968588581774,4368.714088851907945354
151665.257435185951180756,-36267.017477107416198123,21084.448732519093027804,4124.116837098352334579
152120.624753846233943477,-36959.466824688199267257,19904.762845052908232901,3824.244392031427196343
152634.827481864835135639,-37692.316569807655469049,18546.319845202880969737,3480.570968228015772183
153185.392492608865723014,-38418.170746515686914790,17062.934702150094381068,3107.177609748761824449
153748.257453204772900790,-39096.166444808892265428,15517.974439588877430651,2720.265202877200863441
154298.822463948803488165,-39695.580242419331625570,13981.443816388527920935,2337.365506691015980323
154813.025191967404680327,-40197.589481676179275382,12525.974134090858569834,1976.336564345141596277
155268.392510627687443048,-40594.950053082728118170,11222.257367175574472640,1654.278297942686549504
155645.022683009388856590,-40889.767845169822976459,10134.543471458870044444,1386.511641827733910759
155926.455163307371549308,-41089.924135454530187417,9316.721394307482114527,1185.731545590302630444
156100.390001669700723141,-41204.970734012378670741,8809.293544800057134125,1061.387249617810084601
156159.225411027990048751,-41242.385477743293449748,8637.325193055010458920,1019.286705359148982097
156218.060820386279374361,-41279.040247698118037079,8465.197681249621382449,977.167377299339932506
156391.995658748608548194,-41382.951771774540247861,7955.437831695693603251,852.547862669862297480
156673.428139046591240913,-41536.961493636110390071,7127.951362477186194155,650.627192226298575406
157050.058311428292654455,-41715.655761523965338711,6015.917975318188837264,379.990399207747032051
157505.425630088575417176,-41889.631551973616296891,4665.418421451504400466,52.410946913822044735
158019.628358107176609337,-42030.493491936220380012,3134.315303682851663325,-317.543996441350827808
158570.193368851207196712,-42115.735116842239222024,1490.105075383129587863,-713.151534517235631938
159133.058329447114374489,-42132.631312774035905022,-193.302834131252893712,-1116.402643020670439000
159683.623340191144961864,-42080.415228339443274308,-1839.628854474482068326,-1509.024890552214856143
160197.826068209746154025,-41970.322685603699937928,-3374.594574617651232984,-1873.529593870216558571
160653.193386870028916746,-41823.497941925255872775,-4730.031461353843042161,-2194.141811803156087990
161029.823559251730330288,-41667.167397258752316702,-5847.220724934210011270,-2457.502354018562982674
161311.256039549713023007,-41529.802590146609873045,-6679.190999345351883676,-2653.094719753889876301
161485.190877912042196840,-41436.146301807202689815,-7191.990947225560375955,-2773.423259445522489841
161544.026287270331522450,-41402.954582013400795404,-7365.193198146611393895,-2814.025584108456314425
161602.861696628620848060,-41368.999796672178490553,-7538.259706937787996139,-2854.576041803984480794
161776.796534990950021893,-41264.163133649308292661,-8049.070771978316770401,-2974.144630854772913153
162058.229015288932714611,-41080.464026389679929707,-8872.798610091289447155,-3166.587568292799915071
162434.859187670634128153,-40807.537575068919977639,-9969.246538071041868534,-3422.022865894423375721
162890.226506330916890875,-40436.419444800856581423,-11284.783620273774431553,-3727.389418831267903442
163404.429234349518083036,-39963.710956701579561923,-12755.242952860971854534,-4067.246347318110565539
163954.994245093548670411,-39395.232402691188326571,-14309.729652831410930958,-4424.777029046495954390
164517.859205689455848187,-38748.342594913709035609,-15875.054049979975388851,-4782.908861192581753130
165068.424216433486435562,-38052.353722441046556924,-17380.286900081751809921,-5125.413836691468532081
165582.626944452087627724,-37346.851601467038562987,-18760.824206649405823555,-5437.838558693589220638
166037.994263112370390445,-36678.148432404770574067,-19961.412003441793785896,-5708.137930686525578494
166414.624435494071803987,-36094.442144117354473565,-20937.813779507843719330,-5926.951171567370693083
166696.056915792054496706,-35640.454701251852384303,-21657.136225504415051546,-6087.543530158871362801
166869.991754154383670539,-35352.347861064168682788,-22097.154734517993347254,-6185.515691198290369357
166928.827163512672996148,-35253.601262699092330877,-22245.193826960130536463,-6218.431126518667952041
166987.662572870962321758,-35154.204915319314750377,-22392.822924614498333540,-6251.231943194199629943
167161.597411233291495591,-34856.578005079391004983,-22826.834223217876569834,-6347.524721128311284701
167443.029891531274188310,-34363.136983327312918846,-23521.261271059593127575,-6501.157291698296830873
167819.660063912975601852,-33680.149468896655889694,-24435.016127100294397678,-6702.456882796277568559
168275.027382573258364573,-32820.460814730940910522,-25515.091232050290273037,-6939.065578739651755313
168789.230110591859556735,-31806.191675509071501438,-26700.795303587881790008,-7197.022482030819446663
169339.795121335890144110,-30670.605793414382787887,-27928.640940578734443989,-7461.980746428975180606
169902.660081931797321886,-29458.502530455334635917,-29137.314192753365205135,-7720.406743728815854411
170453.225092675827909261,-28224.806168877265008632,-30272.047426590776012745,-7960.590626021874413709
170967.427820694429101422,-27031.418123812160047237,-31287.757675699038372841,-8173.317335021942199091
171422.795139354711864144,-25942.757769436320813838,-32150.526192043056653347,-8352.107342726694696466
171799.425311736413277686,-25020.645800116217287723,-32837.339318981939868536,-8493.024622926865049521
172080.857792034395970404,-24319.235643494619580451,-33334.392992775501625147,-8594.142121592214607517
172254.792630396725144237,-23880.594253068069519941,-33634.574483254305960145,-8654.826842504522574018
172313.628039755014469847,-23731.344799356629664544,-33734.890516706589551177,-8675.039085984519260819
172372.463449113303795457,-23581.658014126216585282,-33834.584868960511812475,-8695.091450190737305093
172546.398287475632969290,-23136.608877387458051089,-34125.657536891718336847,-8753.433632932179534691
172827.830767773615662009,-22408.643394145277852658,-34584.961948089265206363,-8844.843061336649043369
173204.460940155317075551,-21419.707405487170035485,-35176.782619197350868490,-8961.330898567784970510
173659.828258815599838272,-20202.498767418881470803,-35856.815953836739936378,-9093.126448812878152239
174174.030986834201030433,-18801.285806271342153195,-36577.097690409944334533,-9229.877071871755106258
174724.595997578231617808,-17271.704667820689792279,-37291.224618550819286611,-9361.892569580099006998
175287.460958174138795584,-15679.165085788910801057,-37959.102541415450104978,-9481.240843850753662991
175838.025968918169382960,-14095.829518924561853055,-38550.469938798305520322,-9582.514331076510643470
176352.228696936770575121,-12596.477649373096937779,-39046.631483613477030303,-9663.139733548492586124
176807.596015597053337842,-11253.815449545254523400,-39440.167224784810969140,-9723.189217208635454881
177184.226187978754751384,-10133.862724794169480447,-39732.787118924978130963,-9764.749788886821988854
177465.658668276737444103,-9291.950163628069276456,-39931.873620519610994961,-9790.994217754194323788
177639.593506639066617936,-8769.638446573262626771,-40046.504408133412653115,-9805.150986732563978876
177698.428915997355943546,-8592.636839500606583897,-40083.820966763938486110,-9809.582406858224203461
177757.264325355645269156,-8415.476923790272849146,-40120.399030897729971912,-9813.833084201729434426
177931.199163717974442989,-7890.845680916660057846,-40224.209456747477815952,-9825.341624518439857638
178212.631644015957135707,-7039.320408876032161061,-40378.453640238461957779,-9840.611123336077071144
178589.261816397658549249,-5895.178135616682993714,-40558.232042096518853214,-9854.554310865458319313
179044.629135057941311970,-4505.982683280461060349,-40734.696621389906795230,-9861.476722596642503049
179558.831863076542504132,-2931.399592494570242707,-40879.918215854639129248,-9856.211332280756323598
180109.396873820573091507,-1240.954482220091449562,-40971.646024639972893056,-9835.200514452051720582
180672.261834416480269283,489.304237810916674789,-40997.110118350894481409,-9797.321161061772727408
181222.826845160510856658,2180.975261034465802368,-40955.159057680873956997,-9744.290233284191344865
181737.029573179112048820,3757.796824595912767109,-40856.324975993142288644,-9680.566162652641651221
182192.396891839394811541,5149.854408250212145504,-40720.807604256326158065,-9612.759496722501353361
182569.027064221096225083,6296.986490136034262832,-40574.770420528839167673,-9548.660022354233660735
182850.459544519078917801,7151.112669616028142627,-40445.649125921081576962,-9496.054930745231104083
183024.394382881408091635,7677.507808274611306842,-40357.322149056133639533,-9461.540754797359113581
183083.229792239697417244,7855.291382612100278493,-40325.973513977434777189,-9449.520933244493789971
183142.065201597986742854,8032.930282861831074115,-40293.882179072308645118,-9437.327063089636794757
183316.000039960315916687,8557.205668916831200477,-40194.673223938625596929,-9400.262740980157104786
183597.432520258298609406,9402.547066167833690997,-40020.454249674869060982,-9337.089196305918449070
183974.062692640000022948,10527.573131775388901588,-39760.932929204260290135,-9246.395186723522783723
184429.430011300282785669,11877.106029330658202525,-39407.107946456824720372,-9127.429035504428611603
184943.632739318883977830,13385.178466518314962741,-38955.334369530850381125,-8980.995040505855286028
185494.197750062914565206,14978.971665100099926349,-38410.895712571633339394,-8810.208173678918683436
186057.062710658821742982,16583.386223112138395663,-37790.282033570525527466,-8620.923051487734483089
186607.627721402852330357,18125.725068771185760852,-37121.616604048707813490,-8421.717013549605326261
187121.830449421453522518,19539.858295914622431155,-36443.043645870355248917,-8223.398459303971321788
187577.197768081736285239,20769.307109429406409618,-35799.295322949015826453,-8038.106960172612161841
187953.827940463437698781,21768.925092234181647655,-35236.994526121248782147,-7878.146506185024918523
188235.260420761420391500,22505.198223183302616235,-34799.444333957457274664,-7754.731027159919904079
188409.195259123749565333,22955.519609776696597692,-34521.682041832893446553,-7676.819287071841245051
188468.030668482038890943,23107.013469416437146720,-34426.466356673809059430,-7650.184538832887483295
188526.866077840328216553,23258.081920828924921807,-34330.616868181161407847,-7623.408937542371859308
188700.800916202657390386,23702.170260568404046353,-34043.568140089984808583,-7543.433429747201444115
188982.233396500640083104,24412.612071164207009133,-33567.532593050978903193,-7411.465171680982166436
189358.863568882341496646,25347.227981872179952916,-32908.386909704662684817,-7229.982427296192327049
189814.230887542624259368,26451.633573510007408913,-32078.339420592419628520,-7003.288789231992268469
190328.433615561225451529,27663.609131238677946385,-31098.574657097466115374,-6738.034945253013574984
190878.998626305256038904,28918.133034992286411580,-30001.094669522724871058,-6443.531362996865937021
191441.863586901163216680,30152.489297637970594224,-28829.126775383956555743,-6131.716039753482618835
191992.428597645193804055,31310.750216204927710351,-27635.775444326929573435,-5816.717963359515124466
192506.631325663794996217,32346.979815706865338143,-26480.979238489650015254,-5514.047496693870925810
192961.998644324077758938,33226.725428148427454289,-25427.184213177308265585,-5239.523134514885896351
193338.628816705779172480,33926.719797538848069962,-24534.368765346713189501,-5008.088557935981953051
193620.061297003761865199,34433.108712769833800849,-23855.107159460436378140,-4832.676430936866381671
193793.996135366091039032,34738.838001032148895320,-23430.259525986861262936,-4723.243481754871027078
193852.831544724380364642,34840.992125348326226231,-23285.693644267164927442,-4686.053715173729870003
193911.666954082669690251,34942.505048440325481351,-23140.699220923364919145,-4648.777701718172465917
194085.601792444998864084,35238.839507830118236598,-22709.572629413691174705,-4538.081070127569546457
194367.034272742981556803,35706.293868080501852091,-22004.289417044383299071,-4357.431919959977676626
194743.664445124682970345,36308.313034731218067463,-21045.992927527178835589,-4112.818841056570818182
195199.031763784965733066,36999.585328266279248055,-19866.232762343373906333,-3812.943132197156955954
195713.234491803566925228,37731.108762001873401459,-18507.786935066927981097,-3469.286755385248397943
196263.799502547597512603,38455.552947775715438183,-17024.493381031912576873,-3095.935716026368027087
196826.664463143504690379,39132.125643828207103070,-15479.726571534883987624,-2709.091813565602933522
197377.229473887535277754,39730.173153531992284115,-13943.480909858022641856,-2326.283189170433615800
197891.432201906136469916,40230.935638462447968777,-12488.360728724983346183,-1965.360137114206736442
198346.799520566419232637,40627.220421133817580994,-11185.018739816856395919,-1643.411869130701234099
198723.429692948120646179,40921.171379670988244470,-10097.659725454759609420,-1375.747301052229886409
199004.862173246103338897,41120.694844247795117553,-9280.128601133947086055,-1175.049839054488984402
199178.797011608432512730,41235.357127340881561395,-8772.891327980098139960,-1050.759256416720745619
199237.632420966721838340,41272.643090171412040945,-8600.989271337872196455,-1008.677330094033095520
199296.467830325011163950,41309.169707338696753141,-8428.928971281864505727,-966.576844463728775736
199470.402668687340337783,41412.706118316702486482,-7919.373127903447311837,-842.014332254555483814
199751.835148985323030502,41566.121137468922825065,-7092.233251950361591298,-640.189923341058602091
200128.465321367024444044,41744.044405604443454649,-5980.694644958370190579,-369.689485129340027925
200583.832640027307206765,41917.128361848495842423,-4630.838526628569525201,-42.285848892432113644
201098.035368045908398926,42057.039836409465351608,-3100.517960234203201253,327.457076880709792022
201648.600378789938986301,42141.334636152714665513,-1457.206485393115144689,722.823045585399086121
202211.465339385846164078,42157.343066079301934224,225.223532046533364337,1125.813178735646943096
202762.030350129876751453,42104.341033343800518196,1870.541572292677301448,1518.168069081708381418
203276.233078148477943614,41993.591058306388731580,3404.525672883137303870,1882.413739797055313829
203731.600396808760706335,41846.247796310686680954,4759.065300626090902369,2202.790164431651646737
204108.230569190462119877,41689.534593721145938616,5875.495484345934528392,2465.951862645430082921
204389.663049488444812596,41551.911560431697580498,6706.889947844079870265,2661.393741828251222614
204563.597887850773986429,41458.107637115164834540,7219.330809665720153134,2781.628576398921723012
204622.433297209063312039,41424.868055467952217441,7392.411089341265324038,2822.199095596741244663
204681.268706567381741479,41390.866460906945576426,7565.355385175316769164,2862.717696418003470171
204855.203544929710915312,41285.897584931946767028,8075.803822706329810899,2982.191827097623900045
205136.636025227693608031,41102.004142741228861269,8898.941175139385450166,3174.481156236557580996
205513.266197609395021573,40828.855656460880709346,9994.593109222936618607,3429.709753614450164605
205968.633516269677784294,40457.527377980783057865,11309.161976422059524339,3734.825397816086478997
206482.836244288278976455,39984.658282379175943788,12778.525127326014626306,4074.398849360011809040
207033.401255032309563830,39416.097454723923874553,14331.841068710076797288,4431.627356834076636005
207596.266215628216741607,38769.218308414354396518,15895.978842907461512368,4789.453421150632493664
208146.831226372247328982,38073.330883591923338827,17400.068087677347648423,5131.664071669169061352
208661.033954390848521143,37368.002845346949470695,18779.558565382722008508,5443.819575788518704940
209116.401273051131283864,36699.516001583098841365,19979.240821154664445203,5713.886132634077512193
209493.031445432832697406,36116.031422690975887235,20954.911559350664902013,5932.511408550264604855
209774.463925730815390125,35662.234212446513993200,21673.699599822859454434,6092.966319680162996519
209948.398764093144563958,35374.255196480102313217,22113.393288258339453023,6190.854909666006278712
210007.234173451433889568,35275.553580956671794411,22261.323491449576977175,6223.742323471909912769
210066.069582809723215178,35176.203090177288686391,22408.844209303722891491,6256.515246307048073504
210240.004421172052389011,34878.716805572759767529,22842.538151063599798363,6352.726323681687063072
210521.436901470035081729,34385.519052227631618734,23536.461711542789998930,6506.229194946041388903
210898.067073851736495271,33702.886589046705921646,24449.563236550537112635,6707.360292664416192565
211353.434392512019257993,32843.670293658178707119,25528.881898012121382635,6943.773526232376752887
211867.637120530620450154,31829.987848644283076283,26713.779113689546647947,7201.521309538664354477
212418.202131274651037529,30695.088044603493472096,27940.820510282290342730,7466.270192111995129380
212981.067091870558215305,29483.742279526915808674,29148.739527784397068899,7724.498568424874974880
213531.632102614588802680,28250.835623902406950947,30282.805199818794790190,7964.506017104176862631
214045.834830633189994842,27058.223114102285762783,31297.957468196858826559,8177.083593024559377227
214501.202149293472757563,25970.275857919965346809,32160.286447169368329924,8355.754508238205744419
214877.832321675174171105,25048.769562780064006802,32846.775719829944137018,8496.582676624449959490
215159.264801973156863824,24347.819986984737624880,33343.611225337364885490,8597.639203813370841090
215333.199640335486037657,23909.466224154130031820,33643.668169736738491338,8658.288660703961795662
215392.035049693775363266,23760.314529667746683117,33743.943862211475789081,8678.489395292512199376
215450.870459052064688876,23610.725725391668675002,33843.598779726475186180,8698.530463034308922943
215624.805297414393862709,23165.967464897104946431,34134.560178661653480958,8756.840493962714390364
215906.237777712376555428,22438.476023875897226389,34593.701424253573350143,8848.201843612383527216
216282.867950094077968970,21450.179570653264818247,35185.336501003643206786,8964.632976329208759125
216738.235268754360731691,20233.749116345097718295,35865.195666096573404502,9096.371630402187292930
217252.437996772961923853,18833.416767903392610606,36585.346772229233465623,9233.073269799140689429
217803.003007516992511228,17304.774623214987514075,37299.411002279659442138,9365.054057846566138323
218365.867968112899689004,15713.183946489145455416,37967.306246157204441261,9484.385447618806210812
218916.432978856930276379,14130.758953064469096716,38558.768608138365380000,9585.660126486058288720
219430.635706875531468540,12632.236040584532020148,39055.086656282124749850,9666.301926040869147982
219886.003025535814231262,11290.286426616621611174,39448.813943624663806986,9726.377783040887152310
220262.633197917515644804,10170.905251376119849738,39741.628577501913241576,9767.968242802649911027
220544.065678215498337522,9329.408036800821719225,39940.881366976936988067,9794.239596801569859963
220718.000516577827511355,8807.347626037684676703,40055.623570674848451745,9808.414908422411826905
220776.835925936116836965,8630.430054938791727182,40092.979285004978009965,9812.852922806290735025
220835.671335294406162575,8453.353673276978952345,40129.597239027229079511,9817.110355167671514209
221009.606173656735336408,7928.966383210405183490,40233.529837435249646660,9828.639793387956160586
221291.038653954718029127,7077.825996978230250534,40387.984870211708766874,9843.945974626542010810
221667.668826336419442669,5934.178720728516054805,40568.070031320348789450,9857.943578524980694056
222123.036144996702205390,4545.548990904375386890,40744.941183448674564715,9864.939447502196344431
222637.238873015303397551,2971.558534025236440357,40890.665626281195727643,9859.766294682243824354
223187.803883759333984926,1281.689909300788713153,40982.978748050889407750,9838.864046145337852067
223750.668844355241162702,-448.045369436011242215,41009.085884074062050786,9801.104837645447332761
224301.233855099271750078,-2139.272245523497986142,40967.801716764770390000,9748.198987445755847148
224815.436583117872942239,-3715.742105972931312863,40869.619078232637548354,9684.597227857235338888
225270.803901778155704960,-5107.540679403558897320,40734.697581638778501656,9616.902339799175024382
225647.434074159857118502,-6254.496549091280030552,40589.164074955006071832,9552.897154167663757107
225928.866554457839811221,-7108.513824666828440968,40460.424244631860346999,9500.363299947601262829
226102.801392820168985054,-7634.851469914407061879,40372.334784465572738554,9465.893387250622254214
226161.636802178458310664,-7812.617299697456473950,40341.066750937628967222,9453.888568576867328375
226220.472211536747636274,-7990.239317992331052665,40309.056135436832846608,9441.709713629081306863
226394.407049899076810107,-8514.469848292508686427,40210.086423693071992602,9404.689835403738470632
226675.839530197059502825,-9359.754693799281085376,40036.256067642323614564,9341.588276797190701473
227052.469702578760916367,-10484.736133103819156531,39777.256412769515009131,9250.990440574109015870
227507.837021239043679088,-11834.262532424741948489,39424.061854606807173695,9132.139695224801471340
228022.039749257644871250,-13342.389785162733460311,38972.995424387358070817,8985.833883850236816215
228572.604760001675458625,-14936.313940503263438586,38429.302641463778854813,8815.180470809789767372
229135.469720597582636401,-16540.938173968905175570,37809.432992738984466996,8626.026289689803888905
229686.034731341613223776,-18083.554246669264102820,37141.470922571454138961,8426.941565514758622157
230200.237459360214415938,-19498.008605716378951911,36463.527713080249668565,8228.729102291616072762
230655.604778020497178659,-20727.789990648256207351,35820.311290038131119218,8043.524901681912524509
231032.234950402198592201,-21727.715812080168689135,35258.429762510895670857,7883.631428063248677063
231313.667430700181284919,-22464.237572101970727090,34821.179546277351619210,7760.262679101533649373
231487.602269062510458753,-22914.720311543067509774,34543.596611745037080254,7682.378328574222905445
231546.437678420799784362,-23066.270051173960382584,34448.440516708848008420,7655.752579953796157497
231605.273087779089109972,-23217.395031403379107360,34352.650062547436391469,7628.985842149309974047
231779.207926141418283805,-23661.654229721149022225,34065.772549304318090435,7549.035729495122723165
232060.640406439400976524,-24372.384047017527336720,33590.003246050000598188,7417.105939751154437545
232437.270578821102390066,-25307.406768713241035584,32931.192044067334791180,7235.669411767286874237
232892.637897481385152787,-26412.334849271086568478,32101.513735532898863312,7009.023233326164699974
233406.840625499986344948,-27624.937260333543235902,31122.116725392777880188,6743.811363163649730268
233957.405636244016932324,-28880.170840060432965402,30024.969378815170784947,6449.338429236564479652
234520.270596839924110100,-30115.287946391013974790,28853.272814147312601563,6137.538542903041161480
235070.835607583954697475,-31274.321512741131300572,27660.116715648349781986,5822.539520760778032127
235585.038335602555889636,-32311.292581382302159909,26505.438055663507839199,5519.853513248510353151
236040.405654262838652357,-33191.706538356003875379,25451.693601628903707024,5245.303401153081722441
236417.035826644540065899,-33892.259250654002244119,24558.881379818682034966,5013.838959913480721298
236698.468306942522758618,-34399.067304447387869004,23879.599151856869866606,4838.399443919084660592
236872.403145304851932451,-34705.056018099516222719,23454.728873701438715216,4728.947399716487780097
236931.238554663141258061,-34807.297915174953232054,23310.153616724441235419,4691.750799781219029683
236990.073964021430583671,-34908.898607210699992720,23165.148950146183778998,4654.467764009181337315
237164.008802383759757504,-35205.492435977306740824,22733.986997477382828947,4543.749268984929585713
237445.441282681742450222,-35673.365700820439087693,22028.630483649809320923,4363.061261873152034241
237822.071455063443863764,-36275.942608548306452576,21070.204806598972936627,4118.389496322413833695
238277.438773723726626486,-36967.882036135510134045,19890.241091499243339058,3818.432738236775549012
238791.641501742327818647,-37700.144835315157251898,18531.503642282586952206,3474.671821615816952544
239342.206512486358406022,-38425.358360996448027436,17047.826344103690644260,3101.193987726624982315
239905.071473082265583798,-39102.687107560203003231,15502.592593019035120960,2714.205197365414278465
240455.636483826296171173,-39701.437873634022253100,13965.819541593220492359,2331.240671152407230693
240969.839211844897363335,-40202.819307256933825556,12510.146195635337790009,1970.160102282576190191
241425.206530505180126056,-40599.617727229349839035,11206.267654499177297112,1648.063371544163601357
241801.836702886881539598,-40893.966644649372028653,10118.433282531004806515,1380.270083282068299013
242083.269183184864232317,-41093.770482041851209942,9300.529116159443219658,1179.473162058549860376
242257.204021547193406150,-41208.598431303609686438,8793.053943755243381020,1055.119786615758130210
242316.039430905482731760,-41245.939080274118168745,8621.070176046363485511,1013.016399522150095436
242374.874840263772057369,-41282.519689890068548266,8448.927547787454386707,970.894344176644153777
242548.809678626101231202,-41386.211603822688630316,7939.124763754334708210,846.267443095579437795
242830.242158924083923921,-41539.864890801291039679,7111.574392018977960106,644.336963960215143743
243206.872331305785337463,-41718.080263759744411800,5999.466293728117307182,373.691194637458465877
243662.239649966068100184,-41891.474627102063095663,4648.893003152821620461,46.107242224517904106
244176.442377984669292346,-42031.677598725225834642,3117.728552301552554127,-323.844417578993670759
244727.007388728699879721,-42116.211825894693902228,1473.478534246933122631,-719.438609273393012700
245289.872349324607057497,-42132.384027444037201349,-209.942320751819352154,-1122.665585711352832732
245840.437360068637644872,-42079.460158532638160978,-1856.253854962858895306,-1515.254008750418506679
246354.640088087238837034,-41968.707941485488845501,-3391.181817591983417515,-1879.718041955713488278
246810.007406747521599755,-41821.300868383994384203,-4746.565771511617640499,-2200.286967998823456583
247186.637579129223013297,-41664.490486691625847016,-5863.697460332747141365,-2463.606575470405005035
247468.070059427205706015,-41526.768425565482175443,-6695.616586992378870491,-2659.165341786329008755
247642.004897789534879848,-41432.891971764656773303,-7208.381459073956648353,-2779.471834888552621123
247700.840307147824205458,-41399.625895331009814981,-7381.571247352032514755,-2820.066481327421570313
247759.675716506113531068,-41365.596814658470975701,-7554.624991642871464137,-2860.609149453101053950
247933.610554868442704901,-41260.540884469031880144,-8065.396558085085416678,-2980.154060480637781438
248215.043035166425397620,-41076.488245936787279788,-8889.054919250869716052,-3172.556637429270267603
248591.673207548126811162,-40803.091325572204368655,-9985.399148783275450114,-3427.933986692327380297
249047.040526208409573883,-40431.408886906436237041,-11300.794570926205778960,-3733.224519023542598006
249561.243254227010766044,-39958.069859225979598705,-12771.072700517812336329,-4072.987864810844257590
250111.808264971041353419,-39388.925000593742879573,-14325.340688981676066760,-4430.409389608177662012
250674.673225566948531196,-38741.364531666717084590,-15890.415448894353176001,-4788.420230969890326378
251225.238236310979118571,-38044.731031568931939546,-17395.379047867470944766,-5130.797864303329333779
251739.440964329580310732,-37338.637946408452989999,-18775.642882076652313117,-5443.095803123769655940
252194.808282989863073453,-36669.421058986546995584,-19975.971069072002137545,-5713.276713663815826294
252571.438455371564486995,-36085.297134805681707803,-20952.145967269876564387,-5931.987683591769382474
252852.870935669547179714,-35631.002110162029566709,-21671.291806085129792336,-6092.501133909087002394
253026.805774031876353547,-35342.707159044432046358,-22111.198176451121980790,-6190.423479449747901526
253085.641183390165679157,-35243.897280062352365348,-22259.198823848135361914,-6223.321884778635649127
253144.476592748455004767,-35144.437830936200043652,-22406.789218347963469569,-6256.105581319121483830
253318.411431110784178600,-34846.625430562336987350,-22840.684596495681034867,-6352.347222979517027852
253599.843911408766871318,-34352.887688260329014156,-23534.919364385285007302,-6505.895411645515196142
253976.474083790468284860,-33669.509869166453427169,-24448.407903526887821499,-6707.078957926119983313
254431.841402450751047581,-32809.360073192779964302,-25528.147530568741785828,-6943.542695887490481255
254946.044130469352239743,-31794.584970319447165821,-26713.455473569199966732,-7201.329978979529187200
255496.609141213382827118,-30658.475476979081577156,-27940.857231967129337136,-7466.099913460771858809
256059.474101809290004894,-29445.857149407071119640,-29149.056319464907574002,-7724.326504859012857196
256610.039112553320592269,-28211.677608821344620083,-30283.306588952407764737,-7964.308941122480973718
257124.241840571921784431,-27017.857416506660229061,-31298.549351277739333455,-8176.842084014426291105
257579.609159232204547152,-25928.830281204347556923,-32160.891170929164218251,-8355.456523161019504187
257956.239331613905960694,-25006.426551810269302223,-32847.342717549741792027,-8496.225790683400191483
258237.671811911888653412,-24304.805379678298777435,-33344.121259814572113100,-8597.231104658030744758
258411.606650274217827246,-23866.036611687195545528,-33644.130651961990224663,-8657.845837485672745970
258470.442059632507152855,-23716.744600844140222762,-33744.388121597563440446,-8678.034296116531550069
258529.277468990796478465,-23567.015527585324889515,-33844.023735073664283846,-8698.062820289125738782
258703.212307353125652298,-23121.842956168846285436,-34134.921741148958972190,-8756.334206387009544414
258984.644787651108345017,-22393.682797744673734996,-34593.940396940837672446,-8847.628099223964454723
259361.274960032809758559,-21404.496167894256359432,-35185.372753684445342515,-8963.959491598785461974
259816.642278693092521280,-20186.999848440093046520,-35864.927963792382797692,-9095.563252439622374368
260330.845006711693713441,-18785.482620352682715748,-36584.659069847351929639,-9232.094085022590661538
260881.410017455724300817,-17255.600367771265155170,-37298.184660130682459567,-9363.870800468155721319
261444.274978051631478593,-15662.779810730171448085,-37965.436218615657708142,-9482.971663437683673692
261994.839988795662065968,-14079.196138759878522251,-38556.180607945228985045,-9584.000321322369927657
262509.042716814263258129,-12579.636779978674894664,-39051.751959152090421412,-9664.394893212609531474
262964.410035474575124681,-11236.810611654807871673,-39444.759001186852401588,-9724.238474572210179758
263341.040207856276538223,-10116.736443808105832431,-39736.937763606234511826,-9765.627862628070943174
263622.472688154201023281,-9274.741572189879661892,-39935.692573762418760452,-9791.743937387700498221
263796.407526516530197114,-8752.382609786734974477,-40050.117552265677659307,-9805.821218009559743223
263855.242935874848626554,-8575.365650012892729137,-40087.364360551939171273,-9810.225725296329983394
263914.078345233167055994,-8398.190699826496711466,-40123.872609176331025083,-9814.449477976579146343
264088.013183595496229827,-7873.516874215136340354,-40227.476271130966779310,-9825.878356686966071720
264369.445663893420714885,-7021.928614774289599154,-40381.384806310765270609,-9841.018783409102979931
264746.075836275122128427,-5877.713523049409559462,-40560.712119322044600267,-9854.788980558534603915
265201.443154935433994979,-4488.447640508915355895,-40736.628844977829430718,-9861.502014311579841888
265715.645882954006083310,-2913.808284161183109973,-40881.229278276914556045,-9856.000174134398548631
266266.210893698036670685,-1223.330368404778710101,-40972.289989133314520586,-9834.736526414704712806
266829.075854294002056122,506.932504635733494069,-40997.071028275211574510,-9796.599474472091969801
267379.640865038032643497,2198.578841746282705572,-40954.451907135226065293,-9743.317656327893928392
267893.843593056604731828,3775.351709264759847429,-40854.994906814798014238,-9679.360676733816944761
268349.210911716916598380,5167.345548373144993093,-40718.927434445038670674,-9611.349159114975918783
268725.841084098618011922,6314.410324578602740075,-40572.436814778513507918,-9547.081421205406513764
269007.273564396542496979,7168.477623967883118894,-40442.977830185351194814,-9494.351368360959895654
269181.208402758871670812,7694.832712530122080352,-40354.442704858112847432,-9459.760318129945517285
269240.043812117190100253,7872.602108006445632782,-40323.023764743556967005,-9447.714557308416260639
269298.879221475508529693,8050.226510603293718304,-40290.862179271905915812,-9435.494781189499917673
269472.814059837837703526,8574.457175658862979617,-40191.445873753313207999,-9398.354072773527150275
269754.246540135762188584,9419.720335428450198378,-40016.892516930616693571,-9335.057589158928749384
270130.876712517463602126,10544.630384285781474318,-39756.926083309372188523,-9244.200404940045700641
270586.244031177775468677,11894.005832582559378352,-39402.567010176397161558,-9125.039191419713461073
271100.446759196347557008,13401.878080658461840358,-38950.196398004918592051,-8978.388113859098666580
271651.011769940378144383,14995.430909188311488833,-38405.126530249166535214,-8807.372888703586795600
272213.876730536343529820,16599.572302722219319548,-37783.877174627996282652,-8617.859038113023416372
272764.441741280374117196,18141.617568522538931575,-37114.600405434175627306,-8418.434265458130539628
273278.644469298946205527,19555.453462012890668120,-36435.466690279106842354,-8219.916198292154149385
273734.011787959258072078,20784.620643912661762442,-35791.230651957477675751,-8034.452096433251426788
274110.641960340959485620,21783.992920904267521109,-35228.533172873809235170,-7874.351923139289283426
274392.074440638883970678,22520.075022069584520068,-34790.690718696947442368,-7750.833904430375696393
274566.009279001213144511,22970.275208123341144528,-34512.749636054766597226,-7672.859609799797908636
274624.844688359531573951,23121.727532129349128809,-34417.473797117389040068,-7646.203845555679436075
274683.680097717850003392,23272.754177099290245678,-34321.564320526696974412,-7619.407301578892656835
274857.614936080179177225,23716.717348455182218459,-34034.339229448611149564,-7539.370313504059595289
275139.047416378103662282,24426.951685466068738606,-33558.021480691531905904,-7407.303967771749739768
275515.677588759805075824,25361.280511006909364369,-32898.504430874163517728,-7225.692707156926189782
275971.044907420116942376,26465.324870123724394944,-32068.017925781110534444,-6998.848017502972652437
276485.247635438689030707,27676.874402456181996968,-31087.771137609990546480,-6733.429502380477060797
277035.812646182719618082,28930.921504338468366768,-29989.791902482422301546,-6438.756790158968215110
277598.677606778685003519,30164.769021885666006710,-28817.332453800278017297,-6126.776517838170548202
278149.242617522715590894,31322.512304750467592385,-27623.519532708363840356,-5811.625146816881169798
278663.445345541287679225,32358.241328826370590832,-26468.310052922839531675,-5508.818919359637220623
279118.812664201599545777,33237.530409247810894158,-25414.163897123100468889,-5234.180462336331402184
279495.442836583300959319,33937.138167681368940976,-24521.068865137087414041,-5002.655964960275014164
279776.875316881225444376,34443.233050153787189629,-23841.604881558014312759,-4827.179317158694175305
279950.810155243554618210,34748.778477883395680692,-23416.635010130616137758,-4717.707647871971857967
280009.645564601873047650,34850.870046163523511495,-23272.028275227785343304,-4680.504985050665709423
280068.480973960191477090,34952.320231540208624210,-23126.993250267376424745,-4643.216177494225121336
280242.415812322520650923,35248.468168434766994324,-22695.748106730898143724,-4532.482322334039054113
280523.848292620445135981,35715.617464093571470585,-21990.277792081033112481,-4351.774853388156770961
280900.478465002146549523,36317.222259150432364549,-21031.740157567692222074,-4107.087460504921182292
281355.845783662458416075,37007.984617746049480047,-19851.702806678396882489,-3807.127679389279364841
281870.048511681030504405,37738.921138665718899574,-18492.963252478075446561,-3463.384079530213057296
282420.613522425061091781,38462.724767228202836122,-17009.378310062718810514,-3089.948849802214681404
282983.478483021026477218,39138.630668813908414450,-15464.338784172927262262,-2703.028849696351244347
283534.043493765057064593,39736.015359518663899507,-13927.851433696021558717,-2320.155667970499052899
284048.246221783629152924,40236.150288416152761783,-12472.528261646424653009,-1959.181236687425553100
284503.613540443941019475,40631.873180528018565383,-11169.025077192840399221,-1637.194716521382360952
284880.243712825642433017,40925.355507507534639444,-10081.546051397715928033,-1369.503686368076159852
285161.676193123566918075,41124.526716506421507802,-9263.933176265825750306,-1168.789523026400274830
285335.611031485896091908,41238.970478777155221906,-8756.648785307799698785,-1044.489935785259149270
285394.446440844214521348,41276.182391412461583968,-8584.731381349527509883,-1002.405191675341484370
285453.281850202532950789,41312.634893361384456512,-8412.656033113744342700,-960.302003665496158646
285627.216688564862124622,41415.951830795755086001,-7903.057454860449070111,-835.732177792251604842
285908.649168862786609679,41569.010646064787579235,-7075.853992067888611928,-633.898075222172337817
286285.279341244488023221,41746.455347050119598862,-5964.241081627696985379,-363.388809141837555217
286740.646659904799889773,41918.958299629528482910,-4614.311695570737356320,-35.980843408400687622
287254.849387923371978104,42058.211317481145670172,-3083.930292147822910920,333.758618413801741553
287805.414398667402565479,42141.799303438187052961,-1440.579516796075040475,729.111062766383838607
288368.279359263367950916,42157.084370659016713034,241.862993264890974388,1132.076898902054381324
288918.844370007398538291,42103.375201263166673016,1887.166152954421704635,1524.397820701222372008
289433.047098025970626622,41991.966179965114861261,3421.112172692402964458,1888.602702686195698334
289888.414416686282493174,41844.041160457352816593,4775.598618675343459472,2208.935743526188161923
290265.044589067983906716,41686.848603190555877518,5891.971048845298355445,2472.056440448253852082
290546.477069365908391774,41548.868680886509537231,6723.314247233181959018,2667.464676131825399352
290720.411907728237565607,41454.844819360288965981,7235.719967723212903365,2787.677439297065575374
290779.247317086555995047,41421.530958200448367279,7408.787763804401038215,2828.240272297476622043
290838.082726444932632148,41387.455145556064962875,7581.719274802453583106,2868.751075787946319906
291012.017564807261805981,41282.267231434401765000,8092.128157227620249614,2988.201506748573592631
291293.450045105186291039,41098.020630305451049935,8915.195952736161416396,3180.450444241530931322
291670.080217486887704581,40824.402175715476914775,10010.744103562406962737,3435.621059224020427791
292125.447536147199571133,40452.510196126815571915,11325.171242210402851924,3740.660653297101816861
292639.650264165771659464,39979.011246147383644711,12794.353157488018041477,4080.140504041697568027
293190.215274909802246839,39409.784842824381485116,14347.450404654577141628,4437.259852913452050416
293753.080235505767632276,38762.235771100786223542,15911.338614336535101756,4794.964943310023954837
294303.645246249798219651,38065.704424559422477614,17415.158731884643202648,5137.048285870823747246
294817.847974268370307982,37359.786065289103135001,18794.375898897967999801,5449.077054077537468402
295273.215292928682174534,36690.786056998003914487,19993.798723930813139305,5719.025203255947417347
295649.845465310383588076,36106.884287426531955134,20969.242757008731132373,5937.548260851541272132
295931.277945608308073133,35652.779819710929587018,21687.854333509545540437,6097.924307685356325237
296105.212783970637246966,35364.612889418662234675,22127.435977692104643211,6195.763111286400089739
296164.048193328955676407,35265.848059092175390106,22275.327768770599504933,6228.633505276036885334
296222.883602687274105847,35166.434532025472435635,22422.809816901077283546,6261.389318315410491778
296396.818441049603279680,34868.762948686366144102,22856.387939939711941406,6357.549290929669950856
296678.250921347527764738,34375.268777552635583561,23550.119394073699368164,6510.967834217921335949
297054.881093729229178280,33692.246400769909087103,24462.954851351183606312,6711.982964758743037237
297510.248412389541044831,32832.569413486045959871,25541.938360677537275478,6948.251342159677733434
298024.451140408113133162,31818.381480665055278223,26726.439845906075788662,7205.829629951836977853
298575.016151152143720537,30682.958534528610471170,27953.037822748039616272,7470.390326529024605406
299137.881111748109105974,29471.098138743189338129,29160.483176040899707004,7728.419454000872065080
299688.446122492139693350,28237.708681565818551462,30294.066400283452821895,7968.225618719337944640
300202.648850510711781681,27044.664333389249804895,31308.751685028400970623,8180.609786298340623034
300658.016169171023648232,25956.350533530225220602,32170.654426989582134411,8359.105276952246640576
301034.646341552725061774,25034.552648254779342096,32856.782507850293768570,8499.785554235433664871
301316.078821850649546832,24333.392168164828035515,33353.343176254042191431,8600.729988764778681798
301490.013660212978720665,23894.911089713328692596,33653.228205755091039464,8661.309514868637052132
301548.849069571297150105,23745.716857869985688012,33753.445396690134657547,8681.486484051969455322
301607.684478929615579545,23596.085784742717805784,33853.041637809685198590,8701.503731232860445743
301781.619317291944753379,23151.204142767113808077,34143.828559881512774155,8759.743023238752357429
302063.051797589869238436,22423.518101516754541080,34602.684350937110139057,8850.988931112307909643
302439.681969971570651978,21434.971085871213290375,35193.931518076424254104,8967.263744970983680105
302895.049288631882518530,20218.253012440742168110,35873.313049496588064358,9098.810762152043025708
303409.252016650454606861,18817.616424054482195061,36592.914078563422663137,9235.292782614673342323
303959.817027394485194236,17288.673143659361812752,37306.377558716078056023,9367.034970095581229543
304522.681987990450579673,15696.801416758091363590,37973.647030204971088096,9486.119130864590260899
305073.246998734481167048,14114.128193869830283802,38564.486950165097368881,9587.149154056878614938
305587.449726753053255379,12615.397631968015048187,39060.215318285831017420,9667.560279979163169628
306042.817045413365121931,11273.283873276428494137,39453.414346650912193581,9727.430368651428580051
306419.447217795066535473,10153.781085684538993519,39745.788200916227651760,9768.849751568104693433
306700.879698092991020530,9312.201420762219640892,39944.709554268600186333,9794.992828643193206517
306874.814536455320194364,8790.093672603012237232,40059.246103099634638056,9809.088698427305644145
306933.649945813638623804,8613.160716721315111499,40096.532118623144924641,9813.499815497092640726
306992.485355171957053244,8436.069268027313228231,40133.080308345379307866,9817.730338611272600247
307166.420193534286227077,7911.639296240166004281,40236.806292282533831894,9829.180160152183816535
307447.852673832210712135,7060.435753974124963861,40390.925912099890410900,9844.357339876467449358
307824.482846213912125677,5916.715417772524233442,40570.560286292806267738,9858.182043579425226199
308279.850164874223992229,4528.014942864880140405,40746.883928652852773666,9864.968636713403611793
308794.052892892796080559,2953.967836874529893976,40891.987568897893652320,9859.559139749906535144
309344.617903636826667935,1264.065966078072960954,40983.633939481456764042,9838.404162576216549496
309907.482864232792053372,-465.673944444402877707,41009.058333305118139833,9800.387345629160336102
310458.047874976822640747,-2156.876626628458325285,40967.106367930187843740,9747.230679541533390875
310972.250602995394729078,-3733.298268637627188582,40868.301015728618949652,9683.396067967461931403
311427.617921655706595629,-5125.033532191075209994,40732.829566752421669662,9615.496368311343758251
311804.248094037408009171,-6271.922462304130021948,40586.842722658300772309,9551.322944836165333982
312085.680574335332494229,-7125.881134403876785655,40457.765261571621522307,9498.664144140200733091
312259.615412697661668062,-7652.178901527084235568,40369.467683331866282970,9464.117364375559191103
312318.450822055980097502,-7829.930610769552004058,40338.129353968804934993,9452.086608543822876527
312377.286231414298526943,-8007.538189799299289007,40306.048496556788450107,9439.881849575807791553
312551.221069776627700776,-8531.724172048976470251,40206.871456819673767313,9402.785589814817285514
312832.653550074552185833,-9376.931060692069877405,40032.706744305876782164,9339.561096902287317789
313209.283722456253599375,-10501.796859415953804273,39773.261991562874754891,9248.800086290042600012
313664.651041116565465927,-11851.166263475788582582,39419.533331480663036928,9129.754269893795935786
314178.853769135137554258,-13359.093835860265244264,38967.869813660014187917,8983.231354328503584838
314729.418779879168141633,-14952.778157505912531633,38423.545718155655777082,8812.349546247909529484
315292.283740475133527070,-16557.129761733820487279,37803.040240767266368493,8622.966585131061947322
315842.848751219164114445,-18099.452761122731317300,37134.466636436380213127,8423.663062520956373191
316357.051479237736202776,-19513.610240994727064390,36455.962448764912551269,8225.251015576233839965
316812.418797898048069328,-20743.110379211379040498,35812.258083767112111673,8039.874140893973162747
317189.048970279749482870,-21742.790799144429911394,35249.979665697872405872,7879.840883155286064721
317470.481450577673967928,-22479.121747774777759332,34812.437019920296734199,7756.369542819613343454
317644.416288940003141761,-22929.483417578747321386,34534.675186399690574035,7678.422604466662960476
317703.251698298321571201,-23080.991665126413863618,34439.458900059078587219,7651.775828357893260545
317762.087107656640000641,-23232.074882089284074027,34343.608419856434920803,7624.988136272257179371
317936.021946018969174474,-23676.209037430242460687,34056.554429051844635978,7544.976508418874800554
318217.454426316893659532,-24386.731576801401388366,33580.502731261687586084,7412.948572539802626125
318594.084598698595073074,-25321.467460515101265628,32921.319890946528175846,7231.383446479294434539
319049.451917358906939626,-26426.034583769862365443,32091.202217894984642044,7004.586112422946825973
319563.654645377479027957,-27638.211247332517814357,31111.322765496006468311,6739.209447713647023193
320114.219656121509615332,-28892.968281821471464355,30013.675698905630270019,6444.567245718868434778
320677.084616717475000769,-30127.576859503176819999,28841.487073135009268299,6132.602263936618328444
321227.649627461505588144,-31286.092955011066806037,27647.868869782803812996,5817.449800168475121609
321741.852355480077676475,-32322.563558948349964339,26492.776441122783580795,5514.627892278213039390
322197.219674140389543027,-33202.521046263289463241,25438.680409877939382568,5239.963560729831442586
322573.849846522090956569,-33902.687173453283321578,24545.588229988148668781,5008.409095472501576296
322855.282326820015441626,-34409.201198434115212876,23866.103343136521289125,4832.904981722085722140
323029.217165182344615459,-34715.006047392387699801,23441.110652732575545087,4723.414170015681520454
323088.052574540663044900,-34817.185385880417015869,23296.494483557908097282,4686.204657843851236976
323146.887983898981474340,-34918.723337068753608037,23151.449156326969387010,4648.908811996012445888
323320.822822261310648173,-35215.130630700914480258,22720.168477025610627607,4538.153046316836480401
323602.255302559235133231,-35682.698799758283712436,22014.624578442686470225,4357.406644770080674789
323978.885474940936546773,-36284.861273403344966937,21055.957379274332197383,4112.660465289043713710
324434.252793601248413324,-36976.290658902908035088,19875.716025613510282710,3812.619516623110030196
324948.455521619820501655,-37707.966382985068776179,18516.684344956913264468,3468.771247524904538295
325499.020532363851089031,-38432.539129853779741097,17032.715129804128082469,3095.209090713082332513
326061.885492959816474468,-39109.200805428503372241,15487.208138442860217765,2708.144074884146903059
326612.450503703847061843,-39707.288434656868048478,13950.192905864008935168,2325.114875032470081351
327126.653231722419150174,-40208.041974691739596892,12494.316130456776591018,1963.982827110585276387
327582.020550382731016725,-40604.278173713311844040,11190.276025030092569068,1641.847763600197140477
327958.650722764432430267,-40898.158164987173222471,10102.321352055558236316,1374.027952578753684065
328240.083203062356915325,-41097.609514609743200708,9284.335228280426235870,1173.214288397944983444
328414.018041424686089158,-41212.218794561056711245,8776.812814795674057677,1048.851884288151268265
328472.853450783004518598,-41249.485342267296800856,8604.813658854371169582,1006.745671560280243284
328531.688860141322948039,-41285.991785176338453311,8432.655941901990445331,964.620906137590282015
328705.623698503652121872,-41389.464070931899186689,7922.810305607301415876,839.986669520460054628
328987.056178801576606929,-41542.760896370171394665,7095.196164856461109594,638.046464195669614128
329363.686351183278020471,-41720.497343587347131688,5983.013534923811675981,367.391829150457851938
329819.053669843589887023,-41893.310250069022004027,4632.366725751926423982,39.803510477728195838
330333.256397862161975354,-42032.854229683878656942,3101.141189229470910504,-330.144714591364390799
330883.821408606192562729,-42116.681045416138658766,1456.851647265983046964,-725.725398229706115671
331446.686369202157948166,-42132.129251018886861857,-226.581880840676603839,-1128.928077792321346351
331997.251379946188535541,-42078.497608337922429200,-1872.878662378730950877,-1521.482515863181106397
332511.454107964760623872,-41967.085737891982716974,-3407.768618806469021365,-1885.905729964646525332
332966.821426625072490424,-41819.096362681731989142,-4763.099420190992532298,-2206.431233064542539068
333343.451599006773903966,-41661.806172764299844857,-5880.173353068734286353,-2469.709798128615148016
333624.884079304698389024,-41523.726882788258080836,-6712.041197006794391200,-2665.234885065039634355
333798.818917667027562857,-41429.630280644014419522,-7224.770910064893541858,-2785.519282382834717282
333857.654327025345992297,-41396.289853628368291538,-7397.948207588022341952,-2826.106233997861636453
333916.489736383664421737,-41362.186483818244596478,-7570.989159285411005840,-2866.641095974404379376
334090.424574745993595570,-41256.911305563080532011,-8081.721144202485447749,-2986.162280093567460426
334371.857055043918080628,-41072.505169176169147249,-8905.309894661739235744,-3178.524417871298282989
334748.487227425619494170,-40798.637829274775867816,-10001.550247618317371234,-3433.843714356344207772
335203.854546085931360722,-40426.391149378287082072,-11316.803795886546140537,-3739.058101223237827071
335718.057274104503449053,-39952.421667493785207625,-12786.900483352452283725,-4078.727725335085779079
336268.622284848534036428,-39382.610606724767421838,-14340.949507346696918830,-4436.039946993036210188
336831.487245444499421865,-38734.379593110548739787,-15905.774375088833039626,-4793.929651101740091690
337382.052256188530009240,-38037.101590568570827600,-17410.468477609887486324,-5136.179802182983621606
337896.254984207102097571,-37330.417667962516134139,-18790.458614313363796100,-5448.350830021934598335
338351.622302867413964123,-36660.687182214016502257,-19990.526995570719009265,-5718.413168542474522837
338728.252475249115377665,-36076.145726839451526757,-20966.474856448679929599,-5937.021778007425382384
339009.684955547039862722,-35621.543201828746532556,-21685.443970555759733543,-6097.456254350525341579
339183.619793909369036555,-35333.060191427495738026,-22125.238130353711312637,-6195.328744311680566170
339242.455203267687465996,-35234.187049525811744388,-22273.200308505183784291,-6228.210106182503295713
339301.290612626005895436,-35134.664516465643828269,-22420.751975714316358790,-6260.976669167992440634
339475.225450988335069269,-34836.666679285372083541,-22854.531362439593067393,-6357.167135158621022129
339756.657931286259554327,-34342.632304831313376781,-23548.573736784135689959,-6510.630879064390683197
340133.288103667960967869,-33658.864303383881633636,-24461.795809472067048773,-6711.698298157027238631
340588.655422328272834420,-32798.253519483747368213,-25541.199781704781344160,-6948.016981320522972965
341102.858150346844922751,-31782.972634432742779609,-26726.111401807604124770,-7205.634538638007143163
341653.423161090875510126,-30646.339732949527387973,-27953.069080117245903239,-7470.216034768216559314
342216.288121686840895563,-29433.206557460965996142,-29160.793804357846966013,-7728.243114491991946124
342766.853132430871482939,-28198.544058301391487475,-30294.560922865843167529,-7968.024006395435208105
343281.055860449443571270,-27004.291931905689125415,-31309.336031134327640757,-8180.363496086161831045
343736.423179109755437821,-25914.898210083039884921,-32171.251011789863696322,-8358.802293466354967677
344113.053351491456851363,-24992.202885237427835818,-32857.340864697092911229,-8499.423490600145669305
344394.485831789381336421,-24290.370822788587247487,-33353.844193312426796183,-8600.316578471984030330
344568.420670151710510254,-23851.474755516181176063,-33653.681437482911860570,-8660.861298361685840064
344627.256079510028939694,-23702.140214176055451389,-33753.880326706828782335,-8681.025963864603909315
344686.091488868347369134,-23552.368879601963271853,-33853.457184909348143265,-8701.030639789993074373
344860.026327230676542968,-23107.072952926762809511,-34144.180480943265138194,-8759.231205345824491815
345141.458807528601028025,-22378.718249199118872639,-34602.913305225520161912,-8850.409525167424362735
345518.088979910302441567,-21389.281154579621215817,-35193.957249436731217429,-8966.584424959490206675
345973.456298570614308119,-20171.497370854158361908,-35873.034222002810565755,-9097.996342385880780057
346487.659026589186396450,-18769.676125669990142342,-36592.214577582868514583,-9234.307328433025759296
347038.224037333216983825,-17239.493031603422423359,-37305.138710780272958800,-9365.845207496307921247
347601.088997929182369262,-15646.391783371705969330,-37971.763792976940749213,-9484.698610198678579764
348151.654008673212956637,-14062.560288388420303818,-38561.885074746998725459,-9585.482397183712237165
348665.856736691785044968,-12562.793707455646654125,-39056.866148439905373380,-9665.646105369140059338
349121.224055352096911520,-11219.803809735130926128,-39449.344424420472932979,-9725.283759734471459524
349497.854227733798325062,-10099.608398204807599541,-39741.082005084230331704,-9766.501947062288309098
349779.286708031722810119,-9257.531366020579298493,-39939.505089566315291449,-9792.489656892890707240
349953.221546394051983953,-8735.125251239303906914,-40053.724239154224051163,-9806.487443312938921736
350012.056955752370413393,-8558.092970270336081740,-40090.901290632609743625,-9810.865035929609803134
350070.892365110688842833,-8380.903017141645250376,-40127.339717404218390584,-9815.061862189331804984
350244.827203473018016666,-7856.186702171595243271,-40230.736597408074885607,-9826.411074531222766382
350526.259683770942501724,-7004.535606875338999089,-40384.309457274153828621,-9841.422422820514839259
350902.889856152643915266,-5860.247900273905543145,-40563.185649608727544546,-9855.019623762987976079
351358.257174812955781817,-4470.911834678867307957,-40738.554489768459461629,-9861.523276555515622022
351872.459902831527870148,-2896.216492852450755890,-40882.533734647440724075,-9855.784988491959666135
352423.024913575558457524,-1205.706072218970803078,-40972.927328647288959473,-9834.268519278692110674
352985.889874171523842961,524.560646217061730567,-40997.025304959970526397,-9795.873784070561669068
353536.454884915554430336,2216.181996537117811386,-40953.738126097305212170,-9742.341097048036317574
354050.657612934126518667,3792.905887821434589569,-40853.658219366509001702,-9678.151234359615045832
354506.024931594438385218,5184.835735073989781085,-40717.040664961736183614,-9609.934892614041018533
354882.655103976139798760,6331.833001832223089878,-40570.096630238287616521,-9545.498917237349814968
355164.087584274064283818,7185.841269440694304649,-40440.299974515975918621,-9492.643924562686152058
355338.022422636393457651,7712.156214420429023448,-40351.556713761645369232,-9457.976014095929713221
355396.857831994711887091,7889.911399465614522342,-40320.067473259405232966,-9445.904318898425117368
355455.693241353030316532,8067.521272867197694723,-40287.835641989368014038,-9433.658641779275058070
355629.628079715359490365,8591.707123832988145296,-40188.212000886560417712,-9396.441562146388605470
355911.060560013283975422,9436.891896043183805887,-40013.324287676950916648,-9333.022165316189784789
356287.690732394985388964,10561.685728437478246633,-39752.912780207581818104,-9242.001843403650127584
356743.058051055297255516,11910.903487981508078519,-39398.019670709734782577,-9122.645616051133401925
357257.260779073869343847,13418.575279368298652116,-38945.052092775469645858,-8975.777515606579981977
357807.825789817899931222,15011.887455110649170820,-38399.351098485058173537,-8804.534001739670202369
358370.690750413865316659,16615.755399642723205034,-37777.466162842931225896,-8614.791499923772789771
358921.255761157895904034,18157.506812122861447278,-37107.578158474294468760,-8415.148073795109667117
359435.458489176467992365,19571.045121303970518056,-36427.883792734006419778,-8216.430574599977262551
359890.825807836779858917,20799.930453742133977357,-35783.160140231484547257,-8030.793945588611677522
360267.455980218481272459,21799.056847828651370946,-35220.066067479783669114,-7870.554118244417622918
360548.888460516405757517,22534.947788812896760646,-34781.931420324137434363,-7746.933610203184798593
360722.823298878734931350,22985.026694589505495969,-34503.811591027304530144,-7668.896792817544337595
360781.658708237053360790,23136.437456135849060956,-34408.475613354123197496,-7642.220023435282200808
360840.494117595371790230,23287.422267914727854077,-34312.506163811194710433,-7615.402547696725378046
361014.428955957700964063,23731.260192245688813273,-34025.104755126521922648,-7535.304111973211547593
361295.861436255625449121,24441.286929902133124415,-33548.504879971616901457,-7403.139732421903318027
361672.491608637326862663,25375.328504853394406382,-32888.616568057914264500,-7221.400029634769452969
362127.858927297638729215,26479.011436023261921946,-32057.691178616252727807,-6994.404380897703958908
362642.061655316210817546,27690.134728598852234427,-31076.962521372479386628,-6728.821302882573945681
363192.626666060241404921,28943.704806817208009306,-29978.484213247080333531,-6433.979580898481799522
363755.491626656206790358,30177.043361147378163878,-28805.533396669779904187,-6121.834486780400766293
364306.056637400237377733,31334.268803706836479250,-27611.259075807523913682,-5806.529949713909445563
364820.259365418809466064,32369.497069392797129694,-26455.636506401118822396,-5503.588085015948308865
365275.626684079121332616,33248.329462535191851202,-25401.139388478477485478,-5228.835645217859564582
365652.256856460822746158,33947.550486566477047745,-24507.764915079926140606,-4997.221321524299128214
365933.689336758747231215,34453.351247002348827664,-23828.098662476171739399,-4821.680224534418812254
366107.624175121076405048,34758.712760312228056137,-23403.006621081032790244,-4712.169879820492496947
366166.459584479394834489,34860.741754554539511446,-23258.359056133427657187,-4674.954335942402394721
366225.294993837713263929,34962.129184328696283046,-23113.283452765084803104,-4637.652749503966333577
366399.229832200042437762,35258.090546528554114047,-22681.919826223980635405,-4526.881715969768265495
366680.662312497966922820,35724.934695264535548631,-21976.262522257398813963,-4346.116002001803281019
367057.292484879668336362,36326.125012769109162036,-21017.483896299730986357,-4101.354395014470355818
367512.659803539980202913,37016.377314847639354412,-19837.169548872392624617,-3801.310664087537588784
368026.862531558552291244,37746.726794381836953107,-18478.136485715862363577,-3457.479981507876800606
368577.427542302582878619,38469.889738509642484132,-16994.260393064003437757,-3083.960713867101731012
369140.292502898548264056,39145.128727003211679403,-15448.948399011511355639,-2696.964774086376564810
369690.857513642578851432,39741.850494053891452495,-13912.219606756698340178,-2314.027191361183213303
370205.060241661150939763,40241.357779435093107168,-12456.693677926901727915,-1953.001528246331872651
370660.427560321462806314,40636.518711904973315541,-11153.029507745523005724,-1630.976887378845276544
371037.057732703164219856,40929.532356224932300393,-10065.430645667482167482,-1363.259504465389909456
371318.490213001088704914,41128.351275042143242899,-9247.736151459161192179,-1162.528721750251861522
371492.425051363417878747,41242.576496645204315428,-8740.404724447987973690,-1038.220180668638931820
371551.260460721736308187,41279.714352639777644072,-8568.472000882728025317,-996.132635959427716443
371610.095870080054737628,41316.092733059376769233,-8396.381632203701883554,-954.026762765370222041
371784.030708442383911461,41419.190179082630493212,-7886.740401228424161673,-829.449674103761935839
372065.463188740308396518,41571.892764065363735426,-7059.473484982270747423,-627.605960310207592556
372442.093361122009810060,41748.858867439506866504,-5947.786450398620218039,-357.087976845916273305
372897.460679782321676612,41920.780787029019847978,-4597.784014464821666479,-29.675815347120078513
373411.663407800893764943,42059.375324901957355905,-3067.342021127697080374,340.060031495751900366
373962.228418544924352318,42142.256483750192273874,-1423.952210783492773771,735.398789991388184717
374525.093379140889737755,42156.818187141667294782,258.502519902307540178,1138.340164489807648351
375075.658389884920325130,42102.401892180081631523,1903.790532868821173906,1530.626957453783688834
375589.861117903492413461,41990.333845868932257872,3437.698223459068685770,1894.790901900498283794
376045.228436563804280013,41841.827096424407500308,4792.131268327590078115,2215.080428053854120662
376421.858608945505693555,41684.155213442973035853,5908.445764069911092520,2478.160016160221857717
376703.291089243430178612,41545.818427430458541494,6739.737562595400959253,2673.534528488638898125
376877.225927605759352446,41451.574644892760261428,7252.108058677986264229,2793.725171120018785587
376936.061336964077781886,41418.186510303312388714,7425.163343101157806814,2834.280301345886982745
376994.896746322396211326,41384.036485793614701834,7598.082041219342499971,2874.783290949995716801
377168.831584684725385159,41278.629552697260805871,8108.451285751536488533,2994.209973373097454896
377450.264064982649870217,41094.029826144651451614,8931.449390805326402187,3186.418440647419629386
377826.894237364351283759,40819.941452893392124679,10026.893580574542284012,3441.530968946633947780
378282.261556024663150311,40447.485839519846194889,11341.178777241148054600,3746.494388207556767156
378796.464284043235238642,39973.357120661261433270,12810.179218165576457977,4085.880499380869878223
379347.029294787265826017,39403.465244272454583552,14363.057518574409186840,4442.890543650832114508
379909.894255383231211454,38755.246363609294348862,15926.695909288711845875,4800.474513880672020605
380460.459266127261798829,38058.071220491277927067,17430.246654785238206387,5142.430408608164725592
380974.661994145833887160,37351.562666906705999281,18809.190286369994282722,5454.332313298011285951
381430.029312806145753711,36682.049614072508120444,20008.353485092520713806,5724.161944400748325279
381806.659485187847167253,36097.730758470213913824,20983.570653901435434818,5942.582694294393149903
382088.091965485771652311,35643.319114637291932013,21702.005649122875183821,6102.879811227667232743
382262.026803848100826144,35354.964321621191629674,22141.475177269428968430,6200.668788420149212470
382320.862213206419255584,35256.136294176532828715,22289.328532079351134598,6233.522149146880110493
382379.697622564737685025,35156.659748621597827878,22436.771886396105401218,6266.260838990212505450
382553.632460927066858858,34858.802919835397915449,22870.234119872911833227,6362.369667506307450822
382835.064941224991343915,34365.012419239232258406,23563.773354283883236349,6515.703820048827765277
383211.695113606692757457,33681.600251064250187483,24476.342594549409113824,6716.602901166417723289
383667.062432267004624009,32821.462725587734894361,25554.990775172016583383,6952.726325715306302300
384181.265160285576712340,31806.769486235069052782,26739.096335951588116586,7210.135012577167799463
384731.830171029607299715,30670.823600846888439264,27965.250691909692250192,7474.507414868447085610
385294.695131625572685152,29458.448790800372080412,29172.222182765020988882,7732.337187859575351467
385845.260142369603272527,28224.576752218032197561,30305.322772801271639764,7971.941970423442398896
386359.462870388175360858,27031.100778563493804540,31319.540906893438659608,8184.132642675536772003
386814.830189048487227410,25942.420629186170117464,32181.017269775620661676,8362.452635643418034306
387191.460361430188640952,25020.331318185279087629,32866.784045606735162437,8502.984964175961067667
387472.892841728113126010,24318.960058836346433964,33363.069794865208677948,8603.817264674751640996
387646.827680090442299843,23880.351742946622835007,33662.782859887112863362,8664.326835159674374154
387705.663089448760729283,23731.115000345009320881,33762.941532707423903048,8684.480030666611128254
387764.498498807079158723,23581.441685043704637792,33862.479080956079997122,8704.473449080494901864
387938.433337169408332556,23136.436740890574583318,34153.091478041489608586,8762.641978285868390230
388219.865817467332817614,22408.556229118687042501,34611.661738539231009781,8853.772406961023079930
388596.495989849034231156,21419.758827224803098943,35202.520898016286082566,8969.890854272129217861
389051.863308509346097708,20202.753351466228195932,35881.424682872020639479,9101.246180582860688446
389566.066036527918186039,18801.812772655357548501,36600.475515044876374304,9237.508526081404852448
390116.631047271948773414,17272.568628878761956003,37313.338126122136600316,9369.012058871750923572
390679.496007867914158851,15680.416135237981507089,37979.981713310000486672,9487.848941682092117844
391230.061018611944746226,14097.494964647536107805,38570.199091788497753441,9588.634267618424928514
391744.263746630516834557,12598.557020056490728166,39065.337696004775352776,9668.814686760142649291
392199.631065290828701109,11256.279355486352869775,39458.008398458012379706,9728.478982392127363710
392576.261237672530114651,10136.655154724103340413,39749.941423026029951870,9769.727271327468770323
392857.693717970454599708,9294.993189167660602834,39948.531305977725423872,9795.742060631568165263
393031.628556332783773541,8772.838196489923575427,40062.862180111464112997,9809.758482718661980471
393090.463965691102202982,8595.889887296674714889,40100.078490354731911793,9814.142700637541565811
393149.299375049420632422,8418.783403071072825696,40136.556909422972239554,9818.346312741370638832
393323.234213411749806255,7894.310842845086881425,40240.076260804664343596,9829.716512823019002099
393604.666693709674291313,7043.044295938183495309,40393.860440622782334685,9844.764684663336083759
393981.296866091375704855,5899.251103170645365026,40573.043995982734486461,9858.416482293039734941
394436.664184751687571406,4510.480130097326764371,40748.820096610812470317,9864.993796541939445888
394950.866912770259659737,2936.376654825602599885,40893.302906860481016338,9859.347957331208817777
395501.431923514290247113,1246.441838327293226030,40984.282507152936886996,9837.940259823417363805
396064.296884110255632550,-483.302396581078937743,41009.024150333185389172,9799.665849627623174456
396614.861894854286219925,-2174.480584374199679587,40966.404389375988102984,9746.258389037730012205
397129.064622872858308256,-3750.853727873916795943,40866.976335506587929558,9682.190951248559940723
397584.431941533170174807,-5142.525434352028241847,40730.954952536318160128,9614.086467458038896439
397961.062113914871588349,-6289.347221212963631842,40584.514791744928515982,9549.744832132464580354
398242.494594212796073407,-7143.247138184997311328,40455.099718605102680158,9496.961106305230714497
398416.429432575125247240,-7669.504933730735501740,40366.594035245005215984,9462.337473484296424431
398475.264841933443676680,-7847.242490871030895505,40335.185414668223529588,9450.280785375058258069
398534.100251291762106121,-8024.835599099089449737,40303.034320086175284814,9438.050127338525271625
398708.035089654091279954,-8548.976940223285055254,40203.649967077821202110,9400.877501095581465052
398989.467569952015765011,-9394.105721950800216291,40029.150924144480086397,9337.530099542747848318
399366.097742333717178553,-10518.855680409156775568,39769.261112665924883913,9246.605951406812891946
399821.465060994029045105,-11868.067849719234800432,39414.998404458798177075,9127.365112336987294839
400335.667789012601133436,-13375.795474137448763940,38962.737868286836601328,8980.625152153015733347
400886.232799756631720811,-14969.239679338679707143,38417.782544259149290156,8809.515018546773717389
401449.097760352597106248,-16573.318369737164175604,37796.641334520354575943,8619.903354495234452770
401999.662771096627693623,-18115.348022310332453344,37127.456300290934450459,8420.381114590849392698
402513.865499115199781954,-19529.208372222528851125,36448.391240653749264311,8221.769564727956094430
402969.232817775511648506,-20758.427045748838281725,35804.199034742712683510,8036.220091485121884034
403345.862990157213062048,-21757.861886983075237367,35241.523814562409825157,7876.047114826675169752
403627.295470455137547106,-22494.001893732965982053,34803.688808162398345303,7752.473233426857404993
403801.230308817466720939,-22944.242414098036533687,34525.748119449875957798,7674.463739011081997887
403860.065718175785150379,-23095.709142715473717544,34430.471656825968238991,7647.795946273132358328
403918.901127534161787480,-23246.750569642441405449,34334.561165707062173169,7620.987310823193183751
404092.835965896490961313,-23690.759603314021660481,34047.330742656362417620,7540.914200379304020316
404374.268446194415446371,-24401.074738893112225924,33570.996725550496194046,7408.788172176247826428
404750.898618576116859913,-25335.523619067309482489,32911.442351187688473146,7227.094522051420426578
405206.265937236428726465,-26439.729589423550351057,32080.885445125510159414,7000.146124845510712476
405720.468665255000814795,-27651.480290857529325876,31100.523705917519691866,6734.604773801425835700
406271.033675999031402171,-28905.760558075657172594,30002.377093749229970854,6439.793423898192486377
406833.898636594996787608,-30139.860388674227579031,28829.696593397406104486,6127.663473917777082534
407384.463647339027374983,-31297.858808461962325964,27635.616475352195266169,5812.357697087247288437
407898.666375357599463314,-32333.828764481855614576,26480.110462267060938757,5509.400012367079398246
408354.033694017911329865,-33213.329626634171290789,25425.663022146669391077,5234.621573441801956506
408730.663866399612743407,-33913.109045045835955534,24532.291026918326679152,5002.977178661059951992
409012.096346697537228465,-34419.328951771756692324,23852.603589832426223438,4827.408538779383889050
409186.031185059866402298,-34724.949882045773847494,23427.488555172567430418,4717.879004255775726051
409244.866594418184831738,-34827.066643909180129413,23282.831496939754288178,4680.656595034664860577
409303.702003776503261179,-34928.541836329131911043,23137.745532267137605231,4643.347954333579764352
409477.636842138832435012,-35224.762542513992229942,22706.346195371697831433,4532.554963206575848744
409759.069322436756920069,-35692.025533300220558885,22000.615025008904922288,4351.750241004681811319
410135.699494818458333611,-36293.773466683320293669,21041.706457313957798760,4106.929747499811128364
410591.066813478770200163,-36984.692688211194763426,19861.187654324683535378,3806.804730743921027170
411105.269541497342288494,-37715.781208357635478023,18501.861960274043667596,3462.869249553472400294
411655.834552241372875869,-38439.713048927813360933,17017.601066442082810681,3089.222922353126705275
412218.699512837338261306,-39115.707534659515658859,15471.821083193521189969,2702.081839118904099450
412769.264523581368848681,-39713.131922139182279352,13934.563916664446878713,2318.988122062577531324
413283.467251599940937012,-40213.257480838663468603,12478.483946134212601464,1957.804742588015869842
413738.834570260252803564,-40608.931389621553535108,11174.282486439558851998,1635.631477885932326899
414115.464742641954217106,-40902.342403485767135862,10086.207687767098832410,1367.785253511561677442
414396.897222939878702164,-41101.441230619886482600,9268.139738451565790456,1166.954928409826607094
414570.832061302207875997,-41215.831821343141200487,8760.570165720178920310,1042.583546438656412647
414629.667470660526305437,-41253.024261316524643917,8588.555649283218372148,1000.474525278777946369
414688.502880018844734877,-41289.456531185140192974,8416.382871402885939460,958.347066988901133300
414862.437718381173908710,-41392.709170832771633286,7906.494465089861478191,833.705545756232822896
415143.870198679098393768,-41545.649508231792424340,7078.816688861224974971,631.755696749396520318
415520.500371060799807310,-41722.906999125269067008,5966.559706814114178997,361.092306567903506220
415975.867689721111673862,-41895.138419263304967899,4615.839597142759885173,33.499755491584437550
416490.070417739683762193,-42034.023383426836517174,3084.553222369861032348,-336.444883661495623528
417040.635428483714349568,-42117.142774327548977453,1440.224422352846886497,-732.011897576658157050
417603.500389079679735005,-42131.866982837971590925,-243.221506509471510071,-1135.190115467563373386
418154.065399823710322380,-42077.527577473498240579,-1889.503268848646257538,-1527.710408110555363237
418668.268127842282410711,-41965.456074839756183792,-3424.354970441672776360,-1892.092654131503877579
419123.635446502594277263,-41816.884425084404938389,-4779.632399614441965241,-2212.574603246210244833
419500.265618884295690805,-41659.114455951443233062,-5896.648395412143145222,-2475.812018266564336955
419781.698099182220175862,-41520.677962455149099696,-6728.464821676265273709,-2671.303345879923654138
419955.632937544549349695,-41426.361229175243352074,-7241.159292522825126071,-2791.565598232706179260
420014.468346902867779136,-41392.946457667108916212,-7414.324071186718356330,-2832.144838428857838153
420073.303756261186208576,-41358.768804944389557932,-7587.352202207788650412,-2872.671877683204002096
420247.238594623515382409,-41253.274397820619924460,-8098.044522694784973282,-2992.169286023190579726
420528.671074921439867467,-41068.514797133313550148,-8921.563528715174470562,-3184.490905974240376963
420905.301247303141281009,-40794.177087414929701481,-10017.699827042881224770,-3439.752045279316007509
421360.668565963453147560,-40421.366233730608655605,-11332.811287682045076508,-3744.890161866269409074
421874.871293982025235891,-39946.766383306974603329,-12802.726293958265159745,-4084.465925388451069011
422425.436304726055823267,-39376.289223197767569218,-14356.556100606459949631,-4441.668697758292182698
422988.301265322021208704,-38727.387781630655808840,-15921.130821388687763829,-4799.437118223815559759
423538.866276066051796079,-38029.465402065230591688,-17425.555182272109959740,-5141.559647040388881578
424053.069004084623884410,-37322.190768967768235598,-18805.271396437201474328,-5453.603636189543976798
424508.436322744935750961,-36651.946805114777816925,-20005.079776132020924706,-5723.547292193810790195
424885.066495126637164503,-36066.987923409709765110,-20980.800440355676983017,-5942.053451741760000004
425166.498975424561649561,-35612.077979543166293297,-21699.592712307821784634,-6102.408888460084199323
425340.433813786890823394,-35323.406961570181010757,-22139.274589675951574463,-6200.231482789449728443
425399.269223145209252834,-35224.470574470855353866,-22287.198274399510410149,-6233.095787745905909105
425458.104632503527682275,-35124.884975313361792360,-22434.711190199835982639,-6265.845203767070415779
425632.039470865856856108,-34826.701754728019295726,-22868.374514579198148567,-6361.984454722090958967
425913.471951163781341165,-34332.370836635273008142,-23562.224381875603285152,-6515.363691056676543667
426290.102123545482754707,-33648.212775286905525718,-24475.179838667048898060,-6716.314900666655375971
426745.469442205794621259,-32787.141157512240170036,-25554.247979342362668831,-6952.488432296266182675
427259.672170224366709590,-31771.354671945482550655,-26738.763082368655886967,-7209.936158389731645002
427810.237180968397296965,-30634.198565569393394981,-27965.276479329339053947,-7474.329107830713837757
428373.102141564362682402,-29420.550759023673890624,-29172.526641947573807556,-7732.156570221011861577
428923.667152308393269777,-28185.405521929882525001,-30305.810423033668485004,-7971.735819571365937009
429437.869880326965358108,-26990.721674783773778472,-31320.117710150203492958,-8183.881569081864654436
429893.237198987277224660,-25900.961560977310000453,-32181.605709746836510021,-8362.144651590095236315
430269.867371368978638202,-24977.974805407844542060,-32867.333755711915728170,-8502.617720713320522918
430551.299851666903123260,-24275.931977902226208244,-33363.561788631959643681,-8603.398541130480225547
430725.234690029232297093,-23836.908689673211483750,-33663.226835255401965696,-8663.873223264357875451
430784.070099387550726533,-23687.531644484763091896,-33763.367127494893793482,-8684.014087373454458429
430842.905508745869155973,-23537.718075320277421270,-33862.885213950190518517,-8703.994906850892220973
431016.840347108198329806,-23092.298872838880924974,-34153.433751832235429902,-8762.124628004768965184
431298.272827406122814864,-22363.749753752876131330,-34611.880668626174156088,-8853.187337424931683927
431674.902999787824228406,-21374.062370854582695756,-35202.536102281424973626,-8969.205696988827185123
432130.270318448136094958,-20155.991340015236346517,-35881.134724501062009949,-9100.425717092910417705
432644.473046466708183289,-18753.866327668692974839,-36599.764209857683454175,-9236.516800672490717261
433195.038057210738770664,-17223.382664847340492997,-37312.086766899104986805,-9367.815789338294052868
433757.903017806704156101,-15630.001009285602776799,-37978.085261089734558482,-9486.421682947408044129
434308.468028550734743476,-14045.921973443742899690,-38567.583335986833844800,-9586.960557576187056839
434822.670756569306831807,-12545.948437452469079290,-39061.974048442680214066,-9666.893369050731052994
435278.038075229618698359,-11202.795049461688904557,-39453.923491650501091499,-9726.325071835575727164
435654.668247611320111901,-10082.478593666259257589,-39745.219840659301553387,-9767.372041405154959648
435936.100727909244596958,-9240.319550804015307222,-39943.311165340834122617,-9793.231375551060409634
436110.035566271573770791,-8717.866376626923738513,-40057.324466280413616914,-9807.149661964785991586
436168.870975629892200232,-8540.818805970287939999,-40094.431754510304017458,-9811.500338094176186132
436227.706384988210629672,-8363.613881433069764171,-40130.800353107020782772,-9815.670236190124342102
436401.641223350539803505,-7838.855170477800129447,-40233.990433168342860881,-9826.939777442186823464
436683.073703648464288563,-6987.141390873737691436,-40387.227590826900268439,-9841.822041030221953406
437059.703876030165702105,-5842.781272984728275333,-40565.652630793374555651,-9855.246240028767715557
437515.071194690477568656,-4453.375271473698376212,-40740.473553736439498607,-9861.540508978589059552
438029.273922709049656987,-2878.624224212639092002,-40883.831583121071162168,-9855.565775113947893260
438579.838933453080244362,-1188.081599282719253097,-40973.558041620570293162,-9833.796492927340295864
439142.703894049045629799,542.188656981415988412,-40996.972947048059722874,-9795.144089874385826988
439693.268904793076217175,2233.784719855837465730,-40953.017713408429699484,-9741.360555578528874321
440207.471632811648305506,3810.459354746468306985,-40852.314912651410850231,-9676.937835777451255126
440662.838951471960172057,5202.324962864942790475,-40715.147294979986327235,-9608.516697557275620056
441039.469123853661585599,6349.254516473352850880,-40567.749866220263356809,-9543.912510863545321627
441320.901604151586070657,7203.203600639790238347,-40437.615558309342304710,-9490.932599823321652366
441494.836442513915244490,7729.478308582059980836,-40348.664175219870230649,-9456.187843205068929819
441553.671851872233673930,7907.219251633119711187,-40317.104638996570429299,-9444.090218536559405038
441612.507261230552103370,8084.814564303109364118,-40284.802566715872671921,-9431.818645393203041749
441786.442099592881277204,8608.955508114384429064,-40184.971604884725820739,-9394.525209669158357428
442067.874579890805762261,9454.061742725396470632,-40009.749561550219368655,-9330.982925406209687935
442444.504752272507175803,10578.739159012759046163,-39748.893019656774413306,-9239.799502817932079779
442899.872070932819042355,11927.798990350762323942,-39393.465927975375961978,-9120.248310190527263330
443414.074798951391130686,13435.270057536275999155,-38939.901453910984855611,-8973.163246639091084944
443964.639809695421718061,15028.341297859871701803,-38393.569417515427630860,-8801.691513784247945296
444527.504770291387103498,16631.935508972579555120,-37771.048998572987329680,-8611.720438016363914357
445078.069781035417690873,18173.392794817300455179,-37100.549863693428051192,-8411.858439739811728941
445592.272509053989779204,19586.633269200647191610,-36420.294953900978725869,-8212.941589490295882570
446047.639827714301645756,20815.236534446092264261,-35775.083788540337991435,-8027.132508987928304123
446424.270000096003059298,21814.116868631528632250,-35211.593210798346262891,-7866.753092907038080739
446705.702480393927544355,22549.816519091917143669,-34773.166439755477767903,-7743.030145928980346071
446879.637318756256718189,22999.774064878547505941,-34494.867907703512173612,-7664.930837601616076427
446938.472728114575147629,23151.143237152449728455,-34399.471806349763937760,-7638.233073957253509434
446997.308137472893577069,23302.086189003042818513,-34303.442399012630630750,-7611.394677390740980627
447171.242975835222750902,23745.798787726867885794,-34015.864718132193956990,-7531.234826675896329107
447452.675456133147235960,24455.617800327796430793,-33538.982791953261767048,-7398.972467193892953219
447829.305628514848649502,25389.371959369476826396,-32878.723322433426801581,-7217.104396340368111851
448284.672947175160516053,26492.693267310816736426,-32047.359180361039761920,-6989.957881098311190726
448798.875675193732604384,27703.390105867605598178,-31066.148809749640349764,-6724.210348516866361024
449349.440685937763191760,28956.482938753288181033,-29967.171603245667938609,-6429.199737032340635778
449912.305646533728577197,30189.312311854992003646,-28793.729605466134671587,-6116.889948454150726320
450462.870657277759164572,31346.019709686595888343,-27598.994075161412183661,-5801.432373982086573960
450977.073385296331252903,32380.747034168649406638,-26442.958600487567309756,-5498.354995653196965577
451432.440703956643119454,33259.122584915567131247,-25388.110688836321060080,-5223.488685191074182512
451809.070876338344532996,33957.956751189973147120,-24494.456916814677242655,-4991.784629700170626165
452090.503356636269018054,34463.463300389550568070,-23814.588503866463724989,-4816.179155161418748321
452264.438194998598191887,34768.640845444599108305,-23389.374360505498771090,-4706.630179713643883588
452323.273604356916621327,34870.607247662926965859,-23244.685988657765847165,-4669.401769967476866441
452382.109013715235050768,34971.931903962184151169,-23099.569830095984798390,-4632.087419870647863718
452556.043852077564224601,35267.706639300704409834,-22668.087789589662861545,-4521.279253171862364979
452837.476332375488709658,35734.245558858056028839,-21962.243609278586518485,-4340.455367961072624894
453214.106504757190123200,36335.021292948302289005,-21003.224145469379436690,-4095.619646772614942165
453669.473823417501989752,37024.763417013127764221,-19822.632990680758666713,-3795.492088504706771346
454183.676551436074078083,37754.525726763204147574,-18463.306636550587427337,-3451.574463557091803523
454734.241562180104665458,38477.047859456994046923,-16979.139631859150540549,-3077.971310485492722364
455297.106522776070050895,39151.619816383950819727,-15433.555417874020349700,-2690.899589026917965384
455847.671533520100638270,39747.678555247977783438,-13896.585430877406906802,-2307.897761648859159322
456361.874261538672726601,40246.558109811645408627,-12440.856979389798652846,-1946.821014118253515335
456817.241580198984593153,40641.157013726326113101,-11137.032033315052103717,-1624.758384049277083250
457193.871752580686006695,40933.701924380984564777,-10049.313510097686958034,-1357.014757704560906859
457475.304232878610491753,41132.168518494370800909,-9231.537528537337493617,-1156.267437588994653197
457649.239071240939665586,41246.175179620178823825,-8724.159147229634982068,-1031.949993432837800356
457708.074480599258095026,41283.238972542101691943,-8552.211131766795006115,-989.859665312618744792
457766.909889957576524466,41319.543225135879765730,-8380.105770381058391649,-947.751124130172684090
457940.844728319905698299,41422.421161927217326593,-7870.421968836228188593,-823.166823558352916734
458222.277208617830183357,41574.767490293881564867,-7043.091732526088890154,-621.313580978854588466
458598.907380999531596899,41751.254965690364770126,-5931.330753127935167868,-350.786990618293202715
459054.274699659843463451,41922.595823027128062677,-4581.255485186244186480,-23.370767084608814912
459568.477427678415551782,42060.531857740417763125,-3050.753149050178762991,346.361313748679094715
460119.042438422446139157,42142.706176373372727539,-1407.324569235446688253,741.686224891611345811
460681.907399018411524594,42156.544514965098642278,275.142110067528847139,1144.602973131735780044
461232.472409762442111969,42101.421105645662464667,1920.414710157660010736,1536.855476985259883804
461746.675137781014200300,41988.694055683394253720,3454.283823304918769281,1900.978335097472154303
462202.042456441326066852,41839.605603972398967016,4808.663247689713898581,2221.224215688456752105
462578.672628823027480394,41681.454424367700994480,5924.919628114548686426,2484.262587477260240121
462860.105109120951965451,41542.760800007330544759,6756.159892032032075804,2679.603296609984681709
463034.039947483281139284,41448.297113680579059292,7268.495080626213166397,2799.771769589318864746
463092.875356841599568725,41414.834711756389879156,7441.537825328872713726,2840.319180466274701757
463151.710766199917998165,41380.610481612100556958,7614.443682524251926225,2880.814339630840549944
463325.645604562247171998,41274.984548747255757917,8124.773206387988466304,3000.217224708943831502
463607.078084860171657056,41090.031730338647321332,8947.701487474485475104,3192.385143210947717307
463983.708257241873070598,40815.473488162453577388,10043.041538388810295146,3447.439480551587621449
464439.075575902184937149,40442.454308418971777428,11357.184579640968877356,3752.326600348413194297
464953.278303920757025480,39967.695906310756981838,12826.003307558006781619,4091.618833216209168313
465503.843314664787612855,39397.138659551688760985,14378.662408749914902728,4448.519426934490184067
466066.708275260752998292,38748.250086563588411082,15942.050726058303553145,4805.982130790664086817
466617.273286004783585668,38050.431272105728567112,17445.331854659474629443,5147.810437857242504833
467131.476014023355673999,37343.332650978998572100,18824.001726109876472037,5459.585351484198326943
467586.843332683667540550,36673.306673631952435244,20022.905102967626589816,5729.296354152564163087
467963.473505065368954092,36088.570836699516803492,20997.895248365930456202,5947.614707004348019836
468244.905985363293439150,35633.852098126844794024,21716.153545019558805507,6107.832828468013758538
468418.840823725622612983,35345.309494020832062233,22155.510885358664381783,6205.571939248835406033
468477.676233083941042423,35246.418287150394462515,22303.325779748840432148,6238.408253272686124546
468536.511642442259471864,35146.878740914929949213,22450.730416165890346747,6271.129806526801985456
468710.446480804588645697,34848.836719993800215889,22884.076689257512043696,6367.187451624526147498
468991.878961102513130754,34354.749978286046825815,23577.423590571379463654,6520.437150688590918435
469368.509133484214544296,33670.948140962347679306,24489.726464572122495156,6721.220100181159068597
469823.876452144526410848,32810.350231117867224384,25568.039139935506682377,6957.198475258406688226
470338.079180163098499179,31795.151866568550758529,26751.748582275344233494,7214.437455837130983127
470888.644190907129086554,30658.683244863823347259,27977.459116276113491040,7478.621455612807039870
471451.509151503094471991,29445.794236994646780659,29183.956546493565838318,7736.251768569210980786
472002.074162247125059366,28211.439837251156859566,30316.574316086938779335,7975.655070844553847564
472516.276890265697147697,27017.532451055310957599,31330.325132528079848271,8187.652160844980244292
472971.644208926009014249,25928.486146338582329918,32191.374974293394188862,8365.796583060739067150
473348.274381307710427791,25006.105574037246697117,32876.780331898240547162,8506.180905246856127633
473629.706861605634912848,24304.523660475220822264,33372.791080012211750727,8606.901030380551674170
473803.641699967964086682,23865.788185334597073961,33672.332131000228400808,8667.340620439365011407
473862.477109326282516122,23716.508958578291640151,33772.432269134202215355,8687.470034006833884632
473921.312518684600945562,23566.793427781616628636,33871.911108040301769506,8707.439615455918101361
474095.247357046930119395,23121.665260772635519970,34162.348932026237889659,8765.537358008728915593
474376.679837344854604453,22393.590408204538107384,34620.633585993484302890,8856.552270115698775044
474753.310009726556017995,21404.542796257366717327,35211.104639764693274628,8972.514303239524451783
475208.677328386867884547,20187.250134994690597523,35889.530565202519937884,9103.677884774278936675
475722.880056405439972878,18786.005815297779918183,36608.031080653709068429,9239.720499348008161178
476273.445067149470560253,17256.461080444460094441,37320.292703549661382567,9370.985323413271544268
476836.310027745435945690,15664.028103523371100891,37986.310294651244475972,9489.574879386342217913
477386.875038489466533065,14080.859266990279138554,38575.905032194968953263,9590.115466571292927256
477901.077766508038621396,12581.714206466866016854,39070.453788593695207965,9670.065145868804393103
478356.445085168350487947,11239.272874842812598217,39462.596098238420381676,9729.523623801589565119
478733.075257550051901489,10119.527460095887363423,39754.088243063590198290,9770.600801671909721335
479014.507737847976386547,9277.783343632188916672,39952.346621382217563223,9796.487292405694461195
479188.442576210305560380,8755.581199311600357760,40066.471801004656299483,9810.424260960786341457
479247.277985568623989820,8578.617568280264094938,40103.618399500344821718,9814.781577900979755213
479306.113394926942419261,8401.496080023651302326,40140.027041564862884115,9818.958277240490133408
479480.048233289271593094,7876.981024637767404784,40243.339742313306487631,9830.248851107920927461
479761.480713587196078151,7025.651624479280144442,40396.788455081921711098,9845.168008741420635488
480138.110885968897491693,5881.785778539204329718,40575.521159711810469162,9858.646894484758377075
480593.478204629209358245,4492.944554226422042120,40750.749686627932533156,9865.014926870542694815
481107.680932647781446576,2918.784989503161341418,40894.611639500879391562,9859.132747396768536419
481658.245943391812033951,1228.817527680606872309,40984.924450528102170210,9837.472337956802221015
482221.110903987777419388,-500.930724223195284139,41008.983334649332391564,9798.940349776938091964
482771.675914731808006763,-2192.084117126702039968,40965.695780679561721627,9745.282116151822265238
483285.878642750380095094,-3768.408482088758319151,40865.645037174086610321,9680.981877995422109962
483741.245961410691961646,-5160.016384295238822233,40729.073738667277211789,9612.672637610870879143
484117.876133792393375188,-6306.770824220082431566,40582.180281939428823534,9548.162816487136296928
484399.308614090317860246,-7160.611834430186718237,40452.427615503060224000,9495.254186919133644551
484573.243452452647034079,-7686.829564956999092828,40363.713839990006817970,9460.553715078392997384
484632.078861810965463519,-7864.552938435743271839,40332.234932823987037409,9448.471099580878217239
484690.914271169283892959,-8042.131544329393364023,40300.013605816995550413,9436.214547436029533856
484864.849109531613066792,-8566.228151266164786648,40200.421954267781984527,9398.965569789943401702
485146.281589829537551850,-9411.278676027133769821,40025.588606964454811532,9335.495285303404671140
485522.911762211238965392,-10535.912594562098092865,39765.253775902914640028,9244.408036558670573868
485978.279080871550831944,-11884.967289641201205086,39410.457073411795136053,9124.972223259290331043
486492.481808890122920275,-13392.494698525108105969,38957.599588188233610708,8978.015278095161193050
487043.046819634153507650,-14985.698504564985341858,38412.013119662537064869,8806.676888542613596655
487605.911780230118893087,-16589.503996574021584820,37790.236273902824905235,8616.836598705398500897
488156.476790974149480462,-18131.240028824358887505,37120.439914057853457052,8417.095722709913388826
488670.679518992721568793,-19544.802998094521171879,36440.814088645282026846,8218.284750790233374573
489126.046837653033435345,-20773.739988992623693775,35796.134142860661086161,8032.562754549217061140
489502.677010034734848887,-21772.929074376523203682,35233.062209028175857384,7872.250124211786896922
489784.109490332659333944,-22508.878008778840012383,34794.934910934774961788,7748.573752090349444188
489958.044328694988507777,-22958.997299909293360543,34516.815410833696660120,7670.501733395343762822
490016.879738053306937218,-23110.422482755551754963,34421.478786949133791495,7643.812934893983765505
490075.715147411625366658,-23261.422092879940464627,34325.508300040331960190,7616.983367003340390511
490249.649985773954540491,-23705.305926206805452239,34038.101490065171674360,7536.848806596608483233
490531.082466071879025549,-24415.413532143742486369,33561.485228871177241672,7404.624739914797828533
490907.712638453580439091,-25349.575243246094032656,32901.559424737650260795,7222.802639776855357923
491363.079957113892305642,-26453.419865121417387854,32070.563417166653380264,6995.703271928025060333
491877.282685132464393973,-27664.744389888182922732,31089.719546628366515506,6729.997342806789674796
492427.847695876494981349,-28918.547667792350694072,29991.073563306774303783,6435.016965211616479792
492990.712656472460366786,-30152.138532942444726359,28817.901374925109848846,6122.722174327136599459
493541.277667216490954161,-31309.619072181456431281,27623.359532397422299255,5807.263213047073804773
494055.480395235063042492,-32345.088197121680423152,26467.440119180078909267,5504.169875091654830612
494510.847713895374909043,-33224.132278671771928202,25412.641438492755696643,5229.277440898600616492
494887.477886277076322585,-33923.524864667379006278,24518.989770651976868976,4997.543211116702877916
495168.910366575000807643,-34429.450563736543699633,23839.099891997124359477,4821.910116751227178611
495342.845204937329981476,-34734.887521363147243392,23413.862581067900464404,4712.341904110871837474
495401.680614295648410916,-34836.941688571932900231,23269.164656919609114993,4675.106613031544839032
495460.516023653966840357,-34938.354104307356465142,23124.038078018762462307,4637.785192703551729210
495634.450862016296014190,-35234.388170753947633784,22692.520152557008259464,4526.955021345362183638
495915.883342314220499247,-35701.345900799489754718,21986.601823391691141296,4346.092052283187513240
496292.513514695921912789,-36302.679187743800866883,21027.452040762007527519,4101.197344687490840442
496747.880833356233779341,-36993.088123490444559138,19846.655977650843851734,3800.988382360621471889
497262.083561374805867672,-37723.589310830335307401,18487.036488253921561409,3456.965829492735792883
497812.648572118836455047,-38446.880117682150739711,17002.484154010489874054,3083.235484464283217676
498375.513532714801840484,-39122.207294647458184045,15456.431427217386953998,2696.018491911425371654
498926.078543458832427859,-39718.968335458419460338,13918.932573936246626545,2312.860414098904584534
499440.281271477404516190,-40218.465825165498245042,12462.649642581418447662,1951.625850588738103397
499895.648590137716382742,-40613.577374514534312766,11158.287038620859675575,1629.414516292468761094
500272.278762519417796284,-40906.519359739606443327,10070.092289555184834171,1361.541987978809629567
500553.711242817342281342,-41105.265629695255483966,9251.942646553106897045,1160.695083999846247025
500727.646081179671455175,-41219.437511294141586404,8744.325996406674676109,1036.314774977465276606
500786.481490537989884615,-41256.555837070445704740,8572.296147212218784261,994.202962588969967328
500845.316899896308314055,-41292.913927569861698430,8400.108336168406822253,952.072828642863896675
501019.251738258637487888,-41395.946903193886100780,7890.177242071898945142,827.424073717629653402
501300.684218556561972946,-41548.530726071614481043,7062.435963891046412755,625.464663538223248906
501677.314390938263386488,-41725.309230094942904543,5950.104809226999350358,354.792628813840565272
502132.681709598575253040,-41896.959134434284351300,4599.311617171922989655,27.195979196185362525
502646.884437617147341371,-42035.185059808012738358,3067.964651555354066659,-342.744922866972046904
503197.449448361177928746,-42117.597012566569901537,1423.596859340155788232,-738.298105398585903458
503760.314408957143314183,-42131.597222799340670463,-259.861197929298214149,-1141.451696832358720712
504310.879419701173901558,-42076.550065824550983962,-1906.127674558600119781,-1533.937683603420737199
504825.082147719745989889,-41963.818952308873122092,-3440.940872682658664417,-1898.278812589982408099
505280.449466380057856441,-41814.665055619574559387,-4796.164709966098598670,-2218.717076705463114195
505657.079638761759269983,-41656.415336306345125195,-5913.122587532205216121,-2481.913234059393289499
505938.512119059683755040,-41517.621664639817026909,-6744.887461172816983890,-2677.370722420440870337
506112.446957422012928873,-41423.084817448012472596,-7257.546606598822108936,-2797.610780634611728601
506171.282366780331358314,-41389.595707541469892021,-7430.698838298027112614,-2838.182292819503345527
506230.117776138649787754,-41355.343778136033506598,-7603.714120556651323568,-2878.701492779844556935
506404.052614500978961587,-41249.630161352069990244,-8114.366693712821870577,-2998.175076477768016048
506685.485094798903446645,-41064.517129940759332385,-8937.815821586227684747,-3190.456099956485559233
507062.115267180604860187,-40789.709100175728963222,-10033.847887221774726640,-3445.658977688479353674
507517.482585840916726738,-40416.334140138547809329,-11348.817046518488496076,-3750.720699198733200319
508031.685313859488815069,-39941.104006879810185637,-12818.550132558732002508,-4090.202463241483201273
508582.250324603519402444,-39369.960850253082753625,-14372.160469008660584223,-4447.295640218493645079
509145.115285199484787881,-38720.389097502767981496,-15936.484788003428548109,-4804.942630682096933015
509695.680295943515375257,-38021.822466307632566895,-17440.639162064580887090,-5146.937397269255598076
510209.883023962087463588,-37313.957249714840145316,-18820.081228661401837599,-5458.854220052671735175
510665.250342622399330139,-36643.199928015317709651,-20019.629410982182889711,-5728.679083076960523613
511041.880515004100743681,-36057.823724875539483037,-20995.122719177095859777,-5947.082703287203912623
511323.312995302025228739,-35602.606443682067038026,-21713.738031526612758171,-6107.359034752196748741
511497.247833664354402572,-35313.747469864632876124,-22153.307554592429369222,-6205.131693413262837566
511556.083243022672832012,-35214.747855292713211384,-22301.192721703722781967,-6237.978928004115005024
511614.918652380991261452,-35115.099207878367451485,-22448.666861977944790851,-6270.711183656603679992
511788.853490743320435286,-34816.730657299536687788,-22882.214053099560260307,-6366.799180225891177543
512070.285971041244920343,-34322.103284078672004398,-23575.871299837301194202,-6520.093846207790193148
512446.916143422946333885,-33637.555285306669247802,-24488.559991293172060978,-6720.928764076161314733
512902.283462083258200437,-32776.022987730822933372,-25567.292123634884774219,-6956.957047483840142377
513416.486190101830288768,-31759.731083327926171478,-26751.410515360119461548,-7214.234836929201264866
513967.051200845860876143,-30622.051975384376419242,-27977.479429624559998047,-7478.439131421226193197
514529.916161441826261580,-29407.889754661380720790,-29184.254832285972952377,-7736.066870866765384562
515080.481172185856848955,-28172.262000267415714916,-30317.055089479828893673,-7975.444379508684505709
515594.683900204428937286,-26977.146645700580847915,-31330.894388360487937462,-8187.396301907909219153
516050.051218864740803838,-25887.020334445893240627,-32191.955264800744771492,-8365.483596483434666879
516426.681391246442217380,-24963.742312877460790332,-32877.321390552031516563,-8505.808480013816733845
516708.113871544366702437,-24261.488845596577448305,-33373.274045751015364658,-8606.476991661489591934
516882.048709906695876271,-23822.338414743564499076,-33672.766845247060700785,-8666.881611243428778835
516940.884119265014305711,-23672.918892356472497340,-33772.848523928019858431,-8686.998665699997218326
516999.719528623332735151,-23523.063115328804997262,-33872.307822162976663094,-8706.955620536478818394
517173.654366985661908984,-23077.520716501654533204,-34162.681553774040366989,-8765.014473450733930804
517455.086847283586394042,-22348.777312010315654334,-34620.842487091656948905,-8855.961535122085479088
517831.717019665287807584,-21358.839817328167555388,-35211.109312167849566322,-8971.823306866877828725
518287.084338325599674135,-20140.481756563087401446,-35889.229471230406488758,-9102.851375804937561043
518801.287066344171762466,-18738.053227012766001280,-36607.307966630898590665,-9238.722501042953808792
519351.852077088202349842,-17207.269268217285571154,-37319.028828480739321094,-9369.782545378737268038
519914.717037684167735279,-15613.607489233625528868,-37984.400622968554671388,-9488.140881131592323072
520465.282048428198322654,-14029.281194695060548838,-38573.275391725350345951,-9588.434802044197567739
520979.484776446770410985,-12529.100970781197247561,-39067.075659316025848966,-9668.136683877746690996
521434.852095107082277536,-11185.784331689377722796,-39458.496203044422145467,-9727.362410560614080168
521811.482267488783691078,-10065.347031065051851328,-39749.351270511040638667,-9768.238145405237446539
522092.914747786708176136,-9223.106127428611216601,-39947.110801260678272229,-9793.969093153456924483
522266.849586149037349969,-8700.605986845468578395,-40060.918233816038991790,-9807.807873782890965231
522325.684995507355779409,-8523.543158007923921105,-40097.955752358473546337,-9812.131631616401136853
522384.520404865732416511,-8346.323293598390591796,-40134.254516460518061649,-9816.274599813750683097
522558.455243228061590344,-7821.522280045341176447,-40237.237778590984817129,-9827.464465279106661910
522839.887723525986075401,-6969.745967682007176336,-40390.139207157182681840,-9842.217637935234961333
523216.517895907745696604,-5825.313642106506449636,-40568.113063059041451197,-9855.468829308261774713
523671.885214567999355495,-4435.837951831075770315,-40742.386037092532205861,-9861.553711606578872306
524186.087942586629651487,-2861.031479203629714902,-40885.122823900419462007,-9855.342534119230549550
524736.652953330660238862,-1170.456950593295914587,-40974.182128206877678167,-9833.320447563772177091
525299.517913926625624299,559.816535892408865038,-40996.913954689480306115,-9794.410392159883485874
525850.082924670656211674,2251.387010684680717532,-40952.290669195608643349,-9740.376032287425914546
526364.285652689170092344,3828.012109014649468008,-40850.964986891391163226,-9675.720481433843815466
526819.652971349540166557,5219.813230725449102465,-40713.247324709802342113,-9607.094574468963401159
527196.283143731183372438,6366.674867436733620707,-40565.396522939925489482,-9542.322202662409836194
527477.715624029166065156,7220.564616495255904738,-40434.924581800492887851,-9489.217394760165916523
527651.650462391553446651,7746.798993940443324391,-40345.765089473883563187,-9454.395806099284527590
527710.485871749813668430,7924.525663435320893768,-40314.135262198418786284,-9442.272256873238802655
527769.321281107957474887,8102.106383837272005621,-40281.762953696706972551,-9429.974792690369213233
527943.256119470344856381,8626.202327423241513316,-40181.724686002758971881,-9392.605016025892837206
528224.688599768327549100,9471.229874387827294413,-40006.168338808049156796,-9328.939870154023083160
528601.318772149970754981,10595.790674904805200640,-39744.866801929711073171,-9237.593383956878824392
529056.686090810224413872,11944.692338590022700373,-39388.905782224661379587,-9117.847274679170368472
529570.888818828854709864,13451.962414076064305846,-38934.744481718684255611,-8970.545307870201213518
530121.453829572885297239,15044.792436348718183581,-38387.781487729451328050,-8798.845425826792052248
530684.318790168850682676,16648.112629634772019926,-37764.625682233418046962,-8608.645853467813140014
531234.883800912881270051,18189.275515518595057074,-37093.515521499379246961,-8408.565364453072106699
531749.086528931395150721,19602.217904541153984610,-36412.700174226010858547,-8209.449244190534955123
532204.453847591765224934,20830.538884837624209467,-35767.001597346788912546,-8023.467787914854852716
532581.084019973408430815,21829.172982155789213721,-35203.114603287125646602,-7862.948848464122420410
532862.516500271391123533,22564.681211767230706755,-34764.395777466757863294,-7739.123512977563223103
533036.451338633778505027,23014.517317867350357119,-34485.918586565232544672,-7660.961745546086604008
533095.286747992038726807,23165.844874059992434923,-34390.462376588133338373,-7634.242998523059213767
533154.122157350298948586,23316.745939250198716763,-34294.373026618261064868,-7607.383692069564858684
533328.056995712686330080,23760.333133791202271823,-34006.619118964990775567,-7527.162459043207491050
533609.489476010669022799,24469.944295647648687009,-33529.455217149799864274,-7394.802173554784531007
533986.119648392312228680,25403.410873481167072896,-32868.824694516828458291,-7212.805808788751164684
534441.486967052565887570,26506.370362908673996571,-32037.021931567920546513,-6985.508519661267200718
534955.689695071196183562,27716.640533249919826631,-31055.330003297647635918,-6719.596640887790272245
535506.254705815226770937,28969.255899137911910657,-29955.854073078131477814,-6424.417260233432898531
536069.119666411192156374,30201.575873047208006028,-28781.921080854481260758,-6111.942904587256634841
536619.684677155222743750,31357.765021706094557885,-27586.724531478939752560,-5796.332421398841688642
537133.887405173736624420,32391.991222243850643281,-26430.276335969327192288,-5493.119653094447130570
537589.254723834106698632,33269.909775517044181470,-25375.077799016369681340,-5218.139584126769477734
537965.884896215749904513,33968.356960696262831334,-24481.144871152697305661,-4986.345891389184544096
538247.317376513732597232,34473.569209482149744872,-23801.074406562598596793,-4810.676110962991515407
538421.252214876119978726,34778.562732456579396967,-23375.738229250760923605,-4701.088549487529235194
538480.087624234380200505,34880.466524669413047377,-23231.009073649409401696,-4663.847289066357916454
538538.923033592640422285,34981.728389626754506025,-23085.852383112644020002,-4626.520190539686154807
538712.857871955027803779,35277.316445954762457404,-22654.251997689359996002,-4515.674935897728573764
538994.290352253010496497,35743.550054107945470605,-21948.221054036279383581,-4334.792953242114890600
539370.920524634653702378,36343.911098905991821084,-20988.960905970183375757,-4089.883217779952246929
539826.287843294907361269,37033.142923529878316913,-19808.093133038950327318,-3789.671954675843153382
540340.490571313537657261,37762.317935051549284253,-18448.473705940989020746,-3445.667527746907580877
540891.055582057568244636,38484.199129340391664300,-16964.016027411555114668,-3071.980641762525920058
541453.920542653533630073,39158.103936345003603492,-15418.159841768552723806,-2684.833296650820557261
542004.485553397564217448,39753.499542568497417960,-13880.948907090460124891,-2301.767380995475832606
542518.688281416078098118,40251.751278995689062867,-12425.018167108406487387,-1940.639696480971906567
542974.055600076448172331,40645.788085444284661207,-11121.032654986825946253,-1618.539208719539601589
543350.685772458091378212,40937.864211465152038727,-10033.194645774659875315,-1350.769448276409093523
543632.118252756074070930,41135.978446366883872543,-9215.337308602516714018,-1150.005672741364833200
543806.053091118461452425,41249.766527236824913416,-8707.912054752574476879,-1025.679376280782889808
543864.888500476721674204,41286.756250660117075313,-8535.948775104006926995,-983.586281938976753736
543923.723909834981895983,41322.986369137397559825,-8363.828448751468386035,-941.475089965188089991
544097.658748197369277477,41425.644778889523877297,-7854.102158790912653785,-816.883628363288153196
544379.091228495351970196,41577.634824341781495605,-7026.708735813845123630,-615.020939436657499755
544755.721400876995176077,41753.643641417300386820,-5914.873990924555982929,-344.485852671703469241
545211.088719537248834968,41924.403407291196344886,-4564.726108839262451511,-17.065700838025804842
545725.291447555879130960,42061.680915801589435432,-3034.163677033495332580,352.662462961478013312
546275.856458299909718335,42143.148381099577818532,-1390.696593255262996536,747.973365258741978323
546838.721418895875103772,42156.263354001326661091,291.781762666541908402,1150.865322641413513338
547389.286429639905691147,42100.432841679423290771,1937.038683736238454003,1543.083377128317806637
547903.489157658419571817,41987.046809500076051336,3470.868971166673873086,1907.165000128410611069
548358.856476318789646029,41837.376683221657003742,4825.194555719855998177,2227.367104294793534791
548735.486648700432851911,41678.746236105209391098,5941.392639960635278840,2490.364152273712534225
549016.919128998415544629,41539.695798790191474836,6772.581234525430772919,2685.670978382197063183
549190.853967360802926123,41445.012225922131619882,7284.881032567478541750,2805.817232599216367817
549249.689376719063147902,41411.475562764091591816,7457.911209487712767441,2846.356907556237274548
549308.524786077323369682,41377.177133221084659453,7630.804197718513023574,2886.844219731221528491
549482.459624439710751176,41271.332219815019925591,8141.093918137376022059,3006.223258663256274303
549763.892104737693443894,41086.026343151017499622,8963.952241735656571109,3198.350549848688388010
550140.522277119336649776,40810.998281797183153685,10059.187976026099931914,3453.346591981066012522
550595.889595779590308666,40437.415603145513159689,11373.188648473595094401,3758.157287686768540880
551110.092323798220604658,39962.027603410206211265,12841.825424704824399669,4097.355503545313695213
551660.657334542251192033,39390.805089018795115408,14394.265074197326612193,4454.146500792990991613
552223.522295138216577470,38741.246940404664201196,15957.403063731391739566,4811.487792122581595322
552774.087305882247164845,38042.784579895458591636,17460.414330613923084456,5153.188371742548042675
553288.290033900761045516,37335.096018053613079246,18838.810217240017664153,5464.836166796212637564
553743.657352561131119728,36664.557236297077906784,20037.453576701816928107,5734.428430719006428262
554120.287524942774325609,36079.404522777091187891,21012.216539600987744052,5952.644297224873298546
554401.720005240757018328,35624.378770886010897812,21730.298020408146840055,6112.783357676406012615
554575.654843603144399822,35335.648407333552313503,22169.543101173483591992,6210.472562058243056526
554634.490252961404621601,35236.694038735899084713,22317.319510992856521625,6243.291815944594418397
554693.325662319664843380,35137.091509632904489990,22464.685405424686905462,6275.996219221935461974
554867.260500682052224874,34838.864349904142727610,22897.915647313355293591,6372.002641599883645540
555148.692980980034917593,34344.481455472901870962,23591.070102184436109383,6525.167824478729016846
555525.323153361678123474,33660.290071276620437857,24503.106460677816357929,6725.834560181272536283
555980.690472021931782365,32799.231930873960664030,25581.083454266547050793,6961.667789201044797665
556494.893200040562078357,31783.528622522622754332,26764.396584191716101486,7218.736958195248007542
557045.458210784592665732,30646.537467445850779768,27989.663095159812655766,7482.732447304322704440
557608.323171380558051169,29433.134478321902861353,29195.686266591197636444,7740.163194718097656732
558158.888182124588638544,28198.297937674120476004,30327.821029407328751404,7979.364918646428122884
558673.090910143102519214,27003.959351905294170137,31341.104361229001369793,8191.168339543302863603
559128.458228803472593427,25914.547086064376344439,32201.727539873107161839,8369.137118007314711576
559505.088401185115799308,24991.875416915536334272,32886.771366074572142679,8509.373376302912220126
559786.520881483098492026,24290.082974206794460770,33382.507031045279290993,8609.981284780278656399
559960.455719845485873520,23851.220418020289798733,33681.876018431859847624,8670.350869629091903334
560019.291129203746095300,23701.898733714850095566,33781.917605311791703571,8690.456493002257047920
560078.126538562006317079,23552.141014106477086898,33881.337718406757630873,8710.402229296912992140
560252.061376924393698573,23106.889703568907862063,34171.600921191340603400,8768.429161368399945786
560533.493857222376391292,22378.620639943423157092,34629.599892651727714110,8859.328519567319744965
560910.124029604019597173,21389.322994165959244128,35219.682742695855267812,8975.134090927600482246
561365.491348264273256063,20171.743364230635052081,35897.630695906067558099,9106.105873844757297775
561879.694076282903552055,18770.195553220713918563,36615.580774854002811480,9241.928701625260146102
562430.259087026934139431,17240.350499647574906703,37327.241290418030985165,9372.954763024401472649
562993.124047622899524868,15647.637322949150984641,37992.632773620141961146,9491.296943375895352801
563543.689058366930112243,14064.221102237606828567,38581.604770803423889447,9591.592750402804085752
564057.891786385443992913,12564.869192556383495685,39075.563595605148293544,9671.311656877103814622
564513.259105045814067125,11222.264432711432164069,39467.177445562389038969,9730.564292536288121482
564889.889277427457273006,10102.398003172966127750,39758.228660613829561044,9771.470342318523762515
565171.321757725439965725,9260.571885516772454139,39956.155500049651891459,9797.228523724781553028
565345.256596087827347219,8738.322682430873101112,40070.074965353189327288,9811.086032942268502666
565404.092005446087568998,8561.343761034913768526,40107.151845635475183371,9815.416447085641266312
565462.927414804347790778,8384.207300248461251613,40143.490704350442683790,9819.566231916593096685
565636.862253166735172272,7859.649842986276780721,40246.596736404499097262,9830.777174844821274746
565918.294733464717864990,7008.257740960827504750,40399.709955110949522350,9845.567311993210751098
566294.924905846361070871,5864.319445242545043584,40577.991777147319226060,9858.873280098414397798
566750.292224506614729762,4475.408216608127986547,40752.672698408285214100,9865.032027724726503948
567264.494952525245025754,2901.192842258511518594,40895.913766546793340240,9858.913510050497279735
567815.059963269275613129,1211.193035470692848321,40985.559769280524051283,9837.000397150655771839
568377.924923865240998566,-518.558926045523548964,41008.935885982180479914,9798.210846366117038997
568928.489934609271585941,-2209.687223597989941482,40964.980541602417360991,9744.301861265255865874
569442.692662627785466611,-3785.962529984863067511,40864.307120550365652889,9679.768848667376005324
569898.059981288155540824,-5177.506380741113389377,40727.185924951976630837,9611.254879293428530218
570274.690153669798746705,-6324.193270071969891433,40579.839193068502936512,9546.576898476039787056
570556.122633967781439424,-7177.975221900829637889,40449.748952088819351047,9493.543386598921642872
570730.057472330168820918,-7704.152793961206043605,40360.827097400149796158,9458.766089802393253194
570788.892881688429042697,-7881.861952220882812981,40329.277908273332286626,9446.657551814718317473
570847.728291046689264476,-8059.426024249733018223,40296.986353590618818998,9434.375110530858364655
571021.663129409076645970,-8583.477803945053892676,40197.187418243731372058,9397.049796587361925049
571303.095609707059338689,-9428.449921716448443476,40022.019792655366472900,9333.456654916732077254
571679.725782088702544570,-10552.967600675743597094,39761.239981173421256244,9242.206342536355805350
572135.093100748956203461,-11901.864582059417443816,39405.909338285331614316,9122.575603511282679392
572649.295828767586499453,-13409.191507881951110903,38952.454973305226303637,8975.401733093411166919
573199.860839511617086828,-15002.154632032361405436,38406.237444375292398036,8803.835157265519228531
573762.725800107582472265,-16605.686641125452297274,37783.825059022405184805,8613.766318856021825923
574313.290810851613059640,-18147.128779568221943919,37113.417477883049286902,8413.806888050614361418
574827.493538870126940310,-19560.394117489900963847,36433.230992953409440815,8214.796575005380873336
575282.860857530497014523,-20789.049207854528503958,35788.063408370711840689,8028.902131388411362423
575659.491029912140220404,-21787.992360250536876265,35224.594849348650313914,7868.449912664578732802
575940.923510210122913122,-22523.750091851667093579,34786.175328520708717406,7744.671100199902866734
576114.858348572510294616,-22973.748073970411496703,34507.877060846774838865,7666.536589030856703175
576173.693757930770516396,-23125.131684207219223026,34412.480290728795807809,7639.826795639306510566
576232.529167289147153497,-23276.089450769686663989,34316.449823160714004189,7612.976306238688266603
576406.464005651534534991,-23719.848005089072103146,34028.866671596246305853,7532.780328519420436351
576687.896485949517227709,-24429.747955542618001346,33551.968241563125047833,7400.458277236099092988
577064.526658331160433590,-25363.622332046368683223,32891.671111986099276692,7218.507801187119184760
577519.893976991414092481,-26467.105409922638500575,32060.236134475155267864,6991.257555264874099521
578034.096705010044388473,-27678.003543469683791045,31078.910288119746837765,6725.387156388384028105
578584.661715754074975848,-28931.329610056804085616,29979.765108084364328533,6430.237871378554700641
579147.526676350040361285,-30164.411291429401899222,28806.101418238191399723,6117.778366946742607979
579698.091687094070948660,-31321.373745316268468741,27611.098041467426810414,5802.166349891467689304
580212.294415112584829330,-32356.341856030376220588,26454.765412415436003357,5498.937482344113959698
580667.661733772954903543,-33234.929001558200980071,25399.615659533126745373,5223.931165041762142209
581044.291906154598109424,-33933.934631545191223267,24505.684461846074555069,4992.107194815656839637
581325.724386452580802143,-34439.566033559014613274,23825.592250298766884953,4816.409717637590802042
581499.659224814968183637,-34744.818964588783273939,23400.232731112337205559,4706.802871593634336023
581558.494634173228405416,-34846.810519118887896184,23255.493964192282874137,4669.554713852103304816
581617.330043531488627195,-34948.160140260508342180,23110.326794278633315116,4632.220529128371708794
581791.264881893876008689,-35244.007514693694247399,22678.690349296957720071,4521.353222772169829113
582072.697362191858701408,-35710.659901552287919912,21972.584974326484370977,4340.432080666458205087
582449.327534573501907289,-36311.578435948504193220,21013.194130378135014325,4095.463258937856153352
582904.694853233755566180,-37001.476964136505557690,19832.120996423356700689,3795.170473588554159505
583418.897581252385862172,-37731.390689992265834007,18472.207929761440027505,3451.060989492962107761
583969.462591996416449547,-38454.040335760837479029,16987.364393440366256982,3077.246779227320075734
584532.327552592381834984,-39128.700085230557306204,15441.039171506941784173,2689.954035474143893225
585082.892563336412422359,-39724.797674524983449373,13903.298878680274356157,2306.731753384152398212
585597.095291354926303029,-40223.667007632939203177,12446.813220856070984155,1945.446153377804876072
586052.462610015296377242,-40618.216128374137042556,11142.289682655886281282,1623.196881097199366195
586429.092782396939583123,-40910.689033776441647206,10053.975158509158063680,1355.298158267902181251
586710.525262694922275841,-41109.082711891773215029,9235.743953696743119508,1154.434757461345725460
586884.460101057309657335,-41223.035864483368641231,8728.080307980824727565,1030.045572201179311378
586943.295510415569879115,-41260.080069606810866389,8556.035153768665622920,987.930985788330872310
587002.130919773830100894,-41296.363974415908160154,8383.832337327708955854,945.798193398088187678
587176.065758136217482388,-41399.177268120089138392,7873.858637693279888481,821.142255705122806830
587457.498238434200175107,-41551.404550044193456415,7046.053991102555301040,619.173366867977165384
587834.128410815843380988,-41727.704036690505745355,5933.648843363800551742,348.492798193165072007
588289.495729476097039878,-41898.772395839310775045,4582.782787063100840896,20.892183896427013678
588803.698457494727335870,-42036.339259130392747466,3051.375478042231407017,-349.044829896611190634
589354.263468238757923245,-42118.043760461448982824,1406.968959499092306942,-744.584019382444239454
589917.128428834723308682,-42131.319971345896192361,-276.500953795446548611,-1147.712819575059256749
590467.693439578753896058,-42075.565073986370407511,-1922.751878168492112309,-1540.164340038510999875
590981.896167597267776728,-41962.174370919186912943,-3457.526324165111873299,-1904.464203049854404526
591437.263486257637850940,-41812.438255003020458389,-4812.696349882578942925,-2224.858651156497217016
591813.893658639281056821,-41653.708814609744877089,-5929.595928077644202858,-2488.013443230611301260
592095.326138937263749540,-41514.557990153385617305,-6761.309114153555128723,-2683.437012419879465597
592269.260977299651131034,-41419.801046298300207127,-7273.932850964425597340,-2803.654827329988620477
592328.096386657911352813,-41386.237604096830182243,-7447.072507593955378979,-2844.218594913418201031
592386.931796016171574593,-41351.911404248188773636,-7620.074913006566930562,-2884.729939010798261734
592560.866634378558956087,-41245.978597040499153081,-8130.687655926507432014,-3004.179649211571813794
592842.299114676541648805,-41060.512168534427473787,-8954.066771928977686912,-3196.419997587905527325
593218.929287058184854686,-40785.233868517076189164,-10049.994426823977846652,-3451.564509384672419401
593674.296605718438513577,-40411.294869676559756044,-11364.821071021084208041,-3756.549711053598002763
594188.499333737068809569,-39935.434539359390328173,-12834.371997801412362605,-4095.937336766499356600
594739.064344481099396944,-39363.625489130477944855,-14387.762611171987373382,-4452.920772271336318227
595301.929305077064782381,-38713.383542073752323631,-15951.836273615073878318,-4810.446186418750585290
595852.494315821095369756,-38014.172784815869817976,-17455.720415679563302547,-5152.313050852728338214
596366.697043839609250426,-37305.717111836514959577,-18834.888109694060403854,-5464.102579634509311290
596822.064362499979324639,-36634.446552608955244068,-20034.175898811605293304,-5733.808539260749967070
597198.694534881622530520,-36048.653132977291534189,-21009.441691653628367931,-5952.109530753794388147
597480.127015179605223238,-35593.128596043541620020,-21727.879926964465994388,-6112.306691366586164804
597654.061853541992604733,-35304.081718131063098554,-22167.337023865722585469,-6210.029374338675552281
597712.897262900252826512,-35205.018893821434176061,-22315.183649185055401176,-6242.859525119351019384
597771.732672258513048291,-35105.307216000663174782,-22462.618989814363885671,-6275.574607005361031042
597945.667510620900429785,-34806.753388869263289962,-22896.049976765469182283,-6371.611309855496074306
598227.099990918883122504,-34311.829649090919701848,-23589.514489441469777375,-6524.821342734288919019
598603.730163300526328385,-33626.891835424270539079,-24501.936266156204510480,-6725.539886640519398497
599059.097481960779987276,-32764.899012216519622598,-25580.332213451445568353,-6961.422825188044953393
599573.300209979410283267,-31748.101870747435896192,-26764.053699702315498143,-7218.530572647829103516
600123.865220723440870643,-30609.899964630756585393,-27989.677930026606190950,-7482.546103982156637358
600686.730181319406256080,-29395.223546716537384782,-29195.978374395810533315,-7739.974014966417598771
601237.295192063436843455,-28159.113495759818761144,-30328.294921299733687192,-7979.149684824184078025
601751.497920081950724125,-26963.566847199726908002,-31341.666064912744332105,-8190.907693265606212663
602206.865238742320798337,-25873.074533119950501714,-32202.299676097289193422,-8368.819126924634474562
602583.495411123964004219,-24949.505410353805928025,-32887.303768431593198329,-8508.995767340897145914
602864.927891421946696937,-24247.041428613629250322,-33382.980963893525768071,-8609.551928943565144436
603038.862729784334078431,-23807.763933489717601333,-33682.301466704637277871,-8669.886461205565865384
603097.698139142594300210,-23658.301960564487671945,-33782.324515258951578289,-8689.979697760300041409
603156.533548500854521990,-23508.404002410279645119,-33881.725008804234676063,-8709.912779771682835417
603330.468386863241903484,-23062.738486720169021282,-34171.923886049655266106,-8767.900740635715919780
603611.900867161224596202,-22333.800926815638376866,-34629.798759948113001883,-8858.732117256400670158
603988.531039542867802083,-21343.613496912563277874,-35219.676878470112569630,-8974.437253646337921964
604443.898358203121460974,-20124.968623472297622357,-35897.318461614311672747,-9105.273317644274357008
604958.101086221751756966,-18722.236826707528962288,-36614.845847401418723166,-9240.924428767077188240
605508.666096965782344341,-17191.152844753036333714,-37325.964895098120905459,-9371.745474939601990627
606071.531057561747729778,-15597.211226318882836495,-37990.709878279478289187,-9489.856204187748517143
606622.096068305778317153,-14012.637955320918990765,-38578.961241672397591174,-9589.905130110524623888
607136.298796324292197824,-12512.251310655767156277,-39072.170980744180269539,-9669.376049472386512207
607591.666114984662272036,-11168.771659633064700756,-39463.062558304634876549,-9728.395775610832060920
607968.296287366305477917,-10048.213713646786345635,-39753.476294393069110811,-9769.100258827635116177
608249.728767664288170636,-9205.891099153006507549,-39950.903997126035392284,-9794.702809514219552511
608423.663606026675552130,-8683.344085150318278465,-40064.505541593069210649,-9808.462078613130870508
608482.499015384935773909,-8506.266029646423703525,-40101.473284017207333818,-9812.758916353002859978
608541.334424743195995688,-8329.031256903697794769,-40137.702207313646795228,-9816.874952927872072905
608715.269263105583377182,-7804.188034146827703808,-40240.478633556311251596,-9827.985137943709560204
608996.701743403566069901,-6952.349340591383224819,-40393.044306183961452916,-9842.609213492534763645
609373.331915785209275782,-5807.845010946308320854,-40570.566946427716175094,-9855.687391623177973088
609828.699234445462934673,-4418.299879091595357750,-40744.291939892718801275,-9861.562884543676773319
610342.901962464093230665,-2843.438261188370233867,-40886.407457173248985782,-9855.115265707780054072
610893.466973208123818040,-1152.832129496884590480,-40974.799588708643568680,-9832.840383508333616192
611456.331933804089203477,577.444279618757718708,-40996.848328349820803851,-9793.672691363175545121
612006.896944548119790852,2268.988865668150538113,-40951.556994103651959449,-9739.387527705377578968
612521.099672566633671522,3845.564147275137656834,-40849.608442702156025916,-9674.499171960665989900
612976.466991227003745735,5237.300535312118881848,-40711.340754893899429590,-9605.668524058626644546
613353.097163608646951616,6384.094051409709209111,-40563.036601207859348506,-9540.727993416458048159
613634.529643906629644334,7237.924313705610984471,-40432.227045848907437176,-9487.498310210914496565
613808.464482269017025828,7764.118267200152331498,-40342.859457413956988603,-9452.599903648984764004
613867.299891627277247608,7941.830631578421161976,-40311.159343767096288502,-9440.450434790076542413
613926.135300985537469387,8119.396728179846832063,-40278.716803844115929678,-9428.127084563388052629
614100.070139347924850881,8643.447578475774207618,-40178.471245181310223415,-9390.680982142297580140
614381.502619645907543600,9488.396287760660925414,-40002.580620463850209489,-9326.893000535394094186
614758.132792027550749481,10612.840272886642196681,-39740.834128107788274065,-9235.383487876522849547
615213.500110687804408371,11961.583529503048339393,-39384.339234653540188447,-9115.442510661687265383
615727.702838706434704363,13468.652345829606929328,-38929.581177462969208136,-8967.923700535688112723
616278.267849450465291739,15061.240867497363069560,-38381.987310400843853131,-8795.995739208785380470
616841.132810046430677176,16664.286758577414730098,-37758.196215234376722947,-8605.567747715063887881
617391.697820790461264551,18205.154971228876092937,-37086.475133431289577857,-8405.268849465432140278
617905.900548808975145221,19617.799024442174413707,-36405.099455351155484095,-8205.953540316917496966
618361.267867469345219433,20845.837502112575748470,-35758.913568393938476220,-8019.799784061982791172
618737.898039850988425314,21844.225185605660954025,-35194.630246779095614329,-7859.141386668914492475
619019.330520148971118033,22579.541864073333272245,-34755.619435338914627209,-7735.213713151071715401
619193.265358511358499527,23029.256450810433307197,-34476.963629527861485258,-7656.989518478705576854
619252.100767869618721306,23180.542364119515696075,-34381.447325995686696842,-7630.249798969703988405
619310.936177227878943086,23331.401515922938415315,-34285.298048564727650955,-7603.369593579223874258
619484.871015590266324580,23774.863227718473353889,-33997.367959596012951806,-7523.087010945968359010
619766.303495888249017298,24484.266413179655501153,-33519.922157577035250142,-7390.628853416612400906
620142.933668269892223179,25417.445244533439108636,-32858.920686390978517011,-7208.504268952139682369
620598.300986930145882070,26520.042720218618342187,-32026.679434410092653707,-6981.056298635394341545
621112.503714948776178062,27729.886008196939656045,-31044.506104288419010118,-6714.980182124960265355
621663.068725692806765437,28982.023685585205384996,-29944.531625104864360765,-6419.632152696798584657
622225.933686288772150874,30213.834042428490647580,-28770.107825292070629075,-6106.993357463932625251
622776.498697032802738249,31369.504737594594189432,-27574.450447339360835031,-5791.230094330810970860
623290.701425051316618919,32403.229631495159992483,-26417.589715492707910016,-5487.882059771294734674
623746.068743711686693132,33280.691032319758960512,-25362.040721757133724168,-5212.788344507996953325
624122.698916093329899013,33978.751113149766752031,-24467.828780918178381398,-4980.905109112110949354
624404.131396391312591732,34483.668972395324090030,-23787.556373431143583730,-4805.171094489127426641
624578.066234753699973226,34788.478419502462202217,-23362.098230204806895927,-4695.544991711230977671
624636.901644111960195005,34890.319583741387759801,-23217.328314006008440629,-4658.290895814094255911
624695.737053470220416784,34991.518639502777659800,-23072.131114720046753064,-4620.951064091485022800
624869.671891832607798278,35286.919964712775254156,-22640.412453449942404404,-4510.068766746629989939
625151.104372130590490997,35752.848179292130225804,-21934.194859482959145680,-4329.128760475159651833
625527.734544512233696878,36352.794429037916415837,-20974.694180816091829911,-4084.145110704430408077
625983.101863172487355769,37041.515832858356588986,-19793.549979006551438943,-3783.850265308941743569
626497.304591191117651761,37770.103417951810115483,-18433.637697034195298329,-3439.759176825598842697
627047.869601935148239136,38491.343546964890265372,-16948.889582941919798031,-3065.988710481633461313
627610.734562531113624573,39164.581085725418233778,-15402.761673938162857667,-2678.765899778536550002
628161.299573275144211948,39759.313454972310864832,-13865.310038677096599713,-2295.636052251520595746
628675.502301293658092618,40256.937286152700835373,-12409.177244399354094639,-1934.457578210352949100
629130.869619954028166831,40650.411926358901837375,-11105.031376124970847741,-1612.319364284358016448
629507.499792335671372712,40942.019216874577978160,-10017.074056121200555936,-1344.523579092190630035
629788.932272633654065430,41139.781058141343237367,-9199.135495100781554356,-1143.743430127466126578
629962.867110996041446924,41253.350539018945710268,-8691.663450482912594453,-1019.408332136303215520
630021.702520354301668704,41290.266186535060114693,-8519.684934363031061366,-977.312488763698638650
630080.537929712561890483,41326.422164622104901355,-8347.549670784763293341,-935.198663196719280677
630254.472768074949271977,41428.861029581334150862,-7837.780974581866757944,-810.600091449410683708
630535.905248372931964695,41580.494765897914476227,-7010.324498351692454889,-608.728038621909945505
630912.535420754575170577,41756.024894434427551460,-5898.416167314193444327,-338.184565950727119343
631367.902739414828829467,41926.203539806469052564,-4548.195888981252210215,-10.760619553580909269
631882.105467433459125459,42062.822499107736803126,-3017.573608648992376402,358.963476180488214595
632432.670478177489712834,42143.583098132708983030,-1374.068286462716059759,754.260208141447947128
632995.535438773455098271,42155.974704583546554204,308.421474077709717676,1157.127210065646067960
633546.100449517485685647,42099.437100726900098380,1953.662449954979820177,1549.310654931625322206
634060.303177535999566317,41985.392107921674323734,3487.453663380787475035,1913.350894062703446252
634515.670496196369640529,41835.140334949734096881,4841.725188756332499906,2233.509090964838833315
634892.300668578012846410,41676.030649524203909095,5957.864795941830379888,2496.464707662507862551
635173.733148875995539129,41536.623424725046788808,6789.001586414844496176,2691.737570928915374679
635347.667987238382920623,41441.719982608185091522,7301.265910829388303682,2811.861557282198191388
635406.503396596643142402,41408.109064334443246480,7474.283491907146526501,2852.393479751317499904
635465.338805954903364182,41373.736441645967715885,7647.163583134853979573,2892.872928389999287901
635639.273644317290745676,41267.672566972752974834,8157.413417338015278801,3012.228072386769781588
635920.706124615273438394,41082.013665732309164014,8980.201649941125651821,3204.314657732098567067
636297.336296996916644275,40806.515835083868296351,10075.332889834040543064,3459.252300431671756087
636752.703615657170303166,40432.369725051416025963,11389.190980075480183586,3763.986447451123240171
637266.906343675800599158,39956.352213509460852947,12857.645565970422467217,4103.090507641620206414
637817.471354419831186533,39384.464534401507989969,14409.865511335054179654,4459.771762556349131046
638380.336315015796571970,38734.236926932433561888,15972.752918726386269554,4816.991495247650163947
638930.901325759827159345,38035.131145822895632591,17475.494079174095531926,5158.564207700033875881
639445.104053778341040015,37326.852770257355587091,18853.615756333427270874,5470.084756726817431627
639900.471372438711114228,36655.801304279906617012,20051.998902925843140110,5739.558171636843326269
640277.101544820354320109,36070.231819010419712868,21026.534524242946645245,5957.671462538604828296
640558.534025118337012827,35614.899135282343195286,21744.439071963628521189,6117.731396466213482199
640732.468863480724394321,35325.981063969979004469,22183.571821408433606848,6215.370654484442638932
640791.304272838984616101,35226.963551356479001697,22331.309722516540205106,6248.172834806940954877
640850.139682197244837880,35127.298057212166895624,22478.636850886134197935,6280.860074727457686095
641024.074520559632219374,34828.885812044980411883,22911.750990776432445273,6376.815235106110776542
641305.507000857614912093,34334.206853341216628905,23604.712885894434293732,6529.895839131855609594
641682.137173239258117974,33649.626044634635036346,24516.482579711446305737,6730.446278932689892827
642137.504491899511776865,32788.107827598134463187,25594.123715055728098378,6966.134265382494049845
642651.707219918142072856,31771.899756941849773284,26777.040338676044484600,7223.033517575775476871
643202.272230662172660232,30634.386271566057985183,28001.862625620880862698,7486.840387945248949109
643765.137191258138045669,29420.469517799931054469,29207.411340216727694497,7744.071464403019490419
644315.702202002168633044,28185.151056639755552169,30339.062910126143833622,7983.071512018515932141
644829.904930020682513714,26990.381484352888946887,31351.878590503329178318,8194.681177046335506020
645285.272248681052587926,25900.603451689610665198,32212.074964110361179337,8372.474238831619004486
645661.902421062695793808,24977.640850202085857745,32896.757145788142224774,8512.562375762452575145
645943.334901360678486526,24275.638003455380385276,33392.217645666649332270,8613.058026339753268985
646117.269739723065868020,23836.648444446174835321,33691.414519932674011216,8673.357581227330229012
646176.105149081326089799,23687.284329206471738871,33791.397539003781275824,8693.439406162196974037
646234.940558439586311579,23537.484447477290814277,33890.758909831551136449,8713.361289123608003138
646408.875396801973693073,23092.110072765404765960,34180.847443349688546732,8771.317386917431576876
646690.307877099956385791,22363.646927861867879983,34638.560656401823507622,8862.101153928331768839
647066.938049481599591672,21374.099424519947206136,35228.255204801011132076,8977.750216007010749308
647522.305368141853250563,20156.233042816071247216,35905.725073067966150120,9108.530146550398058025
648036.508096160483546555,18754.381990075482462998,36623.124595889385091141,9244.133131767866871087
648587.073106904514133930,17224.236890179476176854,37334.183885161328362301,9374.920376657169981627
649149.938067500479519367,15631.243797214141523000,37998.949148824933217838,9493.015132716518564848
649700.503078244510106742,14047.580474142356251832,38587.298306350159691647,9593.066118273021857021
650214.705806263023987412,12548.021982109545206185,39080.667115790332900360,9672.554219038003793685
650670.073124923394061625,11205.254032928867673036,39471.752439274016069248,9731.600987934751174180
651046.703297305037267506,10085.266787818072771188,39762.362674615607829764,9772.335892685059661744
651328.135777603019960225,9243.358818708358739968,39959.957940994790988043,9797.965754063301574206
651502.070615965407341719,8721.062649745865201112,40073.671672218159073964,9811.743798172519746004
651560.906025323667563498,8544.068469461308268365,40110.678827837167773396,9816.047307712971814908
651619.741434681927785277,8366.917067647467774805,40146.947896870464319363,9820.170176302814070368
651793.676273044315166771,7842.317301795839739498,40249.847242206713417545,9831.301483602936059469
652075.108753342297859490,6990.862649310402048286,40402.624939903762424365,9845.962594045759033179
652451.738925723941065371,5846.852107209175301250,40580.455847588164033368,9859.095638836548459949
652907.106244384194724262,4457.871121185853553470,40754.589131362998159602,9865.045098891003362951
653421.308972402825020254,2883.600217035993409809,40897.209287614357890561,9858.690245191743088071
653971.873983146855607629,1193.568365638166142162,40986.188463190890615806,9836.524437448651951854
654534.738943742820993066,-536.186998118624615017,41008.881804209391702898,9797.477339541977926274
655085.303954486851580441,-2227.289899841860460583,40964.258672173033119179,9743.317624628632984241
655599.506682505365461111,-3803.515867657937633339,40862.962585802903049625,9678.551863622940800269
656054.874001165735535324,-5194.995419807710277382,40725.291511710631311871,9609.833192959225925733
656431.504173547378741205,-6341.614554897860216442,40577.491525515346438624,9544.987078633772398462
656712.936653845361433923,-7195.337296732679533307,40447.063728829743922688,9491.828705935711695929
656886.871492207748815417,-7721.474616903324204031,40357.933807982903090306,9456.974598282658917014
656945.706901566009037197,-7899.169528391656058375,40326.314341537057771347,9444.840142714749163133
657004.542310924269258976,-8076.719035029273072723,40293.952563940358231775,9432.531817272867556312
657178.477149286656640470,-8600.725894441224227194,40193.946359574605594389,9395.130182171744309017
657459.909629584639333189,-9445.619455216779897455,40018.444481832601013593,9331.414209123215186992
657836.539801966282539070,-10570.020694976999948267,39757.219729199001449160,9240.000870154393851408
658291.907120626536197960,-11918.759723256669531111,39401.355199874771642499,9120.175254000621862360
658806.109848645166493952,-13425.885898509390244726,38947.304024583121645264,8972.784518145179390558
659356.674859389197081327,-15018.608058151185105089,38400.455519442839431576,8800.989825801962069818
659919.539819985162466764,-16621.866299838155100588,37777.407690994368749671,8610.692516148244976648
660470.104830729193054140,-18163.014271099447796587,37106.388992977255838923,8410.514611921660616645
660984.307558747706934810,-19575.981727078884432558,36425.641954873615759425,8211.305038772910847911
661439.674877408077009022,-20804.354699081137368921,35779.986832652168232016,8025.238223481728709885
661816.305049789720214903,-21803.051741403854975943,35216.121736990680801682,7864.646481727055288502
662097.737530087702907622,-22538.618139793492446188,34777.410062427094089799,7740.765279344088412472
662271.672368450090289116,-22988.494733154169807676,34498.933071025108802132,7662.568307535295389243
662330.507777808350510895,-23139.836743954547273461,34403.476169710556860082,7635.837530136350324028
662389.343187166610732675,-23290.752640202503243927,34307.385736623997217976,7608.966130166149014258
662563.278025528998114169,-23734.385836876324901823,34019.626288834013394080,7528.708767811776851886
662844.710505826980806887,-24444.078006063449720386,33542.445765252676210366,7396.288785850405474775
663221.340678208624012768,-25377.664882523800770286,32881.777414617579779588,7214.210008044852656894
663676.707996868877671659,-26480.786220949004928116,32049.903598779332241975,6986.808976682261345559
664190.910724887507967651,-27691.257748888667265419,31068.095932222422561608,6720.774216440864620381
664741.475735631538555026,-28944.106382334466616157,29968.451730044078431092,6425.456144363977728062
665304.340696227503940463,-30176.678661719757656101,28794.296725385342142545,6112.832053822357920581
665854.905706971534527838,-31333.122825596343318466,27598.832004670504829846,5797.067109729056028300
666369.108434990048408508,-32367.589739055234531406,26442.086344164315960370,5493.702836297345129424
666824.475753650418482721,-33245.719793267409841064,25386.585687512982985936,5218.582748091206667596
667201.105926032061688602,-33944.338343698393146042,24492.375102774691185914,4986.669132015327704721
667482.538406330044381320,-34449.675359359804133419,23812.080667055663070641,4810.907343724285965436
667656.473244692431762815,-34754.744209874283114914,23386.599007631637505256,4701.261909009315786534
667715.308654050691984594,-34856.673133714451978449,23241.819421093197888695,4664.000899806831512251
667774.144063408952206373,-34957.959942365334427450,23096.611683389972313307,4626.653965924584554159
667948.078901771339587867,-35253.620572554449609015,22664.856787956188782118,4515.749569818794043385
668229.511382069322280586,-35719.967533857132366393,21958.564480209126486443,4334.770328515625806176
668606.141554450965486467,-36320.471209676041326020,20998.932728618718101643,4089.727492647196413600
669061.508873111219145358,-37009.859208650457730982,19817.582713096737279557,3789.351006858700202429
669575.711601129849441350,-37739.185344329605868552,18457.376287311650230549,3445.154732022851021611
670126.276611873880028725,-38461.193701750635227654,16972.241787280290736817,3071.256809153777794563
670689.141572469845414162,-39135.185905024445673916,15425.644318672231747769,2683.888472351196469390
671239.706583213876001537,-39730.619938157069555018,13887.662833584807231091,2300.602142489466132247
671753.909311232389882207,-40228.861027208193263505,12430.974683659485890530,1939.265653548014597618
672209.276629892759956419,-40622.847650286777934525,11126.290421284138574265,1616.978574915507124388
672585.906802274403162301,-40914.851424795146158431,10037.856297404840006493,1349.053767007959322655
672867.339282572385855019,-41112.892476490851549897,9219.543662657364620827,1148.173951429382213973
673041.274120934773236513,-41226.626880251838883851,8711.833103219381882809,1023.775940748930224800
673100.109530293033458292,-41263.596958281537808944,8539.772671732571325265,981.658597517709495150
673158.944939651293680072,-41299.806671095757337753,8367.554877667440450750,939.523163896907135495
673332.879778013681061566,-41402.400265033567848150,7857.538654748568660580,814.860094366516932496
673614.312258311663754284,-41554.270979635162802879,7029.670773310805088840,612.881809392050854512
673990.942430693306960166,-41730.091418503994646017,5917.191812038639909588,342.192817369514159509
674446.309749353560619056,-41900.578203210934589151,4566.253109636003500782,14.588372261534459540
674960.512477372190915048,-42037.485981272977369372,3034.785704668829566799,-355.344602084913276485
675511.077488116221502423,-42118.483018021164753009,1390.340725675443536602,-750.869636869485475472
676073.942448712186887860,-42131.035228663451562170,-293.140771249090903439,-1153.973481049722977332
676624.507459456217475235,-42074.572602206877490971,-1939.375876830672495998,-1546.390374780827187351
677138.710187474731355906,-41960.522331086722260807,-3474.111322061871760525,-1910.648822889857910923
677594.077506135101430118,-41810.204023720267286990,-4829.227316539516323246,-2230.999324001333661727
677970.707678516744635999,-41650.994891443442611489,-5946.068414208260946907,-2494.112643201331593446
678252.140158814727328718,-41511.486939679052738938,-6777.729777767104678787,-2689.502213311110608629
678426.074997177114710212,-41416.509916459654050414,-7290.318022763138287701,-2809.697735759042188874
678484.910406535374931991,-41382.872148083588399459,-7463.445076219984912314,-2850.253742154038263834
678543.745815893635153770,-41348.471684046591690276,-7636.434576701969490387,-2890.757213823022539145
678717.680654256022535264,-41242.319705698209872935,-8147.007406487260595895,-3010.183001681687528617
678999.113134554005227983,-41056.499913795887550805,-8970.316376892980770208,-3202.382596341069074697
679375.743306935648433864,-40780.751393433696648572,-10066.139442978557781316,-3457.468637855132328696
679831.110625595902092755,-40406.248423422024643514,-11380.823358344045118429,-3762.377194947903262801
680345.313353614532388747,-39929.757981932059919927,-12850.191886820030049421,-4101.670543511039795703
680895.878364358562976122,-39357.283141132713353727,-14403.362524299081997015,-4458.544091521636801190
681458.743324954528361559,-38706.371116786067432258,-15967.185275416020886041,-4815.947783096567945904
682009.308335698558948934,-38006.516359130189812277,-17470.798940345775918104,-5157.686605509477885789
682523.511063717072829604,-37297.470356959187483881,-18849.692036790904239751,-5469.348712716824593372
682978.878382377442903817,-36625.686680658058321569,-20048.719236943070427515,-5738.935658580265226192
683355.508554759086109698,-36039.476149586764222477,-21023.757355142515734769,-5957.133932013404773897
683636.941035057068802416,-35583.644438571100181434,-21742.018395998180494644,-6117.251856207838500268
683810.875873419456183910,-35294.409708360246440861,-22181.362994892187998630,-6214.924523494139066315
683869.711282777716405690,-35195.283692061297188047,-22329.171054243008256890,-6247.737577026497092447
683928.546692135976627469,-35095.509001696693303529,-22476.567571118954219855,-6280.435471755152320839
684102.481530498364008963,-34796.769951490896346513,-22909.882283004480996169,-6376.420841576464226819
684383.914010796346701682,-34301.549933796959521715,-23603.153948155711987056,-6529.546178633047020412
684760.544183177989907563,-33616.222427861976029817,-24515.308660733993747272,-6730.148266407943083323
685215.911501838243566453,-32753.769233280072512571,-25593.368246298763551749,-6965.885763522752313293
685730.114229856873862445,-31736.467036629306676332,-26776.692632981124916114,-7222.823363708614124334
686280.679240600904449821,-30597.742535847450199071,-28001.871978192139067687,-7486.650023755433721817
686843.544201196869835258,-29382.552137850063445512,-29207.697266003597178496,-7743.878000831746248878
687394.109211940900422633,-28145.960011161143484060,-30339.529916307437815703,-7982.851733933484865702
687908.311939959414303303,-26949.982282119082810823,-31352.432737667593755759,-8194.415741642986176885
688363.679258619784377515,-25859.124159893231990281,-32212.638941632132628001,-8372.151241465870043612
688740.309431001427583396,-24935.264100764157774393,-32897.280887400280334987,-8512.179581305061219609
689021.741911299410276115,-24232.589729923965933267,-33392.682541172966011800,-8612.623351638661915786
689195.676749661797657609,-23793.185248914385738317,-33691.830697769779362716,-8672.887771842177244253
689254.512159020057879388,-23643.680852116878668312,-33791.795099641327396967,-8692.957182255870066001
689313.347568378318101168,-23493.740739580221998040,-33891.136772039826610126,-8712.866383268241406768
689487.282406740705482662,-23047.952186536022054497,-34181.160746849855058827,-8770.783428300905143260
689768.714887038688175380,-22318.820601250488834921,-34638.749485423104488291,-8861.499082614818689763
690145.345059420331381261,-21328.383412727598624770,-35228.238799479571753182,-8977.047536183998090564
690600.712378080585040152,-20109.451943926957028452,-35905.401694018641137518,-9107.691541557816890418
691114.915106099215336144,-18706.417130005989747588,-36622.377850571429007687,-9243.122582870570113300
691665.480116843245923519,-17175.033397773724573199,-37332.894965244704508223,-9373.704577148111638962
692228.345077439211308956,-15580.812223880995588843,-37997.013025623527937569,-9491.567651336348717450
692778.910088183241896331,-13995.992258691672759596,-38584.640884515145444311,-9591.371541112579507171
693293.112816201755777001,-12495.399460498687403742,-39077.260011547026806511,-9670.611465259315082221
693748.480134862125851214,-11151.757036773931758944,-39467.622556376285501756,-9729.425166501174317091
694125.110307243769057095,-10031.078644920584338252,-39757.594911343199783005,-9769.958381263923001825
694406.542787541751749814,-9188.674469507743197028,-39954.690752041889936663,-9795.432524282388840220
694580.477625904139131308,-8666.080675099488871638,-40068.086388748968602158,-9809.112276137346270843
694639.313035262399353087,-8488.987424444268981460,-40104.984348636309732683,-9813.382191997128757066
694698.148444620659574866,-8311.737774913643079344,-40141.143424827736453153,-9817.471295236993682920
694872.083282983046956360,-7786.852436357155966107,-40243.712997257607639767,-9828.501795172216588981
695153.515763281029649079,-6934.951513201907800976,-40395.942887162222177722,-9842.996767491566060926
695530.145935662672854960,-5790.375383128390240017,-40573.014280184885137714,-9855.901926840057058143
695985.513254322926513851,-4400.761056879513489548,-40746.191261595013202168,-9861.568027741770492867
696499.715982341556809843,-2825.844573807880806271,-40887.685482451590360142,-9854.883969915303168818
697050.280993085587397218,-1135.207139654994534794,-40975.410422791799646802,-9832.356300880608614534
697613.145953681552782655,595.071884467288327869,-40996.776067737155244686,-9792.930987716477829963
698163.710964425583370030,2286.590281127973867115,-40950.816687892205663957,-9738.395042177522554994
698677.913692444097250700,3863.115465864560974296,-40848.245280037066549994,-9673.273907788388896734
699133.281011104467324913,5254.786872975550068077,-40709.427585530458600260,-9604.238546846550889313
699509.911183486110530794,6401.512064766160619911,-40560.670101115611032583,-9539.129883717745542526
699791.343663784093223512,7255.282688654049707111,-40429.522950591417611577,-9485.775346819777041674
699965.278502146480605006,7781.436124755091441330,-40339.947279215222806670,-9450.800136530277086422
700024.113911504740826786,7959.134152457721938845,-40308.176883887630538084,-9438.624752973650174681
700082.949320863001048565,8136.685593726484512445,-40275.664117355874623172,-9426.275521709350869060
700256.884159225388430059,8660.691257687656616326,-40175.211282653544913046,-9388.753108746168436483
700538.316639523371122777,9505.560979274472629186,-39998.986406778145465069,-9324.842317329399520531
700914.946811905014328659,10629.887949381394719239,-39736.794998522542300634,-9233.169815411994932219
701370.314130565267987549,11978.472559547422861215,-39379.766285675970721059,-9113.034019047132460400
701884.516858583898283541,13485.339849274976586457,-38924.411541683992254548,-8965.298425639950437471
702435.081869327928870916,15077.686587784810399171,-38376.186886262075859122,-8793.142455013789003715
702997.946829923894256353,16680.457892347498273011,-37751.760598401000606827,-8602.486121938418364152
703548.511840667924843729,18221.031158563120698091,-37079.428700401374953799,-8401.968896050326293334
704062.714568686438724399,19633.376625554075872060,-36397.492798223553108983,-8202.454479231586446986
704518.081887346808798611,20861.132382977193628903,-35750.819702683875220828,-8016.128498856531223282
704894.712059728452004492,21859.273475763759051915,-35186.140142341071623378,-7855.330709000903880224
705176.144540026434697211,22594.398472834283893462,-34746.837414479276048951,-7731.300747967645293102
705350.079378388822078705,23043.991460556535457727,-34468.003037725968169980,-7653.014157942641759291
705408.914787747082300484,23195.235704188024101313,-34372.426655717528774403,-7626.253476848622085527
705467.750197105342522264,23346.052915889209543820,-34276.217466007554321550,-7599.352383479708805680
705641.685035467729903758,23789.389066414812987205,-33988.111241205697297119,-7519.008483971585519612
705923.117515765712596476,24498.584149872789566871,-33510.383614470818429254,-7386.452508408227004111
706299.747688147355802357,25431.475069546977465507,-32849.011299365301965736,-7204.199778506066650152
706755.115006807609461248,26533.710336361917143222,-32016.331690241684555076,-6976.601219751639291644
707269.317734826239757240,27743.126527927721326705,-31033.677114158970653079,-6710.360974021023139358
707819.882745570270344615,28994.786295343095844146,-29933.204260836457251571,-6414.844416294246912003
708382.747706166235730052,30226.086817382740264293,-28758.289840336990891956,-6102.041308999760076404
708933.312716910266317427,31381.238854885938053485,-27562.171824302626191638,-5786.125394743168726563
709447.515444928780198097,32414.462259611020272132,-26404.898740644668578170,-5482.642217698274180293
709902.882763589150272310,33291.466353074552898761,-25348.999458642778336070,-5207.434968387009575963
710279.512935970793478191,33989.139206380954419728,-24454.508647725087939762,-4975.462284960085526109
710560.945416268776170909,34493.762587025667016860,-23774.034406105158268474,-4799.664107856689952314
710734.880254631163552403,34798.387904515628179070,-23348.454365015131770633,-4689.999508514185436070
710793.715663989423774183,34900.166422825095651206,-23203.643711379016167484,-4652.732592344924341887
710852.551073347683995962,35001.302651549012807664,-23058.406026576281874441,-4615.380042665521614254
711026.485911710071377456,35296.517193566098285373,-22626.569158549522398971,-4504.460747872362844646
711307.918392008054070175,35762.139932462501747068,-21920.165027329800068401,-4323.462791830883361399
711684.548564389697276056,36361.671281513779831585,-20960.423971746218740009,-4078.405327743268571794
712139.915883049950934947,37049.882143315415305551,-19779.003530378555296920,-3778.027022629161365330
712654.118611068581230938,37777.882173796671850141,-18418.798611625199555419,-3433.849413054878823459
713204.683621812611818314,38498.481110796354187187,-16933.760300298323272727,-3059.995518940384499729
713767.548582408577203751,39171.051263215042126831,-15387.360916299847303890,-2672.697400736040435731
714318.113593152607791126,39765.120291288963926490,-13849.668827603672980331,-2289.503777769277803600
714832.316321171121671796,40262.116130197908205446,-12393.334213269976316951,-1928.274661677307449281
715287.683639831491746008,40655.028535504148749169,-11089.028198749860166572,-1606.098853132571093738
715664.313812213134951890,40946.166939750102756079,-10000.951743144643842243,-1338.277152551454491913
715945.746292511117644608,41143.576353029253368732,-9182.932090040398179553,-1137.480712151387706399
716119.681130873505026102,41256.927214218208973762,-8675.413336425190209411,-1013.136863407329656184
716178.516540231765247881,41293.768779432335577440,-8503.419611551318666898,-971.038288195908535272
716237.351949590025469661,41329.850610869230877142,-8331.269438492585322820,-928.921846235258271918
716411.286787952412851155,41432.069913316627207678,-7821.458418219335726462,-804.316215229424415156
716692.719268250395543873,41583.347314344711776357,-6993.939022148013464175,-602.434880948363570496
717069.349440632038749754,41758.398724229416984599,-5881.957284320131293498,-331.883132869348628446
717524.716759292292408645,41927.996220140594232362,-4531.664827631771913730,-4.455525647121248767
718038.919487310922704637,42063.956607471329334658,-3000.982945926472893916,365.264350998477311805
718589.484498054953292012,42144.010327483520086389,-1357.439650852218619548,760.546751143672736362
719152.349458650918677449,42155.678566858790873084,325.061242284267791547,1163.388633023045258597
719702.914469394949264824,42098.433883002297079656,1970.286006815746077336,1555.537308038008632138
720217.117197413463145494,41983.729951235269254539,3504.037897964954026975,1919.536014545970829204
720672.484516073833219707,41832.896559537890425418,4858.255144812181242742,2239.650173358648316935
721049.114688455476425588,41673.307665121195896063,5974.336094079553731717,2502.564251319068716839
721330.547168753459118307,41533.543678384659870062,6805.420945731006213464,2697.803071942558744922
721504.482007115846499801,41438.420384358709270600,7317.649713457110919990,2817.904741338948952034
721563.317416474106721580,41404.735217102082970086,7490.654670634437934496,2858.428894755139481276
721622.152825832366943359,41370.288407535997976083,7663.521836820073076524,2898.900463313650107011
721796.087664194754324853,41264.005590917782683391,8173.731702042758115567,3018.231663594226120040
722077.520144492737017572,41077.993698847487394232,8996.449710163302370347,3210.277464588260045275
722454.150316874380223453,40802.026148856624786276,10091.476277896217652597,3465.156603653769707307
722909.517635534633882344,40427.316675167538051028,11405.191572573981829919,3769.814077420945977792
723423.720363553264178336,39950.669737731579516549,12873.463729513823636808,4108.823843318125000224
723974.285374297294765711,39378.116996913689945359,14425.463718340746709146,4465.395210073882481083
724537.150334893260151148,38727.220047594055358786,15988.100289258189150132,4822.493238072929671034
725087.715345637290738523,38027.470971510287199635,17490.571098514847108163,5163.937943675642600283
725601.918073655804619193,37318.602909310728136916,18868.418341625496395864,5475.331119279697304592
726057.285392316174693406,36647.038879429928783793,20066.541079890928813256,5744.685574962146347389
726433.915564697817899287,36061.052727312788192648,21040.849200584008940496,5962.696201041660970077
726715.348044995800592005,35605.413193284541193862,21758.576697991244145669,6122.676942968246294186
726889.282883358187973499,35316.307465942118142266,22197.597044391106464900,6220.266214679257245734
726948.118292716448195279,35217.226827038226474542,22345.296412651558057405,6253.051308017893461511
727006.953702074708417058,35117.498385692255396862,22492.584750888650887646,6285.721371208957862109
727180.888540437095798552,34818.901108494035725016,22925.582717995872371830,6381.625230330508202314
727462.321020735078491271,34323.926174016211007256,23618.351940063541405834,6534.621192870661616325
727838.951193116721697152,33638.956063239376817364,24529.854820039836340584,6735.055254709324799478
728294.318511776975356042,32776.977923611651931424,25607.159920731341117062,6970.597902140929363668
728808.521239795605652034,31760.265272247146640439,26789.679844234851771034,7227.327132387203164399
729359.086250539636239409,30622.229659772950981278,28014.057706241277628578,7490.945276019279845059
729921.951211135601624846,29407.799358102965925355,29219.131765986574464478,7747.976576207554899156
730472.516221879632212222,28171.999196893077169079,30350.299956862596445717,7986.774849631940014660
730986.718949898146092892,26976.798851270701561589,31362.647818974932306446,8198.190672106691636145
731442.086268558516167104,25886.655246144633565564,32222.417245687698596157,8375.807944359723478556
731818.716440940159372985,24963.401876909199927468,32906.737669791808002628,8515.747902507428079844
732100.148921238142065704,24261.188751287299965043,33401.922922697631292976,8616.131253987492527813
732274.083759600529447198,23822.072267714429472107,33700.947634350523003377,8676.360754191409796476
732332.919168958789668977,23672.665748165927652735,33800.872069065764662810,8696.418772453791461885
732391.754578317049890757,23522.823731019518163521,33900.174681179007166065,8716.316793913094443269
732565.689416679437272251,23077.326371515991922934,34190.088497391450800933,8774.202033663590555079
732847.121896977419964969,22348.669275163563725073,34647.515876163743087091,8864.870172249342431314
733223.752069359063170850,21358.872090582626697142,35236.822025034591206349,8980.362677600889583118
733679.119388019316829741,20140.719174102770921309,35913.813695675708004273,9110.950702097805333324
734193.322116037947125733,18738.565129344242450316,36630.662542717545875348,9246.333789060430717655
734743.887126781977713108,17208.120255618247028906,37341.120486795451142825,9376.882163693153415807
735306.752087377943098545,15614.847530017497774679,38005.259419300142326392,9494.729446882571210153
735857.317098121973685920,14030.937386492158111650,38592.985637932099052705,9594.535569767482229508
736371.519826140487566590,12531.172578983831044752,39085.764348414275445975,9673.792832044142414816
736826.887144800857640803,11188.241679388920601923,39476.321078737979405560,9732.633709778325282969
737203.517317182500846684,10068.133817953879770357,39766.490284496467211284,9773.197452623557182960
737484.949797480483539402,9226.144147157559928019,39963.753943707575672306,9798.698983330963528715
737658.884635842870920897,8703.801105221158650238,40077.261921117795282044,9812.397556594660272822
737717.720045201131142676,8526.791697527987707872,40114.199345634304336272,9816.674159737103764201
737776.555454559391364455,8349.625386196195904631,40150.398618666382390074,9820.770110364675929304
737950.490292921778745949,7824.983405059210781474,40253.091259298365912400,9831.821777378936531022
738231.922773219761438668,6973.466353531934146304,40405.533409083596779965,9846.353854948814841919
738608.552945601404644549,5829.383768487728957552,40582.913370700422092341,9859.313970823823183309
739063.920264261658303440,4440.333272031515662093,40756.498985251397243701,9865.054140583026310196
739578.122992280288599432,2866.007117947570804972,40898.498202405273332261,9858.462953120131714968
740128.688003024319186807,1175.943522328518156428,40986.810532101822900586,9836.044459226610342739
740691.552963620284572244,-553.814936269067402463,41008.821089284254412632,9796.739829781185108004
741242.117974364315159619,-2244.892141705371614080,40963.530172464605129790,9742.329406837536225794
741756.320702382829040289,-3821.068490914061840158,40861.611433070320344996,9677.330923557932692347
742211.688021043199114501,-5212.483497302040632349,40723.390499155670113396,9608.407579386210272787
742588.318193424842320383,-6359.034674524322326761,40575.137279593785933685,9543.393357805220148293
742869.750673722825013101,-7212.698054760687227827,40444.371946081337227952,9490.110145824273786275
743043.685512085212394595,-7738.795029616441752296,40355.033972133001952898,9455.179241442947386531
743102.520921443472616374,-7916.475662781384016853,40323.344233022326079663,9443.018873215001804056
743161.356330801732838154,-8094.010572502265858930,40290.912237286298477557,9430.684668606398190605
743335.291169164120219648,-8617.972418592187750619,40190.698778722515271511,9393.206727518543630140
743616.723649462102912366,-9462.787272366571414750,40014.862675026255601551,9329.367948944523959653
743993.353821843746118248,-10587.071873336906719487,39753.193020575410628226,9237.791620498599513667
744448.721140503999777138,-11935.652709135662007611,39396.794658873193839099,9117.771175889258302050
744962.923868522630073130,-13442.577866355764854234,38942.146742800679930951,8970.163634496351733105
745513.488879266660660505,-15035.058778867001819890,38394.667345795278379228,8798.140895498177997069
746076.353839862626045942,-16638.042968767571437638,37770.984170828443893697,8607.615192023415147560
746626.918850606656633317,-18178.896499489310372155,37099.354460478723922279,8407.218895837508171098
747141.121578625170513988,-19591.565822945784020703,36418.046975646597275045,8207.810143683414935367
747596.488897285540588200,-20819.656458806122827809,35771.904417048172035720,8021.571032491472578840
747973.119069667183794081,-21818.107214022304106038,35207.642873370983579662,7860.839833116002409952
748254.551549965166486800,-22553.482148830655205529,34768.639114130251982715,7736.856291279505967395
748428.486388327553868294,-23003.237273699014622252,34489.983442880642542150,7658.596890689124847995
748487.321797685814090073,-23154.537658242734323721,34394.466425417886057403,7631.845140173671097727
748546.157207044074311852,-23305.411657431504863780,34298.316041965699696448,7604.952840582194767194
748720.092045406461693347,-23748.919417854274797719,34010.380343347751477268,7524.634126294888119446
749001.524525704444386065,-24458.403680048759269994,33532.917801573836186435,7392.116267616762343096
749378.154698086087591946,-25391.702891092623758595,32871.878334322442242410,7209.909262261604453670
749833.522016746341250837,-26494.462294676217425149,32039.565811849628516939,6982.357538149710308062
750347.724744764971546829,-27704.507002645048487466,31057.276480745953449514,6716.158525005001138197
750898.289755509002134204,-28956.877981145742523950,29957.133431042973825242,6420.671786275943304645
751461.154716104967519641,-30188.940640421460557263,28782.487298330721387174,6107.883237112564529525
752011.719726848998107016,-31344.866309701341378968,27586.561424086299666669,5791.965494772437523352
752525.922454867511987686,-32378.831843002575624269,26429.402916582730540540,5488.465939208650524961
752981.289773527882061899,-33256.504650680224585813,25373.551524637696275022,5213.232192345913063036
753357.919945909525267780,-33954.735998144249606412,24479.061695710253843572,4981.229025051714415895
753639.352426207507960498,-34459.778538173872220796,23798.565144565851369407,4805.402997371060337173
753813.287264569895341992,-34764.663254299543041270,23372.961412950848171022,4695.719018728956143605
753872.122673928155563772,-34866.529529452258429956,23228.141029951126256492,4658.445173271891690092
753930.958083286415785551,-34967.753507728040858638,23082.892747687488736119,4621.085505472572549479
754104.892921648803167045,-35263.227341472222178709,22651.019470884777547326,4510.144064879586949246
754386.325401946785859764,-35729.268794918949424755,21944.540343426015169825,4329.106798242388322251
754762.955574328429065645,-36329.357506217951595318,20984.667837881330342498,4083.990048253053828375
755218.322892988682724535,-37018.234854396483569872,19803.041130143064947333,3783.529984640965267317
755732.525621007313020527,-37746.973271413291513454,18442.541563398051948752,3439.247059578850894468
756283.090631751343607903,-38468.340213410607248079,16957.116338086161704268,3065.265576763387798565
756845.955592347308993340,-39141.664751993543177377,15410.246871269155235495,2677.821805084666266339
757396.520603091339580715,-39736.435124392672150861,13872.024441209468932357,2294.471583977418049471
757910.723331109853461385,-40234.047882054983347189,12415.134033574569912162,1933.084353675909369485
758366.090649770223535597,-40627.471938547030731570,11110.289257105287106242,1610.759600328590749996
758742.720822151866741478,-40919.006531168059154879,10021.735708847489149775,1342.808816784603550332
759024.153302449849434197,-41116.694921931302815210,9203.341776065375597682,1141.912668495515390532
759198.088140812236815691,-41230.210557068166963290,8695.584384767185838427,1017.505883215188077884
759256.923550170497037470,-41267.106501577385643031,8523.508703751220309641,975.385800371983350487
759315.758959528757259250,-41303.242016104857611936,8351.275959833488741424,933.247742734198254766
759489.693797891144640744,-41405.615892469875689130,7841.217295891568937805,808.577592296805960359
759771.126278189127333462,-41557.130013453184801619,7013.286313164011517074,606.589993704041262390
760147.756450570770539343,-41732.471374238950375002,5900.733717919290938880,335.892688929034193279
760603.123769231024198234,-41902.376555328599351924,4549.722587572374322917,8.284546872997452738
761117.326497249654494226,-42038.625225125921133440,3018.195334098265448119,-361.644236851319874404
761667.891507993685081601,-42118.914784362357750069,1373.712160526738443878,-757.154955294285173295
762230.756468589650467038,-42130.742993961386673618,-309.780647675543150399,-1160.233678708387742518
762781.321479333681054413,-42073.572649930960324127,-1955.999667949079594109,-1552.615785310346836923
763295.524207352194935083,-41958.862832369988609571,-3490.695863785258552525,-1916.832669607432762859
763750.891526012565009296,-41807.962361461373802740,-4845.757607360406836960,-2237.139092754176090239
764127.521698394208215177,-41648.273566566764202435,-5962.540043382010480855,-2500.210831509506533621
764408.954178692190907896,-41508.408513017937366385,-6794.149449488184473012,-2695.566322653623501537
764582.889017054578289390,-41413.211427762646053452,-7306.702119486442825291,-2815.739503494067321299
764641.724426412838511169,-41379.499339341920858715,-7479.816541670392325614,-2856.287732117878476856
764700.559835771098732948,-41345.024617383060103748,-7652.793109141442982946,-2896.783314796466584085
764874.494674133486114442,-41238.653487212526670191,-8163.325942899718938861,-3016.185131478192488430
765155.927154431468807161,-41052.480365670089668129,-8986.564634016402123962,-3208.343893826542625902
765532.557326813112013042,-40776.261674955290800426,-10082.282933281421719585,-3463.371360745350102661
765987.924645473365671933,-40401.194801521989575122,-11396.823906138226448093,-3768.203148562995920656
766502.127373491995967925,-39924.074334909710159991,-12866.009797342740057502,-4107.402081202086264966
767052.692384236026555300,-39350.933806716035178397,-14418.960206125550030265,-4464.165595738286356209
767615.557344831991940737,-38699.351822155564150307,-15982.531791216380952392,-4821.447418523322994588
768166.122355576022528112,-37998.853189869820198510,-17485.874733904995082412,-5163.058059091516042827
768680.325083594536408782,-37289.216985786835721228,-18864.493007861696241889,-5474.592617194935883163
769135.692402254906482995,-36616.920312894078961108,-20063.259423307761608157,-5744.060438972501287935
769512.322574636549688876,-36030.292775462883582804,-21038.069707586117147002,-5962.155905049596185563
769793.755054934532381594,-35574.153972032981982920,-21756.153436606902687345,-6122.194527295836451231
769967.689893296919763088,-35284.731441337651631329,-22195.385465664941875730,-6219.817138920549041359
770026.525302655179984868,-35185.542250805221556220,-22343.154934880010841880,-6252.613081774568854598
770085.360712013440206647,-35085.704565767700842116,-22490.512603898569068406,-6285.293775962007202907
770259.295550375827588141,-34786.780345986866450403,-22923.710969852785638068,-6381.227773464557685656
770540.728030673810280859,-34291.264139039711153600,-23616.789674041363468859,-6534.268352021619648440
770917.358203055453486741,-33605.547063492042070720,-24528.677173167969158385,-6734.753901540341757936
771372.725521715707145631,-32742.633651830990856979,-25606.400220383460691664,-6970.345860701094352407
771886.928249734337441623,-31724.826581925888604019,-26789.327313459980359767,-7227.113208410137303872
772437.493260478368028998,-30585.579690022197610233,-28014.061572432088723872,-7490.750889136030309601
773000.358221074333414435,-29369.875529050630575512,-29219.411505528296402190,-7747.778826940146245761
773550.923231818364001811,-28132.801547499177104328,-30350.760072947981825564,-7986.550525374750577612
774065.125959836877882481,-26936.392951527413970325,-31363.194405125956109259,-8197.920445669948094292
774520.493278497247956693,-25845.169215904352313373,-32222.973059944379201625,-8375.479938811429747147
774897.123450878891162574,-24921.018385286246484611,-32907.252746049816778395,-8515.359920675557077629
775178.555931176873855293,-24218.133750723012781236,-33402.378776191770157311,-8615.691258555259992136
775352.490769539261236787,-23778.602362223238742445,-33701.354537066341436002,-8675.885541988634940935
775411.326178897521458566,-23629.055568225368915591,-33801.260275702843500767,-8695.931118030883226311
775470.161588255781680346,-23479.073328054197190795,-33900.543110502570925746,-8715.816429879643692402
775644.096426618169061840,-23033.161817175023315940,-34190.392134820263891015,-8773.662535328370722709
775925.528906916151754558,-22303.836336560234485660,-34647.694662188332586084,-8864.262430124636011897
776302.159079297794960439,-21313.149566038198827300,-35236.795073898661939893,-8979.654153465711715398
776757.526397958048619330,-20093.931719196647463832,-35913.479167190067528281,-9110.106046587879973231
777271.729125976678915322,-18690.594138234540878329,-36629.903974995169846807,-9245.316962479566427646
777822.294136720709502697,-17158.910928639270423446,-37339.819037861343531404,-9375.659851202344725607
778385.159097316674888134,-15564.410483331106661353,-38003.310063997902034316,-9493.275221870117093204
778935.724108060705475509,-13979.344106223121343646,-38590.314319416567741428,-9592.834034409734158544
779449.926836079219356179,-12478.545421709924994502,-39082.342751005817262921,-9671.842930683877057163
779905.294154739589430392,-11134.740464500770031009,-39472.176196590917243157,-9730.450582752713671653
780281.924327121232636273,-10013.941826263129769359,-39761.707120699960796628,-9770.812512293294275878
780563.356807419215328991,-9171.456239862985967193,-39958.471065371450094972,-9796.158237080726394197
780737.291645781602710485,-8648.815758051969169173,-40071.660774665571807418,-9809.758466008363029687
780796.127055139862932265,-8471.707343761961965356,-40108.488945603960019071,-9814.001458211481804028
780854.962464498123154044,-8294.442848983955627773,-40144.578168396816181485,-9818.063626413644669810
781028.897302860510535538,-7769.515488029726839159,-40246.940869106656464282,-9829.014436666428082390
781310.329783158493228257,-6917.552486851149296854,-40398.834949528427387122,-9843.380299679087329423
781686.959955540136434138,-5772.904759969831502531,-40575.455063831388542894,-9856.112434770027903141
782142.327274200390093029,-4383.221486508184170816,-40748.084001675459148828,-9861.569141096209932584
782656.530002219020389020,-2808.250418353163695429,-40888.956899302640522365,-9854.648646733483474236
783207.095012963050976396,-1117.581982349314785097,-40976.014630017838499043,-9831.868199773125525098
783769.959973559016361833,612.699349204740428831,-40996.697172488282376435,-9792.185281390869931784
784320.524984303046949208,2304.191255842066311743,-40950.069750242480949964,-9737.398575953695399221
784834.727712321560829878,3880.666063566422963049,-40846.875498591420182493,-9672.044689258873404469
785290.095030981930904090,5272.272242500177526381,-40707.507816356221155729,-9602.804643241477606352
785666.725203363574109972,6418.928906282140815165,-40558.297022415405081119,-9537.527874029728991445
785948.157683661556802690,7272.639740138045453932,-40426.812295824602188077,-9484.048505093458516058
786122.092522023944184184,7798.752565408321970608,-40337.028554684387927409,-9448.996505277747928631
786180.927931382204405963,7976.436224882105307188,-40305.187882373887987342,-9436.795211967924842611
786239.763340740464627743,8153.972979290607327130,-40272.604894050768052693,-9424.420104681645170785
786413.698179102852009237,8677.933363866257423069,-40171.944798253265616950,-9386.821396418221411295
786695.130659400834701955,9522.723947748738282826,-39995.385697632700612303,-9322.787821163554326631
787071.760831782477907836,10646.933703249516838696,-39732.749413097648357507,-9230.952367254372802563
787527.128150442731566727,11995.359427608746045735,-39375.186935280587931629,-9110.621800594919477589
788041.330878461361862719,13502.024923348064476158,-38919.235574350364913698,-8962.669484015976195224
788591.895889205392450094,15094.129596205624693539,-38370.380215285949816462,-8790.285574162800912745
789154.760849801357835531,16696.626029985221975949,-37745.318831759177555796,-8599.400977129887905903
789705.325860545388422906,18236.904076592261844780,-37072.376222486745973583,-8398.665505267053958960
790219.528588563902303576,19648.950707021365815308,-36389.880203031607379671,-8198.952062059033778496
790674.895907224272377789,20876.423526595543080475,-35742.720000466004421469,-8012.453933490396593697
791051.526079605915583670,21874.317851822088414337,-35177.644290252261271235,-7851.516816707284306176
791332.958559903898276389,22609.251037261645251419,-34738.049715199646016117,-7727.384618713826057501
791506.893398266285657883,23058.722346325135731604,-34459.036811490448599216,-7649.035665248826262541
791565.728807624545879662,23209.924893490817339625,-34363.400366088746523019,-7622.254033478660858236
791624.564216982806101441,23360.700138375126698520,-34267.131279286310018506,-7595.332063097521313466
791798.499055345193482935,23803.910649104473122861,-33978.848964150609390344,-7514.926879467049730010
792079.931535643176175654,24512.897504970394948032,-33500.839588204944448080,-7382.273139910612371750
792456.561708024819381535,25445.500347804241755512,-32839.096533817319141235,-7199.892338880992610939
792911.929026685073040426,26547.373210652694979217,-32005.978699484920070972,-6972.143284499135916121
793426.131754703703336418,27756.362091818788030650,-31022.843033361328707542,-6705.739018130771000870
793976.696765447733923793,29007.543727914766350295,-29921.871980799442098942,-6410.054052640873123892
794539.561726043699309230,30238.334197450392821338,-28746.467126562340126839,-6097.086760888763819821
795090.126736787729896605,31392.967373134531953838,-27549.888663036828802433,-5781.018324395598028786
795604.329464806243777275,32425.689106128142157104,-26392.203412188297079410,-5477.400128684661467560
796059.696783466613851488,33302.235737374947348144,-25335.954010532317624893,-5202.079457622210611589
796436.326955848257057369,33999.521240020134428050,-24441.184472456654475536,-4970.017420824340661056
796717.759436146239750087,34503.850053029564151075,-23760.508505507452355232,-4794.155152982988511212
796891.694274508627131581,34808.291187165501469281,-23334.806634625965671148,-4684.452101832212065347
796950.529683866887353361,34910.007041594850306865,-23189.955266720462532248,-4647.172380600342876278
797009.365093225147575140,35011.080425445303262677,-23044.677119637337455060,-4609.807128208180074580
797183.299931587534956634,35306.108132220651896205,-22612.722113958523550536,-4498.850881234931875952
797464.732411885517649353,35771.425313356179685798,-21906.131558573302754667,-4317.795049298511003144
797841.362584267160855234,36370.541656047884316649,-20946.150279808287450578,-4072.663870917123858817
798296.729902927414514124,37058.241854646556021180,-19764.453788229693600442,-3772.202228693015058525
798810.932630946044810116,37785.654202445723058190,-18403.956450874415168073,-3427.938238524089683779
799361.497641690075397491,38505.611820793092192616,-16918.628180688676366117,-3054.001069257457857020
799924.362602286040782928,39177.514468785222561564,-15371.957570110876986291,-2666.627801673676003702
800474.927613030071370304,39770.920051591318042483,-13834.025275180545577314,-2283.370559722607140429
800989.130341048585250974,40267.287811264708579984,-12377.489075066019722726,-1922.090949082237784751
801444.497659708955325186,40659.637913086298794951,-11073.023124241699406411,-1599.877677479715202935
801821.127832090598531067,40950.307380359699891414,-9984.827708267104753759,-1332.030170880214427598
802102.560312388581223786,41147.364331328157277312,-9166.727094875146576669,-1131.217521048805792816
802276.495150750968605280,41260.496553161145129707,-8659.161714053210744169,-1006.864972335242782719
802335.330560109228827059,41297.264029686826688703,-8487.152808146747702267,-964.763682478733244352
802394.165969467489048839,41333.271708222389861476,-8314.987753356188477483,-922.644641325590782799
802568.100807829876430333,41435.271430472719657701,-7805.134491199009062257,-798.032001953120925464
802849.533288127859123051,41586.192470099187630694,-6977.552308736681879964,-596.141468673726194538
803226.163460509502328932,41760.765131250831473153,-5865.497343498595000710,-325.581555692726396956
803681.530779169755987823,41929.781448817455384415,-4515.132926401995064225,1.849578606881550513
804195.733507188386283815,42065.083241383770655375,-2984.391690503187419381,371.565085133057436906
804746.298517932416871190,42144.430069637215638068,-1340.810688129939080682,766.832991978837526403
805309.163478528382256627,42155.374941383612167556,341.701065574459789786,1169.649589232620201074
805859.728489272412844002,42097.423189230037678499,1986.909352575115917716,1561.763334172297618352
806373.931217290926724672,41982.060340284260746557,3520.621673127323447261,1925.720359325394383632
806829.298535951296798885,41830.645357900189992506,4874.784422089964209590,2245.790349230854189955
807205.928708332940004766,41670.577283877537411172,5990.806532557740865741,2508.662781006409204565
807487.361188630922697484,41530.456560801721934695,6821.839310646675585303,2703.867479194173938595
807661.296026993310078979,41435.113432233636558522,7334.032438620612083469,2823.946782547733164392
807720.131436351570300758,41401.354022137042193208,7507.024743836642301176,2864.463150348208728246
807778.966845709946937859,41366.833031971247692127,7679.878956941807700787,2904.926822285735397600
807952.901684072334319353,41260.331292754046444315,8190.048770416447950993,3024.234030076637282036
808234.334164370317012072,41073.966443658930074889,9012.696420538159145508,3216.238968226811266504
808610.964336751960217953,40797.529224351637822110,10107.618138352328969631,3471.059499474227777682
809066.331655412213876843,40422.256454769645642955,11421.190424095759226475,3775.640175451975665055
809580.534383430844172835,39944.980177464087319095,12889.279913473794294987,4114.555508458972326480
810131.099394174874760211,39371.762478095137339551,14441.059693375522329006,4471.016841270713484846
810693.964354770840145648,38720.196303958196949679,16003.445173494437767658,4827.993018551947898231
811244.529365514870733023,38019.804058553774666507,17505.645386834548844490,5169.309577674823231064
811758.732093533384613693,37310.346436891362827737,18883.217971281999780331,5480.575252494294545613
812214.099412193754687905,36638.269963508129876573,20081.080105792651011143,5749.810638769980869256
812590.729584575397893786,36051.867249531795096118,21055.160566829064919148,5967.718510841237730347
812872.162064873380586505,35595.920946804930281360,21772.710896716838760767,6127.619995318105793558
813046.096903235767967999,35306.627615185345348436,22211.618768345950229559,6225.159240793131175451
813104.932312594028189778,35207.483867725713935215,22359.279579623871541116,6257.927233734095352702
813163.767721952288411558,35107.692497028161596972,22506.529103656801453326,6290.580106828201678582
813337.702560314675793052,34808.910241234705608804,22939.410827213469019625,6386.432625451954663731
813619.135040612658485770,34313.639419552993786056,23631.987262960559746716,6539.343883900452055968
813995.765212994301691651,33628.280129226979624946,24543.223179969972989056,6739.661485750359133817
814451.132531654555350542,32765.842221095350396354,25620.192069610617181752,6975.058697756743640639
814965.335259673185646534,31748.625170688268553931,26802.315099181643745396,7231.617800962078035809
815515.900270417216233909,30610.067634377752256114,28026.248335370830318425,7495.047109924853430130
816078.765231013181619346,29395.124001614873122890,29230.847542283161601517,7751.878528583692968823
816629.330241757212206721,28158.842360898044717032,30361.532168046607694123,7990.474930003183544613
817143.532969775726087391,26963.211455176708113868,31373.412045174314698670,8201.696823306745500304
817598.900288436096161604,25872.702472025652241427,32232.754383193365356419,8379.138233243851573206
817975.530460817739367485,24949.158499674063932616,32916.712936707808694337,8518.929955247105681337
818256.962941115722060204,24246.735220365815621335,33411.622860755342117045,8619.200966474323649891
818430.897779478109441698,23807.491890506476920564,33710.475360318821913097,8679.360387296314002015
818489.733188836369663477,23658.042993280694645364,33810.341194137501588557,8699.394590660827816464
818548.568598194629885256,23508.158867425991047639,33909.585031094065925572,8719.268742457963526249
818722.503436557017266750,23062.538602538646955509,34199.324081982056668494,8777.083100423624273390
819003.935916854999959469,22333.687684596756298561,34656.465550648084899876,8867.635573392093647271
819380.566089236643165350,21343.640995146015484352,35245.383202175646147225,8982.971474628255236894
819835.933407896896824241,20125.201760887408454437,35921.896562622430792544,9113.367539472586940974
820350.136135915527120233,18722.744973873028357048,36638.194614416956028435,9248.530672580644022673
820900.701146659557707608,17192.000598867663939018,37348.051094489674142096,9378.840123297821264714
821463.566107255523093045,15598.448524286279280204,38011.563584366384020541,9496.439885138708632439
822014.131117999553680420,14014.291842227110464592,38598.666765063571801875,9596.001104254799429327
822528.333846018067561090,12514.320986138896842021,39090.855293033680936787,9675.027495349640958011
822983.701164678437635303,11171.227375081980426330,39480.883363600623852108,9733.662457602273207158
823360.331337060080841184,10050.999096599647600669,39770.611489968177920673,9774.055021734850015491
823641.763817358063533902,9208.927873893881042022,39967.543507943897566292,9799.428211173537420109
823815.698655720450915396,8686.538051886724133510,40080.845711840353033040,9813.047307885091868229
823874.534065078711137176,8509.513448270627122838,40117.713398824656906072,9817.297002845243696356
823933.369474436971358955,8332.332258930902753491,40153.842869544583663810,9821.366033799877186539
824107.304312799358740449,7807.648155814975325484,40256.328787511338305194,9832.338055903495842358
824388.736793097341433167,6956.068856687292282004,40408.435362542870279867,9846.741094484659697628
824765.366965478984639049,5811.914432142868463416,40585.364346456721250433,9859.528275905115151545
825220.734284139238297939,4422.794672225609247107,40758.402260139824647922,9865.059152740634090151
825734.937012157868593931,2848.413548062562767882,40899.780511206488881726,9858.231633874775070581
826285.502022901899181306,1158.318508614793245215,40987.425976360340428073,9835.560462637380624074
826848.366983497864566743,-571.442737429395492654,41008.753741687287401874,9795.998317362054876867
827398.931994241895154119,-2262.493946108028467279,40962.795043001773592550,9741.337208257302336278
827913.134722260409034789,-3838.620396711856301408,40860.253662981915113050,9676.106028925814825925
828368.502040920779109001,-5229.970610189244325738,40721.482887975063931663,9606.978039122024711105
828745.132213302422314882,-6376.453625908114190679,40572.776456062805664260,9541.795736610785752418
829026.564693600405007601,-7230.057492946267302614,40441.673604668707412202,9488.387706941763099167
829200.499531962792389095,-7756.114029066164221149,40352.127590705589682329,9453.380019995163820568
829259.334941321052610874,-7933.780352357884112280,40320.367583595922042150,9441.193744038841032307
829318.170350679312832654,-8111.300633637692953926,40287.865374507156957407,9428.833665266172829433
829492.105189041700214148,-8635.217373375307943206,40187.444676598541263957,9391.279433395719024702
829773.537669339682906866,-9479.953370152499701362,40011.274373210042540450,9327.317875206359531148
830150.167841721326112747,-10604.121132742140616756,39749.159856357851822395,9235.578594468830488040
830605.535160381579771638,-11952.543536646749998908,39392.227716447559942026,9115.363370165641754284
831119.737888400210067630,-13459.267408394713129383,38936.983129222186107654,8967.539083237357772305
831670.302899144240655005,-15051.506791230749513488,38388.872924800736655015,8795.288367538078091457
832233.167859740206040442,-16654.216644946012820583,37764.554500124191690702,8604.534347757527939393
832783.732870484236627817,-18194.775461852077569347,37092.313882084803481121,8403.919741176830939366
833297.935598502750508487,-19607.146402304519142490,36410.446057080065656919,8204.311891210329122259
833753.302917163120582700,-20834.954484287176455837,35763.816163423711259384,8017.900559960811733617
834129.933089544763788581,-21833.158775412004615646,35199.158260422067542095,7857.029968434775582864
834411.365569842746481299,-22568.342116302337672096,34759.862485618104983587,7732.944137658871113672
834585.300408205133862793,-23017.975692977190192323,34481.028178430169646163,7654.622340173757038428
834644.135817563394084573,-23169.234424455084081274,34385.451059879625972826,7627.849627442314158543
834702.971226921654306352,-23320.066499852568085771,34289.240741224617522676,7600.936439187853466137
834876.906065284041687846,-23763.448745430439885240,34001.128837207921606023,7520.556405697081572725
835158.338545582024380565,-24472.724974917240615468,33523.384352636647236068,7387.940724307385607972
835534.968717963667586446,-25405.736355211578484159,32861.973873295479279477,7205.605565668147391989
835990.336036623921245337,-26508.133628657080407720,32029.222776022397738416,6977.903241569007150247
836504.538764642551541328,-27717.751302422948356252,31046.451936158940952737,6711.540084054524413659
837055.103775386582128704,-28969.644404290236707311,29945.810213687487703282,6415.884799178054890945
837617.968735982547514141,-30201.197225467294629198,28770.673139761791389901,6102.931918971537015750
838168.533746726578101516,-31356.604195703745062929,27574.286302462809544522,5786.861507259838617756
838682.736474745091982186,-32390.068166022181685548,26416.715132503428321797,5483.226793393789193942
839138.103793405462056398,-33267.283572030246432405,25360.513173822902899701,5207.879500177519730642
839514.733965787105262280,-33965.127593159668322187,24465.744243628934782464,4975.786876337433568551
839796.166446085087954998,-34469.875568365205253940,23785.045685853467148263,4799.896681021264157607
839970.101284447475336492,-34774.576096270458947401,23359.319950118318956811,4690.174203217442482128
840028.936693805735558271,-34876.379704750834207516,23214.458793827107001562,4652.887536718602859764
840087.772103163995780051,-34977.540834783045283984,23069.169990241884079296,4615.515150249999351217
840261.706941526383161545,-35272.827819927762902807,22637.178401184159156401,4504.536710450140162720
840543.139421824365854263,-35738.563683280422992539,21930.512567109319206793,4323.441492372954598977
840919.769594206009060144,-36338.237324202134914231,20970.399461367058393080,4078.250928317493162467
841375.136912866262719035,-37026.603900174312002491,19788.496250824893650133,3777.707409540953449323
841889.339640884893015027,-37754.754470162726647686,18427.703761379125353415,3433.337974813597611501
842439.904651628923602402,-38475.479869783091999125,16941.988049261162814219,3059.273084754653609707
843002.769612224888987839,-39148.136625291481323075,15394.846832792165514547,2671.754036419622934773
843553.334622968919575214,-39742.243232563771016430,13856.383705132531758863,2288.340080629399380996
844067.537350987433455884,-40239.227571621704555582,12399.291274247581895906,1926.902256572449914529
844522.904669647803530097,-40632.088992709694139194,11094.286193801912304480,1604.539960172789506032
844899.534842029446735978,-40923.154352563833526801,10005.613396550419565756,1336.563310452800578787
845180.967322327429428697,-41120.490047968043654691,9187.138297644334670622,1135.650911526119671180
845354.902160689816810191,-41233.786894744313030969,8679.334156351054843981,1011.235402470401822939
845413.737570048077031970,-41270.608699324911867734,8507.243253554224793334,969.112597223114789813
845472.572979406337253749,-41306.670009292829490732,8334.995587559074920136,926.971932784397722571
845646.507817768724635243,-41408.824150332475255709,7824.894564861089747865,802.294752375315511017
845927.940298066707327962,-41559.981651491478260141,6996.900614424266677815,600.297922692470820039
846304.570470448350533843,-41734.843903997789311688,5884.274564778090280015,329.592415775614426821
846759.937789108604192734,-41904.167452463640074711,4533.191224651069205720,1.980710640060351579
847274.140517127234488726,-42039.756991140537138563,3001.604370149441820104,-367.943731291941730888
847824.705527871265076101,-42119.339060007005173247,1357.083267905407410581,-763.439971750625772984
848387.570488467230461538,-42130.443268004521087278,-326.420579183257359546,-1166.493409648328452022
848938.135499211261048913,-42072.565217967443459202,-1972.623247609815734904,-1558.840568724112017662
849452.338227229774929583,-41957.195875713550776709,-3507.279945405542093795,-1923.015740323136924417
849907.705545890145003796,-41805.713269297215447295,-4862.287218414589005988,-2243.277954556770055206
850284.335718271788209677,-41645.544841185510449577,-5979.010811663574713748,-2506.308005303866593749
850565.768198569770902395,-41505.322711474094830919,-6810.568125403828162234,-2701.629337601154475124
850739.703036932158283889,-41409.905581575476389844,-7323.085137221838522237,-2821.780127695436021895
850798.538446290418505669,-41376.119179260895180050,-7496.186900033491838258,-2862.320561967697358341
850857.373855648678727448,-41341.570205666044785175,-7669.150506417259748559,-2902.808239097439582110
851031.308694011066108942,-41234.979943046731932554,-8179.643261271987284999,-3022.186035777524011792
851312.741174309048801661,-41048.453525710538087878,-9002.811539414797152858,-3214.303887235897491337
851689.371346690692007542,-40771.764714736877067480,-10098.424893842537130695,-3469.272675266920487047
852144.738665350945666432,-40396.134005748353956733,-11412.822710526634182315,-3774.027569143067012192
852658.941393369575962424,-39918.383600157838372979,-12881.825725502792920452,-4113.131947127136299969
853209.506404113606549799,-39344.577487845592258964,-14434.555652863804425579,-4469.785282262100736261
853772.371364709571935236,-38692.325660404902009759,-15997.875817265819932800,-4826.945090102928588749
854322.936375453602522612,-37991.183279410157410894,-17500.947792697224940639,-5168.427409074933166266
854837.139103472116403282,-37280.957000854112266097,-18879.291019278105522972,-5479.834290613618577481
855292.506422132486477494,-36608.147452030483691487,-20077.796454363029624801,-5749.182878043700839044
855669.136594514129683375,-36021.103013453226594720,-21052.378745504182006698,-5967.175447511917809607
855950.569074812112376094,-35564.657199382003454957,-21770.285045345306571107,-6127.134702310630018474
856124.503913174499757588,-35275.046920069646148477,-22209.404432773117150646,-6224.707218317338629276
856183.339322532759979367,-35175.794573076629603747,-22357.135287690900440793,-6257.486037069460508064
856242.174731891020201147,-35075.893911254395789001,-22504.454084757708187681,-6290.149517340085367323
856416.109570253407582641,-34776.784575451201817486,-22937.536033926990057807,-6386.032103258441566140
856697.542050551390275359,-34280.972267996556183789,-23630.421663771376188379,-6538.987860667426502914
857074.172222933033481240,-33594.865745615716150496,-24542.041800157159741502,-6739.356789861945799203
857529.539541593287140131,-32731.492271291594079230,-25619.428132456720049959,-6974.803114621807253570
858043.742269611917436123,-31713.180510212238004897,-26801.957737934768374544,-7231.400104718190050335
858594.307280355948023498,-30573.411430899555853102,-28026.246709613122220617,-7494.848698146082824678
859157.172240951913408935,-29357.193724228571227286,-29231.121089916669006925,-7751.676491403626641841
859707.737251695943996310,-28119.638108835126331542,-30361.985388306893582921,-7990.246057356847813935
860221.939979714457876980,-26922.798859599548450205,-31373.951064512126322370,-8201.421803625673419447
860677.307298374827951193,-25831.209705382156244013,-32233.302028327241714578,-8378.805217325711055310
861053.937470756471157074,-24906.768268237392476294,-32917.219341753043408971,-8518.536783877201742143
861335.369951054453849792,-24203.673495385366550181,-33412.069666418705310207,-8618.755648174230373115
861509.304789416841231287,-23764.015277815553417895,-33710.872982101041998249,-8678.879770156776430667
861568.140198775101453066,-23614.426113299596181605,-33810.720040965701628011,-8698.901503608367420384
861626.975608133361674845,-23464.401772253251692746,-33909.944021729686937761,-8718.762918139438625076
861800.910446495749056339,-23018.367383095472177956,-34199.618047557938552927,-8776.538060282919104793
862082.342926793731749058,-22288.848137240893265698,-34656.634287913497246336,-8867.022158406771268346
862458.973099175374954939,-21297.911961409299692605,-35245.345699506979144644,-8982.257104184691343107
862914.340417835628613830,-20078.407953910565993283,-35921.550879043694294523,-9112.516831528258990147
863428.543145854258909822,-18674.767856068014225457,-36637.424218701366044115,-9247.507566491703983047
863979.108156598289497197,-17142.785442067346593831,-37346.737111062910116743,-9377.611296128112371662
864541.973117194254882634,-15548.006009428798279259,-38009.600991618986881804,-9494.978914932793486514
865092.538127938285470009,-13962.693502762391290162,-38595.981544595844752621,-9594.292609284495483735
865606.740855956799350679,-12461.689199199936410878,-39087.419197346716828179,-9673.070445141443997272
866062.108174617169424891,-11117.721947772464773152,-39476.723477278770587873,-9731.472023852324127802
866438.738346998812630773,-9996.803262687324604485,-39765.812920918622694444,-9771.662651485132300877
866720.170827296795323491,-9154.236415256782493088,-39962.244935642163909506,-9796.879947538322085165
866894.105665659182704985,-8631.549339058845362160,-40075.228697916543751489,-9810.400647890028267284
866952.941075017442926764,-8454.425792652800737415,-40111.987073509568290319,-9814.616714672041780432
867011.776484375703148544,-8277.146484174685610924,-40148.006436627263610717,-9818.651946145864712889
867185.711322738090530038,-7752.177194234835042153,-40250.162247758613375481,-9829.523062150690748240
867467.143803036073222756,-6900.152266622440947685,-40401.720492022715916391,-9843.759809843233597348
867843.773975417716428638,-5755.433146580042375717,-40577.889296196073701140,-9856.318915275214749272
868299.141294077970087528,-4365.681173100056184921,-40749.970159122509357985,-9861.566224555968801724
868813.344022096600383520,-2790.655799959706200752,-40890.221706843723950442,-9854.409296221045224229
869363.909032840630970895,-1099.956662711607350502,-40976.612209653911122587,-9831.376080356221791590
869926.773993436596356332,630.326668699352012482,-40996.611642040697915945,-9791.435572684280487010
870477.339004180626943707,2321.791784712193475571,-40949.316180746573081706,-9736.398129454060835997
870991.541732199140824378,3898.215935319742129650,-40845.499098098523973022,-9670.811516894147644052
871446.909050859510898590,5289.756638881830440369,-40705.581447273994854186,-9601.366813863864081213
871823.539223241154104471,6436.344571013083623257,-40555.917365114357380662,-9535.921965052493760595
872104.971703539136797190,7289.995463216757343616,-40424.095081614832452033,-9482.317785787050524959
872278.906541901524178684,7816.067584231575892773,-40334.103283937125524972,-9447.189010679172497476
872337.741951259784400463,7993.736843926213623490,-40302.192339355395233724,-9434.961812572011695011
872396.577360618044622242,8171.258879951630660798,-40269.539134073544119019,-9422.560834290718048578
872570.512198980432003736,8695.173892113809415605,-40168.671792170738626737,-9384.885846003653568914
872851.944679278414696455,9539.885188319218286779,-39991.778493273544881959,-9320.729512933346995851
873228.574851660057902336,10663.977529657502600458,-39728.697372170172457118,-9228.731144370100082597
873683.942170320311561227,12012.244128893558809068,-39370.601183862199832220,-9108.205856360666075489
874198.144898338941857219,13518.707563299183675554,-38914.053276092985470314,-8960.036876807742373785
874748.709909082972444594,15110.569888087418803480,-38364.567298216519702692,-8787.425097897586965701
875311.574869678937830031,16712.791166876872011926,-37738.870916145162482280,-8596.312314640901604434
875862.139880422968417406,18252.773720792923995759,-37065.317700631690968294,-8395.358678573680663249
876376.342608441482298076,19664.521264336501189973,-36382.261670804822642822,-8195.446290342773863813
876831.709927101852372289,20891.710928558801242616,-35734.614462836419988889,-8008.776089578688697657
877208.340099483495578170,21889.358309421186277177,-35169.142691677676339168,-7847.699711454039061209
877489.772579781478270888,22624.099553038795420434,-34729.256338711602438707,-7723.465327093315863749
877663.707418143865652382,23073.449103842918702867,-34450.064952057560731191,-7645.054042124418629101
877722.542827502125874162,23224.609927763311134186,-34354.368458356308110524,-7618.251470595128921559
877781.378236860386095941,23375.343179131006763782,-34258.039489657217927743,-7591.308634176148188999
877955.313075222773477435,23818.427971585268096533,-33969.581129711652465630,-7510.842199201866606018
878236.745555520756170154,24527.206474320577399340,-33491.290080108745314647,-7378.090749733204575023
878613.375727902399376035,25459.521075213873700704,-32829.176391158318438102,-7195.581951936761470279
879068.743046562653034925,26561.031339090863184538,-31995.620463633975305129,-6967.682494795935781440
879582.945774581283330917,27769.592695944556908216,-31012.003863476282276679,-6701.114316422081174096
880133.510785325313918293,29020.295979360664205160,-29910.534786591371812392,-6405.261063766254665097
880696.375745921279303730,30250.576178798066393938,-28734.639685675567307044,-6092.129715219427453121
881246.940756665309891105,31404.690288642967061605,-27537.600965311816253234,-5775.908885423847095808
881761.143484683823771775,32436.910167515823559370,-26379.503731905548193026,-5472.155794924878136953
882216.510803344193845987,33312.999181800136284437,-25322.904379219813563395,-5196.721814445274503669
882593.140975725837051868,34009.897210728457139339,-24427.856256947918154765,-4964.570518970544071635
882874.573456023819744587,34513.931367146396951284,-23746.978673479119606782,-4788.644232152899348876
883048.508294386207126081,34818.188264243384764995,-23321.155040890509553719,-4678.902773961828643223
883107.343703744467347860,34919.841436856157088187,-23176.262981884712644387,-4641.610262880534719443
883166.179113102727569640,35020.851958012404793408,-23030.944395763282955159,-4604.232323024272773182
883340.113951465114951134,35315.692777530952298548,-22598.871321549588174094,-4493.239169152187969303
883621.546431763097643852,35780.704318894269817974,-21892.094455094025761355,-4312.125535210678208387
883998.176604144740849733,36379.405549703828000929,-20931.873106879131228197,-4066.920742579120997107
884453.543922804994508624,37066.594964016425365116,-19749.900754449838132132,-3766.375885882964212215
884967.746650823624804616,37793.419501155345642474,-18389.111216676370531786,-3422.025655642933998024
885518.311661567655391991,38512.735674316725635435,-16903.493225996331602801,-3048.005363871659938013
886081.176622163620777428,39183.970699956837052014,-15356.551637247153848875,-2660.557105050273094093
886631.741632907651364803,39776.712733465443307068,-13818.379383267783850897,-2277.236400590361881768
887145.944360926165245473,40272.452327081664407160,-12361.641831624270707835,-1915.906442909817997133
887601.311679586535319686,40664.240056893751898315,-11057.016154434480995405,-1593.655839818846288836
887977.941851968178525567,40954.440536545553186443,-9968.701953307674557436,-1325.782636576648656046
888259.374332266161218286,41151.144990959750430193,-9150.520511409216851462,-1124.953859318480681395
888433.309170628548599780,41264.058553806120471563,-8642.908585165576369036,-1000.592661418220814085
888492.144579986808821559,41300.751935269501700532,-8470.884525946057692636,-958.488674109768908238
888550.979989345069043338,41336.685454665181168821,-8298.704617169634730089,-916.367050964818190550
888724.914827707456424832,41438.465579064526536968,-7788.809195311223447789,-791.747454115738946712
889006.347308005439117551,41589.030231240867578890,-6961.164359889407933224,-589.847804290093336022
889382.977480387082323432,41763.124113667137862649,-5849.036346609187603462,-319.279836911326128757
889838.344799047335982323,41931.559224089338385966,-4498.600187003095925320,8.154690730534639442
890352.547527065966278315,42066.202399292924383190,-2967.799844067958474625,377.865676120305579389
890903.112537809996865690,42144.842323181008396205,-1324.181399925095320214,773.118928199317451799
891465.977498405962251127,42155.063826935576798860,358.340942333968996536,1175.910076264208328212
892016.542509149992838502,42096.405018259167263750,2003.532485642987012397,1567.988730920627858723
892530.745237168506719172,41980.383274043539131526,3537.204987344848632347,1931.903926005736138904
892986.112555828876793385,41828.386729066587577108,4891.313019087123393547,2251.929616221608739579
893362.742728210519999266,41667.839504859155567829,6007.276109912949323189,2514.760294391689967597
893644.175208508502691984,41527.362071065559575800,6838.256679715173959266,2709.930790372574847424
893818.110046870890073478,41431.799125352852570359,7350.414084877404093277,2829.987678608773421729
893876.945456229150295258,41397.965478567559330259,7523.393710076859861147,2870.496244235055200988
893935.780865587410517037,41363.370314088249870110,7696.234942065369978081,2910.952003013870125869
894109.715703949797898531,41256.649671646599017549,8206.364621034175797831,3030.235169554307503859
894391.148184247780591249,41069.931899364288256038,9028.941779685490473639,3222.199166382491966942
894767.778356629423797131,40793.025060827792913187,10123.758469858490570914,3476.960985654794058064
895223.145675289677456021,40417.189063179488584865,11437.187533323936804663,3781.464739340186497429
895737.348403308307752013,39939.283532095323607791,12905.094116546497389209,4120.285500906702509383
896287.913414052338339388,39365.400977344434068073,14456.653435152307793032,4476.636654034318780759
896850.778374648303724825,38713.165695488169149030,16018.787570203938230406,4833.490834639236709336
897401.343385392334312201,38012.130406474876508582,17520.716942962542816531,5174.679107704960188130
897915.546113410848192871,37302.083352581314102281,18898.014644211441918742,5485.817154434571421007
898370.913432071218267083,36629.494556104946241248,20095.615979555346712004,5754.933361179257190088
898747.543604452861472964,36042.675385281625494827,21069.468621925734623801,5972.738390102578705410
899028.976084750844165683,35586.422395467008755077,21786.841667099673941266,6132.560551713515451411
899202.910923113231547177,35296.941511343415186275,22225.636992248524620663,6230.049731047362001846
899261.746332471491768956,35197.734673067992844153,22373.259222415093972813,6262.800610183654498542
899320.581741829751990736,35097.880390872196585406,22520.469908180115453433,6295.436279821329662809
899494.516580192139372230,34798.913209933038160671,22953.235317418286285829,6391.237418726555915782
899775.949060490122064948,34303.346589618544385303,23645.618853580606810283,6544.063910513537848601
900152.579232871765270829,33617.598242255109653343,24556.587658529570035171,6744.264970398395234952
900607.946551532018929720,32754.700719769294664729,25633.220160750141076278,6979.516650638197461376
901122.149279550649225712,31736.979452053266868461,26814.946102616777352523,7235.905521778044203529
901672.714290294679813087,30597.900195205766067374,28038.434512164843908977,7499.145888216447929153
902235.579250890645198524,29382.443448211248323787,29242.558668384728662204,7755.777320163677359233
902786.144261634675785899,28145.680548586133227218,30372.759543015090457629,7994.171751840392971644
903300.346989653189666569,26949.619296029391989578,31384.171268375990621280,8205.199629425191233167
903755.714308313559740782,25858.745129319089755882,32243.086375886043242645,8382.465104321137914667
904132.344480695202946663,24934.910718500796065200,32926.682945818574808072,8522.108532874965021620
904413.776960993185639381,24232.277410714603320230,33421.317459156205586623,8622.267162734529847512
904587.711799355573020875,23792.907312852046743501,33719.997697158651135396,8682.356479503916489193
904646.547208713833242655,23643.416064583296247292,33819.804913542284339201,8702.366859753648896003
904705.382618072093464434,23493.489856730397150386,33918.989958904094237369,8722.217133736881805817
904879.317456434480845928,23047.746765865194902290,34208.554196451201278251,8779.960586202334525296
905160.749936732463538647,22318.702156196995929349,34665.409679178490478080,8870.397356402423611144
905537.380109114106744528,21328.406138262427703012,35253.938735538038599771,8985.576606190126767615
905992.747427774360403419,20109.680803267001465429,35929.973673190797853749,9115.780657841187348822
906506.950155792990699410,18706.921523729055479635,36645.720810240010905545,9250.723781567943660775
907057.515166537021286786,17175.877919959551945794,37354.975707474506634753,9380.794254800133785466
907620.380127132986672223,15582.046780059761658777,38017.861643249976623338,9498.146446903298055986
908170.945137877017259598,13997.643841405115381349,38604.341686855877924245,9597.462721219173545251
908685.147865895531140268,12497.467203637301281560,39095.939948746345180552,9676.258208508141251514
909140.515184555901214480,11154.211120067811862100,39485.439292912014934700,9734.687231021995103220
909517.145356937544420362,10033.862623811415687669,39774.726290078011516016,9774.908599687219975749
909798.577837235527113080,9191.709998968704894651,39971.326632746604445856,9800.153437304779799888
909972.512675597914494574,8669.273489806517318357,40084.423043423092167359,9813.693051783036935376
910031.348084956174716353,8492.233721749456890393,40121.220986444554000627,9817.915836784821294714
910090.183494314434938133,8315.037685913448513020,40157.280648540145193692,9821.957946364265808370
910264.118332676822319627,7790.311554128718853462,40259.559825875934620854,9832.850318956152477767
910545.550812974805012345,6938.670158829954743851,40411.330799300827493425,9847.124312470688892063
910922.180985356448218226,5794.444098216896236409,40587.808773866760020610,9859.738553956420219038
911377.548304016701877117,4405.255321799260855187,40760.298954999328998383,9865.060135288385936292
911891.751032035332173109,2830.819507419546425808,40901.056212924559076782,9857.996287446851056302
912442.316042779362760484,1140.693324529980600346,40988.034794889179465827,9835.072447730959538603
913005.181003375328145921,-589.070401585246145260,41008.679760330756835174,9795.252802383420203114
913555.746014119358733296,-2280.095313042918860447,40962.053282725966710132,9740.341029057894047583
914069.948742137872613966,-3856.171585046271502506,40858.889274472363467794,9674.877179973966121906
914525.316060798242688179,-5247.456758475447713863,40719.568677126189868432,9605.544572459391929442
914901.946233179885894060,-6393.871409067469357979,40570.409053845440212172,9540.194215385625284398
915183.378713477868586779,-7247.415611322554468643,40438.968703493002976757,9486.661389651857462013
915357.313551840255968273,-7773.431615293542563450,40349.214662591512023937,9451.576934322951274225
915416.148961198516190052,-7951.083597164069942664,40317.384392145024321508,9439.364755576523748459
915474.984370556776411831,-8128.589218483823060524,40284.811974485892278608,9426.978807649113150546
915648.919208919163793325,-8652.460758846304088365,40184.184052072952908929,9389.348300219779048348
915930.351689217146486044,-9497.117748655429750215,40007.679575225592998322,9325.263988354567118222
916306.981861598789691925,-10621.168473294055729639,39745.120235366070119198,9233.361792548359517241
916762.349180259043350816,-11969.432205981625884306,39387.654371354983595666,9112.951837358796183253
917276.551908277673646808,-13475.954524846798449289,38931.813182586593029555,8964.910864949841197813
917827.116919021704234183,-15067.952095449953048956,38383.072255110622791108,8792.432242564889747882
918389.981879617669619620,-16670.387328628501563799,37758.118677347687480506,8601.449984049573686207
918940.546890361700206995,-18210.651158413900702726,37085.267256238752452191,8400.617148697758238995
919454.749618380214087665,-19622.723465357958048116,36402.839197562330809887,8200.810282155322056497
919910.116937040584161878,-20850.248775746724277269,35755.722070177340356167,8014.226806739610765362
920286.747109422227367759,-21848.206425811215012800,35190.667896514081803616,7853.216888571656454587
920568.179589720210060477,-22583.198042449592321645,34751.080175229137239512,7729.028819390372518683
920742.114428082597441971,-23032.709991221367090475,34472.067276005422172602,7650.644656911059428239
920800.949837440857663751,-23183.927042819610505830,34376.430071421513275709,7623.850992869065521518
920859.785246799117885530,-23334.717167687653272878,34280.159832721423299517,7596.916926914538635174
921033.720085161505267024,-23777.973819835162430536,33991.871768721925036516,7516.475606964322651038
921315.152565459487959743,-24487.041890905289619695,33513.845416733143792953,7383.762156892338680336
921691.782737841131165624,-25419.765275117060809862,32852.064029788212792482,7201.298919263765128562
922147.150056501384824514,-26521.800223103775351774,32018.874489443922357168,6973.446087973661633441
922661.352784520015120506,-27730.990648393570154440,31035.622296565758006182,6706.918894660197111079
923211.917795264045707881,-28982.405651947534352075,29934.482075983272807207,6411.095184161797078559
923774.782755860011093318,-30213.448416961407929193,28758.854247663715796079,6097.978100518699648092
924325.347766604041680694,-31368.336483676037460100,27562.006637760983721819,5781.755148333733814070
924839.550494622555561364,-32401.298708187467127573,26404.022989830547885504,5477.985400008041324327
925294.917813282925635576,-33278.056557413241534960,25347.470632928969280329,5202.524672763658600161
925671.547985664568841457,-33975.513128837621479761,24452.422744342671649065,4970.342687068976374576
925952.980465962551534176,-34479.966450005355000030,23771.522288711355940904,4794.388395884892815957
926126.915304324938915670,-34784.482735846242576372,23345.674616915253864136,4684.627463690707372734
926185.750713683199137449,-34886.223659666771709453,23200.772710494544298854,4647.327991365458728978
926244.586123041459359229,-34987.321923581526789349,23055.443408821556658950,4609.942901477919804165
926418.520961403846740723,-35282.422007961074996274,22623.333576600380183663,4498.927507758959109196
926699.953441701829433441,-35747.852198948028672021,21916.481148992512316909,4317.774412146889517317
927076.583614083472639322,-36347.110663612249481957,20956.127596778642327990,4072.510134096377441892
927531.950932743726298213,-37034.966345862361777108,19773.948072802122624125,3771.883282828497613082
928046.153660762356594205,-37762.528940406969923060,18412.862878874722809996,3427.427479015783319483
928596.718671506387181580,-38482.612670665017503779,16926.856918386030883994,3053.279334429305890808
929159.583632102352567017,-39154.601524739402520936,15379.444200794059725013,2665.685167664782056818
929710.148642846383154392,-39748.044262423522013705,13840.740622850913496222,2282.207633755522692809
930224.351370864897035062,-40244.400095657321799081,12383.446403143774659839,1920.719363557527685771
930679.718689525267109275,-40636.698812475304293912,11078.281228825297148433,1598.319655771487305174
931056.348861906910315156,-40927.294888636439281981,9989.489357950944395270,1330.317249335934320698
931337.781342204893007874,-41124.277854218256834429,9170.933224827829690184,1129.388681843647646019
931511.716180567280389369,-41237.355892883606429677,8663.082415394797862973,1004.964499839701602468
931570.551589925540611148,-41274.103551120431802701,8490.976318562483356800,962.838989396845136071
931629.386999283800832927,-41310.090650248654128518,8318.713758263234922197,920.695735372606577585
931803.321837646188214421,-41412.025038192303327378,7808.570459072441735771,796.011575927146623144
932084.754317944170907140,-41562.825893287568760570,6980.513674491048732307,594.005597681858489523
932461.384490325814113021,-41737.209007269491849001,5867.814350006134191062,323.291999226323241601
932916.751808986067771912,-41905.950894068133493420,4516.659018265047052409,-4.323135123002430191
933430.954537004698067904,-42040.881278655979258474,2985.012810201347747352,-374.243084090408956399
933981.519547748728655279,-42119.755844265360792633,1340.454045169950404670,-769.724684928889473667
934544.384508344694040716,-42130.136049932909372728,-343.060568434222659562,-1172.752672570171853295
935094.949519088724628091,-42071.550305480479437392,-1989.246618497221788857,-1565.064723743238573661
935609.152247107238508761,-41955.521460251642565709,-3523.863569639659544919,-1929.198033758784731617
936064.519565767608582973,-41803.456746329196903389,-4878.816152433901152108,-2249.415908140243118396
936441.149738149251788855,-41642.808714339967991691,-5995.480721790379902814,-2512.404163336726924172
936722.582218447234481573,-41502.229534033445816021,-6826.985808232835552189,-2707.691256924994377187
936896.517056809621863067,-41406.592376849490392487,-7339.467078684865555260,-2827.819607141889719060
936955.352466167882084846,-41372.731666782776301261,-7512.556154025405703578,-2868.352230484215397155
937014.187875526142306626,-41338.108447829137730878,-7685.506771241001843009,-2908.831985508233628934
937188.122713888529688120,-41231.299072108340624254,-8195.959364302609174047,-3028.185713368144206470
937469.555194186512380838,-41044.419392782605427783,-9019.057095772739558015,-3220.262575369819387561
937846.185366568155586720,-40767.260511610998946708,-10114.565327347409038339,-3475.172580233334883815
938301.552685228409245610,-40391.066034895244229119,-11428.819774153795151506,-3779.850455515112116700
938815.755413247039541602,-39912.685776414225983899,-12897.639673942852823529,-4118.860140128319471842
939366.320423991070128977,-39338.214183283846068662,-14450.148867091316787992,-4475.403149952904641395
939929.185384587035514414,-38685.292630142408597749,-16013.217356125045625959,-4832.440796724313258892
940479.750395331066101789,-37983.506626296199101489,-17516.018119212392775808,-5173.794654359367996221
940993.953123349579982460,-37272.690400626852351706,-18894.086073523540107999,-5485.073731889042392140
941449.320442009950056672,-36599.368096428333956283,-20092.330332523364631925,-5754.302974732385337120
941825.950614391593262553,-36011.906861842020589393,-21066.684471279535500798,-5972.192558359147369629
942107.383094689575955272,-35555.154118859085428994,-21784.413224570605962072,-6132.072380231951683527
942281.317933051963336766,-35265.356142768279823940,-22223.419898542728333268,-6229.594760675357974833
942340.153342410223558545,-35166.040657078723597806,-22371.112114996220043395,-6262.356441906271356856
942398.988751768483780324,-35066.077036350725393277,-22518.392016007484926376,-6295.002694887367397314
942572.923590130871161819,-34766.782638048513035756,-22951.357477521443797741,-6390.833829965118638938
942854.356070428853854537,-34270.674318786936055403,-23644.049919580495043192,-6543.704703604827955132
943230.986242810497060418,-33584.178472276071261149,-24555.402543913958652411,-6743.956930432028457290
943686.353561470750719309,-32720.345089689122687560,-25632.451984681574685965,-6979.257524370706960326
944200.556289489381015301,-31701.528819414081226569,-26814.583908552689536009,-7235.684051756772532826
944751.121300233411602676,-30561.237756313981662970,-28038.427391868470294867,-7498.943449975948169595
945313.986260829376988113,-29344.506721170844684821,-29242.826021186461730395,-7755.570993457713484531
945864.551271573407575488,-28106.469692848848353606,-30373.205864307856245432,-7993.938329160238936311
946378.753999591921456158,-26909.200003951082180720,-31384.702717636166198645,-8204.919814839984610444
946834.121318252291530371,-25817.245625902192841750,-32243.625848548872454558,-8382.127076360771752661
947210.751490633934736252,-24892.513747128883551341,-32927.180676189636869822,-8521.710170294067211216
947492.183970931917428970,-24189.208961390650074463,-33421.755213455217017327,-8621.816519899610284483
947666.118809294304810464,-23749.423993161173711997,-33720.386034442730306182,-8681.870455765831138706
947724.954218652565032244,-23599.792484801721002441,-33820.174396987749787513,-8701.868338412339653587
947783.789628010825254023,-23449.726069631979044061,-33919.339507267322915141,-8721.705847476707276655
947957.724466373212635517,-23003.568881724953826051,-34208.838486561995523516,-8779.410002607077331049
948239.156946671195328236,-22273.856000699561263900,-34665.568364049286174122,-8869.778266920864552958
948615.787119052838534117,-21282.670596213538374286,-35253.890677672789024655,-8984.856387830612220569
949071.154437713092193007,-20062.880645432967867237,-35929.616830867227690760,-9114.923895907511905534
949585.357165731722488999,-18658.938280833412136417,-36644.938582860842871014,-9249.694394483154610498
950135.922176475753076375,-17126.656935371916915756,-37353.649185982510971371,-9379.558911540818371577
950698.787137071718461812,-15531.598799474064435344,-38015.885809562612848822,-9496.678730177849502070
951249.352147815749049187,-13946.040445548009302001,-38601.642561107852088753,-9595.747265417809103383
951763.554875834262929857,-12444.830790179308678489,-39092.489351612959580962,-9674.294008350854710443
952218.922194494633004069,-11100.701483771663333755,-39481.264399402054550592,-9732.489489558483910514
952595.552366876276209950,-9979.662951325524772983,-39769.912312877109798137,-9772.508798629172815708
952876.984847174258902669,-9137.014992805656220298,-39966.012363677356916014,-9797.597655472196493065
953050.919685536646284163,-8614.281415229190315586,-40078.790159292730095331,-9811.038821616111818003
953109.755094894906505942,-8437.142768223879102152,-40115.478733131087210495,-9815.227961217839038000
953168.590504253166727722,-8259.848677588386635762,-40151.428230282741424162,-9819.236254278039268684
953342.525342615554109216,-7734.837552065255295020,-40253.377133936977770645,-9830.027671485222526826
953623.957822913536801934,-6882.750849604832183104,-40404.599515290705312509,-9844.135297862027073279
954000.587995295180007815,-5737.960540027583192568,-40580.316977844348002691,-9856.521368272238760255
954455.955313955433666706,-4348.140113710651348811,-40751.849734368857752997,-9861.559278084827383282
954970.158041974063962698,-2773.060715666266332846,-40891.479905356660310645,-9854.165918390721344622
955520.723052718094550073,-1082.331177765729080420,-40977.203161891440686304,-9830.879942690506140934
956083.588013314059935510,647.953845921678293962,-40996.519476471636153292,-9790.681861693523387657
956634.153024058090522885,2339.391870682833541650,-40948.555979413496970665,-9735.393702824268984841
957148.355752076604403555,3915.765084061546076555,-40844.116078451210341882,-9669.574390883342857705
957603.723070736974477768,5307.240065013764251489,-40703.648478039591282140,-9599.925058937533322023
957980.353243118617683649,6453.759061807541002054,-40553.531128891096159350,-9534.312157038675650256
958261.785723416600376368,7307.349860746187914629,-40421.371307587534829509,-9480.583189179149485426
958435.720561778987757862,7833.381184077130455989,-40331.171466558349493425,-9445.377653029299835907
958494.555971137247979641,8011.036012439297337551,-40299.190254404173174407,-9433.124555085898464313
958553.391380495508201420,8188.543298555196088273,-40266.466836983068787958,-9420.697710841606749455
958727.326218857895582914,8712.412845270366233308,-40165.392263927460589912,-9382.946457821908552432
959008.758699155878275633,9557.044703801751893479,-39988.164793171999917831,-9318.667392986160848523
959385.388871537521481514,10681.019431415603321511,-39724.638875114811526146,-9226.506147137410152936
959840.756190197775140405,12029.126666201867919881,-39366.009030735433043446,-9105.786186763816658640
960354.958918216405436397,13535.387771925546985585,-38908.864646012742014136,-8957.400604484868381405
960905.523928960436023772,15127.007466180839401204,-38358.748134052693785634,-8784.561026741434034193
961468.388889556401409209,16728.953305743292730767,-37732.416850464265735354,-8593.220135030485835159
962018.953900300431996584,18268.640093827278178651,-37058.253133660029561725,-8392.048416565787192667
962533.156628318945877254,19680.088300179348152597,-36374.637200265504361596,-8191.937164716571714962
962988.523946979315951467,20906.994591490023594815,-35726.503088468067289796,-8005.094967789515067125
963365.154119360959157348,21904.394851173863571603,-35160.635345225535274949,-7843.879393947459902847
963646.586599658941850066,22638.944022768300783355,-34720.457283590301813092,-7719.542873840811807895
963820.521438021329231560,23088.171735686839383561,-34441.087457977082522120,-7641.069289319832023466
963879.356847379589453340,23239.290809578618791420,-34345.330931060387229081,-7614.245788953474402661
963938.192256737849675119,23389.982040722279634792,-34248.942095653583237436,-7587.282097476392664248
964112.127095100237056613,23832.941036402138706762,-33960.307736403272429015,-7506.754443950168933952
964393.559575398219749331,24541.511060459430154879,-33481.735088656154402997,-7373.905338674816448474
964770.189747779862955213,25473.537254294271406252,-32819.250869807285198476,-7191.268618499892909313
965225.557066440116614103,26574.684724142665800173,-31985.256981037055084016,-6963.218851499990705634
965739.759794458746910095,27782.818342757302161772,-31001.159602783118316438,-6696.486869811578799272
966290.324805202777497470,29033.043052208500739653,-29899.192676484082767274,-6400.465450626365054632
966853.189765798742882907,30262.812763910631474573,-28722.807515851651260164,-6087.170172986607212806
967403.754776542773470283,31416.407603816020127852,-27525.308729235512146261,-5770.797078873063583160
967917.957504561287350953,32448.125446126687165815,-26366.799697907139488962,-5466.909217489450384164
968373.324823221657425165,33323.756688626373943407,-25309.850562794563302305,-5191.362039963049028302
968749.954995603300631046,34020.267120763550337870,-24414.523999268618354108,-4959.121580527196783805
969031.387475901283323765,34524.006531589555379469,-23733.444908090830722358,-4783.131346518322970951
969205.322314263670705259,34828.079137932632875163,-23307.499581866861262824,-4673.351526065063808346
969264.157723621930927038,34929.669610787015699316,-23162.566854928816610482,-4636.046240351370215649
969322.993132980191148818,35030.617251420284446795,-23017.207853006395453122,-4598.655628283366240794
969496.927971342578530312,35325.271131648107257206,-22585.016779367542767432,-4487.625612804757111007
969778.360451640561223030,35789.976951195749279577,-21878.053714934001618531,-4306.454250766404584283
970154.990624022204428911,36388.262964523753907997,-20917.592450993332022335,-4061.175943955287948484
970610.357942682458087802,37074.941473429913457949,-19735.344427100579196122,-3760.547995445525884861
971124.560670701088383794,37801.178071892245498020,-18374.262907066578918602,-3416.111665683773026103
971675.125681445118971169,38519.852673289722588379,-16888.355434258664899971,-3042.008404084921494359
972237.990642041084356606,39190.419958583435800392,-15341.143115747916453984,-2654.485312199194595451
972788.555652785114943981,39782.498338780722406227,-13802.731149919527524617,-2271.101301728256657952
973302.758380803628824651,40277.609679438530292828,-12345.792481051023059990,-1909.721144541374087567
973758.125699463998898864,40668.834968730232503731,-11041.007287456850463059,-1587.433341543630376691
974134.755871845642104745,40958.566410093226295430,-9952.574476424801105168,-1319.534551047694549197
974416.188352143624797463,41154.918333667221304495,-9134.312337814095371868,-1118.689728377012215788
974590.123190506012178957,41267.613217882237222511,-8626.653947939827048685,-994.319932077170960838
974648.958599864272400737,41304.232497905213676859,-8454.614763129815401044,-952.213264512221940095
974707.794009222532622516,41340.091851917597523425,-8282.420028117216133978,-910.089076578271487961
974881.728847584920004010,41441.652360801679606084,-7772.482528748652839568,-785.462573149128729710
975163.161327882902696729,41591.860599453073518816,-6944.775173812835419085,-583.553889239676209399
975539.791500264545902610,41765.475673129061760847,-5832.574291878110670950,-312.977977974111126969
975995.158818924799561501,41933.329547583336534444,-4482.066607705048227217,14.459809263466013363
976509.361546943429857492,42067.314082704229804222,-2951.207404925218725111,384.166122491002170136
977059.926557687460444868,42145.247089579417661298,-1307.551784597999358084,779.404558331701991847
977622.791518283425830305,42154.745224857215362135,374.980874157779908273,1182.170092637181369355
978173.356529027456417680,42095.379371426046418492,2020.155407603167986963,1574.213496806562034180
978687.559257045970298350,41978.698753775541263167,3553.787842139870917890,1938.086713115448219469
979142.926575706340372562,41826.120674329089524690,4907.840937300854420755,2258.067972856337291887
979519.556748087983578444,41665.094329374122025911,6023.744827608847117517,2520.856789999637840083
979800.989228385966271162,41524.260210493557679001,6854.673054394581413362,2715.993004000159999123
979974.924066748353652656,41428.477465026408026461,7366.794653678116446827,2836.027428047844296088
980033.759476106613874435,41394.569587702957505826,7539.761570801529160235,2876.528174942122859647
980092.594885464874096215,41359.900255196502257604,7712.589793633822409902,2916.976004025749716675
980266.529723827261477709,41252.960728903541166801,8222.679255326896964107,3036.235080557027686154
980547.962204125244170427,41065.890067263397213537,9045.185788996204792056,3228.158057591845135903
980924.592376506887376308,40788.513659576310601551,10139.897273750662861858,3482.861060742488916731
981379.959695167141035199,40412.114501667798322160,11453.182901566535292659,3787.287767639350931859
981894.162423185771331191,39933.579802885309618432,12920.906339990593551192,4126.013819228592183208
982444.727433929801918566,39359.032495963510882575,14472.244944901824055705,4482.254646954093914246
983007.592394525767304003,38706.128223545973014552,16034.127480552218912635,4838.986684941886778688
983558.157405269797891378,38004.450016666327428538,17535.785768023379205260,5180.046532393167581176
984072.360133288311772048,37293.813657806378614623,18912.808361479699669871,5491.056823756978701567
984527.727451948681846261,36620.712658696465950925,20110.148702229991613422,5760.053740867846499896
984904.357624330325052142,36033.477136068169784267,21083.773366918474494014,5977.755837524509843206
985185.790104628307744861,35576.917540797156107146,21800.969010169304965530,6137.498610868435207522
985359.724942990695126355,35287.249155946898099501,22239.651717120934335981,6234.937684166910912609
985418.560352348955348134,35187.979244597554497886,22387.235342041625699494,6267.671436095664830646
985477.395761707215569913,35088.062068761566479225,22534.407165468706807587,6300.289888920375233283
985651.330600069602951407,34788.910016137415368576,22967.056189619041106198,6396.039608900839084527
985932.763080367585644126,34293.047685781268228311,23659.246712927277258132,6548.781271474723325809
986309.393252749228850007,33606.910403939204115886,24569.948256688694527838,6748.865707446875603637
986764.760571409482508898,32743.553421230295498390,25646.244195118117204402,6983.971759603646205505
987278.963299428112804890,31725.328117938952345867,26827.572855515907576773,7240.190293701420159778
987829.528310172143392265,30585.727343882674176712,28050.616237530055514071,7503.241609809043438872
988392.393270768108777702,29369.757699545712966938,29254.265145048069825862,7759.672949918600352248
988942.958281512139365077,28132.513761622140009422,30383.982082522044947837,7997.865314163555012783
989457.161009530653245747,26936.022375514039595146,31394.925489448512962554,8208.699089529978664359
989912.528328191023319960,25844.783219724202353973,32253.413224683645239566,8385.788556712501303991
990289.158500572666525841,24920.658535107279021759,32936.647698018270602915,8525.283634548013651511
990570.590980870649218559,24217.815324065049935598,33431.006718789263686631,8625.329841956900054356
990744.525819233036600053,23778.318536499755282421,33729.514645752999058459,8685.349030021865473827
990803.361228591296821833,23628.784963826539751608,33829.263228163450548891,8705.335578946698660729
990862.196637949557043612,23478.816700691131700296,33928.389465491905866656,8725.161966971219953848
991036.131476311944425106,23032.950863269863475580,34217.778841677274613176,8782.834490241348248674
991317.563956609927117825,22303.712691767381329555,34674.348262642197369132,8873.155520553857058985
991694.194128991570323706,21313.167521756382484455,35262.488626019716321025,8988.178071602520503802
992149.561447651823982596,20094.156303080970246810,35938.045028315078525338,9118.190056587376602693
992663.764175670454278588,18691.094780828112561721,36653.241131089780537877,9252.913115471408673329
993214.329186414484865963,17159.752220893518824596,37361.894326734509377275,9382.744557722395256860
993777.194147010450251400,15565.642299398088653106,38024.153596948519407306,9499.849131761508033378
994327.759157754480838776,13980.993386143127281684,38610.010404407665191684,9598.920420328428008361
994841.961885772994719446,12480.611233639770944137,39101.018316736597626004,9677.484971276582655264
995297.329204433364793658,11137.192916536943812389,39489.988867941465287004,9735.708029866200377000
995673.959376815007999539,10016.724401802995998878,39778.834686110880284104,9775.758186371425836114
995955.391857112990692258,9174.490524620989162941,39975.103319423658831511,9800.874661653633665992
996129.326695475378073752,8652.007421220892865676,40087.993917194115056191,9814.334788245538220508
996188.162104833638295531,8474.952520210536022205,40124.722109828238899354,9818.530661522629088722
996246.997514191898517311,8297.741669392220501322,40160.711956994673528243,9822.545848034336813726
996420.932352554285898805,7772.973602259073231835,40262.784375760478724260,9833.358566542607150041
996702.364832852268591523,6921.270262240905140061,40414.219720760833297390,9847.503508964982756879
997078.995005233911797404,5776.972769028980110306,40590.246654377209779341,9859.944805095248739235
997534.362323894165456295,4387.715223111685190815,40762.189071354463521857,9865.057088428375209332
998048.565051912795752287,2813.224998421508644242,40902.325309169951651711,9857.756914148218129412
998599.130062656826339662,1123.067972512457345147,40988.636989318365522195,9834.580414947116878466
999161.995023252791725099,-606.697926251676108222,41008.599146899759944063,9794.503285400942331762
999712.560033996822312474,-2297.696240010198380332,40961.304893393004022073,9739.340869910340188653
1000226.762762015336193144,-3873.722053396973933559,40857.518269399581186008,9673.644377455022549839
1000682.130080675706267357,-5264.941939629141415935,40717.647868524705700111,9604.107180237735519768
1001058.760253057349473238,-6411.288021481122996192,40568.035074940817139577,9538.588795044483049423
1001340.192733355332165956,-7264.772407359901990276,40436.257244611326314043,9484.931194927217802615
1001514.127571717719547451,-7790.747785767067398410,40346.295189886579464655,9449.769985431828899891
1001572.962981075979769230,-7968.385394668432127219,40314.394660777230456006,9437.531908844795907498
1001631.798390434239991009,-8145.876324503326031845,40281.752039342150965240,9425.120096783322878764
1001805.733228796627372503,-8669.702572454341861885,40180.916907305094355252,9387.413329051394612179
1002087.165709094610065222,-9514.280405310557398479,40004.078283286849909928,9323.206289501098581241
1002463.795881476253271103,-10638.213892406427476089,39741.074159881762170698,9231.141215925215874449
1002919.163200136506929994,-11986.318714527056727093,39383.074625999164709356,9110.536578748718966381
1003433.365928155137225986,-13492.639213083886716049,38926.636905409359314945,8962.278981009027120308
1003983.930938899167813361,-15084.394688921624037903,38377.265339369849243667,8789.572522068041507737
1004546.795899495133198798,-16686.555017243714246433,37751.676705357116588857,8598.362102504232097999
1005097.360910239163786173,-18226.523586682618770283,37078.214585931935289409,8397.311120106018279330
1005611.563638257677666843,-19638.297009648398670834,36395.226400223989912774,8197.305318321910817758
1006066.930956918047741055,-20865.539330736377451103,35747.622140511368343141,8010.549774715322200791
1006443.561129299690946937,-21863.250162782722327393,35182.171784933154413011,7849.400595480803531245
1006724.993609597673639655,-22598.049924865939829033,34742.292186332830169704,7725.110338482418228523
1006898.928447960061021149,-23047.440166057196620386,34463.100739015462750103,7646.663842941861730651
1006957.763857318321242929,-23198.615510970230388921,34367.403463468617701437,7619.849238505261382670
1007016.599266676581464708,-23349.363658580223273020,34271.073319898066984024,7592.894305824092953117
1007190.534105038968846202,-23792.494638731928716879,33982.609141378045023885,7512.391732190235416056
1007471.966585336951538920,-24501.354425733668904286,33504.300997426114918198,7379.580567514489302994
1007848.596757718594744802,-25433.789648578262131196,32842.148807469136954751,7196.989325257565724314
1008303.964076378848403692,-26535.462075873037974816,32008.520955919600964990,6968.986079649615930975
1008818.166804397478699684,-27744.225038494674663525,31024.787565902188362088,6702.294959196902709664
1009368.731815141509287059,-28995.161722169017593842,29923.149022087767662015,6406.302943709853934706
1009931.596775737474672496,-30225.694213122820656281,28747.030626300103904214,6093.021784326143460930
1010482.161786481505259871,-31380.063171992769639473,27549.722434399031044450,5776.646420658880742849
1010996.364514500019140542,-32412.523468004299502354,26391.326493135966302361,5472.741761803941699327
1011451.731833160389214754,-33288.823605442179541569,25334.423906660020293202,5197.167712922988357604
1011828.362005542032420635,-33985.892603883279662114,24439.097202667348028626,4964.896460117388414801
1012109.794485840015113354,-34490.051181880051444750,23757.994958022922219243,4788.878144871176118613
1012283.729324202402494848,-34794.383171860354195815,23332.025418269295187201,4679.078803082544254721
1012342.564733560662716627,-34896.061393050120386761,23187.082784898426325526,4641.766540153499590815
1012401.400142918922938406,-34997.096772991695615929,23041.713008389306196477,4604.368762105290443287
1012575.334981281310319901,-35292.009904497877869289,22609.485002153516688850,4493.316459777352065430
1012856.767461579293012619,-35757.134340949931356590,21902.446094158069172408,4312.105560570775196538
1013233.397633960936218500,-36355.977523614295932930,20941.852249298208334949,4066.767668642854914651
1013688.764952621189877391,-37043.322190869708720129,19759.396601377949991729,3766.057607609132901416
1014202.967680639820173383,-37770.296681709231052082,18398.018921304457762744,3421.515575344261378632
1014753.532691383850760758,-38489.738615749512973707,16911.722951049880066421,3047.284329007199630723
1015316.397651979816146195,-39161.059450169203046244,15364.038980978504696395,2659.615202096576467738
1015866.962662723846733570,-39753.838213997070852201,13825.095200206116714980,2276.074246691825464950
1016381.165390742360614240,-40249.565454341580334585,12367.599426212684193160,1914.535678005597219453
1016836.532709402730688453,-40641.301398256204265635,11062.274368212521949317,1592.098690530570820556
1017213.162881784373894334,-40931.428139988907787483,9973.363599163443723228,1324.070636865502820001
1017494.595362082356587052,-41128.058341415591712575,9154.726563784257450607,1123.125982896943241940
1017668.530200444743968546,-41240.917552291874017101,8646.829168112912157085,998.693178779381923960
1017727.365609803004190326,-41277.591057797420944553,8474.707905003764608409,956.564980352233760641
1017786.201019161264412105,-41313.503939834445191082,8302.430478186310210731,914.419153961434858502
1017960.135857523651793599,-41415.218556993080710527,7792.244984794837364461,789.728066424222561182
1018241.568337821634486318,-41565.662739919869636651,6964.125499689449497964,587.713022156467559398
1018618.198510203277692199,-41739.566685342135315295,5851.353079980668553617,316.991442782420563162
1019073.565828863531351089,-41907.726881559494358953,4500.125974858608969953,-10.626986898632821976
1019587.768556882161647081,-42041.998089437045564409,2968.420660756957659032,-380.542291720548746525
1020138.333567626192234457,-42120.165139220356650185,1323.824498888534435537,-776.009091296384212910
1020701.198528222157619894,-42129.821342223927786108,-359.700608780178299639,-1179.011463938431916176
1021251.763538966188207269,-42070.527915207050682511,-2005.869773901569715235,-1571.288246835965765058
1021765.966266984702087939,-41953.839588975730293896,-3540.446729707102349494,-1935.379546407993984758
1022221.333585645072162151,-41801.192795762755849864,-4895.344402597787848208,-2255.552950010320273577
1022597.963758026715368032,-41640.065189475390070584,-6011.949766915793588851,-2518.499302119633284747
1022879.396238324698060751,-41499.128984325878263917,-6843.402491118329635356,-2713.752077142626148998
1023053.331076687085442245,-41403.271817331282363739,-7355.847937013524642680,-2833.857938358478349983
1023112.166486045345664024,-41369.336805690159962978,-7528.924296781340672169,-2874.382734196353339939
1023171.001895403605885804,-41334.639347690354043152,-7701.861896747759601567,-2914.854550561436553835
1023344.936733765993267298,-41227.610878322935604956,-8212.274245123415312264,-3034.184160794398849248
1023626.369214063975960016,-41040.377970977184304502,-9035.301296230441948865,-3226.219954786623929976
1024002.999386445619165897,-40762.749069880424940493,-10130.704226951151213143,-3481.071072229917263030
1024458.366705105872824788,-40385.990893514324852731,-11444.815090224183222745,-3785.671804305200566887
1024972.569433124503120780,-39906.980868573729821946,-12913.451635877638182137,-4124.586656882927854895
1025523.134443868533708155,-39331.843898183629789855,-14465.739842101967951749,-4481.019195542239685892
1026085.999404464499093592,-38678.252736870163062122,-16028.556401101908704732,-4837.934535170707022189
1026636.564415208529680967,-37975.823236361575254705,-17531.085706846824905369,-5179.159791807911460637
1027150.767143227043561637,-37264.417191285603621509,-18908.878164039961120579,-5490.310937959269722342
1027606.134461887413635850,-36590.582252584361413028,-20106.861051333173236344,-5759.420726035988991498
1027982.764634269056841731,-36002.704327382110932376,-21080.986878534815332387,-5977.207234653678824543
1028264.197114567039534450,-35545.644737375398108270,-21798.537967959455272648,-6137.007558160379630863
1028438.131952929426915944,-35255.659116457878553774,-22237.431856700721255038,-6234.479763124987584888
1028496.967362287687137723,-35156.280509872791299131,-22385.085410537700226996,-6267.224293424724237411
1028555.802771645947359502,-35056.253948154822865035,-22532.326391407674236689,-6299.853305753733366146
1028729.737610008334740996,-34756.774540986829379108,-22965.175294443419261370,-6395.632950765551868244
1029011.170090306317433715,-34260.370298805610218551,-23657.674435377040936146,-6548.418878057162146433
1029387.800262687960639596,-33573.485251116529980209,-24568.759398439819051418,-6748.554320532834026380
1029843.167581348214298487,-32709.192114877478161361,-25645.471771227115823422,-6983.709087311528492137
1030357.370309366844594479,-31689.871517714076617267,-26827.205819625327421818,-7239.965046989038455649
1030907.935320110875181854,-30549.058674782478192355,-28050.603613628925813828,-7503.035142186336088344
1031470.800280706840567291,-29331.814528676644840743,-29254.526294020855857525,-7759.462330780695992871
1032021.365291450871154666,-28093.296308702752867248,-30384.421495878988935146,-7997.627338584750759765
1032535.568019469385035336,-26895.596394018233695533,-31395.449359703728987370,-8208.414477224234360619
1032990.935338129755109549,-25803.276987154000380542,-32253.944515988150669727,-8385.445513951131943031
1033367.565510511398315430,-24878.254831860736885574,-32937.136744944298698101,-8524.880078053456600173
1033648.997990809381008148,-24174.740158777181932237,-33431.435413035949750338,-8624.873871926223728224
1033822.932829171768389642,-23734.828518384099879768,-33729.893689918018935714,-8684.857597056025042548
1033881.768238530028611422,-23585.154692887757846620,-33829.623339624704385642,-8704.831620698072583764
1033940.603647888288833201,-23435.046230377360188868,-33928.729563002336362842,-8724.645216162030919804
1034114.538486250676214695,-22988.766323342184477951,-34218.053447813123057131,-8782.278360619331579073
1034395.970966548658907413,-22258.859937352324777748,-34674.496886717482993845,-8872.530754064331631525
1034772.601138930302113295,-21267.425481034639233258,-35262.430004714849928860,-8987.452002903102766140
1035227.968457590555772185,-20047.349804523597413208,-35937.677019209928403143,-9117.327238340169060393
1035742.171185609186068177,-18643.105423516790324356,-36652.447064331128785852,-9251.877445212570819422
1036292.736196353216655552,-17110.525419756966584828,-37360.555259765918890480,-9381.502696355693842634
1036855.601156949182040989,-15515.188864864605420735,-38022.164515253483841661,-9498.374666701774913236
1037406.166167693212628365,-13929.384946193742507603,-38607.297366730730573181,-9597.198002084804102196
1037920.368895711726509035,-12427.970206421996408608,-39097.553211904923955444,-9675.513619744864627137
1038375.736214372096583247,-11083.679084398980194237,-39485.798961364758724812,-9733.502979449525810196
1038752.366386753739789128,-9962.520904197554045822,-39774.005295227841997985,-9773.350953419261713861
1039033.798867051722481847,-9119.791984603005403187,-39969.773348310824076179,-9798.311360663783489144
1039207.733705414109863341,-8597.011998695517831948,-40082.345157745039614383,-9811.672987023941459483
1039266.569114772370085120,-8419.858282619818055537,-40118.963923461480590049,-9815.835197705278915237
1039325.404524130746722221,-8242.549441384697274771,-40154.843548399636347312,-9819.816550685673064436
1039499.339362493134103715,-7717.496573724398331251,-40256.585526806135021616,-9830.528264602658964577
1039780.771842791116796434,-6865.348248057613091078,-40407.472018717387982178,-9844.506763765317373327
1040157.402015172760002315,-5720.486952657425717916,-40582.738108453871973325,-9856.719793910930093261
1040612.769333833013661206,-4330.598320768760459032,-40753.722727441410825122,-9861.548301973662091768
1041126.972061851643957198,-2755.465177991973177996,-40892.731495317020744551,-9853.918513689646715648
1041677.537072595674544573,-1064.705540107177512255,-40977.787487623929337133,-9830.379787411153301946
1042240.402033191639930010,665.580868248282058630,-40996.420677050606172998,-9789.924149257471071905
1042790.967043935670517385,2356.991501121236069594,-40947.789147877898358274,-9734.385297082704710192
1043305.169771954184398055,3933.313497151633782778,-40842.726441676677495707,-9668.333312413995372481
1043760.537090614554472268,5324.722508299550099764,-40701.708911033412732650,-9598.479379803515257663
1044137.167262996197678149,6471.172366110993607435,-40551.138316402742930222,-9532.698451458409181214
1044418.599743294180370867,7324.702920186718984041,-40418.640976614384271670,-9478.844716832731137401
1044592.534581656567752361,7850.693352422131283674,-40328.233105562227137852,-9443.562433948876787326
1044651.369991014827974141,8028.333717905952653382,-40296.181630582352227066,-9431.283441149853388197
1044710.205400373088195920,8205.826222594398132060,-40263.388005889057239983,-9418.830735994268252398
1044884.140238735475577414,8729.650210842992237303,-40162.106216773659980390,-9381.003233590394302155
1045165.572719033458270133,9574.202481759282818530,-39984.544600795874430332,-9316.601463127879469539
1045542.202891415101476014,10698.059396116565039847,-39720.573925720447732601,-9224.277377486925615813
1045997.570210075471550226,12046.007027177642157767,-39361.410480053316859994,-9103.362793875274292077
1046511.772938093985430896,13552.065536950285604689,-38903.669688729256449733,-8954.760669284614778007
1047062.337948838132433593,15143.442318335677555297,-38352.922727876029966865,-8781.693363097727342392
1047625.202909433981403708,16745.112434614951780532,-37725.956640284195600543,-8590.124440884681462194
1048175.767920178128406405,18284.503183938133588526,-37051.182527523174940143,-8388.734721997983797337
1048689.970648196758702397,19695.651802956628671382,-36367.006797750167606864,-8188.424688095923556830
1049145.337966857012361288,20922.274503974746039603,-35718.385884012248425279,-8001.410571173762946273
1049521.968139238655567169,21919.427465808148554061,-35152.122257814895419870,-7840.055867340879558469
1049803.400619536638259888,22653.784435301589837763,-34711.652556940600334201,-7715.617262184967330541
1049977.335457898909226060,23102.890230793076625559,-34432.104336482392682228,-7637.081410110053184326
1050036.170867257285863161,23253.967527901557332370,-34336.287791476970596705,-7610.236991844894873793
1050095.006276615429669619,23404.616712140887102578,-34239.839104592778312508,-7583.252456304906445439
1050268.941114977700635791,23847.449832622463873122,-33951.028791662283765618,-7502.663617066396909649
1050550.373595275683328509,24555.811252575404068921,-33472.174621484686213080,-7369.716910161250780220
1050927.003767657326534390,25487.548874418287596200,-32809.319977662038581911,-7186.952342099799352582
1051382.371086317580193281,26588.333355440794548485,-31974.888259904902952258,-6958.752358261086556013
1051896.573814336210489273,27796.039022121614834759,-30990.310259837169724051,-6691.856682065465065534
1052447.138825080357491970,29045.784936573392769787,-29887.845659353282826487,-6395.667217120817440446
1053010.003785676090046763,30275.043943237549683545,-28710.970626321133750025,-6082.208138213549318607
1053560.568796420237049460,31428.119309440291544888,-27513.011964361627178732,-5765.682908872198822792
1054074.771524438867345452,32459.334933036974689458,-26354.091319993582146708,-5461.660400614664467867
1054530.138843099121004343,33334.508249328508100007,-25296.792571292702632491,-5186.000138496803629096
1054906.769015480764210224,34030.630961844268313143,-24401.187709640224056784,-4953.670609885417434270
1055188.201495778746902943,34534.075538279059401248,-23719.907219686989265028,-4777.616500514965082402
1055362.136334141017869115,34837.963800290403014515,-23293.840267985106038395,-4667.798362608124079998
1055420.971743499394506216,34939.491555486958532128,-23148.866896309984440450,-4630.480317489096705685
1055479.807152857771143317,35040.376297813352721278,-23003.467501852639543358,-4593.077048471079251613
1055653.741991220042109489,35334.843186853431689087,-22571.158497972392069642,-4482.010216706546998466
1055935.174471518024802208,35799.243202774297969881,-21864.009348785017209593,-4300.781200525116219069
1056311.804643899668008089,36397.113893322159128729,-20903.308323018696682993,-4055.429479660697325016
1056767.171962559921666980,37083.281376051694678608,-19720.784817177314835135,-3754.718562064923389698
1057281.374690578551962972,37808.929908231810259167,-18359.411533255573885981,-3410.196273400446443702
1057831.939701322698965669,38526.962811745681392495,-16873.214816906933265273,-3036.010194710919677163
1058394.804661918431520462,39196.862239175919967238,-15325.732017230686324183,-2648.412427984641908552
1058945.369672662578523159,39788.276862447128223721,-13787.080586898584442679,-2264.965268045429183985
1059459.572400681208819151,40282.759863706749456469,-12329.941035193834977690,-1903.535058922598182107
1059914.939719341462478042,40673.422644311307522003,-11024.996535230871813837,-1581.210187635149850394
1060291.569891723105683923,40962.684997060314344708,-9936.445289585251885001,-1313.285919291198297287
1060573.002372021088376641,41158.684355763463827316,-9118.102586107772367541,-1112.425133233655287768
1060746.937210383359342813,41271.160541851400921587,-8610.397814421892690007,-988.046789329846433247
1060805.772619741735979915,41307.705714107236417476,-8438.343531750120746437,-945.937458705213430221
1060864.608029100112617016,41343.490896545124996919,-8266.133998258133942727,-903.810723186090399395
1061038.542867462383583188,41444.831772398036264349,-7756.154503590987587813,-779.177364077388119767
1061319.975347760366275907,41594.683571701119944919,-6928.384762611800397281,-577.259728549133797060
1061696.605520142009481788,41767.819806943596631754,-5816.111191442796553019,-306.675983913793970714
1062151.972838802263140678,41935.092417039741121698,-4465.532200660185480956,20.764929173428754439
1062666.175566820893436670,42068.418289903034747113,-2934.614385247790778521,390.466419217091242899
1063216.740577565040439367,42145.644367648994375486,-1290.921854308435285930,785.689877358179728617
1063779.605538160772994161,42154.419134505245892797,391.620848921498691197,1188.429633363530228962
1064330.170548904919996858,42094.346248552414181177,2036.778106340578233358,1580.437626874920169939
1064844.373276923550292850,41977.006779803756217007,3570.370225459708308335,1944.268715732878263225
1065299.740595583803951740,41823.847194357986154500,4924.368164731560682412,2264.205414249709065189
1065676.370767965447157621,41662.341758390168251935,6040.212673705442284700,2526.952262986133064260
1065957.803248263429850340,41521.150980298851209227,6871.088422769120370504,2722.054115264474603464
1066131.738086625700816512,41425.148452615168935154,7383.174133136308228131,2842.066026069604049553
1066190.573495984077453613,41391.166350953055371065,7556.128314133755338844,2882.558937680181770702
1066249.408905342454090714,41356.422856753844826017,7728.943499780514684971,2922.998820538721702178
1066423.343743704725056887,41249.264466124506725464,8238.992661463817057665,3042.233758322401627083
1066704.776224002707749605,41061.840949202691263054,9061.428436710288224276,3234.115637129378228565
1067081.406396384350955486,40783.995022745140886400,10156.034538367552158888,3488.759720057454615016
1067536.773715044604614377,40407.032772794867923949,11469.176517266569135245,3793.109255741090237279
1068050.976443063234910369,39927.868992781302949879,12936.716572446537611540,4131.740458899383156677
1068601.541453807381913066,39352.657037295903137419,14487.834211432164011057,4487.870815590462370892
1069164.406414403114467859,38699.083891835100075696,16049.464893539225158747,4844.480565115083663841
1069714.971425147261470556,37996.762893258630356286,17550.851851217237708624,5185.411847510347797652
1070229.174153165891766548,37285.537357017434260342,18927.599112503019568976,5496.294256333234443446
1070684.541471826145425439,36611.924276039972028229,20124.678263406058249529,5765.171773802461757441
1071061.171644207788631320,36024.272506866174808238,21098.074791546699998435,5982.770849151276706834
1071342.604124505771324039,35567.406387950330099557,21815.092915786684898194,6142.434168889974898775
1071516.538962868042290211,35277.550554261579236481,22253.662932892118988093,6239.823096293288472225
1071575.374372226418927312,35178.217587618601100985,22401.207928460578841623,6272.539707624442598899
1071634.209781584795564413,35078.237536037027894054,22548.340865508907882031,6305.140930293217024882
1071808.144619947066530585,34778.900665295463113580,22980.873433882159588393,6400.839192179179008235
1072089.577100245049223304,34282.742713666208146606,23672.870831193657068070,6553.495963055904212524
1072466.207272626692429185,33596.216620134808181319,24583.304964819246379193,6753.463693253028395702
1072921.574591286946088076,32732.400331642165838275,25659.264163299718347844,6988.424021134882423212
1073435.777319305576384068,31713.671174804367183242,26840.195348655128327664,7244.472113331577929785
1073986.342330049723386765,30573.549087199069617782,28062.793502562934008893,7507.334271436355265905
1074549.207290645455941558,29357.066762711539922748,29265.966963768260029610,7763.565414734448495437
1075099.772301389602944255,28119.342007375940738712,30395.199778309346584138,8001.555614028156924178
1075613.975029408233240247,26922.420701241739152465,31405.674700316296366509,8212.195200834454226424
1076069.342348068486899137,25830.816751051381288562,32263.734921729446796235,8389.108587751079539885
1076445.972520450130105019,24906.401957451053021941,32946.607185688124445733,8528.455257712661477854
1076727.405000748112797737,24203.348968474347202573,33440.690632192672637757,8628.389001667588672717
1076901.339839110383763909,23763.725569565933255944,33739.026198759231192525,8688.338036425733662327
1076960.175248468760401011,23614.149699146546481643,33838.716130694163439330,8708.300745832575557870
1077019.010657827137038112,23464.139407463524548803,33937.783543585006555077,8728.103239770660366048
1077192.945496189408004284,23018.150902972243784461,34226.998010510018502828,8785.704810200755673577
1077474.377976487390697002,22288.719299616910575423,34683.281294076608901378,8875.910063589546552976
1077851.008148869033902884,21297.925154059812484775,35271.032866888119315263,8990.775868725702821393
1078306.375467529287561774,20078.628268900014518294,35946.110621508116309997,9120.595733697848118027
1078820.578195547917857766,18675.264753856383322272,36660.755570879577135202,9255.098672447931676288
1079371.143206292064860463,17143.623510480545519385,37368.806946500109916087,9384.691030379008225282
1079934.008166887797415257,15549.235091214686690364,38030.439440029578690883,9501.547938206089384039
1080484.573177631944417953,13964.340485404864011798,38615.672912618516420480,9600.374200247317276080
1080998.775905650574713945,12463.753085181735514197,39106.090392192265426274,9678.707782456624045153
1081454.143224310828372836,11120.172773580685316119,39494.532084140832012054,9736.724853075431383331
1081830.773396692471578717,9999.584439711332379375,39782.936673788026382681,9776.603780838255261187
1082112.205876990454271436,9157.269460008166788612,39978.873563874651154038,9801.591883363335000467
1082286.140715352725237608,8634.739855307307152543,40091.558329158717242535,9814.972516467199966428
1082344.976124711101874709,8457.669852833998447750,40128.216765017037687358,9819.141476270602652221
1082403.811534069478511810,8280.444218551427184138,40164.136790984302933794,9823.129738039309813757
1082577.746372431749477983,7755.634309398163168225,40266.002433338835544419,9833.862797943411351298
1082859.178852729732170701,6903.869176120650081430,40417.102123249373107683,9847.878683322831420810
1083235.809025111375376582,5759.500453777764050756,40592.677984556466981303,9860.147028790235708584
1083691.176343771629035473,4370.174385339174477849,40764.072606058609380852,9865.050011766770694521
1084205.379071790259331465,2795.630030210282711778,40903.587797114094428252,9857.513513711923224037
1084755.944082534406334162,1105.442461642589478288,40989.232557223636831623,9834.084364155280127306
1085318.809043130138888955,-624.325302411649317946,41008.511899303957761731,9793.749766442751933937
1085869.374053874285891652,-2315.296718052435608115,40960.549873237927386072,9738.336730992074080859
1086383.576781892916187644,-3891.271792891282530036,40856.140646236213797238,9672.407621688153085415
1086838.944100553169846535,-5282.426144849356205668,40715.720460893899144139,9602.665862904164896463
1087215.574272934813052416,-6428.703454382564814296,40565.654518270595872309,9536.979476127193265711
1087497.006753232795745134,-7282.127872346747608390,40433.539227084685990121,9483.197123375955925439
1087670.941591595066711307,-7808.062531801719160285,40343.369171735619602259,9447.959173974670193275
1087729.777000953443348408,-7985.685736196312063839,40311.398388667752442416,9435.695204511563133565
1087788.612410311819985509,-8163.161943038190656807,40278.685568281383893918,9423.257533351456004311
1087962.547248674090951681,-8686.942805590304487851,40177.643241586214571726,9385.474520618417955120
1088243.979728972073644400,-9531.441331568370515015,40000.470496835238009226,9321.144779451047725161
1088620.609901353716850281,-10655.257381663854175713,39737.021629541464790236,9228.916865492619763245
1089075.977220013970509171,-12003.203053957979136612,39378.488480236432224046,9108.117595330260883202
1089590.179948032600805163,-13509.321464969041699078,38921.454297788492112886,8959.643432533050145139
1090140.744958776747807860,-15100.834563648524635937,38371.452177991210191976,8786.709207277193854679
1090703.609919372480362654,-16702.719702935042732861,37745.228584815798967611,8595.270704462340290775
1091254.174930116627365351,-18242.392738917107635643,37071.155872020455717575,8394.001656851645748247
1091768.377658135257661343,-19653.867027614462131169,36387.607666120915382635,8193.797001263972560992
1092223.744976795511320233,-20880.826141874502354767,35739.516375678176700603,8006.869465528552609612
1092600.375149177154526114,-21878.289979087385290768,35173.669927083006768953,7845.581090874185974826
1092881.807629475137218833,-22612.897756404905521777,34733.498520418121188413,7721.188696697967316140
1093055.742467837408185005,-23062.166210393617802765,34454.128569010463252198,7642.679900060729778488
1093114.577877195784822106,-23213.299821838816569652,34358.371237590785312932,7615.844366156061369111
1093173.413286554161459208,-23364.005965486016066279,34261.981204343312128913,7588.868577732153426041
1093347.348124916432425380,-23807.011195138409675565,33973.340956823718443047,7508.304783219793534954
1093628.780605214415118098,-24515.662572501074464526,33494.751096451938792598,7375.395958066075763782
1094005.410777596058323979,-25447.809468831714184489,32832.228208188716962468,7192.676785605117402156
1094460.778096256311982870,-26549.119180342961044516,31998.162177450773015153,6964.523218625779918511
1094974.980824274942278862,-27757.454466345567198005,31013.947746295300021302,6697.668279761537633021
1095525.545835019089281559,-29007.912608729522617068,29911.811054217447235715,6401.508079977329543908
1096088.410795614821836352,-30237.934607983414025512,28735.202278069038584363,6088.062972631394586642
1096638.975806358968839049,-31391.784254846941621508,27537.433694877479865681,5771.535326536601132830
1097153.178534377599135041,-32423.742439845424087252,26378.625645024520053994,5467.495881134267619927
1097608.545853037852793932,-33299.584710621122212615,25321.372997695398225915,5191.808623060440368135
1097985.176025419495999813,-33996.266012957632483449,24425.767621347498788964,4959.448197929277739604
1098266.608505717478692532,-34500.129758768562169280,23744.463696578801318537,4783.365930454196131905
1098440.543344079749658704,-34804.277399172155128326,23318.372356998552277219,4673.528223881587109645
1098499.378753438126295805,-34905.892899784921610262,23173.389019864662259351,4636.203185577034673770
1098558.214162796502932906,-35006.865377921109029558,23027.978791775349236559,4598.792734631688290392
1098732.149001158773899078,-35301.591504499047005083,22595.632680691014684271,4487.703569021892690216
1099013.581481456756591797,-35766.410104361559206154,21888.407405506055511069,4306.434940186331004952
1099390.211653838399797678,-36364.837899403843039181,20927.573421865869022440,4061.023534524489150499
1099845.578972498653456569,-37051.671430460839474108,19744.841839532535232138,3760.230386485580311273
1100359.781700517283752561,-37778.057689606408530381,18383.171891695987142157,3415.602266433883414720
1100910.346711261430755258,-38496.857700885469967034,16896.586150277573324274,3041.288071147866503452
1101473.211671857163310051,-39167.510397654223197605,15348.631176419723487925,2653.544142399217889761
1102023.776682601310312748,-39759.625083668819570448,13809.447440292853571009,2269.939922133928121184
1102537.979410619940608740,-40254.723644308010989334,12351.750346565786458086,1908.351202623454810237
1102993.346729280194267631,-40645.896746841688582208,11046.265615074131346773,1585.877067167313725804
1103369.976901661837473512,-40935.554103523223602679,9957.236123299393511843,1317.823475761573718046
1103651.409381959820166230,-41131.831506576701940503,9138.518317613918043207,1116.862817407005422865
1103825.344220322091132402,-41244.471870052941085305,8630.574417591262317728,992.421442011256658589
1103884.179629680467769504,-41281.071216460251889657,8458.438015960324264597,950.290572811327365343
1103943.015039038844406605,-41316.909875174627813976,8286.145750407180457842,908.142191272609125008
1104116.949877401115372777,-41418.404703914180572610,7775.918145110415935051,783.444226587105731596
1104398.382357699098065495,-41568.492188656811777037,6947.736093094157695305,581.420198833251561155
1104775.012530080741271377,-41741.916935580076824408,5834.890757776382088196,310.690749158065955271
1105230.379848740994930267,-41909.495412596028472763,4483.592097484091937076,-16.930841982217316399
1105744.582576759625226259,-42043.107421230866748374,2951.827924840668856632,-386.841351491950263153
1106295.147587503772228956,-42120.566942721772647928,1307.194632033402740490,-782.293188182955418597
1106858.012548099504783750,-42129.499142839100386482,-376.340697304760396946,-1185.269781109496761928
1107408.577558843651786447,-42069.498045267820998561,-2022.492710947473824490,-1577.511135376376842032
1107922.780286862282082438,-41952.150260198795876931,-3557.029422799540043343,-1941.560275659516264568
1108378.147605522535741329,-41798.921416068384132814,-4911.871966152866662014,-2261.689077591143359314
1108754.777777904178947210,-41637.314265124317898881,-6028.417944336724758614,-2524.593419108858142863
1109036.210258202161639929,-41496.021060932012915146,-6859.818171397266269196,-2719.811795729647201370
1109210.145096564432606101,-41399.943901625279977452,-7372.227709567123383749,-2839.895118833372180234
1109268.980505922809243202,-41365.934594598911644425,-7545.291325669801153708,-2880.412070595803015749
1109327.815915281185880303,-41331.162903878423094284,-7718.215880316165566910,-2920.875931752116230200
1109501.750753643456846476,-41223.915360357430472504,-8228.587901140977919567,-3040.181375559737716685
1109783.183233941439539194,-41036.329259040583565366,-9051.544138215896964539,-3232.176023014324528049
1110159.813406323082745075,-40758.230388380172371399,-10146.841590100382745732,-3486.968148815880340408
1110615.180724983336403966,-40380.908580555398657452,-11460.808656238434195984,-3791.491613106072691153
1111129.383453001966699958,-39901.268875655536248814,-12929.261608873908699024,-4130.311495024679970811
1111679.948463746113702655,-39325.466631673560186755,-14481.328575514671683777,-4486.633416725757342647
1112242.813424341846257448,-38671.205979886748536956,-16043.892949946639419068,-4843.426303202953931759
1112793.378435085993260145,-37968.133108960282697808,-17546.150553415012836922,-5184.522819233794507454
1113307.581163104623556137,-37256.137372217890515458,-18923.667288746168196667,-5495.545906687124443124
1113762.948481764877215028,-36581.789919918686791789,-20121.388608753164589871,-5764.536129872516539763
1114139.578654146520420909,-35993.495409522955014836,-21095.285965268914878834,-5982.219474347743016551
1114421.011134444503113627,-35536.129054429758980405,-21812.659273568489879835,-6141.940234089006480644
1114594.945972806774079800,-35245.955840650065510999,-22251.440305318166792858,-6239.362223679750968586
1114653.781382165150716901,-35146.514130974763247650,-22399.055172394095279742,-6272.089589646200693096
1114712.616791523527354002,-35046.424646186984318774,-22546.257209040988527704,-6304.701347967724359478
1114886.551629885798320174,-34746.760283802046615165,-22978.989482799843244720,-6400.429463708305775071
1115167.984110183781012893,-34250.060207596390682738,-23671.295209278650872875,-6553.130382109780839528
1115544.614282565424218774,-33562.786081686957913917,-24582.112361894287460018,-6753.148958306408530916
1115999.981601225677877665,-32698.033346479169267695,-25658.487490264065854717,-6988.157801650113469805
1116514.184329244308173656,-31678.208604779436427634,-26839.823469373695843387,-7244.243088688583156909
1117064.749339988455176353,-30536.874185979708272498,-28062.775373255200975109,-7507.123773120923942770
1117627.614300584187731147,-29319.117146450436848681,-29266.221906873695843387,-7763.350501800070560421
1118178.179311328334733844,-28080.117956066846090835,-30395.632281507663719822,-8001.313084126564717735
1118692.382039346965029836,-26881.988029497086245101,-31406.190989171453111339,-8211.905789361915594782
1119147.749358007218688726,-25789.303788824348885100,-32264.258029159456782509,-8388.760528729528232361
1119524.379530388861894608,-24863.991522118791181128,-32947.087546551898412872,-8528.046505841424732353
1119805.812010686844587326,-24160.267087236854422372,-33441.110263713933818508,-8627.927702987390148337
1119979.746849049115553498,-23720.228853172033268493,-33739.395947087621607352,-8687.841192782272628392
1120038.582258407492190599,-23570.512737242614093702,-33839.066867442925286014,-8707.791349229037223267
1120097.417667765868827701,-23420.362254172090615612,-33938.114187504579604138,-8727.581022967233366217
1120271.352506128139793873,-22973.959707624737347942,-34227.262929892815009225,-8785.143133114090232993
1120552.784986426122486591,-22243.859946865115489345,-34683.419854521467641462,-8875.279618671336720581
1120929.415158807765692472,-21252.176615534808661323,-35270.963679272863373626,-8990.043948288015599246
1121384.782477468019351363,-20031.815430853042926174,-35945.731442724070802797,-9119.726857789964924450
1121898.985205486649647355,-18627.269283762660052162,-36659.949661798025772441,-9254.056717714816841180
1122449.550216230796650052,-17094.390894831616606098,-37367.455331084500357974,-9383.442649695030922885
1123012.415176826529204845,-15498.776205181602563243,-38028.437107491023198236,-9500.066723700087095494
1123562.980187570676207542,-13912.727004225824202877,-38612.945960220131382812,-9598.644818559752820875
1124077.182915589306503534,-12411.107447448644961696,-39102.610776994093612302,-9676.729278679993512924
1124532.550234249560162425,-11066.654749174129392486,-39490.327161943256214727,-9734.512492947453210945
1124909.180406631203368306,-9945.377120804500009399,-39778.091866770009801257,-9774.189115337792827631
1125190.612886929186061025,-9102.567390135016466957,-39973.527888367832929362,-9799.021062633966721478
1125364.547725291457027197,-8579.741088947273965459,-40085.893692098739848007,-9812.303143657291002455
1125423.383134649833664298,-8402.572335331809881609,-40122.442643325433891732,-9816.438423686069654650
1125482.218544008210301399,-8225.248775051433767658,-40158.252389801120443735,-9820.392834928532465710
1125656.153382370481267571,-7700.154258691232826095,-40259.787425185182655696,-9831.024841084776198841
1125937.585862668463960290,-6847.944461447645153385,-40410.338001103700662497,-9844.874207172642854857
1126314.216035050107166171,-5703.012383911285724025,-40585.152686786583217327,-9856.914191861911604065
1126769.583353710360825062,-4313.055793685365642887,-40755.589137138427759055,-9861.533295960945906700
1127283.786081728991121054,-2737.869186308693315368,-40893.976475446463155095,-9853.667081926550963544
1127834.351092473138123751,-1047.079749070566322189,-40978.365185514419863466,-9829.875614398284596973
1128397.216053068870678544,683.207736346412275452,-40996.315242489617958199,-9789.162435313084642985
1128947.781063813017681241,2374.590676726314995904,-40947.015684837118897121,-9733.372912242872189381
1129461.983791831647977233,3950.861175303820346016,-40841.330186502302240115,-9667.088281571030165651
1129917.351110491901636124,5342.203969451140437741,-40699.762744986910547595,-9597.029776607038002112
1130293.981282873544842005,6488.584484651226375718,-40548.738926390993583482,-9531.080848499472267576
1130575.413763171527534723,7342.054642281036649365,-40415.904087420429277699,-9477.102368967704023817
1130749.348601533798500896,7868.004090015318070073,-40325.288199657683435362,-9441.743353677369668731
1130808.184010892175137997,8045.629961077480402309,-40293.166466594753728714,-9429.438471009847489768
1130867.019420250551775098,8223.107652822283853311,-40260.302639491965237539,-9416.959910001171010663
1131040.954258612822741270,8746.885989601032633800,-40158.813649392795923632,-9379.056173580147515167
1131322.386738910805433989,9591.358522956499655265,-39980.917914818150165956,-9314.531723665977551718
1131699.016911292448639870,10715.097424569779832382,-39716.502522632588807028,-9222.044835770009740372
1132154.384229952702298760,12062.885212688015599269,-39356.805530421544972342,-9100.935678097974232514
1132668.586957971332594752,13568.740859288031060714,-38898.468402761609468143,-8952.117071660091824015
1133219.151968715479597449,15159.874445501955051441,-38347.091078131103131454,-8778.822107475572920521
1133782.016929311212152243,16761.268554438145656604,-37719.490283941027882975,-8587.025232772548406501
1134332.581940055359154940,18300.362992051297624130,-37044.105880554408940952,-8385.417595494744091411
1134846.784668073989450932,19711.211773596012790222,-36359.370461579055699985,-8184.908861148842333932
1135302.151986734243109822,20937.550666961127717514,-35710.262847774305555504,-7997.722900436232521315
1135678.782159115886315703,21934.456154274994332809,-35143.603427760412159842,-7836.229132374721302767
1135960.214639413869008422,22668.620791581233788747,-34702.842157072031113785,-7711.688492890885754605
1136134.149477776139974594,23117.604590100942004938,-34423.115585868123162072,-7633.090405276599994977
1136192.984887134516611695,23268.640083669342857320,-34327.239037896091758739,-7606.225080055681246449
1136251.820296492893248796,23419.247194326955650467,-34230.730514758550270926,-7579.219711453335548867
1136425.755134855164214969,23861.954361191026691813,-33941.744293758463754784,-7498.569719355002234806
1136707.187615153146907687,24570.107051616541866679,-33462.608676844094588887,-7365.525465023269134690
1137083.817787534790113568,25501.555936512544576544,-32799.383712936476513278,-7182.633123592737319996
1137539.185106195043772459,26601.977233867168251891,-31964.514298419751867186,-6954.283015971568602254
1138053.387834213674068451,27809.254734978087071795,-30979.455832757339521777,-6687.223754111941161682
1138603.952844957821071148,29058.521633419215504546,-29876.493733277828141581,-6390.866364214600253035
1139166.817805553553625941,30287.269717738039616961,-28699.129015143313154113,-6077.243611907384547521
1139717.382816297700628638,31439.825406534604553599,-27500.710668712206825148,-5760.566376470293107559
1140231.585544316330924630,32470.538629313938145060,-26341.378596147806092631,-5456.409345382855462958
1140686.952862976584583521,33345.253864859238092322,-25283.730402668290480506,-5180.636111149828138878
1141063.583035358227789402,34040.988734915859822650,-24387.847385996305092704,-4948.217608167820799281
1141345.015515656210482121,34544.138388154104177374,-23706.365606194645806681,-4772.099695280458035995
1141518.950354018481448293,34847.842252242386166472,-23280.177097157858952414,-4662.243284737140129437
1141577.785763376858085394,34949.307271879813924897,-23135.163103938619315159,-4624.912495442638828536
1141636.621172735234722495,35050.129098113691725302,-22989.723340208809531759,-4587.496584739363242988
1141810.556011097505688667,35344.408944057366170455,-22557.296475269533402752,-4476.392982016843234305
1142091.988491395488381386,35808.503074490530707408,-21849.961354522201872896,-4295.106385655411941116
1142468.618663777131587267,36405.958336955933191348,-20889.020720796826935839,-4049.681350876520809834
1142923.985982437385246158,37091.614672712115861941,-19706.221922532822645735,-3748.887586934202772682
1143438.188710456015542150,37816.675010965736873914,-18344.557093056086159777,-3404.279480000202966039
1143988.753721200162544847,38534.066090422282286454,-16858.071371698919392657,-3030.010736973201346700
1144551.618681795895099640,39203.297542469175823499,-15310.318339423443831038,-2642.338453647857022588
1145102.183692540042102337,39794.048305204203643370,-13771.427691922690428328,-2258.828300801980731194
1145616.386420558672398329,40287.902880623536475468,-12314.087491779755509924,-1897.348187322904777830
1146071.753739218926057220,40678.003084397707425524,-11008.983895492907322478,-1574.986379362353545730
1146448.383911600569263101,40966.796298147011839319,-9920.314390549603558611,-1307.036742581231010263
1146729.816391898551955819,41162.443057930162467528,-9101.891254041511274409,-1106.160075165158559685
1146903.751230260822921991,41274.700526385749981273,-8594.140182358380116057,-981.773234451249663834
1146962.586639619199559093,41311.171584544041252229,-8422.070829557655088138,-939.661257964502510731
1147021.422048977576196194,41346.882589211520098615,-8249.846525344233668875,-897.531992065256417845
1147195.356887339847162366,41448.003814511823293287,-7739.825117585882253479,-772.891828178197101806
1147476.789367637829855084,41597.499148617273021955,-6911.993124042339331936,-570.965323499289297615
1147853.419540019473060966,41770.156515706803475041,-5799.647043062075681519,-300.373856011430689250
1148308.786858679726719856,41936.847832954845216591,-4448.996963653415150475,27.070049176805696334
1148822.989586698357015848,42069.515021283885289449,-2918.020782819650776219,396.766565019845074858
1149373.554597442504018545,42146.034157715745095629,-1274.291606872044212651,791.974884005843705381
1149936.419558038236573339,42154.085556202167936135,408.260868787132494617,1194.688697169649458374
1150486.984568782383576035,42093.305649967638601083,2053.400584000461094547,1586.661119857451922144
1151001.187296801013872027,41975.307352361858647782,3586.952139417939179111,1950.449932602348781074
1151456.554615461267530918,41821.566289384041738231,4940.894703476988070179,2270.341939153729981626
1151833.184787842910736799,41659.581792143064376432,6056.679650266021781135,2533.046712103181562270
1152114.617268140893429518,41518.034380683799099643,6887.502786906734399963,2728.114122923345348681
1152288.552106503164395690,41421.812088309445243794,7399.552525314335071016,2848.103471436768813874
1152347.387515861541032791,41387.755768506125605199,7572.493942134497046936,2888.588531214247268508
1152406.222925220150500536,41352.938118946367467288,7745.296062565706961323,2929.020451320071515511
1152580.157763582421466708,41245.560883488018589560,8255.304841489829414058,3048.231201622953449260
1152861.590243880404159427,41057.784545337759482209,9077.669724849351041485,3240.071903771806319128
1153238.220416262047365308,40779.469150482422264758,10172.170265720524184871,3494.656962391773049603
1153693.587734922301024199,40401.943876650628226344,11485.168382427022152115,3798.929202444471229683
1154207.790462940931320190,39922.151101900708454195,12952.524815840013616253,4137.465418732344915043
1154758.355473685078322887,39346.274601476710813586,14503.421236617788963486,4493.485158784633313189
1155321.220434280810877681,38692.032700530697184149,16064.799811022654466797,4849.972474023552422295
1155871.785445024957880378,37989.069036407840030733,17565.915194313340180088,5190.775051931237612735
1156385.988173043588176370,37277.254450389627891127,18942.386898982636921573,5501.529451064152453910
1156841.355491703841835260,36603.129408291519212071,20139.204664768949442077,5770.287458914650414954
1157217.985664085485041142,36015.061497873139160220,21112.372897462286346126,5987.783423945160393487
1157499.418144383467733860,35557.888937129151599947,21829.213385593444400001,6147.367224760788303684
1157673.352982745738700032,35267.845706496598722879,22267.670641200915270019,6244.705966425446604262
1157732.188392104115337133,35168.449702340447402094,22415.176983306133479346,6277.405423773101574625
1157791.023801462491974235,35068.406792908361239824,22562.271009929310821462,6309.989402947072449024
1157964.958639824762940407,34768.885157618591620121,22994.687051822264038492,6405.636167582704729284
1158246.391120122745633125,34272.431673489430977497,23686.491209969688497949,6558.207984294158450211
1158623.021292504388839006,33585.516891054729057942,24596.657784488816105295,6758.058926885363689507
1159078.388611164642497897,32721.241451199086441193,25672.280066802930377889,6992.873434320905289496
1159592.591339183272793889,31702.008622879082395229,26852.813583594579540659,7248.750979806411123718
1160143.156349927419796586,30561.365425362171663437,28074.966308792885683943,7511.423872286801270093
1160706.021310523152351379,29344.370637902909948025,29277.664126023482822347,7767.454713835961229051
1161256.586321267299354076,28106.165286051960720215,30406.412631851453625131,8005.242650687809145893
1161770.789049285929650068,26908.814273443924321327,31416.418902470562898088,8215.687962631576738204
1162226.156367946183308959,25816.845723553480638657,32274.051468499768816400,8392.425196783149658586
1162602.786540327826514840,24892.140985816637112293,32956.561410284433804918,8531.623401749411641504
1162884.219020625809207559,24188.878344265664054547,33450.369200821332924534,8631.444641276144466246
1163058.153858988080173731,23749.128412384459807072,33748.532357613854401279,8691.323498144976838375
1163116.989268346456810832,23599.510270882434269879,33848.163622566331468988,8711.262359847341940622
1163175.824677704833447933,23449.457977391582971904,33947.172194612860039342,8731.040951577682790230
1163349.759516067104414105,23003.346885321465379093,34236.211704356544942129,8788.571545543292813818
1163631.191996365087106824,22273.721980111011362169,34692.208774842736602295,8878.660985004999020020
1164007.822168746730312705,21282.679035555840528104,35279.571459478182077873,8993.369997093481288175
1164463.189487406983971596,20063.096701131471490953,35954.170454135579348076,9122.997688759145603399
1164977.392215425614267588,18659.431443273359036539,36668.264130882402241696,9257.280452117700406234
1165527.957226169761270285,17127.491789208994305227,37375.713567992621392477,9386.633672470836245338
1166090.822186765493825078,15532.825156028651690576,38036.719173742407292593,9503.242866018814311246
1166641.387197509640827775,13947.685139793240523431,38621.329212657125026453,9601.824060826706045191
1167155.589925528271123767,12446.892758899637556169,39111.156176262484223116,9679.926641979689520667
1167610.957244188524782658,11103.150691871800518129,39499.068942635734856594,9737.737700639727336238
1167987.587416570167988539,9982.442738223158812616,39787.032254189900413621,9777.445383131473136018
1168269.019896868150681257,9140.046805837460851762,39982.637367165712930728,9802.305102509415519307
1168442.954735230421647429,8617.470792776708549354,40095.116280378257215489,9815.606236547600929043
1168501.790144588798284531,8440.385720336031226907,40131.704953071202908177,9819.748281136295190663
1168560.625553947174921632,8263.145334110631665681,40167.555151568674773443,9823.709616494879810489
1168734.560392309445887804,7738.293676279521605466,40269.213999672450881917,9834.363013297106590471
1169015.992872607428580523,6886.466901223211607430,40419.978007846402761061,9848.249835728091056808
1169392.623044989071786404,5742.027153246141097043,40595.102765453171741683,9860.345225275084885652
1169847.990363649325445294,4352.632809317707142327,40765.949560115004715044,9865.038905588040506700
1170362.193091667955741286,2778.034603656305989716,40904.843677720993582625,9857.266086492094473215
1170912.758102412102743983,1087.816792861594876740,40989.821499519872304518,9833.584295788477902533
1171475.623063007835298777,-641.952529084832349326,41008.418018435630074237,9792.992246018071455183
1172026.188073751982301474,-2332.896746159494796302,40959.788223135030420963,9737.328612872446683468
1172540.390801770612597466,-3908.820802458525577094,40854.756405915461073164,9671.166913326411304297
1172995.758120430866256356,-5299.909373027236142661,40713.786455163826758508,9601.220621169242804172
1173372.388292812509462237,-6446.117706674114742782,40563.267384771817887668,9535.366259402875584783
1173653.820773110492154956,-7299.482005167716124561,40430.814651867003703956,9481.459175810614397051
1173827.755611472763121128,-7825.375852284916618373,40340.436609102507645730,9446.144500788144796388
1173886.591020831139758229,-8002.984620632800215390,40308.395576781455019955,9433.854643421767832479
1173945.426430189516395330,-8180.446072968035878148,40275.612562269707268570,9421.391118206858664053
1174119.361268551787361503,-8704.181457120772392955,40174.363055880683532450,9383.531875798118562670
1174400.793748849770054221,-9548.600526296380849089,39996.856216837571992073,9319.079459116492216708
1174777.423921231413260102,-10672.298939868654997554,39732.962645311759843025,9226.688742221089341911
1175232.791239891666918993,-12020.085223075780959334,39373.895935027081577573,9105.694888145419099601
1175746.993967910297214985,-13526.001279224488826003,38916.265360659606812987,8957.004220637481921585
1176297.558978654444217682,-15117.271718359399528708,38365.632771899145154748,8783.842299387779348763
1176860.423939250176772475,-16718.881384439613611903,37738.774316636998264585,8592.175791211066098185
1177410.988949994323775172,-18258.258613928068371024,37064.091115474853722844,8390.688760301669390174
1177925.191678012954071164,-19669.433518063124211039,36379.982996261831431184,8190.285332418850885006
1178380.558996673207730055,-20896.109207969006092753,35731.404776712566672359,8003.185880675435328158
1178757.189169054850935936,-21893.325873521935136523,35165.162324022188840900,7841.758376295667403610
1179038.621649352833628654,-22627.741535884175391402,34724.699178581744490657,7717.263895615342335077
1179212.556487715104594827,-23076.888123043660016265,34445.150767098100914154,7638.692829867930413457
1179271.391897073481231928,-23227.979974237699934747,34349.333394899302220438,7611.836377429095591651
1179330.227306431857869029,-23378.644087214102910366,34252.883487172868626658,7584.839744253858953016
1179504.162144794128835201,-23821.523487872989790048,33964.067216183968412224,7504.214761690895102220
1179785.594625092111527920,-24529.966330030547396746,33485.195714949142711703,7371.208330222598306136
1180162.224797473754733801,-25461.824734733985678758,32822.302233106900530402,7188.361302025343320565
1180617.592116134008392692,-26562.771535414816753473,31987.798155226257222239,6960.057506678818754153
1181131.794844152638688684,-27770.678930838206724729,31003.102839001898246352,6693.038858211093611317
1181682.359854896785691381,-29020.658310629041807260,29900.468173694309371058,6396.710594900378055172
1182245.224815492518246174,-30250.169600478919164743,28723.369204316732066218,6083.101667426253698068
1182795.789826236665248871,-31403.499731261828856077,27525.140420577001350466,5766.421868013410858111
1183309.992554255295544863,-32434.955622772300557699,26365.920446918789821211,5462.247760101181484060
1183765.359872915549203753,-33310.339872101867513265,25308.317907497730629984,5186.447405316361255245
1184141.990045297192409635,-34006.633355240883247461,24412.434001869965868536,4953.997902672930649715
1184423.422525595175102353,-34510.202179869251267519,23730.928505895171838347,4777.851754826220712857
1184597.357363957446068525,-34814.165416983734758105,23304.715434633173572365,4667.975728295936278300
1184656.192773315822705626,-34915.718179079143737908,23159.691416927125828806,4630.637929849053762155
1184715.028182674199342728,-35016.627737583847192582,23014.240760521824995521,4593.214821274264977546
1184888.963021036470308900,-35311.166807213587162551,22581.776613768051902298,4482.088837720093579264
1185170.395501334453001618,-35775.679488453803060111,21874.365084601893613581,4300.762553239113913151
1185547.025673716096207500,-36373.691790310920623597,20913.291116076848993544,4055.277734017337934347
1186002.392992376349866390,-37060.014064088718441781,19730.283788911394367460,3754.401621763699949952
1186516.595720394980162382,-37785.811963537496922072,18368.321791737667808775,3409.687554624968470307
1187067.160731139127165079,-38503.969925514677015599,16881.446517818934808020,3035.290563225385994883
1187630.025691734859719872,-39173.954366768964973744,15333.220788864746282343,2647.471990970068873139
1188180.590702479006722569,-39765.404871000697312411,13793.797344883299956564,2263.804662503640429350
1188694.793430497637018561,-40259.874665110626665410,12335.899165994815120939,1902.165939853632153245
1189150.160749157890677452,-40650.484857825351355132,11030.254971242837200407,1579.654788134492264362
1189526.790921539533883333,-40939.672778897940588649,9941.106932192436943296,1311.575768486934975954
1189808.223401837516576052,-41135.597349371550080832,9122.308488168149779085,1110.599187842326500686
1189982.158240199787542224,-41248.018845857492124196,8614.318165695622155908,986.149292007892654510
1190040.993649558164179325,-41284.544026808194757905,8442.166653301079350058,944.015769247071148129
1190099.829058916540816426,-41320.308455976388358977,8269.859576799419301096,901.864849780005897628
1190273.763897278811782598,-41421.583478693290089723,7759.589941892285423819,777.160058892000961350
1190555.196377576794475317,-41571.314239275663567241,6931.345456580143945757,575.127130195749487029
1190931.826549958437681198,-41744.259757826592249330,5818.427385275695996825,304.389920834702934371
1191387.193868618691340089,-41911.256486987949756440,4467.057388032299058978,-23.234697889518429292
1191901.396596637321636081,-42044.209273955340904649,2935.234604382399993483,-393.140260920376022113
1192451.961607381468638778,-42120.961254864341754001,1290.564446597803907935,-788.576973104365606559
1193014.826567977201193571,-42129.169451951944211032,-392.980832024033588823,-1191.527621606579486979
1193565.391578721348196268,-42068.460695982583274599,-2039.115427665899915155,-1583.733386914460425032
1194079.594306739978492260,-41950.453474250294675585,-3573.611646952595037874,-1947.740219089882884873
1194534.961625400232151151,-41796.642607636189495679,-4928.398841131034714635,-2267.824288468556915177
1194911.591797781875357032,-41634.555941757535038050,-6044.885252082276565488,-2530.686511902586062206
1195193.024278079858049750,-41492.905764373157580849,-6876.232847094091994222,-2725.870410302053642226
1195366.959116442129015923,-41396.608630291208100971,-7388.606394375696254428,-2845.931146191880543483
1195425.794525800505653024,-41362.525034078942553606,-7561.657238719424640294,-2886.440237311133387266
1195484.629935158882290125,-41327.679116972569318023,-7734.568719971946848091,-2926.896126713148987619
1195658.564773521153256297,-41220.212518811538757291,-8244.900330380092782434,-3046.177355310192069737
1195939.997253819135949016,-41032.273257593122252729,-9067.785619779046101030,-3238.130777713155111996
1196316.627426200779154897,-40753.704467781783023383,-10162.977414870190841611,-3492.863807674042618601
1196771.994744861032813787,-40375.819096755898499396,-11476.800470266978663858,-3797.309879638265556423
1197286.197472879663109779,-39895.549798456682765391,-12945.069591035622579511,-4136.034652317186555592
1197836.762483623810112476,-39319.082384649860614445,-14496.915065451081318315,-4492.245811297103500692
1198399.627444219542667270,-38664.152360054395103361,-16059.227000768783909734,-4848.916098655212408630
1198950.192454963689669967,-37960.436245105425768998,-17561.212657075862807687,-5189.883734529383218614
1199464.395182982319965959,-37247.850944531346613076,-18938.453445800136250909,-5500.778636020153498976
1199919.762501642573624849,-36572.991099602739268448,-20135.913002989742381033,-5769.649184241436159937
1200296.392674024216830730,-35984.280109478822851088,-21109.581729712452215608,-5987.229275490168220131
1200577.825154322199523449,-35526.607071258789801504,-21826.777139618083310779,-6146.870406092388293473
1200751.759992684470489621,-35236.246316601253056433,-22265.445242629408312496,-6244.242140433936583577
1200810.595402042847126722,-35136.741521649375499692,-22413.021398802426119801,-6276.952328670664428500
1200869.430811401223763824,-35036.589131720153091010,-22560.184467151084390935,-6309.546819635503197787
1201043.365649763494729996,-34736.739867784803209361,-22992.800040833906678017,-6405.223366919566615252
1201324.798130061477422714,-34239.744046486703155097,-23684.912239569959638175,-6557.839213918905443279
1201701.428302443120628595,-33552.080965393943188246,-24595.461432595526275691,-6757.740841948671004502
1202156.795621103374287486,-32686.868785932449100073,-25671.499140179505047854,-6992.603665634069329826
1202670.998349122004583478,-31666.540082056795654353,-26852.436856258449552115,-7248.518175171000621049
1203221.563359866151586175,-30524.684291424018738326,-28074.942669188392756041,-7511.209341188205144135
1203784.428320461884140968,-29306.414576079485414084,-29277.912858145100472029,-7767.235504986729210941
1204334.993331206031143665,-28066.934636600104568060,-30406.838219619145093020,-8004.995564346678293077
1204849.196059224661439657,-26868.374912093182501849,-31416.927604555872676428,-8215.393749868275335757
1205304.563377884915098548,-25775.326032671866414603,-32274.566386648242769297,-8392.072119396772905020
1205681.193550266558304429,-24849.723819675644335803,-32957.033079621171054896,-8531.209452421531750588
1205962.626030564540997148,-24145.789748559029249009,-33450.779764123049972113,-8630.978011887531465618
1206136.560868926811963320,-23705.624999330168066081,-33748.892804606140998658,-8690.821241779787669657
1206195.396278285188600421,-23555.866619675325637218,-33848.504979100565833505,-8710.747522849338565720
1206254.231687643565237522,-23405.674142828815092798,-33947.493379436979012098,-8730.513266745558212278
1206428.166526005836203694,-22959.149036396433075424,-34236.466931484952510800,-8788.004318972652981756
1206709.599006303818896413,-22228.856031092487683054,-34692.337266176320554223,-8878.024859664856194286
1207086.229178685462102294,-21236.924001596540620085,-35279.491700096834392752,-8992.632222974800242810
1207541.596497345715761185,-20016.277526309386303183,-35953.780100231837423053,-9122.122753309096879093
1208055.799225364346057177,-18611.429863490768184420,-36667.446374135404767003,-9256.232211124977766303
1208606.364236108493059874,-17078.253362549141456839,-37374.349398958809615579,-9385.378770784252992598
1209169.229196704225614667,-15482.360822419308533426,-38034.703585231058241334,-9501.754900493204331724
1209719.794207448372617364,-13896.066621691592445131,-38618.588340616632194724,-9600.087714240838977275
1210233.996935467002913356,-12394.242515290759911295,-39107.662045923374535050,-9677.940984626835415838
1210689.364254127256572247,-11049.628480109990050551,-39494.849000221896858420,-9735.518029593233222840
1211065.994426508899778128,-9928.231603166692366358,-39782.172026607520820107,-9775.023283979779080255
1211347.426906806882470846,-9085.341211423881759401,-39977.275982959625252988,-9799.726761025227460777
1211521.361745169153437018,-8562.468687994078209158,-40089.435761485678085592,-9812.929291188705974491
1211580.197154527530074120,-8385.284928363653307315,-40125.914891861226351466,-9817.037638842630258296
1211639.032563885906711221,-8207.946680593558994588,-40161.654753632719803136,-9820.965106698666204466
1211812.967402248177677393,-7682.810608966996369418,-40262.982828237749345135,-9831.517400653505319497
1212094.399882546160370111,-6830.539491778959927615,-40413.197461663796275388,-9845.237627850405260688
1212471.030054927803575993,-5685.536835788538155612,-40587.560712124039127957,-9857.104561958210979355
1212926.397373588057234883,-4295.512534457047877368,-40757.448962724120065104,-9861.514259954819863196
1213440.600101606687530875,-2720.272742599969205912,-40895.214845118978701066,-9853.411623103027523030
1213991.165112350834533572,-1029.453806635712680873,-40978.936255047672602814,-9829.367423739960941020
1214554.030072946567088366,700.834448286543192808,-40996.203172267392801587,-9788.396720057971833739
1215104.595083690714091063,2392.189395587171020452,-40946.235589870579133276,-9732.356548575022316072
1215618.797811709344387054,3968.408116657497885171,-40839.927312510531919543,-9665.839298710729053710
1216074.165130369598045945,5359.684446647042932454,-40697.809979504301736597,-9595.576249767713306937
1216450.795302751241251826,6505.995415614197554532,-40546.332958470426092390,-9529.459348641139513347
1216732.227783049223944545,7359.405025232794287149,-40413.160639665184135083,-9475.356146107929816935
1216906.162621411494910717,7885.313395072451385204,-40322.336748525187431369,-9439.920412765677610878
1216964.998030769871547818,8062.924740174297767226,-40290.144762126357818488,-9427.589645226245920639
1217023.833440128248184919,8240.387587461016664747,-40257.210737481866090093,-9415.085233431949745864
1217197.768278490519151092,8764.120179769444803242,-40155.514561494266672526,-9377.105278389557497576
1217479.200758788501843810,9608.512825644436816219,-39977.284734959750494454,-9312.458175237028626725
1217855.830931170145049691,10732.133515029076079372,-39712.424665594742691610,-9219.808522676845313981
1218311.198249830398708582,12079.761221018481592182,-39352.194181615988782141,-9098.504840197419980541
1218825.400977849029004574,13585.413737226139346603,-38893.260787974613776896,-8949.469812452589394525
1219375.965988593176007271,15176.303846020113269333,-38341.253184755369147751,-8775.947260803106473759
1219938.830949188908562064,16777.421663596156577114,-37713.017781407608708832,-8583.922511695098364726
1220489.395959933055564761,18316.219516612451116089,-37037.023192778731754515,-8382.097038127394625917
1221003.598687951685860753,19726.768210607442597393,-36351.728191766458621714,-8181.389685020229080692
1221458.966006611939519644,20952.823078975874523167,-35702.133979770391306374,-7994.031956784805515781
1221835.596178993582725525,21949.480915130909124855,-35135.078855056817701552,-7832.399190305528463796
1222117.028659291565418243,22683.453090196337143425,-34694.026083987708261702,-7707.756567251781234518
1222290.963497653836384416,23132.314812216303835157,-34414.121206143674498890,-7629.096276133932406083
1222349.798907012213021517,23283.308475492733123247,-34318.184670330061635468,-7602.210054907656740397
1222408.634316370589658618,23433.873485892174358014,-34221.616326167866645847,-7575.183864250575425103
1222582.569154732860624790,23876.454620739074016456,-33932.454242721818445716,-7494.472752168570877984
1222864.001635030843317509,24584.398456234113837127,-33453.037254768110869918,-7361.331004645704524592
1223240.631807412486523390,25515.558439282329345588,-32789.442075694598315749,-7178.310964412317844108
1223695.999126072740182281,26615.616358229519391898,-31954.135096652120409999,-6949.810826116270618513
1224210.201854091370478272,27822.465480140970612410,-30968.596321676544903312,-6682.588087501499103382
1224760.766864835517480969,29071.253141595610941295,-29865.136898439996002708,-6386.062893520604120567
1225323.631825431250035763,30299.490086319485271815,-28687.282682482771633659,-6072.276595737348543480
1225874.196836175397038460,31451.525894002617860679,-27488.404842481635569129,-5755.447483393392758444
1226388.399564194027334452,32481.736533863098884467,-26328.661526625663100276,-5451.156053567334311083
1226843.766882854280993342,33355.993534224668110255,-25270.664057193942426238,-5175.269959737575845793
1227220.397055235924199224,34051.340439024941588286,-24374.503028615064977203,-4942.762577221292303875
1227501.829535533906891942,34554.195080291108752135,-23692.820067888744233642,-4766.580932684504659846
1227675.764373896177858114,34857.714492884093488101,-23266.510069670774100814,-4656.686294334620470181
1227734.599783254554495215,34959.116759066739177797,-23121.455478100026084576,-4619.342776098579633981
1227793.435192612931132317,35059.875651425776595715,-22975.975368361490836833,-4581.914238979166839272
1227967.370030975202098489,35353.968402373233402614,-22543.430711544620862696,-4470.773910639400128275
1228248.802511273184791207,35817.756565509458596352,-21835.909732446576526854,-4289.429808086075354367
1228625.432683654827997088,36414.796294605454022530,-20874.729644640850892756,-4043.931559558317530900
1229080.800002315081655979,37099.941362650228256825,-19691.655743488612642977,-3743.055072046874556690
1229595.002730333711951971,37824.413379408979380969,-18329.699586825016012881,-3398.361287508450914174
1230145.567741077858954668,38541.162508689893002156,-16842.925099017600587104,-3024.010032928141299635
1230708.432701673591509461,39209.725867807959730271,-15294.902082733380666468,-2636.263391272455919534
1231258.997712417738512158,39799.812666446065122727,-13755.772465423251560424,-2252.690402100852224976
1231773.200440436368808150,40293.038729577419871930,-12298.231851252297929022,-1891.160531859204638749
1232228.567759096622467041,40682.576288364922220353,-10992.969368686470261309,-1568.761918860545847565
1232605.197931478265672922,40970.900312806574220303,-9904.181779740880301688,-1300.787023063341621310
1232886.630411776248365641,41166.194439648745174054,-9085.678342047649493907,-1099.894556322076823562
1233060.565250138519331813,41278.233170990228245500,-8577.881052183023712132,-975.499269598454702646
1233119.400659496895968914,41314.630108725810714532,-8405.796656984406581614,-933.384664448443800211
1233178.236068855272606015,41350.266929433135373984,-8233.557609807736298535,-891.252885374997276813
1233352.170907217543572187,41451.168486671791470144,-7723.494371173474064562,-766.605967613810207695
1233633.603387515526264906,41600.307329764975293074,-6895.600258548314741347,-564.670676254958380014
1234010.233559897169470787,41772.485799022753781173,-5783.181847180741897319,-294.071596433699596673
1234465.600878557423129678,41938.595795048087893520,-4432.460897117423883174,33.375167103658895940
1234979.803606576053425670,42070.604276624777412508,-2901.426598094905784819,403.066557726531755179
1235530.368617320200428367,42146.416459618842054624,-1257.661042741070559714,798.259576108248438686
1236093.233577915932983160,42153.744489729266206268,424.900933294986316469,1200.947281903296243399
1236643.798588660079985857,42092.257575417905172799,2070.022840134297439363,1592.883973609365057200
1237158.001316678710281849,41973.600471280551573727,3603.533583574426302221,1956.630361585121136159
1237613.368635338963940740,41819.277959280218055937,4957.420553096999356057,2276.477545454108621925
1237989.998807720607146621,41656.814430516133143101,6073.145756872800120618,2539.140135258843656629
1238271.431288018589839339,41514.910411563971138094,6903.916146381256112363,2734.173024899268057197
1238445.366126380860805511,41418.468372043083945755,7415.929829780907311942,2854.139762080449145287
1238504.201535739237442613,41384.337840299798699562,7588.858454370718391147,2894.616953477612696588
1238563.036945097614079714,41349.446041716211766470,7761.647481552288809326,2935.040894304605899379
1238736.971783459885045886,41241.849980950886674691,8271.615794976205506828,3054.227408400824060664
1239018.404263757867738605,41053.720855648462020326,9093.909652997703233268,3246.026855476637138054
1239395.034436139510944486,40774.936042789900966454,10188.304455379919090774,3500.552785720879910514
1239850.401754799764603376,40396.847813299224071670,11501.158496613577881362,3804.747605757525889203
1240364.604482818394899368,39916.426130316518538166,12968.331069747880974319,4143.188696766475914046
1240915.169493562541902065,39339.885188598484091926,14519.006020048596838024,4499.097674610529793426
1241478.034454158274456859,38684.974649709016375709,16080.132232596130052116,4855.462409793370170519
1242028.599464902421459556,37981.368446186483197380,17580.975796966777124908,5196.136143836396513507
1242542.802192921051755548,37268.964938042983703781,18957.171720610895135906,5506.762406173831550404
1242998.169511581305414438,36594.328055593483441044,20153.727905988656857517,5775.400794460176257417
1243374.799683962948620319,36005.844109216071956325,21126.667684351057687309,5992.793560190330026671
1243656.232164260931313038,35548.365188464820676018,21843.330419253055879381,6152.297776785067981109
1243830.167002623202279210,35258.134612781992473174,22281.674841704741993453,6249.586292881547706202
1243889.002411981578916311,35158.675588894817337859,22429.142506234311440494,6282.268582865392090753
1243947.837821339955553412,35058.569839508512814064,22576.197598385238961782,6314.835305211076047271
1244121.772659702226519585,34758.863493243472476024,23008.497043093280808534,6410.430533455684781075
1244403.205140000209212303,34262.114565388073970098,23700.107848910694883671,6562.917333566816523671
1244779.835312381852418184,33574.811216830981720705,24610.006715351795719471,6762.651406755088828504
1245235.202631042106077075,32710.076780063805927057,25685.291905343612597790,6997.319997628568671644
1245749.405359060736373067,31690.340462305357505102,26865.427559976546035614,7253.026891639572568238
1246299.970369804883375764,30549.176358541248191614,28087.134655826805101242,7515.510410933638922870
1246862.835330400615930557,29331.669325332863081712,29289.356631373135314789,7771.340845872531645000
1247413.400341144762933254,28092.983597866965283174,30417.620642714282439556,8008.926422863150946796
1247927.603069163393229246,26895.203092328978527803,31427.158095481885538902,8219.177373698796145618
1248382.970387823646888137,25802.870137450991023798,32284.362864552145765629,8395.738382639246992767
1248759.600560205290094018,24877.875620418933976907,32966.510371340053097811,8534.788065532920882106
1249041.033040503272786736,24174.403451632017095108,33460.042424189006851520,8634.496759694826323539
1249214.967878865543752909,23734.527065144626249094,33758.033121829466836061,8694.305414112284779549
1249273.803288223920390010,23584.866679223378014285,33857.605703291679674294,8714.220419930730713531
1249332.638697582297027111,23434.772410664132621605,33956.555418086376448628,8733.975101339296088554
1249506.573535944567993283,22988.538810504956927616,34245.419922722176124807,8791.434695235351682641
1249788.006016242550686002,22258.720733439440664370,34701.130704457544197794,8881.408283802695223130
1250164.636188624193891883,21267.429166436086234171,35288.104403303608705755,8995.960455754087888636
1250620.003507284447550774,20047.561599978136655409,35962.224525644582172390,9125.395920875729643740
1251134.206235303077846766,18643.594849258552130777,36675.766810550492664333,9259.458453665967681445
1251684.771246047224849463,17111.357057233231898863,37382.614190671265532728,9388.572483238080167212
1252247.636206642957404256,15516.412493992487725336,38042.992797498263826128,9504.933914485402056016
1252798.201217387104406953,13931.027349426301952917,38626.979303984575381037,9603.270001414304715581
1253312.403945405734702945,12430.030254904071625788,39116.215668416720291134,9681.141549263920751400
1253767.771264065988361835,11086.126671508776780684,39503.599442886792530771,9738.746572041549370624
1254144.401436447631567717,9965.299297430443402845,39791.121426791323756333,9778.282992782667861320
1254425.833916745614260435,9122.822562195251521189,39986.394728772364032920,9803.014318662157165818
1254599.768755107885226607,8600.200233713148918469,40098.667770325344463345,9816.235948079542140476
1254658.604164466261863708,8423.100122798357915599,40135.186673461306781974,9820.351075720624066889
1254717.439573824638500810,8245.845016152023163158,40170.967038216411310714,9824.285483009840390878
1254891.374412186909466982,7720.951702978818502743,40272.419074222088966053,9834.859212238054169575
1255172.806892484892159700,6869.063437619603064377,40422.847373998134571593,9848.616965851131681120
1255549.437064866535365582,5724.552867498605337460,40597.520996513303543907,9860.539394271148921689
1256004.804383526789024472,4335.090495082906272728,40767.819932994425471406,9865.023769689601977007
1256519.007111545419320464,2760.438718784025695641,40906.092950439655396622,9857.014632372500273050
1257069.572122289566323161,1070.190966165981080849,40990.403815620338718873,9833.080209811678287224
1257632.437082885298877954,-659.579606280305597465,41008.317503733771445695,9792.230724161427133367
1258183.002093629445880651,-2350.496324336731049698,40959.019942504623031709,9736.316515685170088545
1258697.204821648076176643,-3926.369082138517114799,40853.365547790344862733,9669.922252556536477641
1259152.572140308329835534,-5317.391624238916847389,40711.845850705671182368,9599.771455287753269658
1259529.202312689973041415,-6463.530778432839724701,40560.873673802510893438,9533.749145173520446406
1259810.634792987955734134,-7316.834805911981675308,40428.083518296749389265,9479.717352569039576338
1259984.569631350226700306,-7842.687747308162215631,40337.497501316574926022,9444.325966232945575030
1260043.405040708603337407,-8020.282048074404883664,40305.386224445661355276,9432.010225943829937023
1260102.240450066979974508,-8197.728714392862457316,40272.533020632203260902,9419.520851725612374139
1260276.175288429250940681,-8721.418527152265596669,40171.076349517657945398,9381.585394989104315755
1260557.607768727233633399,-9565.757989587138581555,39993.235442617304215673,9317.010328930091418442
1260934.237941108876839280,-10689.338567146907735150,39728.897206523783097509,9224.456846588511325535
1261389.605259769130498171,-12036.965222047518182080,39369.296989712027425412,9103.268457720858350513
1261903.807987787760794163,-13542.678656069438147824,38911.070093405993247870,8954.361345905099369702
1262454.372998531907796860,-15133.706153294879186433,38359.807120425255561713,8780.971799051492780563
1263017.237959127640351653,-16735.040062000851321500,37732.313900140208716039,8589.077363458332911250
1263567.802969871787354350,-18274.121211883488285821,37057.020315589012170676,8387.372431224082902190
1264082.005697890417650342,-19684.996481166097510140,36372.352389896848762874,8186.770312610651672003
1264537.373016550671309233,-20911.388529191601264756,35723.287342839503253344,7999.499021029669165728
1264914.003188932314515114,-21908.357846296268689912,35156.648974951916898135,7837.932452658178590355
1265195.435669230297207832,-22642.581263504798698705,34715.894159999304974917,7713.335936177974872408
1265369.370507592568174005,-23091.605904223739344161,34436.167332446762884501,7634.702633322960537043
1265428.205916950944811106,-23242.655968387254688423,34340.289934560692927334,7607.825273289710821700
1265487.041326309321448207,-23393.278023987651977222,34243.780167550117766950,7580.807806360347967711
1265660.976164671592414379,-23836.031517151386651676,33954.787918617286777589,7500.121668591209527222
1265942.408644969575107098,-24544.265698555966082495,33475.634852075287199114,7367.017684995940726367
1266319.038817351218312979,-25475.835446503122511785,32812.370881384507811163,7184.042875569824900595
1266774.406136011471971869,-26576.419141304788354319,31977.428888390109932516,6955.588944897566761938
1267288.608864030102267861,-27783.898432207402947824,30992.252843129717803095,6688.406695660947661963
1267839.173874774249270558,-29033.398828011115256231,29889.120379580454027746,6391.910489638148646918
1268402.038835369981825352,-30262.399190829244616907,28711.531404068031406496,6078.137869914107795921
1268952.603846114128828049,-31415.209601412636402529,27512.842610534549748991,5761.306046340194370714
1269466.806574132759124041,-32446.163016972241166513,26353.210897810095048044,5456.997399991889324156
1269922.173892793012782931,-33321.089090060551825445,25295.258635040641820524,5181.084061012881647912
1270298.804065174655988812,-34016.994630919412884396,24399.096343206510937307,4948.545575696554806200
1270580.236545472638681531,-34520.268445377812895458,23717.389384930291271303,4772.335619351057175663
1270754.171383834909647703,-34824.047225500333297532,23291.054650122103339527,4662.421317699760038522
1270813.006793193286284804,-34925.537231136047921609,23145.989975034761300776,4625.070774347072074306
1270871.842202551662921906,-35026.383852182123519015,23000.498913571973389480,4587.635023414755778504
1271045.777040913933888078,-35320.735812837658158969,22567.916800330662226770,4476.472267267077768338
1271327.209521211916580796,-35784.942493420028768014,21860.319130383235460613,4295.088401143339069677
1271703.839693593559786677,-36382.539196538207761478,20899.005330867868906353,4049.530268555872680736
1272159.207012253813445568,-37068.350091958353004884,19715.722448408407217357,3748.571314897753836703
1272673.409740272443741560,-37793.559503738702915143,18353.468620301027840469,3403.771441395760120940
1273223.974751016590744257,-38511.075289917578629684,16866.304052526866144035,3029.291806738025115919
1273786.839711612323299050,-39180.391357721229724120,15317.807817200002318714,2641.398749335568936658
1274337.404722356470301747,-39771.177576213543943595,13778.144912877854949329,2257.668469350219311309
1274851.607450375100597739,-40265.018517087613872718,12320.045883394581323955,1895.979891261917146039
1275306.974769035354256630,-40655.065731558417610358,11014.242435592961555813,1573.431855010467188549
1275683.604941416997462511,-40943.784166473364166450,9924.976024738316482399,1305.327516630424725008
1275965.037421714980155230,-41139.355870184190280270,9106.097074343626445625,1104.335095798729525995
1276138.972260077251121402,-41251.558480090978264343,8598.060411314283555839,979.876730366393530858
1276197.807669435627758503,-41288.009489226002187934,8425.893815915485902224,937.740571258227646467
1276256.643078794004395604,-41323.699682624537672382,8253.571956249921640847,895.587131084017528337
1276430.577917156275361776,-41424.754881719585682731,7743.260374026875069831,770.875564943142308039
1276712.010397454258054495,-41574.128892185508448165,6914.953589046876004431,568.833817850058039767
1277088.640569835901260376,-41746.595152506015438121,5801.962961380872002337,298.088959430535396677
1277544.007888496154919267,-41913.010105214540089946,4450.521845423187187407,-29.538553001400941866
1278058.210616514785215259,-42045.303648111635993700,2918.640698274168244097,-399.439018383431175607
1278608.775627258932217956,-42121.348076050424424466,1273.933941432776919100,-794.860444444506356376
1279171.640587854664772749,-42128.832270023172895890,-409.621014055293926504,-1197.784983815899977344
1279722.205598598811775446,-42067.415867750467441510,-2055.737925149929651525,-1589.954999829218650120
1280236.408326617442071438,-41948.749231560206681024,-3590.193403235134610441,-1953.919375074370691436
1280691.775645277695730329,-41794.356370918736502063,-4944.925028587189444806,-2273.958581027849504608
1281068.405817659338936210,-41631.790219810958660673,-6061.351691199895867612,-2536.778578892392033595
1281349.838297957321628928,-41489.783095101411163341,-6892.646519261841604020,-2731.927919254447260755
1281523.773136319592595100,-41393.266003783319320064,-7404.983992482499161270,-2851.966018833611087757
1281582.608545677969232202,-41359.108124586309713777,-7578.022036971255147364,-2892.467232743640124681
1281641.443955036345869303,-41324.187987430275825318,-7750.920416755332553294,-2932.915133846820026520
1281815.378793398616835475,-41216.502354157295485493,-8261.211533874004089739,-3052.172098453285798314
1282096.811273696599528193,-41028.209967124414106365,-9084.025741933575773146,-3244.084217300651289406
1282473.441446078242734075,-40749.171308585580845829,-10179.111702265880012419,-3498.758047235211051884
1282928.808764738496392965,-40370.722442591235449072,-11492.790533306739234831,-3803.126602340269528213
1283443.011492757126688957,-39889.823637512650748249,-12960.875583317792916205,-4141.756127216865934315
1283993.576503501273691654,-39312.691157657325675245,-14512.499312837338948157,-4497.856377750880710664
1284556.441464097006246448,-38657.091877997991105076,-16074.558554487033688929,-4854.403920059105075779
1285107.006474841153249145,-37952.732645359494199511,-17576.272018714538717177,-5195.242536242365531507
1285621.209202859783545136,-37239.557908784736355301,-18953.236636071196699049,-5506.009124542599238339
1286076.576521520037204027,-36564.185792226016928907,-20150.434234870328509714,-5774.759887749807603541
1286453.206693901680409908,-35975.058427869014849421,-21123.874172702162468340,-5992.236636707106299582
1286734.639174199663102627,-35517.078788500883092638,-21840.891566949161642697,-6151.798072819145090762
1286908.574012561934068799,-35226.530544964502041694,-22279.446669465593004134,-6249.119512048911929014
1286967.409421920310705900,-35126.962682553123158868,-22426.984090589881816413,-6281.812509164634320769
1287026.244831278687343001,-35026.747405413560045417,-22574.108166561076359358,-6314.389719428303578752
1287200.179669640958309174,-34726.713293611093831714,-23006.606969378502981272,-6410.014659085585662979
1287481.612149938941001892,-34229.421816182810289320,-23698.525527045210765209,-6562.545372198377663153
1287858.242322320584207773,-33541.369902933503908571,-24608.806611330328451004,-6762.329970206408688682
1288313.609640980837866664,-32675.698433986421150621,-25684.506721703415678348,-6997.046678058612087625
1288827.812368999468162656,-31654.865950365106982645,-26865.045980955554114189,-7252.790305277141669649
1289378.377379743615165353,-30512.488991976271790918,-28087.105502110985980835,-7515.291845255806038040
1289941.242340339347720146,-29293.706818452592415269,-29289.599148572502599563,-7771.117339278147483128
1290491.807351083494722843,-28053.746351242552918848,-30418.039310979736910667,-8008.674778236118072527
1291006.010079102125018835,-26854.757042751203698572,-31427.659206602802441921,-8218.878357809544468182
1291461.377397762378677726,-25761.343719650547427591,-32284.869589139787422027,-8395.380285055884087342
1291838.007570144021883607,-24835.451725525337678846,-32966.973344860678480472,-8534.368916932302454370
1292119.440050442004576325,-24131.308143759633821901,-33460.443914982104615774,-8634.024797795149424928
1292293.374888804275542498,-23691.016957878622633871,-33758.384263185165764298,-8693.797743234999870765
1292352.210298162652179599,-23541.216341211249527987,-33857.937675310495251324,-8713.700140752813240397
1292411.045707521028816700,-23390.981897378827852663,-33956.867139512403809931,-8733.441946697623279761
1292584.980545883299782872,-22944.334310703467053827,-34245.665453290530422237,-8790.861917417116274009
1292866.413026181282475591,-22213.848191089018655475,-34701.249122376982995775,-8880.766476304763273220
1293243.043198562925681472,-21221.667640291176212486,-35288.014067877978959586,-8995.216826260233574430
1293698.410517223179340363,-20000.736092017054033931,-35961.822992419321963098,-9124.514924256856829743
1294212.613245241809636354,-18595.587163860931468662,-36674.937202019114920404,-9258.403924866606757860
1294763.178255985956639051,-17062.112824122443271335,-37381.237463988327363040,-9387.311059107099936227
1295326.043216581689193845,-15465.942717828809691127,-38040.963949195538589265,-9503.439196635297776083
1295876.608227325836196542,-13879.403799865416658577,-38624.224508657549449708,-9601.526688775191360037
1296390.810955344466492534,-12377.375411282315326389,-39112.707019499001035001,-9679.148737323846944491
1296846.178274004720151424,-11032.600278593621624168,-39499.364477028801047709,-9736.519589196685046772
1297222.808446386363357306,-9911.084352699130249675,-39786.245775589450204279,-9775.853459219242722611
1297504.240926684346050024,-9068.113449907883477863,-39981.017632950992265251,-9800.428455755607501487
1297678.175765046617016196,-8545.194797289113921579,-40092.971366771227621939,-9813.551429561854092753
1297737.011174404993653297,-8367.996063176564348396,-40129.380669935395417269,-9817.632843127923479187
1297795.846583763370290399,-8190.643159474733693060,-40165.050640761990507599,-9821.533365958262947970
1297969.781422125641256571,-7665.465626028853876051,-40266.171736838376091328,-9832.005943298239799333
1298251.213902423623949289,-6813.133340541760844644,-40416.050401253589370754,-9845.597025832679719315
1298627.844074805267155170,-5668.060309807326120790,-40589.962185326461622026,-9857.290904285438955412
1299083.211393465520814061,-4277.968544637340528425,-40759.302205106556357350,-9861.491194111487857299
1299597.414121484151110053,-2702.675848451930505689,-40896.446605225988605525,-9853.152137453293107683
1300147.979132228298112750,-1011.827714394334179815,-40979.500697106930601876,-9828.855215757943369681
1300710.844092824030667543,718.461002413627284113,-40996.084467352753563318,-9787.627003899517148966
1301261.409103568177670240,2409.787656018954294268,-40945.448863931851519737,-9731.336206597075943137
1301775.611831586807966232,3985.954319475662487093,-40838.517820684508478735,-9664.586364419406891102
1302230.979150247061625123,5377.163938113000767771,-40695.850615629147796426,-9594.118799956897419179
1302607.609322628704831004,6523.405157221925037447,-40543.920413719177304301,-9527.833952619261253858
1302889.041802926687523723,7376.754067250039952341,-40410.410634433770610485,-9473.606049037221964682
1303062.976641288958489895,7902.621265798785316292,-40319.378753258592041675,-9438.093612027299968759
1303121.812050647335126996,8080.218053397235053126,-40287.116518276867282111,-9425.736964622086816235
1303180.647460005711764097,8257.666024712125363294,-40254.112300963846792001,-9413.206707119348720880
1303354.582298367982730269,8781.352779547894897405,-40152.208954198758874554,-9375.150548879861162277
1303636.014778665965422988,9625.665388005065324251,-39973.645062381641764659,-9310.380818751804326894
1304012.644951047608628869,10749.167665695982577745,-39708.340355806758452673,-9217.568439182872680249
1304468.012269707862287760,12096.635050330522062723,-39347.576434894239355344,-9096.070281217271258356
1304982.214997726492583752,13602.084168946581485216,-38888.046845670563925523,-8946.818892798783053877
1305532.780008470639586449,15192.730518037664296571,-38335.409049060435791034,-8773.068824298028630437
1306095.644969066372141242,16793.571760253260436002,-37706.539134144557465333,-8580.816278959904593648
1306646.209979810519143939,18332.072755772831442300,-37029.934465670732606668,-8378.773051294545439305
1307160.412707829149439931,19742.321112124460341875,-36344.079989873112936039,-8177.867161182966810884
1307615.780026489403098822,20968.091738196300866548,-35693.999281652046192903,-7990.337741763261874439
1307992.410198871046304703,21964.501746590460243169,-35126.548541413860220928,-7828.566042734939401271
1308273.842679169028997421,22698.281329363329859916,-34685.204339427647937555,-7703.821486910619569244
1308447.777517531299963593,23147.020895363508316223,-34405.121199075372715015,-7625.099024349870887818
1308506.612926889676600695,23297.972701601429434959,-34309.124690552656829823,-7598.191918077081936644
1308565.448336248053237796,23448.495585073927941266,-34212.496540602653112728,-7571.144916381676011952
1308739.383174610324203968,23890.950609510975482408,-33923.158640353132796008,-7490.372717215726879658
1309020.815654908306896687,24598.685464708811196033,-33443.460357095704239327,-7357.133530778159183683
1309397.445827289950102568,25529.556381024165602867,-32779.495067801450204570,-7173.985866358667408349
1309852.813145950203761458,26629.250726792706700508,-31943.750656538766634185,-6945.335790558416192653
1310367.015873968834057450,27835.671255919827672187,-30957.731728569728147704,-6677.949684159062599065
1310917.580884712981060147,29083.979459507136198226,-29853.775156852912914474,-6381.256807028246839764
1311480.445845308713614941,30311.705047454430314247,-28675.431630454149853904,-6067.307091765269433381
1312031.010856052860617638,31463.220770406282099430,-27476.094487871167075355,-5750.326231760369410040
1312545.213584071490913630,32492.928645376792701427,-26315.940113658209156711,-5445.900527343317662599
1313000.580902731744572520,33366.727256141348334495,-25257.593537159387778956,-5169.901686489978601458
1313377.211075113387778401,34061.686072940217854921,-24361.154639845837664325,-4937.305519319070299389
1313658.643555411370471120,34564.245613514656724874,-23679.270607175894838292,-4761.060215030378458323
1313832.578393773641437292,34867.580521066418441478,-23252.839187951416533906,-4651.127393721417320194
1313891.413803132018074393,34968.920015908348432276,-23107.744021231548686046,-4613.771161784319701837
1313950.249212490394711494,35069.615956620524229947,-22962.223588757922698278,-4576.330013523507659556
1314124.184050852665677667,35363.521560713161306921,-22529.561209272833366413,-4465.153004925628920319
1314405.616531150648370385,35827.003674793500977103,-21821.854485074763942976,-4283.751470191800763132
1314782.246703532291576266,36423.627765313700365368,-20860.435097122339357156,-4038.180108115706389071
1315237.614022192545235157,37108.261444979791122023,-19677.086282674928952474,-3737.221019844455440762
1315751.816750211175531149,37832.145012746077554766,-18314.839017240105022211,-3392.441698409780656220
1316302.381760955322533846,38548.252065844346361700,-16827.776001604048360605,-3018.008085101773758652
1316865.246721551055088639,39216.147214661796169821,-15279.483249944409180898,-2630.187243422657047631
1317415.811732295202091336,39805.569945737697707955,-13740.114910231677640695,-2246.551574538625573041
1317930.014460313832387328,40298.167410274945723359,-12282.374116484781552572,-1884.972095159744640114
1318385.381778974086046219,40687.142256053142773453,-10976.952957746347237844,-1562.536808777298574569
1318762.011951355729252100,40974.997040934838878457,-9888.047460142297495622,-1294.536763400934432866
1319043.444431653711944818,41169.938500878728518728,-9069.463853129891504068,-1093.628579380270821275
1319217.379270015982910991,41281.758475657064991537,-8561.620426922811020631,-969.224897450349089922
1319276.214679374359548092,41318.081286659180477727,-8389.521017060855228920,-927.107680837496445747
1319335.050088732736185193,41353.643917231012892444,-8217.267254684476938564,-884.973405797110899584
1319508.984927095007151365,41454.325788945840031374,-7707.162267409155901987,-760.319785071962542133
1319790.417407392989844084,41603.108115276620083023,-6879.206169207471248228,-558.375789513072959380
1320167.047579774633049965,41774.807657120931253303,-5766.715606919380661566,-287.769207888242817717
1320622.414898434886708856,41940.336303600292012561,-4415.924004209118720610,39.680280244017922087
1321136.617626453517004848,42071.686056405953422654,-2884.831834245364007074,409.366394625085376902
1321687.182637197664007545,42146.791273986695159692,-1241.030165096635755617,804.543950947740086121
1322250.047597793396562338,42153.395936015680490527,441.541039252762857359,1207.205384844721265836
1322800.612608537543565035,42091.202026069840940181,2086.644871518125000875,1599.106185423715942306
1323314.815336556173861027,41971.886137856032291893,3620.114554698688152712,1962.809999993110977812
1323770.182655216427519917,41816.982205479849653784,4973.945710348074499052,2282.612230464157619281
1324146.812827598070725799,41654.039675058775173966,6089.610990260836842936,2545.232529774813883705
1324428.245307896053418517,41511.779074573983962182,6920.328497929607692640,2740.230818520223692758
1324602.180146258324384689,41415.117305501167720649,7432.306043273412797134,2860.174895334563188953
1324661.015555616701021791,41380.912568036619632039,7605.221847579923633020,2900.644201806757337181
1324719.850964975077658892,41345.946626782744715456,7777.997753481140534859,2941.060146832238388015
1324893.785803337348625064,41238.131760283351468388,8287.925518658237706404,3060.222376004308898700
1325175.218283635331317782,41049.649881987344997469,9110.148217878529976588,3251.980489609162759734
1325551.848456016974523664,40770.395701629320683423,10204.437104070784698706,3506.447187430090707494
1326007.215774677228182554,40391.744584826032223646,11517.146856541970919352,3810.564463093742233468
1326521.418502695858478546,39910.694080285007657949,12984.135330892393540125,4148.910290452517074300
1327071.983513440005481243,39333.488801075356604997,14534.588558470124553423,4504.708360556611296488
1327634.848474035738036036,38677.909742019815894309,16095.462155010776768904,4860.950369945592683507
1328185.413484779885038733,37973.661125464575889055,17596.033655945437203627,5201.495120798103016568
1328699.616212798515334725,37260.668822949963214342,18971.953574154751549941,5511.993119282979023410
1329154.983531458768993616,36585.520221076651068870,20168.247983890811156016,5780.511778113530453993
1329531.613703840412199497,35996.620344157541694585,21140.959149050751875620,5997.801255603186291410
1329813.046184138394892216,35538.835145307915809099,21857.444013660999189597,6157.225822718097333563
1329986.981022500665858388,35248.417276523752661888,22295.675531320033769589,6254.464073440216452582
1330045.816431859042495489,35148.895250705805665348,22443.104494169347162824,6287.129182686981948791
1330104.651841217419132590,35048.726679279621748719,22590.120627809657889884,6319.678634878840966849
1330278.586679579690098763,34748.835675669986812863,23022.303404648198920768,6415.222287614782544551
1330560.019159877672791481,34251.791392952356545720,23713.720745017628360074,6567.624008718015829800
1330936.649332259315997362,33564.099601200003235135,24623.351754465948033612,6767.241130759775842307
1331392.016650919569656253,32698.906322085451392923,25698.299675970214593690,7001.763709016679058550
1331906.219378938199952245,31678.666697085987834726,26878.037274978931236546,7257.299846875783259748
1332456.784389682346954942,30536.981890864823071752,28099.298540959011006635,7519.593885507038066862
1333019.649350278079509735,29318.962829238887934480,29301.044477271723735612,7775.223809055820311187
1333570.214361022226512432,28079.796947225149779115,30428.823808452922094148,8012.606928858509490965
1334084.417089040856808424,26881.587162449177412782,31437.892276977996516507,8222.663432438461313723
1334539.784407701110467315,25788.889997380007116590,32294.669107624205935281,8399.048143797390366672
1334916.414580082753673196,24863.605865980651287828,32976.454066685277211946,8537.949247613385523437
1335197.847060380736365914,24159.924295366894511972,33469.710300208877015393,8637.545355524995102314
1335371.781898743007332087,23719.921532682295946870,33767.528489353477198165,8697.283782962836994557
1335430.617308101383969188,23570.218929015369212721,33867.042370832459710073,8717.174924728922633221
1335489.452717459760606289,23420.082712140087096486,33965.933211980787746143,8736.905687712842336623
1335663.387555822031572461,22973.726683424472867046,34254.622663630572787952,8794.294257969722821144
1335944.820036120014265180,22243.715564558435289655,34710.047081012213311624,8884.151958722166455118
1336321.450208501657471061,21252.175551728498248849,35296.631696567339531612,8998.547243526914826361
1336776.817527161911129951,20032.022970556434302125,35970.272834400115243625,9127.790428967109619407
1337291.020255180541425943,18627.754977041076926980,36683.263608381086669397,9261.632676111312321154
1337841.585265924688428640,17095.219319929521589074,37389.508813177169940900,9390.507461823184712557
1338404.450226520420983434,15499.997110557895211969,38049.260310045843652915,9506.621082902198395459
1338955.015237264567986131,13914.367119854468910489,38632.623185516735247802,9604.712021436902432470
1339469.217965283198282123,12413.165578815307526384,39121.268867668630264234,9682.352503835933021037
1339924.585283943451941013,11069.100718170557229314,39508.123584061329893302,9739.751466897792852251
1340301.215456325095146894,9948.154123065214662347,39795.204190864860720467,9779.116609487547975732
1340582.647936623077839613,9105.596734840575663839,39990.145648048426664900,9803.719531583639763994
1340756.582774985348805785,8582.928183897551207338,40102.212798405838839244,9816.861650864568218822
1340815.418184343725442886,8405.813066008187888656,40138.661925612301274668,9820.949859838157863123
1340874.253593702102079988,8228.543270466536341701,40174.372450372167804744,9824.857337412147899158
1341048.188432064373046160,7703.608395303752331529,40275.617656489739601966,9835.351394631783477962
1341329.620912362355738878,6851.658791131492762361,40425.710221285022271331,9848.980073620594339445
1341706.251084743998944759,5707.077602364275662694,40599.932677447817695793,9860.729535796694108285
1342161.618403404252603650,4317.547448508594243322,40769.683724509224703070,9865.004604177540386445
1342675.821131422882899642,2742.842381493341235910,40907.335615299780329224,9856.759151570184258162
1343226.386142167029902339,1052.564987476136593614,40990.979505758608866017,9832.572106548386727809
1343789.251102762762457132,-677.206528086993785109,41008.210355621435155626,9791.465201344637534930
1344339.816113506909459829,-2368.095446708459348883,40958.245031993043085095,9735.300440008291843696
1344854.018841525539755821,-3943.916626076992542949,40851.968072704410587903,9668.673640086553859874
1345309.386160185793414712,-5334.872892635721655097,40709.898648484399018344,9598.318366063298526569
1345686.016332567436620593,-6480.942663813788385596,40558.473386455465515610,9532.128134328877422377
1345967.448812865419313312,-7334.186268749494047370,40425.345827579985780176,9477.971654601633417769
1346141.383651227690279484,-7859.998211044199706521,40334.551849641859007534,9442.503571298590031802
1346200.219060586066916585,-8037.578012693054915871,40302.370332945625705179,9430.161953080145394779
1346259.054469944443553686,-8215.009861487160378601,40269.446944674964470323,9417.646734923180702026
1346432.989308306714519858,-8738.654009873243921902,40167.783123861088824924,9379.635079244935695897
1346714.421788604697212577,-9582.913715684051567223,39989.608175643741560634,9314.937390010773015092
1347091.051960986340418458,-10706.376257782067114022,39724.825314767214877065,9222.221179796060823719
1347546.419279646594077349,-12053.843045151988917496,39364.691646026934904512,9100.838305368115470628
1348060.622007665224373341,-13559.353589838567131665,38905.868497904411924537,8951.714809769442581455
1348611.187018409371376038,-15150.137862849245721009,38353.975225693568063434,8778.097707811421059887
1349174.051979005103930831,-16751.195730119208747055,37725.847337675302696880,8585.975422867251836578
1349724.616989749250933528,-18289.980527448664361145,37049.943474904190225061,8384.052671397947051446
1350238.819717767881229520,-19700.555911713476234581,36364.715849735330266412,8183.251943718552865903
1350694.187036428134888411,-20926.664100430170947220,35715.164076908979041036,7995.808888562516585807
1351070.817208809778094292,-21923.385892341109865811,35148.129882856293988880,7834.103322009001203696
1351352.249689107760787010,-22657.416934259432309773,34707.083467745243979152,7709.404820485649906914
1351526.184527470031753182,-23106.319548963299894240,34427.178268185838533100,7630.709312560005855630
1351585.019936828408390284,-23257.327799325306841638,34331.240859723613539245,7603.811055883268636535
1351643.855346186785027385,-23407.907770859041193034,34234.671248642633145209,7576.772766207895983825
1351817.790184549055993557,-23850.535278077666589525,33945.503067342237045523,7496.025506109550406109
1352099.222664847038686275,-24558.560673247055092361,33466.068511141602357384,7362.824024628467668663
1352475.852837228681892157,-25489.841599409432092216,32802.434156423572858330,7179.721508546002951334
1352931.220155888935551047,-26590.061993404255190399,31967.054380478475650307,6951.117535673516613315
1353445.422883907565847039,-27797.112965963744500186,30981.397762361120840069,6683.771794598285850952
1353995.987894651712849736,-29046.134156652689853217,29877.767675738919933792,6387.107766756291312049
1354558.852855247445404530,-30274.623374976181366947,28699.688881375033815857,6073.171582747918364475
1355109.417865991592407227,-31426.913861465603986289,27500.540268928882142063,5756.187864245117452811
1355623.620594010222703218,-32457.364618803338089492,26340.497002054144104477,5451.744803604173284839
1356078.987912670476362109,-33331.832361016386130359,25282.195184788804908749,5175.718593008086827467
1356455.618085052119567990,-34027.349836636763939168,24385.754649906557460781,4943.091219908294078778
1356737.050565350102260709,-34530.328552028593549039,23703.846338286202808376,4766.817526974335123668
1356910.985403712373226881,-34833.922821514039242174,23277.390008109759946819,4656.864995058478598366
1356969.820813070749863982,-34935.350052770307229366,23132.284698843512160238,4619.501722043436529930
1357028.656222429126501083,-35036.133718553428479936,22986.753255599433032330,4582.053344031939559500
1357202.591060791397467256,-35330.298518270217755344,22554.053245077164319810,4470.853860660017744522
1357484.023541089380159974,-35794.199116280266025569,21846.269547616386262234,4289.412486928309590439
1357860.653713471023365855,-36391.380115204920002725,20884.716071064838615712,4043.781141208977714996
1358316.021032131277024746,-37076.679511339367309120,19701.157822982662764844,3742.739469007849038462
1358830.223760149907320738,-37801.300307679419347551,18338.612382459708896931,3397.853929909904763917
1359380.788770894054323435,-38518.173791725617775228,16851.158759569072572049,3023.291804901118666749
1359943.653731489786878228,-39186.821368412078300025,15302.392266671427933034,2635.324420749004275422
1360494.218742233933880925,-39776.943197429609426763,13762.490149576471594628,2251.531345960711405496
1361008.421470252564176917,-40270.155198482294508722,12304.190504160033015069,1889.793060160502136569
1361463.788788912817835808,-40659.639366474897542503,10998.228013586507586297,1567.208271135836184840
1361840.418961294461041689,-40947.888264811561384704,9908.843406426043657120,1299.078723546144829015
1362121.851441592443734407,-41143.107067693337739911,9089.884081654505280312,1098.070544638814681093
1362295.786279954714700580,-41255.090771512092032935,8581.801159987480787095,973.603760457042881171
1362354.621689313091337681,-41291.467602499084023293,8409.619509348434803542,931.464982216884891386
1362413.457098671467974782,-41327.083553931290225592,8237.282894310563278850,889.309038557343228604
1362587.391937033738940954,-41427.918911872919125017,7726.929447087015432771,764.590748117303519393
1362868.824417331721633673,-41576.936146382613515016,6898.560496077428979333,562.540265177840410615
1363245.454589713364839554,-41748.923118766419065651,5785.497491703856212553,291.787868325363888289
1363700.821908373618498445,-41914.756266591743042227,4433.985475282672268804,-35.842403933407695149
1364215.024636392248794436,-42046.390543184614216443,2902.046212181936425623,-405.737620500849516247
1364765.589647136395797133,-42121.727406084850372281,1257.303122226636332925,-801.143598829397888039
1365328.454607732128351927,-42128.487597050632757600,-426.261237702776270453,-1204.041864377215460991
1365879.019618476275354624,-42066.363560803372820374,-2072.360197696347313467,-1596.175970788348422502
1366393.222346494905650616,-41947.037532606067543384,-3606.774685954187589232,-1960.097740314204202150
1366848.589665155159309506,-41792.062706555960176047,-4961.450522846054809634,-2280.091951998650984024
1367225.219837536802515388,-41629.017100124525313731,-6077.817256027345138136,-2542.869616837242574547
1367506.652317834785208106,-41486.653054074638930615,-6909.059182239208894316,-2737.984319367098578368
1367680.587156197056174278,-41389.916023131307156291,-7421.360498236936109606,-2857.999733550126620685
1367739.422565555432811379,-41355.683867175066552591,-7594.385714780983107630,-2898.493053689659063821
1367798.257974913809448481,-41320.689516330887272488,-7767.270965026786143426,-2938.932949953481511329
1367972.192813276080414653,-41212.784867540402046870,-8277.521505997610802297,-3058.165601800779768382
1368253.625293574063107371,-41024.139388902396603953,-9100.264499064629490022,-3250.036338610576422070
1368630.255465955706313252,-40744.630912210610404145,-10195.244446696808154229,-3504.650864365978122805
1369085.622784615959972143,-40365.618619747277989518,-11508.778839800601417664,-3808.941778129434169387
1369599.825512634590268135,-39884.090394699298485648,-12976.679580215459282044,-4147.475916690893427585
1370150.390523378737270832,-39306.292952759475156199,-14528.081312266273016576,-4503.465113107116849278
1370713.255483974469825625,-38650.024536014818295371,-16089.887605768723005895,-4859.889764495661438559
1371263.820494718616828322,-37945.022312277280434500,-17591.328633069155330304,-5200.599221540151120280
1371778.023222737247124314,-37231.258267761957540642,-18968.016854370107466821,-5511.237369478216351126
1372233.390541397500783205,-36555.374000726551457774,-20164.952299304401094560,-5779.868237691933245515
1372610.020713779143989086,-35965.830367758688225877,-21138.163289172669465188,-5997.241555348273323034
1372891.453194077126681805,-35507.544209324572875630,-21855.002550544311816338,-6156.723231660786041175
1373065.388032439397647977,-35216.808528963993012439,-22293.444580857736582402,-6253.994335943369151209
1373124.223441797774285078,-35117.177616929278883617,-22440.943242802612076048,-6286.670128555475457688
1373183.058851156150922179,-35016.899470531781844329,-22588.028302331782469992,-6319.230044783414996346
1373356.993689518421888351,-34716.680564597882039379,-23020.410263520527223591,-6414.803337667925006826
1373638.426169816404581070,-34219.093520078975416254,-23712.135066885828564409,-6567.248854451319857617
1374015.056342198047786951,-33530.652897840998775791,-24622.147893340654263739,-6766.916340645491800387
1374470.423660858301445842,-32664.522294277958280873,-25697.510230200692603830,-7001.486836551312080701
1374984.626388876931741834,-31643.186213503293402027,-26877.650838968671450857,-7257.059476721888131578
1375535.191399621078744531,-30500.288291571363515686,-28099.263867675654182676,-7519.371283145244888146
1376098.056360216811299324,-29280.993877694643742871,-29301.280773912883887533,-7774.996002585483438452
1376648.621370960958302021,-28040.553104226179129910,-30429.235551484256575350,-8012.350723804762310465
1377162.824098979588598013,-26841.134425843767530750,-31438.385791354208777193,-8222.359611281050092657
1377618.191417639842256904,-25747.356854271776683163,-32295.167632822274754290,-8398.685023900210580905
1377994.821590021485462785,-24821.175244263075001072,-32976.908338536370138172,-8537.524897645083910902
1378276.254070319468155503,-24116.822277489751286339,-33470.102712619911471847,-8637.068059041079322924
1378450.188908681739121675,-23676.404733515511907171,-33767.870319210320303682,-8696.770695515706393053
1378509.024318040115758777,-23526.561906561539217364,-33867.364952475159952883,-8716.649201319089115714
1378567.859727398492395878,-23376.285522545622370671,-33966.235464152043277863,-8736.367061215425565024
1378741.794565760763362050,-22929.515535303791693877,-34254.858491794300789479,-8793.715926874518117984
1379023.227046058746054769,-22198.836431672731123399,-34710.155419690629059914,-8883.504467073451451142
1379399.857218440389260650,-21206.407536516831896733,-35296.530779293367231730,-8997.797756716581716319
1379855.224537100642919540,-19985.191132941217801999,-35969.860116105621273164,-9126.903369307257889886
1380369.427265119273215532,-18579.741189922140620183,-36682.422142434494162444,-9260.571857728968097945
1380919.992275863420218229,-17045.969284654529474210,-37388.119523355366254691,-9389.239513582289873739
1381482.857236459152773023,-15449.521896559679589700,-38047.218196651061589364,-9505.119611165458991309
1382033.422247203299775720,-13862.738543930398009252,-38629.854461787363106851,-9602.961741317385531147
1382547.624975221930071712,-12360.506140632489405107,-39117.745695322380925063,-9680.352536020307525177
1383002.992293882183730602,-11015.570149848172150087,-39503.873590092502126936,-9737.517171106623209198
1383379.622466263826936483,-9893.935374628686986398,-39790.313111551666224841,-9776.679640485499476199
1383661.054946561809629202,-9050.884110821345529985,-39984.752836271167325322,-9801.126146315307778423
1383834.989784924080595374,-8527.919422083003155421,-40096.500505950396473054,-9814.169558306575709139
1383893.825194282457232475,-8350.705745022794872057,-40132.839975563525513280,-9818.224036084271574509
1383952.660603640833869576,-8173.338216949421621393,-40168.440049223871028516,-9822.097612262483380619
1384126.595442003104835749,-7648.119315137322701048,-40269.354149080034403596,-9832.490468612360928091
1384408.027922301087528467,-6795.726013004947162699,-40418.896818082350364421,-9845.952400776846843655
1384784.658094682730734348,-5650.582811238411522936,-40592.357104723727388773,-9857.473218588207600988
1385240.025413342984393239,-4260.423829488623596262,-40761.148862775684392545,-9861.464098274045682047
1385754.228141361614689231,-2685.078509117643989157,-40897.671754456045164261,-9852.888624928011267912
1386304.793152105761691928,-994.201477608810819220,-40980.058510570444923360,-9828.338990527954592835
1386867.658112701494246721,736.087393513713323046,-40995.959126750887662638,-9786.853287020661809947
1387418.223123445641249418,2427.385452830065332819,-40944.655506219838571269,-9730.311886596864496823
1387932.425851464271545410,4003.499778620731376577,-40837.101710395545524079,-9663.329479105443169829
1388387.793170124525204301,5394.642438764516555239,-40693.884652815300796647,-9592.657427668651507702
1388764.423342506168410182,6540.813704423439048696,-40541.501291708678763825,-9526.204661001065687742
1389045.855822804151102901,7394.101763317194127012,-40407.654071371427562553,-9471.852078377756697591
1389219.790661166422069073,7919.927697187122248579,-40316.414213553660374600,-9436.262952117969689425
1389278.626070524798706174,8097.509895746661641169,-40284.081734758197853807,-9423.880429864606412593
1389337.461479883175343275,8274.942959581218019594,-40251.007329666819714475,-9411.324331742027425207
1389511.396318245446309447,8798.583783962014422286,-40148.896827281751029659,-9373.191985762809053995
1389792.828798543429002166,9642.816205105926201213,-39969.998896927405439783,-9308.299654977585305460
1390169.458970925072208047,10766.199871665980026592,-39704.249593213731714059,-9215.324586123708286323
1390624.826289585325866938,12113.506695802505419124,-39342.952290306864597369,-9093.632002078826189972
1391139.029017603956162930,13618.752149709682271350,-38882.826576026687689591,-8944.164313701927312650
1391689.594028348103165627,15209.154456906202540267,-38329.558671390237577725,-8770.186799070113920607
1392252.458988943835720420,16809.718839838351414073,-37700.054342524214007426,-8577.706535767196328379
1392803.023999687982723117,18347.922705089855298866,-37022.839699734999157954,-8375.445636293981806375
1393317.226727706613019109,19757.870473824623331893,-36336.425856522815593053,-8174.341291017262847163
1393772.594046366866677999,20983.356640369813248981,-35685.858754095221229363,-7986.640256821425282396
1394149.224218748509883881,21979.518644451345608104,-35118.012487597363360692,-7824.729691164349787869
1394430.656699046492576599,22713.105504947896406520,-34676.376924223797686864,-7699.883253408494056202
1394604.591537408763542771,23161.722835447821125854,-34396.115565524502017070,-7621.098651491178316064
1394663.426946767140179873,23312.632757911291264463,-34300.059099436919495929,-7594.170671139509067871
1394722.262356125516816974,23463.113487796923436690,-34203.371158945032220799,-7567.102869430309510790
1394896.197194487787783146,23905.442323460774787236,-33913.857487566194322426,-7486.269616104706074111
1395177.629674785770475864,24612.968073027739592362,-33433.877984802129503805,-7352.933045067751663737
1395554.259847167413681746,25543.549757822947867680,-32769.542690321693953592,-7169.657831126984092407
1396009.627165827667340636,26642.880335806468792725,-31933.360979214201506693,-6940.857911049781250767
1396523.829893846297636628,27848.872058705026574899,-30946.862054659875866491,-6673.308545900901663117
1397074.394904590444639325,29096.700583566511340905,-29842.408509827109810431,-6376.448106623181956820
1397637.259865186177194118,30323.914597671078809071,-28663.575860444347199518,-6062.335101930118980817
1398187.824875930324196815,31474.910032379972108174,-27463.779606279807921965,-5745.202623573059099726
1398702.027603948954492807,32504.114960552724369336,-26303.214358718025323469,-5440.642768758742022328
1399157.394922609208151698,33377.455027450407214928,-25244.518844094949599821,-5164.531293488267692737
1399534.025094990851357579,34072.025633600140281487,-24347.802221252473827917,-4931.846436567298951559
1399815.457575288834050298,34574.289984801849641372,-23665.717225625536229927,-4755.537544444479863159
1399989.392413651105016470,34877.440333811398886610,-23239.164453581332054455,-4645.566585037086042576
1400048.227823009481653571,34978.717039439543441404,-23094.028734918341797311,-4608.197654643226996996
1400107.063232367858290672,35079.350010748668864835,-22948.468002984074701089,-4570.743910520119243301
1400280.998070730129256845,35373.068416164671361912,-22515.687970047591079492,-4459.530267033391282894
1400562.430551028111949563,35836.244399481867731083,-21807.795614010428835172,-4278.071374151171767153
1400939.060723409755155444,36432.452746295319229830,-20846.137079859858204145,-4032.426998751951032318
1401394.428042070008814335,37116.574917005324095953,-19662.513541728032578249,-3731.385432554656290449
1401908.630770088639110327,37839.869908417524129618,-18299.975385960897256155,-3386.520714953789138235
1402459.195780832786113024,38555.334759524972469080,-16812.624081142952491064,-3012.004895766978734173
1403022.060741428518667817,39222.561580799934745301,-15264.061842782197345514,-2624.110012384844594635
1403572.625752172665670514,39811.320141030424565542,-13724.455028072705317754,-2240.411820417517446913
1404086.828480191295966506,40303.288920793165743817,-12266.514289212187577505,-1878.782879536753171124
1404542.195798851549625397,40691.700985642564774025,-10960.934664382373739500,-1556.311051432057865895
1404918.825971233192831278,40979.086480806065083016,-9871.911433454377402086,-1288.285965916482382454
1405200.258451531175523996,41173.675239955955476034,-9053.247788985965598840,-1087.362146662097075023
1405374.193289893446490169,41285.276438759938173462,-8545.358308265691448469,-962.950120332083315589
1405433.028699251823127270,41321.525116730081208516,-8373.243911476580251474,-920.830309456316172145
1405491.864108610199764371,41357.013551002928579692,-8200.975461662172165234,-878.693555656544049270
1405665.798946972470730543,41457.475719759044295643,-7690.828807962483551819,-754.033282875388977118
1405947.231427270453423262,41605.901503643406613264,-6862.810857677257445175,-552.080665592875448056
1406323.861599652096629143,41777.122088558309769724,-5750.248323906569567043,-281.466692689646151848
1406779.228918312350288033,41942.069357333508378360,-4399.386286544970062096,45.985386288652080111
1407293.431646330980584025,42072.760359363201132510,-2868.236492864212777931,415.666073416286963038
1407843.996657075127586722,42147.158599579888687003,-1224.398975515163328964,810.828006243260460906
1408406.861617670860141516,42153.039893788933113683,458.181185100802395027,1213.463003735683741979
1408957.426628415007144213,42090.139000679431774188,2103.266676653751346748,1605.327753063451382332
1409471.629356433637440205,41970.164350937069684733,3636.695051314884040039,1968.988845610685530119
1409926.996675093891099095,41814.679026874080591369,4990.470173785106453579,2288.745991998977842741
1410303.626847475534304976,41651.257524711145379115,6106.075349034384998959,2551.323893488079193048
1410585.059327773516997695,41508.640368687403679360,6936.739840170943352859,2746.287501645318116061
1410758.994166135787963867,41411.758887677402526606,7448.681164429166528862,2866.208869070440414362
1410817.829575494164600968,41377.479950717395695392,7621.584120405947032850,2906.670274077172507532
1410876.664984852541238070,41342.439873154165979940,7794.346877001335087698,2947.078206782127381302
1411050.599823214812204242,41234.406220514218148310,8304.234011205488059204,3066.216102325255633332
1411332.032303512794896960,41045.571623413132329006,9126.385418182813737076,3257.932804074036539532
1411708.662475894438102841,40765.848126111559395213,10220.568210542776796501,3512.340165456189424731
1412164.029794554691761732,40386.634190373362798709,11533.133461014942440670,3816.379772421569214202
1412678.232522573322057724,39904.954950952676881570,12999.937598138691100758,4154.630197796868742444
1413228.797533317469060421,39327.085438147427339572,14550.168850815498444717,4510.317214683993370272
1413791.662493913201615214,38670.837976693415839691,16110.789577264913532417,4866.436352602802799083
1414342.227504657348617911,37965.947073440307576675,17611.088770291411492508,5206.851980984807596542
1414856.430232675978913903,37252.366104409338731784,18986.732458760605368298,5517.221588611268089153
1415311.797551336232572794,36576.705904057955194730,20182.764897662789735477,5785.620408141418010928
1415688.427723717875778675,35987.390202012618829031,21155.247290806488308590,6002.806508495603338815
1415969.860204015858471394,35529.298806986080307979,21871.554168064256373327,6162.151360898176790215
1416143.795042378129437566,35238.693697057904500980,22309.672709311002108734,6259.339306455236510374
1416202.630451736506074667,35139.108687111940525938,22457.062946379875938874,6291.987221598174073733
1416261.465861094882711768,35038.877311563068360556,22604.040097472483466845,6324.519390316141652875
1416435.400699457153677940,34738.801704239282116760,23036.106135772766720038,6420.011428444864577614
1416716.833179755136370659,34241.462155528082803357,23727.329897588810126763,6572.328008172320551239
1417093.463352136779576540,33553.382043485245958436,24636.692901137044827919,6771.828097363337292336
1417548.830670797033235431,32687.730076609826937784,25711.303378083503048401,7006.204566996646462940
1418063.033398815663531423,31666.987326588197902311,26890.642727995982568245,7261.569844085126533173
1418613.598409559810534120,30524.782021744824305642,28111.457963584682147484,7523.674294635289697908
1419176.463370155543088913,29306.251149074822023977,29312.727663100456993561,7779.103602090021013282
1419727.028380899690091610,28066.605333566381887067,30440.022128437405626755,8016.284167447462095879
1420241.231108918320387602,26867.966483217380300630,31448.621446364319126587,8226.146137679796083830
1420696.598427578574046493,25774.905302775739983190,32304.970197136273782235,8402.354479147688834928
1421073.228599960217252374,24849.331721939794078935,32986.392495764179329854,8541.106946930623962544
1421354.661080258199945092,24145.440874905507371295,33479.372828317566018086,8640.590427738483413123
1421528.595918620470911264,23705.311814435473934282,33777.018459638107742649,8700.258603690293966793
1421587.431327978847548366,23555.567019700836681295,33876.473624641592323314,8720.125873243523528799
1421646.266737337224185467,23405.388881261642382015,33975.305575751634023618,8739.832709707421599887
1421820.201575699495151639,22958.910503523140505422,34263.819926541465974879,8797.150232775995391421
1422101.634055997477844357,22228.706472915779158939,34718.957903971131599974,8886.892008839800837450
1422478.264228379121050239,21236.918190893899009097,35305.153338730502582621,9001.130359532588045113
1422933.631547039374709129,20016.480812328118190635,35978.315379856321669649,9130.181212210489320569
1423447.834275058005005121,18611.911826062198088039,36690.754523901436186861,9263.803118711730348878
1423998.399285802152007818,17079.078576669278845657,37396.397435080427385401,9392.438607559583033435
1424561.264246397884562612,15483.579005122366652358,38055.521711069326556753,9508.304370653742807917
1425111.829257142031565309,13897.704450451019511092,38638.260856905188120436,9606.150120354825048707
1425626.031985160661861300,12396.298730007554695476,39126.315773754547990393,9683.559505245109903626
1426081.399303820915520191,11052.072831216450140346,39512.641365869138098788,9740.752384829320362769
1426458.029476202558726072,9931.007214468154415954,39799.280546132875315379,9779.946232928879908286
1426739.461956500541418791,9088.369323106664523948,39993.890124725112400483,9804.420740992805804126
1426913.396794862812384963,8565.654642660352692474,40105.751364357587590348,9817.483344646920158993
1426972.232204221189022064,8388.524549293280870188,40142.130709262644813862,9821.544633241461269790
1427031.067613579565659165,8211.240096380999602843,40177.771387773704191204,9825.425179462316009449
1427205.002451941836625338,7686.263752577426203061,40278.809746213453763630,9835.839560263320890954
1427486.434932239819318056,6834.252961090365715791,40428.566549455244967248,9849.339158859231247334
1427863.065104621462523937,5689.601357196057506371,40602.337807989177235868,9860.915649724182003411
1428318.432423281716182828,4300.003668922530778218,40771.540934460434073117,9864.981408997186008492
1428832.635151300346478820,2725.245591105493076611,40908.571672089710773434,9856.499644098143107840
1429383.200162044493481517,1034.938856089087494183,40991.548569775761279743,9832.059986115616993629
1429946.065122640226036310,-694.833295200420252513,41008.096573883442033548,9790.695677737277947017
1430496.630133384373039007,-2385.694113947851292323,40957.463491335576691199,9734.280386096428628662
1431010.832861403003334999,-3961.463434935016266536,40850.563980390150391031,9667.421076236912995228
1431466.200180063256993890,-5352.353178888959519099,40707.944848248684138525,9596.861353882393814274
1431842.830352444900199771,-6498.353363506896130275,40556.066522477143735159,9530.503227303366656997
1432124.262832742882892489,-7351.536394369257322978,40422.601579441987269092,9476.222082384027089574
1432298.197671105153858662,-7877.307244194606028032,40331.599653808989387471,9440.677316482915557572
1432357.033080463530495763,-8054.872515192539140116,40299.347902011046244297,9428.309825336533322115
1432415.868489821907132864,-8232.289514954951300751,40266.354334127427136991,9415.768768312971587875
1432589.803328184178099036,-8755.887905984003737103,40164.483378635639382992,9377.680929102711161249
1432871.235808482160791755,-9600.067705252957239281,39985.974415620825311635,9312.860642933295821422
1433247.865980863803997636,-10723.412012425069406163,39720.746969738313055132,9219.981742465877687209
1433703.233299524057656527,-12070.718693083901598584,39360.079903659447154496,9098.404431761367959552
1434217.436027542687952518,-13576.026081208889081609,38900.660573878361901734,8949.064612959171427065
1434768.001038286834955215,-15166.566847703237726819,38348.137087381015589926,8775.220026472476092749
1435330.865998882567510009,-16767.348389453072741162,37719.374628877303621266,8582.869970311186989420
1435881.431009626714512706,-18305.836561239142611157,37042.860593041907122824,8380.729481770898928517
1436395.633737645344808698,-19716.111810287278785836,36357.073375451414904092,8179.730226756781121367
1436851.001056305598467588,-20941.935922260214283597,35707.034978610965481494,7992.115484339543399983
1437227.631228687241673470,-21938.410012258966162335,35139.605047410390397999,7830.270985454330002540
1437509.063708985224366188,-22672.248548761293932330,34698.267101505807659123,7705.470549677973394864
1437682.998547347495332360,-23121.029057869971438777,34418.183574008558935020,7626.712868737822645926
1437741.833956705871969461,-23271.995467664957686793,34322.186170081586169545,7599.793726374899051734
1437800.669366064248606563,-23422.533328439858451020,34225.556730145392066333,7572.734624968268690282
1437974.604204426519572735,-23865.034771254569932353,33936.212662062644085381,7491.926275437415824854
1438256.036684724502265453,-24572.851254707951738965,33456.496691839340201113,7358.627350342294448637
1438632.666857106145471334,-25503.843194052395119797,32792.492057946081331465,7175.397202217669473612
1439088.034175766399130225,-26603.700092330393090378,31956.674631203095486853,6946.643280313301147544
1439602.236903785029426217,-27810.322532741171016824,30970.537596434856823180,6679.134156382360743009
1440152.801914529176428914,-29058.864297092710330617,29866.410061937327554915,6382.302427683209316456
1440715.666875124908983707,-30286.842153435391082894,28687.841636002565792296,6068.202807418021620833
1441266.231885869055986404,-31438.612511884239211213,27488.233395561146608088,5751.067323279285119497
1441780.434613887686282396,-32468.560428693708672654,26327.778759440909198020,5446.489972543155090534
1442235.801932547939941287,-33342.569685390037193429,25269.127556560131779406,5170.351002940858961665
1442612.432104929583147168,-34037.698972839680209290,24372.408921798261872027,4937.634836978229941451
1442893.864585227565839887,-34540.382500277650251519,23690.299365821330866311,4761.297479387323619449
1443067.799423589836806059,-34843.792205481375276577,23263.721508466675004456,4651.306762077563689672
1443126.634832948213443160,-34945.156644440539821517,23118.575588228450214956,4613.930774648508304381
1443185.470242306590080261,-35045.877337156030989718,22973.003786479508562479,4576.469784841066939407
1443359.405080668861046433,-35339.854923979080922436,22540.185947904283239041,4465.233619627901134663
1443640.837560966843739152,-35803.449357489756948780,21832.216336207384301815,4283.734812341173892491
1444017.467733348486945033,-36400.214546827301091980,20870.423336617568565998,4038.030353750809808844
1444472.835052008740603924,-37085.002322775013453793,19686.589912591422034893,3736.906085895383512252
1444987.037780027370899916,-37809.034375908020592760,18323.753078194255067501,3391.935022008148735040
1445537.602790771517902613,-38525.265431598461873364,16836.010638968939019833,3017.290559586612289422
1446100.467751367250457406,-39193.244399501178122591,15286.974137336866988335,2629.249007115149652236
1446651.032762111397460103,-39782.701735369097150397,13746.833055088216497097,2245.393294267831151956
1447165.235490130027756095,-40275.284710068423009943,12288.333028389060928021,1883.605448508411427611
1447620.602808790281414986,-40664.205763392550579738,10982.211705350237025414,1560.984038480100934976
1447997.232981171924620867,-40951.985074815740517806,9892.709077410319878254,1292.829391214772840613
1448278.665461469907313585,-41146.850942820477939676,9073.669510275976790581,1091.805536353620482259
1448452.600299832178279757,-41258.615721049303829204,8565.540411899717582855,967.330384275070173317
1448511.435709190554916859,-41294.918367560654587578,8393.343733790017722640,925.189004119174569496
1448570.271118548931553960,-41330.460070833993086126,8220.992391174579097424,883.030574198268368491
1448744.205956911202520132,-41431.075570108798274305,7710.597161279445572291,758.305610416378840455
1449025.638437209185212851,-41579.736002837038540747,6882.166177903687639628,556.246474187975763925
1449402.268609590828418732,-41751.243657611274102237,5769.030976504473073874,285.486649540640428313
1449857.635928251082077622,-41916.494972142936603632,4417.448277925526781473,-42.146248656636089436
1450371.838656269712373614,-42047.469960335314681288,2885.451146464249177370,-412.036065234415218583
1450922.403667013859376311,-42122.099246153222338762,1240.671989404982014094,-807.426434217797577730
1451485.268627609591931105,-42128.135434347430418711,-442.901502511078433599,-1210.298261251145959250
1452035.833638353738933802,-42065.303776571985508781,-2088.982244832986907568,-1602.396297749675795785
1452550.036366372369229794,-41945.318378886200662237,-3623.355494603129045572,-1966.275312762320027105
1453005.403685032622888684,-41789.761616150492045563,-4977.975323373997525778,-2286.224399336459100596
1453382.033857414266094565,-41626.236584326943557244,-6094.281946014227287378,-2548.959623694265246741
1453663.466337712248787284,-41483.515642951351765078,-6925.470835467414872255,-2744.039608603305168799
1453837.401176074519753456,-41386.558690022087830584,-7437.735911070914880838,-2864.032288310778312734
1453896.236585432896390557,-41352.252263541267893743,-7610.748271576325350907,-2904.517698119676424540
1453955.071994791273027658,-41317.183705378636659589,-7783.620364208902174141,-2944.949573006326318136
1454129.006833153543993831,-41209.060060695243009832,-8293.830246167453879025,-3064.157863331804037443
1454410.439313451526686549,-41020.061524700569862034,-9116.501890593404823449,-3255.987139633003607742
1454787.069485833169892430,-40740.083280502782145049,-10211.375647552507871296,-3510.542257068291291944
1455242.436804493423551321,-40360.507630084837728646,-11524.765389135303848889,-3814.755405019115642062
1455756.639532512053847313,-39878.350071969638520386,-12992.481581133986765053,-4153.194018782194689265
1456307.204543256200850010,-39299.887772072303050663,-14543.661063086437934544,-4509.072015441566691152
1456870.069503851933404803,-38642.950336294445150997,-16105.214153932603949215,-4865.373630081381634227
1457420.634514596080407500,-37937.305248148470127489,-17606.382499436112993862,-5205.953788566015646211
1457934.837242614710703492,-37222.952023833255225327,-18982.794100025865191128,-5516.463369018243611208
1458390.204561274964362383,-36546.555727587277942803,-20179.467195603261643555,-5784.974232290251165978
1458766.834733656607568264,-35956.595931717856728937,-21152.449078475321584847,-6002.244029674524426810
1459048.267213954590260983,-35498.003336352026963141,-21869.110089769783371594,-6161.645880903311990551
1459222.202052316861227155,-35207.080271261707821395,-22307.438976154393458273,-6258.866610418384880177
1459281.037461675237864256,-35107.386327452630212065,-22454.898854790917539503,-6291.525185150550896651
1459339.872871033614501357,-35007.045329760956519749,-22601.944873808846750762,-6324.067794012915328494
1459513.807709395885467529,-34706.641683468325936701,-23034.209922605157771613,-6419.589400998918790719
1459795.240189693868160248,-34208.759160966808849480,-23725.740858409517386463,-6571.949659040566984913
1460171.870362075511366129,-33519.929952975093328860,-24635.485277982392290141,-6771.499951667754430673
1460627.237680735765025020,-32653.340369805424415972,-25710.509665058889368083,-7005.924139577333335183
1461141.440408754395321012,-31631.500874568439030554,-26890.251429693737009075,-7261.325688030940000317
1461692.005419498542323709,-30488.082193443282449152,-28111.417765290440001991,-7523.447653468834687374
1462254.870380094274878502,-29268.275757098301255610,-29312.957733625509717967,-7778.871493611155528924
1462805.435390838421881199,-28027.354898993587994482,-30440.426940591038146522,-8016.023399837451506755
1463319.638118857052177191,-26827.507064949451887514,-31449.107358313129225280,-8225.837509147260789177
1463775.005437517305836082,-25733.365440180255973246,-32305.460517270454147365,-8401.986334863022420905
1464151.635609898949041963,-24806.894379625759029295,-32986.838060283997037914,-8540.677393555428352556
1464433.068090196931734681,-24102.332153560324513819,-33479.756156715062388685,-8640.107794664005268714
1464607.002928559202700853,-23661.788330082978063729,-33777.350972373933473136,-8699.740097687948946259
1464665.838337917579337955,-23511.903319579163508024,-33876.786810293699090835,-8719.594703623681198223
1464724.673747275955975056,-23361.585022193343320396,-33975.598353059926012065,-8739.288609384375376976
1464898.608585638226941228,-22914.692714096010604408,-34264.046046711700910237,-8796.566346458732368774
1465180.041065936209633946,-22183.820756803695985582,-34719.056157870880269911,-8886.238831134853171534
1465556.671238317852839828,-21191.143694305290409829,-35305.041834144583845045,-9000.375013564238543040
1466012.038556978106498718,-19969.642653213311859872,-35977.891471158443891909,-9129.288087749611804611
1466526.241284996736794710,-18563.891945917588600423,-36689.901195356353127863,-9262.736009097416172153
1467076.806295740883797407,-17029.822748510596284177,-37394.995577167916053440,-9391.164133705655331141
1467639.671256336616352201,-15433.098363114018866327,-38053.466327872789406683,-9506.796143708857925958
1468190.236267080763354897,-13846.070858525541552808,-38635.478200366917008068,-9604.392871598296551383
1468704.438995099393650889,-12343.634708081801363733,-39122.778073834451788571,-9681.552380562401594943
1469159.806313759647309780,-10998.538098710087069776,-39508.376339986883976962,-9738.510775259803267545
1469536.436486141290515661,-9876.784673869107791688,-39794.374035188193374779,-9777.501827790887546143
1469817.868966439273208380,-9033.653199121785291936,-39988.481593689029978123,-9801.819832775237955502
1469991.803804801544174552,-8510.642567344439157750,-40100.023179824893304612,-9814.783677529556371155
1470050.639214159920811653,-8333.413978879070782568,-40136.292809560713067185,-9818.811217831082103658
1470109.474623518297448754,-8156.031858003894740250,-40171.822979848358954769,-9822.657845743231519009
1470283.409461880568414927,-7630.771681302889192011,-40272.530065833641856443,-9832.970976763599537662
1470564.841942178551107645,-6778.317514215326809790,-40421.736713083046197426,-9846.303752907419038820
1470941.472114560194313526,-5633.104345172374451067,-40594.745471352296590339,-9857.651505172229008167
1471396.839433220447972417,-4242.878394154562556650,-40762.988936872505291831,-9861.432972849530415260
1471911.042161239078268409,-2667.480729812486970332,-40898.890294061442546081,-9852.621086062654285342
1472461.607171983225271106,-976.575101529910170939,-40980.609696851191984024,-9827.818748707353734062
1473024.472132578957825899,753.713616304368770216,-40995.827152086385467555,-9786.075570212409729720
1473575.037143323104828596,2444.982780728758370969,-40943.855518504999054130,-9729.283589493972613127
1474089.239871341735124588,4021.044488780469691847,-40835.678983597223123070,-9662.068643795117168338
1474544.607190001988783479,5412.119943287492787931,-40691.912093217506480869,-9591.192134031409295858
1474921.237362383631989360,6558.221051898122823332,-40539.075594728135911282,-9524.571475000260761590
1475202.669842681614682078,7411.448108104326820467,-40404.890952876441588160,-9470.094235403952552588
1475376.604681043885648251,7937.232683920105046127,-40313.443131877014820930,-9434.428434350696988986
1475435.440090402262285352,8114.800261906384548638,-40281.040414057344605681,-9422.020042280151756131
1475494.275499760638922453,8292.218386754779203329,-40247.895826097163080703,-9409.438108639742495143
1475668.210338122909888625,8815.813187700150592718,-40145.578183314581110608,-9371.229590417884537601
1475949.642818420892581344,9659.965271649336500559,-39966.346241274201020133,-9306.214685355147594237
1476326.272990802535787225,10783.230127648836059961,-39700.152380634150176775,-9213.076965027672486030
1476781.640309462789446115,12130.376152151649876032,-39338.321750831375538837,-9091.190004412734197103
1477295.843037481419742107,13635.417674237316532526,-38877.599982177423953544,-8941.506076917468817555
1477846.408048225566744804,15225.575657451910956297,-38323.702055135327100288,-8767.301186988313929760
1478409.273008821299299598,16825.862897230697853956,-37693.563410233757167589,-8574.593284130047322833
1478959.838019565446302295,18363.769359481906576548,-37015.738898887349932920,-8372.114795251001851284
1479474.040747584076598287,19773.416290683126135264,-36328.765795786450325977,-8170.812076762967990362
1479929.408066244330257177,20998.617780561944528017,-35677.712401386401324999,-7982.939504296818995499
1480306.038238625973463058,21994.531603863848431502,-35109.470698024197190534,-7820.890138014170588576
1480587.470718923956155777,22727.925612165046914015,-34667.543842889885127079,-7695.941869226235212409
1480761.405557286227121949,23176.420627719642652664,-34387.104310076036199462,-7617.095160074541126960
1480820.240966644603759050,23327.288639686805254314,-34290.987901589942339342,-7590.146316623149687075
1480879.076376002980396152,23477.727189340199402068,-34194.240185826136439573,-7563.057725936736460426
1481053.011214365251362324,23919.929757922458520625,-33904.550789057328074705,-7482.163451412090580561
1481334.443694663234055042,24627.246276610101631377,-33424.290142681500583421,-7348.729550147176269093
1481711.073867044877260923,25557.538565174247196410,-32759.584948189607530367,-7165.326861429823111393
1482166.441185705130919814,26656.505180857646337245,-31922.966069786860316526,-6936.377190395354773500
1482680.643913723761215806,27862.067884180265536997,-30935.987305264039605390,-6668.664675630958299735
1483231.208924467908218503,29109.416509739625325892,-29831.036962922713428270,-6371.636795313426773646
1483794.073885063640773296,30336.118733088987937663,-28651.715378199754923116,-6057.360629348879228928
1484344.638895807787775993,31486.593676209951809142,-27451.460203710063069593,-5740.076662033659886220
1484858.841623826418071985,32515.295475862491002772,-26290.484267987361818086,-5435.382781105212416151
1485314.208942486671730876,33388.176844784560671542,-25231.439984323507815134,-5159.158784097622628906
1485690.839114868314936757,34082.359117772000900004,-24334.445779275200038683,-4926.385332392159398296
1485972.271595166297629476,34584.328191056883952115,-23652.159929777080833446,-4750.012924393502544262
1486146.206433528568595648,34887.293928089820838068,-23225.485873162331699859,-4640.003871773349601426
1486205.041842886945232749,34988.507826658409612719,-23080.309625781657814514,-4602.622258175086244592
1486263.877252245321869850,35089.077810832044633571,-22934.708617684482305776,-4565.155933477080907323
1486437.812090607592836022,35382.608965827363135759,-22501.811000575362413656,-4453.905700496727149584
1486719.244570905575528741,35845.478736815719457809,-21793.733126054103195202,-4272.389523532687235274
1487095.874743287218734622,36441.271234980064036790,-20831.835599782461940777,-4026.672235083746272721
1487551.242061947472393513,37124.881776436443033163,-19647.937527724126994144,-3725.548313857036191621
1488065.444789966102689505,37847.588064378804119769,-18285.108700213539123069,-3380.598340883365381160
1488616.009800710249692202,38562.410587831611337606,-16797.469345000157773029,-3006.000468723455924192
1489178.874761305982246995,39228.968964599283935968,-15248.637868751357018482,-2618.031702022281024256
1489729.439772050129249692,39817.063250964252802078,-13708.792826601820706856,-2234.271143646192285814
1490243.642500068759545684,40308.403260016093554441,-12250.652377196172892582,-1872.592888938941541710
1490699.009818729013204575,40696.252476257017406169,-10944.914496470759331714,-1550.084650803104523220
1491075.639991110656410456,40983.168631777145492379,-9855.773707644599198829,-1282.034634607824045816
1491357.072471408639103174,41177.404656409729795996,-9037.030157647612213623,-1081.095262178316261270
1491531.007309770910069346,41288.787059934904391412,-8529.094704276933043730,-956.674942259656745591
1491589.842719129286706448,41324.961598609959764872,-8356.965348305813677143,-914.552554324336597347
1491648.678128487663343549,41360.375830456650874112,-8184.682238825065724086,-872.413338975320584723
1491822.612966849934309721,41460.618278935820853803,-7674.494000958678952884,-747.746465054029613384
1492104.045447147917002439,41608.687494851568771992,-6846.414332139705948066,-545.785308535248987027
1492480.675619529560208321,41779.429093585851660464,-5733.780006386739842128,-275.164054888571627089
1492936.042938189813867211,41943.794956713718420360,-4382.847752420631877612,52.290481178284608177
1493450.245666208444163203,42073.827186308022646699,-2851.640582315092615318,421.965590036435969523
1494000.810676952591165900,42147.518437669066770468,-1207.767482427349023055,817.111737934834309272
1494563.675637548323720694,42152.676364742867008317,474.821362361843057442,1219.720134526220135740
1495114.240648292470723391,42089.068501339534122963,2119.888246989408798981,1611.548672493974663666
1495628.443376311101019382,41968.435112939339887816,3653.275064851688512135,1975.166894424901329330
1496083.810694971354678273,41812.368426191278558690,5006.993934838632412720,2294.878826065416433266
1496460.440867352997884154,41648.467982467154797632,6122.538824598836072255,2557.414222431330927066
1496741.873347650980576873,41505.494297098259266932,6953.150164527418382932,2752.343070324472137145
1496915.808186013251543045,41408.393121888053428847,7465.055184675911732484,2872.241679351040147594
1496974.643595371628180146,41374.039991700155951548,7637.945264278510876466,2912.695166356183108292
1497033.479004730004817247,41338.925784230297722388,7810.694843543293245602,2953.095070226108873612
1497207.413843092275783420,41230.673365165894210804,8320.541264052568294574,3072.208583448305944330
1497488.846323390258476138,41041.486083659990981687,9142.621245388007082511,3263.883794985935310251
1497865.476495771901682019,40761.293320227363437880,10236.697766274279274512,3518.231715939464265830
1498320.843814432155340910,40381.516634276085824240,11549.118301577000238467,3822.193529925532857305
1498835.046542450785636902,39899.208747069766104687,13015.737863086229481269,4160.348415052043492324
1499385.611553194932639599,39320.675104858768463600,14565.746888726083852816,4515.924233307121539838
1499948.476513790665194392,38663.759359197174489964,16126.114491080930747557,4871.920354155348832137
1500499.041524534812197089,37958.226295998734713066,17626.141131834192492533,5212.206720868814954883
1501013.244252553442493081,37244.056788594411045779,19001.508366308240510989,5522.447810717383617884
1501468.611571213696151972,36567.885110993353009690,20197.278639280302741099,5790.726681171674499637
1501845.241743595339357853,35978.153689523642242420,21169.532101671276905108,6007.809315551994586713
1502126.674223893322050571,35519.756180431177199353,21885.660874613626219798,6167.074388064784216112
1502300.609062255593016744,35228.963881432027847040,22323.666367873614944983,6264.211988700311849243
1502359.444471613969653845,35129.315905198636755813,22471.017855079910077620,6296.842696383906513802
1502418.279880972346290946,35029.021743482568126637,22617.955999608333513606,6329.357568319528581924
1502592.214719334617257118,34728.761586191023525316,23049.905228752359107602,6424.797952774204532034
1502873.647199632599949837,34231.126860545373347122,23740.935298992968455423,6577.029328808994250721
1503250.277372014243155718,33542.658551376203831751,24650.030147880963340867,6776.412303521638023085
1503705.644690674496814609,32676.548051622587081511,25724.303004326015070546,7010.642568630040841526
1504219.847418693127110600,31655.302359108703967649,26903.243911889097944368,7265.836880431384997792
1504770.412429437274113297,30512.576759778785344679,28123.612916826918080915,7527.751635626531424350
1505333.277390033006668091,29293.534293742741283495,29324.406182231097773183,7782.980222410862552351
1505883.842400777153670788,28053.408766089829441626,30451.215596370115235914,8019.958136201012166566
1506398.045128795783966780,26854.341064146610733587,31459.345597599349275697,8229.625487139323013253
1506853.412447456037625670,25760.916063376593228895,32315.266127285263792146,8405.657386532742748386
1507230.042619837680831552,24835.053198226618405897,32996.325652977167919744,8544.261161422929944820
1507511.475100135663524270,24130.953200325726356823,33489.030003063096955884,8643.631974356356295175
1507685.409938497934490442,23690.697920558399346191,33786.503027316597581375,8703.229874363451017416
1507744.245347856311127543,23540.910961457419034559,33885.899459386484522838,8723.073263559292172431
1507803.080757214687764645,23390.690928233212616760,33984.672504099500656594,8742.756165424323626212
1507977.015595576958730817,22944.090281073826190550,34273.011706251367286313,8800.002617806507259957
1508258.448075874941423535,22213.693468905876216013,34727.863168291929468978,8889.628432380055528483
1508635.078248256584629416,21221.657094478498038370,35313.669324942115054000,9003.709802106275674305
1509090.445566916838288307,20000.935135987478133757,35986.352157412744418252,9132.568269063622210524
1509604.648294935468584299,18596.065407208057877142,36698.239552724357054103,9265.969780063043799601
1510155.213305679615586996,17062.934838571476575453,37403.280052260677621234,9394.365919205030877492
1510718.078266275348141789,15467.158188985551532824,38061.776996724023774732,9509.983776678816866479
1511268.643277019495144486,13881.039352686035272200,38643.892314694538072217,9607.584297268380396417
1511782.846005038125440478,12379.429720086867746431,39131.356383514772460330,9684.762552724938359461
1512238.213323698379099369,11035.043022370788094122,39517.152785503487393726,9741.749325211121686152
1512614.843496080022305250,9913.858583450208243448,39803.350490015414834488,9780.771862589948796085
1512896.275976378004997969,9071.140338865930971224,39997.628156404076435138,9805.117946460004532128
1513070.210814740275964141,8548.379621892127033789,40109.283465891327068675,9818.101029049799763015
1513129.046224098652601242,8371.234584557831112761,40145.593022162684064824,9822.135395572082416038
1513187.881633457029238343,8193.935505809502501506,40181.163848211675940547,9825.989008820388335153
1513361.816471819300204515,7668.917786742800672073,40281.995341303270834032,9836.323708846748559154
1513643.248952117282897234,6816.845959478298027534,40431.416356624547915999,9849.694221372044921736
1514019.879124498926103115,5672.124144015142519493,40604.736386534619668964,9861.097735974040915607
1514475.246443159179762006,4282.459168405512173194,40773.391561500706302468,9864.954184221312971204
1514989.449171177810057998,2707.648359736667771358,40909.801119770716468338,9856.236110189483952126
1515540.014181921957060695,1017.312584160135884304,40992.111006942555832211,9831.543848905557752005
1516102.879142517689615488,-712.459895474596123677,41007.976158241166558582,9789.922153928511761478
1516653.444153261836618185,-2403.292313933132390957,40956.675320681599259842,9733.256354707313221297
1517167.646881280466914177,-3979.009496615959506016,40849.153271365976252127,9666.164561916511956952
1517623.014199940720573068,-5369.832470920628111344,40705.984450814845331479,9595.400419788047656766
1517999.644372322363778949,-6515.762865484452049714,40553.653082956858270336,9528.874425256179165444
1518281.076852620346471667,-7368.885170790126721840,40419.850775188249826897,9474.468637157484408817
1518455.011690982617437840,-7894.614834799191157799,40328.640915237840090413,9438.847203079514656565
1518513.847100340994074941,-8072.165543623028497677,40296.318933102251321543,9426.453844023888450465
1518572.682509699370712042,-8249.567662857814866584,40263.255190489995584358,9413.886953223436648841
1518746.617348061641678214,-8773.120203583377588075,40161.177115464066446293,9375.722945941581201623
1519028.049828359624370933,-9617.219946468125272077,39982.334164376086846460,9310.780089156438407372
1519404.680000741267576814,-10740.445819350767123979,39716.662173515833273996,9217.738536172049862216
1519860.047319401521235704,-12087.592154211240995210,39355.461765001709864009,9095.966838602178540896
1520374.250047420151531696,-13592.696118703919637483,38895.446323992400721181,8946.410757326373641263
1520924.815058164298534393,-15182.993096526588487905,38342.292708504661277402,8772.338757038900439511
1521487.680018760031089187,-16783.498028847265231889,37712.895777145116881002,8579.761007939667251776
1522038.245029504178091884,-18321.689302299047994893,37035.771673734947398771,8377.402864618661624263
1522552.447757522808387876,-19731.664166145834315103,36349.424971031206951011,8176.205164125391092966
1523007.815076183062046766,-20957.203984125393617433,35698.900052213291928638,7988.418810875240524183
1523384.445248564705252647,-21953.430195647168147843,35131.074473123713687528,7826.435445598062869976
1523665.877728862687945366,-22687.076096715281892102,34689.445065942309156526,7701.533126422522400389
1523839.812567224958911538,-23135.734420725486415904,34409.183254665178537834,7622.713304563278143178
1523898.647976583335548639,-23286.658963212503294926,34313.125870416006364394,7595.773287484827960725
1523957.483385941712185740,-23437.154686565620067995,34216.436616871455044020,7568.693385374905119534
1524131.418224303983151913,-23879.529986601432028692,33926.916707679345563520,7487.823979345788757200
1524412.850704601965844631,-24587.137432980460289400,33446.919399225800589193,7354.427664970220575924
1524789.480876983609050512,-25517.840220663805666845,32782.544591185353056062,7171.069959496786395903
1525244.848195643862709403,-26617.333428496604028624,31946.289646056196943391,6942.166181827369655366
1525759.050923662493005395,-27823.527123252970341127,30959.672351079709187616,6674.493784117685208912
1526309.615934406640008092,-29071.589240415130916517,29855.047544110282615293,6377.494475615616465802
1526872.480895002372562885,-30299.055517596301797312,28675.989674128308251966,6063.231547209607015247
1527423.045905746519565582,-31450.305544453782204073,27475.921996819502965081,5745.944426808679054375
1527937.248633765149861574,-32479.750438760143879335,26315.056176556921855081,5441.232910244898448582
1528392.615952425403520465,-33353.301055557203653734,25256.055757104135409463,5164.981294320137749310
1528769.246124807046726346,-34048.042032114804896992,24359.059165762453631032,4932.176430461402560468
1529050.678605105029419065,-34550.430282890440139454,23676.748474506377533544,4755.775480179987425799
1529224.613443467300385237,-34853.655370288637641352,23250.049158208254084457,4645.746622368516909773
1529283.448852825677022338,-34954.956999068373988848,23104.862650221977673937,4608.357935780628395150
1529342.284262184053659439,-35055.614700950674887281,22959.250513263112225104,4570.884349467289212043
1529516.219100546324625611,-35349.405023027436982375,22526.314915909963019658,4459.611547815204176004
1529797.651580844307318330,-35812.693210292367439251,21818.159503337992646266,4278.055381059353749151
1530174.281753225950524211,-36409.042484859695832711,20856.127134786984242965,4032.277909898604775663
1530629.649071886204183102,-37093.318520001361321192,19672.018724588742770720,3731.071169322995046969
1531143.851799904834479094,-37816.761702505165885668,18308.890714953718998004,3386.014721492012540693
1531694.416810648981481791,-38532.350203871952544432,16820.859698291002132464,3011.288074631416748161
1532257.281771244714036584,-39199.660445726236503106,15271.553436840949871112,2623.172512301649476285
1532807.846781988861039281,-39788.453185098005633336,13731.173637143401720095,2239.254318160177717800
1533322.049510007491335273,-40280.407047285923908930,12272.473463909765996505,1877.417060207748363609
1533777.416828667744994164,-40668.764918031862180214,10966.193518744847096968,1554.759160955376501079
1534154.047001049388200045,-40956.074592391953046899,9876.573045589095272589,1286.579523558901200886
1534435.479481347370892763,-41150.587491649079311173,9057.453368124617554713,1085.540074864924463327
1534609.414319709641858935,-41262.133324900867592078,8549.278174971761472989,961.056605741205203230
1534668.249729068018496037,-41298.361780645289400127,8377.066497160303697456,918.912640886495864834
1534727.085138426395133138,-41333.829229604387364816,8204.700454766112670768,876.751741927842886071
1534901.019976788666099310,-41434.224852809500589501,7694.263524525980756152,752.020155760952548007
1535182.452457086648792028,-41582.528458105101890396,6865.770642456780478824,549.952448800349884550
1535559.082629468291997910,-41753.556765820183500182,5752.563423707331821788,279.185306986471914570
1536014.449948128545656800,-41918.226218994641385507,4400.910261225137219299,-48.450083275181896170
1536528.652676147175952792,-42048.541896942821040284,2868.855508958171412814,-418.334348713136932929
1537079.217686891322955489,-42122.463593988555658143,1224.040550745274231303,-813.708946760832986911
1537642.082647487055510283,-42127.775779915384191554,-459.541800745580985676,-1216.554170620716831763
1538192.647658231202512980,-42064.236513338859367650,-2105.604058866207196843,-1608.615976941162443836
1538706.850386249832808971,-41943.591768968726682942,-3639.935821555372967850,-1972.452088697902581771
1539162.217704910086467862,-41787.453098486519593280,-4994.499422610555484425,-2292.355919363531938870
1539538.847877291729673743,-41623.448671407291840296,-6110.745753646646335255,-2555.048595823902360280
1539820.280357589712366462,-41480.370860881630505901,-6941.881471470747783314,-2750.093783351099773427
1539994.215195951983332634,-41383.194003695149149280,-7454.110223539923026692,-2870.063679521294034203
1540053.050605310359969735,-41348.813312955280707683,-7627.109699921966239344,-2910.541162445386362378
1540111.886014668736606836,-41313.670553875090263318,-7799.968606880567676853,-2950.964999422491018777
1540285.820853031007573009,-41205.327933011394634377,-8310.137746986169076990,-3070.148879483169366722
1540567.253333328990265727,-41015.976374049023434054,-9132.737909158859110903,-3261.936616834778760676
1540943.883505710633471608,-40735.528413183339580428,-10227.505297584626532625,-3516.432221857425247435
1541399.250824370887130499,-40355.389473539129539859,-11540.750174151900864672,-3820.567479589781214599
1541913.453552389517426491,-39872.602669469364627730,-13008.281579001042700838,-4158.910430134334092145
1542464.018563133664429188,-39293.475615976662083995,-14559.238558390345133375,-4514.677081471369092469
1543026.883523729396983981,-38635.869279485479637515,-16120.538192244413949084,-4870.855513613032599096
1543577.448534473543986678,-37929.581453828424855601,-17621.433611277658201288,-5211.306234202640553121
1544091.651262492174282670,-37214.639178037927194964,-18997.568366614337719511,-5521.687120124292050605
1544547.018581152427941561,-36537.730973983932926785,-20193.978917497377551626,-5790.077868583672170644
1544923.648753534071147442,-35947.355121034946932923,-21166.731534429061866831,-6007.244056783210908179
1545205.081233832053840160,-35488.456170951765670907,-21883.214178520887799095,-6166.566017697508868878
1545379.016072194324806333,-35197.345773275759711396,-22321.429849315602041315,-6263.736332655420483206
1545437.851481552701443434,-35097.588815559916838538,-22468.850920528573624324,-6296.377676140547919204
1545496.686890911078080535,-34997.184984555926348548,-22615.857874989560514223,-6328.902964318318481673
1545670.621729273349046707,-34696.596651731750171166,-23048.005940691153227817,-6424.372846308660882642
1545952.054209571331739426,-34198.418740430141042452,-23739.342895785397558939,-6576.647783243826779653
1546328.684381952974945307,-33509.201070032773714047,-24648.818759522451728117,-6776.080800616213309695
1546784.051700613228604198,-32642.152662358937959652,-25723.505020675300329458,-7010.358584556061032345
1547298.254428631858900189,-31619.809935444725851994,-26902.847747699408500921,-7265.588936717513206531
1547848.819439376005902886,-30475.870699594488542061,-28123.567189663699537050,-7527.520953827102857758
1548411.684399971738457680,-29255.552458830868999939,-29324.630022606863349210,-7782.743810057903829147
1548962.249410715885460377,-28014.151737787520687561,-30451.613473411700397264,-8019.692804136810082127
1549476.452138734515756369,-26813.874962371533911210,-31459.823902750438719522,-8229.312049315691183438
1549931.819457394769415259,-25719.369479746317665558,-32315.748237856714695226,-8405.284215934838357498
1550308.449629776412621140,-24792.609133998623292428,-32996.762505580256402027,-8543.826402722888815333
1550589.882110074395313859,-24087.837774365434597712,-33489.404242825279652607,-8643.144002782211828162
1550763.816948436666280031,-23647.167749992797325831,-33786.826218291236727964,-8702.705947905169523438
1550822.652357795042917132,-23497.240582682185049634,-33886.203244398631795775,-8722.536645832109570620
1550881.487767153419554234,-23346.880398745175625663,-33984.955801887488632929,-8742.206589381401499850
1551055.422605515690520406,-22899.865849517278547864,-34273.228113755634694826,-8799.413174383184014005
1551336.855085813673213124,-22168.801168930243875366,-34727.951332719581841957,-8888.969566757748907548
1551713.485258195316419005,-21175.876116140272642951,-35313.547228358736902010,-9002.948595149517132086
1552168.852576855570077896,-19954.090655333820905071,-35985.917053606877743732,-9131.669078031396566075
1552683.055304874200373888,-18548.039434354279364925,-36697.374356887819885742,-9264.896377512561230105
1553233.620315618347376585,-17013.673218215342785697,-37401.865621590106457006,-9393.084918102324081701
1553796.485276214079931378,-15416.672119996037508827,-38059.708339119846641552,-9508.468792977701014024
1554347.050286958226934075,-13829.400746129911567550,-38641.095720820179849397,-9605.820078445498438668
1554861.253014976857230067,-12326.761116080444480758,-39127.804151576994627248,-9682.748269868157876772
1555316.620333637110888958,-10981.504127597894694190,-39512.872723337546631228,-9739.500400664592234534
1555693.250506018754094839,-9859.632252816569234710,-39798.428543183072179090,-9778.320020215718614054
1555974.682986316736787558,-9016.420717186752881389,-39992.203901920867792796,-9802.509514266859696363
1556148.617824679007753730,-8493.364235447712417226,-40103.539385155359923374,-9815.393786394504786585
1556207.453234037384390831,-8316.120767114676709753,-40139.739168699707079213,-9819.394387542733966256
1556266.288643395761027932,-8138.724085000918421429,-40175.199429419699299615,-9823.214065585636490141
1556440.223481758031994104,-7613.422726874814543407,-40275.699483919648628216,-9833.447466969826564309
1556721.655962056014686823,-6760.907846507259819191,-40424.570083123857330065,-9846.651081493184392457
1557098.286134437657892704,-5615.624913925879809540,-40597.127282155437569600,-9857.825763371760331211
1557553.653453097911551595,-4225.332240900599572342,-40764.822424442849296611,-9861.397817250677690026
1558067.856181116541847587,-2649.882512729258451145,-40900.102221198721963447,-9852.349520333447799203
1558618.421191860688850284,-958.948588296414527576,-40981.154253175503981765,-9827.294489854992207256
1559181.286152456421405077,771.339668687789526302,-40995.688540619528794196,-9785.293853131750438479
1559731.851163200568407774,2462.579637667520728428,-40943.048898159606324043,-9728.251315019371759263
1560246.053891219198703766,4038.588447954862203915,-40834.249637641209119465,-9660.803858304790992406
1560701.421209879452362657,5429.596449719167139847,-40689.932934215605200734,-9589.722918935980487731
1561078.051382261095568538,6575.627197737230744679,-40536.643320167633646633,-9522.934394564175818232
1561359.483862559078261256,7428.793099742739286739,-40402.121276352168933954,-9468.332520109530378249
1561533.418700921349227428,7954.536224144867446739,-40310.465505632419080939,-9432.590058745978240040
1561592.254110279725864530,8132.089150030871678609,-40277.992553582174878102,-9420.155801897724813898
1561651.089519638102501631,8309.492304392515507061,-40244.777787667371740099,-9407.548037849725005799
1561825.024358000373467803,8833.040988949018355925,-40142.253019713585672434,-9369.263362906591282808
1562106.456838298356160522,9677.112585843431588728,-39962.687092838597891387,-9304.125909982723896974
1562483.087010679999366403,10800.258431916947301943,-39696.048715493663621601,-9210.825576042998363846
1562938.454329340253025293,12147.243417735102411825,-39333.684813944877532776,-9088.744288431256791227
1563452.657057358883321285,13652.080740986282762606,-38872.367061640390602406,-8938.844182710987297469
1564003.222068103030323982,15241.994118139969941694,-38317.839197690853325184,-8764.411988388173995190
1564566.087028698762878776,16842.003931000719603617,-37687.066334611525235232,-8571.476524433595841401
1565116.652039442909881473,18379.612717618125316221,-37008.632060474970785435,-8368.780528612676789635
1565630.854767461540177464,19788.958561472485598642,-36321.099805054975149687,-8167.279518914650907391
1566086.222086121793836355,21013.875157556387421209,-35669.560220866253075656,-7979.235484725455535227
1566462.852258503437042236,22009.540623656364914495,-35100.923170021989790257,-7817.047383853709106916
1566744.284738801419734955,22742.741649850162502844,-34658.705092740499821957,-7691.997334957364728325
1566918.219577163690701127,23191.114271029255178291,-34378.087430029896495398,-7613.088550707974718534
1566977.054986522067338228,23341.940345780581992585,-34281.911094306931772735,-7586.118855141490712413
1567035.890395880443975329,23492.336688561023038346,-34185.103618536864814814,-7559.009486519333222532
1567209.825234242714941502,23934.412911750499915797,-33895.238542111845163163,-7478.054223769469899707
1567491.257714540697634220,24641.520074329928320367,-33414.696828002830443438,-7344.523046671887641423
1567867.887886922340840101,25571.522801981896918733,-32749.621838637416658457,-7160.992957948716139072
1568323.255205582594498992,26670.125260836102825124,-31912.565925473136303481,-6931.893629305772265070
1568837.457933601224794984,27875.258731332265597302,-30925.107477520381507929,-6664.018074092697133892
1569388.022944345371797681,29122.127237004817288835,-29819.660513174509105738,-6366.822873869687100523
1569950.887904941104352474,30348.317452779629093129,-28639.850180719768104609,-6052.383674818333020085
1570501.452915685251355171,31498.271701079451304395,-27439.136277055156824645,-5734.948347974344869726
1571015.655643703881651163,32526.470190538682800252,-26277.749838277486560401,-5430.120565234925379627
1571471.022962364135310054,33398.892707404338580091,-25218.356954609764216002,-5153.784159190030550235
1571847.653134745778515935,34092.686524736353021581,-24321.085310641465184744,-4920.922207675883328193
1572129.085615043761208653,34594.360231552396726329,-23638.598716321190295275,-4744.486355770970476442
1572303.020453406032174826,34897.141303182470437605,-23211.803443355740455445,-4634.439254828504999750
1572361.855862764408811927,34998.292376840960059781,-23066.586690475254727062,-4597.044973280115300440
1572420.691272122785449028,35098.799356144627381582,-22920.945429501029138919,-4559.566083296676879399
1572594.626110485056415200,35392.143208959612820763,-22487.930297467763011809,-4448.279306222460945719
1572876.058590783039107919,35854.706686027355317492,-21779.667017779684101697,-4266.705919254231048399
1573252.688763164682313800,36450.083230581141833682,-20817.530653406305646058,-4020.915818036659402424
1573708.056081824935972691,37133.182022378321562428,-19633.358237106724118348,-3719.709664678559420281
1574222.258809843566268682,37855.299479680143122096,-18270.238956371693348046,-3374.674577132458580309
1574772.823820587713271379,38569.479549850810144562,-16782.311789472027157899,-2999.994804914467749768
1575335.688781183445826173,39235.369365092374209780,-15233.211324049530958291,-2611.952313277763096266
1575886.253791927592828870,39822.799274455297563691,-13693.128301925396954175,-2228.129545172801954322
1576400.456519946223124862,40313.510426800239656586,-12234.788376492819224950,-1866.402124310969156795
1576855.823838606476783752,40700.796726712498639245,-10928.892449991217290517,-1543.857607831605491810
1577232.454010988119989634,40987.243492563960899133,-9839.634278631208871957,-1275.782770414962215000
1577513.886491286102682352,41181.126748892369505484,-9020.810954981854592916,-1074.827926869280418032
1577687.821329648373648524,41292.290337804712180514,-8512.829610803535615560,-950.399364173421417945
1577746.656739006750285625,41328.390730911436548922,-8340.685323388337565120,-908.274416380454567843
1577805.492148365126922727,41363.730754192460153718,-8168.387582007235323545,-866.132756691289614537
1577979.426986727397888899,41463.753465039255388547,-7658.157842208071087953,-741.459332544220160344
1578260.859467025380581617,41611.466087414832145441,-6830.016588361373578664,-539.489719270824934938
1578637.489639407023787498,41781.728670593998685945,-5717.310650091989373323,-268.861295411459650495
1579092.856958067277446389,41945.513100057673000265,-4366.308397533743118402,58.595563994391341112
1579607.059686085907742381,42074.886535488949448336,-2835.044098267702793237,428.264943579348255298
1580157.624696830054745078,42147.870786387073167134,-1191.135681458188628312,823.395145126522038481
1580720.489657425787299871,42152.305346886285406072,491.461575455592537764,1225.976776329238418839
1581271.054668169934302568,42087.990525914596219081,2136.509587006272340659,1617.768942841465104721
1581785.257396188564598560,41966.698421634740952868,3669.854599827529455069,1981.344145574277717969
1582240.624714848818257451,41810.050401096588757355,5023.516998033599520568,2301.010731815962572000
1582617.254887230461463332,41645.671045880189922173,6139.001421506145561580,2563.503515768001307151
1582898.687367528444156051,41502.340857265407976229,6969.559475547262991313,2758.397523728568557999
1583072.622205890715122223,41405.020005538426630665,7481.428108557222003583,2878.273325351785388193
1583131.457615249091759324,41370.592688371929398272,7654.305283739326114301,2918.718877821278510964
1583190.293024607468396425,41335.404357379891735036,7827.041657648027467076,2959.110736343738608412
1583364.227862969739362597,41226.933191555210214574,8336.847281736765580717,3078.199818559884079150
1583645.660343267722055316,41037.393259939628478605,9158.855703996006923262,3269.833461539315976552
1584022.290515649365261197,40756.731281085063528735,10252.825775761601107661,3524.121838095792554668
1584477.657834309618920088,40376.391913491657760460,11565.101382661123352591,3828.005734839205615572
1584991.860562328249216080,39893.455465403276321013,13031.536130144704657141,4166.064941457434542826
1585542.425573072396218777,39314.257797889302310068,14581.322676593881624285,4521.529415691466056160
1586105.290533668128773570,38656.673885995878663380,16141.436900811713712756,4877.402373885232009343
1586655.855544412275776267,37950.498789443525311071,17641.190744862404244486,5217.559339754943721346
1587170.058272430906072259,37235.740871664027508814,19016.281301073242502753,5527.671784919648416690
1587625.425591091159731150,36559.057837914100673515,20211.789212956537085120,5795.830596547302775434
1588002.055763472802937031,35968.910802553298708517,21183.813585821051674429,6012.809676137481801561
1588283.488243770785629749,35510.207261401585128624,21899.764137420315819327,6171.994903590841204277
1588457.423082133056595922,35219.227825340240087826,22337.656511097193288151,6269.082119554883320234
1588516.258491491433233023,35119.516900639930099715,22484.969224349573778454,6301.695606425453661359
1588575.093900849809870124,35019.159970691842318047,22631.868338286971265916,6334.193168272749971948
1588749.028739212080836296,34718.715317120957479347,23063.700687619952077512,6429.581859995631020865
1589030.461219510063529015,34220.785503492872521747,23754.536953212787921075,6581.727970032507073483
1589407.091391891706734896,33531.929120230670378078,24663.363498592843825463,6780.993748654165756307
1589862.458710551960393786,32665.360242307368025649,25737.298558512797171716,7015.077713343800496659
1590376.661438570590689778,31643.611789660710201133,26915.840830328968877438,7270.100955370600786409
1590927.226449314737692475,30500.366099833692715038,28135.763404240926320199,7531.825907931450274191
1591490.091409910470247269,29280.812257944788143504,29336.080038114545459393,7786.853669486494254670
1592040.656420654617249966,28040.207239339310035575,30462.404215482158178929,8023.628834595923763118
1592554.859148673247545958,26840.710899569276080001,31470.064733767976576928,8233.101480291012194357
1593010.226467333501204848,25746.922273379001126159,32325.556900979114288930,8408.956865435369763873
1593386.856639715144410729,24820.770288917417929042,33006.253541070131177548,8547.411890594075885019
1593668.289120013127103448,24116.461265605590597261,33498.681827113126928452,8646.669994889371082536
1593842.223958375398069620,23676.079844983942166436,33795.982195003285596613,8706.197594500457853428
1593901.059367733774706721,23526.250748203550756443,33895.319877659181656782,8726.017095196779337130
1593959.894777092151343822,23375.988846956119232345,33994.033999593848420773,8745.676054386311079725
1594133.829615454422309995,22929.266009939667128492,34282.198005267338885460,8802.851412588095627143
1594415.262095752405002713,22198.676546317357860971,34736.762876389468146954,8892.361228882515206351
1594791.892268134048208594,21206.392256161961995531,35322.179657513661368284,9006.285570796293541207
1595247.259586794301867485,19985.385935135949694086,35994.383169222077412996,9134.951599102880209102
1595761.462314812932163477,18580.215713986959599424,36705.718696871226711664,9268.132659763394258334
1596312.027325557079166174,17046.788099018689536024,37410.156666602859331761,9396.289396377693265094
1596874.892286152811720967,15450.734655375425063539,38068.026168680669798050,9511.659300607809200301
1597425.457296896958723664,13864.371819685045920778,38649.517560294749273453,9609.014551827805917128
1597939.660024915589019656,12362.558542057704471517,39136.390698129231168423,9685.961645967332515283
1598395.027343575842678547,11018.011284556072496343,39521.657843883069290314,9742.742287743318229332
1598771.657515957485884428,9896.708222880792163778,39807.414023289842589293,9781.593498184816780849
1599053.089996255468577147,9053.909774937499605585,40001.359743750108464155,9805.811147709498982294
1599227.024834617739543319,8531.103114406876557041,40112.809103597573994193,9818.714703802919757436
1599285.860243976116180420,8353.943164603617333341,40149.048864874239370693,9822.722146561443878454
1599344.695653334492817521,8176.629491547188081313,40184.549832219730888028,9826.548825219424543320
1599518.630491696763783693,7651.570490575461008120,40285.174442208262917120,9836.803840120946915704
1599800.062971994746476412,6799.437779031759419013,40434.259643078439694364,9850.045260904318638495
1600176.693144376389682293,5654.645955515159585048,40607.128413165111851413,9861.275794301725909463
1600632.060463036643341184,4264.913939612983085681,40775.235605544417921919,9864.922929593805747572
1601146.263191055273637176,2690.050680002263106871,40911.023958084064361174,9855.968549614575749729
1601696.828201799420639873,999.686164274877228308,40992.666816756514890585,9831.023694694631558377
1602259.693162395153194666,-730.086336335101805162,41007.849107894704502542,9789.144629692083981354
1602810.258173139300197363,-2420.890054101058922242,40955.880518919737369288,9732.228345615330908913
1603324.460901157930493355,-3996.554818583586893510,40847.735944236344948877,9664.904096920341544319
1603779.828219818184152246,-5387.310776205667934846,40704.017454589433327783,9593.935563584971532691
1604156.458392199827358127,-6533.171177179487131070,40551.233066095337562729,9527.241727997148700524
1604437.890872497810050845,-7386.232605419987521600,40417.093412842434190679,9472.711318737427063752
1604611.825710860081017017,-7911.920990254664502572,40325.675631865517061669,9437.013230907446995843
1604670.661120218457654119,-8089.457105375877290498,40293.283424125729652587,9424.594008962470979895
1604729.496529576834291220,-8266.844312582099519204,40260.149511639036063571,9412.001289476087549701
1604903.431367939105257392,-8790.350910041415772866,40157.864332131932314951,9373.761129586753668264
1605184.863848237087950110,-9634.370446678185544442,39978.687419545494776685,9308.695728513557696715
1605561.494020618731155992,-10757.477685843528888654,39712.570923561121162493,9215.491560745373135433
1606016.861339278984814882,-12104.463435758771083783,39350.837227299933147151,9093.525525732868118212
1606531.064067297615110874,-13609.363709471123002004,38890.225745320443820674,8943.753242718841647729
1607081.629078041762113571,-15199.416616406226239633,38336.442085898605000693,8769.453899367334088311
1607644.494038637494668365,-16799.644655311414680909,37706.410778989673417527,8576.648535633430583403
1608195.059049381641671062,-18337.538757556052587461,37028.676713248372834641,8374.072819833614630625
1608709.261777400271967053,-19747.212986057558737230,36341.770632516716432292,8172.676755728403804824
1609164.629096060525625944,-20972.468292680503509473,35690.759293524672102649,7984.718868075608043000
1609541.259268442168831825,-21968.446449071103415918,35122.538155602414917666,7822.596702351554995403
1609822.691748740151524544,-22701.899584632301412057,34680.617356534705322701,7697.592550634610233828
1609996.626587102422490716,-23150.435643998840532731,34400.177305561846878845,7618.710619954072171822
1610055.461996460799127817,-23301.318292419477074873,34304.059956107470497955,7591.749739131744718179
1610114.297405819408595562,-23451.771851670280739199,34207.310904174119059462,7564.649047347338637337
1610288.232244181679561734,-23894.020930508901074063,33917.615199471365485806,7483.718617758218897507
1610569.664724479662254453,-24601.419214383051439654,33437.336628464523528237,7350.224968437774805352
1610946.294896861305460334,-25531.832685448513075244,32772.591751158710394520,7166.739780314121162519
1611401.662215521559119225,-26630.962008008085831534,31935.899419871631835122,6937.686240150447702035
1611915.864943540189415216,-27836.726743374303623568,30948.802020931158040185,6669.850677759473910555
1612466.429954284336417913,-29084.308992271595343482,29843.680116717245255131,6372.683910526422550902
1613029.294914880068972707,-30311.263472975515469443,28664.132990002173755784,6058.257802109088515863
1613579.859925624215975404,-31461.992964397468313109,27463.606066753629420418,5740.819174830190604553
1614094.062653642846271396,-32490.934654036820575129,26302.329247297260735650,5435.973616717237746343
1614549.429972303099930286,-33364.026476426333829295,25242.979780165951524395,5159.609467154456069693
1614926.060144684743136168,-34058.379019206207885873,24345.705375424127851147,4926.716000380547484383
1615207.492624982725828886,-34560.471904484838887583,23663.193657875999633688,4750.251529380999272689
1615381.427463344996795058,-34863.512320474772423040,23236.372950830038462300,4640.184575962222879753
1615440.262872703373432159,-34964.751121169996622484,23091.145878302755590994,4602.783205471234396100
1615499.098282061750069261,-35065.345814427528239321,22945.493429410395037849,4565.297037942626047879
1615673.033120424021035433,-35358.948819835139147472,22512.440142503597598989,4453.987645257788244635
1615954.465600722003728151,-35821.930679002711258363,21804.099042335183185060,4272.374193122901488096
1616331.095773103646934032,-36417.863933468637696933,20841.827458809719246347,4026.523809696605894715
1616786.463091763900592923,-37101.628107000076852273,19657.444252138615411241,3725.234719343075994402
1617300.665819782530888915,-37824.482291283020458650,18294.025285818272095639,3380.093028424133080989
1617851.230830526677891612,-38539.428112184097699355,16805.705930472940963227,3005.284350112371612340
1618414.095791122410446405,-39206.069510430032096338,15256.130158052437764127,2617.094936397683341056
1618964.660801866557449102,-39794.197549738855741452,13715.511888501823705155,2233.114417742530349642
1619478.863529885187745094,-40285.522212985371879768,12256.611803396262985189,1871.227895379590336233
1619934.230848545441403985,-40673.316833050390414428,10950.173446406268340070,1548.533638696710113436
1620310.861020927084609866,-40960.156820037569559645,9860.435303543352347333,1280.329120715905446559
1620592.293501225067302585,-41154.316716560562781524,9041.235647753470402677,1079.274160318600479513
1620766.228339587338268757,-41265.643585367877676617,8533.014441746410739142,954.782425006676930934
1620825.063748945714905858,-41301.797844028413237538,8360.787791999297041912,912.635892670747125521
1620883.899158304091542959,-41337.191032491413352545,8188.407077618881885428,870.472541899362113327
1621057.833996666362509131,-41437.366762141195067670,7677.928529355216596741,745.734384308394510299
1621339.266476964345201850,-41585.313514233181194868,6849.373882248539302964,543.658189174777362496
1621715.896649345988407731,-41755.862445308091992047,5736.094825814951036591,272.883840834081638604
1622171.263968006242066622,-41919.950008813488238957,4384.371417708236549515,-54.753907602920662612
1622685.466696024872362614,-42049.606354456067492720,2852.259292206268582959,-424.632470731798093766
1623236.031706769019365311,-42122.820450808088935446,1207.408798806842241902,-819.991136243043001741
1623798.896667364751920104,-42127.408634761864959728,-476.182139819014992099,-1222.809592258825432509
1624349.461678108898922801,-42063.161771887032955419,-2122.225647191975440364,-1614.835008118709083647
1624863.664406127529218793,-41941.857703407462395262,-3656.515674182672228198,-1978.628067862882744521
1625319.031724787782877684,-41785.137153909010521602,-5011.022827873464848381,-2298.486511814815457910
1625695.661897169426083565,-41620.653361568627587985,-6127.208686224643315654,-2561.136532956443261355
1625977.094377467408776283,-41477.218707939893647563,-6958.291097527828242164,-2756.146843339141923934
1626151.029215829679742455,-41379.821964154827583116,-7470.483442900695081335,-2876.093906907539349049
1626209.864625188056379557,-41345.367015397663635667,-7643.470007068470295053,-2916.563446392858168110
1626268.700034546433016658,-41310.150061777349037584,-7816.315700281171302777,-2956.979228928044904023
1626442.634872908703982830,-41201.588484374944528099,-8326.444015675449918490,-3076.138649978383909911
1626724.067353206686675549,-41011.883936725113017019,-9148.972561958471487742,-3267.884769936150405556
1627100.697525588329881430,-40730.966309875038859900,-10243.633403896579693537,-3522.320758445712272078
1627556.064844248583540320,-40350.264149582733807620,-11556.733201879302214365,-3826.378001545381266624
1628070.267572267213836312,-39866.848186537878063973,-13024.079580744954000693,-4164.625150456151459366
1628620.832583011360839009,-39287.056483572603610810,-14574.813804984318267088,-4520.280310905596707016
1629183.697543607093393803,-38628.781364495654997882,-16135.859727361465047579,-4876.335414795030374080
1629734.262554351240396500,-37921.850928068415669259,-17636.481975070426415186,-5216.656558158400002867
1630248.465282369870692492,-37206.319728981492517050,-19012.339660485500644427,-5526.908622514049056917
1630703.832601030124351382,-36528.899738389787671622,-20208.487471180262218695,-5795.179146298032719642
1631080.462773411767557263,-35938.107934085441229399,-21181.010663140790711623,-6012.241636405291501433
1631361.895253709750249982,-35478.902711448048648890,-21897.314822820706467610,-6171.483641772007104009
1631535.830092072021216154,-35187.605033292224106845,-22335.417206318343232851,-6268.603502385492902249
1631594.665501430397853255,-35087.785079521847364958,-22482.799445977660070639,-6301.227601258375216275
1631653.500910788774490356,-34987.318433172091317829,-22629.767311816794972401,-6333.735555433173431084
1631827.435749151045456529,-34686.545467601645214017,-23061.798323665971111041,-6429.153673333843471482
1632108.868229449028149247,-34188.072256629377079662,-23752.941184819435875397,-6581.343226805591257289
1632485.498401830671355128,-33498.466247102267516311,-24662.148343647590081673,-6780.658887248049722984
1632940.865720490925014019,-32630.959169923349691089,-25736.496302592327992897,-7014.790171259344788268
1633455.068448509555310011,-31608.113394076957774814,-26915.439798367900948506,-7269.849222573247971013
1634005.633459253702312708,-30463.653807877584767994,-28135.712146113386552315,-7531.591184020537184551
1634568.498419849434867501,-29242.823980617358756717,-29336.297646008191804867,-7786.612951741815777496
1635119.063430593581870198,-28000.943618281766248401,-30462.795154920539062005,-8023.358936547563644126
1635633.266158612212166190,-26800.238115710228157695,-31470.535429472794930916,-8232.783231650624657050
1636088.633477272465825081,-25705.368970546893251594,-32326.030799261054198723,-8408.578667006484465674
1636465.263649654109030962,-24778.319504956736636814,-33006.681679002700548153,-8546.971925054938765243
1636746.696129952091723680,-24073.339137466180545744,-33499.046975441968243103,-8646.176683315105037764
1636920.630968314362689853,-23632.542990796289814170,-33796.296061404042120557,-8705.668246095621725544
1636979.466377672739326954,-23482.573693417849426623,-33895.614259214249614161,-8725.475027875232626684
1637038.301787031115964055,-23332.171649744988826569,-33994.307815041094727349,-8745.121001140389125794
1637212.236625393386930227,-22885.034939105877128895,-34282.404697269368625712,-8802.256410588393919170
1637493.669105691369622946,-22153.777665588328090962,-34736.840948482211388182,-8891.696673896920401603
1637870.299278073012828827,-21160.604799522341636475,-35322.046966059766418766,-9005.518501448503229767
1638325.666596733266487718,-19938.535136791200784501,-35993.936867466363764834,-9134.046340144646819681
1638839.869324751896783710,-18532.183652709492889699,-36704.841630973089195322,-9267.052963006950449198
1639390.434335496043786407,-16997.520691213452664670,-37408.729660506527579855,-9395.001866871549282223
1639953.299296091776341200,-15400.243164676496235188,-38065.944234166927344631,-9510.137559119670186192
1640503.864306835923343897,-13812.728204220788029488,-38646.707026770040101837,-9607.243362031993456185
1641018.067034854553639889,-12309.885362146676925477,-39132.823932098857767414,-9683.940204163198359311
1641473.434353514807298779,-10964.468234052204934414,-39517.362743584140844177,-9740.486047580663580447
1641850.064525896450504661,-9842.478109026582387742,-39802.476638881191320252,-9779.134218054357916117
1642131.497006194433197379,-8999.186662595042434987,-39995.919764268146536779,-9803.195191113365581259
1642305.431844556704163551,-8476.084423981395957526,-40107.049125195997476112,-9815.999885240096773487
1642364.267253915080800653,-8298.826107324122858699,-40143.179056221495557111,-9819.973545563450898044
1642423.102663273457437754,-8121.414895542453450616,-40178.569401165987073909,-9823.766272139560896903
1642597.037501635728403926,-7596.072449469960702118,-40278.862406526277482044,-9833.919939597421034705
1642878.469981933711096644,-6743.497007505058718380,-40427.396931348303041887,-9846.994386930738983210
1643255.100154315354302526,-5598.144515145591867622,-40599.502540177134505939,-9857.995993624135735445
1643710.467472975607961416,-4207.785367447904718574,-40766.649328401363163721,-9861.358631961586070247
1644224.670200994238257408,-2632.283855662702990230,-40901.307538659362762701,-9852.073928307843743823
1644775.235211738385260105,-941.321935770123673137,-40981.692182268998294603,-9826.766214609102462418
1645338.100172334117814898,788.965552735120581929,-40995.543295046903949697,-9784.508136478267260827
1645888.665183078264817595,2480.176025642991589848,-40942.235647790665098000,-9727.215063953961362131
1646402.867911096895113587,4056.131658092119323555,-40832.813675168501504231,-9659.535123482710332610
1646858.235229757148772478,5447.071959957458602730,-40687.947178377835371066,-9588.249783283987198956
1647234.865402138791978359,6593.032143788390385453,-40534.204470555596344639,-9521.293420643909485079
1647516.297882436774671078,7446.136740049325453583,-40399.345044310153753031,-9466.566933476322446950
1647690.232720799045637250,7971.838319660608249251,-40307.481337324141350109,-9430.747826306745992042
1647749.068130157422274351,8149.376561912220495287,-40274.938155831863696221,-9418.287709727723267861
1647807.903539515798911452,8326.764714278258907143,-40241.653216871236509178,-9405.654120390165189747
1647981.838377878069877625,8850.267189465441333596,-40138.921338961845322046,-9367.293304269354848657
1648263.270858176052570343,9694.258149422683345620,-39959.021454101231938694,-9302.033329943173157517
1648639.901030557695776224,10817.284786139593052212,-39691.938600249159208033,-9208.570420302952697966
1649095.268349217949435115,12164.108494136460649315,-39329.041482038832327817,-9086.294855321211798582
1649609.471077236579731107,13668.741351457290875260,-38867.127816821950546000,-8936.178632348113751505
1650160.036087980726733804,15258.409840392858313862,-38311.970101581457129214,-8761.519204618911317084
1650722.901048576459288597,16858.141942481488513295,-37680.563118217083683703,-8568.356258105639426503
1651273.466059320606291294,18395.452780744970368687,-37001.519187007135769818,-8365.442837887596397195
1651787.668787339236587286,19804.497287327401863877,-36313.427886839992424939,-8163.743619059598131571
1652243.036105999490246177,21029.128772481322812382,-35661.402215083166083787,-7975.528199761327414308
1652619.666278381133452058,22024.545704885364102665,-35092.369906169398745988,-7813.201430391440226231
1652901.098758679116144776,22757.553619042482750956,-34649.860676384567341302,-7688.049652350753603969
1653075.033597041387110949,23205.803766405188071076,-34369.064928011306619737,-7609.078825165554007981
1653133.869006399763748050,23356.587877219986694399,-34272.828680220096430276,-7582.088288476610614453
1653192.704415758140385151,23506.941986481986532453,-34175.961459714781085495,-7554.958152968822105322
1653366.639254120411351323,23948.891785967025498394,-33885.920749381511996035,-7473.941934993294125888
1653648.071734418394044042,24655.789467185597459320,-33405.098043449084798340,-7340.313536496869346593
1654024.701906800037249923,25585.502469226579705719,-32739.653364392790535931,-7156.656122591848543379
1654480.069225460290908813,26683.740576787713507656,-31902.160549018393794540,-6927.407229753247520421
1654994.271953478921204805,27888.444601131464878563,-30914.222574254359642509,-6659.368743334700411651
1655544.836964223068207502,29134.832766262676159386,-29808.279163516919652466,-6362.006344419009110425
1656107.701924818800762296,30360.510757583055237774,-28627.980271019834617618,-6047.404240545853099320
1656658.266935562947764993,31509.944107747498492245,-27426.807829468372801784,-5729.817683678855246399
1657172.469663581578060985,32537.639105326357821468,-26265.011072872999648098,-5424.856123502868285868
1657627.836982241831719875,33409.602616021271387581,-25205.269758317481318954,-5148.407421178919321392
1658004.467154623474925756,34103.007855212177673820,-24307.720818776499072555,-4915.457064883819839451
1658285.899634921457618475,34604.386107017147878651,-23625.033588744561711792,-4738.957841077040939126
1658459.834473283728584647,34906.982459815779293422,-23198.117167686439643148,-4628.872736724712012801
1658518.669882642105221748,35008.070690721484425012,-23052.859932534491235856,-4591.465802488710323814
1658577.505292000481858850,35108.514647426469309721,-22907.178441983858647291,-4553.974362516200926621
1658751.440130362752825022,35401.671146330343617592,-22474.045864318242820445,-4442.651086768724780995
1659032.872610660735517740,35863.928247922485752497,-21765.597292841157468501,-4261.020563907113682944
1659409.502783042378723621,36458.888733920561207924,-20803.222244456155749504,-4015.157750248567026574
1659864.870101702632382512,37141.475655749825818930,-19618.775673722593637649,-3713.869487718802702148
1660379.072829721262678504,37863.004155387556238566,-18255.366158399476262275,-3368.749426455127832014
1660929.637840465409681201,38576.541646722158475313,-16767.151418677276524249,-2993.987907145994540770
1661492.502801061142235994,39241.762783542195393238,-15217.782212954691203777,-2605.871849008261051495
1662043.067811805289238691,39828.528212962592078838,-13677.461458464829775039,-2221.987027900184330065
1662557.270539823919534683,40318.610422784382535610,-12218.922291635280998889,-1860.210588598980393726
1663012.637858484173193574,40705.333738744644506369,-10912.868529599836620037,-1537.629925500026729424
1663389.268030865816399455,40991.311065061170666013,-9823.493151144801231567,-1269.530376348069694359
1663670.700511163799092174,41184.841519394576607738,-9004.590185785411449615,-1068.560143762391817290
1663844.635349526070058346,41295.786274412566854153,-8496.563032675745489541,-944.123389111024152953
1663903.470758884446695447,41331.812515695819456596,-8324.403841568600910250,-901.995898666857101489
1663962.306168242823332548,41367.078324292211618740,-8152.091496063840168063,-859.851811850538069848
1664136.241006605094298720,41466.881280203357164282,-7641.820336603072064463,-735.171888402175682131
1664417.673486903076991439,41614.237283566973928828,-6813.617631293345766608,-533.193900874095561448
1664794.303659284720197320,41784.020821987774979789,-5700.840260042321460787,-262.558417351428943221
1665249.670977944973856211,41947.223789956427935977,-4349.768226985332148615,64.900631619639170822
1665763.873705963604152203,42075.938409650298126508,-2818.447045873363094870,434.564130904640478548
1666314.438716707751154900,42148.215648591583885718,-1174.503577826057153288,829.678224662107822951
1666877.303677303483709693,42151.926843307453964371,508.101819100345892366,1232.232925982934830245
1667427.868688047630712390,42086.905077739975240547,2153.130691340680641588,1623.988560942954791244
1667942.071416066261008382,41964.954280549667601008,3686.433650809827668127,1987.520595899804902729
1668397.438734726514667273,41807.724955338875588495,5040.039357909488899168,2307.141706101385352667
1668774.068907108157873154,41642.866718878860410769,6155.463134261335653719,2569.591770350954902824
1669055.501387406140565872,41499.180053260417480487,6985.967767715941590723,2764.450858718970266636
1669229.436225768411532044,41401.639542786993843038,7497.799930554370803293,2884.303803939044883009
1669288.271635126788169146,41367.138044920873653609,7670.664173268269223627,2924.741405339962511789
1669347.107044485164806247,41331.875596819860220421,7843.387313794482906815,2965.125202004004677292
1669521.041882847435772419,41223.185703980918333400,8353.152058735628088471,3084.189804532703419682
1669802.474363145418465137,41033.293156706909940112,9175.088788482498785015,3275.781800617369299289
1670179.104535527061671019,40752.162013304601714481,10268.952233486947079655,3530.010528821869229432
1670634.471854187315329909,40371.260032874713942874,11581.082698781181534287,3833.816384084660967346
1671148.674582205945625901,39887.695111081651702989,13047.332393843818863388,4171.779773973998089787
1671699.239592950092628598,39307.833522592387453187,14596.896208959769865032,4527.132758833606203552
1672262.104553545825183392,38649.581562757673964370,16156.756801030736824032,4882.882408841185679194
1672812.669564289972186089,37942.764559709183231462,17656.237604042653401848,5222.909834745943953749
1673326.872292308602482080,37227.418359843264624942,19031.051257755745609757,5532.893508377157559153
1673782.239610968856140971,36550.224091303251043428,20226.296613461476226803,5800.932151481181790587
1674158.869783350499346852,35959.661547815143421758,21198.091738084469398018,6017.807587510345911141
1674440.302263648482039571,35500.652056766855821479,21913.863951375380565878,6176.912904772812908050
1674614.237102010753005743,35209.485535752908617724,22351.643133899800886866,6273.949696339863294270
1674673.072511369129642844,35109.711680438493203837,22498.917049115661939140,6306.545949052895593923
1674731.907920727506279945,35009.292000226159871090,22645.777108446716738399,6339.026187513831246179
1674905.842759089777246118,34708.662904161443293560,23077.492507368348015007,6434.363147471674892586
1675187.275239387759938836,34210.438091664989769924,23768.134855315576714929,6586.423929250093351584
1675563.905411769403144717,33521.193757544220716227,24676.692948441508633550,6785.572430233696650248
1676019.272730429656803608,32654.166656424240500201,25750.290035910460574087,7019.509998690562497359
1676533.475458448287099600,31631.915626284615427721,26928.433478782440943178,7274.362066535737540107
1677084.040469192434102297,30488.150050195814401377,28147.909421386684698518,7535.897109313627879601
1677646.905429788166657090,29268.085050262459844816,29347.749226395528239664,7790.723941203665162902
1678197.470440532313659787,28027.000762180374294985,30473.587981639917416032,8027.296260656548838597
1678711.673168550943955779,26827.075998654538125265,31480.778850890252215322,8236.574115290182817262
1679167.040487211197614670,25732.923942184024781454,32335.842514470707101282,8412.252914110191341024
1679543.670659592840820551,24806.483003602312237490,33016.176156498513591941,8550.559132775400939863
1679825.103139890823513269,24101.965080486559600104,33508.328297054882568773,8649.704487738192256074
1679999.037978253094479442,23661.457597529930353630,33805.455959363629517611,8709.161762541792995762
1680057.873387611471116543,23511.586389783951744903,33904.734876153372169938,8728.957366610404278617
1680116.708796969847753644,23361.282647306165017653,34003.390058957935252693,8748.592375061729399022
1680290.643635332118719816,22914.437700077025510836,34291.378820396690571215,8805.696615632587054279
1680572.076115630101412535,22183.655715239765413571,34745.657025192129367497,8895.090396930427232292
1680948.706288011744618416,21191.123686219165392686,35330.684333562116080429,9008.857664287635998335
1681404.073606671998277307,19969.833220245847769547,36002.408412652752303984,9137.331201124085055199
1681918.276334690628573298,18564.362757059345312882,36713.191953970315807965,9270.291756752958463039
1682468.841345434775575995,17030.638368896739848424,37417.027276013708615210,9398.209038161519856658
1683031.706306030508130789,15434.308415411571331788,38074.269225185933464672,9513.330941687534505036
1683582.271316774655133486,13847.701862750174768735,38655.136592326882237103,9610.440883439405297395
1684096.474044793285429478,12345.685207407521374989,39141.418716526321077254,9687.156784508631972130
1684551.841363453539088368,11000.977629387351043988,39526.156540275282168295,9743.731272108991106506
1684928.471535835182294250,9879.556144469948776532,39811.471145445211732294,9782.411139512340014335
1685209.904016133164986968,9036.677643109644122887,40005.084886421180272009,9806.500344625710567925
1685383.838854495435953140,8513.825132023608603049,40116.328277251996041741,9819.324368845467688516
1685442.674263853812590241,8336.650301266759925056,40152.498237215673725586,9823.304886166857613716
1685501.509673212189227343,8159.322065442982420791,40187.929339657792297658,9827.104628635057451902
1685675.444511574460193515,7634.221875955998257268,40288.347048911520687398,9837.279954114939755527
1685956.876991872442886233,6782.028431689082935918,40437.096409030164068099,9850.392277574082982028
1686333.507164254086092114,5637.166803708947554696,40609.513888386914914008,9861.449824948856985429
1686788.874482914339751005,4247.367994611799076665,40777.073067356504907366,9864.887645521210288280
1687303.077210932970046997,2672.452564047365740407,40912.240188115880300757,9855.696962922675083973
1687853.642221677117049694,982.059608624964312185,40993.216000690321379807,9830.499524225373534136
1688416.507182272849604487,-747.712605547443672549,41007.715424728005018551,9788.363105957172592753
1688967.072193016996607184,-2438.487322204098745715,40955.079088372825935949,9731.196359948380631977
1689481.274921035626903176,-4014.099388552182062995,40846.312001773570955265,9663.639682549468489015
1689936.642239695880562067,-5404.788082472332462203,40702.043862680853635538,9592.466786731800311827
1690313.272412077523767948,-6550.578286369614943396,40548.806475294819392730,9525.605137110114810639
1690594.704892375506460667,-7403.578686065324291121,40414.329496070226014126,9470.950128799197045737
1690768.639730737777426839,-7929.225698386602743994,40322.703807498743117321,9435.175401697992128902
1690827.475140096154063940,-8106.747188283763534855,40290.241378936283581425,9422.730321902768992004
1690886.310549454530701041,-8284.119451966536871623,40257.037301476964785252,9410.111778840351689723
1691060.245387816801667213,-8807.580013211751065683,40154.545032680536678527,9371.795481864233806846
1691341.677868114784359932,-9651.519193758191249799,39975.034185401549621020,9306.607562920065902290
1691718.308040496427565813,-10774.507599860364280175,39708.473224437482713256,9213.240818233623940614
1692173.675359156681224704,-12121.332525761732540559,39346.206295440126268659,9091.080495348362092045
1692687.878087175311520696,-13626.028841633284173440,38884.998843083310930524,8941.092071494598712889
1693238.443097919458523393,-15215.837395591595850419,38330.585225216265826020,8766.565455972728159395
1693801.308058515191078186,-16815.788257263535342645,37699.919640578016696963,8573.532556071690123645
1694351.873069259338080883,-18353.384915566937706899,37021.575718198590038810,8370.739350284262400237
1694866.075797277968376875,-19762.758258847454271745,36334.110366958346276078,8169.145004588923256961
1695321.443115938222035766,-20987.728836947986565065,35682.612709946151881013,7981.015659099723052350
1695698.073288319865241647,-21983.458761691981635522,35113.996102558601705823,7818.754758984827276436
1695979.505768617847934365,-22716.719001786717853975,34671.783981217689870391,7693.648825666679840651
1696153.440606980118900537,-23165.132717055668763351,34391.165734768532274757,7614.704818313462965307
1696212.276016338495537639,-23315.973444681549153756,34294.988435271930939052,7587.723084735438533244
1696271.111425696872174740,-23466.384813176518946420,34198.179600216717517469,7560.601614322122259182
1696445.046264059143140912,-23908.507592474161356222,33908.308145735914877150,7479.610194158232843620
1696726.478744357125833631,-24615.696588554936170112,33427.748388060870638583,7346.019264310323706013
1697103.108916738769039512,-25545.820578245031356346,32762.633546646255126689,7162.406668341443946701
1697558.476235399022698402,-26644.585820954809605610,31925.503961719143262599,6933.203459075843056780
1698072.678963417652994394,-27849.921383525761484634,30937.926615423093608115,6665.204841217682769638
1698623.243974161799997091,-29097.023543431008874904,29832.307789583261182997,6367.870736451079210383
1699186.108934757532551885,-30323.466010643685876857,28652.271593864577880595,6053.281576288356518489
1699736.673945501679554582,-31473.674763232986151706,27451.285615983921161387,5735.691571649354955298
1700250.876673520309850574,-32502.113066364596306812,26289.597982600833347533,5430.712096378631031257
1700706.243992180563509464,-33374.745940139102458488,25229.899636976922920439,5154.235525964018961531
1701082.874164562206715345,-34068.709926569885283243,24332.347562267947068904,4921.253551322692146641
1701364.306644860189408064,-34570.507357749673246872,23649.634927579703798983,4744.725631630239149672
1701538.241483222460374236,-34873.363048858758702409,23222.692898076529672835,4634.620627531157879275
1701597.076892580837011337,-34974.539003609905194025,23077.425284249744436238,4597.206588404269496095
1701655.912301939213648438,-35075.070670498585968744,22931.732546737337543163,4559.707854962487544981
1701829.847140301484614611,-35368.486307460167154204,22498.561639601284696255,4448.361916682146329549
1702111.279620599467307329,-35831.161756912064447533,21790.034965281760378275,4266.691253306506041554
1702487.909792981110513210,-36426.678886255533143412,20827.524320981850905810,4020.768057986557323602
1702943.277111641364172101,-37109.931077753011777531,19642.866507727107091341,3719.396740864658568171
1703457.479839659994468093,-37832.196136565231427085,18279.156803504018171225,3374.169947785487238434
1704008.044850404141470790,-38546.499151350282772910,16790.549348505599482451,2999.279391078905973700
1704570.909810999874025583,-39212.471589002576365601,15240.704314163340313826,2611.016284516243104008
1705121.474821744021028280,-39799.934825181779160630,13699.847822581803484354,2226.973598180500630406
1705635.677549762651324272,-40290.630203553759201895,12240.748060450343473349,1865.037959226569000748
1706091.044868422904983163,-40677.861505258413671982,10934.151502068540139589,1542.307476934440273908
1706467.675040804548189044,-40964.231754941451072227,9844.295865129133744631,1274.078187939407143858
1706749.107521102530881763,-41158.038615005141764414,9025.016363093083782587,1073.007797981192197767
1706923.042359464801847935,-41269.146500076101801824,8516.749226195657684002,948.507847345363188651
1706981.877768823178485036,-41305.226555393623129930,8344.507632294240465853,906.358764748571047676
1707040.713178181555122137,-41340.545477237399609294,8172.112273735147027764,864.192979391855260474
1707214.648016543826088309,-41440.501296028865908738,7661.592189803406654391,739.448301343089042348
1707496.080496841808781028,-41588.091169442886894103,6832.975911372028349433,537.363700606818383676
1707872.710669223451986909,-41758.160694637706910726,5719.625196990244148765,266.582256381823754054
1708328.077987883705645800,-41921.666340654970554169,4367.831761606656073127,-61.057716344757864135
1708842.280715902335941792,-42050.663332455755153205,2835.662510483212827239,-430.930426006247216719
1709392.845726646482944489,-42123.169816685222031083,1190.776747901611088309,-826.272997397738436121
1709955.710687242215499282,-42127.033999528262938838,-492.822505406416894402,-1229.064520917409026879
1710506.275697986362501979,-42062.079553432988177519,-2138.846995481602789368,-1621.053386066849270719
1711020.478426004992797971,-41940.116183975471358281,-3673.095038149818719830,-1984.803245076718667406
1711475.845744665246456861,-41782.813784754478547256,-5027.545524891778768506,-2304.616171542829761165
1711852.475917046889662743,-41617.850657527094881516,-6143.670729484721960034,-2567.223429980962464469
1712133.908397344872355461,-41474.059187150436628144,-6974.699699397511722054,-2762.198783482233920950
1712307.843235707143321633,-41376.442574603592220228,-7486.855554940026195254,-2882.122965402943009394
1712366.678645065519958735,-41341.913374130897864234,-7659.829178811596648302,-2922.584544901457775268
1712425.514054423896595836,-41306.622232407906267326,-7832.661630216483899858,-2962.992256468553023296
1712599.448892786167562008,-41197.841718290925200563,-8342.749038069938251283,-3082.127169782919736463
1712880.881373084150254726,-41007.784216528401884716,-9165.205834870655962732,-3273.831593936700301128
1713257.511545465793460608,-40726.396974742521706503,-10259.759952481334039476,-3528.207861883724035579
1713712.878864126047119498,-40345.131662842228251975,-11572.714458404538163450,-3832.186966001447217423
1714227.081592144677415490,-39861.086628253913659137,-13039.875572625045606401,-4170.338174932561742025
1714777.646602888824418187,-39280.630380472044635098,-14590.386789300908276346,-4525.881699026487694937
1715340.511563484556972980,-38621.686597421641636174,-16151.178745924924442079,-4881.813329013222755748
1715891.076574228703975677,-37914.113677451729017776,-17651.527577708904573228,-5222.004755925545396167
1716405.279302247334271669,-37197.993683718021202367,-19027.107968754564353731,-5532.127871771734135109
1716860.646620907587930560,-36520.062028291511524003,-20222.992844015789160039,-5800.278061107657777029
1717237.276793289231136441,-35928.854378701529640239,-21195.286452148538955953,-6017.236764303799645859
1717518.709273587213829160,-35469.342965902636933606,-21911.412010353022196796,-6176.398748955032715457
1717692.644111949484795332,-35177.858059516518551391,-22349.401034926959255245,-6273.468115479494372266
1717751.479521307861432433,-35077.975127593606885057,-22496.744418935813882854,-6306.074956388894861448
1717810.314930666238069534,-34977.445683915044355672,-22643.673172119619266596,-6338.565563256515815738
1717984.249769028509035707,-34676.488139528424653690,-23075.587059455538110342,-6433.931878016983318958
1718265.682249326491728425,-34177.719718230066064280,-23766.535713576326088514,-6586.035985735781650874
1718642.312421708134934306,-33487.725493113153788727,-24675.474018661851005163,-6785.234207666317161056
1719097.679740368388593197,-32619.759901824050757568,-25749.483499383168236818,-7019.218895908050399157
1719611.882468387018889189,-31596.411260130458686035,-26928.027570644007937517,-7274.106541957078661653
1720162.447479131165891886,-30451.431528349981817883,-28147.852623809674696531,-7535.658340580599542591
1720725.312439726898446679,-29230.090332921237859409,-29347.960593323768989649,-7790.478915357800360653
1721275.877450471045449376,-27987.730551286244008224,-30473.971975007640139665,-8027.021793928533952567
1721790.080178489675745368,-26786.596536120974633377,-31481.241928769821242895,-8236.251053155237968895
1722245.447497149929404259,-25691.363923983291897457,-32336.308192134449200239,-8411.869685216295692953
1722622.077669531572610140,-24764.025504082084808033,-33016.595571469595597591,-8550.113957820531140896
1722903.510149829555302858,-24058.836254606598231476,-33508.684345703186409082,-8649.205833622441787156
1723077.444988191826269031,-23617.914064321310434025,-33805.760492977533431258,-8708.626989676629818860
1723136.280397550202906132,-23467.902663642184052151,-33905.019846052360662725,-8728.409847190005166340
1723195.115806908579543233,-23317.458787078612658661,-34003.654383880108071025,-8748.031842117559790495
1723369.050645270850509405,-22870.199994829126808327,-34291.575788762209413107,-8805.096052589839018765
1723650.483125568833202124,-22138.750258866341027897,-34745.724996908822504338,-8894.420150161093260976
1724027.113297950476408005,-21145.329756720566365402,-35330.541039302734134253,-9008.084730197513636085
1724482.480616610730066895,-19922.976110031471762341,-36001.950905176134256180,-9136.419871988893646630
1724996.683344629360362887,-18516.324613621101889294,-36712.303010425785032567,-9269.205763645308252308
1725547.248355373507365584,-16981.365180359796795528,-37415.587687166196701583,-9396.914978247206818196
1726110.113315969239920378,-15383.811510144376370590,-38072.174006731969711836,-9511.802440574580032262
1726660.678326713386923075,-13796.053245955721649807,-38652.312112425708619412,-9608.662720998820077511
1727174.881054732017219067,-12293.007459538632247131,-39137.837409983643738087,-9685.128182265105351689
1727630.248373392270877957,-10947.430431421489629429,-39521.846395684660819825,-9741.467714989890737343
1728006.878545773914083838,-9825.322255916536960285,-39806.518317570000363048,-9779.944420418511072057
1728288.311026071896776557,-8981.951048801296565216,-39999.629176260576059576,-9803.876862523231466184
1728462.245864434167742729,-8458.803146422484132927,-40110.552395630067621823,-9816.601973336348237353
1728521.081273792544379830,-8281.530012990340765100,-40146.612467860184551682,-9820.548691184018025524
1728579.916683150921016932,-8104.104303115622315090,-40181.932890871794370469,-9824.314464716318980209
1728753.851521513191983104,-7578.720862591282639187,-40282.018829587461368646,-9834.388394018116741790
1729035.284001811174675822,-6726.085010756381961983,-40430.217253917326161172,-9847.333668688223042409
1729411.914174192817881703,-5580.663162403383466881,-40601.871241925247886684,-9858.162195524417256820
1729867.281492853071540594,-4190.237787351587030571,-40768.469645674769708421,-9861.315416738278145203
1730381.484220871701836586,-2614.684772139058622997,-40902.506243863921554293,-9851.794309899010841036
1730932.049231615848839283,-923.695157451198610943,-40982.223481980756332632,-9826.233923066498391563
1731494.914192211581394076,806.591254996492352802,-40995.391413640412793029,-9783.718420541121304268
1732045.479202955728396773,2497.771931290983047802,-40941.415766082420304883,-9726.174836769558169181
1732559.681930974358692765,4073.674105901627626736,-40831.371095242626324762,-9658.262439959366020048
1733015.049249634612351656,5464.546460792778816540,-40685.954825175409496296,-9586.772727853884134674
1733391.679422016255557537,6610.435876922107127029,-40531.759045697464898694,-9519.648554134448204422
1733673.111902314238250256,7463.479015954195347149,-40396.562256768644147087,-9464.797476492563873762
1733847.046740676509216428,7989.138957433293398935,-40304.490627106519241352,-9428.901738075368484715
1733905.882150034885853529,8166.662484530133951921,-40271.877221007576736156,-9416.415766830836219015
1733964.717559393262490630,8344.035603409989562351,-40238.522113956838438753,-9403.756357339840178611
1734138.652397755533456802,8867.491776291637506802,-40135.583141449118556920,-9365.319415640191436978
1734420.084878053516149521,9711.401949489845719654,-39955.349325663388299290,-9299.936946453632117482
1734796.715050435159355402,10834.309177549912419636,-39687.822035791330563370,-9206.311499140563682886
1735252.082369095413014293,12180.971368759295728523,-39324.391756389501097146,-9083.841706556024291785
1735766.285097114043310285,13685.399493250421073753,-38861.882249290800245944,-8933.509427446628251346
1736316.850107858190312982,15274.822812077945854980,-38306.094768701332213823,-8758.622837435443216236
1736879.715068453922867775,16874.276919781586911995,-37674.053763312498631421,-8565.232487052900978597
1737430.280079198069870472,18411.289537221549835522,-36994.400281190151872579,-8362.101725114731380017
1737944.482807216700166464,19820.032456881723192055,-36305.750044171443732921,-8160.204379367631190689
1738399.850125876953825355,21044.378614211811509449,-35653.238387361379864160,-7971.817651684152224334
1738776.480298258597031236,22039.546836668050673325,-35083.810910010921361391,-7809.352279998467565747
1739057.912778556579723954,22772.361509010552254040,-34641.010597520253213588,-7684.098823841766716214
1739231.847616918850690126,23220.489103194682684261,-34360.036807814591156784,-7605.065985921817627968
1739290.683026277227327228,23371.231223382179450709,-34263.740663155949732754,-7578.054619116493995534
1739349.518435635603964329,23521.543072513079096097,-34166.813713218994962517,-7550.903727786080708029
1739523.453273997874930501,23963.366370075622398872,-33876.597414816707896534,-7469.826587622857914539
1739804.885754295857623219,24670.054444841349322814,-33395.493793116394954268,-7336.101022223581821891
1740181.515926677500829101,25599.477556780220766086,-32729.679529743247258011,-7152.316358040774503024
1740636.883245337754487991,26697.351118766011495609,-31891.749944952294754330,-6922.917994516890757950
1741151.085973356384783983,27901.625483985299069900,-30903.332600252681004349,-6654.716686232237407239
1741701.650984100531786680,29147.533088318312366027,-29796.892918974139320198,-6357.187209939107560785
1742264.515944696264341474,30372.698638660142023582,-28616.105654364429938141,-6042.422329605080449255
1742815.080955440411344171,31521.610887742841441650,-27414.474866383687185589,-5724.684672302322724136
1743329.283683459041640162,32548.802212076501746196,-26252.267977366202103440,-5419.589459134254866512
1743784.651002119295299053,33420.306562838384706993,-25192.178401192628371064,-5143.028573351901286514
1744161.281174500938504934,34113.323101640919048805,-24294.352309559450077359,-4909.989907349681743653
1744442.713654798921197653,34614.405810088625003118,-23611.464553002246248070,-4733.427383677673788043
1744616.648493161192163825,34916.817390755059022922,-23184.427052160703169648,-4623.304320847371855052
1744675.483902519568800926,35017.842761103653174359,-23039.129357983918453101,-4585.884749190929142060
1744734.319311877945438027,35118.223677520298224408,-22893.407661172306688968,-4548.380774531677161576
1744908.254150240216404200,35411.192770889851090033,-22460.157707202924939338,-4437.021045549005066277
1745189.686630538199096918,35873.143415639067825396,-21751.523957382167282049,-4255.333460931131412508
1745566.316802919842302799,36467.687738417072978336,-20788.910379185552301351,-4009.398035190464725019
1746021.684121580095961690,37149.762670315692957956,-19604.189843872773053590,-3708.027786478331108810
1746535.886849598726257682,37870.702085503733542282,-18240.490312690126302186,-3362.822892388725449564
1747086.451860342873260379,38583.596872862784948666,-16751.988239051053824369,-2987.979778993107174756
1747649.316820938605815172,39248.149214729091909248,-15202.350541957865061704,-2599.790312824934517266
1748199.881831682752817869,39834.250061591978010256,-13661.792302753055992071,-2215.843595465808903100
1748714.084559701383113861,40323.703243361676868517,-12203.054129176984133665,-1854.018285452784766676
1749169.451878361636772752,40709.863508067683142144,-10896.842741857493820135,-1531.401607464697008254
1749546.082050743279978633,40995.371345188126724679,-9807.350331773261132184,-1263.277456064406578662
1749827.514531041262671351,41188.548964001362037379,-8988.367856649892928544,-1062.291916513280739309
1750001.449369403533637524,41299.274865949882951099,-8480.294976490760745946,-937.847020727629569592
1750060.284778761910274625,41335.226949190873710904,-8308.120909441939147655,-895.717004837282729568
1750119.120188120286911726,41370.418537019002542365,-8135.793987591845507268,-853.570508106222405331
1750293.055026482557877898,41470.001720806008961517,-7625.481490738318825606,-728.884136277676589089
1750574.487506780540570617,41617.001079841873433907,-6797.217467533053422812,-526.897856990533909993
1750951.117679162183776498,41786.305544505717989523,-5684.368842823991144542,-256.255424342776677804
1751406.484997822437435389,41948.927023397649463732,-4333.227247349546814803,71.205680443479650421
1751920.687725841067731380,42076.982806101448659319,-2801.849431707152689341,440.863148425978579326
1752471.252736585214734077,42148.553021985928353388,-1157.871178085544670466,835.960972984827094479
1753034.117697180947288871,42151.540851982288586441,524.742086765727435704,1238.488579964770906372
1753584.682707925094291568,42085.812155049738066737,2169.751553529313241597,1630.207523312226840062
1754098.885435943724587560,41963.202688194905931596,3703.012211412562464830,1993.696241953683056636
1754554.252754603978246450,41805.392087629043089692,5056.561008132433926221,2313.271745509973698063
1754930.882926985621452332,41640.055000357773678843,6171.923956594800984021,2575.678982810157322092
1755212.315407283604145050,41496.011884121435286943,7002.375034813208912965,2770.503071954281040234
1755386.250245645875111222,41398.251732756187266205,7514.170644471792911645,2890.333111790165276034
1755445.085655004251748323,41363.676060496458376292,7687.021926680368778761,2930.762745596508466406
1755503.921064362628385425,41328.339501728602044750,7859.731805807816272136,2971.138463898252666695
1755677.855902724899351597,41219.430901708845340181,8369.455588902717863675,3090.178538079413556261
1755959.288383022882044315,41029.185773346172936726,9191.320492772756551858,3281.728808963362098439
1756335.918555404525250196,40747.585516464496322442,10285.077133431470429059,3535.897784904966101749
1756791.285874064778909087,40366.120992207266681362,11597.062244001215731259,3839.625474509008199675
1757305.488602083409205079,39881.927684087604575325,13063.126648328638111707,4177.492909515200153692
1757856.053612827556207776,39301.402279229667328764,14612.467480121551488992,4532.734259723143622978
1758418.918573423288762569,38642.482389974240504671,16172.074186200647091027,4888.360456084988982184
1758969.483584167435765266,37935.023607523478858639,17671.281703914886747953,5228.258202988112316234
1759483.686312186066061258,37219.089254015889309812,19045.818231032601033803,5538.112978319561079843
1759939.053630846319720149,36541.383872167039953638,20240.800835615395044442,5806.031343273974925978
1760315.683803227962926030,35950.405926448591344524,21212.366553374005889054,6022.803047035045892699
1760597.116283525945618749,35491.090567769315384794,21927.960311468130385038,6181.828389023470663233
1760771.051121888216584921,35199.737013962418131996,22365.626231314985489007,6278.814716498465713812
1760829.886531246593222022,35099.900245907025237102,22512.861324431629327592,6311.393721719050518004
1760888.721940604969859123,34999.417833416613575537,22659.682305155925860163,6343.856623506359028397
1761062.656778967240825295,34698.604348693865176756,23091.280683097567816731,6439.141812695550470380
1761344.089259265223518014,34200.084626525531348307,23781.729000464220007416,6591.117204000951460330
1761720.719431646866723895,33510.452464905458327848,24690.018492684837838169,6790.148345854959188728
1762176.086750307120382786,32642.967295664253470022,25763.277431923102994915,7023.939422349572851090
1762690.289478325750678778,31620.213870785089966375,26941.021852752332051750,7278.620211715471668867
1763240.854489069897681475,30475.928612841184076387,28160.050963994253834244,7539.965237637643440394
1763803.719449665630236268,29255.352672784480091650,29359.413743084434827324,7794.591035528701468138
1764354.284460409777238965,28013.789336814435955603,30484.766890995342691895,8030.960412432101293234
1764868.487188428407534957,26813.436363708118733484,31491.487945323948224541,8240.043390270682721166
1765323.854507088661193848,25718.921072183999058325,32346.122964213740488049,8415.545530789426265983
1765700.484679470304399729,24792.191344729515549261,33026.093495806351711508,8553.702886284107080428
1765981.917159768287092447,24087.464647443390276749,33517.969409486417134758,8652.735451269498298643
1766155.851998130558058619,23646.831180700923141558,33814.924317046439682599,8712.122376890107261715
1766214.687407488934695721,23496.917888711912382860,33914.144451533524261322,8731.894076214866800001
1766273.522816847311332822,23346.572331800365645904,34012.740678870432020631,8751.505125877356476849
1766447.457655209582298994,22899.605354022474784870,34300.554148363262356725,8808.538225400461669778
1766728.890135507564991713,22168.630978231558401603,34754.545611505243869033,8897.815935038055613404
1767105.520307889208197594,21175.851387243026692886,35339.183349966850073542,9011.426081164532661205
1767560.887626549461856484,19954.276993930579919834,36010.427884695898683276,9139.707073802153900033
1768075.090354568092152476,18548.506539094501931686,36720.659321151520998683,9272.447069793965056306
1768625.655365312239155173,17014.485650876777071971,37423.891877727895916905,9400.124843442954443162
1769188.520325907971709967,15417.879471789354283828,38080.506163649108202662,9514.998698931678518420
1769739.085336652118712664,13831.029484588892955799,38660.749408261697681155,9611.863291229030437535
1770253.288064670749008656,12328.809718870797951240,39146.440436350960226264,9688.347967588368192082
1770708.655383331002667546,10983.942059621454973239,39530.648872395591752138,9744.716277624796930468
1771085.285555712645873427,9862.402350980097253341,39815.521854302460269537,9783.224785966707713669
1771366.718036010628566146,9019.443946154096920509,40008.803582303422444966,9807.185536657849297626
1771540.652874372899532318,8496.545677517780859489,40119.840984780887083616,9819.930023659489961574
1771599.488283731276169419,8319.355997321319591720,40155.941137124893430155,9823.883613882197096245
1771658.323693089652806520,8142.013230270713393111,40191.302368475960975047,9827.656418572812981438
1771832.258531451923772693,7616.871945668484841008,40291.513159401096345391,9837.752050369752396364
1772113.691011749906465411,6764.617920241791580338,40439.926652500718773808,9850.735270974728337023
1772490.321184131549671292,5619.686691388029430527,40611.892810277255193796,9861.619827582188008819
1772945.688502791803330183,4229.821336213040922303,40778.903945180085429456,9864.848331749843055150
1773459.891230810433626175,2654.854014668155286927,40913.449808199737162795,9855.421349971929885214
1774010.456241554580628872,964.432920006576750893,40993.758557225832191762,9829.971337442486401414
1774573.321202150313183665,-765.338700347107078414,41007.575107355769432615,9787.577582778783835238
1775123.886212894460186362,-2456.084115485187794548,40954.271027766160841566,9730.160397853203903651
1775638.088940913090482354,-4031.643203829873527866,40844.881442755453463178,9662.371319023102842038
1776093.456259573344141245,-5422.264387041788722854,40700.063673941760498565,9590.994089517942484235
1776470.086431954987347126,-6567.984190379727806430,40546.373309487120423000,9523.964652951366588240
1776751.518912252970039845,-7420.923410070587124210,40411.559023811241786461,9469.185067750830057776
1776925.453750615241006017,-7946.528956548303540330,40319.725441099195450079,9433.333715890530584147
1776984.289159973617643118,-8124.035789704059425276,40287.192796504321449902,9420.862783294342079898
1777043.124569331994280219,-8301.393078373504977208,40253.918558982659305912,9408.218421776186005445
1777217.059407694265246391,-8824.807510477250616532,40151.219216119025077205,9369.826003263315215008
1777498.491887992247939110,-9668.666185118949215394,39971.374460993443790358,9304.515592916653986322
1777875.122060373891144991,-10791.535558818599383812,39704.369075247661385220,9210.986309231917402940
1778330.489379034144803882,-12138.199421698918740731,39341.568968636791396420,9088.631748119911208050
1778844.692107052775099874,-13642.691512773504655343,38879.765616629614669364,8938.427244412207073765
1779395.257117796922102571,-15232.255431703983049374,38324.722125863532710355,8763.673427723075292306
1779958.122078392654657364,-16831.928832365891139489,37693.422361384022224229,8570.413070213475293713
1780508.687089136801660061,-18369.227774082442920189,37014.468688110697257798,8367.402456979227281408
1781022.889817155431956053,-19778.299982268123130780,36326.444173906806099694,8165.609911785653821426
1781478.257135815685614944,-21002.985614725148479920,35674.460301094099122565,7977.309185090551181929
1781854.887308197328820825,-21998.467131371369760018,35105.448313644497829955,7814.909616690671100514
1782136.319788495311513543,-22731.534346065243880730,34662.944939660716045182,7689.701952747262112098
1782310.254626857582479715,-23179.825637789203028660,34382.148541964699688833,7610.695900890877965139
1782369.090036215959116817,-23330.624417897888633888,34285.911307593218225520,7583.693325552962051006
1782427.925445574335753918,-23480.993568991885695141,34189.042704686282377224,7556.551087563642795430
1782601.860283936606720090,-23922.989970433634880465,33898.995546173529874068,7475.498709834722831147
1782883.292764234589412808,-24629.969553462804469746,33418.154677733073185664,7341.810553908657311695
1783259.922936616232618690,-25559.803897063822660130,32752.669977389501582365,7158.070624940522975521
1783715.290255276486277580,-26658.204865369589242619,31915.103271421270619612,6928.717840017710841494
1784229.492983295116573572,-27863.111041813732299488,30927.046134420896123629,6660.556275979575730162
1784780.057994039263576269,-29109.732892072403046768,29820.930562569985340815,6363.054954947398073273
1785342.922954634996131063,-30335.663128851556393784,28640.405485562274407130,6048.302871354815579252
1785893.487965379143133759,-31485.350939218529674690,27438.960644356200646143,5730.561618914322025375
1786407.690693397773429751,-32513.285674122736963909,26276.862382320912729483,5425.448350920534721809
1786863.058012058027088642,-33385.459445124135527294,25216.815327394979249220,5148.859472469619504409
1787239.688184439670294523,-34079.034752662402752321,24318.985726122038613539,4915.789085041225916939
1787521.120664737652987242,-34580.536641168517235201,23636.072283460984181147,4739.197788703448168235
1787695.055503099923953414,-34883.207553959327924531,23209.008999791221867781,4629.054778863519459264
1787753.890912458300590515,-34984.320644914922013413,23063.700867908301006537,4591.628086371423705714
1787812.726321816677227616,-35084.789267698179173749,22917.967865088248800021,4554.116802321619616123
1787986.661160178948193789,-35378.017484449192124885,22484.679407053386967164,4442.734363894782291027
1788268.093640476930886507,-35840.386442570823419373,21775.967272022964607459,4261.006563435297721298
1788644.723812858574092388,-36435.487341814085084479,20813.217721137443732005,4015.010656610120349796
1789100.091131518827751279,-37118.227430900435138028,19628.285491232985805254,3713.557235757110902341
1789614.293859537458047271,-37839.903237130369234364,18264.285267888793896418,3368.245481470588856610
1790164.858870281605049968,-38553.563320167238998692,16775.389952278921555262,2993.273199450679385336
1790727.723830877337604761,-39218.866680239669221919,15225.275905081296514254,2604.936558600038551958
1791278.288841621484607458,-39805.665010257034737151,13684.181439281666825991,2220.831861434726306470
1791792.491569640114903450,-40295.731017854872334283,12224.882234963813971262,1858.847253728414216312
1792247.858888300368562341,-40682.398933593525725883,10918.127685628125618678,1536.080677663198002847
1792624.489060682011768222,-40968.299396096837881487,9828.154730236383329611,1267.826727234281861456
1792905.921540979994460940,-41161.753186021574947517,9008.795514039920817595,1066.740989860834815772
1793079.856379342265427113,-41272.642068078152078670,8500.482528214102785569,942.232874765282758744
1793138.691788700642064214,-41308.647913799934030976,8328.226017936824064236,900.081259128102828981
1793197.527198059018701315,-41343.892562906134116929,8155.816043005201208871,857.913056413428421365
1793371.462036421289667487,-41443.628453545206866693,7645.254505761309701484,733.161908875354129123
1793652.894516719272360206,-41590.861422808076895308,6816.576729712418455165,531.068985107023763703
1794029.524689100915566087,-41760.451512941792316269,5703.154537110000092071,260.280555645371350693
1794484.892007761169224977,-41923.375213664541661274,4351.291292773901659530,-67.361507479665306164
1794999.094735779799520969,-42051.712830141004815232,2819.065163648097950500,-437.228212516620260430
1795549.659746523946523666,-42123.511690958948747721,1174.144397901713091414,-832.554528207150724484
1796112.524707119679078460,-42126.651873582792177331,-509.462897644967597444,-1235.318954595928516937
1796663.089717863826081157,-42060.989857389584358316,-2155.468103875995439012,-1627.271108797616761876
1797177.292445882456377149,-41938.367210048825654667,-3689.673913612619799096,-1990.977618368673574878
1797632.659764542710036039,-41780.482990315875213128,-5044.067513798952859361,-2310.744896598025661660
1798009.289936924353241920,-41615.040558598346251529,-6160.131883604110043962,-2573.309284960017976118
1798290.722417222335934639,-41470.892297831473115366,-6991.107277278446417768,-2768.249601855855871690
1798464.657255584606900811,-41373.055834366816270631,-7503.226559854236256797,-2888.150853091716271592
1798523.492664942983537912,-41338.452388483354297932,-7676.187215346268203575,-2928.604456057870265795
1798582.328074301360175014,-41303.087065097373852041,-7849.006396883523848373,-2969.004080133203387959
1798756.262912663631141186,-41194.087634094837994780,-8359.052814367118116934,-3088.114436995394498808
1799037.695392961613833904,-41003.677212791364581790,-9181.437728088239964563,-3279.777086952391982777
1799414.325565343257039785,-40721.820407153420092072,-10275.884943482356902678,-3534.093530307680339320
1799869.692884003510698676,-40339.992012702241481747,-11588.693943909260269720,-3837.994371120508731110
1800383.895612022140994668,-39855.317994062635989394,-13055.669554794098075945,-4176.049501762881845934
1800934.460622766287997365,-39274.197306203968764748,-14605.957511499414977152,-4531.481244062229961855
1801497.325583362020552158,-38614.584977869722933974,-16166.495248110855754931,-4887.289254536775843007
1802047.890594106167554855,-37906.369701662413717713,-17666.570419364499684889,-5227.350825819576130016
1802562.093322124797850847,-37189.661041949257196393,-19041.873291628326114733,-5537.344866268493206007
1803017.460640785051509738,-36511.217843411337526049,-20237.495036198648449499,-5805.374611427465424640
1803394.090813166694715619,-35919.594454597528965678,-21209.558901660966512281,-6022.229438919730455382
1803675.523293464677408338,-35459.776934036832244601,-21925.505741343258705456,-6181.311337716801062925
1803849.458131826948374510,-35168.104851675532700028,-22363.381335379446682055,-6278.330170422948867781
1803908.293541185325011611,-35068.158959503190999385,-22510.685839639052574057,-6310.919740022723999573
1803967.128950543701648712,-34967.566736514003423508,-22657.575456137310538907,-6343.392986284638027428
1804141.063788905972614884,-34666.424667243634758051,-23089.372148298665706534,-6438.707458869332185714
1804422.496269203955307603,-34167.361124980983731803,-23780.126482308849517722,-6590.726058571377507178
1804799.126441585598513484,-33476.978807859377411660,-24688.795784816153172869,-6789.806760440824291436
1805254.493760245852172375,-32608.554857835428265389,-25762.466611328542057890,-7023.644757118086999981
1805768.696488264482468367,-31584.703533401036111172,-26940.611064699485723395,-7278.360893533576017944
1806319.261499008629471064,-30439.203860794448701199,-28159.988623026765708346,-7539.722422221919259755
1806882.126459604362025857,-29217.351515556940285023,-29359.618864899508480448,-7794.341699687309301225
1807432.691470348509028554,-27974.512536613525298890,-30485.143933994702820200,-8030.681375110067165224
1807946.894198367139324546,-26772.950223396786896046,-31491.943400934345845599,-8239.715512739854602842
1808402.261517027392983437,-25677.354339855046418961,-32346.580416747376148123,-8415.157269534316583304
1808778.891689409036189318,-24749.727131196552363690,-33026.504183256074611563,-8553.252500024053006200
1809060.324169707018882036,-24044.329125600190309342,-33518.316353875219647307,-8652.231452745396381943
1809234.259008069289848208,-23603.280970388346759137,-33815.219513282419939060,-8711.582177707994560478
1809293.094417427666485310,-23453.227493180333112832,-33914.420005182626482565,-8731.341102843329281313
1809351.929826786043122411,-23302.741810571424139198,-34012.995508670930576045,-8750.939111387062439462
1809525.864665148314088583,-22855.361016520320845302,-34300.741388492642727215,-8807.932099482040939620
1809807.297145446296781301,-22123.718948615736735519,-34754.603478237411763985,-8897.139994681459938874
1810183.927317827939987183,-21130.050987596645427402,-35339.029448303284880240,-9010.647280569883150747
1810639.294636488193646073,-19907.413574964761210140,-36009.959166933673259337,-9138.789672794981015613
1811153.497364506823942065,-18500.462317025310767349,-36719.758495434543874580,-9271.354778743345377734
1811704.062375250970944762,-16965.206685598030162510,-37422.439701703733589966,-9398.824251622307201615
1812266.927335846703499556,-15367.377156380585802253,-38078.397656901630398352,-9513.463436795977031579
1812817.492346590850502253,-13779.375871298856509384,-38657.910977821222331841,-9610.078154880433430662
1813331.695074609480798244,-12276.127408237218332943,-39142.844585302642371971,-9686.312203775505622616
1813787.062393269734457135,-10930.390719693175924476,-39526.323679722969245631,-9742.445402554640168091
1814163.692565651377663016,-9808.164693470134807285,-39810.553579349892970640,-9780.750627024735877058
1814445.125045949360355735,-8964.713875796667707618,-40003.332137996570963878,-9804.554528253935131943
1814619.059884311631321907,-8441.520402766320330556,-40114.049196556334209163,-9817.200050465926324250
1814677.895293670007959008,-8264.232484107975324150,-40150.039403714654326905,-9821.119824195262481226
1814736.730703028384596109,-8086.792307717048970517,-40185.289898636205180082,-9824.858643115134327672
1814910.665541390655562282,-7561.367966237732616719,-40285.168753203623055015,-9834.852830056726816110
1815192.098021688638255000,-6708.671856249005941208,-40433.031050946483446751,-9847.668926632031798363
1815568.728194070281460881,-5563.180855685168353375,-40604.233387499618402217,-9858.324368997382407542
1816024.095512730535119772,-4172.689500619911996182,-40770.283376353596395347,-9861.268171567846366088
1816538.298240749165415764,-2597.085262202912417706,-40903.698336834706424270,-9851.510665168038030970
1817088.863251493312418461,-906.068253387951699551,-40982.748152378575468902,-9825.697615373572261888
1817651.728212089044973254,824.216775429180415813,-40995.232896500667266082,-9782.924705537601766991
1818202.293222833191975951,2515.367354557594808284,-40940.589253159174404573,-9725.130633749924527365
1818716.495950851822271943,4091.215791336937400047,-40829.921897950749553274,-9656.985808099487258005
1819171.863269512075930834,5482.019952186128648464,-40683.955874660568952095,-9585.291753077688554185
1819548.493441893719136715,6627.838397094725223724,-40529.307045609974011313,-9517.999795523921420681
1819829.925922191701829433,7480.819927411830576602,-40393.772913755783520173,-9463.024149683695213753
1820003.860760553972795606,8006.438137429046037141,-40301.493375004727568012,-9427.051794603537928197
1820062.696169912349432707,8183.946917851899343077,-40268.809749134779849555,-9414.539973767297851737
1820121.531579270726069808,8361.304971753132122103,-40235.384478950138145592,-9401.854749267511579092
1820295.466417632997035980,8884.714749399085121695,-40132.238427196127304342,-9363.341697611524068634
1820576.898897930979728699,9728.543986044336634222,-39951.670707554403634276,-9297.836760145464722882
1820953.529070312622934580,10851.331606151979940478,-39683.699022157896251883,-9204.048813236846399377
1821408.896388972876593471,12197.832041601162927691,-39319.735637001540453639,-9081.384842879806456040
1821923.099116991506889462,13702.055166335288959090,-38856.630359156370104756,-8930.836568832482953439
1822473.664127735653892159,15291.233033131320553366,-38300.213199193902255502,-8755.722887753478062223
1823036.529088331386446953,16890.408862824064271990,-37667.538270054232270923,-8562.105212279331681202
1823587.094099075533449650,18427.122986996990221087,-36987.275343106906802859,-8358.757191388604042004
1824101.296827094163745642,19835.564070085507410113,-36298.066277132682444062,-8156.661800992877033423
1824556.664145754417404532,21059.624682649482565466,-35645.068737790301383939,-7968.103841710455526481
1824933.294318136060610414,22054.544018873457389418,-35075.246181646209151950,-7805.499933933808279107
1825214.726798434043303132,22787.165319629923033062,-34632.154856261178792920,-7680.144850724695061217
1825388.661636796314269304,23235.170281296108441893,-34351.003069565245823469,-7601.050034292360578547
1825447.497046154690906405,23385.870384166228177492,-34254.647043241559003945,-7574.017848383837190340
1825506.332455513067543507,23536.139946552786568645,-34157.660379179076699074,-7546.846212301168634440
1825680.267293875338509679,23977.836663970119843725,-33867.268538557713327464,-7465.708183008535343106
1825961.699774173321202397,24684.315007186356524471,-33385.884077161339519080,-7331.885505234995434876
1826338.329946554964408278,25613.448064537580648903,-32719.700334865854529198,-7147.973665722352961893
1826793.697265215218067169,26710.956886742125789169,-31881.334113479846564587,-6918.425925068962897058
1827307.899993233848363161,27914.801379830438236240,-30892.437555737116781529,-6650.061904311818580027
1827858.465003977995365858,29160.228203113983909134,-29785.501779771664587315,-6352.365472010975281592
1828421.329964573727920651,30384.881095988537708763,-28604.226330980913189705,-6037.437943630093286629
1828971.894975317874923348,31533.272041055235604290,-27402.137388100170937832,-5719.549315530281091924
1829486.097703336505219340,32559.959510815191606525,-26239.520552099005726632,-5414.320573865143160219
1829941.465021996758878231,33431.004547840777377132,-25179.082883620889333542,-5137.647617482753048535
1830318.095194378402084112,34123.632264030493388418,-24280.979783379727450665,-4904.520736876582304831
1830599.527674676384776831,34624.419340791973809246,-23597.891609502745268401,-4727.894985398916105623
1830773.462513038655743003,34926.646096030111948494,-23170.733097194017318543,-4617.734009036734278197
1830832.297922397032380104,35027.608588019305898342,-23025.394967240885307547,-4580.301815232784065302
1830891.133331755409017205,35127.926446460456645582,-22879.633087488611636218,-4542.785321194298376213
1831065.068170117679983377,35420.708082682489475701,-22446.265826568727788981,-4431.389184429512170027
1831346.500650415662676096,35882.352189223318418954,-21737.447011868258414324,-4249.644612216592577170
1831723.130822797305881977,36476.480244130398205016,-20774.595058058177528437,-4003.636674782928821514
1832178.498141457559540868,37158.043066068588814232,-19589.600748091725108679,-3702.184562910084423493
1832692.700869476189836860,37878.393270102365931962,-18225.611419808839855250,-3356.894976922512796591
1833243.265880220336839557,38590.645228318440786097,-16736.822251235855219420,-2981.970422475800660322
1833806.130840816069394350,39254.528658723960688803,-15186.916311731351015624,-2593.707706771992889117
1834356.695851560216397047,39839.964820468368998263,-13646.120835501489636954,-2209.699249932045859168
1834870.898579578846693039,40328.788888699411472771,-12187.183889882428047713,-1847.825216961760816048
1835326.265898239100351930,40714.386034872652089689,-10880.815087561284599360,-1525.172655831991505693
1835702.896070620743557811,40999.424333167997247074,-9791.205821335104701575,-1257.024011682920900057
1835984.328550918726250529,41192.249082991656905506,-8972.143968419892189559,-1056.023247252653163741
1836158.263389280997216702,41302.756112713752372656,-8464.025443095968512353,-931.570261159065921674
1836217.098798639373853803,41338.634031699104525615,-8291.836527860163187142,-889.437737029800700839
1836275.934207997750490904,41373.751392681100696791,-8119.495057446205464657,-847.288847597692438285
1836449.869046360021457076,41473.114787162347056437,-7609.141305479941365775,-722.596078315893464605
1836731.301526658004149795,41619.757476602280803490,-6780.816097958733735140,-520.601589768453777651
1837107.931699039647355676,41788.582838553884357680,-5667.896399337587354239,-249.952318544061199646
1837563.299017699901014566,41950.622800843506411184,-4316.685459533495304640,77.510708290823458810
1838077.501745718531310558,42078.019725322148588020,-2785.251256694806215819,447.161993961288317223
1838628.066756462678313255,42148.882907104482001159,-1141.238483177286980208,842.243387908647491713
1839190.931717058410868049,42151.147373576248355675,541.382377509238722268,1244.743736085221826215
1839741.496727802557870746,42084.711758640602056403,2186.372172605457308237,1636.425827765111534973
1840255.699455821188166738,41961.443645468454633374,3719.590280634562077466,1999.871081561288519879
1840711.066774481441825628,41803.051798939595755655,5073.081947683567705099,2319.400847878745480557
1841087.696946863085031509,41637.235891348223958630,6188.383887470910849515,2581.765150990077017923
1841369.129427161067724228,41492.836350907113228459,7018.781275800640287343,2776.554161286536327680
1841543.064265523338690400,41394.856576530328311492,7530.540249270132335369,2896.361246763468443532
1841601.899674881715327501,41360.206736192754760850,7703.378542932310665492,2936.782896451100896229
1841660.735084240091964602,41324.796073208104644436,7876.075132639940420631,2977.150519887802147423
1841834.669922602362930775,41215.668785866240796167,8385.757871182031522039,3096.166017065874257241
1842116.102402900345623493,41025.071111038101662416,9207.550815776317904238,3287.674484455144920503
1842492.732575281988829374,40743.001791795955796260,10301.200474521472642664,3541.783604240861677681
1842948.099893942242488265,40360.974792783854354639,11613.040017245664785150,3845.433004026419439469
1843462.302621960872784257,39876.153185841401864309,13078.918892530120501760,4183.204346023618199979
1844012.867632705019786954,39294.964069252608169336,14628.036488967343757395,4538.333916339908682858
1844575.732593300752341747,38635.376369180863548536,16187.389055162995646242,4893.836513652817302500
1845126.297604044899344444,37927.275934478508133907,17686.323043364427576307,5233.604442555342757259
1845640.500332063529640436,37210.753555890878487844,19060.582219789132068399,5543.330192865922072087
1846095.867650723783299327,36532.537182314095844049,20255.301878265432605986,5811.128170085723468219
1846472.497823105426505208,35941.143940297195513267,21226.638030534006247763,6027.796052904917814885
1846753.930303403409197927,35481.522796288838435430,21942.053216542444715742,6186.741354563042477821
1846927.865141765680164099,35189.982261881938029546,22379.605802196871081833,6283.677178266227201675
1846986.700551124056801200,35090.082598965971556026,22526.802049148573132697,6316.238922665217614849
1847045.535960482433438301,34989.537472191914275754,22673.583927266976388637,6348.684474496725670178
1847219.470798844704404473,34688.539652673011005390,23105.065213668836804572,6443.917853931578065385
1847500.903279142687097192,34189.725110075851262081,23795.319387526462378446,6595.807792579553279211
1847877.533451524330303073,33499.705244340882927645,24703.340130194301309530,6794.721493861086855759
1848332.900770184583961964,32631.762162159146100748,25776.260745429644885007,7028.365982712393815746
1848847.103498203214257956,31608.506525402837723959,26953.605951138983073179,7282.875389347000236739
1849397.668508947361260653,30463.701790083148807753,28172.188030961180629674,7544.030291427772681345
1849960.533469543093815446,29242.615127898701757658,29371.073587049009802286,7798.454951051071475376
1850511.098480287240818143,28000.572965705716342200,30495.940942464607360307,8034.621288600292245974
1851025.301208305871114135,26799.791997232423454989,31502.192015990825893823,8243.509303991015258362
1851480.668526966124773026,25704.913665916719764937,32356.398249157915415708,8418.834714295373487403
1851857.298699347767978907,24777.895314887115091551,33036.005557966163905803,8556.843149992668259074
1852138.731179645750671625,24072.959969115858257283,33527.605163410982640926,8655.762884406229204615
1852312.666018008021637797,23632.200597159047902096,33824.387267058693396393,8715.079436494184847106
1852371.501427366398274899,23482.245247656079300214,33923.548602811795717571,8734.827222967871421133
1852430.336836724774912000,23331.857903116797388066,34022.085858350190392230,8754.414305799438807298
1852604.271675087045878172,22884.768974475045979489,34309.723988199642917607,8811.376240887419044157
1852885.704155385028570890,22153.602338045784563292,34763.428634391202649567,8900.537842244173589279
1853262.334327766671776772,21160.575362025709182490,35347.676705851255974267,9013.990820529901611735
1853717.701646426925435662,19938.717259063334495295,36018.441584525666257832,9142.079216325686502387
1854231.904374445555731654,18532.647063019634515513,36728.120797607152780984,9274.598598174781727721
1854782.469385189702734351,16998.329947982863814104,37430.750471035986265633,9402.036811591389778187
1855345.334345785435289145,15401.447827613861591090,38086.736983370537927840,9516.662571769937130739
1855895.899356529582291842,13814.354688382656604517,38666.356007531787327025,9613.281774710720128496
1856410.102084548212587833,12311.932079658792645205,39151.455857078115514014,9689.535194811209294130
1856865.469403208466246724,10966.904578502239019144,39535.134839830956480000,9745.697303988390558516
1857242.099575590109452605,9845.246845683963329066,39819.566149515369033907,9784.034437307565895026
1857523.532055888092145324,9002.208687349171668757,40012.515831106029509101,9807.866723618355536018
1857697.466894250363111496,8479.264754179814190138,40123.347225917306786869,9820.531668088735386846
1857756.302303608739748597,8302.060256062839471269,40159.377564344504207838,9824.458329561419304810
1857815.137712967116385698,8124.702989330813579727,40194.668918426708842162,9828.204194896969056572
1857989.072551329387351871,7599.520703017078631092,40294.672773455480637494,9838.220128778861180763
1858270.505031627370044589,6747.206248007081740070,40442.750373325987311546,9851.074241054693629849
1858647.135204009013250470,5602.205621876120858360,40614.265178745823504869,9861.785802213189526810
1859102.502522669266909361,4212.273967741355590988,40780.728238930554653052,9864.804988375104585430
1859616.705250687897205353,2637.255035204179876018,40914.652818384558486287,9855.141710954947484424
1860167.270261432044208050,946.806101742498867679,40994.294486479957413394,9829.439134654352528742
1860730.135222027776762843,-782.964617401994473767,41007.428155989960941952,9786.788060564893385163
1861280.700232771923765540,-2473.680430627129680943,40953.456337382485799026,9729.120459835739893606
1861794.902960790554061532,-4049.186261063143319916,40843.444267537845007610,9661.099006952597846976
1862250.270279450807720423,-5439.739686588458425831,40698.076888803792826366,9589.517472643401561072
1862626.900451832450926304,-6585.388885914981074166,40543.933569145789078902,9522.320276283247949323
1862908.332932130433619022,-7438.266774147450632881,40408.781996620637073647,9467.416136398791422835
1863082.267770492704585195,-7963.830761463548697066,40316.740533254742331337,9431.488174320194957545
1863141.103179851081222296,-8141.322906362758658361,40284.137677427228481974,9418.991393982196314028
1863199.938589209457859397,-8318.665188530278101098,40250.793284764040436130,9406.321219138375454349
1863373.873427571728825569,-8842.033398569845303427,40147.886883083840075415,9367.852694669050833909
1863655.305907869711518288,-9685.811417511016770732,39967.708247003138239961,9302.419819430226198165
1864031.936080251354724169,-10808.561559506975754630,39700.258476744631479960,9208.728034736366680590
1864487.303398911608383060,-12155.064120374903723132,39336.925247693427081686,9086.179285117785184411
1865001.506126930238679051,-13659.351719696358486544,38874.526066775892104488,8935.758762625871895580
1865552.071137674385681748,-15248.670721628055616748,38318.852788753800268751,8760.777815857796667842
1866114.936098270118236542,-16848.066377551578625571,37686.918942342505033594,8567.290079378883092431
1866665.501109014265239239,-18385.067330104582651984,37007.355623968403961044,8364.062141353624610929
1867179.703837032895535231,-19793.838153402604802977,36318.772054417517210823,8162.071478834037407069
1867635.071155693149194121,-21018.238623148114129435,35666.302068072829570156,7973.599447630356735317
1868011.701328074792400002,-22013.471555292890116107,35096.894790012847806793,7811.061277107579371659
1868293.133808372775092721,-22746.345614712503447663,34654.100233058437879663,7685.751933556177391438
1868467.068646735046058893,-23194.514403467350348365,34373.125728374572645407,7606.683869390992185799
1868525.904056093422695994,-23345.271209343736700248,34276.828574303704954218,7579.660463296673697187
1868584.739465451799333096,-23495.598116399887658190,34179.900218824092007708,7552.497468792378640501
1868758.674303814070299268,-23937.468061692248738836,33889.677402051100216340,7471.384166529704089044
1869040.106784112052991986,-24644.238106446042365860,33408.555498791327408981,7337.598839012276584981
1869416.736956493696197867,-25573.782639295495755505,32742.701044764304242563,7153.731651941034215270
1869872.104275153949856758,-26671.819138738959736656,31904.697350382739386987,6924.229384868358465610
1870386.307003172580152750,-27876.295715784355707001,30916.160579374925873708,6655.904983990312757669
1870936.872013916727155447,-29122.437035804316110443,29809.548437233948789071,6358.236568008967878995
1871499.736974512459710240,-30347.854825373440689873,28628.534666739338717889,6043.321689370273816166
1872050.301985256606712937,-31497.021490315608389210,27426.631153625370643567,5725.429318750462698517
1872564.504713275237008929,-32524.452475328631408047,26264.122448291564069223,5420.182382517679798184
1873019.872031935490667820,-33396.166989496610767674,25203.726853291438601445,5143.481308892554807244
1873396.502204317133873701,-34089.353495688810653519,24305.619868921981833410,4910.322603790973516880
1873677.934684615116566420,-34590.559752992056019139,23622.505727477771870326,4733.668002876755053876
1873851.869522977387532592,-34893.045834052543796133,23195.321257958588830661,4623.487032250453921733
1873910.704932335764169693,-34994.096043372286658268,23049.972631266857206356,4586.047701668558147503
1873969.540341694140806794,-35094.501604324374056887,22904.199386458429216873,4548.523882321442215471
1874143.475180056411772966,-35387.542349141025624704,22470.793446868243336212,4437.104989210503845243
1874424.907660354394465685,-35849.604734400687448215,21761.895964600196748506,4255.320125846552400617
1874801.537832736037671566,-36444.289298647483519744,20798.907661369121342432,4009.251607934140338330
1875256.905151396291330457,-37126.517165053570352029,19613.701204765638976824,3707.716206418943329481
1875771.107879414921626449,-37847.603591618062637281,18249.410681157423823606,3362.319631915201171068
1876321.672890159068629146,-38560.620617421744100284,16760.227743991701572668,2987.265777697215526132
1876884.537850754801183939,-39225.254783095260791015,15209.844933048872917425,2598.855761143739073304
1877435.102861498948186636,-39811.388104100646160077,13668.512740890546410810,2214.689210020598693518
1877949.305589517578482628,-40300.824655171418271493,12209.014329267716675531,1852.655781412158830790
1878404.672908177832141519,-40686.929117400133691262,10902.101999427242844831,1529.853243417699559359
1878781.303080559475347400,-40972.359742900989658665,9812.011901225945621263,1261.574741138272656826
1879062.735560857458040118,-41165.460429047634534072,8992.573102945512800943,1060.473738500975741772
1879236.670399219729006290,-41276.130288848820782732,8484.214350162590562832,935.957509814772492973
1879295.505808578105643392,-41312.061918735060316976,8311.942951293713122141,893.803378359105408890
1879354.341217936482280493,-41347.232288999737647828,8139.518387798969342839,851.632775515066896332
1879528.276056298753246665,-41446.748234232094546314,7628.915479613286152016,726.875209457804885460
1879809.708536596735939384,-41593.624273952817020472,6800.176339668971195351,524.774045229172770632
1880186.338708978379145265,-41762.734899917639268097,5686.682848596763506066,253.978741177805204643
1880641.706027638632804155,-41925.076627652066235896,4334.750013680015399586,-73.665278461081470596
1881155.908755657263100147,-42052.754847396885452326,2802.467254179347946774,-443.525827716122876154
1881706.473766401410102844,-42123.846073564978723880,1157.511751274396374356,-838.835726134264405118
1882269.338726997142657638,-42126.262257042624696624,-526.103314046929881442,-1241.572890765750344144
1882819.903737741289660335,-42059.892683985694020521,-2172.088969881828234065,-1633.488173800771619426
1883334.106465759919956326,-41936.610782040217600297,-3706.252298101033375133,-1997.151185248996625887
1883789.473784420173615217,-41778.144771188664890360,-5060.588792132395610679,-2316.872684509511600481
1884166.103956801816821098,-41612.223065462480008136,-6176.592146096932992805,-2579.394095442974503385
1884447.536437099799513817,-41467.718040731320797931,-7007.513828681032464374,-2774.299296029046672629
1884621.471275462070479989,-41369.661744241362612229,-7519.596455159313336480,-2894.177567552676919149
1884680.306684820447117090,-41334.984059265982068609,-7692.544114193246059585,-2934.623177445133478614
1884739.142094178823754191,-41299.544560671398357954,-7865.349997803168662358,-2975.014697509224788519
1884913.076932541094720364,-41190.326232650280871894,-8375.355342094851948787,-3094.100449212233797880
1885194.509412839077413082,-40999.562926459788286593,-9197.668239168888248969,-3285.721246595949196490
1885571.139585220720618963,-40717.236608153638371732,-10292.008374531818844844,-3539.977761356381961377
1886026.506903880974277854,-40334.845200320669391658,-11604.671656007012643386,-3843.800214572565892013
1886540.709631899604573846,-39849.542285212279239204,-13071.461524918740906287,-4181.759128659487032564
1887091.274642643751576543,-39267.757262096703925636,-14621.525969266025640536,-4537.078943772230559262
1887654.139603239484131336,-38607.476507275794574525,-16181.809231615690805484,-4892.763189179811888607
1888204.704613983631134033,-37898.619002183862903621,-17681.610497757857956458,-5232.694765699317940744
1888718.907342002261430025,-37181.321805271283665206,-19056.635626825569488574,-5542.559603906691336306
1889174.274660662515088916,-36502.367185388189682271,-20251.994045477425970603,-5810.468795210577809485
1889550.904833044158294797,-35910.328163488731661346,-21223.828009447148360778,-6027.219658254634850891
1889832.337313342140987515,-35450.204617629256972577,-21939.596013555368699599,-6186.221406090178788872
1890006.272151704411953688,-35158.345411581882217433,-22377.358105442552187014,-6283.189665267931559356
1890065.107561062788590789,-35058.336577076486719307,-22524.623705858197354246,-6315.761950219097343506
1890123.942970421165227890,-34957.681592806497064885,-22671.474161640573584009,-6348.217822583963425132
1890297.877808783436194062,-34656.355052622522634920,-23103.153587981425516773,-6443.480413979083095910
1890579.310289081418886781,-34156.996478810928238090,-23793.713488819841586519,-6595.413443440036644461
1890955.940461463062092662,-33466.226193333997798618,-24702.113639929164492059,-6794.376543754409794929
1891411.307780123315751553,-32597.344040036223304924,-25775.445636262018524576,-7028.067753129569609882
1891925.510508141946047544,-31572.990216072670591529,-26953.190278549511276651,-7282.612275612937082769
1892476.075518886093050241,-30426.970807556084764656,-28172.120141777973913122,-7543.783427331527491333
1893038.940479481825605035,-29204.607530908680928405,-29371.272458767351054121,-7798.201303192345221760
1893589.505490225972607732,-27961.289576756789756473,-30496.311029974203847814,-8034.337678657542710425
1894103.708218244602903724,-26759.299180132358742412,-31502.639844073746644426,-8243.176609032019769074
1894559.075536904856562614,-25663.340220819249225315,-32356.847471254710399080,-8418.441418665624951245
1894935.705709286499768496,-24735.424389010317099746,-33036.407512564044736791,-8556.387550435891171219
1895217.138189584482461214,-24029.817753191593510564,-33527.942998202815942932,-8655.253539494868164184
1895391.073027946753427386,-23588.643711762524617370,-33824.673120583938725758,-8714.533809030475822510
1895449.908437305130064487,-23438.548184801147726830,-33923.814734877851151396,-8734.268793685481796274
1895508.743846663506701589,-23288.020723000656289514,-34022.331187695039261598,-8753.842807809025543975
1895682.678685025777667761,-22840.518006969730777200,-34309.901494751924474258,-8810.764550155279721366
1895964.111165323760360479,-22108.683737657054734882,-34763.476390810457814950,-8899.856206395332264947
1896340.741337705403566360,-21114.768495009302569088,-35347.512191487716336269,-9013.206151576730917441
1896796.108656365657225251,-19891.847534443273616489,-36017.961651203462679405,-9141.155741646904061781
1897310.311384384287521243,-18484.596765825546754058,-36727.208084596095432062,-9273.500007450482371496
1897860.876395128434523940,-16949.045209877214801963,-37429.285702829954971094,-9400.729686248017969774
1898423.741355724167078733,-15350.940106389134598430,-38084.615183519439597148,-9515.120547135029482888
1898974.306366468314081430,-13762.696083317532611545,-38663.503621878342528362,-9611.489663124510116177
1899488.509094486944377422,-12259.245211330264282878,-39147.845457029769022483,-9687.492268221179983811
1899943.876413147198036313,-10913.349101984895241912,-39530.794594749815587420,-9743.419109882543125423
1900320.506585528841242194,-9791.005424827359092887,-39814.582423298161302228,-9781.552837548271781998
1900601.939065826823934913,-8947.475146723001671489,-40007.028648584273469169,-9805.228188026045245351
1900775.873904189094901085,-8424.236196158941311296,-40117.539527103312138934,-9817.794116379027400399
1900834.709313547471538186,-8246.933523827603494283,-40153.459862920724845026,-9821.686944357767060865
1900893.544722905848175287,-8069.478912498008867260,-40188.640423602228111122,-9825.398807106761523755
1901067.479561268119141459,-7544.013763566174020525,-40288.312176540355721954,-9835.313247513175156200
1901348.912041566101834178,-6691.257547148175945040,-40435.838321620576607529,-9848.000160610605234979
1901725.542213947745040059,-5545.697598183200170752,-40606.588976149425434414,-9858.482513954189926153
1902180.909532607998698950,-4155.140510446064581629,-40772.090519733239489142,-9861.216896441359494929
1902695.112260626628994942,-2579.485329027891566511,-40904.883816947556624655,-9851.222994212892444921
1903245.677271370775997639,-888.441226746559550520,-40983.266192853516258765,-9825.157291716534018633
1903808.542231966508552432,841.842110863282869104,-40995.067743039799097460,-9782.126991762301258859
1904359.107242710655555129,2532.962292278512904886,-40939.756108527355536353,-9724.082455293786551920
1904873.309970729285851121,4108.756711225352773909,-40828.466082925377122592,-9655.705228377877574530
1905328.677289389539510012,5499.492430983438680414,-40681.950326551384932827,-9583.806859498889025417
1905705.307461771182715893,6645.239701166145096067,-40526.848470079065009486,-9516.347145416528292117
1905986.739942069165408611,7498.159471300758013967,-40390.977015082891739439,-9461.246953700074300286
1906160.674780431436374784,8023.735856521736423019,-40298.489580851273785811,-9425.197996567776499433
1906219.510189789813011885,8201.229858754530141596,-40265.735740051801258232,-9412.660331222601598711
1906278.345599148189648986,8378.572816188891010825,-40232.240311694527918007,-9399.949296867789598764
1906452.280437510460615158,8901.936105675042199437,-40128.887196063726150896,-9361.360150904651163728
1906733.712917808443307877,9745.684255970620142762,-39947.985599643165187445,-9295.732771787234014482
1907110.343090190086513758,10868.352068829328345601,-39679.569559258256049361,-9201.782363416825319291
1907565.710408850340172648,12214.690509571672009770,-39315.073123845351801720,-9078.924265187199125648
1908079.913136868970468640,13718.708367688559519593,-38851.372146366244123783,-8928.160057457827861072
1908630.478147613117471337,15307.640500594839977566,-38294.325393036553577986,-8752.819356594432974816
1909193.343108208850026131,16906.537768727146612946,-37661.016638504886941519,-8558.974434874684448005
1909743.908118952997028828,18442.953127220251190010,-36980.144372956907318439,-8355.409237859736094833
1910258.110846971627324820,19851.092124124035763089,-36290.376585967453138437,-8153.115885164088467718
1910713.478165631880983710,21074.866975054123031441,-35636.893266633232997265,-7964.386771119747209013
1911090.108338013524189591,22069.537248822838591877,-35066.675721351137326565,-7801.644393527729334892
1911371.540818311506882310,22801.965048244666832034,-34623.293452890669868793,-7676.187734363449635566
1911545.475656673777848482,23249.847298065178620163,-34341.963713551718683448,-7597.030971661873991252
1911604.311066032154485583,23400.505356936228054110,-34245.547820769155805465,-7569.977977670054315240
1911663.146475390531122684,23550.732605973818863276,-34148.501457890401070472,-7542.785607911961051286
1911837.081313752802088857,23992.302665049770439509,-33857.934120908052136656,-7461.586722568632467301
1912118.513794050784781575,24698.571151658987218980,-33376.268895888373663183,-7327.666986981663285405
1912495.143966432427987456,25627.413990003151411656,-32709.715780091144551989,-7143.628047128348043771
1912950.511285092681646347,26724.557878231724316720,-31870.913054929718782660,-6913.931022952683633775
1913464.714013111311942339,27927.972286252399499062,-30881.537441052169015165,-6645.404399172542980523
1914015.279023855458945036,29172.918108275254780892,-29774.105746305220236536,-6347.541132289590677829
1914578.143984451191499829,30397.058127258067543153,-28592.342301300399412867,-6032.451084328722572536
1915128.708995195338502526,31544.927565475089068059,-27389.795395028450002428,-5714.411615120387068600
1915642.911723213968798518,32571.110999416654522065,-26226.768797463410010096,-5409.049469492771095247
1916098.279041874222457409,33441.696569017229194287,-25165.983205965392698999,-5132.264555402705809684
1916474.909214255865663290,34133.935340434407407884,-24267.603240611635555979,-4899.049555324623725028
1916756.341694553848356009,34634.426697205846721772,-23584.314758619431813713,-4722.360648120195037336
1916930.276532916119322181,34936.468573736121470574,-23157.035303154632856604,-4612.161803183053052635
1916989.111942274495959282,35037.368169570843747351,-23011.656760674573888537,-4574.717002507904908271
1917047.947351632872596383,35137.622952356912719551,-22865.854721300092933234,-4537.188004400750287459
1917221.882189995143562555,35430.217079839647340123,-22432.370222766207007226,-4425.755505315895788954
1917503.314670293126255274,35891.554566856917517725,-21723.366456647658196744,-4243.954019681719728396
1917879.944842674769461155,36485.266249275744485203,-20760.276281437159923371,-3997.873670962342657731
1918335.312161335023120046,37166.316841350380855147,-19575.008386732333747204,-3696.339818973729052232
1918849.514889353653416038,37886.077707593307422940,-18210.729480102912930306,-3350.965682032221593545
1919400.079900097800418735,38597.686711561844276730,-16721.653455528685299214,-2975.959839589131661342
1919962.944860693532973528,39260.901114082407730166,-15171.479522560977784451,-2587.624032857531346963
1920513.509871437679976225,39845.672488164600508753,-13630.447056981989589985,-2203.553993324452676461
1921027.712599456310272217,40333.867357451446878258,-12171.311573990875331219,-1841.631385154958479689
1921483.079918116563931108,40718.901317834832298104,-10864.785566943952289876,-1518.943072636548095034
1921859.710090498207136989,41003.470027730312722269,-9775.059620045380142983,-1250.770045241742991493
1922141.142570796189829707,41195.941875084747152869,-8955.918521293693629559,-1049.754138014797717915
1922315.077409158460795879,41306.230013438012974802,-8447.754432691515830811,-925.293112438341267989
1922373.912818516837432981,41342.033761960839910898,-8275.550697020044026431,-883.158097276720582158
1922432.748227875214070082,41377.076890024858585093,-8103.194705819732917007,-841.006832357490566210
1922606.683066237485036254,41476.220478046314383391,-7592.799781011904997285,-716.307716546691153781
1922888.115546535467728972,41622.506472626446338836,-6764.413522748764080461,-514.305101237720009522
1923264.745718917110934854,41790.852702948592195753,-5651.422929752174241003,-243.649101980723571614
1923720.113037577364593744,41952.311121150247345213,-4300.142863701585156377,83.815713149268049165
1924234.315765595994889736,42079.049166272721777204,-2768.652520969066245016,453.460665510507169529
1924784.880776340141892433,42149.205302892114559654,-1124.605493204224330839,848.525467450735959574
1925347.745736935874447227,42150.746406979254970793,558.022691240978019778,1250.998392388230058714
1925898.310747680021449924,42083.603887381941603962,2202.992548522051947657,1642.643472369532901212
1926412.513475698651745915,41959.677151208954455797,3736.167858467881160323,2006.045112814526873990
1926867.880794358905404806,41800.704088110571319703,5089.602176583815889899,2325.529011318465563818
1927244.510966740548610687,41634.409390708176943008,6204.842926924560742918,2587.850273021967950626
1927525.943447038531303406,41489.653452496371755842,7035.186490715925174300,2782.604124862822573050
1927699.878285400802269578,41391.454072986765822861,7546.908744995926099364,2902.388207015354055329
1927758.713694759178906679,41356.730070887228066567,7719.734022075521352235,2942.801856063777449890
1927817.549104117555543780,41321.245310136793705169,7892.417294349615985993,2983.161368136939927354
1927991.483942479826509953,41211.899355331879633013,8402.058905644902552012,3102.152239669527261867
1928272.916422777809202671,41020.949168651808577124,9223.779757598975265864,3293.618825285991988494
1928649.546595159452408552,40738.410838160874845926,10317.322256839463079814,3547.667985045880413963
1929104.913913819706067443,40355.821433446813898627,11629.016018608213926200,3851.238970883254296496
1929619.116641838336363435,39870.371615143005328719,13094.709126581066811923,4188.914081782864741399
1930169.681652582483366132,39288.518891528226959053,14643.603235673719609622,4543.931727006396613433
1930732.546613178215920925,38628.263499219414370600,16202.701408120432461146,4899.310579891147426679
1931283.111623922362923622,37919.521539412882702891,17701.361622572505439166,5238.948551840445361449
1931797.314351940993219614,37202.411264259346353356,19075.343224214018846396,5548.545150445837862208
1932252.681670601246878505,36523.684020516440796200,20269.799741629140044097,5816.222630381415001466
1932629.311842982890084386,35931.875588132046686951,21240.906169808098638896,6032.786603619408197119
1932910.744323280872777104,35471.948741078354942147,21956.142666833569819573,6191.651799917051903321
1933084.679161643143743277,35180.221278249729948584,22393.581846787223184947,6288.537080185958984657
1933143.514571001520380378,35080.258738349984923843,22540.739223510936426464,6321.081550439708735212
1933202.349980359897017479,34979.650915284270013217,22687.481975025242718402,6353.509739039471241995
1933376.284818722167983651,34678.468814825035224203,23118.846099325666727964,6448.691269748500417336
1933657.717299020150676370,34179.359541021614859346,23808.906016763510706369,6600.495693581300656660
1934034.347471401793882251,33488.952094570595363621,24716.657861243213119451,6799.291872879961374565
1934489.714790062047541142,32620.551254570345918182,25789.239976700606348459,7032.789678448583799764
1935003.917518080677837133,31596.793588734093646053,26966.185774211051466409,7287.127598157390821143
1935554.482528824824839830,30451.469580473240057472,28184.320622524457576219,7548.092269452992695733
1936117.347489420557394624,29229.872414130579272751,29382.728758508550527040,7802.315686606807503267
1936667.912500164704397321,27987.351647338691691402,30507.110136279115977231,8038.278888044651466771
1937182.115228183334693313,26786.142897686782816891,31512.891063073861005250,8246.971855388494077488
1937637.482546843588352203,25690.901721842448750976,32366.668369503902795259,8422.120463609933722182
1938014.112719225231558084,24763.594912514883617405,33045.912343163719924632,8559.979922922682817443
1938295.545199523214250803,24058.451043906017730478,33537.235559004569950048,8658.786786194779779180
1938469.480037885485216975,23617.565845288198033813,33833.844809581270965282,8718.032940420327577158
1938528.315447243861854076,23467.568464995689282659,33932.947330166214669589,8737.756805941802667803
1938587.150856602238491178,23317.139359630040416960,34031.425597570989339147,8757.319913907345835469
1938761.085694964509457350,22869.928559799540380482,34318.888340077748580370,8814.210661188777521602
1939042.518175262492150068,22138.569793006732652429,34772.306093995845003519,8903.256117678500231705
1939419.148347644135355949,21145.295608879394421820,35356.164401316935254727,9016.551881549317840836
1939874.515666304389014840,19923.154013895757088903,36026.449512174738629255,9144.447627899373401306
1940388.718394323019310832,18516.784327020264754537,36735.576383357787563000,9276.746341150157604716
1940939.283405067166313529,16982.171258340917120222,37437.603055937601311598,9403.944941921296049259
1941502.148365662898868322,15385.013480920672009233,38092.961684323301597033,9518.322559611659016809
1942052.713376407045871019,13797.677472113959083799,38671.956390071580244694,9614.696333372810840956
1942566.916104425676167011,12295.052287713951955084,39156.464978577489091549,9690.718465728356022737
1943022.283423085929825902,10949.865183934896776918,39539.614442367259471212,9746.674350793871781207
1943398.913595467573031783,9828.089626459732244257,39823.604030805094225798,9784.840093171767875901
1943680.346075765555724502,8984.971864562809059862,40016.221632505919842515,9808.543905172313316143
1943854.280914127826690674,8461.982359866007755045,40126.847000315938203130,9821.129301818675230606
1943913.116323486203327775,8284.763075343311356846,40162.807518520778103266,9825.029032896805802011
1943971.951732844579964876,8107.391340471316652838,40198.028989148042455781,9828.747957306701209745
1944145.886571206850931048,7582.168145838171767537,40297.825890689338848460,9838.684189062119912705
1944427.319051504833623767,6729.793412798993813340,40445.567571089435659815,9851.409187562252554926
1944803.949223886476829648,5584.723592975155042950,40616.630993324979499448,9861.947748632088405429
1945259.316542546730488539,4194.725886985637771431,40782.545948142833367456,9864.757615236027049832
1945773.519270565360784531,2619.655623412669228856,40915.849218109571665991,9854.858045755652710795
1946324.084281309507787228,929.179151593685674015,40994.823787809298664797,9828.902915799350012094
1946886.949241905240342021,-800.590358973502588924,41007.274569842884375248,9785.994539318373426795
1947437.514252649387344718,-2491.276269896909070667,40952.635016369960794691,9728.076545957883354276
1947951.716980668017640710,-4066.728562570198846515,40842.000475221058877651,9659.822746457706671208
1948407.084299328271299601,-5457.213983421235752758,40696.083506313596444670,9588.036936270596925169
1948783.714471709914505482,-6602.792375275887025055,40541.487253286504710559,9520.672007311251945794
1949065.146952007897198200,-7455.608780605740321334,40405.998413450179214124,9465.643334982392843813
1949239.081790370168164372,-7981.131115435644460376,40313.749082890491990838,9429.638777244981611148
1949297.917199728544801474,-8158.608540563400310930,40281.076020621614588890,9417.116154230687243398
1949356.752609086921438575,-8335.935784741908719297,40247.661477727764577139,9404.420171197540184949
1949530.687447449192404747,-8859.257679792259295937,40144.548032449623860884,9365.875556369872356299
1949812.119927747175097466,-9702.954893222216924187,39964.035542265228286851,9300.320242782509012613
1950188.750100128818303347,-10825.585604210522433277,39696.141427694768935908,9206.465995104321336839
1950644.117418789071962237,-12171.926624062609334942,39332.275131297712505329,9083.723106741243100259
1951158.320146807702258229,-13676.009464667316933628,38869.280192214013368357,8933.086626578624418471
1951708.885157551849260926,-15265.083267585512658115,38312.977212474630505312,8757.878620861949457321
1952271.750118147581815720,-16864.200895042296906468,37680.409382011224806774,8564.163584106056077871
1952822.315128891728818417,-18400.903585788932105061,37000.236524297339201439,8360.718403972372470889
1953336.517856910359114408,-19809.372774363633652683,36311.094006941137195099,8158.529706345558224712
1953791.885175570612773299,-21033.487864310991426464,35658.138009305526793469,7969.886447371252870653
1954168.515347952255979180,-22028.472035519916971680,35088.335530055635899771,7807.209740917933231685
1954449.947828250238671899,-22761.152809749961306807,34645.249859771640331019,7681.798768798624223564
1954623.882666612509638071,-23209.199016101796587463,34364.097292335885867942,7602.668724533323256765
1954682.718075970886275172,-23359.913821026937512215,34267.740233734431967605,7575.624498691649932880
1954741.553485329262912273,-23510.198457402198982891,34170.752140954085916746,7548.440758738295699004
1954915.488323691533878446,-23951.941868235844594892,33880.353711667419702280,7467.266564988392929081
1955196.920803989516571164,-24658.502249490957183298,33398.950849502762139309,7333.384120393755438272
1955573.550976371159777045,-25587.756806898418290075,32732.726746982843906153,7149.389750148497114424
1956028.918295031413435936,-26685.428642984967154916,31894.286196780340105761,6919.738094460779393557
1956543.121023050043731928,-27889.475407328944129404,30905.269948440552980173,6651.250966123865509871
1957093.686033794190734625,-29135.135976505021972116,29798.161411668123037089,6353.415576572624559049
1957656.550994389923289418,-30360.041101934875769075,28616.659135444970161188,6038.338031309751386289
1958207.116005134070292115,-31508.686418105404300150,27414.297141756811470259,5720.294672167721728329
1958721.318733152700588107,-32535.613471515964192804,26251.378178420425683726,5414.914192217496747617
1959176.686051812954246998,-33406.868574744577927049,25190.634212567420036066,5138.101036309126357082
1959553.316224194597452879,-34099.666157082676363643,24292.249988546544045676,4904.854108670821005944
1959834.748704492580145597,-34600.576694645940733608,23608.935257490673393477,4728.136275268720055465
1960008.683542854851111770,-34902.877890542637032922,23181.629670420144975651,4617.917388819834741298
1960067.518952213227748871,-35003.865200379361340310,23036.240572164017066825,4580.465435427737247664
1960126.354361571604385972,-35104.207681768304610159,22890.427108681942627300,4542.929096097454021219
1960300.289199933875352144,-35397.060902901190274861,22456.903756867810443509,4431.473793775403464679
1960581.721680231858044863,-35858.816633721544349100,21747.821040816786990035,4249.631941702311451081
1960958.351852613501250744,-36453.084758012286329176,20784.594139450411603320,4003.490913145338709000
1961413.719171273754909635,-37134.800281411233299877,19599.113646088349923957,3701.873654060393164400
1961927.921899292385205626,-37855.297201248547935393,18234.533041015449271072,3356.392400350516254548
1962478.486910036532208323,-38567.671044280017667916,16745.062721344824240077,2981.257127068798581604
1963041.351870632264763117,-39231.635898656408244278,15194.411395744602486957,2592.773893423938716296
1963591.916881376411765814,-39817.104107687446230557,13652.841725083249912132,2208.545645243117178325
1964106.119609395042061806,-40305.911116430732363369,12193.144341010782227386,1846.463543607016617898
1964561.486928055295720696,-40691.452057586480805185,10886.074441131386265624,1523.625175546017999295
1964938.117100436938926578,-40976.412796238633745816,9795.867375760521099437,1255.322231013888085727
1965219.549580734921619296,-41169.160344953612366226,8976.349127505156502593,1054.206045272156188730
1965393.484419097192585468,-41279.611163243964256253,8467.944689740143076051,929.681753867516817991
1965452.319828455569222569,-41315.468571047756995540,8295.658430060670070816,887.525123816078121308
1965511.155237813945859671,-41350.564656360678782221,8123.219305812446691561,845.352138072696106974
1965685.090076176216825843,-41449.860638915117306169,7612.575109048346348573,720.588204469626361970
1965966.522556474199518561,-41596.379723661484604236,6783.774738939078815747,518.478882361414434854
1966343.152728855842724442,-41765.010856312721443828,5670.210129140476055909,247.676814373560773674
1966798.520047516096383333,-41926.770583331839588936,4318.207921986999281216,-79.969027885723335203
1967312.722775534726679325,-42053.789384956551657524,2785.868779764110513497,-449.823270205430162605
1967863.287786278873682022,-42124.172965212281269487,1140.878805734748311806,-845.116589777193439659
1968426.152746874606236815,-42125.865150512770924252,-542.743756891628436279,-1247.826328023358655628
1968976.717757618753239512,-42058.788033801123674493,-2188.709595741172961425,-1639.704579672099498566
1969490.920485637383535504,-41934.846900468684907537,-3722.830193796595267486,-2003.323944311610830482
1969946.287804297637194395,-41775.799127781756396871,-5077.109362056879035663,-2322.999533871210587677
1970322.917976679280400276,-41609.398178490337159019,-6193.051519118649594020,-2585.477860025617701467
1970604.350456977263092995,-41464.536416191833268385,-7023.919355734651617240,-2780.347864594798011240
1970778.285295339534059167,-41366.260304546092811506,-7535.965242972997657489,-2900.203107381494191941
1970837.120704697910696268,-41331.508386792520468589,-7708.899877463634766173,-2940.640707659527834039
1970895.956114056287333369,-41295.994719438334868755,-7881.692435083728923928,-2981.024107193770760205
1971069.890952418558299541,-41186.557514258973242249,-8391.656623344220861327,-3100.085205035131366458
1971351.323432716540992260,-40995.441357803843857255,-9213.897370157115801703,-3291.664071471161150839
1971727.953605098184198141,-40712.645577957933710422,-10308.130247594141110312,-3545.860553640370198991
1972183.320923758437857032,-40329.691225829381437507,-11620.647596654765948188,-3849.604494984458142426
1972697.523651777068153024,-39843.759501835644186940,-13087.251484893546148669,-4187.467054257365816738
1973248.088662521215155721,-39261.310248241607041564,-14637.092164466441317927,-4542.674796812199929263
1973810.953623116947710514,-38600.361185695357562508,-16197.120698275328322779,-4898.235131616434955504
1974361.518633861094713211,-37890.861579076234193053,-17696.647814673655375373,-5238.036574267280229833
1974875.721361879725009203,-37172.975973714455903973,-19071.394976092786237132,-5547.772083419105911162
1975331.088680539978668094,-36493.510054271981061902,-20266.489873562291904818,-5815.560611209562921431
1975707.718852921621873975,-35901.055505422722490039,-21238.093777167894586455,-6032.207421078077459242
1975989.151333219604566693,-35440.626016708403767552,-21953.682828649230941664,-6191.128952860795834567
1976163.086171581875532866,-35148.579739258704648819,-22391.331346763116016518,-6288.046598812412412371
1976221.921580940252169967,-35048.507980333080922719,-22538.558019236945256125,-6320.601585779651941266
1976280.756990298628807068,-34947.790252810249512549,-22685.369290271009958815,-6353.040070959999866318
1976454.691828660899773240,-34646.279295674430613872,-23116.931380135640210938,-6448.250742162686947268
1976736.124308958882465959,-34146.625779716203396674,-23807.296734722498513293,-6600.098139172645460349
1977112.754481340525671840,-33455.467649520745908376,-24715.427585602905310225,-6798.943556462174456101
1977568.121800000779330730,-32586.127448389677738305,-25788.420575739983178210,-7032.487882832057948690
1978082.324528019409626722,-31561.271308093702828046,-26965.765213602389849257,-7286.860687131287704688
1978632.889538763556629419,-30414.732368518969451543,-28184.247181468810595106,-7547.841354895608674269
1979195.754499359289184213,-29191.858378902448748704,-29382.921376294623769354,-7802.057724904727365356
1979746.319510103436186910,-27948.061671624331211206,-30507.473264277148700785,-8037.990703632814984303
1980260.522238122066482902,-26745.643406214563583490,-31513.331259566526568960,-8246.634341148303064983
1980715.889556782320141792,-25649.321566801889275666,-32367.109357007946528029,-8421.722131760667252820
1981092.519729163963347673,-24721.117277448436652776,-33046.305560708213306498,-8559.519108238971966784
1981373.952209461946040392,-24015.302137320300971624,-33537.564279978330887388,-8658.272093085681262892
1981547.887047824217006564,-23574.002288385199790355,-33834.121316151860810351,-8717.481882878571923357
1981606.722457182593643665,-23423.864738448428397533,-33933.204036401402845513,-8737.192918957305664662
1981665.557866540970280766,-23273.295524309876782354,-34031.661422209806914907,-8756.742930630432965700
1981839.492704903241246939,-22825.670966134894115385,-34319.056108801152731758,-8813.593403872662747744
1982120.925185201223939657,-22093.644625938984972890,-34772.343735853202815633,-8902.568784591021540109
1982497.555357582867145538,-21099.482278920266253408,-35355.989270017940725666,-9015.761342538615281228
1982952.922676243120804429,-19876.277988500449282583,-36025.958359148811723571,-9143.518077920052746776
1983467.125404261751100421,-18468.727960050593537744,-36734.651778949417348485,-9275.641449218594061676
1984017.690415005898103118,-16932.880753224271757063,-37436.125691534944053274,-9402.631281630812736694
1984580.555375601630657911,-15334.500360197875124868,-38090.826587486073549371,-9516.773771174463036004
1985131.120386345777660608,-13746.013882035877031740,-38669.090045487500901800,-9612.897245369538723025
1985645.323114364407956600,-12242.360868875424785074,-39152.840026021462108474,-9688.668375322689826135
1986100.690433024661615491,-10896.305578361752850469,-39535.259141583919699769,-9744.388836755337251816
1986477.320605406304821372,-9773.844450068216247018,-39818.604850218391220551,-9782.351051817044208292
1986758.753085704287514091,-8930.234861679862660822,-40010.718708820750180166,-9805.897841712496301625
1986932.687924066558480263,-8406.950526712949795183,-40121.023388058871205430,-9818.384170973018626682
1986991.523333424935117364,-8229.633132262992148753,-40156.873846263297309633,-9822.250051577026169980
1987050.358742783311754465,-8052.164117576692660805,-40191.984466552494268399,-9825.934956605084153125
1987224.293581145582720637,-7526.658254704576393124,-40291.449100372548855375,-9835.769646327182272216
1987505.726061443565413356,-6673.842083607007225510,-40438.639066708325117361,-9848.327370600596623262
1987882.356233825208619237,-5528.213390039418300148,-40608.938008612072735559,-9858.636630426812189398
1988337.723552485462278128,-4137.590816993404587265,-40773.891076567633717787,-9861.161591454059816897
1988851.926280504092574120,-2561.884972790394385811,-40906.062684983415238094,-9850.931297176954103634
1989402.491291248239576817,-870.814077723909576889,-40983.777604200724454131,-9824.612952324532670900
1989965.356251843972131610,859.467261094461719040,-40994.895954110652382951,-9781.325279512180713937
1990515.921262588119134307,2550.556744238223473076,-40938.916333024790219497,-9723.030301773425890133
1991030.123990606749430299,4126.296865364398399834,-40827.003650991879112553,-9654.420701255177846178
1991485.491309267003089190,5516.963896944980660919,-40679.938181639001413714,-9582.318047653272515163
1991862.121481648646295071,6662.639788900363782886,-40524.383319877721078228,-9514.690604402712779120
1992143.553961946628987789,7515.497647378455440048,-40388.174561528656340670,-9459.465889172774041072
1992317.488800308899953961,8041.032114473033288959,-40295.479245429036382120,-9423.340344624913996086
1992376.324209667276591063,8218.511306996435450856,-40262.655194542014214676,-9410.776839862628548872
1992435.159619025653228164,8395.839136472532118205,-40229.089612974923511501,-9398.040000815402891021
1992609.094457387924194336,8919.155844871049339417,-40125.529448841603880282,-9359.374776220465719234
1992890.526937685906887054,9762.822758999747748021,-39944.294002752190863248,-9293.624982117842591833
1993267.157110067550092936,10885.370565320459718350,-39675.433647902587836143,-9199.512150480288255494
1993722.524428727803751826,12231.546772400943154935,-39310.404217744850029703,-9076.459974338991742115
1994236.727156746434047818,13735.359097017069871072,-38846.107611789971997496,-8925.479894270531076472
1994787.292167490581050515,15324.045214146470243577,-38288.431351144936343189,-8749.912244994768116158
1995350.157128086313605309,16922.663637131547147874,-37654.488869501416047569,-8555.840155952369968873
1995900.722138830460608006,18458.779957518076116685,-36973.007371513776888605,-8352.057865725590090733
1996414.924866849090903997,19866.616618650128657464,-36282.680971491288801190,-8149.566633137634198647
1996870.292185509344562888,21090.105491077621991280,-35628.711974727128108498,-7960.666441236615355592
1997246.922357890987768769,22084.526526157838816289,-35058.099530003637482878,-7797.785660152316268068
1997528.354838188970461488,22816.760694504810089711,-34614.426388322979619261,-7672.227476168998691719
1997702.289676551241427660,23264.520153144469077233,-34332.918740698274632450,-7593.008799463503237348
1997761.125085909618064761,23415.136141333940031473,-34236.442996666148246732,-7565.935008416352502536
1997819.960495267994701862,23565.321050417122023646,-34139.336950283344776835,-7538.721916067988786381
1997993.895333630265668035,24006.764372955520229880,-33848.594162808811233845,-7457.462207775904971641
1998275.327813928248360753,24712.822877909035014454,-33366.648250277234183159,-7323.445468973710376304
1998651.957986309891566634,25641.375332808100210968,-32699.725866404907719698,-7139.279503816847864073
1999107.325304970145225525,26738.154092899501847569,-31860.486770359413640108,-6909.433289783883083146
1999621.528032988775521517,27941.138202954061853234,-30870.632257298180775251,-6640.744172490543860476
2000172.093043732922524214,29185.602803564608620945,-29762.704819707745627966,-6342.714192512321460526
2000734.958004328655079007,30409.229732274056004826,-28580.453566494943515863,-6027.461753506555396598
2001285.523015072802081704,31556.577460823558794800,-27377.448888375969545450,-5709.271572941092017572
2001799.725743091432377696,32582.256677679695712868,-26214.012714728327409830,-5403.776147940770897549
2002255.093061751686036587,33452.382626160957443062,-25152.879369546273665037,-5126.879389082656416576
2002631.723234133329242468,34144.232330652863311116,-24254.222682612562493887,-4893.576364700093108695
2002913.155714431311935186,34644.427879150003718678,-23570.734001731580065098,-4716.824373875504534226
2003087.090552793582901359,34946.284823714267986361,-23143.333671446969674435,-4606.587705336038197856
2003145.925962151959538460,35047.121505604511185084,-22997.914739692663715687,-4569.130313071764248889
2003204.761371510336175561,35147.313195060392899904,-22852.072564018504635897,-4531.588826212617277633
2003378.696209872607141733,35439.719762226952298079,-22418.470897231796698179,-4420.120010287435434293
2003660.128690170589834452,35900.750548421325220261,-21709.282293176824168768,-4238.261685435711115133
2004036.758862552233040333,36494.045753769496513996,-20745.954050799446122255,-3992.109025873527571093
2004492.126181212486699224,37174.583996076988114510,-19560.412761294828669634,-3690.493556851804896723
2005006.328909231116995215,37893.755397946028097067,-18195.844495107034163084,-3345.035009947190701496
2005556.893919975263997912,38604.721322648147179279,-16706.481853523837344255,-2969.948032600856095087
2006119.758880570996552706,39267.266580907082243357,-15156.040176099711970892,-2581.539293394474952947
2006670.323891315143555403,39851.373064942112250719,-13614.770968890363292303,-2197.407827984825416934
2007184.526619333773851395,40338.938649900643213186,-12155.437183253081457224,-1835.436792402346327435
2007639.893937994027510285,40723.409357327655015979,-10848.754181768359558191,-1512.712860272549733054
2008016.524110375670716166,41007.508429287852777634,-9758.911729691164509859,-1244.515559150888293516
2008297.956590673653408885,41199.627340746148547623,-8939.691517077000753488,-1043.484591223583265673
2008471.891429035924375057,41309.696568614373973105,-8431.481947091953770723,-919.015576996542222332
2008530.726838394301012158,41345.426140474308340345,-8259.263418741022178438,-876.878088011748332065
2008589.562247752677649260,41380.395029555140354205,-8086.892934537689143326,-834.724464820894354489
2008763.497086114948615432,41479.318793977385212202,-7576.456919171578192618,-710.019053413729125168
2009044.929566412931308150,41625.248068487628188450,-6748.009743744238221552,-508.008393851887376513
2009421.559738794574514031,41793.115138298140664119,-5634.948435920952761080,-237.345777115398959722
2009876.927057454828172922,41953.991984976462845225,-4283.599461725643777754,90.120692541509924922
2010391.129785473458468914,42080.071129620839201380,-2752.053226431562507059,459.759160589579551015
2010941.694796217605471611,42149.520210171562212054,-1107.972210107102000620,854.807209121681808028
2011504.559756813338026404,42150.337953207235841546,574.663026009024179075,1257.252546377865655813
2012055.124767557485029101,42082.488542440732999239,2219.612679286197817419,1648.860454632122127805
2012569.327495576115325093,41957.903206720286107156,3752.744942894474661443,2012.218333225384412799
2013024.694814236368983984,41798.348956550857110415,5106.121692816064751241,2331.656233350666298065
2013401.324986618012189865,41631.575499898557609413,6221.301072930255031679,2593.934346438305510674
2013682.757466915994882584,41486.463190389484225307,7051.590677540087199304,2788.652960226441791747
2013856.692305278265848756,41388.044223662502190564,7563.276129621815925930,2908.413990095177723560
2013915.527714636642485857,41353.246066128260281403,7736.088362082060484681,2948.819621985610865522
2013974.363123995019122958,41317.687214073965151329,7908.758288905642984901,2989.171006198630493600
2014148.297962357290089130,41208.122611695558589417,8418.358690256871341262,3108.137203446945932228
2014429.730442655272781849,41016.819947846706782002,9240.007316191367863212,3299.561829029007640202
2014806.360615036915987730,40733.812657299225975294,10333.442478366814611945,3553.550924909657624085
2015261.727933697169646621,40350.660916046712372918,11644.990246048815606628,3857.043372691499826033
2015775.930661715799942613,39864.582973956137720961,13110.497348418146430049,4194.622114430538204033
2016326.495672459946945310,39282.066748056568030734,14659.167718185730336700,4549.527689390706655104
2016889.360633055679500103,38621.143782228704367299,16218.011243042223213706,4904.782652519068506081
2017439.925643799826502800,37911.760424577638332266,17716.397439568921981845,5244.290528606747102458
2017954.128371818456798792,37194.062381491072301287,19090.101242369659303222,5553.757848868503060658
2018409.495690478710457683,36514.824389226741914172,20284.294423807099519763,5821.314722023096692283
2018786.125862860353663564,35922.600872476126824040,21255.170969295933900867,6037.774697076885786373
2019067.558343158336356282,35462.368404722314153332,21970.228660482600389514,6196.559723011574533302
2019241.493181520607322454,35170.454065684469242115,22407.554363222945539746,6293.394420201955654193
2019300.328590878983959556,35070.428666690371755976,22554.672845659115409944,6325.921602993075794075
2019359.164000237360596657,34969.758165335988451261,22701.376446576592570636,6358.332415091113944072
2019533.098838599631562829,34668.391837823910464067,23132.623338228360807989,6453.462058125594921876
2019814.531318897614255548,34168.987922089414496440,23822.488886324492341373,6605.180905018300109077
2020191.161491279257461429,33478.193018363563169260,24729.971684009571617935,6803.859480967927083839
2020646.528809939511120319,32609.334575768334616441,25802.215123944719380233,7037.210507676420093048
2021160.731537958141416311,31585.075063759235490579,26978.761320224766677711,7291.376836328017816413
2021711.296548702288419008,30439.231987071929324884,28196.448737020407861564,7552.151169984783336986
2022274.161509298020973802,29217.124534647686232347,29394.379255845014995430,7806.173240545387670863
2022824.726520042167976499,27974.125384953578759450,30518.274470800337439869,8041.933209201968566049
2023338.929248060798272491,26772.489068392438639421,31523.585085067701584194,8250.431042973832518328
2023794.296566721051931381,25676.885243314092804212,32376.933323771496361587,8425.402777315881394316
2024170.926739102695137262,24749.290141007637430448,33055.813849987265712116,8563.113203719440207351
2024452.359219400677829981,24043.937875258510757703,33546.860594892212247942,8661.807155327354848851
2024626.294057762948796153,23602.926928562817920465,33843.296943257832026575,8720.982887388214294333
2024685.129467121325433254,23452.887544214383524377,33942.340632248415204231,8740.682823866452963557
2024743.964876479702070355,23302.416704829440277535,34040.759895193077682052,8760.221948940125002991
2024917.899714841973036528,22855.084113504395645577,34328.047202676221786533,8817.041485073154035490
2025199.332195139955729246,22123.533346663352858741,34781.177989047173468862,8905.970760154705203604
2025575.962367521598935127,21130.012131386560213286,35364.646435163136629853,9019.109263106998696458
2026031.329686181852594018,19907.587262088556599338,36034.451666558314173017,9146.812307477630383801
2026545.532414200482890010,18500.918334858615708072,36743.026077420137880836,9278.890297769037715625
2027096.097424944629892707,16966.009585778352629859,37444.449631451316236053,9405.849233584995090496
2027658.962385540362447500,15368.576435623814177234,38099.180265627954213414,9519.978661694731272291
2028209.527396284509450197,13780.997839731287967879,38677.550555021654872689,9616.106966544401075225
2028723.730124303139746189,12278.170347027604293544,39161.467800074409751687,9691.897779748942411970
2029179.097442963393405080,10932.823879947078239638,39544.087679284079058561,9747.647417534688429441
2029555.727615345036610961,9810.930697359268378932,39827.635497526418475900,9785.641753127121774014
2029837.160095643019303679,8967.733481854324054439,40019.920985923068656120,9809.217080943250039127
2030011.094934005290269852,8444.698498638470482547,40130.340307431448309217,9821.722924505957053043
2030069.930343363666906953,8267.464459224494930822,40166.230999120954948012,9825.595723556285520317
2030128.765752722043544054,8090.078287755612109322,40201.382580118028272409,9829.287705480986915063
2030302.700591084314510226,7564.814278202138666529,40300.972510616476938594,9839.144230931568017695
2030584.133071382297202945,6712.379418702803377528,40448.378245345382310916,9851.740110263570386451
2030960.763243763940408826,5567.240608776926819701,40618.990253635980479885,9862.105666681614820845
2031416.130562424194067717,4177.177098036750976462,40784.357072494174644817,9864.706212267969021923
2031930.333290442824363708,2602.055783404044632334,40917.039007165069051553,9854.570354422690797946
2032480.898301186971366405,911.552073661245231051,40995.346461162880586926,9828.362681031800093479
2033043.763261782703921199,-818.215920964248653036,41007.114349068659066688,9785.197019295641439385
2033594.328272526850923896,-2508.871629232533450704,40951.807064972053922247,9727.028656590371610946
2034108.531000545481219888,-4084.270104289978917222,40840.550066154035448562,9658.542537997758699930
2034563.898319205734878778,-5474.687273517243738752,40694.083526876573159825,9586.552480948206721223
2034940.528491587378084660,-6620.194654461920436006,40539.034362368336587679,9519.019846657398375100
2035221.960971885360777378,-7472.949425453312869649,40403.208274819357029628,9463.866664175808182335
2035395.895810247631743550,-7998.430014489676977973,40310.751090559751901310,9427.785525372330084792
2035454.731219606008380651,-8175.892688334795820992,40278.007826653098163661,9415.237064758415726828
2035513.566628964385017753,-8353.204863040351483505,40244.523138452634157147,9402.515278683391443337
2035687.501467326655983925,-8876.480350193211052101,40141.202664837554038968,9363.894589128640291165
2035968.933947624638676643,-9720.096608345971617382,39960.356347457003721502,9298.216863786654357682
2036345.564120006281882524,-10842.607689056188974064,39692.017928870824107435,9204.200191219015323441
2036800.931438666535541415,-12188.786928943933162373,39327.618620346962416079,9081.263213962110967259
2037315.134166685165837407,-13692.664743899011227768,38864.027993867835903075,8930.410837346948028426
2037865.699177429312840104,-15281.493065857903275173,38307.095398099358135369,8754.975843910038747708
2038428.564138025045394897,-16880.332381146603438538,37673.893681575274968054,8561.033585676950679044
2038979.129148769192397594,-18416.736537545562896412,36993.111390362224483397,8357.371246232212797622
2039493.331876787822693586,-19824.903841624611231964,36303.410032849489653017,8154.984595802639887552
2039948.699195448076352477,-21048.733334722572180908,35649.968126192885392811,7966.170185867957115988
2040325.329367829719558358,-22043.468568610602233093,35079.770535210343950894,7803.355009736986175994
2040606.761848127702251077,-22775.955927791183057707,34636.393821284371369984,7677.842460134326756815
2040780.696686489973217249,-23223.879472339169296902,34355.063235360627004411,7598.650468005418588291
2040839.532095848349854350,-23374.552249604828830343,34258.646287406700139400,7571.585433434111109818
2040898.367505206726491451,-23524.794588667566131335,34161.598472607809526380,7544.380959106461887131
2041072.302343568997457623,-23966.411386766230862122,33871.024476587095705327,7463.145906942690999131
2041353.734823866980150342,-24672.761979322174738627,33389.340731481344846543,7329.166399821782761137
2041730.364996248623356223,-25601.726396660546015482,32722.747085728937236127,7145.044921382590473513
2042185.732314908877015114,-26699.033374950515280943,31883.869812380777148064,6915.243970690555215697
2042699.935042927507311106,-27902.650113396572123747,30894.374243436635879334,6646.594224347527415375
2043250.500053671654313803,-29147.829711199963639956,29786.769487733276037034,6348.591982655952961068
2043813.365014267386868596,-30372.221955757813702803,28604.778893601403979119,6033.351899261613652925
2044363.930025011533871293,-31520.345719938391994219,27401.958610736088303383,5715.157681319191397051
2044878.132753030164167285,-32546.768660174908291083,26238.629574770362523850,5409.643782232915327768
2045333.500071690417826176,-33417.564198439235042315,25177.537407323972729500,5132.718656979761362891
2045710.130244072061032057,-34109.972734501345257740,24278.876087131233362015,4899.383601978448496084
2045991.562724370043724775,-34610.587463825700979214,23595.360875671052781399,4722.602608202285409789
2046165.497562732314690948,-34912.703721170772041660,23167.934239372400043067,4612.345850910203807871
2046224.332972090691328049,-35013.628113690989266615,23022.504692802809586283,4574.881289992479651119
2046283.168381449067965150,-35113.907497797037649434,22876.651033968919364270,4537.332445998034017975
2046457.103219811338931322,-35406.573143541689205449,22443.010339289226976689,4425.840779951247895951
2046738.535700109321624041,-35868.022138423628348392,21733.742502932225761469,4243.942013386926191743
2047115.165872490964829922,-36461.873717923524964135,20770.277157681783137377,3997.728574653445321019
2047570.533191151218488812,-37143.076778107199061196,19584.522817531389591750,3696.029581125183540280
2048084.735919169848784804,-37862.984064248266804498,18219.652349866715667304,3350.463789256578820641
2048635.300929913995787501,-38574.714599054648715537,16729.894886789632437285,2975.247250083890321548
2049198.165890509728342295,-39238.010025354909885209,15178.975295667325553950,2586.690957986340436037
2049748.730901253875344992,-39822.813019601970154326,13637.168394357686338481,2202.401169663817199762
2050262.933629272505640984,-40310.990400311879056972,12177.272272737485764083,1840.270542887561532552
2050718.300947932759299874,-40695.967752924530941527,10870.045013299932179507,1517.396476630410688813
2051094.931120314402505755,-40980.458554955774161499,9779.721156417181191500,1249.069199452000248129
2051376.363600612385198474,-41172.852932649308058899,8960.123590278228220996,1047.937912768391470308
2051550.298438974656164646,-41283.084690212846908253,8451.673549505205301102,923.405609521372753079
2051609.133848333032801747,-41318.867869701782183256,8279.372456799166684505,881.246498097954827244
2051667.969257691409438848,-41353.889663965608633589,8106.918799608152767178,839.071146685744679417
2051841.904096053680405021,-41452.965666611671622377,7596.233396633666416164,714.300896512575491215
2052123.336576351663097739,-41599.127771015271719079,6767.371930087123473641,512.183499104457951034
2052499.966748733306303620,-41767.279381298452790361,5653.736381321352382656,241.374777833114421810
2052955.334067393559962511,-41928.457079924985009711,4301.665020290900429245,-86.272753154045858537
2053469.536795412190258503,-42054.816442123315937351,2769.269742973287065979,-456.120537380806126748
2054020.101806156337261200,-42124.492365333273482975,1124.245563849945028778,-851.397116538022601162
2054582.966766752069815993,-42125.460553527947922703,-559.384223615612427238,-1254.079263786903538858
2055133.531777496216818690,-42057.675906427866721060,-2205.329978939007560257,-1645.920323849075430189
2055647.734505514847114682,-41933.075565055674815085,-3739.407598215948382858,-2009.495893014713146840
2056103.101824175100773573,-41773.446059993199014571,-5093.629221104878524784,-2329.125442165766799008
2056479.731996556743979454,-41606.565897673914150801,-6209.510000202666560654,-2591.560576211546504055
2056761.164476854726672173,-41461.347424279279948678,-7040.323856000650266651,-2786.395305074520365451
2056935.099315216997638345,-41362.851515386159007903,-7552.332920868277142290,-2906.227470109590285574
2056993.934724575374275446,-41328.025371180141519289,-7725.254502736359427217,-2946.657044235793364351
2057052.770133933750912547,-41292.437541527491703164,-7898.033706305526720826,-2987.032306724840964307
2057226.704972296021878719,-41182.781479082936129998,-8407.956655707188474480,-3106.068702010934430291
2057508.137452594004571438,-40991.312507045506208669,-9230.125118681207823101,-3297.605559147808889975
2057884.767624975647777319,-40708.047316891890659463,-10324.250560353488253895,-3551.741904758995588054
2058340.134943635901436210,-40324.530089708096056711,-11636.621763543203996960,-3855.407209987666647066
2058854.337671654531732202,-39837.969644462275027763,-13103.039432444587873761,-4193.173276235496814479
2059404.902682398678734899,-39254.856265313508629333,-14652.656094845362531487,-4548.268800913037921418
2059967.767642994411289692,-38593.239013942009478342,-16212.429645854957925621,-4903.705079629466126789
2060518.332653738558292389,-37883.097433239738165867,-17711.682367932029592339,-5243.376249358903805842
2061032.535381757188588381,-37164.623548259543895256,-19086.151337306924688164,-5552.982302694030295243
2061487.902700417442247272,-36484.646451126835017931,-20280.982518355340289418,-5820.650057365566681256
2061864.532872799085453153,-35891.776481515313207638,-21252.356202783041226212,-6037.192725377304668655
2062145.965353097068145871,-35431.041132435253530275,-21967.766184604704903904,-6196.033976049426200916
2062319.900191459339112043,-35138.807835893523588311,-22405.301057341952400748,-6292.900969097363486071
2062378.735600817715749145,-35038.673170469228352886,-22552.488777780767122749,-6325.438644752635809709
2062437.571010176092386246,-34937.892717729373543989,-22699.260840038514288608,-6357.859729467223587562
2062611.505848538363352418,-34636.197397627220198046,-23130.705522772601398174,-6453.018441496855302830
2062892.938328836346045136,-34136.249028961457952391,-23820.876218044875713531,-6604.780143882237098296
2063269.568501217989251018,-33444.703177726645662915,-24728.737619884988816921,-6803.507796717780365725
2063724.935819878242909908,-32574.905084284771874081,-25801.391427891074272338,-7036.905144441379889031
2064239.138547896873205900,-31549.546810895022645127,-26978.335868033325823490,-7291.106126365224554320
2064789.703558641020208597,-30402.488545191292359959,-28196.369740291243942920,-7551.896203255253567477
2065352.568519236752763391,-29179.104061094862117898,-29394.565615697509201709,-7805.910963255186288734
2065903.133529980899766088,-27934.828822837960615288,-30518.630635162560793106,-8041.640448558582647820
2066417.336257999530062079,-26731.982903328542306554,-31524.017645675434323493,-8250.088707696502751787
2066872.703576659783720970,-25635.298379464824392926,-32377.366072298704239074,-8424.999407494296974619
2067249.333749041426926851,-24706.805798182082071435,-33056.198326023972185794,-8562.647172172759383102
2067530.766229339409619570,-24000.782279664468660485,-33547.180197548332216684,-8661.287112302934474428
2067704.701067701680585742,-23559.356701951757713687,-33843.564098363487573806,-8720.426398060955762048
2067763.536477060057222843,-23409.177155821751512121,-33942.587908138324564788,-8740.113477476132175070
2067822.371886418433859944,-23258.566216202852956485,-34040.986210607319662813,-8759.639478677245278959
2067996.306724780704826117,-22810.819895719578198623,-34328.205229041959682945,-8816.418659487915647333
2068277.739205078687518835,-22078.601615200685046148,-34781.205511794287303928,-8905.277728171904527699
2068654.369377460330724716,-21084.192341071488044690,-35364.460682386859843973,-9018.312852413977452670
2069109.736696120584383607,-19860.704938848437450361,-36033.949289266813138966,-9145.876680638177276705
2069623.939424139214679599,-18452.855901449853263330,-36742.089577127109805588,-9277.779103146867782925
2070174.504434883361682296,-16916.713317434237978887,-37442.959666479240695480,-9404.529036967434876715
2070737.369395479094237089,-15318.057919622333429288,-38097.031867565914581064,-9518.423108194025189732
2071287.934406223241239786,-13729.329269295492849778,-38674.670247485257277731,-9614.300900996897325967
2071802.137134241871535778,-12225.474382706852338742,-39157.828291200894454960,-9689.840524550005284254
2072257.504452902125194669,-10879.260150647656701040,-39539.717319198745826725,-9745.354582710746399243
2072634.134625283768400550,-9756.681771017545543145,-39822.620859121299872641,-9783.145269433009161730
2072915.567105581751093268,-8912.993022481845400762,-40014.402317743726598565,-9806.563488954345302773
2073089.501943944022059441,-8389.663396221520088147,-40124.500778484834881965,-9818.970213916059947223
2073148.337353302398696542,-8212.331311205569363665,-40160.281352810801763553,-9822.809145530538444291
2073207.172762661008164287,-8034.847924740104645025,-40195.322026561807433609,-9826.467091296746730222
2073381.107601023279130459,-7509.301441430630802643,-40294.579523791711835656,-9836.222026210800322588
2073662.540081321261823177,-6656.425467369663238060,-40441.433285338142013643,-9848.650556363250871073
2074039.170253702905029058,-5510.728233014750003349,-40611.280484056951536331,-9858.786718233326610061
2074494.537572363158687949,-4120.040421993056952488,-40775.685046045146009419,-9861.102256501158990432
2075008.740300381788983941,-2544.284195237378298771,-40907.234940152069611941,-9850.635574061911029276
2075559.305311125935986638,-853.186808044607460033,-40984.282385700273152906,-9824.064597272306855302
2076122.170271721668541431,877.092224407424509991,-40994.717529009292775299,-9780.519568967451050412
2076672.735282465815544128,2568.150708732609928120,-40938.069925969022733625,-9721.974173464397608768
2077186.938010484445840120,4143.836252052751660813,-40825.534601469313201960,-9653.132227073823742103
2077642.305329144699499011,5534.434348415998101700,-40677.919439304525440093,-9580.825317946546419989
2078018.935501526342704892,6680.038658646350086201,-40521.911594435012375470,-9513.030172945866070222
2078300.367981824325397611,7532.834454001342237461,-40385.365552535069582518,-9457.680956608142878395
2078474.302820186596363783,8058.326909645409614313,-40292.462368189786502626,-9421.478839308074384462
2078533.138229544973000884,8235.791260946258262265,-40259.568112062050204258,-9408.889500228840915952
2078591.973638903349637985,8413.103930978752032388,-40225.932382252671231981,-9396.126861660370195750
2078765.908477265620604157,8936.373965370650694240,-40122.165185006240790244,-9357.385574135441856924
2079047.340957563603296876,9779.959493568348989356,-39940.595916353886423167,-9291.513391755965130869
2079423.971129945246502757,10902.387094081561372150,-39671.291287610329163726,-9197.238175096492341254
2079879.338448605500161648,12248.400828584279224742,-39305.728918233442527708,-9073.991971074989123736
2080393.541176624130457640,13752.007352862689003814,-38840.836755003801954444,-8922.796080079548119102
2080944.106187368277460337,15340.447172382097051013,-38282.531073102283698972,-8747.001553841670101974
2081506.971147964010015130,16938.786466704863414634,-37647.954962769545090850,-8552.702376471286697779
2082057.536158708157017827,18474.603476613010570873,-36965.864338586594385561,-8348.703076009791402612
2082571.738886726787313819,19882.137552409614727367,-36274.979433508611691650,-8146.014046009084268007
2083027.106205387040972710,21105.340229522618756164,-35620.524861907608283218,-7956.942853208551241551
2083403.736377768684178591,22099.511849723006889690,-35049.517607438399863895,-7793.923735002557805274
2083685.168858066666871309,22831.552257277253374923,-34605.553662383485061582,-7668.264077366249694023
2083859.103696428937837481,23279.188845433942333329,-34323.868150839603913482,-7588.983518944100069348
2083917.939105787314474583,23429.762736264565319289,-34227.332570770719030406,-7561.888941876131866593
2083976.774515145691111684,23579.905278792670287658,-34130.166856199874018785,-7534.655138028734654654
2084150.709353507962077856,24021.221786614572920371,-33839.248664110338722821,-7453.334639908578537870
2084432.141833805944770575,24727.070184885589696933,-33357.022140175940876361,-7319.220952518466219772
2084808.772006187587976456,25655.332091939701058436,-32689.730593672393297311,-7134.928037136975035537
2085264.139324847841635346,26751.745529736457683612,-31850.055259605309402104,-6904.932726957784325350
2085778.342052866471931338,27954.299128981372632552,-30859.722004314324294683,-6636.081225712732702959
2086328.907063610618934035,29198.282288022404827643,-29751.298999817481671926,-6337.884654184286773670
2086891.772024206351488829,30421.395910112252749968,-28568.560126411168312188,-6022.469952709223434795
2087442.337034950498491526,31568.221726195020892192,-27365.097868037781154271,-5704.129190582032606471
2087956.539762969128787518,32593.396544813243963290,-26201.252303803710674401,-5398.500610844414040912
2088411.907081629382446408,33463.062718547014810611,-25139.771374278141593095,-5121.492120195594907273
2088788.537254011025652289,34154.523233997235365678,-24240.838109296186303254,-4888.101166706481308211
2089069.969734309008345008,34654.422885963293083478,-23557.149338760784303304,-4711.286164385099255014
2089243.904572671279311180,34956.094845314575650264,-23129.628201991225068923,-4601.011717228517227340
2089302.739982029655948281,35056.868595475571055431,-22984.168904219077376183,-4563.541748661060410086
2089361.575391388032585382,35156.997173931573342998,-22838.286615572309528943,-4525.987788370031921659
2089535.510229750303551555,35449.216129223939788062,-22404.567849893493985292,-4414.482701093576906715
2089816.942710048286244273,35909.940133330535900313,-21695.194521398654615041,-4232.567611241051054094
2090193.572882429929450154,36502.818757072214793880,-20731.628366106560861226,-3986.342741299224144313
2090648.940201090183109045,37182.844529795584094245,-19545.813871755635773297,-3684.645778353595233057
2091163.142929108813405037,37901.426340743091714103,-18180.956464819049870130,-3339.102962499287968967
2091713.707939852960407734,38611.749061189715575892,-16691.307445249891316053,-2963.935003374972438905
2092276.572900448692962527,39273.625058879733842332,-15140.598272376133536454,-2575.453490265215805266
2092827.137911192839965224,39857.066550486844789702,-13599.092571257984673139,-2191.260755819537735078
2093341.340639211470261216,40344.002765812103461940,-12139.560717696695064660,-1829.241440628924465273
2093796.707957871723920107,40727.910153134849679191,-10832.720932090094720479,-1506.482020670351630542
2094173.338130253367125988,41011.539537661366921384,-9742.762150332702731248,-1238.260555346998444293
2094454.770610551349818707,41203.305479827577073593,-8923.462955830989812966,-1037.214608821821457241
2094628.705448913620784879,41313.155778111664403696,-8415.207986360321228858,-912.737656778692326043
2094687.540858271997421980,41348.811167116371507291,-8242.974693089396168943,-870.597711180460464675
2094746.376267630374059081,41383.705811156898562331,-8070.589743667071161326,-828.441746934615366627
2094920.311105992645025253,41482.409734865250356961,-7560.112720036202517804,-703.730090863020450342
2095201.743586290627717972,41627.982264116006263066,-6731.604761043818143662,-501.711469555804796983
2095578.373758672270923853,41795.370144603257358540,-5618.472917958417383488,-231.042345892470621038
2096033.741077332524582744,41955.665392394359514583,-4267.055253742517379578,96.425644527123949956
2096547.943805351154878736,42081.085615566007618327,-2735.453373236836341675,466.057477261805615854
2097098.508816095301881433,42149.827629149054700974,-1091.338634040461329278,861.088610992235771846
2097661.373776691034436226,42149.922012489849294070,591.303381619720312301,1263.506196137917868327
2098211.938787435181438923,42081.365724011418933515,2236.232564689336868469,1655.076772644119046163
2098726.141515453811734915,41956.121812200035492424,3769.321533700196596328,2018.390740902097604703
2099181.508834114298224449,41795.986404504954407457,5122.640496122396143619,2337.782512107798538636
2099558.139006495941430330,41628.734219213576579932,6237.758325235663505737,2600.017369380853779148
2099839.571486793924123049,41483.265564925713988487,7067.993836001238378230,2794.700665526375814807
2100013.506325156427919865,41384.627028920607699547,7579.642402879639121238,2914.438594159255444538
2100072.341734514571726322,41349.754722286314063240,7752.441562680156494025,2954.836192375594691839
2100131.177143872249871492,41314.121785398754582275,7925.098116032873804215,2995.179432233991974499
2100305.111982234753668308,41204.338555359347083140,8434.657224739530647639,3114.120906569376529660
2100586.544462532736361027,41012.683449055482924450,9256.233491280676389579,3305.503493862655886915
2100963.174634914379566908,40729.207249701903492678,10349.561138820463384036,3559.432422032310569193
2101418.541953574866056442,40345.493241163851052988,11660.962699325384164695,3862.846207682938256767
2101932.744681593496352434,39858.787262921636283863,13126.283557810449565295,4200.328442238933348563
2102483.309692337643355131,39275.607639583708078135,14674.729936262221599463,4555.121801815192156937
2103046.174652933143079281,38614.017219025125086773,16233.318559673243726138,4910.252729906198510434
2103596.739663677290081978,37903.992590857618779410,17731.430494041742349509,5249.630371269966417458
2104110.942391695920377970,37185.706908533764362801,19104.856273949706519488,5558.968286597133555915
2104566.309710356406867504,36505.958289446258277167,20298.785924449191952590,5826.404443506115057971
2104942.939882738050073385,35913.319794388437003363,21269.432428664156759623,6042.760331808320188429
2105224.372363036032766104,35452.781788320695341099,21984.311197131966764573,6201.465122405286820140
2105398.307201398536562920,35160.680625315704673994,22421.523351151125098113,6298.249196888435108121
2105457.142610756680369377,35060.592385125819419045,22568.602915239382127766,6330.759078905590286013
2105515.978020114824175835,34959.859223495535843540,22715.267341563921945635,6363.152501237600517925
2105689.912858477327972651,34658.308722846042655874,23146.396930019815044943,6458.230217665455711540
2105971.345338775310665369,34158.610254507344507147,23836.067995883502590004,6609.863425521318276878
2106347.975511156953871250,33467.428017024249129463,24743.281598156296240631,6808.424316798940708395
2106803.342829817440360785,32598.112127115316980053,25815.186186837010609452,7041.628469114097242709
2107317.545557836070656776,31573.350951922424428631,26991.332588913828658406,7295.623102645062317606
2107868.110568580217659473,30426.989011449106328655,28208.572374209739791695,7556.206991855891828891
2108430.975529175717383623,29204.371491096280806232,29406.025078905724512879,7810.027611760560830589
2108981.540539919864386320,27960.894180334471457172,30529.433945963137375657,8045.584251032349129673
2109495.743267938494682312,26758.830511224754445720,31534.274081842020677868,8253.886865785134432372
2109951.110586598981171846,25662.864232306666963268,32387.193111874141322915,8428.681654510808584746
2110327.740758980624377728,24734.981002415828697849,33065.710078350712137762,8566.242991533617896494
2110609.173239278607070446,24029.420465268027328420,33556.480271005981194321,8664.823990997589135077
2110783.108077641110867262,23588.283849103674583603,33852.743668027433159295,8723.929276616800052579
2110841.943486999254673719,23438.202487442358687986,33951.728509000189660583,8743.605275969101057854
2110900.778896356932818890,23287.689940861724608112,34050.088751160808897112,8763.120410134091798682
2111074.713734719436615705,22840.235637766141735483,34337.200575952221697662,8819.868711804512713570
2111356.146215017419308424,22108.493001250848465133,34790.044319523767626379,8908.681768977497995365
2111732.776387399062514305,21114.724931842945807148,35373.122807393119728658,9021.662964560622640420
2112188.143706059549003839,19892.017005989626341034,36042.448047702004259918,9149.173254509289108682
2112702.346434078179299831,18485.049088963605754543,36750.469879855671024416,9281.030467563839920331
2113252.911444822326302528,16949.844932812564366031,37451.290197793663537595,9407.749686205475882161
2113815.776405417826026678,15352.136694319844536949,38105.392727542472130153,9521.630877747847989667
2114366.341416161973029375,13764.315793942958407570,38683.138502769907063339,9617.513674051566340495
2114880.544144180603325367,12261.286260390952520538,39166.464322066203749273,9693.073136796541803051
2115335.911462841089814901,10915.780669397041492630,39548.554551196553802583,9748.616504221346986014
2115712.541635222733020782,9793.770061288327269722,39831.660550343374779914,9786.439417251101986039
2115993.974115520715713501,8950.493542178832285572,40023.613892043977102730,9809.886251058815105353
2116167.908953883219510317,8427.413173483051650692,40133.827147973155661020,9822.312536308483686298
2116226.744363241363316774,8250.164410706325725187,40169.648006861774774734,9826.158401708227756899
2116285.579772599507123232,8072.763834192832291592,40204.729692063476250041,9829.823439598858385580
2116459.514610962010920048,7547.459103149310976733,40304.112633988792367745,9839.600254598681203788
2116740.947091259993612766,6694.964268796094984282,40451.182396904630877543,9852.067009424510615645
2117117.577263641636818647,5549.756672414900094736,40621.342960548885457683,9862.259556696746585658
2117572.944582302123308182,4159.627604086832434405,40786.161612934964068700,9864.650779883901122957
2118087.147310320753604174,2584.455518413284153212,40918.222186569655605126,9854.278637447903747670
2118637.712321064900606871,893.924871241622895468,40995.862507575169729535,9827.818430941333645023
2119200.577281660400331020,-835.841300016320019495,41006.947494733154599089,9784.395501189123024233
2119751.142292404547333717,-2526.466505192271142732,40950.972484397942025680,9725.976792519693844952
2120265.345020423177629709,-4101.810882739773660433,40839.093041606603947002,9657.258382461222936399
2120720.712339083664119244,-5492.159553332305222284,40692.076951924253080506,9585.064107653757673688
2121097.342511465307325125,-6637.595719906552403700,40536.574897919206705410,9517.363795364231918938
2121378.774991763290017843,-7490.288705110600858461,40400.411582326174539048,9462.086125073445145972
2121552.709830125793814659,-8015.727455037696927320,40307.746557900223706383,9425.928419827789184637
2121611.545239483937621117,-8193.175346087016805541,40274.933097171313420404,9413.354126701582572423
2121670.380648841615766287,-8370.472419830904982518,40241.378268600594310556,9400.606542743189493194
2121844.315487204119563103,-8893.701406168685934972,40137.850781943103356753,9361.909794124338077381
2122125.747967502102255821,-9737.236559242875955533,39956.670664343553653453,9296.109683677117573097
2122502.378139883745461702,-10859.627810373836837243,39687.887982099586224649,9201.930624381784582511
2122957.745458544231951237,-12205.645031323590956163,39322.955716751552245114,9078.799608162749791518
2123471.948186562862247229,-13709.317553725959442090,38858.769473818167170975,8927.731396393995964900
2124022.513197307009249926,-15297.900112791852734517,38301.207347793075314257,8752.069486579654039815
2124585.378157902508974075,-16896.460832268865488004,37667.371843305452784989,8557.900085764849791303
2125135.943168646655976772,-18432.566181780704937410,36985.980224594510218594,8354.020669883495429531
2125650.145896665286272764,-19840.431351648578129243,36295.720134731884172652,8151.436149041546741500
2126105.513215325772762299,-21063.975030913883529138,35641.792421486265084241,7962.450665034033590928
2126482.143387707415968180,-22058.461151150921068620,35071.199808338693401311,7799.497085541515843943
2126763.575868005398660898,-22790.754965461725078057,34627.532120525873324368,7673.883009584067622200
2126937.510706367902457714,-23238.555768822254322004,34346.023560419482237194,7594.629101854137843475
2126996.346115726046264172,-23389.186491725318774115,34249.546738306155020837,7567.543269580608466640
2127055.181525084190070629,-23539.386506849950819742,34152.439216784121526871,7540.318071963294642046
2127229.116363446693867445,-23980.876613953667401802,33861.689699851827754173,7459.022194485442014411
2127510.548843744676560163,-24687.017292652795731556,33379.725147827448381577,7324.945679435535566881
2127887.179016126319766045,-25615.691405352721631061,32712.762064183050824795,7140.697167846170486882
2128342.546334786806255579,-26712.633331498647748958,31873.448200439954234753,6910.747015813860343769
2128856.749062805436551571,-27915.819830909887969028,30883.473467750394775067,6641.934760997333796695
2129407.314073549583554268,-29160.518236957075714599,29775.372668993579281960,6343.765788688819156960
2129970.179034145083278418,-30384.397383954892575275,28592.893944931136502419,6028.363295733259292319
2130520.744044889230281115,-31531.999393106954812538,27389.615564457060827408,5710.018348791432799771
2131034.946772907860577106,-32557.918038645344495308,26225.876641338611079846,5404.371155209402786568
2131490.314091568347066641,-33428.253858054573356640,25164.436441657053364906,5127.334173605573596433
2131866.944263949990272522,-34120.273225510543852579,24265.498168850237561855,4893.911086458509089425
2132148.376744247972965240,-34620.592058197180449497,23581.782586244320555124,4717.067004452721448615
2132322.311582610476762056,-34922.523323649824305903,23154.234969070566876326,4606.772421316854888573
2132381.146991968620568514,-35023.384781034888874274,23008.764997451369708870,4569.295268164278240874
2132439.982401326298713684,-35123.601050154240510892,22862.871166598670242820,4531.733934831339865923
2132613.917239688802510500,-35416.079068856946832966,22429.113198437415121589,4420.205950566567480564
2132895.349719986785203218,-35877.221246365159458946,21719.660355318490474019,4238.250343757797963917
2133271.979892368428409100,-36470.656176316253549885,20755.956720500405936036,3991.964595356374047697
2133727.347211028914898634,-37151.346653157546825241,19569.928723625060229097,3690.183990548015572131
2134241.549939047545194626,-37870.664178820959932636,18204.768612293679325376,3344.533801609533838928
2134792.114949791692197323,-38581.751280173361010384,16714.724244989607541356,2969.236149758915416896
2135354.979910387191921473,-39244.377161864358640742,15163.536637555029301438,2580.606957886950112879
2135905.544921131338924170,-39828.514838687777228188,13621.492753558944968972,2196.255786375724710524
2136419.747649149969220161,-40316.062505821864760946,12161.398129342276661191,1834.076782378717325628
2136875.114967810455709696,-40700.476202599638781976,10854.013720866445510183,1511.167149822576902807
2137251.745140192098915577,-40984.497018400514207315,9763.573248165812401567,1242.815649616881273687
2137533.177620490081608295,-41176.538191597144759726,8943.896496277455298696,1041.669344164081849158
2137707.112458852585405111,-41286.550869286344095599,8435.400934492390661035,917.129079953650943935
2137765.947868210729211569,-41322.259814251032366883,8263.085036552431120072,874.967504383792402223
2137824.783277568873018026,-41357.207311391182884108,8090.616874236766307149,832.789804534899303690
2137998.718115931376814842,-41456.063316964653495234,7579.890347438085882459,708.013288772461237386
2138280.150596229359507561,-41601.868415781405929010,6750.967918206159083638,505.887898650398710743
2138656.780768611002713442,-41769.540474778616044205,5637.261610262248723302,235.072634759737411514
2139112.148087271489202976,-41930.136117599548015278,4285.121313749965338502,-92.576451057655503973
2139626.350815290119498968,-42055.836019262489571702,2752.670149022866098676,-462.417626040143659338
2140176.915826034266501665,-42124.804274518559395801,1107.612030871365277562,-857.677303221862530336
2140739.780786629766225815,-42125.048467002219695132,-576.024708932112844195,-1260.331694868247723207
2141290.345797373913228512,-42056.556303074343304615,-2221.950114160623343196,-1652.135403154738014564
2141804.548525392543524504,-41931.296777224510151427,-3755.984506056491227355,-2015.667028206720715389
2142259.915844053030014038,-41771.085569401846441906,-5110.148363960754068103,-2335.250406265578931198
2142636.546016434673219919,-41603.726224750971596222,-6225.967584055695624556,-2597.642240895977010950
2142917.978496732655912638,-41458.151066833866934758,-7056.727324186671467032,-2792.441614382871193811
2143091.913335095159709454,-41359.435378675574611407,-7568.699483552329184022,-2912.250652663846267387
2143150.748744453303515911,-41324.535014368295378517,-7741.607984717898943927,-2952.672184104681946337
2143209.584153810981661081,-41288.873028904599777889,-7914.373806177136430051,-2993.039293036330491304
2143383.518992173485457897,-41178.998129158331721555,-8424.255433910955616739,-3112.050937087158672512
2143664.951472471468150616,-40987.176376334326050710,-9246.351479473021754529,-3303.545706591801717877
2144041.581644853111356497,-40703.441827234746597242,-10340.369307558481523301,-3557.621811701683327556
2144496.948963513597846031,-40319.361794420219666790,-11652.594151475896069314,-3861.208356603980064392
2145011.151691532228142023,-39832.172715805172629189,-13118.825362440627941396,-4198.877791664563119411
2145561.716702276375144720,-39248.395316194910265040,-14668.217755359095463064,-4553.860953198745846748
2146124.581662871874868870,-38586.109995090104348492,-16227.736069410537311342,-4909.173030409729108214
2146675.146673616021871567,-37875.326567968986637425,-17726.714152677413949277,-5248.713788234861567616
2147189.349401634652167559,-37156.264532423745549750,-19100.904705672022828367,-5558.190259058959782124
2147644.716720295138657093,-36475.776379623152024578,-20295.471975171436497476,-5825.737131067086011171
2148021.346892676781862974,-35882.491095586847222876,-21266.615281668920943048,-6042.175568595295771956
2148302.779372974764555693,-35421.449968746099330019,-21981.846076834444829728,-6200.936473137931898236
2148476.714211337268352509,-35129.029705486427701544,-22419.267232621983566787,-6297.752773631422314793
2148535.549620695412158966,-35028.832151508067909162,-22566.415976942364068236,-6330.273124654806451872
2148594.385030053555965424,-34927.988991611164237838,-22713.148806407079973724,-6362.676795631763525307
2148768.319868416059762239,-34626.109362595707352739,-23144.476011407059559133,-6457.783509533153846860
2149049.752348714042454958,-34125.866230781182821374,-23834.451934374832489993,-6609.459455163450911641
2149426.382521095685660839,-33433.932782338459219318,-24742.043738441505411174,-6808.069262180011719465
2149881.749839756172150373,-32563.676952269386674743,-25814.358188454956689384,-7041.319535686634480953
2150395.952567774802446365,-31537.816729246165778022,-26990.902237800844886806,-7295.348591134650632739
2150946.517578518949449062,-30390.239342532579030376,-28208.487814372369030025,-7555.947970345616340637
2151509.382539114449173212,-29166.344582640092994552,-29406.205173318237939384,-7809.761016274103894830
2152059.947549858596175909,-27921.591035718556668144,-30529.783139139377453830,-8045.286911563016474247
2152574.150277877226471901,-26718.317676941391255241,-31534.698999059350171592,-8253.539706893614493310
2153029.517596537712961435,-25621.270664459552790504,-32387.617613941394665744,-8428.273244184907525778
2153406.147768919356167316,-24692.489957015488471370,-33066.085805455652007367,-8565.771740631200373173
2153687.580249217338860035,-23986.258186125189240556,-33556.790747973565885331,-8664.298595593660138547
2153861.515087579842656851,-23544.706958404269244056,-33853.001464335677155759,-8723.367353064473718405
2153920.350496937986463308,-23394.485442879835318308,-33951.966347225963545498,-8743.030467742166365497
2153979.185906295664608479,-23243.832804657628003042,-34050.305550045297422912,-8762.532450462924316525
2154153.120744658168405294,-22795.964801753514620941,-34337.348852696326503064,-8819.240315554081462324
2154434.553224956151098013,-22063.554711537079128902,-34790.061715975833067205,-8907.983035750803537667
2154811.183397337794303894,-21068.898687687345955055,-35372.926426054407784250,-9020.860679914243519306
2155266.550715998280793428,-19845.128391854108485859,-36041.934439242781081703,-9148.231548629468306899
2155780.753444016911089420,-18436.980596503817650955,-36749.521476931367942598,-9279.912968187010847032
2156331.318454761058092117,-16900.542909104951831978,-37449.787625751421728637,-9406.422951332759112120
2156894.183415356557816267,-15301.612791366518649738,-38103.231022045911231544,-9520.068557411432266235
2157444.748426100704818964,-13712.642251890727493446,-38680.244226333648839500,-9615.700629359285812825
2157958.951154119335114956,-12208.585759708301338833,-39162.810251190290728118,-9691.008715371775906533
2158414.318472779821604490,-10862.212825827875349205,-39544.169126360873633530,-9746.316347338404739276
2158790.948645161464810371,-9739.517394708112988155,-39826.630448945994430687,-9783.935490084259072319
2159072.381125459447503090,-8895.749636206419381779,-40018.079474407910311129,-9807.225129516518791206
2159246.315963821951299906,-8372.374811806359502953,-40127.971697506691270974,-9819.552245018596295267
2159305.151373180095106363,-8195.028067787170584779,-40163.682381714366783854,-9823.364226043904636754
2159363.986782538238912821,-8017.530341132420289796,-40198.653102806587412488,-9826.995211022629518993
2159537.921620900742709637,-7491.943330915986734908,-40297.703446052088111173,-9836.670387051737634465
2159819.354101198725402355,-6639.007705668329435866,-40444.220976876495114993,-9848.969717855012277141
2160195.984273580368608236,-5493.242134360007185023,-40613.616402030274912249,-9858.932777431342401542
2160651.351592240855097771,-4102.489332761026162189,-40777.472427932596474420,-9861.038891750395123381
2161165.554320259485393763,-2526.683003696954983752,-40908.400582429654605221,-9850.335825151902099606
2161716.119331003632396460,-835.559425092644232791,-40984.780537550563167315,-9823.512226998653204646
2162278.984291599132120609,894.716993412592273671,-40994.532468171913933475,-9779.709860693859809544
2162829.549302343279123306,2585.744178381406527478,-40937.216888085073151160,-9720.914071058759873267
2163343.752030361909419298,4161.374863918528717477,-40824.058935350221872795,-9651.839806677446176764
2163799.119349022395908833,5551.903778033920389134,-40675.894100743644230533,-9579.328671340619621333
2164175.749521404039114714,6697.436303067610424478,-40519.433295128699683119,-9511.365852100680058356
2164457.182001702021807432,7550.169883863658469636,-40382.549989629020274151,-9455.892157131071144249
2164631.116840064525604248,8075.620234753594559152,-40289.438950743009627331,-9419.613481784756004345
2164689.952249422669410706,8253.069713321521703620,-40256.474494249217968900,-9406.998313503834651783
2164748.787658780347555876,8430.367192424957465846,-40222.768621192844875623,-9394.209880600130418316
2164922.722497142851352692,8953.590459914070379455,-40118.794406303968571592,-9355.392545889684697613
2165204.154977440834045410,9797.094452413854014594,-39936.891342344293661881,-9289.398002009867923334
2165580.785149822477251291,10919.401647891041648109,-39667.142480452610470820,-9194.960438668058486655
2166036.152468482963740826,12265.252670935478818137,-39301.047227608105458785,-9071.520256907708244398
2166550.355196501594036818,13768.653128089506935794,-38835.559578496096946765,-8920.108616525569232181
2167100.920207245741039515,15356.846368239384901244,-38276.624561639102466870,-8744.087284884211840108
2167663.785167841240763664,16954.906250470441591460,-37641.414921241412230302,-8549.561098337318981066
2168214.350178585387766361,18490.423677650403988082,-36958.715277340328611899,-8345.344870762812206522
2168728.552906604018062353,19897.654918655876826961,-36267.271975428397126961,-8142.458125942997867242
2169183.920225264504551888,21120.571183717001986224,-35612.331931788539804984,-7953.216009307099739090
2169560.550397646147757769,22114.493212941226374824,-35040.929957450898655225,-7790.058620428462745622
2169841.982877944130450487,22846.339730063111346681,-34596.675278996648557950,-7664.297540367493638769
2170015.917716306634247303,23293.853368465912353713,-34314.811947975606017280,-7584.955132549832342193
2170074.753125664778053761,23444.385135276250366587,-34218.216547107040241826,-7557.839780507754767314
2170133.588535022921860218,23594.485284666188817937,-34120.991179688026022632,-7530.585276265192078426
2170307.523373385425657034,24035.674899637357157189,-33829.897628932616498787,-7449.204021473211469129
2170588.955853683408349752,24741.313066273120057303,-33347.390569830669846851,-7314.993440179998287931
2170965.586026065051555634,25669.284261210945260245,-32679.729966314400371630,-7130.573649724392453209
2171420.953344725538045168,26765.332182761405420024,-31839.618527295890089590,-6900.429337196896085516
2171935.156072744168341160,27967.455058477942657191,-30848.806686939562496264,-6631.415561655216151848
2172485.721083488315343857,29210.956556065131735522,-29739.888291705290612299,-6333.052520217286655679
2173048.586044083815068007,30433.556655370754015166,-28556.661986354629334528,-6017.475684956560144201
2173599.151054827962070704,31579.860356441822659690,-27352.742339498254295904,-5698.984471155476057902
2174113.353782846592366695,32604.530595784199249465,-26188.487570337842043955,-5393.222861386049771681
2174568.721101507078856230,33473.736841304351401050,-25126.659225982504722197,-5116.102751987666124478
2174945.351273888722062111,34164.808045765043061692,-24227.449526609743770678,-4882.623964638129109517
2175226.783754186704754829,34664.411713068962853868,-23543.560775740894314367,-4705.746022982435533777
2175400.718592549208551645,34965.898634038989257533,-23115.918900872937228996,-4595.433842214668402448
2175459.554001907352358103,35066.609434713500377256,-22970.419260355884034652,-4557.951312636927468702
2175518.389411265030503273,35166.674884526415553410,-22824.496882079525676090,-4520.384894242102745920
2175692.324249627534300089,35458.706176460145798046,-22390.661086920074012596,-4408.843581126013305038
2175973.756729925516992807,35919.123317330966528971,-21681.103147553636517841,-4226.871800523425918072
2176350.386902307160198689,36511.585255105870601255,-20717.299233696779992897,-3980.574820704932790250
2176805.754220967646688223,37191.098438619992521126,-19531.211724571308877785,-3678.796486990002449602
2177319.956948986276984215,37909.090532365611579735,-18166.065395809135225136,-3333.169543245283421129
2177870.521959730423986912,38618.769923922962334473,-16676.130237381330516655,-2957.920755506202112883
2178433.386920325923711061,39279.976544997080054600,-15125.153818193248298485,-2569.366627105686347932
2178983.951931070070713758,39862.752942048835393507,-13583.411870999618258793,-2185.112780496652703732
2179498.154659088701009750,40349.059702727368858177,-12123.682184327750292141,-1823.045333520218264312
2179953.521977749187499285,40732.403703064781439025,-10816.685824976659205277,-1500.250557538063731045
2180330.152150130830705166,41015.563350878313940484,-9726.610889107345428783,-1232.005037551687564701
2180611.584630428813397884,41206.976290519938629586,-8907.232844735852268059,-1030.944194536481518298
2180785.519468791317194700,41316.607640215668652672,-8398.932557698230084497,-906.459355515718925744
2180844.354878149461001158,41352.188840203576546628,-8226.684527269222598989,-864.316970514977583662
2180903.190287507604807615,41387.009233177064743359,-8054.285140418221999425,-822.158682431705528870
2181077.125125870108604431,41485.493299147878133226,-7543.767190823105920572,-697.440832632506499067
2181358.557606168091297150,41630.709058119166002143,-6715.198581879732955713,-495.414332094398560002
2181735.187778549734503031,41797.617720656511664856,-5601.996383120080281515,-224.738812063384102657
2182190.555097210220992565,41957.331342446450435091,-4250.510247017962683458,102.730565357458544895
2182704.757825228851288557,42082.092623366806947161,-2718.852968676721502561,472.355611780396429822
2183255.322835972998291254,42150.127559431748522911,-1074.704772316625167150,867.369669323757989332
2183818.187796568498015404,42149.498584739405487198,607.943750792408536654,1269.759337944647995755
2184368.752807312645018101,42080.235432400142599363,2252.852197467575024348,1661.292422719037858769
2184882.955535331275314093,41954.332968295093451161,3785.897623635122727137,2024.562332181929377839
2185338.322853991761803627,41793.616432873306621332,5139.158579310627828818,2343.907843943190528080
2185714.953026373405009508,41625.885549770791840274,6254.214676655123184901,2606.099338236701441929
2185996.385506671387702227,41480.060577358824957628,7084.395958948174666148,2800.747237177420174703
2186170.320345033891499043,41381.202490102623414714,7596.007557629833172541,2920.462015637167496607
2186229.155754392035305500,41346.256040733460395131,7768.793616738861601334,2960.851563668198650703
2186287.991163749713450670,41310.549025511754734907,7941.436768611420120578,3001.186642683402169496
2186461.926002112217247486,41200.547187821044644807,8450.954501990687276702,3120.103345490701030940
2186743.358482410199940205,41008.539673895727901254,9272.458275779608811717,3311.443816272134426981
2187119.988654791843146086,40724.594617157628817949,10365.678231147576298099,3565.312472936289850622
2187575.355973452329635620,40340.318410754356591497,11676.933371413957502227,3868.647472422162536532
2188089.558701470959931612,39852.984484238237200771,13142.067747815970506053,4206.033061818976420909
2188640.123712215106934309,39269.141568570084928069,14690.289883029174234252,4560.714060944796074182
2189202.988672810606658459,38606.883812288906483445,16248.623351261478092056,4915.720808779180515558
2189753.553683554753661156,37896.218041190099029336,17746.460779413107957225,5254.968076626595575362
2190267.756411573383957148,37177.344848558925150428,19119.608312455464329105,5564.176460501563269645
2190723.123730233870446682,36497.085724556505738292,20313.274237208526756149,5831.491791772947181016
2191099.753902615513652563,35904.032357404626964126,21283.690541648764337879,6047.743504816491622478
2191381.186382913496345282,35443.188895518578647170,21998.390270614523615222,6206.367995147302281111
2191555.121221276000142097,35150.900960856735764537,22435.488804465152497869,6303.101407326990738511
2191613.956630634143948555,35050.749897391047852580,22582.529426162938761991,6335.593975268799113110
2191672.792039992287755013,34949.954093519692833070,22729.154653918223630171,6367.969994581333594397
2191846.726878354791551828,34648.219473710145393852,23160.166868682244967204,6462.995745499356416985
2192128.159358652774244547,34148.226542188182065729,23849.643339490743528586,6614.543252269359072670
2192504.789531034417450428,33456.657094603266159538,24756.587597866768192034,6812.986377616733079776
2192960.156849694903939962,32586.883912840719858650,25828.153159714529465418,7046.043560091027757153
2193474.359577713534235954,31561.621257626313308720,27003.899574686998676043,7299.866394528740784153
2194024.924588457681238651,30414.740658168542722706,28220.691528639050375205,7560.259732608537888154
2194587.789549053180962801,29191.613288198459486011,29417.666222374180506449,7813.878797912126174197
2195138.354559797327965498,27947.658038312431017403,30540.588556628899823409,8049.232011310610687360
2195652.557287815958261490,26745.167231136794725899,31544.958048515247355681,8257.339321689534699544
2196107.924606476444751024,25648.838693850535491947,32397.447729058789263945,8431.957093168603023514
2196484.554778858087956905,24720.667501841533521656,33075.601023632327269297,8569.369284418266033754
2196765.987259156070649624,24014.898819090660254005,33566.094582826590340119,8667.837291314819594845
2196939.922097518574446440,23573.636612098991463427,33862.184979435514833312,8726.872106253198580816
2196998.757506876718252897,23423.513299878781253938,33961.110955990319780540,8746.524160409942851402
2197057.592916234396398067,23272.959072929203102831,34059.412161067761189770,8766.015295662116841413
2197231.527754596900194883,22825.383137821547279600,34346.348455561026639771,8822.692339592220378108
2197512.960234894882887602,22093.448762039981374983,34798.905081176832027268,8911.389142420623102225
2197889.590407276526093483,21099.434015585437009577,35381.593513879626698326,9024.212984269383014180
2198344.957725937012583017,19876.443251019671151880,36050.438651637807197403,9151.530467445161775686
2198859.160453955642879009,18469.176594769909570459,36757.907786845862574410,9283.166849086308502592
2199409.725464699789881706,16933.677304908960650209,37458.124751298390037846,9409.646298468709574081
2199972.590425295289605856,15335.694262526325474028,38111.599066605958796572,9523.279206576888100244
2200523.155436039436608553,13747.631340281433949713,38688.720230006780184340,9618.916454821897787042
2201037.358164058066904545,12244.400033346704731230,39171.454541388135112356,9694.244535923833609559
2201492.725482718553394079,10898.735557819112727884,39553.015055052637762856,9749.581610011096927337
2201869.355655100196599960,9776.607723795204947237,39835.679186340355954599,9787.233084781430079602
2202150.788135398179292679,8933.252051072522590403,40027.300348069569736253,9810.551414821704383940
2202324.722973760683089495,8410.126389928023854736,40137.307519210320606362,9822.898136569623602554
2202383.558383118826895952,8232.862935309625754599,40173.058539034762361553,9826.717066709712526063
2202442.393792476970702410,8055.447985299608262721,40208.070322296371159609,9830.355159030877985060
2202616.328630839474499226,7530.102626180487277452,40307.246258177932759281,9840.052259472184232436
2202897.761111137457191944,6677.547968566628696863,40453.980023219039139803,9852.389884512995195109
2203274.391283519100397825,5532.271789350757899228,40623.689111657928151544,9862.409418227965943515
2203729.758602179586887360,4142.077410569625499193,40787.959567211823014077,9864.591317738337238552
2204243.961330198217183352,2566.854833848985435907,40919.398754269488563295,9853.982894621385639766
2204794.526340942364186049,876.297549678223731462,40996.371925201347039547,9827.270165446276223520
2205357.391301537863910198,-853.466490847778914031,41006.774005204810237046,9783.589985049624374369
2205907.956312282010912895,-2544.060892604080436286,40950.131273160302953329,9724.920953921337059001
2206422.159040300641208887,-4119.350892817390558776,40837.629400300989800598,9655.970280140176328132
2206877.526358961127698421,-5509.630817869467136916,40690.063780258838960435,9583.571816766347183147
2207254.156531342770904303,-6654.995566677091119345,40534.108858844578207936,9515.703853892049664864
2207535.589011640753597021,-7507.626614694272575434,40397.608334941869543400,9460.301718191363761434
2207709.523850003257393837,-8033.023432226174918469,40304.735483930293412413,9424.067461163303960348
2207768.359259361401200294,-8210.456508976662007626,40271.851831211206445005,9411.467340623861673521
2207827.194668719079345465,-8387.738450285301951226,40238.226867222452710848,9398.693963951798650669
2208001.129507081583142281,-8910.920842926738259848,40134.492382868302229326,9359.921171965997928055
2208282.561987379565834999,-9754.374741196421382483,39952.978492085116158705,9293.998703114270028891
2208659.192159761209040880,-10876.645963538227078971,39683.751586665857757907,9199.657295333909132751
2209114.559478421695530415,-12222.500926675063965376,39318.286419891977857333,9076.332290174079389544
2209628.762206440325826406,-13725.967889730607566889,38853.504631565643649083,8925.048304658605047734
2210179.327217184472829103,-15314.304404072252509650,38295.313061264569114428,8749.159549895313830348
2210742.192177779972553253,-16912.586244188038108405,37660.843867081443022471,8554.763085490198136540
2211292.757188524119555950,-18448.392514425118861254,36978.843026988899509888,8350.666676147247926565
2211806.959916542749851942,-19855.955300484572944697,36288.024312633780937176,8147.884367368988023372
2212262.327235203236341476,-21079.212949041066167410,35633.610895287471066695,7958.727886250813753577
2212638.957407584879547358,-22073.449779366863367613,35062.623349607682030182,7795.635969765473419102
2212920.389887882862240076,-22805.549919027158466633,34618.664757709710102063,7669.920418624289595755
2213094.324726245366036892,-23253.227901853875664528,34336.978267758844594937,7590.604627582582907053
2213153.160135603509843349,-23403.816543706714583095,34240.441586688270035665,7563.498008642101922305
2213211.995544961653649807,-23553.974208282095787581,34143.274373748972720932,7536.252098827349982457
2213385.930383324157446623,-23995.337546185844985303,33852.349381752479530405,7454.895429160464118468
2213667.362863622140139341,-24701.268185940825787839,33370.104098877105570864,7320.721960816550563322
2214043.993036003783345222,-25629.651829522357729729,32702.771682746410078835,7136.346491164778853999
2214499.360354664269834757,-26726.228509282016602810,31863.021361448503739666,6906.247231530742283212
2215013.563082682900130749,-27928.984556654722837266,30872.567621920890815090,6637.272577821993763791
2215564.128093427047133446,-29173.201550615274754819,29763.970956043041951489,6338.936996469990845071
2216126.993054022546857595,-30396.567383535460976418,28581.004290030039555859,6023.372222579568187939
2216677.558064766693860292,-31543.647434670732764062,27377.268003521188802551,5704.876676483330811607
2217191.760792785324156284,-32569.061604169452039059,26213.119378791823692154,5399.096313090314652072
2217647.128111445810645819,-33438.937550933354941662,25151.331316272429830860,5121.947588165541674243
2218023.758283827453851700,-34130.567627543372509535,24252.116234432607598137,4888.436564120016555535
2218305.190764125436544418,-34630.590475227472779807,23568.200389959085441660,4711.529466050928022014
2218479.125602487940341234,-34932.336695478552428540,23140.531860274895734619,4601.197102081630873727
2218537.961011846084147692,-35033.135199925010965671,22995.021486871111846995,4563.707371988730301382
2218596.796421203762292862,-35133.288336371791956481,22849.087507336102135014,4526.133564646082959371
2218770.731259566266089678,-35425.578676408411411103,22415.212335090320266318,4414.569307680900237756
2219052.163739864248782396,-35886.413955186748353299,21705.574598756786144804,4232.556934893207653658
2219428.793912245891988277,-36479.432130906519887503,20741.632828701454855036,3986.198977348238258855
2219884.161230906378477812,-37159.609904458535311278,19555.331365181300498080,3684.336884453037782805
2220398.363958925008773804,-37878.337542890825716313,18189.881829143669165205,3338.602439560771017568
2220948.928969669155776501,-38588.781085656279174145,16699.550796804185665678,2963.223828269012301462
2221511.793930264655500650,-39250.737306232353148516,15148.095422278325713705,2574.521895318135648267
2222062.358941008802503347,-39834.209563122851250228,13605.814803558569110464,2190.109497584013297455
2222576.561669027432799339,-40321.127431281631288584,12145.521911702286161017,1827.882264291944011347
2223031.928987687919288874,-40704.977405015866679605,10837.980564722958661150,1504.937197333278163569
2223408.559160069562494755,-40988.528185041410324629,9747.423651901241100859,1236.561583723250805633
2223689.991640367545187473,-41180.216120305609365460,8927.667846390213526320,1035.400341677555843489
2223863.926478730048984289,-41290.009699000300315674,8419.126845581158704590,910.852167385124630528
2223922.761888088192790747,-41325.644403242265980225,8246.796170193636498880,868.688144893752905773
2223981.597297446336597204,-41360.517597196470887866,8074.313530568084388506,826.508113840438454645
2224155.532135808840394020,-41459.153588567707629409,7563.545962328607856762,701.725383467466599541
2224436.964616106823086739,-41604.601656608014309313,6734.562704165051400196,499.592083218234620290
2224813.594788488466292620,-41771.794135499476396944,5620.785816817129671108,228.770387364744237857
2225268.962107148952782154,-41931.807695147079357412,4268.576803209776699077,-98.880119394085340900
2225783.164835167583078146,-42056.848115286520624068,2736.069998735147237312,-468.714533984933950705
2226333.729845911730080843,-42125.108691767316486221,1090.978207565429329406,-863.957147647899546428
2226896.594806507229804993,-42124.628889974548656028,-592.665212136176705826,-1266.583619110326253576
2227447.159817251376807690,-42055.429222857106651645,-2238.570000706655264366,-1658.349815461824618978
2227961.362545270007103682,-41929.510536117704759818,-3772.560916629103303421,-2021.837347778066032333
2228416.729863930493593216,-41768.717655213542457204,-5126.666789978226006497,-2341.374424076446302934
2228793.360036312136799097,-41600.879158977295446675,-6242.424270050083578099,-2603.722852000075363321
2229074.792516610119491816,-41454.947343168889346998,-7073.129759676237881649,-2798.486790454753645463
2229248.727354972623288631,-41356.011893755050550681,-7585.064930423111945856,-2918.272652987197943730
2229307.562764330767095089,-41321.037315705958462786,-7757.960322809820354450,-2958.686125213029299630
2229366.398173688445240259,-41285.301180924805521499,-7930.712734105363779236,-2999.045064080197334988
2229540.333012050949037075,-41175.207463868013292085,-8440.552957353014789987,-3118.031908226239465876
2229821.765492348931729794,-40983.032965098791464698,-9262.576451955195807386,-3309.484511785249196691
2230198.395664730574935675,-40698.829108474361419212,-10356.486488639209710527,-3563.500272481043793960
2230653.762983391061425209,-40314.186339469211816322,-11668.564759889450215269,-3867.007932890712254448
2231167.965711409691721201,-39826.368715414828329813,-13134.609274322931014467,-4204.580598636570357485
2231718.530722153838723898,-39241.927400556909560692,-14683.777145432140969206,-4559.451251802074693842
2232281.395682749338448048,-38578.974128843336075079,-16243.039968355391465593,-4914.638982131884404225
2232831.960693493485450745,-37867.548983069187670480,-17741.743168315682851244,-5254.049189118708454771
2233346.163421512115746737,-37147.898926043933897745,-19115.655080630276643205,-5563.395950779824488563
2233801.530740172602236271,-36466.899839633195369970,-20309.958243438806675840,-5830.821830621960543795
2234178.160912554245442152,-35873.199347534267872106,-21280.871013260279141832,-6047.155949072719522519
2234459.593392852228134871,-35411.852525563030212652,-21995.922504809983365703,-6205.836442500625707908
2234633.528231214731931686,-35119.245347977433993947,-22433.229872087315015960,-6302.602010806305770529
2234692.363640572875738144,-35018.984923394738871139,-22580.339616212942928541,-6335.105023885651462479
2234751.199049931019544601,-34918.079074403787672054,-22727.033188870591402519,-6367.491267859713843791
2234925.133888293523341417,-34616.015190544356300961,-23158.242845527776808012,-6462.545944695255457191
2235206.566368591506034136,-34115.477385154277726542,-23848.023883203924924601,-6614.136071472788898973
2235583.196540973149240017,-33423.156463363025977742,-24755.345940796607465018,-6812.627951354847027687
2236038.563859633635729551,-32552.443052386683120858,-25827.320856977203220595,-7045.731055128049774794
2236552.766587652266025543,-31526.081063207988336217,-27003.464322379739314783,-7299.588080064986570505
2237103.331598396413028240,-30377.984760637213184964,-28220.601403197222680319,-7559.996654843340365915
2237666.196558991912752390,-29153.579943642769649159,-29417.840048606456548441,-7813.607882713793514995
2238216.761569736059755087,-27908.348310412657156121,-30540.930775701948732603,-8048.930091477592213778
2238730.964297754690051079,-26704.647727247145667206,-31545.375319253602356184,-8256.987337643640785245
2239186.331616415176540613,-25607.238421982903673779,-32397.863981501148373354,-8431.543640790983772604
2239562.961788796819746494,-24678.169754139897122514,-33075.967998564192384947,-8568.892812621674238471
2239844.394269094802439213,-23971.729856889978691470,-33566.395930816834152211,-8667.306542010464909254
2240018.329107457306236029,-23530.053057947479828727,-33862.433413633792952169,-8726.304746964549849508
2240077.164516815450042486,-23379.789599827308848035,-33961.339353230148844887,-8745.943888838501152350
2240135.999926173128187656,-23229.095289875105663668,-34059.619440091664728243,-8765.421845078857586486
2240309.934764535631984472,-22781.105684445989027154,-34346.486979331013571937,-8822.058371184084535344
2240591.367244833614677191,-22048.503915170957043301,-34798.912347952958953101,-8910.684706479118176503
2240967.997417215257883072,-21053.601318972003355157,-35381.386500594329845626,-9023.404824230394297047
2241423.364735875744372606,-19829.548347730007662904,-36049.913808595512819011,-9150.582681134033919079
2241937.567463894374668598,-18421.102045448315038811,-36756.947477942921977956,-9282.043043644323915942
2242488.132474638521671295,-16884.369528483417525422,-37456.609568874941032846,-9408.313024120212503476
2243050.997435234021395445,-15285.164975710031285416,-38109.424050442998122890,-9521.710118290542595787
2243601.562445978168398142,-13695.952830129121139180,-38685.811981593848031480,-9617.096429988141608192
2244115.765173996798694134,-12191.695000199419155251,-39167.785905586679291446,-9692.172947390394256217
2244571.132492657285183668,-10845.163604217399551999,-39548.614562757669773418,-9747.274130304151185555
2244947.762665038928389549,-9722.351321476329758298,-39830.633619375184935052,-9784.721713482907944126
2245229.195145336911082268,-8878.504703192789747845,-40021.750178493915882427,-9807.882763145793433068
2245403.129983699414879084,-8355.084773792237683665,-40131.436144805404182989,-9820.130264051342237508
2245461.965393057558685541,-8177.723402329887903761,-40167.076932654665142763,-9823.915292896141181700
2245520.800802415702491999,-8000.211367072122811805,-40201.977694966983108316,-9827.519315569912578212
2245694.735640778206288815,-7474.583923479127406608,-40300.820866833302716259,-9837.114728660333639709
2245976.168121076188981533,-6621.588798809381842148,-40447.002141017095709685,-9849.284854929192078998
2246352.798293457832187414,-5475.755094396467029583,-40615.945762207709776703,-9859.074807924425840611
2246808.165612118318676949,-4084.937549593443691265,-40779.253221895873139147,-9860.971497175269178115
2247322.368340136948972940,-2509.081398459667980205,-40909.559611521173792426,-9850.032050496170995757
2247872.933350881095975637,-817.931929113859951030,-40985.272059466959035490,-9822.955841631861403584
2248435.798311476595699787,912.341567858537018765,-40994.340771360431972425,-9778.896154916554223746
2248986.363322220742702484,2603.337152936910570133,-40936.357219105113472324,-9719.849994867050554603
2249500.566050239372998476,4178.912700734515965451,-40822.576652375624689739,-9650.543440423905849457
2249955.933368899859488010,5569.372185568739951123,-40673.862165709833789151,-9577.828108253073878586
2250332.563541281502693892,6714.832721929480612744,-40516.948421677101578098,-9509.697642342129256576
2250613.996021579485386610,7567.503936717701435555,-40379.727872504729020875,-9454.099491255939938128
2250787.930859941989183426,8092.912089540106535424,-40286.408992785662121605,-9417.744272593554342166
2250846.766269300132989883,8270.346663866257586051,-40253.374340799891797360,-9405.103280233779514674
2250905.601678657811135054,8447.628920561815903056,-40219.598329490218020510,-9392.289058188507624436
2251079.536517020314931870,8970.805328239403024781,-40115.417112423972866964,-9353.395692059690190945
2251360.968997318297624588,9814.227635292983904947,-39933.180280405380472075,-9287.278813496792281512
2251737.599169699940830469,10936.414226522385433782,-39662.987226109537004959,-9192.678941861355269793
2252192.966488360427320004,12282.102299269005015958,-39296.359145554066344630,-9069.044832560910435859
2252707.169216379057615995,13785.296422551102295984,-38830.276081993528350722,-8917.417504389050009195
2253257.734227123204618692,15373.242801600783423055,-38270.711816523973539006,-8741.169438999706471805
2253820.599187718704342842,16971.022988320044532884,-37634.868744679079100024,-8546.416322467477584723
2254371.164198462851345539,18506.240560515499964822,-36951.560187537041201722,-8341.983250945668260101
2254885.366926481481641531,19913.168717305823520292,-36259.558597010378434788,-8138.898873961159551982
2255340.734245141968131065,21135.798353613070503343,-35604.133184113823517691,-7949.485910594557935838
2255717.364417523611336946,22129.470615765727416147,-35032.336579786897345912,-7786.190317537846567575
2255998.796897821594029665,22861.123112810957536567,-34587.791237918478145730,-7660.327866310231911484
2256172.731736184097826481,23308.513722198265895713,-34305.750131862056150567,-7580.923641438865161035
2256231.567145542241632938,23459.003338329093821812,-34209.094925431643787306,-7553.787525475527218077
2256290.402554900385439396,23609.061067999638908077,-34111.809920504623732995,-7526.512331947546044830
2256464.337393262889236212,24050.123711996544443537,-33820.541057032933167648,-7445.070353659779357258
2256745.769873560871928930,24755.551522067580663133,-33337.753538995915732812,-7310.762933180296386126
2257122.400045942515134811,25683.231840610336803365,-32669.723984073782048654,-7126.216342844396422151
2257577.767364603001624346,26778.914051920939527918,-31829.176573174940131139,-6895.923121815409103874
2258091.970092621631920338,27980.605991468597494531,-30837.886304948413453531,-6626.747181691789592151
2258642.535103365778923035,29223.625607676636718679,-29728.472695151278458070,-6328.217792039598862175
2259205.400063961278647184,30445.711968085561238695,-28544.759146084012172651,-6012.478951724573562387
2259755.965074705425649881,31591.493351631630503107,-27340.382302513280592393,-5693.837416179107094649
2260270.167802724055945873,32615.658830805514298845,-26175.718514103376946878,-5387.942901129230449442
2260725.535121384542435408,33484.404994674790941644,-25113.542924423636577558,-5110.711286054785887245
2261102.165293766185641289,34175.086766217667900492,-24214.056934320302389096,-4877.144760120987484697
2261383.597774064168334007,34674.394360750280611683,-23529.968312448290816974,-4700.203951315932499710
2261557.532612426672130823,34975.696190178925462533,-23102.205767873143486213,-4589.854081957928428892
2261616.368021784815937281,35076.344023610938165803,-22956.665807883771776687,-4552.359006667051289696
2261675.203431142494082451,35176.346327140236098785,-22810.703363321073993575,-4514.780145499629725236
2261849.138269504997879267,35468.189904238570306916,-22376.750608101305260789,-4403.202652067186136264
2262130.570749802980571985,35928.300100742380891461,-21667.008171446905180346,-4221.174254986697633285
2262507.200922184623777866,36520.345248207922850270,-20702.966653380826755892,-3974.805265823386434931
2262962.568240845110267401,37199.345722881618712563,-19516.606319572128995787,-3672.945684522164810915
2263476.770968863740563393,37916.747973143130366225,-18151.171287942961498629,-3327.234753980774257798
2264027.335979607887566090,38625.783911072190676350,-16660.950229784757539164,-2951.905290822971437592
2264590.200940203387290239,39286.321039571434084792,-15109.706813410208269488,-2563.278705769458611030
2265140.765950947534292936,39868.432239987894718070,-13567.728867992111190688,-2178.963903892094094772
2265654.968678966164588928,40354.109461018357251305,-12107.801583044514700305,-1816.848472985213447828
2266110.335997626651078463,40736.890007513815362472,-10800.648860339359089267,-1494.018472798641596455
2266486.966170008294284344,41019.579869343207974453,-9710.457945913360163104,-1225.749007698155764956
2266768.398650306276977062,41210.639773221111681778,-8891.001183691718324553,-1024.673350306933571119
2266942.333488668780773878,41320.052155336139549036,-8382.655661010467156302,-900.180675151066679973
2267001.168898026924580336,41355.559160149139643181,-8210.392921189013577532,-858.035867959879396949
2267060.004307385068386793,41390.305296033657214139,-8037.979124701167165767,-815.875273257501248736
2267233.939145747572183609,41488.569487254753767047,-7527.420331450695812237,-691.151280670783307869
2267515.371626045554876328,41633.428450937652087305,-6698.791206181565939914,-489.116983418010931928
2267892.001798427198082209,41799.857866928483417723,-5585.518831349494575989,-218.435177579412993509
2268347.369117087684571743,41958.989835608437715564,-4233.964441527197777759,109.035453075419354718
2268861.571845106314867735,42083.092153564888576511,-2702.252012727367400657,478.653562191750097554
2269412.136855850461870432,42150.420001605358265806,-1058.070624943407892715,873.650382168234500568
2269975.001816445961594582,42149.067670544820430223,624.584133480158925522,1276.011969857492658775
2270525.566827190108597279,42079.097668179172615055,2269.471577568394422997,1667.507402906070637982
2271039.769555208738893270,41952.536675596937129740,3802.473212637421966065,2030.733105124782014173
2271495.136873869225382805,41791.239042253328079823,5155.675942287263751496,2350.032226939329120796
2271871.767046250868588686,41623.029492172856407706,6270.670127099794626702,2612.180251095785934012
2272153.199526548851281404,41476.848228325929085258,7100.797046279949427117,2806.792673272422689479
2272327.134364911355078220,41377.770607857477443758,7612.371593768191814888,2926.484252626883971971
2272385.969774269498884678,41342.750022124069801066,7785.144524150244251359,2966.865733964012179058
2272444.805183627177029848,41306.968935074495675508,7957.774246529392257798,3007.192635649225849193
2272618.740021989680826664,41196.748509750213997904,8467.250521892863616813,3126.084518320851202589
2272900.172502287663519382,41004.388623103593999986,9288.681669566030905116,3317.382794373428623658
2273276.802674669306725264,40719.974760462158883456,10381.793755219499871600,3571.191075750153686386
2273732.169993329793214798,40335.136425716664234642,11692.902262184019491542,3874.447165057987149339
2274246.372721348423510790,39847.174638884935120586,13157.849918264146253932,4211.735971351845364552
2274796.937732092570513487,39262.668536058488825802,14705.847558350484177936,4566.304464998880575877
2275359.802692688070237637,38599.743563170872221235,16263.925617638225958217,4921.186887394163932186
2275910.367703432217240334,37888.436776799011568073,17761.488295451919839252,5260.303642975857655983
2276424.570431450847536325,37168.976202852420101408,19134.357357675391540397,5569.382368917802523356
2276879.937750111334025860,36488.206695893641153816,20327.759361849348351825,5836.576765195459302049
2277256.567922492977231741,35894.738562895312497858,21297.945308024245605338,6052.724214507492433768
2277538.000402790959924459,35433.589727721970120911,22012.465880687064782251,6211.268339668975386303
2277711.935241153463721275,35141.115073733824829105,22449.450722904126450885,6307.951049963237892371
2277770.770650511607527733,35040.901204921632597689,22596.452378169000439811,6340.426290533847350162
2277829.606059869751334190,34940.042776852533279452,22743.038383376500860322,6372.784893578202172648
2278003.540898232255131006,34638.124091891491843853,23173.933153947065875400,6467.758640099600597750
2278284.973378530237823725,34137.836786658888740931,23863.214916889737651218,6619.220383764295547735
2278661.603550911881029606,33445.880252669485344086,24769.889682864020869602,6817.545661960895813536
2279116.970869572367519140,32575.649934556255175266,25841.116042273300990928,7050.455779197094670963
2279631.173597590997815132,31549.885982544081343804,27016.462277287799224723,7304.106710622720129322
2280181.738608335144817829,30402.486928959297074471,28232.806200080733106006,7564.309390943431935739
2280744.603568930644541979,29178.849927780138386879,29429.302686019982502330,7817.726797769246331882
2281295.168579674791544676,27934.416960790673329029,30551.738302545803890098,8052.876488878559030127
2281809.371307693421840668,26731.499230095105303917,31555.636984816934273113,8260.788409604276239406
2282264.738626353908330202,25634.808630014689697418,32407.697175111803517211,8435.229092260175093543
2282641.368798735551536083,24706.349641413347853813,33085.486685639429197181,8572.492081397729634773
2282922.801279033534228802,24000.372938902502937708,33575.703530167411372531,8670.847055346232082229
2283096.736117396038025618,23558.985219752335979138,33871.620877310582727659,8729.811375391429464798
2283155.571526754181832075,23408.819983733505068813,33970.487973050338041503,8749.439476291496248450
2283214.406936111859977245,23258.224103253720386419,34068.730124746631190646,8768.906604635551047977
2283388.341774474363774061,22810.526615914342983160,34355.490841347440436948,8825.512367573704977985
2283669.774254772346466780,22078.400631316857470665,34807.760273876781866420,8914.092879665571672376
2284046.404427153989672661,21084.139384952293767128,35390.058554555005684961,9026.759321472047304269
2284501.771745814476162195,19860.865999579349590931,36058.423478324613824952,9153.883945592468080577
2285015.974473833106458187,18453.300854799257649574,36765.339798470675304998,9285.299441739938629325
2285566.539484577253460884,16917.506704698236717377,37464.953292099475220311,9411.539069848273356911
2286129.404445172753185034,15319.249142951251997147,38117.799283013395324815,9524.923647755080310162
2286679.969455916900187731,13730.944481505932344589,38694.295737024112895597,9620.315308528392051812
2287194.172183935530483723,12227.511668727653159294,39176.438458441472903360,9695.411976883617171552
2287649.539502596016973257,10881.688548125246597920,39557.469191383519500960,9750.542734729904623237
2288026.169674977660179138,9759.443687830040289555,39839.691406102800101507,9788.022755617181246635
2288307.602155275642871857,8916.009011519061459694,40030.980354611827351619,9811.212572177952097263
2288481.536993638146668673,8392.838150984061940107,40140.781421771920577157,9823.479725266734021716
2288540.372402996290475130,8215.560036054848751519,40176.462596276636759285,9827.271718548447097419
2288599.207812354434281588,8038.130744106172642205,40211.404471461668435950,9830.882863775448640808
2288773.142650716938078403,7512.744850354771187995,40310.373383858946908731,9840.500245582901698072
2289054.575131014920771122,6660.130521107967069838,40456.771125023842614610,9852.708735614840406924
2289431.205303396563977003,5514.785962715315690730,40626.028707746307190973,9862.555251429763302440
2289886.572622057050466537,4124.526520666237047408,40789.750936177100811619,9864.527826076828205260
2290400.775350075680762529,2549.253732922057679389,40920.568711185718711931,9853.683126259598793695
2290951.340360819827765226,858.670112234111002181,40996.874715149089752231,9826.717884968969883630
2291514.205321415327489376,-871.091490167622396257,41006.593881713830342051,9782.780471404843410710
2292064.770332159474492073,-2561.654788095002004411,40949.283432589923904743,9723.861141419449268142
2292578.973060178104788065,-4136.890131136831769254,40836.159143675780796912,9654.678231747475365410
2293034.340378838591277599,-5527.101063703616091516,40688.044013416474626865,9582.075609093244565884
2293410.970551220234483480,-6672.394191322346159723,40531.636246758243942168,9514.040023117504460970
2293692.403031518217176199,-7524.963150750343629625,40394.798534350200498011,9458.513444461223116377
2293866.337869880720973015,-8050.317942592278996017,40301.717870371263416018,9422.202650343479035655
2293925.173279238864779472,-8227.736173539036826696,40268.764030507525603753,9409.576707501317287097
2293984.008688596542924643,-8405.002950936170236673,40235.068936066403693985,9396.777543296822841512
2294157.943526959046721458,-8928.138656988354341593,40131.127469395803927910,9357.928723674343927996
2294439.376007257029414177,-9771.511150707105116453,39949.279832539898052346,9291.883923171862988966
2294816.006179638672620058,-10893.662145053582207765,39679.608744484656199347,9197.380205210374697344
2295271.373498299159109592,-12239.354611521201150026,39313.610731825283437502,9073.861261213041871088
2295785.576226317789405584,-13742.615748409727530088,38848.233469273480295669,8922.361563442816986935
2296336.141237061936408281,-15330.705936242440657225,38289.412540711979090702,8746.246035257314360933
2296899.006197657436132431,-16928.708613509857968893,37654.309755169371783268,8551.622586356203100877
2297449.571208401583135128,-18464.215532091060595121,36971.699799867863475811,8347.309266627027682262
2297963.773936420213431120,-19871.475684748576895799,36280.322569025265693199,8144.329252476531110005
2298419.141255080699920654,-21094.447085746178345289,35625.423550186264037620,7955.001851281460403698
2298795.771427462343126535,-22088.434449949847476091,35054.041161690423905384,7791.771664242802216904
2299077.203907760325819254,-22820.340785231986956205,34609.791735585364222061,7665.954689137946843402
2299251.138746122829616070,-23267.895868200423137750,34327.927360172201588284,7586.577047103044606047
2299309.974155480973422527,-23418.442402320528344717,34231.330835361201025080,7559.449652541330578970
2299368.809564839117228985,-23568.557689742847287562,34134.103946324430580717,7532.183041632135427790
2299542.744403201621025801,-24009.794180241144204047,33843.003525155589159112,7450.765612929786584573
2299824.176883499603718519,-24715.514656004226708319,33360.477587571826006752,7316.495245976333535509
2300200.807055881246924400,-25643.607666029325628188,32692.775944445740606170,7131.992893416278093355
2300656.174374541733413935,-26739.818905223823094275,31852.589298536528076511,6901.744619983091979520
2301170.377102560363709927,-27942.144287638097011950,30861.656709252383734565,6632.607677063748269575
2301720.942113304510712624,-29185.879649393922591116,29752.564352311652328353,6334.105608334841235774
2302283.807073900010436773,-30408.731951817600929644,28569.109932526473130565,6018.378682224854856031
2302834.372084644157439470,-31555.289842105201387312,27364.915931696530606132,5699.732666905812948244
2303348.574812662787735462,-32580.199354341915750410,26200.357790986534382682,5393.819258461782737868
2303803.942131323274224997,-33449.615274767122173216,25138.222035122562374454,5116.558903308428853052
2304180.572303704917430878,-34140.855938381246232893,24238.730287917416717391,4882.960037658300279872
2304462.004784002900123596,-34640.582712800904118922,23554.614290920078929048,4705.989995725762128131
2304635.939622365403920412,-34942.143834592738130596,23126.824917133890266996,4595.619895955158426659
2304694.775031723547726870,-35042.879368312271253671,22981.274165225324395578,4558.117604223883972736
2304753.610441081691533327,-35142.969354412482061889,22835.300060355213645380,4520.531338207849330502
2304927.545279444195330143,-35435.071964210328587797,22401.307753460590902250,4408.930854080437711673
2305208.977759742178022861,-35895.600262962245324161,21691.485237531007442158,4226.861789609614788787
2305585.607932123821228743,-36488.201579919979849365,20727.305486663819465321,3980.431723494857578771
2306040.975250784307718277,-37167.866530330815294292,19540.730746674926194828,3678.488265754265739815
2306555.177978802938014269,-37886.004155055117735174,18174.992005025611433666,3332.669706070406391518
2307105.742989547085016966,-38595.804014298562833574,16684.374546959639701527,2957.210288621095969575
2307668.607950142584741116,-39257.090457471982517745,15132.651654677109036129,2568.435773334076657193
2308219.172960886731743813,-39839.897192097698280122,13590.134549284928652924,2183.962306384772091405
2308733.375688905362039804,-40326.185176081453391816,12129.643624851123604458,1821.686991758255317109
2309188.743007565848529339,-40709.471359728799143340,10821.945549961754295509,1498.706622325193166034
2309565.373179947491735220,-40992.552054567458981182,9731.272372772560629528,1230.307004952413990395
2309846.805660245474427938,-41183.886718579880835023,8911.437645805643114727,1029.130908498616918223
2310020.740498607978224754,-41293.461179236030147877,8402.851287990917626303,904.574875011185213225
2310079.575907966122031212,-41329.021636579207552131,8230.505862954763870221,862.408422826167225139
2310138.411317323800176382,-41363.820521306559385266,8058.008773845031100791,820.226077802788495319
2310312.346155686303973198,-41462.236481412801367696,7547.200246570042509120,695.437183806050597923
2310593.778635984286665916,-41607.327493560755101498,6718.156293255618948024,493.296056022594711976
2310970.408808365929871798,-41774.040363639498536941,5604.309006324379879516,222.468038871844328241
2311425.776127026416361332,-41933.471812897849304136,4252.031494055285293143,-105.183754927984409733
2311939.978855045046657324,-42057.852730691396573093,2719.469297519295651000,-475.011257980524533195
2312490.543865789193660021,-42125.405617808159149718,1074.344099434434610885,-870.236646572866447968
2313053.408826384693384171,-42124.201823387084004935,-609.305727641687553842,-1272.835033268242113991
2313603.973837128840386868,-42054.294666929192317184,-2255.189633002162736375,-1664.563557526136719389
2314118.176565147470682859,-41927.716843157912080642,-3789.136824329973023850,-2028.006848498986073537
2314573.543883807957172394,-41766.342319063514878508,-5143.184493551620107610,-2347.497492390724801226
2314950.174056189600378275,-41598.024702138987777289,-6258.880052563392382581,-2609.802406334358238382
2315231.606536487583070993,-41451.736255173243989702,-7089.531156851568084676,-2804.530830112908006413
2315405.541374850086867809,-41352.581062583158200141,-7601.429255860515695531,-2924.293467912164487643
2315464.376784208230674267,-41317.532277176178467926,-7774.311511394109402318,-2964.698864396381395636
2315523.212193566374480724,-41281.721999596855312120,-7947.050484473824326415,-3005.049616695043368964
2315697.147031928878277540,-41171.409485293486795854,-8456.849220429554407019,-3124.011612276557571022
2315978.579512226860970259,-40978.882275539501279127,-9278.800030518330459017,-3315.421971590385510353
2316355.209684608504176140,-40694.209162991544872057,-10372.602098000243131537,-3569.377283984689711360
2316810.577003268990665674,-40309.003727440773218405,-11684.533583208925847430,-3872.805935756430699257
2317324.779731287620961666,-39820.557646117689728271,-13150.391162558466021437,-4210.281694099900050787
2317875.344742031767964363,-39235.452521413615613710,-14699.334259618080977816,-4565.039693721930234460
2318438.209702627267688513,-38571.831418495210527908,-16258.341337339028541464,-4920.102931854908092646
2318988.774713371414691210,-37859.764682006141811144,-17756.769409588545386214,-5259.382449123670085100
2319502.977441390044987202,-37139.526732792197435629,-19130.402456984862510581,-5568.599375037836580304
2319958.344760050531476736,-36458.016835048845678102,-20324.441318050965492148,-5835.904153273801057367
2320334.974932432174682617,-35863.901241416162520181,-21295.123392529792909045,-6052.133864108600391774
2320616.407412730157375336,-35402.248807035903155338,-22009.995463536593888421,-6210.733881470874621300
2320790.342251092661172152,-35109.454767586947127711,-22447.188970768831495661,-6307.448677977150509832
2320849.177660450804978609,-35009.131490371939435136,-22594.259690629674878437,-6339.934339806826756103
2320908.013069808483123779,-34908.162970374447468203,-22740.913982478443358559,-6372.303143520530284150
2321081.947908170986920595,-34605.914885806494567078,-23172.006020226057444233,-6467.305744380846590502
2321363.380388468969613314,-34105.082496524431917351,-23861.592059679336671252,-6618.809990248566464288
2321740.010560850612819195,-33412.374225374886009376,-24768.644222161739889998,-6817.183861730776698096
2322195.377879511099308729,-32541.203389367663476150,-25840.279428781948809046,-7050.139700330950290663
2322709.580607529729604721,-31514.339817700551066082,-27016.022117264576081652,-7303.824590795131371124
2323260.145618273876607418,-30365.724804635734471958,-28232.710502373993222136,-7564.042254483949363930
2323823.010578869376331568,-29140.810149455086502712,-29429.470237397596065421,-7817.451560418743611081
2324373.575589613523334265,-27895.100652442888531368,-30552.073540815159503836,-8052.569986241094738944
2324887.778317632153630257,-26690.973059916512283962,-31556.046602375812653918,-8260.431597979895741446
2325343.145636292640119791,-25593.201657856458041351,-32408.105171205483202357,-8434.810595442348130746
2325719.775808674283325672,-24663.845195474677893799,-33085.844901707961980719,-8572.010386351768829627
2326001.208288972266018391,-23957.197297966682526749,-33575.995742520790372510,-8670.310949815186177148
2326175.143127334769815207,-23515.395006624159577768,-33871.859942751245398540,-8729.238578059750579996
2326233.978536692913621664,-23365.089632725219416898,-33970.706922665653110016,-8748.853739076144847786
2326292.813946051057428122,-23214.353677934144798201,-34068.927877280635584611,-8768.307660848029627232
2326466.748784413561224937,-22766.242549921960744541,-34355.619605541702185292,-8824.872824739733914612
2326748.181264711543917656,-22033.449232305509212893,-34807.757404420532111544,-8913.382738778611383168
2327124.811437093187123537,-21038.300241236684087198,-35389.840902828153048176,-9025.945283871853462188
2327580.178755753673613071,-19813.964812874903145712,-36057.887394371449772734,-9152.930076771310268668
2328094.381483772303909063,-18405.220254791078332346,-36764.367577344186429400,-9284.169328259547910420
2328644.946494516450911760,-16868.193182173294189852,-37463.425493283670220990,-9410.199254175659007160
2329207.811455111950635910,-15268.714479331967595499,-38115.610950467649672646,-9523.347789826697407989
2329758.376465856097638607,-13679.261010772657755297,-38691.373511187273834366,-9618.488302016932721017
2330272.579193874727934599,-12174.802111012970271986,-39172.755252544309769291,-9693.333219868898595450
2330727.946512535214424133,-10828.112492690903309267,-39553.053626678658474702,-9748.227930979261145694
2331104.576684916857630014,-9705.183558208045724314,-39834.630368865800846834,-9785.503939096885005711
2331386.009165214840322733,-8861.258230348226788919,-40025.414428590687748510,-9808.536389383018104127
2331559.944003577344119549,-8337.793289116692903917,-40134.894119048614811618,-9820.704270598496805178
2331618.779412935487926006,-8160.417321776032622438,-40170.465004325473273639,-9824.462345686013577506
2331677.614822293166071177,-7982.891009508508432191,-40205.295801763168128673,-9828.039404552211635746
2331851.549660655669867992,-7457.223226075402635615,-40303.931784932363370899,-9837.555050695613317657
2332132.982140953652560711,-6604.168753771453339141,-40449.776776674530992750,-9849.595967312525317539
2332509.612313335295766592,-5458.267120116732257884,-40618.268563686149718706,-9859.212809533961262787
2332964.979631995782256126,-4067.385079535066324752,-40781.027427230823377613,-9860.900072712793189567
2333479.182360014412552118,-2491.479386600076395553,-40910.712026939356292132,-9849.724250165025296155
2334029.747370758559554815,-800.304327231242496055,-40985.756951218274480198,-9822.395441372245841194
2334592.612331354059278965,929.965940624133509118,-40994.142438534741813783,-9778.078451962683175225
2335143.177342098206281662,2620.929625300348561723,-40935.490919256793858949,-9718.781945360831741709
2335657.380070116836577654,4196.449755413115781266,-40821.087752966421248857,-9649.243128919515584130
2336112.747388777323067188,5586.839563981287938077,-40671.823634784996102098,-9576.323629409431305248
2336489.377561158966273069,6732.227908251465123612,-40514.456974863052892033,-9508.025544482348777819
2336770.810041456948965788,7584.836605619297188241,-40376.899202081702242140,-9452.302959860775445122
2336944.744879819452762604,8110.202467087779950816,-40283.372495309486112092,-9415.871212653852126095
2337003.580289177596569061,8287.622105667956930120,-40250.267652731745329220,-9403.204401352377317380
2337062.415698535740375519,8464.889108481125731487,-40216.421508188715961296,-9390.364395373362640385
2337236.350536898244172335,8988.018563468715001363,-40112.033304488642897923,-9351.395013635694340337
2337517.783017196226865053,9831.359035360401321668,-39929.462731776533473749,-9285.155827271410089452
2337894.413189577870070934,10953.424823156332422514,-39658.825525966713030357,-9190.393685818016820122
2338349.780508238356560469,12298.949706798193801660,-39291.664673655301157851,-9066.565699282633431721
2338863.983236256986856461,13801.937229511102486867,-38824.986267291016702075,-8914.722745038983703125
2339414.548247001133859158,15389.636465824914921541,-38264.792839773937885184,-8738.248017666577652562
2339977.413207596633583307,16987.136673736160446424,-37628.316435368273232598,-8543.268050483726256061
2340527.978218340780586004,18522.054118816515256185,-36944.399071692496363539,-8338.618218300463922787
2341042.180946359410881996,19928.678942065460432786,-36251.839300986386660952,-8135.336291909283318091
2341497.548265019897371531,21151.021733023932029027,-35595.928621822509740014,-7945.752559018619649578
2341874.178437401540577412,22144.444052129758347291,-35023.737477487891737837,-7782.318828348717943300
2342155.610917699523270130,22875.902399552294809837,-34578.901542285464529414,-7656.355057267188385595
2342329.545756062027066946,23323.169900717453856487,-34296.682705696213815827,-7576.889047716751520056
2342388.381165420170873404,23473.617339527707372326,-34199.967708961987227667,-7549.732178896701952908
2342447.216574777849018574,23623.632622913115483243,-34102.623081889592867810,-7522.436307204836339224
2342621.151413140352815390,24064.568217857864510734,-33811.178951715475704987,-7440.933638628870539833
2342902.583893438335508108,24769.785546501290809829,-33328.111051066203799564,-7306.529433730356686283
2343279.214065819978713989,25697.174824500580143649,-32659.712650473120447714,-7121.856118772942863870
2343734.581384480465203524,26792.491131767754268367,-31818.729400917778548319,-6891.414083167976059485
2344248.784112499095499516,27993.751922614996146876,-30826.960862158688541967,-6622.076088256268121768
2344799.349123243242502213,29236.289437705774616916,-29717.052214124130841810,-6323.380472169323184062
2345362.214083838742226362,30457.861843286205839831,-28532.851609761717554647,-6007.479755609827407170
2345912.779094582889229059,31603.120706944850098807,-27328.017761442701157648,-5688.688028338663571049
2346426.981822601519525051,32626.781245132100593764,-26162.945139609168109018,-5382.660732838856347371
2346882.349141262006014585,33495.067174108822655398,-25100.422474236118432600,-5105.317725231238000561
2347258.979313643649220467,34185.359390943900507409,-24200.660337155575689394,-4871.663556037070520688
2347540.411793941631913185,34684.370824698016804177,-23516.371953678208228666,-4694.659952299502037931
2347714.346632304135710001,34985.487509496866550762,-23088.488807828987773973,-4584.272439390137151349
2347773.182041662279516459,35086.072357955337793101,-22942.908551657230418641,-4546.764833690343948547
2347832.017451020423322916,35186.011497586623590905,-22796.906064165297721047,-4509.173545088189712260
2348005.952289382927119732,35477.667308457086619455,-22362.836418343249533791,-4397.559916882113611791
2348287.384769680909812450,35937.470479587915178854,-21652.909598039936099667,-4215.474977624406164978
2348664.014942062553018332,36529.098732548656698782,-20688.630630210514937062,-3969.034079683980962727
2349119.382260723039507866,37207.586379019900050480,-19501.997661902110849041,-3667.093374023483193014
2349633.584988741669803858,37924.398659753038373310,-18136.274146441843186039,-3321.298597821769362781
2350184.149999485816806555,38632.791019698030140717,-16645.767427811872039456,-2945.888612485992780421
2350747.014960081316530704,39292.658539853880938608,-15094.257263478364620823,-2557.189729461249953602
2351297.579970825463533401,39874.104441812152799685,-13552.043567765977059025,-2172.814129248065000866
2351811.782698844093829393,40359.152038372012611944,-12091.918919442694459576,-1810.650862279617285822
2352267.150017504580318928,40741.369064384263765533,-10784.610043835367832799,-1487.785769728048762772
2352643.780189886223524809,41023.589091130423184950,-9694.303326467525039334,-1219.492469077733403537
2352925.212670184206217527,41214.295926153434265871,-8874.767978448893700261,-1018.402079435567429755
2353099.147508546710014343,41323.489321772482071538,-8366.377302063170645852,-893.901618991665600333
2353157.982917904853820801,41358.922125281162152532,-8194.099880620844487567,-851.754406823522003833
2353216.818327262531965971,41393.593998081931204069,-8021.671702294035640080,-809.591522723152593244
2353390.753165625035762787,41491.638297624718688894,-7511.072147715261962730,-684.861438291329250205
2353672.185645923018455505,41636.140441128001839388,-6682.382639772615220863,-482.819426848152943421
2354048.815818304661661386,41802.090582165466912556,-5569.040268504417326767,-212.131445772778533865
2354504.183136965148150921,41960.640870881215960253,-4217.417843132636335213,115.340304341334558558
2355018.385864983778446913,42084.084205447878048290,-2685.650511285646643955,484.951325147812895011
2355568.950875727925449610,42150.704955195753427688,-1041.436197789742436726,879.930746179474226665
2356131.815836323425173759,42148.629269777979061473,641.224523814038548153,1282.264088543299294543
2356682.380847067572176456,42077.952431526915461291,2286.090699122862133663,1673.721709903962619137
2357196.583575086202472448,41950.732934483159624506,3819.048294851199898403,2036.903056452683813404
2357651.950893746688961983,41788.854233278842002619,5172.192579228074464481,2356.155657828254334163
2358028.581066128332167864,41620.166047238344617654,6287.124670761280867737,2618.260104712964675855
2358310.013546426314860582,41473.628518773890391458,7117.197092205860826652,2812.836970585565723013
2358483.948384788818657398,41374.331383219985582400,7628.734505511929455679,2932.505301914810843300
2358542.783794146962463856,41339.236667519617185462,7801.494279139318678062,2972.878700053108332213
2358601.619203505106270313,41303.381515173423395026,7974.110544017741631251,3013.197407926018058788
2358775.554041867610067129,41192.942522314908273984,8483.545278690515260678,3132.064421867071359884
2359056.986522165592759848,41000.230297955749847461,9304.903666932827036362,3323.320424999626993667
2359433.616694547235965729,40715.347681032093532849,10397.907705383135180455,3577.068227339819713961
2359888.984013207722455263,40329.947287614289962221,11708.869366033693950158,3880.245282499869063031
2360403.186741226352751255,39841.357728639915876556,13173.630063645301561337,4217.437167800082534086
2360953.751751970499753952,39256.188544058073603082,14721.402956761179666501,4571.893010996333032381
2361516.616712565999478102,38592.596473920457356144,16279.225353467038075905,4926.650962846404581796
2362067.181723310146480799,37880.648800118658982683,17776.513036958633165341,5265.637067481926351320
2362581.384451328776776791,37160.600974028297059704,19149.103404531946580391,5574.586009078477218281
2363036.751769989263266325,36479.321206247266673017,20342.241293387247424107,5841.659361070305749308
2363413.381942370906472206,35885.438413802366994787,21312.196722882559697609,6057.702458225707232486
2363694.814422668889164925,35423.984287974722974468,22026.538022512795578223,6216.166153357298753690
2363868.749261031392961740,35131.322967048799910117,22463.409101681078027468,6312.798122209023858886
2363927.584670389536768198,35031.046310837795317639,22610.371766481890517753,6345.256022121167916339
2363986.420079747214913368,34930.125276632788882125,22756.918525176115508657,6377.597195657195698004
2364160.354918109718710184,34628.022580576776817907,23187.695781098671432119,6472.518898920672654640
2364441.787398407701402903,34127.440991182062134612,23876.782723408650781494,6623.894817502288788091
2364818.417570789344608784,33435.097494598194316495,24783.187848582390870433,6822.102167386496148538
2365273.784889449831098318,32564.410195789016142953,25854.074830080840911251,7054.865124058145738672
2365787.987617468461394310,31538.145130365803197492,27029.020692431826319080,7308.344048635270155501
2366338.552628212608397007,30390.227827706090465654,28244.916384388219739776,7568.355964662208862137
2366901.417588808108121157,29166.081413868530944455,29440.934465890277351718,7821.571609244383580517
2367451.982599552255123854,27921.170951967775181402,30562.883179962162103038,8056.517681752033240627
2367966.185327570885419846,26717.826512441686645616,31566.310887153718795162,8264.234127653697214555
2368421.552646231371909380,25620.774045238918915857,32417.941446555305446964,8438.497649994031235110
2368798.182818613015115261,24692.027425634390965570,33095.367061026852752548,8575.611380754671699833
2369079.615298910997807980,23985.842829256500408519,33585.307109780602331739,8673.853281431067443918
2369253.550137273501604795,23544.329676652043417562,33881.051358452525164466,8732.747082404202956241
2369312.385546631645411253,23394.122543609650165308,33979.859556997827894520,8752.351221998418623116
2369371.220955989789217710,23243.485036446661979426,34078.042639033978048246,8771.794335450853395741
2369545.155794352293014526,22795.666076686648011673,34364.627730207161221188,8828.328794180582917761
2369826.588274650275707245,22063.348613786460191477,34816.609894600340339821,8916.792979194600775372
2370203.218447031918913126,21068.841044716486067045,35398.517926485852512997,9029.301974727008200716
2370658.585765692405402660,19845.285256479815870989,36066.402525019009772222,9156.233687615538656246
2371172.788493711035698652,18437.421873915889591444,36772.765912053750071209,9287.428244295580952894
2371723.353504455182701349,16901.333137086541682947,37471.775817707290116232,9413.427999247498519253
2372286.218465050682425499,15302.801340542682737578,38123.993374508914712351,9526.564200296816125046
2372836.783475794829428196,13714.255222656713158358,38699.865021738798532169,9621.710234294521796983
2373350.986203813459724188,12210.621171598271757830,39181.416071211562666576,9696.575458910716406535
2373806.353522473946213722,10864.639645394818217028,39561.916958247420552652,9751.499877717658819165
2374182.983694855589419603,9742.277958473139733542,39843.697207795332360547,9788.808429177202924620
2374464.416175153572112322,8898.764428614587814081,40034.653909929904330056,9811.869722612791520078
2374638.351013516075909138,8375.548461743113875855,40144.248853977413091343,9824.057301921755424701
2374697.186422874219715595,8198.255718033709854353,40179.860176925278210547,9827.822356759093963774
2374756.021832231897860765,8020.812115704473399092,40214.732137915962084662,9831.406553379678371130
2374929.956670594401657581,7495.385780758988403250,40313.494009442038077395,9840.944212514641549205
2375211.389150892384350300,6642.711931502279185224,40459.555700807708490174,9853.023562372542073717
2375588.019323274027556181,5497.299197593536518980,40628.361747434006247204,9862.697056032022373984
2376043.386641934514045715,4106.974939456973515917,40791.535718612482014578,9864.460304717958933907
2376557.589369953144341707,2531.652220722120546270,40921.732056215572811197,9853.379332316053478280
2377108.154380697291344404,841.042563989591144491,40997.370876348250021692,9826.161589574770914624
2377671.019341292791068554,-888.716292932796932291,41006.407123303499247413,9781.966960436551744351
2378221.584352036938071251,-2579.248186709526635241,40948.428961925492330920,9722.797355325663374970
2378735.787080055568367243,-4154.428592764008499216,40834.682271041376225185,9653.382237696849188069
2379191.154398716054856777,-5544.570285941641486716,40686.017650862042501103,9580.575485135315830121
2379567.784571097698062658,-6689.791589011605537962,40529.157061217520094942,9512.372303619518788764
2379849.217051395680755377,-7542.298308473247743677,40391.982180184735625517,9456.721304519804107258
2380023.151889758184552193,-8067.610981354657269549,40298.693716905072506052,9420.333988039641553769
2380081.987299116328358650,-8245.014335001986182760,40265.669694757663819473,9407.682228016721637687
2380140.822708474472165108,-8422.265917018921754789,40231.904474844595824834,9394.857281472661270527
2380314.757546836975961924,-8945.354843615488789510,40127.756041286418621894,9355.932449978612567065
2380596.190027134958654642,-9788.645783089967153501,39945.574685546125692781,9289.765344637398811756
2380972.820199516601860523,-10910.676350269401154947,39675.459455504336801823,9195.099354879766906379
2381428.187518177088350058,-12256.206081243166408967,39308.928652596448955592,9071.386522232623974560
2381942.390246195718646049,-13759.261125247860036325,38842.955987103538063820,8919.671173801249096869
2382492.955256939865648746,-15347.104704824210784864,38283.505786498331872281,8743.328943836571852444
2383055.820217535365372896,-16944.827935826899192762,37647.769508134362695273,8548.478589638671110151
2383606.385228279512375593,-18480.035230505214713048,36964.550544024699775036,8343.948442691307718633
2384120.587956298142671585,-19886.992500317217491101,36272.614904820708034094,8140.770805822521651862
2384575.955274958629161119,-21109.677436990597925615,35617.230387191077170428,7951.272561666159162996
2384952.585447340272367001,-22103.415158937619708013,35045.453245697332022246,7787.904170570731366752
2385234.017927638255059719,-22835.127560161919973325,34600.913055313074437436,7661.985822766157070873
2385407.952766000758856535,-23282.559663982996426057,34318.870838847265986260,7582.546362083183339564
2385466.788175358902662992,-23433.064063703459396493,34222.214485524244082626,7555.398202954773296369
2385525.623584716580808163,-23583.136947379498451483,34124.927935722247639205,7528.110902062540844781
2385699.558423079084604979,-24024.246512319943576586,33833.652131304806971457,7446.632747506064333720
2385980.990903377067297697,-24729.756699096928059589,33350.845615210673713591,7312.265536667237029178
2386357.621075758710503578,-25657.558911214167892467,32682.774850646695995238,7127.636376405524060829
2386812.988394419196993113,-26753.404515770780562889,31842.152013156293833163,6897.239183037931070430
2387327.191122437827289104,-27955.299020445490896236,30850.740731225079798605,6627.940060641773015959
2387877.756133181974291801,-29198.552529896194755565,29741.152859347603225615,6329.271626274025038583
2388440.621093777474015951,-30420.891085563744127285,28557.210874044067168143,6013.382676718214497669
2388991.186104521621018648,-31566.926612320872663986,27352.559350711024308112,5694.586322164552257163
2389505.388832540251314640,-32591.331286152410029899,26187.591879740088188555,5388.539993483031139476
2389960.756151200737804174,-33460.287026690835773479,25125.108600100233161356,5111.168121238162711961
2390337.386323582381010056,-34151.138155268556147348,24225.340331248669826891,4877.481509314307913883
2390618.818803880363702774,-34650.568768213088333141,23541.024291101108246949,4700.448595744132035179
2390792.753642242867499590,-34951.944738334561407100,23113.114141630670928862,4590.040805220411129994
2390851.589051601011306047,-35052.617283553343440872,22967.523034500503854360,4552.525967157282138942
2390910.424460959155112505,-35152.644101648875221144,22821.508827652280160692,4514.927257808983995346
2391084.359299321658909321,-35444.558929683924361598,22387.399455557075270917,4403.290592070563434390
2391365.791779619641602039,-35904.780167205542966258,21677.392273665835091379,4221.164910235336719779
2391742.421952001284807920,-36496.964520952948078047,20712.974696428944298532,3974.662836145038454561
2392197.789270661771297455,-37176.116528503880545031,19526.126870162283012178,3672.638136826350091724
2392711.991998680401593447,-37893.664013092224195134,18160.099141964186856057,3326.735603547083883313
2393262.557009424548596144,-38602.820064002466097008,16669.195497496482857969,2951.195533252681343583
2393825.421970020048320293,-39263.436613707621290814,15117.205336795617768075,2562.348594394639803795
2394375.986980764195322990,-39845.577723894552036654,13574.451992810201772954,2177.814215257192699937
2394890.189708782825618982,-40331.235738570620014798,12113.763270848859974649,1815.490967271976842312
2395345.557027443312108517,-40713.958065183418511879,10805.908678668980428483,1492.475427298701106338
2395722.187199824955314398,-40996.568625516541942488,9715.119412863125035074,1224.051915810337959556
2396003.619680122938007116,-41187.549985019424639177,8895.205896607098111417,1022.861047140333539573
2396177.554518485441803932,-41296.905308624431199860,8386.574263799899199512,898.297205346414557425
2396236.389927843585610390,-41332.391512907481228467,8214.214116909737640526,856.128340695471706567
2396295.225337201263755560,-41367.116082382293825503,8041.702606137107068207,813.943698936211148975
2396469.160175563767552376,-41465.311994202864298131,7530.853202230027818587,689.148692301776463864
2396750.592655861750245094,-41610.045925450824142899,6701.748687552950286772,486.999819579370523570
2397127.222828243393450975,-41776.279158128738345113,5587.831180856293940451,216.165591798791865585
2397582.590146903879940510,-41935.128469945942924824,4235.485388349472486880,-111.487355149514769437
2398096.792874922510236502,-42058.849864736337622162,2702.868047458781802561,-481.307795521501248004
2398647.357885666657239199,-42125.695051981652795803,1057.709708511560165789,-876.515797511838172795
2399210.222846262156963348,-42123.767266736271267291,-625.946253475070989225,-1279.085934879189153435
2399760.787857006303966045,-42053.152634931284410413,-2271.809009060532844160,-1670.776626910945196869
2400274.990585024934262037,-41925.915698083721508738,-3805.712227206015086267,-2034.175527956500445725
2400730.357903685420751572,-41763.959560749026422855,-5159.701472714812553022,-2353.619608815457468154
2401106.988076067063957453,-41595.162854136222449597,-6275.334929667682445142,-2615.880901526590605499
2401388.420556365046650171,-41448.517802818467316683,-7105.931513796829676721,-2810.573731004773435416
2401562.355394727550446987,-41349.142885170200315770,-7617.792457967800146434,-2930.313095098059420707
2401621.190804085694253445,-41314.019898801801900845,-7790.661548576237692032,-2970.710399317806150066
2401680.026213443838059902,-41278.135484956139407586,-7963.387055389852321241,-3011.052948546614061343
2401853.961051806341856718,-41167.604193502855196130,-8473.144221258618927095,-3129.990046915965649532
2402135.393532104324549437,-40974.724307780437811743,-9295.022213303753233049,-3321.358083709044876741
2402512.023704485967755318,-40689.581990955914079677,-10388.716133826681470964,-3575.252843937272700714
2402967.391023146454244852,-40303.813958619306504261,-11700.500619689271843527,-3878.602362972818809794
2403481.593751165084540844,-39814.739508264283358585,-13166.171025456198549364,-4215.981075879320997046
2404032.158761909231543541,-39228.970679241749166977,-14714.889096248232817743,-4570.626276838727790164
2404595.023722504731267691,-38564.681864596022933256,-16273.640174727224803064,-4925.564877519518631743
2405145.588733248878270388,-37851.973665478224575054,-17771.792874900893366430,-5264.713566258218634175
2405659.791461267508566380,-37131.147953497296839487,-19145.146833202139532659,-5573.800529891526821302
2406115.158779927995055914,-36449.127366748223721515,-20338.921197497555112932,-5840.984097128402936505
2406491.788952309638261795,-35854.596778153027116787,-21309.372417991318798158,-6057.109311846452328609
2406773.221432607620954514,-35392.638814157391607296,-22024.064951560263580177,-6215.628788228164921748
2406947.156270970124751329,-35099.657965326732664835,-22461.144527230680978391,-6312.292773351033247309
2407005.991680328268557787,-34999.271853460515558254,-22608.176198764973378275,-6344.761070634081988828
2407064.827089685946702957,-34898.240680551614786964,-22754.791185808287991676,-6377.112420837704121368
2407238.761928048450499773,-34595.808449436204682570,-23185.765534097714407835,-6472.062906832103180932
2407520.194408346433192492,-34094.681565978324215394,-23875.156462422957702074,-6623.481209768931876170
2407896.824580728076398373,-33401.586069517528812867,-24781.938581206290109549,-6821.736991636706079589
2408352.191899388562887907,-32529.957964440567593556,-25853.233902567451877985,-7054.545469677326764213
2408866.394627407193183899,-31502.592993994934658986,-27028.575621188072545920,-7308.058121788799326168
2409416.959638151340186596,-30353.459475843927066308,-28244.815110697796626482,-7568.084767815442319261
2409979.824598746839910746,-29128.035201435668568593,-29441.095738433687074576,-7821.292048000748764025
2410530.389609490986913443,-27881.848063240518968087,-30563.211433272263093386,-8056.206594556821073638
2411044.592337509617209435,-26677.293676437569956761,-31566.712847215509100351,-8263.872486689961078810
2411499.959656170103698969,-25579.160373599959712010,-32418.341181931471510325,-8438.074106989912252175
2411876.589828551746904850,-24649.516282588934700470,-33095.716513801286055241,-8575.124460730836290168
2412158.022308849729597569,-23942.660510946756403428,-33585.590182031890435610,-8673.311817961239285069
2412331.957147212233394384,-23500.732806049512873869,-33881.281050661033077631,-8732.168845330441399710
2412390.792556570377200842,-23350.385543193893681746,-33980.069054509491252247,-8751.760017444834375056
2412449.627965928521007299,-23199.607970462988305371,-34078.230860594812838826,-8771.189896769563347334
2412623.562804291024804115,-22751.375399825970816892,-34364.746730336140899453,-8827.683675247335486347
2412904.995284589007496834,-22018.390664594124245923,-34816.596884429141937289,-8916.077131722096964950
2413281.625456970650702715,-21022.995456159922468942,-35398.289631848841963802,-9028.482057973949849838
2413736.992775631137192249,-19798.377789028796541970,-36065.855195680785982404,-9155.273734748454444343
2414251.195503649767488241,-18389.335226290735590737,-36771.781774413459061179,-9286.291821326103672618
2414801.760514393914490938,-16852.013871980707335752,-37470.235398286175040994,-9412.081640911379508907
2415364.625474989414215088,-15252.261304086881864350,-38121.791721419584064279,-9524.981571501561120385
2415915.190485733561217785,-13662.566795685204851907,-38696.928814483027963433,-9619.876245012306753779
2416429.393213752191513777,-12157.907094046349811833,-39177.718291419711022172,-9694.489532458628673339
2416884.760532412678003311,-10811.059493177446711343,-39557.486317530427186284,-9749.177749100435903529
2417261.390704794321209192,-9688.014106879818427842,-39838.620696858422888909,-9786.282166726483410457
2417542.823185092303901911,-8844.010219664189207833,-40029.072224173149152193,-9809.186008075896097580
2417716.758023454807698727,-8320.500359768389898818,-40138.345619724634161685,-9821.274264537005365128
2417775.593432812951505184,-8143.109828118926088791,-40173.846596220922947396,-9825.005384300475270720
2417834.428842170629650354,-7965.569270435131329577,-40208.607422695124114398,-9828.555477866157161770
2418008.363680533133447170,-7439.861240716993052047,-40307.036199862639477942,-9837.991353081484703580
2418289.796160831116139889,-6586.747572575106460135,-40452.544883381960971747,-9849.903054977974534268
2418666.426333212759345770,-5440.778213558129209559,-40620.584806036240479443,-9859.346782294371223543
2419121.793651873245835304,-4049.831924599006015342,-40782.795043541504128370,-9860.824618470553104999
2419635.996379891876131296,-2473.876970130360859912,-40911.857828318410611246,-9849.412424350059154676
2420186.561390636023133993,-782.676621429032820743,-40986.235212497449538205,-9821.831026509305957006
2420749.426351231522858143,947.590109734454017598,-40993.937469497155689169,-9777.256752213539584773
2421299.991361975669860840,2638.521593487479549367,-40934.617988364312623162,-9717.709922991361963795
2421814.194089994300156832,4213.986025977537792642,-40819.592237028417002875,-9647.938872703543893294
2422269.561408654786646366,5604.305911286392074544,-40669.778507976101536769,-9574.815235412639594870
2422646.191581036429852247,6749.621860029765230138,-40511.958954706911754329,-9506.349559185811813222
2422927.624061334412544966,7602.167888573960226495,-40374.063978419879276771,-9450.502563655103585916
2423101.558899696916341782,8127.491365400266658980,-40280.329458392523520160,-9413.994302702649292769
2423160.394309055060148239,8304.896036734229710419,-40247.154430128117382992,-9401.301677605635632062
2423219.229718413203954697,8482.147754190962587018,-40213.238157377963943873,-9388.435892910030815983
2423393.164556775707751513,9005.230163617066864390,-40108.642982605881115887,-9349.390511400390096242
2423674.597037073690444231,9848.488650627441529650,-39925.738696603722928558,-9283.029044161408819491
2424051.227209455333650112,10970.433435842402104754,-39654.657380218537582550,-9188.104671425277047092
2424506.594528115820139647,12315.794891603298310656,-39286.963812122507079039,-9064.082858031008072430
2425020.797256134450435638,13818.575547107502643485,-38819.690134654207213316,-8912.024339517553016776
2425571.362266878597438335,15406.027359081439499278,-38258.867631635082943831,-8735.323022013388253981
2426134.227227474097162485,17003.247304926633660216,-37621.757993591403646860,-8540.116283586921781534
2426684.792238218244165182,18537.864350812516931910,-36937.231930112851841841,-8335.249774124215036863
2427198.994966236874461174,19944.185591232970182318,-36244.114087708680017386,-8131.770381163547426695
2427654.362284897360950708,21166.241320267326955218,-35587.718245271978958044,-7942.015956010876834625
2428030.992457279004156590,22159.413520329639140982,-35015.132651006257219706,-7778.444154347267613048
2428312.424937576986849308,22890.677588587168429513,-34570.006192574663145933,-7652.379114761806704337
2428486.359775939490646124,23337.821902336560015101,-34287.609669973760901485,-7572.851352929112181300
2428545.195185297634452581,23488.227137188550841529,-34190.834898200329917017,-7545.673742323913756991
2428604.030594655312597752,23638.199947730528947432,-34093.430664349209109787,-7518.357203596653562272
2428777.965433017816394567,24079.008415566648181994,-33801.811313501188124064,-7436.793877963591512525
2429059.397913315799087286,24784.015137954040255863,-33318.463106601593608502,-7302.292943448908772552
2429436.028085697442293167,25711.113211279160168488,-32649.695966121835226659,-7117.492979178354289616
2429891.395404357928782701,26806.063420706785109360,-31808.277011177597159985,-6886.902222974375035847
2430405.598132376559078693,28006.892850412412371952,-30816.030359252450580243,-6617.402283129198622191
2430956.163143120706081390,29248.948044726050284225,-29705.626849360858614091,-6318.540562450336437905
2431519.028103716205805540,30470.006279612316575367,-28520.939378138726169709,-6002.478098526280518854
2432069.593114460352808237,31614.742421086302783806,-27315.648717037496680859,-5683.536309594670456136
2432583.795842478983104229,32637.897837613134470303,-26150.167447634135896806,-5377.376358511308353627
2433039.163161139469593763,33505.723378487287845928,-25087.297876214703137521,-5099.922071542972844327
2433415.793333521112799644,34195.625918873476621229,-24187.259735941981489304,-4866.180354443295072997
2433697.225813819095492363,34694.341103881954040844,-23502.771700274759496097,-4689.114028011365007842
2433871.160652181599289179,34995.272590982152905781,-23074.768021596224571113,-4578.688916604533005739
2433929.996061539743095636,35095.794436742384277750,-22929.147492532712931279,-4541.168795804060209775
2433988.831470897886902094,35195.670394865162961651,-22783.104985473073611502,-4503.565095110508991638
2434162.766309260390698910,35487.138388120169111062,-22348.918518512837181333,-4391.915377685862040380
2434444.198789558373391628,35946.634452899052121211,-21638.807428222477028612,-4209.773970571524841944
2434820.828961940016597509,36537.845707205189683009,-20674.291165088630805258,-3963.261264447533903876
2435276.196280600503087044,37215.820406099381216336,-19487.385752466834674124,-3661.239557682714803377
2435790.399008619133383036,37932.042591367913701106,-18121.373972245819459204,-3315.361076987526757875
2436340.964019363280385733,38639.791248922301747371,-16630.581832402713189367,-2939.870722735944582382
2436903.828979958780109882,39298.989045066824473906,-15078.805169365696201567,-2551.099700440830929438
2437454.393990702927112579,39879.769546846924640704,-13536.355971296645293478,-2166.663458836210338632
2437968.596718721557408571,40364.187434261730231810,-12076.034194507963547949,-1804.452503694632468978
2438423.964037382043898106,40745.840873194225423504,-10768.569376445702800993,-1481.552450626102654496
2438800.594209763687103987,41027.591015804391645361,-9678.147031742475519422,-1213.235423993497533957
2439082.026690061669796705,41217.944748906251334120,-8858.533229981876502279,-1012.130384223713917891
2439255.961528424173593521,41326.919139139652543236,-8350.097481833166966680,-887.622189339777833084
2439314.796937782317399979,41362.277735221294278745,-8177.805406539097020868,-845.472589408604108030
2439373.632347139995545149,41396.875338950609148014,-8005.362874169230053667,-803.307433129699347774
2439547.567185502499341965,41494.699729906576976646,-7494.722640586878696922,-678.571307796813925961
2439828.999665800482034683,41638.845028397110581864,-6665.972883621092478279,-476.521664685631549219
2440205.629838182125240564,41804.315866094613738824,-5552.560695537227729801,-205.827618933344638208
2440660.997156842611730099,41962.284448016034730244,-4200.870452807146648411,121.645116876516112825
2441175.199884861242026091,42085.068778739085246343,-2669.048465313251654152,491.248898388523230096
2441725.764895605389028788,42150.982419934567587916,-1024.801491863887349609,886.210759113946551224
2442288.629856200888752937,42148.183382148861710448,657.864920796964725014,1288.515691769713157555
2442839.194866945035755634,42076.799722170580935199,2302.709561126444896217,1679.935341493630403420
2443353.397594963666051626,41948.921744842322368640,3835.622869283099134918,2043.072183968437457224
2443808.764913624152541161,41786.462005860179488081,5188.708489139702578541,2362.278134444899478694
2444185.395086005795747042,41617.295214937657874543,6303.578306663919647690,2624.338896936907985946
2444466.827566303778439760,41470.401448699885804672,7133.596095760491152760,2818.880126983331138035
2444640.762404666282236576,41370.884816199664783198,7645.096291911460866686,2938.525161376743199071
2444699.597814024426043034,41335.715976936138758902,7817.842880753240024205,2978.890459814629139146
2444758.433223382569849491,41299.786765832432138268,7990.445660121411492582,3019.200957395132718375
2444932.368061745073646307,41189.129225558113830630,8499.838771440692653414,3138.043054019795818022
2445213.800542043056339025,40996.064698517882789019,9321.124266922146489378,3329.256706057578412583
2445590.430714424699544907,40710.713379000408167485,10414.020080662936379667,3582.943925639377994230
2446045.798033085186034441,40324.750996662398392800,11724.834682012580742594,3886.041822717754257610
2446560.000761103816330433,39835.533753763513232116,13189.408183014624228235,4223.136649171818135073
2447110.565771847963333130,39249.701592859441007022,14736.956077359289338347,4577.479696992781100562
2447673.430732443463057280,38585.442544845958764199,16294.522557824522664305,4932.113033229947177460
2448223.995743187610059977,37872.854111546745116357,17791.535003005199541803,5270.968348284248349955
2448738.198471206240355968,37152.219162562025303487,19163.846452052377571817,5579.787379173092631390
2449193.565789866726845503,36470.429256110546702985,20356.720030853197386023,5846.739577630763960769
2449570.195962248370051384,35876.131910647360200528,21326.444785244435479399,6062.678234248884109547
2449851.628442546352744102,35414.372576825415308122,22040.606695107322593685,6221.061434514816937735
2450025.563280908856540918,35121.524641370262543205,22477.363939806957205292,6317.642622386450966587
2450084.398690267000347376,35021.185215714773221407,22624.287590115120110568,6350.083168359295086702
2450143.234099624678492546,34920.201593441575823817,22770.795078334536810871,6382.406899154269922292
2450317.168937987182289362,34617.914940372262208257,23201.454749148477276322,6477.276520320356212324
2450598.601418285164982080,34117.039156403079687152,23890.346758075662364718,6628.566551875581353670
2450975.231590666808187962,33424.308821079474000726,24796.482094035156478640,6826.655892330945789581
2451430.598909327294677496,32553.164697258886008058,25867.029522160672058817,7059.271593164212390548
2451944.801637345924973488,31526.398701862584857736,27041.574819154709985014,7312.578407131626590854
2452495.366648090071976185,30377.963355166990368161,28257.022080676302721258,7572.399452407404169207
2453058.231608685571700335,29153.307747276652662549,29452.561561084956338163,7825.413231035021453863
2453608.796619429718703032,27907.920012644644884858,30574.023187986247648951,8060.155588690682634478
2454122.999347448348999023,26704.149078987691609655,31576.979754637599398848,8267.676474640869855648
2454578.366666108835488558,25606.734940332513360772,32428.180542525507917162,8441.762765247167408234
2454954.996838490478694439,24677.700855370763747487,33105.242148928948154207,8578.727181416961684590
2455236.429318788461387157,23971.308491033189056907,33594.905320795391162392,8676.855968537882290548
2455410.364157150965183973,23529.669983680047153030,33890.476421994761039969,8735.679226284755714005
2455469.199566509108990431,23379.420980389266333077,33989.225706967663427349,8755.259396532241225941
2455528.034975867252796888,23228.741873396713344846,34087.349703064617642667,8774.678487117500480963
2455701.969814229756593704,22780.801521044377295766,34373.759121270581090357,8831.141618447476503206
2455983.402294527739286423,22048.292710353307484183,34825.453942483487480786,8919.489440089946583612
2456360.032466909382492304,21053.538995794639049564,35406.971628818391764071,9031.840943173312552972
2456815.399785569868981838,19829.701022691711841617,36074.375790864891314413,9158.579692703246109886
2457329.602513588499277830,18421.539653111867664848,36780.186126839100325014,9289.553256020222761435
2457880.167524332646280527,16885.156603083632944617,37478.592327350947016384,9415.313086000078328652
2458443.032484928146004677,15286.350856340177415404,38130.181340302537137177,9528.200863625545025570
2458993.597495672293007374,13697.563564761228917632,38705.428083413942658808,9623.101231632444978459
2459507.800223690923303366,12193.728543020471988712,39186.387379080253595021,9697.734981598372542066
2459963.167542351409792900,10847.588850698120950256,39566.358355079042667057,9752.453038634132099105
2460339.797714733052998781,9725.110536829255579505,39847.696590893632674124,9789.590105179649981437
2460621.230195031035691500,8881.518303461991308723,40038.321013515895174351,9812.522865883580379887
2460795.165033393539488316,8358.257323313657252584,40147.709815323665679898,9824.630866321163921384
2460854.000442751683294773,8180.949982357713452075,40183.251280480726563837,9828.368981137518858304
2460912.835852109361439943,8003.492101207295490894,40218.053321162056818139,9831.926227648993517505
2461086.770690471865236759,7478.025418511511816178,40316.608134434318344574,9841.384160102013993310
2461368.203170769847929478,6625.292200878182484303,40462.333750093348498922,9853.334364665799512295
2461744.833343151491135359,5479.811495118694438133,40630.688230246065359097,9862.834831962754833512
2462200.200661811977624893,4089.422668061139120255,40793.313914048361766618,9864.388753665924014058
2462714.403389830607920885,2514.050298359165026341,40922.888789014534268063,9853.071512863163661677
2463264.968400574754923582,823.414906043479277287,40997.860408576896588784,9825.601279429138230626
2463827.833361170254647732,-906.340898022135661449,41006.213729848030197900,9781.149452386751363520
2464378.398371914401650429,-2596.841087304135726299,40947.567861042211006861,9721.729595949560462032
2464892.601099933031946421,-4171.966276576822565403,40833.198782357845630031,9652.082298382279986981
2465347.968418593518435955,-5562.038483485659526195,40683.984692565856676083,9579.071445360525103752
2465724.598590975161641836,-6707.187758638603554573,40526.671302236609335523,9510.700695921645092312
2466006.031071273144334555,-7559.632086765101121273,40389.159272460958163720,9454.925298931462748442
2466179.965909635648131371,-8084.902547421945200767,40295.663023553490347695,9418.461474842195457313
2466238.801318993791937828,-8262.290992271817231085,40262.568823985864582937,9405.783902769362612162
2466297.636728351935744286,-8439.527347439048753586,40228.733483585696376394,9392.933179087434837129
2466471.571566714439541101,-8962.569401715030835476,40124.378098576962656807,9353.932351512419700157
2466753.004047012422233820,-9805.778637234201596584,39941.863051141081086826,9287.642968183899938595
2467129.634219394065439701,-10927.688578082328604069,39671.303719785930297803,9192.814745061383291613
2467585.001538054551929235,-12273.055334784170554485,39304.240182289555377793,9068.908074025348469149
2468099.204266073182225227,-13775.904019220812187996,38837.672185200433887076,8916.977136594992771279
2468649.769276817329227924,-15363.500708875326381531,38277.592798724937892985,8740.408276556110649835
2469212.634237412828952074,-16960.944210210895107593,37641.223126033488370012,8545.331096330941363703
2469763.199248156975954771,-18495.851608727207349148,36957.395259496457583737,8340.584205414219468366
2470277.401976175606250763,-19902.505746219387219753,36264.901320059485442471,8137.209028547680645715
2470732.769294836092740297,-21124.904001853508816566,35609.031406370624608826,7947.540018599880568217
2471109.399467217735946178,-22118.391905412157939281,35036.859601686410314869,7784.033489989400550257
2471390.831947515718638897,-22849.910242921752796974,34592.028716957829601597,7658.013820781307003926
2471564.766785878222435713,-23297.219288312910066452,34309.808703863694972824,7578.512573815525684040
2471623.602195236366242170,-23447.681526967055106070,34213.092537259675737005,7551.343661181679635774
2471682.437604594044387341,-23597.711980309300997760,34115.746342025864578318,7524.035681424684298690
2471856.372442956548184156,-24038.694541541823127773,33824.295200294516689610,7442.496834213576221373
2472137.804923254530876875,-24743.994314360861608293,33341.208181895017332863,7308.032834245903359260
2472514.435095636174082756,-25671.505564257931837346,32672.768401486966467928,7123.276941530137264635
2472969.802414296660572290,-26766.985340151433774736,31831.709505452010489535,6892.730922148759418633
2473484.005142315290868282,-27968.448754298929998185,30839.819688034411228728,6623.269730069172510412
2474034.570153059437870979,-29211.220191426073142793,29729.736477415244735312,6324.435051844651752617
2474597.435113654937595129,-30433.044784070421883371,28545.307114819232083391,6008.384207679853716400
2475148.000124399084597826,-31578.557744645011553075,27340.198260802011645865,5689.437643931676575448
2475662.202852417714893818,-32602.457398983147868421,26174.821645305659330916,5383.258519871124008205
2476117.570171078201383352,-33470.952806063425668981,25111.991011460479057860,5105.775243706731998827
2476494.200343459844589233,-34161.414277578667679336,24211.946364690717018675,4872.000980867036560085
2476775.632823757827281952,-34660.548640869055816438,23527.430390775371051859,4694.905267906804510858
2476949.567662120331078768,-34961.739406120694184210,23099.399534050542570185,4584.459831687468977179
2477008.403071478474885225,-35062.348945070370973554,22953.768094986611686181,4546.932462603428575676
2477067.238480836618691683,-35162.312577506607340183,22807.713809516331821214,4509.321325268618238624
2477241.173319199122488499,-35454.039572272064106073,22373.487441681376367342,4397.648523483214376029
2477522.605799497105181217,-35913.953667366957233753,21663.295707468925684225,4215.466298622101021465
2477899.235971878748387098,-36505.720953470176027622,20698.640458329631655943,3968.892317179146630224
2478354.603290539234876633,-37184.359898421993420925,19511.519736013426154386,3666.786499577596259769
2478868.806018557865172625,-37901.317116508340404835,18145.203240407681732904,3320.800133927048591431
2479419.371029302012175322,-38609.829234323544369545,16654.013648896529048216,2945.179564129117352422
2479982.235989897511899471,-39269.775774436617211904,15101.756469166888564359,2556.260360495907661971
2480532.801000641658902168,-39851.251158036837296095,13558.767134677669673692,2171.665226222037745174
2481047.003728660289198160,-40336.279118334488885012,12097.880850267647474539,1809.294192869936523493
2481502.371047320775687695,-40718.437521049832866993,10789.869951417720585596,1486.243614306695235427
2481879.001219702418893576,-41000.577897604402096476,9698.964772767438262235,1217.796318359694851097
2482160.433700000401586294,-41191.205919363150314894,8878.972599397464364301,1016.590759667473321315
2482334.368538362905383110,-41300.342086926066258457,8370.295773616111546289,892.019160461401042994
2482393.203947721049189568,-41335.754031992160889786,8197.920932671338960063,849.847900573593506124
2482452.039357078727334738,-41370.404280193550221156,8025.395028060353070032,807.660979314496216830
2482625.974195441231131554,-41468.380126720985572319,7514.504829933917790186,682.859911031577212270
2482907.406675739213824272,-41612.756952076211746316,6685.339887676811486017,480.703375968521868344
2483284.036848120857030153,-41778.510518788236367982,5571.352341039157181513,209.863048226012324449
2483739.404166781343519688,-41936.777666104833770078,4218.938486724211543333,-117.790917972430179361
2484253.606894799973815680,-42059.839517245818569791,2686.266249188272922765,-487.604144521617854480
2484804.171905544120818377,-42125.976994245596870314,1041.075035438923805486,-882.794598378102818970
2485367.036866139620542526,-42123.325220043559966143,-642.586788955093652476,-1285.336321859249437694
2485917.601876883767545223,-42052.003126893097942229,-2288.428128198669583071,-1676.989021539317036513
2486431.804604902397841215,-41924.107100977700611111,-3822.287124583446711767,-2040.343384089508617762
2486887.171923562884330750,-41761.569380425637064036,-5176.217726821028918494,-2359.740771300253982190
2487263.802095944527536631,-41592.293615133989078458,-6291.788900699415535200,-2621.958335540119151119
2487545.234576242510229349,-41445.291986281539720949,-7122.330829859660298098,-2816.615491103126259986
2487719.169414605014026165,-41345.697361705380899366,-7634.154536078167438973,-2936.331532524061913136
2487778.004823963157832623,-41310.500180776689376216,-7807.010433690920763183,-2976.720727958287170622
2487836.840233321301639080,-41274.541637201553385239,-7979.722446186417073477,-3017.055057619094441179
2488010.775071683805435896,-41163.791588715852412861,-8489.437959170849353541,-3135.967210134469496552
2488292.207551981788128614,-40970.559062059262942057,-9311.242999634654552210,-3327.292846137286687735
2488668.837724363431334496,-40684.947592659846122842,-10404.828595425882667769,-3581.126950357203895692
2489124.205043023917824030,-40298.617033328388060909,-11716.465868578241497744,-3884.397212574353034142
2489638.407771042548120022,-39808.914302255485381465,-13181.948862233148247469,-4221.678742031195724849
2490188.972781786695122719,-39222.481874483164574485,-14730.441654553585976828,-4576.210999239330703858
2490751.837742382194846869,-38557.525467703111644369,-16288.936479736068577040,-4931.024817231205815915
2491302.402753126341849566,-37844.175934025079186540,-17786.813563472540408839,-5270.042538654153759126
2491816.605481144972145557,-37122.762588690493430477,-19159.888208500990003813,-5578.999413519726658706
2492271.972799805458635092,-36440.231435313347901683,-20353.397881018878251780,-5846.061660403247515205
2492648.602972187101840973,-35845.285958364132966381,-21323.618088879571587313,-6062.082290542406553868
2492930.035452485084533691,-35383.022547540713276248,-22038.130968125486106146,-6220.521161054239200894
2493103.970290847588330507,-35089.854941827936272603,-22475.096540722013742197,-6317.134295219650084618
2493162.805700205732136965,-34989.406013295279990416,-22622.089139866824552882,-6349.585214663944498170
2493221.641109563410282135,-34888.312205574235122185,-22768.664798109741241205,-6381.919098113437939901
2493395.575947925914078951,-34585.695882085237826686,-23199.521386384447396267,-6476.817430369446810801
2493677.008428223896771669,-34084.274594201233412605,-23888.717090691854536999,-6628.149728380150918383
2494053.638600605539977551,-33390.791996522799308877,-24795.229017196637869347,-6826.287339453127060551
2494509.005919266026467085,-32518.706778322339232545,-25866.184277609405398834,-7058.948361601454962511
2495023.208647284656763077,-31490.840592877932067495,-27041.124833456655323971,-7312.288671526133839507
2495573.773658028803765774,-30341.188775100737984758,-28256.915227528144896496,-7572.124193373376328964
2496136.638618624303489923,-29115.255100476548250299,-29452.716551169236481655,-7825.129344070337538142
2496687.203629368450492620,-27868.590543727383192163,-30574.344452557568729389,-8059.839915093740273733
2497201.406357387080788612,-26663.609577760093088727,-31577.374053341751277912,-8267.310002505553711671
2497656.773676047567278147,-25565.114570195779378992,-32428.572013230477750767,-8441.334174222785804886
2498033.403848429210484028,-24635.183016477145429235,-33105.582834400185674895,-8578.235034596880723257
2498314.836328727193176746,-23928.119496838648046833,-33595.179248921056569088,-8676.309145325336430687
2498488.771167089696973562,-23486.066457238972361665,-33890.696736940830305684,-8735.095547677781723905
2498547.606576447840780020,-23335.677332249695609789,-33989.425748341374855954,-8754.662722853354352992
2498606.441985805984586477,-23184.858168479862797540,-34087.528389616702042986,-8774.068551759912224952
2498780.376824168488383293,-22736.504235179505485576,-34373.868353290083177853,-8830.490921644355694298
2499061.809304466471076012,-22003.328213082968431991,-34825.430787543831684161,-8918.767884285109175835
2499438.439476848114281893,-21007.686964815824467223,-35406.732687244722910691,-9031.015145555174967740
2499893.806795508600771427,-19782.787277272313076537,-36073.817212116970040370,-9157.613654143795429263
2500408.009523527231067419,-18373.446961067958909553,-36779.190068627773143817,-9288.410521980062185321
2500958.574534271378070116,-16835.831599041230219882,-37477.039283410711504985,-9413.960183523631712887
2501521.439494866877794266,-15235.805451127111155074,-38127.966362895975180436,-9526.611462616980134044
2502072.004505611024796963,-13645.870186050764459651,-38702.477891059192188550,-9621.260258371512463782
2502586.207233629655092955,-12141.009950488216418307,-39182.675021895738609601,-9695.641884636635950301
2503041.574552290141582489,-10794.004606878726917785,-39561.912635029824741650,-9750.123584198190656025
2503418.204724671784788370,-9670.842968678443867248,-39842.604603052204765845,-9787.056395955100015271
2503699.637204969767481089,-8826.760672335854906123,-40032.723564932653971482,-9809.831618846736091655
2503873.572043332271277905,-8303.205986943437892478,-40141.790646530520461965,-9821.840245515275455546
2503932.407452690415084362,-8125.800922555143188220,-40177.221708038305223454,-9825.544408396624930901
2503991.242862048093229532,-7948.246151048915635329,-40211.912557460898824502,-9829.067535177680838387
2504165.177700410597026348,-7422.497968586387287360,-40310.134111332772590686,-9838.423635509658197407
2504446.610180708579719067,-6569.325256398173223715,-40455.306460860134393442,-9850.206117656402057037
2504823.240353090222924948,-5423.288375891970645171,-40622.894488966740027536,-9859.476725995908054756
2505278.607671750709414482,-4032.278085974270652514,-40784.556070579747029115,-9860.745134300694189733
2505792.810399769339710474,-2456.274150245117198210,-40912.997015471577469725,-9849.096572974533046363
2506343.375410513486713171,-765.048812907414685469,-40986.706843052153999452,-9821.262597049539181171
2506906.240371108986437321,965.214074004215945024,-40993.725863992680388037,-9776.431055783363262890
2507456.805381853133440018,2656.113056322334159631,-40933.738426225005241577,-9716.633927976548875449
2507971.008109871763736010,4231.521511264851142187,-40818.090104345792497043,-9646.630672074283211259
2508426.375428532250225544,5621.771226333228696603,-40667.726785046841541771,-9573.302926635438780067
2508803.005600913893431425,6767.014576118213881273,-40509.454360987154359464,-9504.669686880439257948
2509084.438081211876124144,7619.497784439248789568,-40371.222201276432315353,-9448.698303110035340069
2509258.372919574379920959,8144.778783344903786201,-40277.279881792877858970,-9412.113543236348050414
2509317.208328932523727417,8322.168455931132484693,-40244.034672748450248037,-9399.395109498724195873
2509376.043738290667533875,8499.404856559362087864,-40210.048276817840815056,-9386.503551312325726030
2509549.978576653171330690,9022.440127547837619204,-40105.246146539175242651,-9347.382185892329289345
2509831.411056951154023409,9865.616479972384695429,-39922.008174644848622847,-9280.898464745096134720
2510208.041229332797229290,10987.440063451424066443,-39650.482788636414625216,-9185.811899313306639669
2510663.408547993283718824,12332.637852585881773848,-39282.256560748974152375,-9061.596309500000643311
2511177.611276011914014816,13835.211374241865996737,-38814.387683841930993367,-8909.322288584149646340
2511728.176286756061017513,15422.415480263538483996,-38252.936191977532871533,-8732.394452864256891189
2512291.041247351560741663,17019.354880778126243968,-37615.193419227442063857,-8536.961022676619904814
2512841.606258095707744360,18553.671255392029706854,-36930.058762751585163642,-8331.877919367001595674
2513355.808986114338040352,19959.688663745306257624,-36236.382957093017466832,-8128.201142729678394971
2513811.176304774824529886,21181.457114324912254233,-35579.502054394288279582,-7938.276102636777068255
2514187.806477156467735767,22174.379019415944640059,-35006.522100244248576928,-7774.566296641900407849
2514469.238957454450428486,22905.448678989901964087,-34561.105188688328780700,-7648.400039936252142070
2514643.173795816954225302,23352.469726128045294899,-34278.531024598349176813,-7568.810558238252269803
2514702.009205175098031759,23502.832730387694027741,-34181.696493049566925038,-7541.612216926656401483
2514760.844614532776176929,23652.763041527367022354,-34084.232667786367528606,-7514.275022299185366137
2514934.779452895279973745,24093.444304196520533878,-33792.438142294595309068,-7432.651072858290717704
2515216.211933193262666464,24798.240295506438997108,-33308.809705505213059951,-7298.053463560918316944
2515592.842105574905872345,25725.047000065802421886,-32639.673930899771221448,-7113.126925321801536484
2516048.209424235392361879,26819.630917862414207775,-31797.819403818408318330,-6882.387542548396595521
2516562.412152254022657871,28020.028773974983778317,-30805.094796111407049466,-6612.725767676525720162
2517112.977162998169660568,29261.601427877678361256,-29694.196600796254642773,-6313.698064301901467843
2517675.842123593669384718,30482.145276264644053299,-28509.022451183358498383,-5997.473981943487160606
2518226.407134337816387415,31626.358493330313649494,-27303.275169273438223172,-5678.382261467904754682
2518740.609862356446683407,32649.008607512696471531,-26137.385438159639306832,-5372.089779718586214585
2519195.977181016933172941,33516.373607102206733543,-25074.169130367758043576,-5094.524326601105713053
2519572.607353398576378822,34205.886349326821800787,-24173.855130686024494935,-4860.695156977086298866
2519854.039833696559071541,34704.305197624846186955,-23489.167552233739115763,-4683.566180108271510107
2520027.974672059062868357,35005.051433968714263756,-23061.043409166923083831,-4573.103515267994225724
2520086.810081417206674814,35105.510259311653499026,-22915.382630501124367584,-4535.570894679298362462
2520145.645490775350481272,35205.323018320552364457,-22769.300127234841056634,-4497.954797240858169971
2520319.580329137854278088,35496.603142584623128641,-22334.996908604232885409,-4386.269036165391298709
2520601.012809435836970806,35955.792020048895210493,-21624.701661974722810555,-4204.071235533407161711
2520977.642981817480176687,36546.586171595794439781,-20659.948257991643913556,-3957.486821842448989628
2521433.010300477966666222,37224.047803590488911141,-19472.770591255808540154,-3655.384237251313606976
2521947.213028496596962214,37939.679767430243373383,-18106.470765334153838921,-3309.422193253249133704
2522497.778039240743964911,38646.784598306236148346,-16615.393443558896251488,-2933.851623383186961291
2523060.642999836243689060,39305.312554791518778075,-15063.350531074749596883,-2545.008620546268502949
2523611.208010580390691757,39885.427554644593328703,-13520.666078595044382382,-2160.511894523235241650
2524125.410738599020987749,40369.215648228251666296,-12060.147408242868550587,-1798.253399117220396874
2524580.778057259507477283,40750.305433514942706097,-10752.526858183155127335,-1475.318517394433001755
2524957.408229641150683165,41031.585642968719184864,-9661.989061761247285176,-1206.977874356856773375
2525238.840709939133375883,41221.586241114251606632,-8842.296938304389186669,-1005.858266595703753410
2525412.775548301637172699,41330.341607085378200281,-8333.816200335109897424,-881.342388123342971085
2525471.610957659780979156,41365.625989621221378911,-8161.509498962033831049,-839.190417644345870940
2525530.446367017459124327,41400.149318296527781058,-7989.052640346642874647,-797.023006409126537619
2525704.381205379962921143,41497.753783771600865293,-7478.371810089629434515,-672.280891121783497510
2525985.813685677945613861,41641.542212415202811826,-6649.561937751081131864,-470.223698869533109246
2526362.443858059588819742,41806.533718435974151362,-5536.080112495292269159,-199.523699014865997015
2526817.811176720075309277,41963.920566769033030141,-4184.322270596232556272,127.949888719060254516
2527332.013904738705605268,42086.045873283241235185,-2652.445874863136850763,497.546279943362605991
2527882.578915482852607965,42151.252395776922639925,-1008.166507179681502748,892.490419001598638715
2528445.443876078352332115,42147.730007748010393698,674.505324416961229872,1294.766777575761807384
2528996.008886822499334812,42075.639540279524226207,2319.328163580205000471,1686.148295718990993919
2529510.211614841129630804,41947.103106771719467361,3852.196935920212126803,2049.240485722944868030
2529965.578933501616120338,41784.062360122807149310,5205.223672008309222292,2368.399654847151396098
2530342.209105883259326220,41614.416995398009021301,6320.031034772451675963,2630.416625842266512336
2530623.641586181242018938,41467.167018254760478158,7149.994056907649792265,2824.922140548402239801
2530797.576424543745815754,41367.430906959350977559,7661.456952915694273543,2944.543829102931340458
2530856.411833901889622211,41332.187950540137535427,7834.190328943826898467,2984.901011341124103637
2530915.247243260033428669,41296.184687221488275100,8006.779594794432341587,3025.203282152640895220
2531089.182081622537225485,41185.308619659459509421,8516.131000081593811046,3144.020412882895470830
2531370.614561920519918203,40991.891824988597363699,9337.343469474049925338,3335.191635660699830623
2531747.244734302163124084,40706.071854564543173183,10430.130881013865291607,3588.818168771093041869
2532202.612052962649613619,40319.547553084972605575,11740.798210044908046257,3891.836783847411425086
2532716.814780981279909611,39829.702714528604701627,13205.184276290754496586,4228.834413622378633590
2533267.379791725426912308,39243.207682784828648437,14752.506920024337887298,4583.064521171723754378
2533830.244752320926636457,38578.281776310126588214,16309.817230606968223583,4937.573096758093015524
2534380.809763065073639154,37865.052711454402015079,17806.554193473937630188,5276.297483635240496369
2534895.012491083703935146,37143.830768813561007846,19178.586500168363272678,5584.986477492948324652
2535350.379809744190424681,36461.530845917477563489,20371.195574208679317962,5851.817413200496957870
2535727.009982125833630562,35866.819053881983563770,21340.689495101156353485,6067.651540928160102339
2536008.442462423816323280,35404.754594731792167295,22054.671898481487005483,6225.954181521072314354
2536182.377300786320120096,35111.720097165270999540,22491.315237307040661108,6322.484548889089637669
2536241.212710144463926554,35011.317920022302132566,22638.199849095362878870,6354.907727647008869098
2536300.048119502142071724,34910.271727751947764773,22784.668042876925028395,6387.214002472890570061
2536473.982957864645868540,34607.801171756356779952,23215.210058131888217758,6482.031502715679380344
2536755.415438162628561258,34106.631282805472437758,23903.907020942009694409,6633.235585324368003057
2537132.045610544271767139,33413.514232627123419661,24809.772419314533181023,6831.206835269946168410
2537587.412929204758256674,32541.913439503878180403,25879.980118598490662407,7063.675185042451630579
2538101.615657223388552666,31514.646697556607250590,27054.124657496511645149,7316.809784686676721321
2538652.180667967535555363,30365.693511940546159167,28269.123288889117247891,7576.439852799539949046
2539215.045628563035279512,29140.528928581632499117,29464.183971562124497723,7829.251661831065575825
2539765.610639307182282209,27894.664143462672655005,30585.158326590135402512,8063.790208454029198037
2540279.813367325812578201,26690.466930421076540370,31587.643587237856991123,8271.115449404711398529
2540735.180685986299067736,25592.691316029064182658,32438.414463005661673378,8445.024436904019239591
2541111.810858367942273617,24663.369931332774285693,33115.111949330828792881,8581.839482320257957326
2541393.243338665924966335,23956.769924964297388215,33604.498163220174319576,8679.855115634756657528
2541567.178177028428763151,23515.006141582511190791,33899.896067955465696286,8738.607806024043384241
2541626.013586386572569609,23364.715294823174190242,33998.586422979067720007,8758.163998891195660690
2541684.848995744716376066,23213.994614856790576596,34096.651316861265513580,8777.559058641654701205
2541858.783834107220172882,22765.932949736255977768,34382.885014572755608242,8833.950839401852135779
2542140.216314405202865601,22033.232921783819620032,34834.292417576645675581,8922.182261412079242291
2542516.846486786846071482,21038.233238963417534251,35415.419661630519840401,9034.376225918113050284
2542972.213805447332561016,19814.113299010328773875,36082.343275881481531542,9160.921960037947428646
2543486.416533465962857008,18405.654193196452979464,36787.600442809161904734,9291.674476152798888506
2544036.981544210109859705,16868.977103563964192290,37485.402821081799629610,9417.194329443900642218
2544599.846504805609583855,15269.897691221915010829,38136.363180388805631083,9529.833637163905223133
2545150.411515549756586552,13680.869508719079021830,38710.984922002644452732,9624.488300042448827298
2545664.614243568386882544,12176.833783878952090163,39191.352381982949736994,9698.890544523474090965
2546119.981562228873372078,10830.536164937548164744,39570.793381833580497187,9753.402217125771130668
2546496.611734610516577959,9707.941423794261936564,39851.689555356155324262,9790.367783326615608530
2546778.044214908499270678,8864.270636969253246207,40041.981665335471916478,9813.172001736606034683
2546951.979053271003067493,8340.964736612986598630,40151.164305785430769902,9825.200418235024699243
2547010.814462629146873951,8163.642829945085395593,40186.635906918694672640,9828.911591462478099857
2547069.649871986825019121,7986.170701531351369340,40221.368021176742331591,9832.441886370670545148
2547243.584710349328815937,7460.663764537435781676,40319.715758819271286484,9841.820088156458950834
2547525.017190647311508656,6607.871330165427934844,40465.105272870881890412,9853.641142348980793031
2547901.647363028954714537,5462.322856234510254581,40633.008156177260389086,9862.968579142871021759
2548357.014681689441204071,4071.869707450394344050,40795.085522486035188194,9864.313172908830892993
2548871.217409708071500063,2496.447966804851603229,40924.038909535644052085,9852.759667956281191437
2549421.782420452218502760,805.787139378611755092,40998.343311769880529027,9825.036954650404368294
2549984.647381047718226910,-923.965304460252809804,41006.013701225623663049,9780.327947475871042116
2550535.212391791865229607,-2614.433488881091761868,40946.700129831260710489,9720.657863598997209920
2551049.415119810495525599,-4189.503181559841323178,40831.708677563517994713,9650.778414187992893858
2551504.782438470982015133,-5579.505655286709952634,40681.945138446455530357,9577.563490214681223733
2551881.412610852625221014,-6724.582699155311274808,40524.178969726483046543,9509.025200525338732405
2552162.845091150607913733,-7576.964484576943505090,40386.329811121737293433,9453.125428234849096043
2552336.779929513111710548,-8102.192639740991580766,40292.625790268990385812,9416.585111314005189342
2552395.615338871255517006,-8279.566144298871222418,40259.461418146085634362,9403.881732330377417384
2552454.450748229399323463,-8456.787241147474560421,40225.555962243750400376,9391.005236720429820707
2552628.385586591903120279,-8979.782330240697774570,40120.993641225206374656,9351.928428879760758718
2552909.818066889885812998,-9822.909712122396740597,39938.144929296504415106,9285.516794457038486144
2553286.448239271529018879,-10944.698827502892527264,39667.141537307463295292,9190.526376461082691094
2553741.815557932015508413,-12289.902371132389816921,39299.545320885190449189,9066.425917350974486908
2554256.018285950645804405,-13792.544429288820538204,38832.382063522403768729,8914.279452662853145739
2554806.583296694792807102,-15379.893947321565065067,38271.673577446425042581,8737.484034333665476879
2555369.448257290292531252,-16977.057435627670201939,37634.670609003333083820,8542.180107428048358997
2555920.013268034439533949,-18511.664665753596636932,36950.233946415064565372,8337.216555847375275334
2556434.215996053069829941,-19918.015421514974150341,36257.181814891220710706,8133.643921764156402787
2556889.583314713556319475,-21140.126779373378667515,35600.826607871269516181,7943.804223253097006818
2557266.213487095199525356,-22133.364688451045367401,35028.260229824045381974,7780.159623718758666655
2557547.645967393182218075,-22864.688832587671640795,34583.138720713490329217,7654.038684437105985126
2557721.580805755686014891,-23311.874740278923127335,34300.740955412788025569,7574.475683575084985932
2557780.416215113829821348,-23462.294791203217755537,34203.964990759202919435,7547.286028504018759122
2557839.251624471507966518,-23612.282787625554192346,34106.559165428559936117,7519.957381007374351611
2558013.186462834011763334,-24053.138267010326671880,33814.932732317531190347,7438.357874362085567554
2558294.618943131994456053,-24758.227500899105507415,33331.565287820929370355,7303.797140053295152029
2558671.249115513637661934,-25685.447624265558260959,32662.756597151448659133,7118.914590175434568664
2559126.616434174124151468,-26780.561377437195915263,31821.261775629063777160,6888.219838743269065162
2559640.819162192754447460,-27981.593488313599664252,30828.893579887626401614,6618.596686826025688788
2560191.384172936901450157,-29223.882633126682776492,29718.315206693885556888,6319.595886587801942369
2560754.249133532401174307,-30445.193046581342059653,28533.398655089018575381,6003.383276699049019953
2561304.814144276548177004,-31590.183238287798303645,27327.832662202818028163,5684.286633843494200846
2561819.016872295178472996,-32613.577692094600934070,26162.047087912847928237,5377.974839306607464096
2562274.384190955664962530,-33481.612612232907849830,25098.869269427312246989,5100.380272432867059251
2562651.014363337308168411,-34171.684304685208189767,24198.548388463845185470,4866.518454065018886467
2562932.446843635290861130,-34670.522330149884510320,23513.832590162688575219,4689.360013979541690787
2563106.381681997794657946,-34971.527837338500830811,23085.681094612395099830,4578.876977137228095671
2563165.217091355938464403,-35072.074352252871904057,22940.009346901606477331,4541.337092347293946659
2563224.052500714082270861,-35171.974781379038176965,22793.915006167306273710,4503.713542375011456897
2563397.987339076586067677,-35463.513891358794353437,22359.571712050172209274,4392.004650119222787907
2563679.419819374568760395,-35923.120762856611690950,21649.195539177911996376,4209.765956587154505542
2564056.049991756211966276,-36514.470876876199326944,20684.302772595132410061,3963.120168435849336674
2564511.417310416698455811,-37192.596639597722969484,19496.909344465988397133,3660.933355876473797252
2565025.620038435328751802,-37908.963464824417314958,18130.304300574171065819,3314.863299108339560917
2565576.185049179475754499,-38616.831524814413569402,16638.829001368540048134,2939.162383173123089364
2566139.050009774975478649,-39276.107939292611263227,15086.305051973606168758,2550.171073579924268415
2566689.615020519122481346,-39856.917494211746088695,13543.079975077467679512,2165.515341231828642776
2567203.817748537752777338,-40341.315315152918628883,12081.996363290170847904,1803.096670520721090725
2567659.185067198239266872,-40722.909727089507214259,10773.829368384140252601,1480.011185327774001053
2568035.815239579882472754,-41004.579870601352013182,9682.808452644901990425,1211.540214588861999800
2568317.247719877865165472,-41194.854521409426524770,8862.737754339868843090,1010.320048077028332045
2568491.182558240368962288,-41303.771513952342502307,8354.015817608269571792,885.740742352438246598
2568550.017967598512768745,-41339.109193648437212687,8181.626310407817072701,843.567104457815730711
2568608.853376956190913916,-41373.685114558546047192,8009.086039785230241250,801.377920935246947920
2568782.788215318694710732,-41471.440878802437509876,7498.155129848448268604,676.570841996664967155
2569064.220695616677403450,-41615.460573278825904708,6668.929893810702196788,474.406727193239930784
2569440.850867998320609331,-41780.734445479807618540,5554.872487069507769775,203.560410162517655408
2569896.218186658807098866,-41938.419401295708667021,4202.390789390941790771,-124.094441390046995366
2570410.420914677437394857,-42060.821688209245621692,2669.663902917345694732,-493.900302976519014919
2570960.985925421584397554,-42126.251444589281163644,1024.440080467080406379,-889.073047168236371363
2571523.850886017084121704,-42122.875683281854435336,-659.227333847964473534,-1291.586192215476330603
2572074.415896761231124401,-42050.846142893591604661,-2305.046990208858915139,-1683.200739428084489191
2572588.618624779861420393,-41922.291051938947930466,-3838.861516236858733464,-2046.510414916239824379
2573043.985943440347909927,-41759.171778221549175214,-5192.733255638340779115,-2365.860977884065505350
2573420.616115821991115808,-41589.416985285053669941,-6308.241965442495711613,-2628.034706431357335532
2573702.048596119973808527,-41442.058805729546293151,-7138.729104812788136769,-2822.656108474508073414
2573875.983434482477605343,-41342.244492367193743121,-7650.515489975521632005,-2942.348778263116400922
2573934.818843840621411800,-41306.973123282943561208,-7823.358166521480598021,-2982.729848394290456781
2573993.654253198765218258,-41270.940456518401333597,-7996.056656649401702452,-3023.055941991569852689
2574167.589091561269015074,-41159.971671123486885335,-8505.730433956785418559,-3141.943100019303528825
2574449.021571859251707792,-40966.386538591199496295,-9327.462389318337955046,-3333.226256981437472859
2574825.651744240894913673,-40680.305968317399674561,-10420.939482608875550795,-3586.999601367340801517
2575281.019062901381403208,-40293.412951783939206507,-11732.429329735292412806,-3890.190482708338095108
2575795.221790920011699200,-39803.082028322118276265,-13197.724672757154621650,-4227.374690731001464883
2576345.786801664158701897,-39215.986107410128170159,-14745.991934392666735221,-4581.793859135072125355
2576908.651762259658426046,-38550.362228033794963267,-16304.230252249231853057,-4936.482749260441778461
2577459.216773003805428743,-37836.371487928750866558,-17801.831475189021148253,-5275.369364628280891338
2577973.419501022435724735,-37114.370638705055171158,-19174.626582743665494490,-5584.196024270906491438
2578428.786819682922214270,-36431.329041076554858591,-20367.871368477186479140,-5851.136841484989417950
2578805.416992064565420151,-35835.968782394855224993,-21337.860405088467814494,-6067.052798612687183777
2579086.849472362548112869,-35373.400007568496221211,-22052.193513120124407578,-6225.410998390118038515
2579260.784310725051909685,-35080.045697479938098695,-22489.045011123242147733,-6321.973242043404752621
2579319.619720083195716143,-34979.533970269047131296,-22635.998513819366053212,-6354.406770362114912132
2579378.455129440873861313,-34878.377545837451179978,-22782.534819265078112949,-6386.723173818496434251
2579552.389967803377658129,-34575.577184152461995836,-23213.273576976913318504,-6481.569313480988057563
2579833.822448101360350847,-34073.861581586439569946,-23902.273944366439536680,-6632.815544597924599657
2580210.452620483003556728,-33379.992006774664332625,-24808.515529988981143106,-6830.834903736602427671
2580665.819939143490046263,-32507.449831458412518259,-25879.130553779839829076,-7063.348374698081897805
2581180.022667162120342255,-31479.082614801496674772,-27053.669753902308002580,-7316.516238670799793908
2581730.587677906267344952,-30328.912702886991610285,-28269.010852656043425668,-7576.160529888471501181
2582293.452638501767069101,-29102.469847056687285658,-29464.332675338439003099,-7828.963447420628654072
2582844.017649245914071798,-27855.328094376855005976,-30585.472598402477160562,-8063.469946697125124047
2583358.220377264544367790,-26649.920764360249449965,-31588.030220438442484010,-8270.744144323867658386
2583813.587695925030857325,-25551.064248112634231802,-32438.797664778954640497,-8444.590796099048020551
2584190.217868306674063206,-24620.845397623859753367,-33115.443863187632814515,-8581.342106954081828007
2584471.650348604656755924,-23913.574256130166759249,-33604.762942864275828470,-8679.302930945126718143
2584645.585186967160552740,-23471.395960682209988590,-33900.107001259872049559,-8738.018684158163523534
2584704.420596325304359198,-23320.965000385091116186,-33998.777003832285117824,-8757.561854365605540806
2584763.256005683448165655,-23170.104272477467020508,-34096.820464015305333305,-8776.943624890631326707
2584937.190844045951962471,-22721.629056477126141544,-34382.984474080447398592,-8833.294563026971445652
2585218.623324343934655190,-21988.261878267534484621,-34834.259113458749197889,-8921.454995597701781662
2585595.253496725577861071,-20992.374767691500892397,-35415.170068669431202579,-9033.544545803440996679
2586050.620815386064350605,-19767.193278094426204916,-36081.773443310354196001,-9159.949834215443843277
2586564.823543404694646597,-18357.555459613584389444,-36786.592459675688587595,-9290.525429574063309701
2587115.388554148841649294,-16819.646363864325394388,-37483.837148289028846193,-9415.834881446196959587
2587678.253514744341373444,-15219.346920965843310114,-38134.134874524381302763,-9528.237462657260039123
2588228.818525488488376141,-13629.171182396494259592,-38708.020740547050081659,-9622.640341645852458896
2588743.021253507118672132,-12124.110680862933804747,-39187.625443510543846060,-9696.790276024188642623
2589198.388572167605161667,-10776.947834308863093611,-39566.332578670764632989,-9751.065435966145741986
2589575.018744549248367548,-9653.670144113384594675,-39846.582086989255913068,-9787.826626533311355161
2589856.451224847231060266,-8809.509588857785274740,-40036.368450416666746605,-9810.473221491094591329
2590030.386063209734857082,-8285.910171137795259710,-40145.229199015018821228,-9822.402213353310798993
2590089.221472567878663540,-8108.490605578430404421,-40180.590339328169648070,-9826.079417802782700164
2590110.099020212888717651,-8045.497788678178039845,-40192.960206379291776102,-9827.340744763045222498
2590171.819214135408401489,-7859.163835580249724444,-40228.983803797884320375,-9830.936257388235389953
2590271.684585693757981062,-7557.333326583517191466,-40285.543377998772484716,-9836.331695972538000206
2590405.330538944341242313,-7152.780475740342808422,-40357.888737771740125027,-9842.735212694653455401
2590566.916104425676167011,-6662.748607738896680530,-40440.234464033586846199,-9849.227778747630509315
2590749.379217552021145821,-6108.293039113770646509,-40526.463500394915172365,-9854.913735187652491732
2590944.745364725124090910,-5513.431439348052663263,-40610.829618156443757471,-9859.065889190393136232
2591144.476107842288911343,-4904.123469900361669715,-40688.552729965791513678,-9861.240388826539856382
2591339.842255015391856432,-4307.122151259354723152,-40756.220330312287842389,-9861.341781843486387515
2591522.305368141736835241,-3748.757495269201172050,-40811.942612116770760622,-9859.627346410226891749
2591683.890933623071759939,-3253.723587978187424596,-40855.252195717701397371,-9856.650443753769650357
2591817.536886873655021191,-2843.940939323532802518,-40886.784064817933540326,-9853.153338797532342141
2591917.402258432004600763,-2537.557048991577175912,-40907.808996550411393400,-9849.928709551859355997
2591979.122452354524284601,-2348.133016795989533421,-40919.717619345901766792,-9847.674361153896825272
2592000.000000000000000000,-2284.047247874921595212,-40923.558097455359529704,-9846.866611074214233668
