Time (s), X (km), Y (km), Z (km)
0.000000000000000000,-23760.532622380000248086,-33715.879108560002350714,-8669.038042340000174590
533.262926894324664318,-22388.931633874199178535,-34597.608990616245137062,-8845.334221195569625706
2027.432444865269872025,-18372.121272505712113343,-36785.260955311663565226,-9267.210430153336346848
4186.569956092117536173,-12195.421578225539633422,-39169.339889864902943373,-9681.436968106227141107
6583.031796392570868193,-4993.030350693748914637,-40678.034825949827791192,-9860.221432468621060252
8742.169307619416940724,1632.790031529048064840,-40975.856593350355979055,-9763.823907332842281903
10236.338825590362830553,6204.196125551290606381,-40587.494388664839789271,-9555.204459516873612301
10769.601752484688404365,7820.680090807240048889,-40331.848066542552260216,-9453.120456553619078477
11302.864679379013978178,9425.332992010693487828,-40015.187958049369626679,-9336.734764242764867959
12797.034197349958049017,13837.848177415105965338,-38807.396577756822807714,-8936.040291170040291036
14956.171708576806850033,19910.785998428636958124,-36253.678914179065031931,-8171.238329232653995859
17352.633548877260182053,26068.287275628739735112,-32372.309364798464230262,-7086.581855634686689882
19511.771060104103526101,30940.766317266254191054,-28026.806207259527582210,-5923.376612235399079509
21005.940578075053053908,33871.027748031650844496,-24606.535272043525765184,-5030.736396015988248109
21539.203504969376808731,34821.233735432804678567,-23312.985839489796489943,-4697.138544682356041449
22072.466431863700563554,35718.801727039841352962,-21984.194995782858313760,-4356.439667992344766390
23566.635949834646453382,37942.122818353091133758,-18090.620706980887916870,-3368.430318611401162343
25725.773461061493435409,40354.513953143963590264,-12098.019751865860598627,-1873.338538967903559751
28122.235301361946767429,41861.886834070493932813,-5103.065785109506578010,-161.295258433035996859
30281.372812588793749455,42129.070624547857732978,1338.364412220807935228,1386.892124167185329497
31775.542330559736001305,41703.516057288856245577,5786.179534869686904131,2440.470882499334948079
32308.805257454063394107,41431.512119645791244693,7359.698411472782936471,2810.123621348038341239
32842.068184348390786909,41096.906893041348666884,8922.097094664606629522,3175.530066132364936493
34336.237702319333038758,39830.599320314278884325,13220.565704026079401956,4172.080100668632439920
36495.375213546183658764,37171.990714045947242994,19142.286910168080794392,5521.812386490585595311
38891.837053846633352805,33148.740277843600779306,25154.886464298440841958,6858.728863604449543345
41050.974565073483972810,28655.685083735952503048,29921.030723837007826660,7885.467101077836559853
42545.144083044426224660,25124.213544471753266407,32792.593161104305181652,8483.184705088115151739
43078.407009938753617462,23789.454506211604893906,33724.957527692975418177,8672.491391111381744849
43611.669936833081010263,22418.747544572972401511,34606.360553246086055879,8848.692215955887149903
45105.839454804023262113,18404.486692804635822540,36793.497262940749351401,9270.394337884956257767
47264.976966030873882119,12231.362072600670217071,39177.855316039938770700,9684.603660377602864173
49661.438806331323576160,5032.367425175179960206,40688.134692309016827494,9863.653437892326110159
51820.576317558174196165,-1591.259411218935383658,40988.275521444433252327,9767.685694663074173150
53314.745835529116448015,-6161.754968900827407197,40601.839058351077255793,9559.427157123904180480
53848.008762423443840817,-7778.045038728332656319,40346.916271056412369944,9457.478059758852396044
54381.271689317771233618,-9382.574795136803004425,40030.989497902250150219,9341.228322674827722949
55875.441207288713485468,-13795.123491930160525953,38825.254926563364278991,8940.908879353737575002
58034.578718515564105473,-19869.063739848446857650,36274.304363329116313253,8176.586163483548261866
60431.040558816013799515,-26028.830882456630206434,32395.331934194640780333,7092.289902391683426686
62590.178070042864419520,-30904.109225750667974353,28051.059728316082328092,5929.188501489421469159
64084.347588013806671370,-33836.543249049915175419,24631.013442471979942638,5036.477263466294971295
64617.610514908134064171,-34787.542551595593977254,23337.411119487220275914,4702.824571089498022047
65150.873441802454181015,-35685.903623522084672004,22008.496171221675467677,4362.055347543216157646
66645.042959773389156908,-37911.393618965230416507,18114.196089524997660192,3373.768174437526340625
68804.180471000247052871,-40326.563461511759669520,12119.605398499497823650,1878.081547663686478700
71200.642311300689470954,-41836.130360554438084364,5121.328939919104414003,165.166758282266073365
73359.779822527547366917,-42104.166445111040957272,-1323.799092976048086712,-1383.915861259667053673
74853.949340498482342809,-41678.469019531345111318,-5774.371252196535351686,-2438.126414953804669494
75387.212267392809735611,-41406.260980593127897009,-7348.883705596196705301,-2807.999832312172657112
75920.475194287151680328,-41071.370257016256800853,-8912.271079792426462518,-3173.622054442345415737
77414.644712258086656220,-39803.832813612323661800,-13213.430553534790306003,-4170.738083621125952050
79573.782223484944552183,-37142.383034685437451117,-19138.611269747787446249,-5521.136959799254327663
81970.244063785386970267,-33114.723834845630335622,-25154.048656363087502541,-6858.494169420437174267
84129.381575012230314314,-28616.899023730140470434,-29921.514815726477536373,-7885.292028345713333692
85623.551092983179842122,-25081.896069614042062312,-32793.193304232874652371,-8482.843649521872066543
86156.814019877507234924,-23745.863340421670727665,-33725.432236609012761619,-8672.049073082131144474
86690.076946771834627725,-22373.886499078816996189,-34606.620997605961747468,-8848.126643508989218390
88184.246464742769603617,-18356.145952004666469293,-36792.686726497777272016,-9269.368870304924712400
90343.383975969627499580,-12178.439440853737323778,-39174.322680788354773540,-9682.635988076332068886
92739.845816270069917664,-4975.423747662517598656,-40680.164029051935358439,-9860.321777529652536032
94898.983327496913261712,1650.499837267887414782,-40975.356429459796345327,-9762.930740620544384001
96393.152845467862789519,6221.720381656064091658,-40585.177834462381724734,-9553.635210452386672841
96926.415772362190182321,7838.087576054887904320,-40328.888767775970336515,-9451.314008853845734848
97459.678699256517575122,9442.597369721324866987,-40011.590377436092239805,-9334.693847590484438115
98953.848217227452551015,13854.573297991646541050,-38802.042540988892142195,-8933.359951982050915831
101112.985728454310446978,19926.383454012448055437,-36245.904059110354864970,-8167.692044613606412895
103509.447568754752865061,26082.182584697024140041,-32362.075056313304230571,-7082.177998277100414271
105668.585079981596209109,30952.763650583605340216,-28014.620874455406010384,-5918.314304535959308851
107162.754597952545736916,33881.534651228015718516,-24593.173557358306425158,-5025.290869764872695669
107696.017524846873129718,34831.177553801950125489,-23299.241958670354506467,-4691.571669625498543610
108229.280451741215074435,35728.167415795578563120,-21970.089716214333748212,-4350.759858238078777504
109723.449969712150050327,37949.796020643108931836,-18075.617956561640312430,-3362.480293815998265927
111882.587480939007946290,40359.586021549795987085,-12082.036566349477652693,-1867.123307319910963997
114279.049321239450364374,41863.927539791649905965,-5086.457800311324717768,-154.965780921210352972
116438.186832466308260337,42128.323961847767350264,1355.102586479833917110,1393.159479711975336613
117932.356350437243236229,41700.846936972091498319,5802.765298566740966635,2446.604269267799281806
118465.619277331570629030,41428.163325559937220532,7376.182011259922546742,2816.191480639348810655
118998.882204225898021832,41092.883462073463306297,8938.453620411097290344,3181.523227418476380990
120493.051722196832997724,39824.721078751550521702,13236.435268613746302435,4177.816130292067100527
122652.189233423690893687,37163.560516558922245167,19157.122432059481070610,5527.057689933655638015
125048.651073724133311771,33137.723731717909686267,25168.146007594004913699,6863.278216452087690413
127207.788584950991207734,28642.623069434081116924,29932.522790842835092917,7889.270051468838573783
128701.958102921926183626,25109.922146585162408883,32802.692624671231897082,8486.414816329315726762
129235.221029816253576428,23774.764627378131990554,33734.530041666366741993,8675.507407839260849869
129768.483956710580969229,22403.681363471045187907,34615.391625757605652325,8851.489573432909310213
131262.653474681515945122,18388.488995293344487436,36800.941103129916882608,9272.557550859615730587
133421.790985908359289169,12214.355493037603082485,39182.854392613495292608,9685.807135615925290040
135818.252826208830811083,5014.734032970880434732,40690.277577591528824996,9863.757717667300312314
137977.390337435674155131,-1608.997970058316241193,40987.786029599461471662,9766.795805521876900457
139471.559855406609131023,-6179.309132769371899485,40599.530704681528732181,9557.860618879889443633
140004.822782300936523825,-7795.482785503572813468,40343.964215161991887726,9455.674098738985776436
140538.085709195263916627,-9399.869751630321843550,40027.398164170641393866,9339.189657486431315192
142032.255227166198892519,-13811.879855267121456563,38819.904154117655707523,8938.230077372549203574
144191.392738393042236567,-19884.692689241172047332,36266.528038178897986654,8173.040263603859784780
146587.854578693513758481,-26042.756771941170882201,32385.090522608436003793,7087.885049266669739154
148746.992089920357102528,-30916.135092492375406437,28038.862148393021925585,5924.123946940908354009
150241.161607891292078421,-33847.076554380073503125,24617.636041431884223130,5031.028668976973676763
150774.424534785619471222,-34797.511870028254634235,23323.650371953630383359,4697.254350422568677459
151307.687461679975967854,-35695.293837147240992635,21994.372876937093678862,4356.371925362726869935
152801.856979650910943747,-37919.088236681935086381,18099.172320110723376274,3367.813857580964850058
154960.994490877754287794,-40331.651551317168923561,12103.597569231904344633,1871.861265995541771190
157357.456331178225809708,-41838.180088866545702331,5104.693574073812669667,158.831781637637732274
159516.593842405069153756,-42103.421901260560844094,-1340.565723344030629960,-1390.188706874985200557
161010.763360376004129648,-41675.797095544876356144,-5790.985367852891613438,-2444.265039253631584870
161544.026287270331522450,-41402.907625076033582445,-7365.395446895821805811,-2814.072789615038345801
162077.289214164658915251,-41067.340515560004860163,-8928.655445020180195570,-3179.620148447308565665
163571.458732135593891144,-39797.943456311273621395,-13229.326627190241197241,-4176.478448529156594304
165730.596243362437235191,-37133.935231134739296976,-19153.470162677938787965,-5526.385407262809167150
168127.058083662908757105,-33103.683487907444941811,-25167.326574288021220127,-6863.044957166302083351
170286.195594889752101153,-28603.808859962249698583,-29933.019648764679004671,-7889.094617274198753876
171780.365112860687077045,-25067.574319138002465479,-32803.301201980393670965,-8486.072069353098413558
172313.628039755014469847,-23731.142493967712653102,-33735.011574788870348129,-8675.062914829773944803
172846.890966649341862649,-22358.788827834217954660,-34615.657259274521493353,-8850.921340486394910840
174341.060484620276838541,-18340.115799720679206075,-36800.131087613917770796,-9271.528066643444617512
176500.197995847120182589,-12161.400310807832283899,-39179.315504766578669660,-9683.833559008291558712
178896.659836147591704503,-4957.759407777844899101,-40682.293487285744049586,-9860.418270540303637972
181055.797347374435048550,1668.266542140363526414,-40974.847697140648961067,-9762.031655676219088491
182549.966865345370024443,6239.300129728148021968,-40582.846717685744806658,-9552.058696336045613862
183083.229792239697417244,7855.549890491422956984,-40325.912805508822202682,-9449.499835542217624607
183616.492719134024810046,9459.915830900388755254,-40007.974057685671141371,-9332.644756474324822193
185110.662237104959785938,13871.349980939514352940,-38796.664110578050895128,-8930.670248749222082552
187269.799748331803129986,19942.027757863983424613,-36238.097168636799324304,-8164.134876916812572745
189666.261588632274651900,26096.118158936031250050,-32351.801167870158678852,-7077.761888945645296189
191825.399099859117995948,30964.794261705075768987,-28002.390192294929875061,-5913.238830525693629170
193319.568617830052971840,33892.069504071216215380,-24579.763150656577636255,-5019.831734264701481152
193852.831544724380364642,34841.147336659574648365,-23285.448330914830876281,-4685.991066126626719779
194386.094471618707757443,35737.557044684668653645,-21955.933710041579615790,-4345.066221615501490305
195880.263989589642733335,37957.487308480194769800,-18060.562147521093720570,-3356.516278115242130298
198039.401500816486077383,40364.667356091827969067,-12065.998069763605599292,-1860.894140986577212971
200435.863341116957599297,41865.967465063033159822,-5069.793607747118585394,-148.622834428530950390
202595.000852343800943345,42127.567479445737262722,1371.896310289220309642,1399.439532697105050829
204089.170370314735919237,41698.161870819858449977,5819.405349731807291391,2452.749634230188348738
204622.433297209063312039,41424.796441354395938106,7392.719291245137355872,2822.271026545066433755
205155.696224103419808671,41088.839824059403326828,8954.863137962558539584,3187.527766074845203548
206649.865742074354784563,39818.816871430426544975,13252.355473412109859055,4183.562580797201007954
208809.003253301198128611,37155.096592660542228259,19172.004144426551647484,5532.311817110568881617
211205.465093601669650525,33126.665829466510331258,25181.445470725753693841,6867.834366630816475663
213364.602604828512994573,28629.513897144541260786,29944.048080694577947725,7893.077794211567379534
214858.772122799447970465,25095.580250760009221267,32812.820184553376748227,8489.648259840445462032
215392.035049693775363266,23760.023201672742288793,33744.128738311002962291,8678.526225236009850050
215925.297976588102756068,22388.562664454191690311,34624.446927681194210891,8854.289195731398649514
217419.467494559037731960,18372.436486009824875509,36808.403514159574115183,9274.721511545198154636
219578.605005785881076008,12197.291940273375075776,39187.863491589778277557,9687.009155140114671667
221975.066846086352597922,4997.042919622058434470,40692.420715003987425007,9863.858140256308615790
224134.204357313195941970,-1626.793417749620857649,40987.287970853358274326,9765.899993838836962823
225628.373875284130917862,-6196.918782695192930987,40597.207791523404011969,9556.286811497984672314
226161.636802178458310664,-7812.975357162553336821,40340.995499078657303471,9453.862408031985978596
226694.899729072785703465,-9417.218788890018913662,40023.788094664720119908,9337.142813734284573002
228189.069247043720679358,-13828.687782619035715470,38814.528990618018724490,8935.541906999573257053
230348.206758270564023405,-19900.368493898644373985,36258.719676866727240849,8169.483475543632266636
232744.668598571035545319,-26056.722937284146610182,32374.809524089632759569,7083.467937857545621227
234903.806109797878889367,-30928.194248293802957051,28026.619205131315538893,5919.046218584338021174
236397.975627768813865259,-33857.637819264782592654,24604.209929285036196234,5025.566456995167754940
236931.238554663141258061,-34807.507162021640397143,23309.839856597111065639,4691.670392836930659541
237464.501481557468650863,-35704.707998957652307581,21980.198833404228935251,4350.674667627046801499
238958.670999528403626755,-37926.800944184367835987,18084.095464850332064088,3361.845540694496776268
241117.808510755246970803,-40336.748903732630424201,12087.534396484550597961,1865.627040387602846749
243514.270351055718492717,-41840.229022188112139702,5088.001965228805602237,152.483327478667888499
245673.407862282561836764,-42102.667512079955486115,-1357.387937697852066776,-1396.474256940526629478
247167.577380253496812657,-41673.109192368254298344,-5807.653802811920286331,-2450.415647213532338355
247700.840307147824205458,-41399.536143403034657240,-7381.960898887319672212,-2820.157438355016893183
248234.103234042151598260,-41063.290528408018872142,-8945.092830991230584914,-3185.629623955702300009
249728.272752013086574152,-39792.028087790313293226,-13245.273364528740785317,-4182.229236293394933455
251887.410263239929918200,-37125.453647790440300014,-19168.375259027336142026,-5531.642676828154435498
254283.872103540401440114,-33092.601726365894137416,-25180.644410441418585833,-6867.602536194708591211
256443.009614767244784161,-28590.671479231481498573,-29944.557688403285283130,-7892.901988465599060874
257937.179132738179760054,-25053.202013886890199501,-32813.437169445205654483,-8489.303808704518814920
258470.442059632507152855,-23716.370045068302715663,-33744.617065394901146647,-8678.079543596952134976
259003.704986526834545657,-22343.638584624422946945,-34624.717716517887311056,-8853.718287769970629597
260497.874504497769521549,-18324.030787231793510728,-36807.593976118048885837,-9273.687993967267175321
262657.012015724612865597,-12144.304170490373508073,-39184.318295610559289344,-9685.029655011801878572
265053.473856025084387511,-4940.037325955301639624,-40684.423132336778508034,-9860.510885597117521684
267212.611367251898627728,1686.090139813816676906,-40974.330327947151090484,-9761.126627261579415062
268706.780885222891811281,6256.935355609592079418,-40580.500970792090811301,-9550.474892757363704732
269240.043812117190100253,7873.067017201898124767,-40322.920112715510185808,-9447.677912574465153739
269773.306739011488389224,9477.288355901584509411,-40004.338932391154230572,-9330.587467252613350865
271267.476256982481572777,13888.178199131287328782,-38791.261222382170672063,-8927.971159146234640502
273426.613768209295812994,19957.718872636818559840,-36230.258183224366803188,-8160.566806182230720879
275823.075608509767334908,26110.093950749949726742,-32341.487646768226113636,-7073.333510880810536037
277982.213119736581575125,30976.858095034898724407,-27990.114115615120681468,-5908.150176768751407508
279476.382637707574758679,33902.632246224369737320,-24566.304012657594284974,-5014.358978579342874582
280009.645564601873047650,34851.143022147181909531,-23271.604919158482516650,-4680.396724174744122138
280542.908491496171336621,35746.970550420599465724,-21941.726942471745132934,-4339.358749053842984722
282037.078009467164520174,37965.196615092456340790,-18045.453251700801047264,-3350.538265141143256187
284196.215520693978760391,40369.757886368577601388,-12049.904244104913232150,-1854.651037630172822901
286592.677360994450282305,41868.006537494911754038,-5053.073201195180445211,-142.266421153771716490
288751.814872221264522523,42126.801105047125020064,1388.745579083138181886,1405.732276890077855569
290245.984390192257706076,41695.460787651340069715,5836.099676383647420153,2458.906968446912287618
290779.247317086555995047,41421.411396451097971294,7409.310236830265239405,2828.362249183424864896
291312.510243980912491679,41084.775909130490617827,8971.325630125807947479,3193.543671292427461594
292806.679761951905675232,39812.886631027897237800,13268.326294107819194323,4189.319438868252291286
294965.817273178719915450,37146.598880105862917844,19186.932013195837498643,5537.574751369052137306
297362.279113479191437364,33115.566516276317997836,25194.784809780849172967,6872.397294269861959037
299521.416624706005677581,28616.357520187375484966,29955.606541749297321076,7896.890307050636693020
301015.586142676998861134,25081.187816634374030400,32822.975784494374238420,8492.885012034785177093
301548.849069571297150105,23745.230191108661529142,33753.753559882519766688,8681.547819306670135120
302082.111996465595439076,22373.391411968321335735,34633.526399871618195903,8857.091058484391396632
303576.281514436588622630,18356.329136490836390294,36815.884433441126020625,9276.886194730042916490
305735.419025663402862847,12180.171396667265071301,39192.882546722066763323,9688.209693047421751544
308131.880865963874384761,4979.294080002992814116,40694.564036158611997962,9863.954679739650600823
310291.018377190688624978,-1644.645747993917211716,40986.781276671419618651,9764.998234355500244419
311785.187895161681808531,-6214.583904545280347520,40594.870251234249735717,9554.705710544882094837
312318.450822055980097502,-7830.522736811471986584,40338.010055677565105725,9452.042963569872881635
312851.713748950278386474,-9434.621887286581113585,40020.159222870803205296,9335.087767752156651113
314345.883266921271570027,-13845.547246861970052123,38809.129371806782728527,8932.844345882880588761
316505.020778148085810244,-19916.091116453892027494,36250.879219733971694950,8165.915779314416795387
318901.482618448557332158,-26070.729330838268651860,32364.488885809380008141,7079.038551376451323449
321060.620129675371572375,-30940.286637477434851462,28014.330853244482568698,5913.955302957870117098
322554.789647646364755929,-33868.226983264401496854,24590.735066635013936320,5020.090616561749811808
323088.052574540663044900,-34817.528365607213345356,23295.979536240942252334,4686.072688299919718702
323621.315501434961333871,-35714.146045549707196187,21965.974005722313449951,4344.963565245166137174
325115.485019405954517424,-37934.531674564655986615,18068.965495491633191705,3355.863217394669845817
327274.622530632768757641,-40341.855448197529767640,12071.415862187142920448,1859.378868495233746216
329671.084370933240279555,-41842.277087952759757172,5071.254107131628188654,146.121398008269807178
331830.221882160054519773,-42101.903205091133713722,-1374.265731465160570224,-1402.772505208827851675
333324.391400131047703326,-41670.405238638093578629,-5824.376545059112686431,-2456.578229871479379653
333857.654327025345992297,-41396.146464814977662172,-7398.580046929675518186,-2826.253768625292195793
334390.917253919644281268,-41059.220225512603064999,-8961.583220460048323730,-3191.650470130879966746
335885.086771890637464821,-39786.086640556372003630,-13261.270741158485179767,-4187.990433563643819070
338044.224283117451705039,-37116.938222258504538331,-19183.326524609055923065,-5536.908751800070604077
340440.686123417923226953,-33081.478495291397848632,-25194.002120765042491257,-6872.166886585144311539
342599.823634644737467170,-28577.486834777511830907,-29956.128882832883391529,-7896.714119611468959192
344093.993152615730650723,-25038.779113445769326063,-32823.601150195107038599,-8492.538843935815748409
344627.256079510028939694,-23701.545955693669384345,-33754.248650504661782179,-8681.098935335270653013
345160.519006404327228665,-22328.435733862457709620,-34633.802310011080408003,-8856.517460939665397746
346654.688524375320412219,-18307.890886070235865191,-36815.075329240324208513,-9275.848627013592704316
348813.826035602134652436,-12127.151002295857324498,-39189.330986898159608245,-9686.224250138182469527
351210.287875902606174350,-4922.257497143958062225,-40686.552895658482157160,-9860.599596743079018779
353369.425387129420414567,1703.970623885533314024,-40973.804253208392765373,-9760.215630090497143101
354863.594905100413598120,6274.626045047197294480,-40578.140526021561527159,-9548.883775262718700105
355396.857831994711887091,7890.638939167884927883,-40319.910622156887257006,-9445.848215864962185151
355930.120758889010176063,9494.714924967045590165,-40000.684934935838100500,-9328.521956244157991023
357424.290276860003359616,13905.057925305087337620,-38785.833812061966455076,-8925.262660813810725813
359583.427788086817599833,19973.456760820674389834,-36222.387043163937050849,-8156.987812424527874100
361979.889628387289121747,26124.109912351425009547,-32331.134440161033126060,-7068.892847308092314051
364139.027139614103361964,30988.955094765751709929,-27977.792599137592333136,-5903.048329823953281448
365633.196657585096545517,33913.222817127680173144,-24552.796103988519462291,-5008.872591774281318067
366166.459584479394834489,34861.164548180269775912,-23257.711686252696381416,-4674.788633762849713094
366699.722511373693123460,35756.407869487979041878,-21927.469378636596957222,-4333.637431488735273888
368193.892029344686307013,37972.923873472602281254,-18030.291240891878260300,-3344.546248538957570418
370353.029540571500547230,40374.857541739111184143,-12033.755071355972177116,-1848.393994935633145360
372749.491380871972069144,41870.044684460517601110,-5036.296574460189731326,-135.896543328113921234
374908.628892098786309361,42126.024766128532064613,1405.650388233395460702,1412.037706018011704145
376402.798410069779492915,41692.743616066087270156,5852.848266454062468256,2465.076262932919235027
376936.061336964077781886,41418.008120056190819014,7425.954833322072772717,2834.465138625613235490
377469.324263858376070857,41080.691647206462221220,8987.841079604446349549,3199.570932213581727410
378963.493781829369254410,39806.930290023010456935,13284.347706261662096949,4195.086691136727495177
381122.631293056183494627,37138.067316475600819103,19201.906004138789285207,5542.846475999473113916
383519.093133356655016541,33104.425737191035295837,25208.163980663539405214,6876.966979437627742300
385678.230644583469256759,28603.153891771253256593,29967.198122160680213710,7900.707567668264346139
387172.400162554462440312,25066.744803759156638989,32833.159368022890703287,8496.125049262967877439
387705.663089448760729283,23730.385557620469626272,33763.404448418310494162,8684.572165993777161930
388238.926016343059018254,22358.167570389359752880,34642.629982962425856385,8859.895137262652497157
389733.095534314052201807,18340.166918228969734628,36823.383798157679848373,9279.051575141253124457
391892.233045540866442025,12162.993844571672525490,39197.911491530394414440,9689.408723376729540178
394288.694885841337963939,4961.487509023006168718,40696.707472435518866405,9864.047310144103903440
396447.832397068152204156,-1662.554954420675130677,40986.265878293968853541,9764.090501765653243638
397942.001915039145387709,-6232.304484089992911322,40592.518015954905422404,9553.117291544238469214
398475.264841933443676680,-7848.124907451672697789,40335.007817616657121107,9450.215741243415322970
399008.527768827741965652,-9452.079027077763385023,40016.511482065805466846,9333.024495834413755802
400502.697286798735149205,-13862.458220736178191146,38803.705233229586156085,8930.137371636725220014
402661.834798025549389422,-19931.860519374946306925,36243.006606947441468947,8162.337154902624206443
405058.296638326020911336,-26084.775904763315338641,32354.128554794035153463,7074.596873020785096742
407217.434149552835151553,-30952.412204152900812915,28001.997047331678913906,5908.851186594631144544
408711.603667523828335106,-33878.843985715233429801,24577.211413994325994281,5014.601136719506939698
409244.866594418126624078,-34827.575418589309265371,23282.069373625585285481,4680.461226783173515287
409778.129521312483120710,-35723.607913289815769531,21951.698358916288270848,4339.238609132800775114
411272.299039283476304263,-37942.280360678501892835,18053.782383733225287870,3349.866881311636007013
413431.436550510290544480,-40346.971113910956773907,12055.241948256445539300,1853.116747996803269416
415827.898390810762066394,-41844.324213356332620606,5054.449993557879679429,139.745995462215432781
417987.035902037576306611,-42101.128907586731656920,-1391.199100009690482693,-1409.083445391630448285
419481.205420008569490165,-41667.685162771049363073,-5841.153582491387169284,-2462.752778219562060258
420014.468346902867779136,-41392.738518336620472837,-7415.252876285181628191,-2832.361770471583440667
420547.731273797166068107,-41055.129536614156677388,-8978.126596076474015717,-3197.682676087229083350
422041.900791768159251660,-39780.119046918305684812,-13277.318732560352145811,-4193.762026936629808915
424201.038302994973491877,-37108.388891970505937934,-19198.323925079828768503,-5542.183615425678908650
426597.500143295445013791,-33070.313739611498021986,-25207.399661016261234181,-6876.737988355937886809
428756.637654522259254009,-28564.254879729058302473,-29967.733180039438593667,-7900.530988340692601923
430250.807172493252437562,-25024.305577312999957940,-32833.793087581805593800,-8495.777151343781952164
430784.070099387550726533,-23686.670187735911895288,-33763.906271976375137456,-8684.121065933602949372
431317.333026281849015504,-22313.180239891888049897,-34642.910980206870590337,-8859.318835512942314381
432811.502544252842199057,-18291.696067724704334978,-36822.575083981682837475,-9278.009940458210621728
434970.640055479656439275,-12109.940788612595497398,-39194.353511973240529187,-9687.417318380255892407
437367.101895780127961189,-4904.419916328669387440,-40688.682708471620571800,-9860.684377967570981127
439526.239407006942201406,1721.907987879910251650,-40973.269404028076678514,-9759.298638829075571266
441020.408924977935384959,6292.372183690968086012,-40575.765315397220547311,-9547.285319355420142529
441553.671851872233673930,7908.265639265422578319,-40316.884266380366170779,-9444.010721286847910960
442086.934778766531962901,9512.195518224800252938,-39997.011998493537248578,-9326.448199728429244715
443581.104296737525146455,13921.989132063114084303,-38780.381815081178501714,-8922.544731358852004632
445740.241807964339386672,19989.241384739809291204,-36214.483688571825041436,-8153.397875633290823316
448136.703648264810908586,26138.165995759838551749,-32320.741495057398424251,-7064.439881438322117901
450295.841159491625148803,31001.085204876897478243,-27965.425597470086358953,-5897.933276245265005855
451790.010677462618332356,33923.841155997535679489,-24539.239385185093851760,-5003.372562916869355831
452323.273604356916621327,34871.211852447158889845,-23243.768594966091768583,-4669.166784888300753664
452856.536531251214910299,35765.868938141269609332,-21913.160983593887067400,-4327.902259862647042610
454350.706049222208093852,37980.669016377287334763,-18015.076086835535534192,-3338.540221967405614123
456509.843560449022334069,40379.966251322366588283,-12017.550533486084532342,-1842.123010610841902235
458906.305400749493855983,41872.081833095478941686,-5019.463721374431770528,-129.513203215502699095
461065.442911976308096200,42125.238389937483589165,1422.610733047919893579,1418.355813767233939870
462559.612429947301279753,41690.010284443720593117,5869.651107787405635463,2471.257508657547077746
463092.875356841599568725,41414.586541159842454363,7442.653065931263881794,2840.579684895513764786
463626.138283735897857696,41076.586967995193845127,9004.409468998228476266,3205.609537931895374641
465120.307801706891041249,39800.947780696296831593,13300.419685308923362754,4200.864324181487972965
467279.445312933705281466,37129.501839175609347876,19216.926082871825201437,5548.126974234854060342
469675.907153234176803380,33093.243437110722879879,25221.582939094929315615,6881.543402141654041770
471835.044664460991043597,28589.902964993241766933,29978.822769878617691575,7904.529553684201346186
473329.214182431984227151,25052.251171596944914199,32843.370878452835313510,8499.368347813036962179
473862.477109326282516122,23715.489263063383987173,33773.081345737438823562,8687.599241177360454458
474395.740036220580805093,22342.891104022928630002,34651.757617365641635843,8862.701407574624681729
475889.909554191573988646,18323.949802671388169983,36830.901545264190644957,9281.217627444735626341
478049.047065418388228863,12145.759266331264370820,39202.950259301374899223,9690.606220108526031254
480445.508905718859750777,4943.623201625448018603,40698.850954982422990724,9864.136005442869645776
482604.646416945673990995,-1680.521030588285611884,40985.741706735905609094,9763.176770715266684419
484098.815934916667174548,-6250.080507004666287685,40590.151017608826805372,9551.521529976547753904
484632.078861810965463519,-7865.781851980726059992,40331.988717340085713658,9448.380716902038329863
485165.341788705263752490,-9469.590188408965332201,40012.844805316759448033,9330.952974235959118232
486659.511306676256936044,-13879.420676847683353117,38798.256510234481538646,8927.420961841373355128
488818.648817903071176261,-19947.676664965863892576,36235.101778498508792836,8158.747582269375016040
491215.110658203542698175,-26098.862611027125240071,32343.728477924087201245,7070.142885973004013067
493374.248169430356938392,-30964.570892217514483491,27989.617741876849322580,5903.733856022583495360
494868.417687401350121945,-33889.488765730697195977,24563.638931782676081639,5009.098006512776919408
495401.680614295648410916,-34837.648258545945282094,23268.109331407315039542,4674.835998262368775613
495934.943541189946699888,-35733.093538314657052979,21937.371857936181186233,4333.499790212321386207
497429.113059160939883441,-37950.046935145845054649,18038.546101222884317394,3343.856526088833106769
499588.250570387754123658,-40352.095829832018353045,12039.012636595107323956,1846.840676593477155620
501984.712410688225645572,-41846.370325357100227848,5037.589618309917568695,133.357122108897556245
504143.849921915039885789,-42100.344546630229160655,-1408.188038631987183180,-1415.407071159983161124
505638.019439886033069342,-41664.948892963708203752,-5857.984902918814441364,-2468.939283204338607902
506171.282366780331358314,-41389.312232776610471774,-7431.979372120633343002,-2838.481433892374752759
506704.545293674629647285,-41051.018391241283097770,-8994.722940386351183406,-3203.726230890270926466
508198.714811645622830838,-39774.125238986547628883,-13293.417314089492720086,-4199.544002956326949061
510357.852322872437071055,-37099.805594183424545918,-19213.367425941007240908,-5547.467250894629614777
512754.314163172908592969,-33059.107404110516654328,-25220.836986768961651251,-6881.315821464447253675
514913.451674399722833186,-28550.975567103843786754,-29979.370527804730954813,-7904.352572219591820613
516407.621192370716016740,-25009.781364899368782062,-32844.012924741880851798,-8499.018707162540522404
516940.884119265014305711,-23671.742703008549142396,-33773.589871449599741027,-8687.145911218236506102
517474.147046159312594682,-22297.872066986823483603,-34652.043667336176440585,-8862.122386944869504077
518968.316564130305778235,-18275.446303639408142772,-36830.093177114678837825,-9280.171908915663152584
521127.454075357120018452,-12092.673511822253203718,-39199.385803946170199197,-9688.608833672460605158
523523.915915657591540366,-4886.524578529528298532,-40690.812501764710759744,-9860.765203206483420217
525683.053426884463988245,1739.902225249534239992,-40972.725711284867429640,-9758.375628095727734035
527177.222944855340756476,6310.173757094072243490,-40573.375270725373411551,-9545.679500495840329677
527710.485871749697253108,7925.947100265500012028,-40313.840977720159571618,-9442.165404672119620955
528243.748798644053749740,9529.730115689771992038,-39993.320056028736871667,-9324.366173945609261864
529737.918316614930517972,13938.971791871590539813,-38774.905166706979798619,-8919.817348354579735314
531897.055827841861173511,20005.072706553524767514,-36206.548059389919217210,-8149.796975773107988061
534293.517668142216280103,26152.262152801522461232,-32310.308758321698405780,-7059.974596467782248510
536452.655179369146935642,31013.248369134875247255,-27953.013065106257272419,-5892.805002581782900961
537946.824697340023703873,33934.487201826515956782,-24525.633816692294203676,-4997.858881076532270527
538480.087624234380200505,34881.284872409320087172,-23229.775607984760426916,-4663.531167552914666885
539013.350551128736697137,35775.353692405347828753,-21898.801722327192692319,-4322.153225124884556863
540507.520069099613465369,37988.431976327170559671,-17999.807761223848501686,-3332.520179098908556625
542666.657580326544120908,40385.083943997538881376,-12001.290612451484776102,-1835.838082386727364792
545063.119420626899227500,41874.117910298213246278,-5002.574635798278904986,-123.116403112814396081
547222.256931853829883039,42124.441903492806886788,1439.626608770909115265,1424.686593783258103940
548716.426449824706651270,41687.260720944483182393,5886.508188139690901153,2477.450696544251968589
549249.689376719063147902,41411.146588536743365694,7459.404919772101493436,2846.705877969552147988
549782.952303613419644535,41072.461800993442011531,9021.030780801907894784,3211.659477491855795961
551277.121821584296412766,39794.939035130992124323,13316.542206557274766965,4206.652324528205099341
553436.259332811227068305,37120.902385438137571327,19231.992214854937628843,5553.416229250503420189
555832.721173111582174897,33082.019560793552955147,25235.041640611547336448,6886.126542328252980951
557991.858684338512830436,28576.604692840344796423,29990.480432648415444419,7908.356242655527239549
559486.028202309389598668,25037.706879524557734840,32853.610258882086782251,8502.614883910157004721
560019.291129203746095300,23700.541269215420470573,33782.784193439751106780,8690.629020674734420027
560552.554056098102591932,22327.561977106142876437,34660.909243271162267774,8865.509844866281127906
562046.723574068979360163,18307.677761222665139940,36838.437611486580863129,9283.384326245013653534
564205.861085295910015702,12128.467644285326969111,39207.998783087947231252,9691.802157164880554774
566602.322925596265122294,4925.701152790526975878,40700.994414714732556604,9864.220739555672480492
568761.460436823195777833,-1698.543969981894406374,40985.208692787215113640,9762.257015802679234184
570255.629954794072546065,-6267.911958866359782405,40587.769187903009878937,9549.918401279459430953
570788.892881688429042697,-7883.493553189720842056,40328.952687079101451673,9446.537866354128709645
571322.155808582785539329,-9487.155351311052072560,40009.159125481673981994,9328.873179172522213776
572816.325326553662307560,-13896.434587665125945932,38792.783137973339762539,8924.695094043558128760
574975.462837780592963099,-19963.539515364398539532,36227.164674204679613467,8155.147041350980543939
577371.924678080948069692,-26112.989401403239753563,32333.288601936306804419,7065.676573401260611718
579531.062189307878725231,-30976.762645354687265353,27977.192891250742832199,5898.603297765108436579
581025.231707278755493462,-33900.161262199238990434,24550.017580329993506894,5003.581214988292231283
581558.494634173111990094,-34847.746822827139112633,23254.099372160922939656,4669.196992717972534592
582091.757561067584902048,-35742.602856530989811290,21922.994467657765198965,4327.747099412973511789
583585.927079038461670280,-37957.831330350250937045,18023.256619559211685555,3337.832145383451006637
585745.064590265392325819,-40357.229524679627502337,12022.727909092736808816,1840.550652009538680431
588141.526430565747432411,-41848.415350675604713615,5020.672975218277315435,126.954780249734312747
590300.663941792678087950,-42099.550049055898853112,-1425.232542568710414344,-1421.743376144015655882
591794.833459763554856181,-41662.196357192755385768,-5874.870494062924080936,-2475.137735726373648504
592328.096386657911352813,-41385.867536727608239744,-7448.759519506170363456,-2844.612748838580046140
592861.359313552267849445,-41046.886718710782588460,-9011.372235830891440855,-3209.781123556451348122
594355.528831523144617677,-39768.105148673523217440,-13309.566460973761422792,-4205.336348113529311377
596514.666342750075273216,-37091.188265979864809196,-19228.456992537725454895,-5552.759641338848268788
598911.128183050430379808,-33047.859433430057833903,-25234.314053412563225720,-6885.900365806780428102
601070.265694277361035347,-28537.648849808691011276,-29991.040873705995181808,-7908.178848751786063076
602564.435212248237803578,-24995.206435529064037837,-32854.260604595881886780,-8502.263487563308444805
603097.698139142594300210,-23656.763463247061736183,-33783.299390344633138739,-8690.173446952721860725
603630.961066036950796843,-22282.511179352008184651,-34661.200311407730623614,-8864.928090628029167419
605125.130584007827565074,-18259.141565215115406318,-36837.629545182680885773,-9282.334506939097991562
607284.268095234758220613,-12075.349154300252848770,-39204.427795693416555878,-9689.798769890787298209
609680.729935535113327205,-4868.571478802607089165,-40692.942206293657363858,-9860.842046342186222319
611839.867446762043982744,1757.953329373845008377,-40972.173105632129590958,-9757.446572461210962501
613334.036964732920750976,6328.030750713127417839,-40570.970323595283844043,-9544.066294101385210524
613867.299891627277247608,7943.683304833556576341,-40310.780688297090819106,-9440.312241811658168444
614400.562818521633744240,9547.318697262500791112,-39989.609040296556486282,-9322.275855096690065693
615894.732336492510512471,13956.005877061072169454,-38769.403802009524952155,-8917.080489340509302565
618053.869847719441168010,20020.950688255165005103,-36198.580095385870663449,-8146.185092783728578070
620450.331688019796274602,26166.398335110039624851,-32299.836176673325098818,-7055.496975578173987742
622609.469199246726930141,31025.444531092722172616,-27940.554956426127318991,-5887.663495377973049472
624103.638717217603698373,33945.160893383610527962,-24511.979358863551169634,-4992.331535324696233147
624636.901644111960195005,34891.383545301097910851,-23215.732687912121036788,-4657.881771763054530311
625170.164571006316691637,35784.862068074835406151,-21884.391559746432903921,-4316.390318231842684327
626664.334088977193459868,37996.212685607039020397,-17984.486235698888776824,-3326.486113619488605764
628823.471600204124115407,40390.210548403643770143,-11984.975290195834531914,-1829.539208017496548564
631219.933440504479222000,41876.152842729759868234,-4985.629311619293730473,-116.706145349745384010
633379.070951731409877539,42123.635233584456727840,1456.698010582279493974,1431.030039670564065091
634873.240469702286645770,41684.494853508826054167,5903.419495179613477376,2483.655817470773399691
635406.503396596643142402,41407.688190745793690439,7476.210379862659465289,2852.843707776685278077
635939.766323490999639034,41068.316075486516638193,9037.704997405508038355,3217.720739888843127119
637433.935841461876407266,39788.903985212185943965,13332.715245188526751008,4212.450678649706787837
639593.073352688807062805,37112.268892321451858152,19247.104365392013278324,5558.714224164049483079
641989.535192989162169397,33070.754052854419569485,25248.540040566709649283,6890.716379882792352873
644148.672704216092824936,28563.259028188964293804,30002.171058010957494844,7912.187612076683763007
645642.842222186969593167,25023.111886831171432277,32863.877452193555654958,8505.864633716844764422
646176.105149081326089799,23685.541537776138284244,33792.512932906407513656,8693.661480240623859572
646709.368075975682586432,22312.180153806973976316,34670.084800646873190999,8868.320424521180029842
648203.537593946559354663,18291.350765242663328536,36845.991933322482509539,9285.551646085415995913
650362.675105173490010202,12111.118960766945747309,39213.056995709353941493,9692.996508409481975832
652759.136945473845116794,4907.721357532994261419,40703.137782315563526936,9864.301486348764228751
654918.274456700775772333,-1716.623766014253305912,40984.666767012662603520,9761.331211578581132926
656412.443974671652540565,-6285.798825156341990805,40585.372458327336062212,9548.307880847636624821
656945.706901566009037197,-7901.259993764950195327,40325.899658851492858957,9444.687165366925910348
657478.969828460365533829,-9504.774495701250998536,40005.454375209112185985,9326.785086820602373336
658973.139346431242302060,-13913.499925522184639703,38787.285051400882366579,8921.959745756241318304
661132.276857658172957599,-19979.449032542957866099,36219.195233708946034312,8151.535512058821950632
663528.738697958528064191,-26127.156227472889440833,32322.808873422094620764,7061.197918459016364068
665687.876209185458719730,-30988.987407034663192462,27964.722449710003274959,5893.459498340847858344
667182.045727156335487962,-33910.861413786005869042,24536.347319874181266641,4998.050751194674376165
667715.308654050691984594,-34857.871048556073219515,23240.039458378036215436,4663.544200134887432796
668248.571580945048481226,-35752.135803614430187736,21908.566152884424809599,4321.980527671437812387
669742.741098915925249457,-37965.633478438634483609,18007.913910292198124807,3331.793732866657592240
671901.878610142855904996,-40362.372126931928505655,12006.387747627930366434,1834.246671992962546938
674298.340450443211011589,-41850.459215794719057158,5003.700058142436319031,120.538972219412244158
676457.477961670141667128,-42098.745341469111735933,-1442.332606990352360299,-1428.092353932350306422
677951.647479641018435359,-41659.427483215309621301,-5891.810343555982399266,-2481.348126640028112888
678484.910406535374931991,-41382.404358566775044892,-7465.593303413776084199,-2850.755705213154215016
679018.173333429731428623,-41042.734448128430813085,-9028.074464744422584772,-3215.847343052576434275
680512.342851400608196855,-39762.058707694188342430,-13325.766148312985023949,-4211.139048845668185095
682671.480362627538852394,-37082.536844269503490068,-19243.592590056920016650,-5558.060769832092773868
685067.942202927893958986,-33036.569772069968166761,-25247.830816151341423392,-6890.491601217666357115
687227.079714154824614525,-28524.274680641745362664,-30002.744165114319912391,-7912.009795377887712675
688721.249232125701382756,-24980.580748440777824726,-32864.536069847825274337,-8505.511468654336567852
689254.512159020057879388,-23641.732430110710993176,-33793.034769861616950948,-8693.203648837721630116
689787.775085914414376020,-22267.097541125382122118,-34670.380852206864801701,-8867.735921892304759240
691281.944603885291144252,-18242.781823810430068988,-36845.184124499668541830,-9284.497709020242837141
693441.082115112221799791,-12057.967698418604413746,-39209.479419857074390166,-9690.987100852746152668
695837.543955412576906383,-4850.560612241478338547,-40695.071752581905457191,-9860.914881203618278960
697996.681466639507561922,1776.061293557934732235,-40971.611517498342436738,-9756.511446448761489592
699490.850984610384330153,6345.943149904869642342,-40568.550405379981384613,-9542.445675546799975564
700024.113911504740826786,7961.474235527221935627,-40307.703330019387067296,-9438.451208455493542715
700557.376838399097323418,9564.961242727948047104,-39985.878883843419316690,-9320.177219343670003582
702051.546356369974091649,13973.091359823247330496,-38763.877655863470863551,-8914.334131822894050856
704210.683867596904747188,20036.875291670992737636,-36190.579736154097190592,-8142.562206580339989159
706607.145707897259853780,26180.574494123487966135,-32289.323696689174539642,-7051.007001937286077009
708766.283219124190509319,31037.673634089107508771,-27928.051225697465270059,-5882.508741174036003940
710260.452737095067277551,33955.862169212246953975,-24498.275971963943447918,-4986.790514735608667252
710793.715663989423774183,34901.507808128502801992,-23201.639797271331190132,-4652.218587530249351403
711326.978590883780270815,35794.394000713531568181,-21869.930460689451138023,-4310.613530147412348015
712821.148108854657039046,38004.011076264439907391,-17969.111481856278260238,-3320.438019229667588661
714980.285620081587694585,40395.345992939321149606,-11968.604548651992445230,-1823.226385281075636158
717376.747460381942801178,41878.186556813627248630,-4968.627742756160841964,-110.282432289760436106
719535.884971608873456717,42122.818306773864605930,1473.824933595776201400,1437.386144992150775579
721030.054489579750224948,41681.712609858346695546,5920.385016484605330334,2489.872862268206517911
721563.317416474106721580,41404.211276130998157896,7493.069431121923116734,2858.993164197722762765
722096.580343368463218212,41064.149720549052290153,9054.432101092277662246,3223.793314068657309690
723590.749861339339986444,39782.842562628458836116,13348.938776254675758537,4218.259372965067996120
725749.887372566270641983,37103.601296710992755834,19262.262499629025114700,5564.020942035022926575
728146.349212866625748575,33059.446857767783512827,25262.078094127296935767,6895.312894628979847766
730305.486724093556404114,28549.865923806701175636,30013.894593301378336037,7916.023639379183805431
731799.656242064433172345,25008.466152721994149033,32874.172401052783243358,8509.117573332465326530
732332.919168958789668977,23670.490030369524902198,33802.267505298215837684,8696.696595566821997636
732866.182095853146165609,22296.745598226312722545,34679.284229237615363672,8871.133121860242681578
734360.351613824022933841,18274.968786050660128240,36853.564447039490914904,9287.719561447724117897
736519.489125050953589380,12093.713198105338960886,39218.124829750660865102,9694.189247647558659082
738915.950965351308695972,4889.683810906715734745,40705.280988235397671815,9864.378219634951165062
741075.088476578239351511,-1734.760412023244498414,40984.115859752098913305,9760.399332546141522471
742569.257994549116119742,-6303.741091255490573531,40582.960760155438038055,9546.689944033083520480
743102.520921443472616374,-7919.081156284390999645,40322.829564462401322089,9442.828589666827610927
743635.783848337829113007,-9522.447601380708874785,40001.730486938882677350,9324.688673317717984901
745129.953366308705881238,-13930.616662613167136442,38781.762185276245872956,8919.214894459144488792
747289.090877535636536777,-19995.405178306362358853,36211.193396481008676346,8147.912974279751324502
749685.552717835991643369,-26141.363040621323307278,32312.289238830340764252,7056.706904285867494764
751844.690229062922298908,-31001.245120512776338728,27952.206371399075578665,5888.302444264230871340
753338.859747033799067140,-33921.589158929993573111,24522.628110564870439703,4992.506604183435229061
753872.122673928155563772,-34868.020872626977507025,23225.929552470108319540,4657.877610503257528762
754405.385600822512060404,-35761.692315010368474759,21894.086878345660807099,4316.200065931479912251
755899.555118793388828635,-37973.453311321049113758,17992.517944923496543197,3325.741282223699272436
758058.692630020319484174,-40367.523564826755318791,11989.992134066533253645,1827.928734315023802992
760455.154470320674590766,-41852.501846959465183318,4986.670860971024012542,114.109700385979067505
762614.291981547605246305,-42097.930350246082525700,-1459.488227003168503870,-1434.453998072515332751
764108.461499518482014537,-41656.642198568755702581,-5908.804438940857835405,-2487.570446753389205696
764641.724426412838511169,-41378.922626455430872738,-7482.480708718191635853,-2856.910292871269120951
765174.987353307195007801,-41038.561508388316724449,-9044.829609356316723279,-3221.924878296230417618
766669.156871278071776032,-39755.985847565811127424,-13342.016351078889783821,-4216.952091536746593192
768828.294382505002431571,-37073.851265787801821716,-19258.774183529112633551,-5563.370619390309002483
771224.756222805357538164,-33025.238364388023910578,-25261.387230004384036874,-6895.089507470405806089
773383.893734032288193703,-28510.853012290506740101,-30014.480349196048337035,-7915.845389475767660770
774878.063252003164961934,-24965.904262787305924576,-32874.839262985216919333,-8508.762626480875042034
775411.326178897521458566,-23626.649565181218349608,-33802.795950981148052961,-8696.236492511103278957
775944.589105791877955198,-22251.631116375789133599,-34679.585229296622856054,-8870.545856005073801498
777438.758623762754723430,-18226.367050741278944770,-36852.756851150123111438,-9286.661489589387201704
779597.896134989685378969,-12040.529126543271559058,-39214.540608845309179742,-9692.173800317428685958
781994.357975290040485561,-4832.491973976605549979,-40697.201070920214988291,-9860.983681566245650174
784153.495486516971141100,1794.226111033557572227,-40971.040877086728869472,-9755.570224534032604424
785647.665004487847909331,6363.910939928606239846,-40566.115447235577448737,-9540.817620163992614835
786180.927931382204405963,7979.319874798065029609,-40304.608834581973496825,-9436.582280312657530885
786714.190858276560902596,9582.657731756542489165,-39982.129519006412010640,-9318.070242809453702648
788208.360376247437670827,13990.228212213329243241,-38758.326662946725264192,-8911.578253274456073996
790367.497887474368326366,20052.846478461186052300,-36182.546921114815631881,-8138.928297053405913175
792763.959727774723432958,26194.790581086504971609,-32278.771264801638608333,-7046.504658698566345265
794923.097239001654088497,31049.935621249085670570,-27915.501827074465836631,-5877.340726505667589663
796417.266756972530856729,33966.590967631753301248,-24484.523616167622094508,-4981.235808385783457197
796950.529683866887353361,34911.657597670135146473,-23187.496898503202828579,-4646.541604870768424007
797483.792610761243849993,35803.949425654885999393,-21855.418389920479967259,-4304.822851842694944935
798977.962128732120618224,38011.827080110677343328,-17953.683471242300583981,-3314.375889643844857346
801137.099639959051273763,40400.490205762980622239,-11952.178369740246125730,-1816.899611978780740174
803533.561480259406380355,41880.218978735843847971,-4951.569923155422657146,-103.845266329411742845
805692.698991486337035894,42121.991049393516732380,1491.007372860924078850,1443.754903269894157347
807186.868509457213804126,41678.913917494894121774,5937.404739544166659471,2496.101821721683336364
807720.131436351570300758,41400.715772820592974313,7509.982058372430401505,2865.154237065843062737
808253.394363246043212712,41059.962665044149616733,9071.212074040991865331,3229.877188927952374797
809747.563881216919980943,39776.754698870368883945,13365.212774681463997695,4224.078393840337412257
811906.701392443850636482,37094.899535318065318279,19277.466582556102366652,5569.336365865262450825
814303.163232744205743074,33048.097919865074800327,25275.655756276697502472,6899.916066329457862594
816462.300743971136398613,28536.425332350314420182,30025.650985650638176594,7919.864301931914269517
817956.470261942013166845,24993.769636314871604554,32884.495047910138964653,8512.373678793665021658
818489.733188836369663477,23655.386708541089319624,33812.047851557341346052,8699.734342282508805511
819022.996115730726160109,22281.258274395586340688,34688.507468566444003955,8873.947912141989945667
820517.165633701602928340,18258.531794921498658368,36861.155088676801824477,9289.888046752490481595
822676.303144928533583879,12076.250338623089191969,39223.202217563382873777,9695.380348625987608102
825072.764985228888690472,4871.588508000326328329,40707.423962692409986630,9864.450913173606750206
827231.902496455819346011,-1752.953901274864620063,40983.555901120162161533,9759.461353160919315997
828726.072014426696114242,-6321.738742448697848886,40580.534024443913949654,9545.064566144905256806
829259.334941321052610874,-7936.957023221390954859,40319.742335503513459116,9440.962114939149614656
829792.597868215409107506,-9540.174648037456790917,39997.987392901239218190,9322.583914762195490766
831286.767386186285875738,-13947.784770997270243242,38776.214474161446560174,8916.460517598323349375
833445.904897413216531277,-20011.407914294592046645,36203.159101815763278864,8144.279407875722426979
835842.366737713571637869,-26155.609792041395849083,32301.729644464605371468,7052.203514006861041707
838001.504248940502293408,-31013.535728831608139444,27939.644610347848356469,5883.132122044965399255
839495.673766911379061639,-33932.344435846818669233,24508.859912459716724698,4986.948763008131209062
840028.936693805735558271,-34878.196231707341212314,23211.769616765199316433,4652.197213817744341213
840562.199620700092054904,-35771.272325933721731417,21879.556608697464980651,4310.405705144157764153
842056.369138670968823135,-37981.290760671152384020,17977.068694905588927213,3319.674787153801844397
844215.506649897899478674,-40372.683766361536982004,11973.541050262081625988,1821.596836770517938930
846611.968490198254585266,-41854.543170177232241258,4969.585377620927829412,107.666967150734080860
848771.106001425185240805,-42097.105001534007897135,-1476.699397648651029158,-1440.828302070725612793
850265.275519396062009037,-41653.840430570766329765,-5925.852767671862238785,-2493.804686828376361518
850798.538446290418505669,-41375.422268339192669373,-7499.421720197051399737,-2863.076501620256294700
851331.801373184775002301,-41034.367828173191810492,-9061.637651790440941113,-3228.013718155557853606
852825.970891155651770532,-39749.886499607942823786,-13358.317044115865428466,-4222.775462517452069733
854985.108402382582426071,-37065.131467096580308862,-19274.001737827911711065,-5568.689172971460720873
857381.570242682937532663,-33013.865154599749075714,-25274.983249806235107826,-6899.694064276973222150
859540.707753909868188202,-28497.383797332680842374,-30026.249372912385297241,-7919.685608360444348364
861034.877271880744956434,-24951.176937635289505124,-32885.170126279517717194,-8512.016937025269726291
861568.140198775101453066,-23611.514829963092779508,-33812.582874464300402906,-8699.271953547953671659
862101.403125669457949698,-22236.111869103937351611,-34688.813382017397088930,-8873.357868171155132586
863595.572643640334717929,-18209.897217280624317937,-36860.347660989427822642,-9288.825823015464266064
865754.710154867265373468,-12023.033421035233914154,-39219.611294832284329459,-9693.358841985531398677
868151.171995167620480061,-4814.365559174978443480,-40699.330091366886335891,-9861.048421152145238011
870310.309506394551135600,1812.447774958965965197,-40970.461114375451870728,-9754.622881145187420771
871804.479024365427903831,6381.934105945696501294,-40563.665380101549089886,-9539.182103242164885160
872337.741951259784400463,7997.220204991244827397,-40301.497133466793457046,-9434.705433051305590197
872871.004878154140897095,9600.408143904005555669,-39978.360877913612057455,-9315.954901577964847093
874365.174396125017665327,14007.416406149539398029,-38752.750757740941480733,-8908.812831134549924172
876524.311907351948320866,20068.864210119700146606,-36174.481589514471124858,-8135.283344068816404615
878920.773747652303427458,26209.046547049918444827,-32268.178827299274416873,-7041.989929001344535209
881079.911258879234082997,31062.230435484078043373,-27902.906714598233520519,-5872.159437904240803618
882574.080776850110851228,33977.347226737190794665,-24470.722251558610878419,-4975.667405354268339579
883107.343703744467347860,34921.832850477177998982,-23173.303953966908011353,-4640.850813805858706473
883640.606630638823844492,35813.528278002129809465,-21840.855312130690435879,-4299.018274296205163409
885134.776148609700612724,38019.660628720783279277,-17938.202175354796054307,-3308.299718590583324840
887293.913659836631268263,40405.643114793027052656,-11935.696735368956069578,-1810.558885935529815470
889690.375500136986374855,41882.250034445190976840,-4934.455846792510783416,-97.394649898633133489
891849.513011363917030394,42121.153387547390593681,1508.245323362286399060,1450.136307984338145616
893343.682529334793798625,41676.098703701172780711,5954.478651758773594338,2502.342686570093064802
893876.945456229150295258,41397.201608727627899498,7526.948246339346951572,2871.326916166359296767
894410.208383123506791890,41055.754837624343053903,9088.044898323494635406,3235.972353313648000039
895904.377901094383560121,39770.640325231754104607,13381.537215265660051955,4229.907727587901717925
898063.515412321314215660,37086.163544681352504995,19292.716579005340463482,5574.660478598398185568
900459.977252621669322252,33036.707183336853631772,25289.272981812580837868,6904.525874685314192902
902619.114763848599977791,28522.937206368005718105,30037.440181983856746228,7923.709577040792282787
904113.284281819476746023,24979.022296643088338897,32894.845334999197802972,8515.632926074053102639
904646.547208713833242655,23640.231533760612364858,33821.853912405837036204,8702.774695953987247776
905179.810135608189739287,22265.718146279432403389,34697.754457933340745512,8876.764770562311241520
906673.979653579066507518,18242.039763088778272504,36868.763794044032692909,9292.057076358840276953
908833.117164805997163057,12058.730364639250183245,39228.289091264887247235,9696.569785033258085605
911229.579005106352269650,4853.435443940858021961,40709.566635672352276742,9864.519540670768037671
913388.716516333282925189,-1771.204226959908737626,40982.986821006699756254,9758.517247831096028676
914882.886034304159693420,-6339.791763921205529186,40578.092182033120479900,9543.431722449648077600
915416.148961198516190052,-7954.887576941189763602,40316.637903353977890220,9439.087716828502379940
915949.411888092872686684,-9557.955615243121428648,39994.225025117921177298,9320.470787213564108242
917443.581406063749454916,-13965.004222595027385978,38770.641852422879310325,8913.696592586689803284
919602.718917290680110455,-20027.457201979777892120,36195.092288835199724417,8140.634792684390049544
921999.180757591035217047,-26169.896432730598462513,32291.130036485741584329,7047.687730733264288574
924158.318268817965872586,-31025.859174818680912722,27927.037120474491530331,5877.948518188830348663
925652.487786788842640817,-33943.127182526521210093,24495.042685527794674272,4981.377216725284597487
926185.750713683199137449,-34888.397062235984776635,23197.559613511315546930,4646.503000078432705777
926719.013640577555634081,-35780.875771368162531871,21864.975308524135471089,4304.597436268322780961
928213.183158548432402313,-37989.145757925427460577,17961.566131643998232903,3313.594241370767122135
930372.320669775363057852,-40377.852659293006581720,11957.034478057854357758,1815.250977178292032477
932768.782510075718164444,-41856.583111217776604462,4952.443602039765210066,101.210774948842072263
934927.920021302648819983,-42096.269221251459384803,-1493.966113901393327978,-1447.215259391361314556
936422.089539273525588214,-41651.022106319956947118,-5942.955317112305237970,-2500.050837580155985052
936955.352466167882084846,-41371.903211948658281472,-7516.416322528630189481,-2869.254321219071698579
937488.615393062238581479,-41030.153335955139482394,-9078.498574063098203624,-3234.113851448777495534
938982.784911033115349710,-39743.760594943436444737,-13374.668202138655033195,-4228.609148064606415574
941141.922422260046005249,-37056.377384585241088644,-19289.275217668124241754,-5574.016413475106674014
943538.384262560401111841,-33002.450086780168931000,-25288.618830204966798192,-6904.305251287598366616
945697.521773787331767380,-28483.866988237950863549,-30038.051183017996663693,-7923.530429283800913254
947191.691291758208535612,-24936.398731967456114944,-32895.528601784739294089,-8515.274376206682063639
947724.954218652565032244,-23596.328185885802668054,-33822.395480851446336601,-8702.310007460340784746
948258.217145546921528876,-22220.539763244469213532,-34698.065249485960521270,-8876.171933532606999506
949752.386663517798297107,-18193.372294661003252259,-36867.956489642929227557,-9290.990683605890808394
951911.524174744728952646,-12005.480564252859039698,-39224.691409757739165798,-9694.542199499315756839
954307.986015045084059238,-4796.181363042999691970,-40701.458743747731205076,-9861.109073630077546113
956467.123526272014714777,1830.726278416155764717,-40969.872159118007402867,-9753.669390663082594983
957961.293044242891483009,6400.012633016797735763,-40561.200134701408387627,-9537.539100028068787651
958494.555971137247979641,8015.175208342774567427,-40298.368157943550613709,-9432.820642299004248343
959027.818898031604476273,9618.212458608632005053,-39974.572892484895419329,-9313.831171694455406396
960521.988416002481244504,14024.655913410464563640,-38747.149874532595276833,-8906.037842809542780742
962681.125927229411900043,20084.928447971757123014,-36166.383680427206854802,-8131.627327468357179896
965077.587767529767006636,26223.342342868454579730,-32257.546330328710610047,-7037.462795971400737471
967236.725278756697662175,31074.558019489872094709,-27890.265842199056351092,-5866.964861897455193684
968730.894796727574430406,33988.130884397563931998,-24456.871838133294659201,-4970.085294723338847689
969264.157723621930927038,34932.033502871701784898,-23159.060925942500034580,-4635.146204362452408532
969797.420650516287423670,35823.130492626638442744,-21826.241191940796852577,-4293.199788494592212373
971291.590168487164191902,38027.511653432215098292,-17922.667565645930153551,-3302.209499813367983734
973450.727679714094847441,40410.804647706965624820,-11919.159627437473318423,-1804.204205000631418443
975847.189520014449954033,41884.279649652889929712,-4917.285507674774635234,-90.930585461542932535
978006.327031241380609572,42120.305247111064090859,1525.538780016455348232,1456.530352573903655866
979500.496549212257377803,41673.266895541179110296,5971.606740436908694392,2508.595447505305855884
980033.759476106613874435,41393.668711550541047473,7543.967979647520223807,2877.511191235950718692
980567.022403000970371068,41051.526166731491684914,9104.930555905171786435,3242.078796022964979784
982061.191920971847139299,39764.499372809594206046,13397.912072675524541410,4235.747360466521058697
984220.329432198777794838,37077.393261166711454280,19308.012453651190298842,5579.993263119894436386
986616.791272499132901430,33025.274592232475697529,25302.929725347254134249,6909.142299336109317665
988775.928783726063556969,28509.401498298982915003,30049.262129020622523967,7927.559441948784296983
990270.098301696940325201,24964.224092654851119732,32905.223204336980415974,8518.895291084212658461
990803.361228591296821833,23625.024467421575536719,33831.685628345883742440,8705.817632084688739269
991336.624155485653318465,22250.125177775094925892,34707.025136415410088375,8879.583672254479097319
992830.793673456530086696,18225.492661744166980498,36876.390498721382755321,9294.226624564482335700
994989.931184683460742235,12041.153258468546482618,39233.385382738451880869,9697.757530499449785566
997386.393024983815848827,4835.224613892844899965,40711.708936928480397910,9864.584075779097474879
999545.530536210746504366,-1789.511382194893485575,40982.408549076542840339,9757.566990917406656081
1001039.700054181623272598,-6357.900140759553323733,40575.635163546867261175,9541.791388171213839087
1001572.962981075979769230,-7972.872799701877738698,40313.516199180019611958,9437.205370938683699933
1002106.225907970336265862,-9575.790482453900040127,39990.443315401695144828,9318.349266692441233317
1003600.395425941213034093,-13982.274989189281768631,38765.044254230742808431,8910.923096803873704630
1005759.532937168143689632,-20043.553002667125838343,36186.992896487623511348,8136.979108518946304685
1008155.994777468498796225,-26184.222913491918006912,32280.490360910935123684,7043.159537562369223451
1010315.132288695429451764,-31038.215401087189093232,27914.383855584335833555,5872.751619197454601817
1011809.301806666306219995,-33953.937336734146811068,24481.176389648342592409,4975.791954394144340768
1012342.564733560662716627,-34898.623300423561886419,23183.299504875110869762,4640.794959290583392431
1012875.827660455019213259,-35790.502586066373623908,21850.342942337225395022,4298.775250270447031653
1014369.997178425895981491,-37997.018234283372294158,17946.010226496189716272,3307.499638602788763819
1016529.134689652826637030,-40383.030171137186698616,11940.472399285645224154,1808.891153381052845361
1018925.596529953181743622,-41858.621595613003592007,4935.245528204573929543,94.741126249132321391
1021084.734041180112399161,-42095.422935087961377576,-1511.288370670453332423,-1453.614863457177079908
1022578.903559150989167392,-41648.187152695303666405,-5960.112074535853935231,-2506.308889677353363368
1023112.166486045345664024,-41368.365384798787999898,-7533.464500293202945613,-2875.443741378505819739
1023645.429412939702160656,-41025.917959994942066260,-9095.412358084382503876,-3240.225266944392387813
1025139.598930910578928888,-39737.608064497639134061,-13391.069799733684703824,-4234.453134401384886587
1027298.736442137509584427,-37047.588954469712916762,-19304.594587607061839662,-5579.352323742605221923
1029695.198282437864691019,-32990.993104862500331365,-25302.293925663339905441,-6908.923048090951851918
1031854.335793664795346558,-28470.302537366442265920,-30049.885726061991590541,-7927.379829434739804128
1033348.505311635672114789,-24921.569604680931661278,-32905.914631338288018014,-8518.534919881225505378
1033881.768238530028611422,-23581.089594302007753868,-33832.233710463027819060,-8705.350629697441036114
1034415.031165424385108054,-22204.914762664135196246,-34707.340770596158108674,-8878.988027168854387128
1035909.200683395261876285,-18176.792254072559444467,-36875.583272506461071316,-9293.156045606652696733
1038068.338194622192531824,-11987.870538549770571990,-39229.780885327185387723,-9695.723846442633657716
1040464.800034922547638416,-4777.939380824183899676,-40703.586957655927108135,-9861.165612615430291044
1042623.937546149478293955,1849.061614413237293775,-40969.273940842780575622,-9752.709727421146453707
1044118.107064120355062187,6418.146506104267245973,-40558.719641542011231650,-9535.888585725835582707
1044651.369991014711558819,8033.184866981920094986,-40295.221839068937697448,-9430.927883642541928566
1045184.632917909184470773,9636.070655194034770830,-39970.765494431027036626,-9311.699029165280080633
1046678.802435880061239004,14041.946705637761624530,-38741.523947411777044181,-8903.253265672530687880
1048837.939947106875479221,20101.039153176119725686,-36158.253132753416139167,-8127.960227069396751176
1051234.401787407463416457,26237.677919203408237081,-32246.873719892377266660,-7032.923242720454254595
1053393.539298634277656674,31086.918315748724126024,-27877.579163693953887559,-5861.756985008803894743
1054887.708816605387255549,33998.941878258134238422,-24442.972335797181585804,-4964.489465577772534743
1055420.971743499627336860,34942.259490948621532880,-23144.767776627897546859,-4629.427766572497603192
1055954.234670393634587526,35832.756004169255902525,-21811.575993898844899377,-4287.367385432178707561
1057448.404188364744186401,38035.380085346216219477,-17907.079613519206759520,-3296.105227069951524754
1059607.541699591558426619,40415.974731942238577176,-11902.567027833318206831,-1797.835567047175118205
1062004.003539891913533211,41886.307749832914851140,-4900.058899838548313710,-84.453075515810951401
1064163.141051118727773428,42119.446553731650055852,1542.887737674633171991,1462.937030435445421972
1065657.310569089837372303,41670.418419859728601296,5988.788992798292383668,2514.860095172890851245
1066190.573495984077453613,41390.117008772613189649,7561.041242824347136775,2883.707051963296180475
1066723.836422878317534924,41047.276580597004794981,9121.869028644068748690,3248.196505803181935335
1068218.005940849427133799,39758.331772504127002321,13414.337321450610033935,4241.597278681255374977
1070377.143452076241374016,37068.588620967515453231,19323.354171010003483389,5585.334702256920536456
1072773.605292376596480608,33013.800090460586943664,25316.625941307243920164,6913.765319859789087786
1074932.742803603410720825,28495.818160474336764310,30061.116773274407023564,7931.413873835802405665
1076426.912321574520319700,24949.374983213692758000,32915.628597723887651227,8522.160749671718804166
1076960.175248468760401011,23609.765470841910428135,33841.542939659550029319,8708.863126115154955187
1077493.438175363000482321,22234.479332713519397657,34716.319442866522877011,8882.404592289096399327
1078987.607693334110081196,18208.890462037950783269,36884.035138059654855169,9296.396665605750968098
1081146.745204560924321413,12023.519002422319317702,39238.491023633258009795,9698.943558596298316843
1083543.207044861279428005,4816.956013059344513749,40713.850795981677947566,9864.644492097992042545
1085702.344556088093668222,-1807.875360020670086669,40981.821014769811881706,9756.610556733307021204
1087196.514074059203267097,-6376.063857950895908289,40573.162899392751569394,9540.143538491023718962
1087729.777000953443348408,-7990.912673653357160219,40310.377153935398382600,9435.315052832889705314
1088263.039927847683429718,-9593.679229009159826091,39986.642195356973388698,9316.219329180781642208
1089757.209445818793028593,-13999.597042424491519341,38759.421613559599791188,8908.140007596442956128
1091916.346957045607268810,-20059.695277493945468450,36178.860863548536144663,8133.312335168413483188
1094312.808797345962375402,-26198.589184932949137874,32269.810563614770217100,7038.618917577824504406
1096471.946308572776615620,-31050.604350035024253884,27901.684769371342554223,5867.541411568745388649
1097966.115826543886214495,-33964.774836009404680226,24467.260984611824824242,4970.192965076988002693
1098499.378753438126295805,-34908.874882252071984112,23168.989252943265455542,4635.073081465015093272
1099032.641680332366377115,-35800.152704549429472536,21835.659474577252694871,4292.939138125080717145
1100526.811198303475975990,-38004.908120707361376844,17930.400950772746000439,3301.390972592768775939
1102685.948709530290216208,-40388.216229169360303786,11923.854795767379982863,1802.517363245766091495
1105082.410549830645322800,-41860.658548657236678991,4917.991150123507395620,88.258023554497867735
1107241.548061057459563017,-42094.566068504522263538,-1528.666162797256220074,-1460.027107648827040975
1108735.717579028569161892,-41645.335496356849034782,-5977.323027125134103699,-2512.578833741751623165
1109268.980505922809243202,-41364.808714189755846746,-7550.566237971303053200,-2881.644751760807594110
1109802.243432817049324512,-41021.661628343092161231,-9112.378985656099757762,-3246.347953360739666095
1111296.412950788158923388,-39731.428838999425352085,-13407.521811357677506749,-4240.307407697028793336
1113455.550462014973163605,-37038.766112793899083044,-19319.959812042907287832,-5584.696886556790559553
1115852.012302315328270197,-32979.494152639948879369,-25316.008490457355947001,-6913.547434213871383690
1118011.149813542142510414,-28456.690396971072914312,-30061.752948386463685893,-7931.233785938918117608
1119505.319331513252109289,-24906.689514589204918593,-32916.328156560128263664,-8521.798543841834543855
1120038.582258407492190599,-23565.799016489898349391,-33842.097503398559638299,-8708.393795645384670934
1120571.845185301732271910,-22189.236831164511386305,-34716.639884017793519888,-8881.806124096505300258
1122066.014703272841870785,-18160.157066665298771113,-36883.227944745784043334,-9295.321883202250319300
1124225.152214499656111002,-11970.203326277603991912,-39234.879653011586924549,-9696.903756340943800751
1126621.614054800011217594,-4759.639607802056161745,-40705.714662452104676049,-9861.218011670360283460
1128780.751566026825457811,1867.453775881133879011,-40968.666388853518583346,-9751.743865705626376439
1130274.921083997935056686,6436.335710069565720914,-40556.223830914263089653,-9534.230535497261371347
1130808.184010892175137997,8051.249162928259465843,-40292.058107687502342742,-9429.027132628256367752
1131341.446937786415219307,9653.982712864128188812,-39966.938615255101467483,-9309.558449958400160540
1132835.616455757524818182,14059.288754331932068453,-38735.872910273959860206,-8900.459077063882432412
1134994.753966984339058399,20117.196286722370132338,-36150.089885221481381450,-8124.282022665373006021
1137391.215807284694164991,26252.053226517367875203,-32236.160941852831456345,-7028.371252347336849198
1139550.353318511508405209,31099.311266525775863556,-27864.846632790784497047,-5856.535793758642284956
1141044.522836482618004084,34009.780145735574478749,-24429.023704371615167474,-4958.879907006570647354
1141577.785763376858085394,34952.510750571957032662,-23130.424468144625279820,-4623.695490474419784732
1142111.048690271098166704,35842.404747039385256357,-21796.859682481961499434,-4281.521056111398138455
1143605.218208242207765579,38043.265855325902521145,-17891.438290333830082091,-3289.986894133445275656
1145764.355719469022005796,40421.153294695395743474,-11885.918918435458181193,-1791.452969972836399393
1148160.817559769377112389,41888.334260221745353192,-4882.776017352534836391,-77.962122593472713561
1150319.955070996191352606,42118.577232827963598538,1560.292191120648567448,1469.356334923774056733
1151814.124588967300951481,41667.553203283292532433,6006.025395969200872059,2521.136620170997957757
1152347.387515861541032791,41386.546427662753558252,7578.168020296496251831,2889.914487988287419284
1152880.650442756013944745,41043.006007241849147249,9138.860298291374419932,3254.325471351728083391
1154374.819960727123543620,39752.137455019706976600,13430.812935999605542747,4247.457468382950537489
1156533.957471953937783837,37059.749560105163254775,19338.741695439257455291,5590.684778778163490642
1158930.419312254292890429,33002.283621789742028341,25330.361583932652138174,6918.394915772523745545
1161089.556823481107130647,28482.187145116669853451,30073.004061052954057232,7935.272849818777103792
1162583.726341452216729522,24934.474927100352942944,32926.061456742354494054,8525.429277620856737485
1163116.989268346456810832,23594.454505264722683933,33851.425786408297426533,8711.911153422939605662
1163650.252195240696892142,22218.780574858847103314,34725.637315917541855015,8885.227505674154599546
1165144.421713211806491017,18192.233135081049113069,36891.697647179222258274,9298.567173657425882993
1167303.559224438620731235,12005.827578809305123286,39243.605945364106446505,9700.127842837164280354
1169700.021064738975837827,4798.629636682710042805,40715.992142120332573541,9864.700763173592349631
1171859.158575965790078044,-1826.296153403085554601,40981.224147301865741611,9755.647919544973774464
1173353.328093936899676919,-6394.282900380837418197,40570.675319762434810400,9538.488148548178287456
1173886.591020831139758229,-8009.007180836601946794,40307.220698361496033613,9433.416738033782166895
1174419.853947725379839540,-9611.621834132114599925,39982.821596379566472024,9314.080950621846568538
1175914.023465696489438415,-14016.970353804694241262,38753.773864188922743779,8905.347302278138158727
1178073.160976923303678632,-20075.883987429035187233,36170.696128620780655183,8129.634452397764107445
1180469.622817223658785224,-26212.995197465366800316,32259.090590329440601636,7034.065853849784616614
1182628.760328450473025441,-31063.025963845266232966,27888.939815417357749538,5862.317881796789151849
1184122.929846421582624316,-33975.639617665328842122,24453.296430121332377894,4964.580237839596520644
1184656.192773315822705626,-34919.151743474387330934,23154.628819722780463053,4629.337356618290868937
1185189.455700210062786937,-35809.826061107101850212,21820.924869612823385978,4287.089090814745759417
1186683.625218181172385812,-38012.815347921605280135,17914.738275738916854607,3295.268237098831377807
1188842.762729407986626029,-40393.410760423699684907,11907.181649315392860444,1796.129604663857890046
1191239.224569708341732621,-41862.693895406875526533,4900.680461836104768736,81.761469402091279335
1193398.362080935155972838,-42093.698546733292459976,-1546.099485056761295709,-1466.451985305012158278
1194892.531598906265571713,-41642.467063745600171387,-5994.588161970147666580,-2518.860660347792418179
1195425.794525800505653024,-41361.233127206593053415,-7567.721519943531347963,-2887.857341979512966645
1195959.057452694745734334,-41017.384268839086871594,-9129.398438472951966105,-3252.481899366140169150
1197453.226970665855333209,-39725.222848981269635260,-13424.024211336207372369,-4246.171954066398029681
1199612.364481892669573426,-37029.908795429248129949,-19335.370855214616312878,-5590.050084641846297018
1202008.826322193024680018,-32967.953173765192332212,-25329.762478676166210789,-6918.178389121262625849
1204167.963833419838920236,-28443.030519195905071683,-30073.652796127342298860,-7935.092275858870380034
1205662.133351390948519111,-24891.758420422658673488,-32926.769118851836537942,-8525.065223818031881819
1206195.396278285188600421,-23550.456413652540504700,-33851.986799536549369805,-8711.439480627193916007
1206728.659205179428681731,-22173.505932480093179038,-34725.962528197291248944,-8884.626199269441713113
1208222.828723150538280606,-18143.466703549602243584,-36890.890441295887285378,-9297.488170515534875449
1210381.966234377352520823,-11952.478909785133510013,-39239.987644047192588914,-9698.081902661255298881
1212778.428074677707627416,-4741.282039299195275817,-40707.841787264085724019,-9861.266244303711573593
1214937.565585904521867633,1885.902755676016568032,-40968.049432228894147556,-9750.771779755450552329
1216431.735103875631466508,6454.580229672882524028,-40553.712632892864348833,-9532.564924461783448351
1216964.998030769871547818,8069.368078092734322126,-40288.876894431152322795,-9427.118364761920020101
1217498.260957664111629128,9671.948610709057902568,-39963.092186250876693521,-9307.409410002890581382
1218992.430475635221228004,14076.682030855416087434,-38730.196696818573400378,-8897.655254290908487746
1221151.567986862035468221,20133.399809431961330120,-36141.893876386820920743,-8120.592694025658602186
1223548.029827162390574813,26266.468215080800291616,-32225.407941927322099218,-7023.806807936649420299
1225707.167338389204815030,31111.736813873274513753,-27852.068203083323169267,-5851.301274663044750923
1227201.336856360314413905,34020.645624024204153102,-24415.025903585024934728,-4953.256608100859011756
1227734.599783254554495215,34962.787217379518551752,-23116.030962530530814547,-4617.949366111415656633
1228267.862710148794576526,35852.076655414508422837,-21782.092222096551267896,-4275.660791543010418536
1229762.032228119904175401,38051.168893997644772753,-17875.743567401135805994,-3283.854494791587967484
1231921.169739346718415618,40426.340262922312831506,-11869.215281112486991333,-1785.056411699592899822
1234317.631579647073522210,41890.359105818308307789,-4865.436854315896198386,-71.457729260627729673
1236476.769090873887762427,42117.697209590303828008,1577.752135070802069094,1475.788259351477790915
1237970.938608844997361302,41664.671172219161235262,6023.315936986427914235,2527.425013051169116807
1238504.201535739237442613,41382.956895274852286093,7595.348296391794065130,2896.133488902356930339
1239037.464462633477523923,41038.714374477247474715,9155.904346487519433140,3260.465681315168694709
1240531.633980604587122798,39745.916350864514242858,13447.338890600531158270,4253.327915668181958608
1242690.771491831401363015,37050.876014429733913857,19354.174991135885647964,5596.043475393370499660
1245087.233332131756469607,32990.725129849277436733,25344.136607275650021620,6923.031066528319570352
1247246.370843358570709825,28468.508404342759604333,30084.923938455576717388,7939.136346951035193342
1248740.540361329680308700,24919.523883012232545298,32936.521722757031966466,8528.700850652614462888
1249273.803288223920390010,23579.091531859507085755,33861.334108431969070807,8714.961689322361053200
1249807.066215118160471320,22203.028867911511042621,34734.978693974298948888,8888.052387354589882307
1251301.235733089270070195,18175.520651944432756864,36899.377960970203275792,9300.738122832732187817
1253460.373244316084310412,11988.078969937028887216,39248.730079110871884041,9701.310356676938681630
1255856.835084616439417005,4780.245480046020020382,40718.132904400037659798,9864.752862498777176370
1258015.972595843253657222,-1844.773755229422931734,40980.617875663287122734,9754.679053571438998915
1259510.142113814363256097,-6412.557252834179053025,40568.172354631438793149,9536.825193439433860476
1260043.405040708603337407,-8027.156303182297051535,40304.046762987476540729,9431.510402023626738810
1260576.667967602843418717,-9629.618276926381440717,39978.981449657403572928,9311.934106920514750527
1262070.837485573953017592,-14034.394894694247341249,38748.100939702868345194,8902.544958129856240703
1264229.974996800767257810,-20092.119093271496240050,36162.498630135247367434,8125.945439948180137435
1266626.436837101122364402,-26227.440901303911232390,32248.330386645709950244,7029.500329435222738539
1268785.574348327936604619,-31075.480184483913035365,27876.148947194771608338,5857.081016372611884435
1270279.743866299046203494,-33986.531618788925698027,24439.282685792164556915,4958.953761751196907426
1270813.006793193286284804,-34929.453819613656378351,23140.218167142269521719,4623.587774773104683845
1271346.269720087526366115,-35819.522589796186366584,21806.139091743731114548,4281.225099330776174611
1272840.439238058635964990,-38020.739846412725455593,17899.022172614200826501,3289.131425894254789455
1274999.576749285450205207,-40398.613691693157306872,11890.452941734034538968,1789.727875551642227947
1277396.038589585805311799,-41864.727560680628812406,4883.313457414978984161,75.251466363763483969
1279555.176100812619552016,-42092.820294778197421692,-1563.588332153627561638,-1472.889489721543895939
1281049.345618783729150891,-41639.581781083994428627,-6011.907466068591929798,-2525.154360022632317850
1281582.608545677969232202,-41357.638550720083003398,-7584.930330488808067457,-2894.081501599019247806
1282115.871472572209313512,-41013.085809112890274264,-9146.470698118751897709,-3258.627093578002586582
1283610.040990543318912387,-39718.990024779763189144,-13440.576973863951934618,-4252.046759570014728524
1285769.178501770133152604,-37021.016938076354563236,-19350.827681200284132501,-5595.411900662935295259
1288165.640342070488259196,-32956.370111752366938163,-25343.555844220627477625,-6922.815892215780877450
1290324.777853297302499413,-28429.322856080041674431,-30085.585215211754984921,-7938.955276193451936706
1291818.947371268412098289,-24876.776280829319148324,-32937.237459396841586567,-8528.334935475981183117
1292352.210298162652179599,-23535.061746920418954687,-33861.901538533529674169,-8714.487659902602899820
1292885.473225056892260909,-22157.722030282733612694,-34735.308641355688450858,-8887.448227578443038510
1294379.642743028001859784,-18126.721135797110036947,-36898.570696861221222207,-9299.654881607775678276
1296538.780254254816100001,-11934.697271421318873763,-39245.104789435230486561,-9699.258258812124040560
1298935.242094555171206594,-4722.866670680434253882,-40709.968260987050598487,-9861.310283971151875448
1301094.379605781985446811,1904.408546573902640375,-40967.422999823233112693,-9749.793443762559036259
1302588.549123753095045686,6472.880049571996096347,-40551.185977336943324190,-9530.891727696704037953
1303121.812050647335126996,8087.541594274391172803,-40285.678129720210563391,-9425.201555509134777822
1303655.074977541575208306,9689.968327696389678749,-39959.226138505262497347,-9305.251885189798485953
1305149.244495512684807181,14094.126506428070570109,-38724.495240551099414006,-8894.841774628503117128
1307308.382006739499047399,20149.649681955226697028,-36133.665044634086370934,-8116.892220896172148059
1309704.843847039854153991,26280.922834963766945293,-32214.614665694789437111,-7019.229892560668304213
1311863.981358266668394208,31124.194899624420941109,-27839.243828058512008283,-5846.053414235714626557
1313358.150876237777993083,34031.538250088931818027,-24400.978893083105504047,-4947.619557956512835517
1313891.413803132018074393,34973.088826777020585723,-23101.587221749115997227,-4612.189383533845102647
1314424.676730026258155704,35861.771663239182089455,-21767.273577080792165361,-4269.786582746730346116
1315918.846247997367754579,38059.089131749104126357,-17859.995415989771572640,-3277.708022848035398056
1318077.983759224181994796,40431.535563337463827338,-11852.456097726833831985,-1778.645890174745773038
1320474.445599524537101388,41892.382211383948742878,-4848.041404862634408346,-64.939898118482688005
1322633.583110751351341605,42116.806408981028653216,1595.267564170829245995,1482.232796988212612632
1324127.752628722460940480,41661.772252856731938664,6040.660602791531346156,2533.725264316990433144
1324661.015555616701021791,41379.348338449090078939,7612.582055334873075481,2902.364044247462970816
1325194.278482510941103101,41034.401609904169163201,9173.001154766014224151,3266.617124290096853656
1326688.448000482050701976,39739.668390350598201621,13463.915159401791242999,4259.208606579506522394
1328847.585511708864942193,37041.967919619230087847,19369.654022138507571071,5601.410774753859186603
1331244.047352009220048785,32979.124558128256467171,25357.950965202460793080,6927.673751519469078630
1333403.184863236034289002,28454.781890161160845309,30096.876351375802187249,7943.004342222889135883
1334897.354381207143887877,24904.521809563051647274,32947.009336915369203780,8531.975444424850138603
1335430.617308101383969188,23563.676511720612325007,33871.267845350121206138,8718.014709064826092799
1335963.880234995624050498,22187.224175505423772847,34744.343515219574328512,8890.879212212726997677
1337458.049752966733649373,18158.752983658694574842,36907.076014092861441895,9302.909487183473174809
1339617.187264193547889590,11970.273158109981523012,39253.863355819215939846,9702.491073512208458851
1342013.649104493902996182,4761.803538471183856018,40720.273011643956124317,9864.800763513243509806
1344172.786615720717236400,-1863.308158311736406176,40980.002128619897121098,9753.703932984552011476
1345666.956133691826835275,-6430.886899995375642902,40565.653933759153005667,9535.154648219247974339
1346200.219060586066916585,-8045.360022512698378705,40300.855278130016813520,9429.596020244216560968
1346733.481987480306997895,-9647.668536379229408340,39975.121686169863096438,9309.778773943084161147
1348227.651505451416596770,-14051.870636318262768327,38742.402773490124673117,8899.732952399654095643
1350386.789016678230836987,-20108.400555652398907114,36154.268306349920749199,8122.245277536837420485
1352783.250856978585943580,-26241.926246467828605091,32237.529898011584009510,7024.922327377640613122
1354942.388368205400183797,-31087.966953702041791985,27863.312118063910020282,5851.830801783552487905
1356436.557886176509782672,-33997.450776241297717206,24425.219711151163210161,4953.313525884357659379
1356969.820813070749863982,-34939.781045964249642566,23125.757257050121552311,4617.824325957869405102
1357503.083739964989945292,-35829.242224442110455129,21791.302105197872151621,4275.347154672595934244
1358997.253257936099544168,-38028.681546429739682935,17883.252612571515783202,3282.980532767334807431
1361156.390769162913784385,-40403.824949529742298182,11873.668654817358401488,1783.312173849822102056
1363552.852609463268890977,-41866.759469059325056151,4865.890130963352021354,68.728017045528304152
1365711.990120690083131194,-42091.931237414224597160,-1581.132698726165472181,-1479.339614152233252753
1367206.159638661192730069,-41636.679574375149968546,-6029.280926327061933989,-2531.459923246380640194
1367739.422565555432811379,-41354.024911385691666510,-7602.192653786953087547,-2900.317220135147181281
1368272.685492449672892690,-41008.766176583449123427,-9163.595746070363020408,-3264.783524563701121224
1369766.855010420782491565,-39712.730296534580702428,-13457.180073005918529816,-4257.931810214317920327
1371925.992521647596731782,-37012.090476262928859796,-19366.330253919582901290,-5600.782317226721715997
1374322.454361947951838374,-32944.744909974535403308,-25357.388540805502998410,-6927.459922838304009929
1376481.591873174766078591,-28415.567359553584537935,-30097.550151360865129391,-7942.822763878446494346
1377975.761391145875677466,-24861.743054372789629269,-32947.733119161188369617,-8531.607654418661695672
1378509.024318040115758777,-23519.614977348137472291,-33871.841659825571696274,-8717.538308668379613664
1379042.287244934355840087,-22141.885088177044963231,-34744.678161490803177003,-8890.272183851631780271
1380536.456762905465438962,-18109.920334438371355645,-36906.268645916192326695,-9301.821990478789302870
1382695.594274132279679179,-11916.858393531363617512,-39250.231019942490092944,-9700.432798143794570933
1385092.056114432634785771,-4704.393497348713935935,-40712.094012283494521398,-9861.350104075156195904
1387251.193625659449025989,1922.971141276329035463,-40966.787020265823230147,-9748.808831871689108084
1388745.363143630558624864,6491.235154325110670470,-40548.643793889226799365,-9529.210920237002937938
1389278.626070524798706174,8105.769693164626005455,-40282.461743762229161803,-9423.276680295002734056
1389811.888997419038787484,9708.041842678467219230,-39955.340402896224986762,-9303.085851371533863130
1391306.058515390148386359,14111.622152131647453643,-38718.768474781078111846,-8892.018615318645970547
1393465.196026616962626576,20165.945864775287191151,-36125.403328174594207667,-8113.180582998776117165
1395861.657866917317733169,26295.417036042250401806,-32203.781058590499014826,-7014.640489278008317342
1398020.795378144131973386,31136.685465398608357646,-27826.373461090384807903,-5840.792198986500807223
1399514.964896115241572261,34042.457960670282773208,-24386.882632421602465911,-4941.968745672409568215
1400048.227823009481653571,34983.415513942665711511,-23087.093207682391948765,-4606.415532797509513330
1400581.490749903721734881,35871.489704227271431591,-21752.403711700550047681,-4263.898420750299919746
1402075.660267874831333756,38067.026498731334868353,-17844.193807320705673192,-3271.547472121221289854
1404234.797779101645573974,40436.739122415136080235,-11835.641350129757483955,-1772.221403369798736094
1406631.259619402000680566,41894.403501442793640308,-4830.589663156390997756,-58.408631802194349802
1408790.397130628814920783,42115.904755734147329349,1612.838473000809244695,1488.689941061781382814
1410284.566648599924519658,41658.856371166548342444,6058.059380236383731244,2540.037364425321356975
1410817.829575494164600968,41375.720683810781338252,7629.869281252348628186,2908.606143517227792472
1411351.092502388404682279,41030.067640913715877105,9190.150704551446324331,3272.779788822602313303
1412845.262020359514281154,39733.393503594234061893,13480.541716420921147801,4265.099527105106062663
1415004.399531586328521371,37033.025211180320184212,19385.178752325948153157,5606.786659452132880688
1417400.861371886683627963,32967.481849976436933503,25371.804611392082733801,6932.322950076228153193
1419559.998883113497868180,28441.007554473686468555,30108.861245500069344416,7946.876812561324186390
1421054.168401084607467055,24889.468665283911832375,32957.524240146980446298,8535.253034532113815658
1421587.431327978847548366,23548.209405868630710756,33881.226936561259208247,8721.070187838622587151
1422120.694254873087629676,22171.366461209716362646,34753.731717612186912447,8893.707955068060982740
1423614.863772844197228551,18141.930101215286413208,36914.791740977234439924,9305.081240699932095595
1425774.001284071011468768,11952.410125631304254057,39259.005706200347049162,9703.669966681218284066
1428170.463124371366575360,4743.303807320718988194,40722.412392442885902710,9864.844439603552018525
1430329.600635598180815578,-1881.899355384691261861,40979.376834713119023945,9752.722531909112149151
1431823.770153569290414453,-6449.271826447101375379,40563.119986689358484000,9533.476487899944913806
1432357.033080463530495763,-8063.618320539850174100,40297.646173893946979661,9427.673568097094175755
1432890.296007357770577073,-9665.772591359447687864,39971.242236688551201951,9307.614927517543037538
1434384.465525328880175948,-14069.397549761208210839,38736.679298744711559266,8896.911262303008697927
1436543.603036555694416165,-20124.728335033152688993,36146.005095351123600267,8118.533944857286769547
1438940.064876856049522758,-26256.451182779463124461,32226.689069733925862238,7020.331830707537847047
1441099.202388082863762975,-31100.486213034404499922,27850.429281275180983357,5846.567224513875771663
1442593.371906053973361850,-34008.397026656886737328,24411.107465638528083218,4947.659519315504439874
1443126.634832948213443160,-34950.133357590828381944,23111.246051216650812421,4612.047000207328892429
1443659.897759842453524470,-35838.984898637922015041,21776.413874133762874408,4269.455247848418366630
1445154.067277813563123345,-38036.640377983661892358,17867.429566739268921083,3276.815551521965971915
1447313.204789040377363563,-40409.044460244316724129,11856.828770351741695777,1776.882497524195059668
1449709.666629340732470155,-41868.789544886210933328,4848.410476617827953305,62.191124088300057338
1451868.804140567546710372,-42091.031299188238335773,-1598.732579343141878780,-1485.802351808058574534
1453362.973658538656309247,-41633.760369403935328592,-6046.708529558537520643,-2537.777340451437339652
1453896.236585432896390557,-41350.392135644775407854,-7619.508473915834656509,-2906.564487054401070054
1454429.499512327136471868,-41004.425298460089834407,-9180.773563694514450617,-3270.951180839762400865
1455923.669030298246070743,-39706.443594190037401859,-13473.833482694984923000,-4263.827091951025067829
1458082.806541525060310960,-37003.129345346002082806,-19381.878537131113262149,-5606.161316880718004541
1460479.268381825415417552,-32933.077511666378995869,-25371.260521957075980026,-6932.110460267356756958
1462638.405893052229657769,-28401.763981441035866737,-30109.547550087594572688,-7946.694715786031338212
1464132.575411023339256644,-24846.658699535328196362,-32958.256038892046490218,-8534.883356185506272595
1464665.838337917579337955,-23504.116065917864034418,-33881.807102626684354618,-8720.591402057951199822
1465199.101264811819419265,-22125.995069704214984085,-34754.071026375531801023,-8893.098042854089726461
1466693.270782782929018140,-18093.064270466264133574,-36913.984222704151761718,-9303.989471066695841728
1468852.408294009743258357,-11898.962258460735029075,-39255.366266100732900668,-9701.605493948049115716
1471248.870134310098364949,-4685.862514749267575098,-40714.218969583278521895,-9861.385677965043214499
1473408.007645536912605166,1941.590532405723934062,-40966.141421961547166575,-9747.817918180593551369
1474902.177163508022204041,6509.645528386952719302,-40546.086011977015004959,-9527.522477075637652888
1475435.440090402262285352,8124.052356342945131473,-40279.227666553175367881,-9421.343714504508170648
1475968.703017296502366662,9726.169134387495432748,-39951.434910094307269901,-9300.911284362344304100
1477462.872535267611965537,14129.168938905670074746,-38713.016332623934431467,-8889.185753570935048629
1479622.010046494426205754,20182.288318204169627279,-36117.108665048792317975,-8109.457760031959878688
1482018.471886794781312346,26309.950767994112538872,-32192.907065909585071495,-7010.038581134581363585
1484177.609398021595552564,31149.208452597915311344,-27813.457055444207071560,-5835.517615422504604794
1485671.778915992705151439,34053.404692281306779478,-24372.737081070823478512,-4936.304160351622158487
1486205.041842886945232749,34993.767213824197824579,-23072.548882135528401705,-4600.627803964877784892
1486738.304769781185314059,35881.230711859563598409,-21737.482590153551427647,-4257.996296590587917308
1488232.474287752294912934,38074.980924856863566674,-17828.338712571654468775,-3265.372836445510984049
1490391.611798979109153152,40441.950866388186113909,-11818.771020166059315670,-1765.782949281662467911
1492788.073639279464259744,41896.422900281322654337,-4813.081623395317365066,-51.863932982094866020
1494947.211150506278499961,42114.992174355626048055,1630.464856070270798227,1495.159684756920796644
1496441.380668477388098836,41655.923452901028213091,6075.512256078336577048,2546.361303785106429132
1496974.643595371628180146,41372.073857771320035681,7647.209958168017692515,2914.859776155764393479
1497507.906522265868261456,41025.712394687405321747,9207.352977158123394474,3278.953663407902240579
1499002.076040236977860332,39727.091620516344846692,13497.218535543262987630,4271.000663178445392987
1501161.213551463792100549,37024.047824448891333304,19400.749145416011742782,5612.171112021567751071
1503557.675391764147207141,32955.796948604976932984,25385.697499335168686230,6936.978641466545923322
1505716.812902990961447358,28427.185349076153215719,30120.878566306742868619,7950.753734829779205029
1507210.982420962071046233,24874.364408624074712861,32968.066373162706440780,8538.533596505474633886
1507744.245347856311127543,23532.690175251191249117,33891.211321241920813918,8724.128100768759395578
1508277.508274750551208854,22155.455688529538747389,34763.143238886150356848,8896.538590677104366478
1509771.677792721660807729,18125.051975567293993663,36922.525075822333747055,9307.253357310744831921
1511930.815303948475047946,11934.489854803516209358,39264.157060730321973097,9704.847009463781432714
1514327.277144248830154538,4724.746281998403901525,40724.550975154685147572,9864.883864103087034891
1516486.414655475644394755,-1900.547339104971797497,40978.741922259468992706,9751.734824422865131055
1517980.584173446753993630,-6467.712016669711374561,40560.570442749776702840,9531.790687451713893097
1518513.847100340994074941,-8081.931178865073889028,40294.419380171806551516,9425.743020943549709045
1519047.110027235234156251,-9683.930420616863557370,39967.343031776894349605,9305.442543433568062028
1520541.279545206343755126,-14086.975605966497823829,38730.930448465609515551,8894.079865022824378684
1522700.417056433157995343,-20141.102391705182526493,36137.708935053138702642,8114.811421579466696130
1525096.878896733513101935,-26271.015659863995097112,32215.807846978023007978,7015.728822442415548721
1527256.016407960327342153,-31113.037903799220657675,27837.500389968583476730,5841.290271044759720098
1528750.185925931436941028,-34019.370306443321169354,24396.945908607267483603,4941.991731124897341942
1529283.448852825677022338,-34960.510689328199077863,23096.684511333533009747,4606.255787562517980405
1529816.711779719917103648,-35848.750545744107512292,21761.474362639957689680,4263.549369875198863156
1531310.881297691026702523,-38044.616270847291161772,17851.553006200720119523,3270.636475977575173602
1533470.018808917840942740,-40414.272149906370032113,11839.933270115130653721,1770.438844565558611066
1535866.480649218196049333,-41870.817712266616581473,4830.874488547564396868,55.640790167767818275
1538025.618160445010289550,-42090.120404418521502521,-1616.387968504653144919,-1492.277695857314938621
1539519.787678416119888425,-41630.824091736431000754,-6064.190262483274636907,-2544.106602022651713924
1540053.050605310359969735,-41346.740149724057118874,-7636.877774852269794792,-2912.823291774134304433
1540586.313532204600051045,-41000.063101741958234925,-9198.004132248703172081,-3277.130050872034189524
1542080.483050175709649920,-39700.129847494426940102,-13490.537176732803345658,-4269.732590677310327010
1544239.620561402523890138,-36994.133480511096422561,-19397.472494433292013127,-5611.548882113459512766
1546636.082401702878996730,-32921.367859923266223632,-25385.171741013979044510,-6936.767483719288065913
1548795.219912929693236947,-28387.912673460239602719,-30121.577356697351206094,-7950.571108724954683566
1550289.389430900802835822,-24831.523174716749053914,-32968.806159118270443287,-8538.162016252574176178
1550822.652357795042917132,-23488.564973538213962456,-33891.797805929352762178,-8723.646915141569479601
1551355.915284689282998443,-22110.051938340886408696,-34763.487173558365611825,-8895.925779288018020452
1552850.084802660392597318,-18076.152914834805415012,-36921.717361237810109742,-9306.157297248075337848
1555009.222313887206837535,-11881.008848553867210285,-39260.510458206888870336,-9702.776319458354919334
1557405.684154187561944127,-4667.273718368288427882,-40716.343061083614884410,-9861.416978937066232902
1559564.821665414376184344,1960.266712506791918713,-40965.486133090715156868,-9746.820676740093404078
1561058.991183385485783219,6528.111156110158844967,-40543.512560811905132141,-9525.826373163570679026
1561592.254110279725864530,8142.389565278346708510,-40275.975827877075062133,-9419.402633482519377139
1562125.517037173965945840,9744.350181436933780788,-39947.509590562222001608,-9298.728159938305907417
1563619.686555145075544715,14146.766837548810144654,-38707.238747000410512555,-8886.343166562539408915
1565778.824066371889784932,20198.677002384138177149,-36108.780993125510576647,-8105.723731670751476486
1568175.285906672244891524,26324.523980300298717339,-32181.992632806071924279,-7005.424151163453643676
1570334.423417899059131742,31161.763802408175251912,-27800.494564275348238880,-5830.229650047891482245
1571828.592935870168730617,34064.378381208553037141,-24358.542198414408630924,-4930.625791101198956312
1572361.855862764408811927,35004.143861139848013408,-23057.954206835573131684,-4594.826187104852579068
1572895.118789658648893237,35890.994619384662655648,-21722.510176568073802628,-4252.080201313347970427
1574389.288307629758492112,38082.952339800423942506,-17812.430102875692682574,-3259.184109670935868053
1576548.425818856572732329,40447.170721248599875253,-11801.845089672591711860,-1759.330525932363116226
1578944.887659156927838922,41898.440331948695529718,-4795.517279810533182172,-45.305804363384595490
1581104.025170383742079139,42114.068589123497076798,1648.146707819737457612,1501.642021215614931862
1582598.194688354851678014,41652.973423594514315482,6093.019216981746467354,2552.697072757691785228
1583131.457615249091759324,41368.407786528136057314,7664.604070004374079872,2921.124931557990748843
1583664.720542143331840634,41021.335798197251278907,9224.607953790899045998,3285.138736490498558851
1585158.890060114441439509,39720.762670842508669011,13513.945590522784186760,4276.912000678422373312
1587318.027571341255679727,37015.035694590005732607,19416.365164966249722056,5617.564114936569239944
1589714.489411641610786319,32944.069797086376638617,25399.629582334731821902,6941.640804896218469366
1591873.626922868425026536,28413.315225658345298143,30132.928259066742612049,7954.635085828289447818
1593367.796440839534625411,24859.208997950929187937,32978.635676455247448757,8541.817105812649970176
1593901.059367733774706721,23517.118780742915987503,33901.220938347301853355,8727.188422917097341269
1594434.322294628014788032,22139.491820906019711401,34772.578016551262408029,8899.371093733521774993
1595928.491812599124386907,18108.118577629462379264,36930.275952596763090696,9309.425810883039957844
1598087.629323825938627124,11916.512327928634476848,39269.317349650664255023,9706.022175081425302778
1600484.091164126293733716,4706.130957949490039027,40726.688687904905236792,9864.919010292214807123
1602643.228675353107973933,-1919.252102051010297146,40978.097319351283658762,9750.740784556683138362
1604137.398193324217572808,-6486.207455040927925438,40558.005231052818999160,9530.097221802818239667
1604670.661120218457654119,-8100.298578978628938785,40291.174826644637505524,9423.804354104831872974
1605203.924047112697735429,-9702.142002781982228043,39963.424001790932379663,9303.261597442744459840
1606698.093565083807334304,-14104.604775736075680470,38725.156155457618297078,8891.238737709682027344
1608857.231076310621574521,-20157.522685789495881181,36129.379763199191074818,8111.077687349983534659
1611253.692916610976681113,-26285.619627149011648726,32204.886174768762430176,7011.113285587104655860
1613412.830427837790921330,-31125.621967097777087474,27824.525397175060788868,5835.999927854664747429
1614906.999945808900520205,-34030.370551781044923700,24382.734999324664386222,4936.310150397022880497
1615440.262872703140601516,-34970.912975781000568531,23082.072599015307787340,4600.450678071174479555
1615973.525799597613513470,-35858.539098888708394952,21746.483534735983994324,4257.629511778909545683
1617467.695317568723112345,-38052.609154555371787865,17835.622901995004212949,3264.443299969412692008
1619626.832828795537352562,-40419.507944344244606327,11822.982135878184635658,1763.981212990020594589
1622023.294669095892459154,-41872.843895068333949894,4813.282160955490326160,49.077017994717834881
1624182.432180322706699371,-42089.198477195292070974,-1634.098860640870952921,-1498.765639425291965381
1625676.601698293816298246,-41627.870666720555163920,-6081.726111727552051889,-2550.447698297010902024
1626209.864625188056379557,-41343.068879636266501620,-7654.300540470763735357,-2919.093623662235586380
1626743.127552082296460867,-40995.679513218703505117,-9215.287432879944390152,-3283.320123075374795008
1628237.297070053406059742,-39693.788986000807199161,-13507.291128788569039898,-4275.648292235505323333
1630396.434581280220299959,-36985.102816773178346921,-19413.112089263162488351,-5616.944995354233469698
1632792.896421580575406551,-32909.615897702300571837,-25399.122151126106473384,-6941.430972348032810260
1634952.033932807389646769,-28374.013387223552854266,-30133.639516287068545353,-7954.451919440326491895
1636446.203450778499245644,-24816.336438235615787562,-32979.383420149621088058,-8541.443610032360084006
1636979.466377672739326954,-23472.961661045457731234,-33901.813708503781526815,-8726.704822926138149342
1637512.729304566979408264,-22094.055657500372035429,-34772.926540362692321651,-8898.755367792578908848
1639006.898822538089007139,-18059.186238460413733264,-36929.467995298633468337,-9308.325442837840455468
1641166.036333764903247356,-11862.998146155487120268,-39265.663526322670804802,-9703.945247849778752425
1643562.498174065258353949,-4648.627103734236698074,-40718.466214748928905465,-9861.443980234404079965
1645721.635685292072594166,1978.999674045218853280,-40964.821081609094107989,-9745.817081554114338360
1647215.805203263182193041,6546.632021744009762187,-40540.923369389922299888,-9524.122583409833168844
1647749.068130157422274351,8160.781301328073823242,-40272.706157306252862327,-9417.453412533870505285
1648282.331057051662355661,9762.584962320244812872,-39943.564374555106041953,-9296.536453837416047463
1649776.500575022771954536,14164.415818717676302185,-38701.435650636965874583,-8883.490831438337409054
1651935.638086249586194754,20215.111877286570233991,-36100.420250102484715171,-8101.978477566896799544
1654332.099926549941301346,26339.136622243880992755,-32171.037704293557908386,-7000.797182385071209865
1656491.237437776755541563,31174.351455798168899491,-27787.485940630052937195,-5824.928289364142983686
1657985.406955747865140438,34075.378963511357142124,-24344.297943750170816202,-4924.933627032437470916
1658518.669882642105221748,35014.545390377657895442,-23043.309143432317796396,-4589.010672293052266468
1659051.932809536345303059,35900.781359818349301349,-21707.486435003826045431,-4246.150125973502326815
1660546.102327507454901934,38090.940672998447553255,-17796.467949322188360384,-3252.981285663489870785
1662705.239838734269142151,40452.398612747121660504,-11784.863540479247603798,-1752.864131369350843670
1665101.701679034624248743,41900.455720256548374891,-4777.896626667141390499,-38.734248686438604636
1667260.839190261438488960,42113.133924087815103121,1665.884022619716233748,1508.136943536797843990
1668755.008708232548087835,41650.006208563274412882,6110.580249516989169933,2559.044661656534572103
1669288.271635126788169146,41364.722396064797067083,7682.051600581628008513,2927.401599069345138560
1669821.534562021028250456,41016.937778205909125973,9241.915615544190586661,3291.334996463896004570
1671315.704079992137849331,39714.406584103206114378,13530.722854981107957428,4282.833525429105975491
1673474.841591218952089548,37005.988756598257168662,19432.026774373072839808,5622.965650612327408453
1675871.303431519307196140,32932.300338354885752779,25413.600813505363475997,6946.309419508684186439
1678030.440942746121436357,28399.397135804480058141,30145.010268842870573280,7958.520842293322857586
1679524.610460717231035233,24844.002391550511674723,32989.232090298515686300,8545.103537857869014260
1680057.873387611471116543,23501.495183145965711446,33911.255726610630517825,8730.251129282220063033
1680591.136314505711197853,22123.474821716819860740,34782.035987892493722029,8902.205438868008059217
1682085.305832476820796728,18091.129878278727119323,36938.044305038121819962,9311.598575222344152280
1684244.443343703635036945,11898.477527308659773553,39274.486502967833075672,9707.195436697327750153
1686640.905184003990143538,4687.457830661138359574,40728.825458586346940137,9864.949851398241662537
1688800.042695230804383755,-1938.013636722610499419,40977.442953856261738110,9749.740386294530253508
1690294.212213201913982630,-6504.758125835513055790,40555.424280495164566673,9528.396065839560833410
1690827.475140096154063940,-8118.720502259415297885,40287.912442781540448777,9421.857542862122500082
1691360.738066990394145250,-9720.407316365719452733,39959.485076878896506969,9301.072065258542352240
1692854.907584961503744125,-14122.285029730230235145,38719.356352330920344684,8888.387857481811806792
1695014.045096188317984343,-20173.989177236548130168,36121.017517361011414323,8107.332721792085067136
1697410.506936488673090935,-26300.263033864452154376,32193.923997990103089251,7006.485203133723189239
1699569.644447715487331152,-31138.238343814417021349,27811.504255815882061142,5830.696181419273671054
1701063.813965686596930027,-34041.397698623302858323,24368.474696971603407292,4930.614766220521232754
1701597.076892580837011337,-34981.340151323631289415,23067.410275798691145610,4594.631661787652774365
1702130.339819475077092648,-35868.350490965385688469,21731.441354374597722199,4251.695664595199559699
1703624.509337446186691523,-38060.618958402963471599,17819.639225119466573233,3258.236017349234316498
1705783.646848673000931740,-40424.751769143971614540,11805.975349406682653353,1757.509600839695167451
1708180.108688973356038332,-41874.868016920940135606,4795.633488080737151904,42.499810315727700072
1710339.246200200170278549,-42088.265441380484844558,-1651.865250109654880362,-1505.266175593597381521
1711833.415718171279877424,-41624.900019486158271320,-6099.316063821339412243,-2556.800619562979591137
1712366.678645065519958735,-41339.378251180321967695,-7671.776754541214359051,-2925.375472036484552518
1712899.941571959760040045,-40991.274459470754663926,-9232.623446622495976044,-3289.521385813020515343
1714394.111089930869638920,-39687.420939067575091030,-13524.095312396850204095,-4281.574182412500704231
1716553.248601157683879137,-36976.037288977619027719,-19428.797284894430049462,-5622.349638972548746096
1718949.710441458038985729,-32897.821567823724763002,-25413.111705252911633579,-6946.100905244671594119
1721108.847952684853225946,-28360.066074239533918444,-30145.733973743786918931,-7958.337124613272862916
1722603.017470655962824821,-24801.098448331154941116,-32989.987762075521459337,-8544.728112873523059534
1723136.280397550202906132,-23457.306089205489115557,-33911.854748896759701893,-8729.765100354956302908
1723669.543324444442987442,-22078.006190534677443793,-34782.389063885711948387,-8901.586782943664729828
1725163.712842415552586317,-18042.164212224073708057,-36937.236058436021266971,-9310.493881589069133042
1727322.850353642366826534,-11844.930133612928329967,-39270.825400274101411924,-9705.112252238925066194
1729719.312193942721933126,-4629.922666420294262934,-40720.588358310749754310,-9861.466655047208405449
1731878.449705169536173344,1997.789409405167134537,-40964.146195248213189188,-9744.807106579846731620
1733372.619223140645772219,6565.208109431937373301,-40538.318366492101631593,-9522.411082681765037705
1733905.882150034885853529,8179.227545735127932858,-40269.418584201928752009,-9415.496026923628960503
1734439.145076929125934839,9780.873455408438530867,-39939.599192121284431778,-9294.336141759893507697
1735933.314594900235533714,14182.115852924445789540,-38695.606976066788774915,-8880.628725311271409737
1738092.452106127049773932,20231.592902709722693544,-36092.026373507767857518,-8098.221977349310691352
1740488.913946427404880524,26353.788642908020847244,-32160.042225247052556369,-6996.157657807809300721
1742648.051457654219120741,31186.971353517848910997,-27774.431137447634682758,-5819.613519870694290148
1744142.220975625328719616,34086.406375020298582967,-24330.004276292489521438,-4919.227657261564672808
1744675.483902519568800926,35024.971735794024425559,-23028.613653500768123195,-4583.181249612503052049
1745208.746829413808882236,35910.590865942220261786,-21692.411329454484075541,-4240.206061635852165637
1746702.916347384918481112,38098.945853647965122946,-17780.452222959476785036,-3246.764358305868881871
1748862.053858611732721329,40457.634466392606555019,-11767.826354411807187716,-1746.383763666264940184
1751258.515698912087827921,41902.468988778862694744,-4760.219658267173144850,-32.149268727584740191
1753417.653210138902068138,42112.188103071013756562,1683.676794767743558623,1514.644444775586407559
1754911.822728110011667013,41647.021732906221586745,6128.195340157521059155,2565.404060746457616915
1755445.085655004251748323,41361.017612151765206363,7699.552533614794811001,2933.689767985046273679
1755978.348581898491829634,41012.518261267541674897,9259.275943399105017306,3297.542431669872257771
1757472.518099869601428509,39708.023289635006221943,13547.550302404757530894,4288.765223199036881851
1759631.655611096415668726,36996.906945299415383488,19447.733936869160970673,5628.375701404191204347
1762028.117451396770775318,32920.488515208620810881,25427.611145770933944732,6950.984464384479906585
1764187.254962623585015535,28385.431030995689070551,30157.124540487842750736,7962.410980897330773587
1765681.424480594694614410,24828.744547630161832785,32999.855554745961853769,8548.392867981501694885
1766214.687407488934695721,23485.819343192757514771,33921.315624541581200901,8733.316194799092045287
1766747.950334383174777031,22107.404654278925590916,34791.517089968539949041,8905.041600647968152771
1768242.119852354284375906,18074.085848357186478097,36945.830066651913512032,9313.771624072334816447
1770401.257363581098616123,11880.385435248757858062,39279.664450452612072695,9708.366767416200673324
1772797.719203881453722715,4668.726895665736265073,40730.961214858965831809,9864.976360595457663294
1774956.856715108267962933,-1956.831935537569734151,40976.778753417929692660,9748.733603573657092056
1776451.026233079377561808,-6523.364013221899767814,40552.827519758589915000,9526.687194406582420925
1776984.289159973617643118,-8137.196929971612007648,40284.632157840642321389,9419.902562456865780405
1777517.552086867857724428,-9738.726339756050947472,39955.526186982278886717,9298.873922556676916429
1779011.721604838967323303,-14140.016338464305590605,38713.530971502521424554,8885.527201425546081737
1781170.859116065781563520,-20190.501825823168474017,36112.622134940742398612,8103.576504506240780756
1783567.320956366136670113,-26314.945829039836098673,32182.921261387535196263,7001.844558062384749064
1785726.458467592950910330,-31150.886974614149949048,27798.436918705549032893,5825.379018212301161839
1787220.627985564060509205,-34052.451682694088958669,24354.164960645732207922,4924.905567689058443648
1787753.890912458300590515,-34991.792150098386628088,23052.697503145813243464,4588.798728773820585047
1788287.153839352540671825,-35878.184654635384504218,21716.347785439207655145,4245.747819368796626804
1789781.323357323650270700,-38068.645611447085684631,17803.601946526971005369,3252.014621984672430699
1791940.460868550464510918,-40430.003549650449713226,11788.912892458720307332,1751.024006182046150570
1794336.922708850819617510,-41876.890001216437667608,4777.928464195783817559,35.909169912495599419
1796496.060220077633857727,-42087.321220607896975707,-1669.687131199385476066,-1511.779297400823907083
1797990.229738048743456602,-41621.912074944782943930,-6116.960105201075748482,-2563.165356061159855017
1798523.492664942983537912,-41335.668189940995944198,-7689.306400731657049619,-2931.668826165200243850
1799056.755591837223619223,-40986.847866868891287595,-9250.012154400588769931,-3295.733827397224104061
1800550.925109808333218098,-39681.025635857695306186,-13540.949700960205518641,-4287.510246940361867019
1802710.062621035147458315,-36966.936831798964703921,-19444.528044439881341532,-5627.762795278691555723
1805106.524461335502564907,-32885.984812969167251140,-25427.140356165542470990,-6950.777261437903689512
1807265.661972562316805124,-28346.070685910814063391,-30157.860673746461543487,-7962.226700861326207814
1808759.831490533426403999,-24785.809163160869502462,-33000.619124766606546473,-8548.015500061215789174
1809293.094417427666485310,-23441.598218711376830470,-33921.920865433072322048,-8732.827722308033116860
1809826.357344321906566620,-22061.903500731983513106,-34791.874680999761039857,-8904.419999254183494486
1811320.526862293016165495,-18025.086806968618475366,-36945.021483968332177028,-9312.662587193233775906
1813479.664373519830405712,-11826.804793273200630210,-39275.996009652095381171,-9706.277305684061502689
1815876.126213820185512304,-4611.160402041238739912,-40722.709419267819612287,-9861.484976512601861032
1818035.263725046999752522,2016.635910892498031899,-40963.461401514934550505,-9743.790725727627432207
1819529.433243018109351397,6583.839403214756202942,-40535.697480683731555473,-9520.691845804811237031
1820062.696169912349432707,8197.728279631495752255,-40266.113037713410449214,-9413.530451876860752236
1820595.959096806589514017,9799.215638953279267298,-39935.613973101244482677,-9292.127199367901994265
1822090.128614777699112892,14199.866910539980381145,-38689.752655628421052825,-8877.756825262005804689
1824249.266126004513353109,20248.120038281704182737,-36083.599300697853323072,-8094.454210623620383558
1826645.727966304868459702,26368.479991178690397646,-32149.006140400517324451,-6991.505560427389355027
1828804.865477531682699919,31199.623436100730032194,-27761.330107557540031848,-5814.285328064235727652
1830299.034995502792298794,34097.460551339303492568,-24315.661155169080302585,-4913.507870908977565705
1830832.297922397032380104,35035.422831415686232504,-23013.867698537811520509,-4577.337909152862266637
1831365.560849291272461414,35920.423070305565488525,-21677.284823844263883075,-4234.247999374277242168
1832859.730367262382060289,38106.967810708119941410,-17764.382894791233411524,-3240.533321496624921565
1835018.867878489196300507,40462.878207452929927967,-11750.733513288052563439,-1739.889420922040926598
1837415.329718789551407099,41904.480060852183669340,-4742.486368945543290465,-25.550867298177536213
1839574.467230016365647316,42111.231049667461775243,1701.525018492467097531,1521.164517944209819689
1841068.636747987475246191,41644.019921503975638188,6145.864475283948195283,2571.775260244565288303
1841601.899674881715327501,41357.293360345363907982,7717.106852717734000180,2939.989427551007793227
1842135.162601775955408812,41008.077173726611363236,9276.688918227442627540,3303.761030399385163037
1843629.332119747065007687,39701.612716578907566145,13564.427906149019690929,4294.707079702107876074
1845788.469630973879247904,36987.790195348112320062,19463.486615527108369861,5633.794249608477002766
1848184.931471274234354496,32908.634270306632970460,25441.660531867837562459,6955.665918541957580601
1850344.068982501048594713,28371.416862606536597013,30169.271018647064920515,7966.305478249354564468
1851838.238500472158193588,24813.435424314768170007,33010.506009632976201829,8551.685071460578910774
1852371.501427366398274899,23470.091221542115818011,33931.400570428573701065,8736.383594339540650253
1852904.764354260638356209,22091.281281844683689997,34801.021259613953588996,8907.879553577979095280
1854398.933872231747955084,18056.986458667888655327,36953.633170713197614532,9315.944931115211147699
1856558.071383458562195301,11862.236034052746617817,39284.851121641120698769,9709.536140284501016140
1858954.533223758917301893,4649.938148536177322967,40733.095884150141500868,9864.998511005154796294
1861113.670734985731542110,-1975.706990836494696850,40976.104645455154241063,9747.720410284437093651
1862607.840252956841140985,-6542.025101267004174588,40550.214877308950235602,9524.970582306570577202
1863141.103179851081222296,-8155.727843269472941756,40281.333900867924967315,9417.939388090433567413
1863674.366106745321303606,-9757.099051222781781689,39951.547261834515666123,9296.667144974739130703
1865168.535624716430902481,-14157.798672313372662757,38707.679945194417086896,8882.656746594830110553
1867327.673135943245142698,-20207.060591156954615144,36104.193553168421203736,8099.809015069484303240
1869724.134976243600249290,-26329.667961508235748624,32171.877909564806031995,6997.191333340379969741
1871883.272487470414489508,-31163.567799946096783970,27785.323338547896128148,5820.048424704545141140
1873377.442005441524088383,-34063.532439491158584133,24339.805749357219610829,4919.182543900295058847
1873910.704932335764169693,-35002.268906018238340039,23037.934242439863737673,4582.951869098000315716
1874443.967859230004251003,-35888.041522326428093947,21701.202791745286958758,4239.785967153941783181
1875938.137377201113849878,-38076.689042505830002483,17787.511037127362214960,3245.779107759685757628
1878097.274888427928090096,-40435.263210966804763302,11771.794746786203177180,1744.524427110345413894
1880493.736728728283196688,-41878.909771108934364747,4760.167083607945642143,29.305099602294149008
1882652.874239955097436905,-42086.365738283115206286,-1687.564498127511797065,-1518.304997842111106365
1884147.043757926207035780,-41618.906757789838593453,-6134.658222208266124653,-2569.541897983867329458
1884680.306684820447117090,-41331.938621289169532247,-7706.889462606888628216,-2937.973675266827285668
1885213.569611714687198400,-40982.399661574534547981,-9267.453537027051424957,-3301.957436088853228284
1886707.739129685796797276,-39674.603005339173250832,-13557.854267747898120433,-4293.456471495948790107
1888866.876640912611037493,-36957.801379741635173559,-19460.304330850201949943,-5633.184446523398037243
1891263.338481212966144085,-32874.105575682631751988,-25441.208056445804686518,-6955.460019893793287338
1893422.475992439780384302,-28332.027173535323527176,-30170.019560765107598854,-7966.120624738237893325
1894916.645510410889983177,-24770.468540801899507642,-33011.277447874039353337,-8551.305746816937244148
1895449.908437305130064487,-23425.838010184754239162,-33932.011996214903774671,-8735.892663601955064223
1895983.171364199370145798,-22045.747551318087062100,-34801.383328351788804866,-8907.254991173947928473
1897477.340882170479744673,-18007.953993500308570219,-36952.824204982505762018,-9314.831533280128496699
1899636.478393397293984890,-11808.622107484690786805,-39281.175283812328416388,-9707.440381185126170749
1902032.940233697649091482,-4592.340306255281575432,-40724.829324886217364110,-9861.498917714790877653
1904192.077744924463331699,2035.539170732861748547,-40962.766627691904432140,-9742.767912861130753299
1905686.247262895572930574,6602.525887028736178763,-40533.060640314979536925,-9518.964847562776412815
1906219.510189789813011885,8216.283484036226582248,-40262.789446778748242650,-9411.556662578903342364
1906752.773116684053093195,9817.611491085368470522,-39931.608647128450684249,-9289.909602285859364201
1908246.942634655162692070,14217.668961791961919516,-38683.872621466791315470,-8874.875108339281723602
1910406.080145881976932287,20264.693243458696088055,-36075.138968859006126877,-8090.675156972602053429
1912802.541986182332038879,26383.210615743042581016,-32137.929394348564528627,-6986.840873227401971235
1914961.679497409146279097,31212.307643862473923946,-27748.182803681353107095,-5808.943700439315762196
1916455.849015380255877972,34108.541427844407735392,-24301.268539423206675565,-4907.774257099884380295
1916989.111942274495959282,35045.898611038544913754,-22999.071239964479900664,-4571.480641011069565138
1917522.374869168736040592,35930.277905224247660954,-21662.106882030257111182,-4228.275930272401637922
1919016.544387139845639467,38115.006472899316577241,-17748.259935778922226746,-3234.288169150860994705
1921175.681898366659879684,40468.129760954550874885,-11733.584998920374346199,-1733.381101261628600696
1923572.143738667014986277,41906.488859575649257749,-4724.696753072753381275,-18.939047245326491975
1925731.281249893829226494,42110.262687243928667158,1719.428687950928178907,1527.697156011289735034
1927225.450767864938825369,41641.000699019707099069,6163.587641181325125217,2578.158250319542275975
1927758.713694759178906679,41353.549565988701942842,7734.714541400472626265,2946.300566963139772270
1928291.976621653418987989,41003.614441718942543957,9294.154520789041271200,3309.990780891882877768
1929786.146139624528586864,39695.174793881706136744,13581.355639435400007642,4300.659080596905369021
1931945.283650851342827082,36978.638441229697491508,19479.284773257044435013,5639.221277461878344184
1934341.745491151697933674,32896.737546171163558029,25455.748924342897225870,6960.353760936784055957
1936500.883002378512173891,28357.354581907697138377,30181.449647756897320505,7970.204310894625450601
1937995.052520349621772766,24798.074979649638407864,33021.183394575411512051,8554.980123508459655568
1938528.315447243861854076,23454.310778782193665393,33941.510502337347134016,8739.453302711963260663
1939061.578374138101935387,22075.104667604802671121,34810.548433437812491320,8910.719272099515364971
1940555.747892109211534262,18039.831679978007741738,36961.453550265621743165,9318.118469971510421601
1942714.885403336025774479,11844.029306026499398286,39290.046445834283076692,9710.703528290388931055
1945111.347243636380881071,4631.091584889412843040,40735.229393654728482943,9865.016275695748845465
1947270.484754863195121288,-1994.638794879179840791,40975.420557162789918948,9746.700780270643008407
1948764.654272834304720163,-6560.741373932603892172,40547.586281397241691593,9523.246204300643512397
1949297.917199728544801474,-8174.313223193719750270,40278.017600698360183742,9415.967994924551021541
1949831.180126622784882784,-9775.525428913964788080,39947.548230962216621265,9294.451708112648702809
1951325.349644593894481659,-14175.632001508718531113,38701.803205435244308319,8879.776470011784113012
1953484.487155820708721876,-20223.665432672969473060,36095.731709104191395454,8096.030233036125537183
1955880.948996121063828468,-26344.429379903296648990,32160.793886986746656476,6992.525511923028716410
1958040.086507347878068686,-31176.280760040936002042,27772.163467939441034105,5814.704387364849935693
1959534.256025318987667561,-34074.639904283802025020,24325.397022032386303181,4913.445683956915672752
1960067.518952213227748871,-35012.770352764790004585,23023.120454988824349130,4577.091072836019520764
1960600.781879107467830181,-35897.921026232681469992,21686.006337041264487198,4233.810099014697698294
1962094.951397078577429056,-38084.749180158360104542,17771.366467788429872598,3239.529468574875863851
1964254.088908305391669273,-40440.530677954528073315,11754.620894135914568324,1738.010861743999612372
1966650.550748605746775866,-41880.927249514905270189,4742.349340660536654468,22.687602238303270497
1968809.688259832561016083,-42085.398917583988804836,-1705.497345039325409743,-1524.843269868817515089
1970303.857777803670614958,-41615.883992497147119138,-6152.410401088231083122,-2575.930235474810615415
1970837.120704697910696268,-41328.189470382370927837,-7724.525923627203155775,-2944.290008509618473909
1971370.383631592150777578,-40977.929769540336565115,-9284.947575202066218480,-3308.192200097072600329
1972864.553149563260376453,-39668.152976285760814790,-13574.808985894636862213,-4299.412841700617718743
1975023.690660790074616671,-36948.630867140840564389,-19476.126106912775867386,-5638.614574897577767842
1977420.152501090429723263,-32862.183798371588636655,-25455.314758485088532325,-6960.149159515520295827
1979579.290012317243963480,-28317.935488307477498893,-30182.210579059850715566,-7970.018872733766329475
1981073.459530288353562355,-24755.076539252288057469,-33021.962670828623231500,-8554.598828298361695488
1981606.722457182593643665,-23410.025424177121749381,-33942.128079120993788820,-8738.959898989724024432
1982139.985384076833724976,-22029.538305457699607359,-34810.914942362542205956,-8910.091733089529952849
1983634.154902047943323851,-17990.765742590141599067,-36960.644154333414917346,-9317.000693417772708926
1985793.292413274757564068,-11790.382058598514049663,-39286.363151874771574512,-9708.601451683680352289
1988189.754253575112670660,-4573.462374765381355246,-40726.948002199133043177,-9861.508451685062027536
1990348.891764801926910877,2054.499181070443228236,-40962.061800837502232753,-9741.738641797430318547
1991843.061282773036509752,6621.267544704402098432,-40530.407773520979390014,-9517.230062697915855097
1992376.324209667276591063,8234.893139854244509479,-40259.447740124873234890,-9409.574634175474784570
1992909.587136561516672373,9836.060989812980551505,-39927.583143629461119417,-9287.683326100544945803
1994403.756654532626271248,14235.521976763788188691,-38677.966805533455044497,-8871.983551560057094321
1996562.894165759440511465,20281.312477523948473390,-36066.645315007663157303,-8086.884795956353627844
1998959.356006059795618057,26397.980465088570781518,-32126.811931546973937657,-6982.163579179514272255
2001118.493517286609858274,31225.023916900179756340,-27734.989178433388588019,-5803.588623488562006969
2002612.663035257719457150,34119.648939683153002989,-24286.826388014291296713,-4902.026804964538314380
2003145.925962151959538460,35056.399008227148442529,-22984.224239126597240102,-4565.609435291585214145
2003679.188889046199619770,35940.155302780229249038,-21646.877467803074978292,-4222.289845423832957749
2005173.358407017309218645,38123.061768702798872255,-17732.083316842505155364,-3228.028895200471197313
2007332.495918244123458862,40473.389051682206627447,-11716.380793116528366227,-1726.858802836236918665
2009728.957758544478565454,41908.495307810837402940,-4706.850805055662021914,-12.313811452137770175
2011888.095269771292805672,42109.282938939562882297,1737.387797227788723831,1534.242351901612209986
2013382.264787742402404547,41637.963989899115404114,6181.364824038405458850,2584.553021091437130963
2013915.527714636642485857,41349.786154211687971838,7752.375583068454943714,2952.623175367141357128
2014448.790641530882567167,40999.129991171750589274,9311.672731731041494641,3316.231671335103328602
2015942.960159501992166042,39688.709450296097202227,13598.333475350887965760,4306.621211486521133338
2018102.097670728806406260,36969.451617260347120464,19495.128372805931576295,5644.656767141299496870
2020498.559511029161512852,32884.798285187876899727,25469.876275552735023666,6965.047970461803743092
2022657.697022255975753069,28343.244140066173713421,30193.660372044047107920,7974.107455314451726736
2024151.866540227085351944,24782.663171600761415903,33031.887648969037400093,8558.277999274752801284
2024685.129467121325433254,23438.477975430774677079,33951.645358110479719471,8742.525294661241787253
2025218.392394015565514565,22058.874774688665638678,34820.098547823290573433,8913.560730590870662127
2026712.561911986675113440,18022.621483019174775109,36969.291138120985124260,9320.292214200031594373
2028871.699423213489353657,11825.765233478257869137,39295.250352097515133210,9711.868904363667752477
2031268.161263513844460249,4612.187200386756558146,40737.361670334765221924,9865.029627682741192984
2033427.298774740658700466,-2013.627339844347261533,40974.726415511351660825,9745.674687329423250048
2034921.468292711768299341,-6579.512815075115213403,40544.941660059281275608,9521.514035108333700919
2035454.731219606008380651,-8192.953050671330856858,40274.683185955662338529,9413.988358081272963318
2035987.994146500248461962,-9794.005450855695016799,39943.529023684983258136,9292.227587532634061063
2037482.163664471358060837,-14193.516296137684548739,38695.900684060070489068,8876.886348666681442410
2039641.301175698172301054,-20240.316309633621131070,36087.236539638070098590,8092.240137937717918248
2042037.763015998527407646,-26359.230032659164862707,32149.669137978984508663,6987.847076753638248192
2044196.900527225341647863,-31189.025794910834520124,27758.957259369031817187,5809.346892660050798440
2045691.070045196451246738,-34085.774012112786294892,24310.938737513315572869,4907.694976966567992349
2046224.332972090691328049,-35023.296423788196989335,23008.256102025061409222,4571.216330071146330738
2046757.595898984931409359,-35907.823098314293019939,21670.758385008699406171,4227.820206025034167396
2048251.765416956041008234,-38092.825952744489768520,17755.168209336079598870,3233.265698347574016225
2050410.902928182855248451,-40445.805875233119877521,11737.391316249661031179,1731.483308228632267856
2052807.364768483210355043,-41882.942359112937992904,4724.475229732956904627,16.056680709679312713
2054966.502279710024595261,-42084.420681460353080183,-1723.485666007950385392,-1531.394106388460841117
2056460.671797681134194136,-41612.843703324688249268,-6170.216627990147571836,-2582.330358629043075780
2056993.934724575374275446,-41324.420662164564419072,-7742.215767148461964098,-2950.617815011589300411
2057527.197651469614356756,-40973.438116509991232306,-9302.494249513234535698,-3314.438107579306233674
2059021.367169440723955631,-39661.675477276789024472,-13591.813828400692727882,-4305.379343120188423200
2061180.504680667538195848,-36939.425228162363055162,-19491.993335251863754820,-5644.053162532303758780
2063576.966520967893302441,-32850.219423306720273104,-25469.460414484557986725,-6964.844659143392163969
2065736.104032194707542658,-28303.795581317928736098,-30194.433672681134339655,-7973.921421273706982902
2067230.273550165817141533,-24739.633116430730296997,-33032.674732841056538746,-8557.894719599369636853
2067763.536477060057222843,-23394.160421169581240974,-33952.269051806862989906,-8742.029403160799120087
2068296.799403954297304153,-22013.275726254203618737,-34820.469459226762410253,-8912.930199324295244878
2069790.968921925406903028,-17973.522024973626685096,-36968.481264644004113507,-9319.170041112440230791
2071950.106433152221143246,-11772.084628968295874074,-39291.559542723844060674,-9709.760490062950339052
2074346.568273452576249838,-4554.526603319072819431,-40729.065378007013350725,-9861.513551401838412858
2076505.705784679390490055,2073.515933968089484551,-40961.346847785964200739,-9740.702886307044536807
2077999.875302650500088930,6640.064359966644587985,-40527.738808221962244716,-9515.487465910982791684
2078533.138229544740170240,8253.557227876461183769,-40256.087846267742861528,-9407.584341772713742102
2079066.401156439213082194,9854.564113022866877145,-39923.537391823956568260,-9285.448346361088624690
2080560.570674410322681069,14253.425925395340527757,-38672.035139586514560506,-8869.082131909490271937
2082719.708185637136921287,20297.977699588518589735,-36058.118275990229449235,-8083.083107112268407946
2085116.170025937492027879,26412.789487503756390652,-32115.653696312427200610,-6977.473661243425340217
2087275.307537164306268096,31237.772195092962647323,-27721.749184320382482838,-5798.220083702633928624
2088769.477055135415866971,34130.783021775103406981,-24272.334659817606734578,-4896.265503638184782176
2089302.739982029655948281,35066.923956315120449290,-22969.326657294441247359,-4559.724282106336431752
2089836.002908923896029592,35950.055194822001794819,-21631.596544886506308103,-4216.289735932109579153
2091330.172426895005628467,38131.133626361057395115,-17715.853008860060072038,-3221.755493594090239640
2093489.309938121819868684,40478.656004179254523478,-11699.120877679215482203,-1720.322523823281699151
2095885.771778422407805920,41910.499328182086173911,-4688.948519336382560141,-5.675162837493189727
2098044.909289649222046137,42108.291727666037331801,1755.402340336440829560,1540.800098496344617161
2099539.078807620331645012,41634.909718370516202413,6199.196009948719620297,2590.959562631872813654
2100072.341734514571726322,41346.003049931052373722,7770.089961023618343461,2958.957241858706311177
2100605.604661408346146345,40994.623747803932928946,9329.243531587584584486,3322.483689864957796090
2102099.774179379455745220,39682.216614381017279811,13615.361386847675021272,4312.593457918444983079
2104258.911690606269985437,36960.229657587566180155,19511.017376757336023729,5650.100700763758140965
2106655.373530906625092030,32872.816429606420570053,25484.042537663568509743,6969.748525946955851396
2108814.511042133439332247,28329.085488145996350795,30205.903135525441030040,7978.014887926159644849
2110308.680560104548931122,24767.199958055545721436,33042.618711989423900377,8561.578673845257071662
2110841.943486998789012432,23422.592771936000644928,33961.805075367243262008,8745.599544868702651002
2111375.206413893029093742,22042.591566165068798000,34829.671538927483197767,8916.403903367134262226
2112869.375931864138692617,18005.355838488248991780,36977.145866859173111152,9322.466137297846216825
2115028.513443090952932835,11807.443798719446931500,39300.462769260688219219,9713.032241375825833529
2117424.975283391308039427,4593.224990734711354889,40739.492640919568657409,9865.038539928787940880
2119584.112794618122279644,-2032.672617828801776341,40974.022147247284010518,9744.642105211394664366
2121078.282312589231878519,-6598.339408444745458837,40542.280941116048779804,9519.774049407700658776
2121611.545239483471959829,-8211.647306514692900237,40271.330585052623064257,9412.000452643113021622
2122144.808166377712041140,-9812.539094951274819323,39939.489569115692574997,9289.994758759374235524
2123638.977684348821640015,-14211.451526142851434997,38689.972312710749974940,8873.986359518108656630
2125798.115195575635880232,-20257.013181127909774659,36078.707981490413658321,8088.438709283253047033
2128194.577035875990986824,-26374.069868009839410661,32138.503606728529121028,6983.156010763726953883
2130353.714547102805227041,-31201.802844348898361204,27745.704665218516311143,5803.975927055226748053
2131847.884065073914825916,-34096.934697789882193319,24296.430854558588180225,4901.930412042124771688
2132381.146991968154907227,-35033.847052306729892734,22993.341144706078921445,4565.327630894355024793
2132914.409918862394988537,-35917.747670296979777049,21655.458899263037892524,4221.816279269099140947
2134408.579436833504587412,-38100.919288364406384062,17738.916232555115129799,3226.987791012115849298
2136567.716948060318827629,-40451.088727179929264821,11720.105994865079992451,1724.941764736362301846
2138964.178788360673934221,-41884.955022343681775965,4706.544745241537384572,9.412337941831765420
2141123.316299587488174438,-42083.430952634153072722,-1741.529455033472004288,-1537.957500264453074124
2142617.485817558597773314,-41609.785814312839647755,-6188.076888966163096484,-2588.742257492705448385
2143150.748744452837854624,-41320.632121366419596598,-7759.958976421195984585,-2956.957083840265568142
2143684.011671347077935934,-40968.924628018503426574,-9320.093540434700116748,-3320.695146640986877173
2145178.181189318187534809,-39655.170436697495460976,-13608.868768131043907488,-4311.355961264712277625
2147337.318700545001775026,-36930.184396803058916703,-19507.905978327755292412,-5649.500191498595086159
2149733.780540845356881618,-32838.212392622554034460,-25483.644976454397692578,-6969.546497554660163587
2151892.918052072171121836,-28289.607403554298798554,-30206.688785469057620503,-7977.828246719736853265
2153387.087570043280720711,-24724.138230177337391069,-33043.413572901299630757,-8561.193395749924093252
2153920.350496937520802021,-23378.242961573614593362,-33962.434851704216271173,-8745.101150740971206687
2154453.613423831760883331,-21996.959776750434684800,-34830.046814912660920527,-8915.770364138294098666
2155947.782941802870482206,-17956.222811351603013463,-36976.335468304874666501,-9321.339549808584706625
2158106.920453029684722424,-11753.729800951005017851,-39296.764385008063982241,-9710.917469147787414840
2160503.382293330039829016,-4535.532987709267217724,-40731.181378877321549226,-9861.514189790686941706
2162662.519804556854069233,2092.589421406560177275,-40960.621695147267018910,-9739.660620113994809799
2164156.689322527963668108,6658.916316433997963031,-40525.053672123183787335,-9513.737031861319337622
2164689.952249422203749418,8272.275728779059136286,-40252.709693512268131599,-9405.585760437286808155
2165223.215176316443830729,9873.120838476068456657,-39919.471320725446275901,-9283.204638579369202489
2166717.384694287553429604,14271.380777478952950332,-38666.077555191783176269,-8866.170826341429346940
2168876.522205514367669821,20314.688868587509205099,-36049.557788484846241772,-8079.270069955657163518
2171272.984045814722776413,26427.637631074736418668,-32104.454632824792497559,-6972.771102367618368589
2173432.121557041537016630,31250.552418099083297420,-27708.462773744198784698,-5792.838067571058672911
2174926.291075012646615505,34141.943608809342549648,-24257.793313627204042859,-4890.490342261948171654
2175459.554001906886696815,35077.473388402839191258,-22954.378455665770161431,-4553.825171575617787312
2175992.816928801126778126,35959.977512962359469384,-21616.264076940631639445,-4210.275592911611965974
2177486.986446772236377001,38139.221973875974072143,-17699.568982671076810220,-3215.467958298032499442
2179646.123957999050617218,40483.930542746384162456,-11681.805234409574040910,-1713.772262427344685420
2182042.585798299405723810,41912.500843075489683542,-4670.989890399302566948,0.976895642160116040
2184201.723309526219964027,42107.288976107687631156,1773.472311211970009026,1547.370388631284185976
2185695.892827497329562902,41631.837808445736300200,6217.081184903644498263,2597.377864962347302935
2186229.155754391569644213,41342.200177851562330034,7787.857658457513025496,2965.302755481847270858
2186762.418681285809725523,40990.095637125930807088,9346.866900779788920772,3328.746824565462247847
2188256.588199256919324398,39675.696214501484064385,13632.439346743154601427,4318.575805384507475537
2190415.725710483733564615,36950.972496189904632047,19526.951747531427827198,5655.553060386349898181
2192812.187550784088671207,32860.791921540083421860,25498.247662651243444998,6974.455406159263475274
2194971.325062010902911425,28314.878577107767341658,30218.177882008261804003,7981.926585083097052120
2196465.494579982012510300,24751.685296822321106447,33053.376522592014225665,8564.882122241988327005
2196998.757506876252591610,23406.655128675869491417,33971.989591503712290432,8748.676027952134973020
2197532.020433770492672920,22026.255005041697586421,34839.267342681545414962,8919.248764680198291899
2199026.189951741602271795,17988.034717046743026003,36985.017668828215391841,9324.640212700305710314
2201185.327462968416512012,11789.064984064065356506,39305.683625918187317438,9714.193512140056554927
2203581.789303268771618605,4574.204951684328079864,40741.622231905748776626,9865.042985343734471826
2205740.926814495585858822,-2051.774620848103040771,40973.307678892895637546,9743.603007620691641932
2207235.096332466695457697,-6617.221137686184192717,40539.604052173592208419,9518.026221835381875280
2207768.359259360935539007,-8230.395971422303773579,40267.959726191002118867,9410.004253653090927401
2208301.622186255175620317,-9831.126338981903245440,39935.429796160453406628,9287.753197280042513739
2209795.791704226285219193,-14229.437661322725034552,38684.018022835887677502,8871.076479493010992883
2211954.929215453099459410,-20273.756006072078889702,36070.145971211830328684,8084.625926559204344812
2214351.391055753454566002,-26388.948833989739796380,32127.297237283648428274,6978.452296873074374162
2216510.528566980268806219,-31214.611847929711075267,27732.405637762614787789,5798.591477013744224678
2218004.698084951378405094,-34108.121895898380898871,24281.873331843147752807,4896.151978301731105603
2218537.961011845618486404,-35044.422171307269309182,22978.375544114376680227,4559.424965404375143407
2219071.223938739858567715,-35927.694673672507633455,21640.107843353471253067,4215.798309841266018339
2220565.393456710968166590,-38109.029114879071130417,17722.610508189121901523,3220.695740519894116005
2222724.530967937782406807,-40456.379157930554356426,11702.764911715570633532,1718.386229465858832555
2225120.992808238137513399,-41886.965161410247674212,4688.557881639496372372,2.754576896483058590
2227280.130319464951753616,-42082.429653599821904209,-1759.628706042952217103,-1544.533444316039776822
2228774.299837436061352491,-41606.710249284740712028,-6205.991169971412091400,-2595.165922062967183592
2229307.562764330301433802,-41316.823772505660599563,-7777.755534590626666613,-2963.307804012625638279
2229840.825691224541515112,-40964.389229392574634403,-9337.745428327154513681,-3326.963305335498716886
2231334.995209195651113987,-39648.637782739453541581,-13625.973777815359426313,-4317.342681588414961880
2233494.132720422465354204,-36920.908306891258689575,-19523.863998436780093471,-5654.955643807377782650
2235890.594560722820460796,-32826.162648317913408391,-25497.868396213802043349,-6974.254653463494832977
2238049.732071949634701014,-28275.370905901654623449,-30218.975861053368134890,-7981.739325369415382738
2239543.901589920744299889,-24708.591838254171307199,-33054.179129778633068781,-8564.494831716079715989
2240077.164516814984381199,-23362.273005731651210226,-33972.625416021030105185,-8748.175116292384700500
2240610.427443709224462509,-21980.590419929267227417,-34839.646945162006886676,-8918.612201728290528990
2242104.596961680334061384,-17938.868072390843735775,-36984.206697474386601243,-9323.509192888886900619
2244263.734472907148301601,-11735.317556907615653472,-39301.977607140281179454,-9712.072361704751529032
2246660.196313207503408194,-4516.481523774976267305,-40733.295931144850328565,-9861.510339724429286434
2248819.333824434317648411,2111.719635283766365319,-40959.886269307535258122,-9738.611816895940137329
2250313.503342405427247286,6677.823397617869886744,-40522.352292715440853499,-9511.978735167007471318
2250846.766269299667328596,8291.048623122733260971,-40249.313209952895704191,-9403.578865196541300975
2251380.029196193907409906,9891.731143814125971403,-39915.384859140343905892,-9280.952178229617857141
2252874.198714165017008781,14289.386502665405714652,-38660.093983721206313930,-8863.249611777884638286
2255033.336225391831248999,20331.445943285652901977,-36040.963788998924428597,-8075.445663979028722679
2257429.798065692186355591,26442.524843690276611596,-32093.214685123835806735,-6968.055885488461171917
2259588.935576919000595808,31263.364525360237166751,-27695.129898997853160836,-5787.442561581205154653
2261083.105094890110194683,34153.130635248206090182,-24243.202308151558099780,-4884.701309981726808473
2261616.368021784350275993,35088.047237360944563989,-22939.379595361315296032,-4547.912093826961609011
2262149.630948678590357304,35969.922188581731461454,-21600.880027557166613406,-4204.247407486414886080
2263643.800466649699956179,38147.326739011594327167,-17683.231209071509510977,-3209.166283295091488981
2265802.937977876514196396,40489.212591443523706403,-11664.433845101910264930,-1707.208016878924809134
2268199.399818176869302988,41914.499774640571558848,-4652.974912758729260531,7.642360995746457775
2270358.537329403683543205,42106.274606721155578271,1791.597703723578888457,1553.953215099756334894
2271852.706847374793142080,41628.748183918360155076,6235.020334804689809971,2603.807918057064398454
2272385.969774269033223391,41338.377462463729898445,7805.678658463503779785,2971.659705231694715621
2272919.232701163273304701,40985.545584440260427073,9364.542819614280233509,3335.021063468343072600
2274413.402219134382903576,39669.148178829294920433,13649.567327718490560073,4324.568239320503380441
2276572.539730361197143793,36941.680066877976059914,19542.931447383649356198,5661.013828005905452301
2278969.001570661552250385,32848.724702967076154891,25512.491602300025988370,6979.168589802535279887
2281128.139081888366490602,28300.623357810167362913,30230.484555088893102948,7985.842523074385098880
2282622.308599859476089478,24736.119145631961146137,33064.161019511157064699,8568.188319422963104444
2283155.571526753716170788,23390.665005959897825960,33982.198843691818183288,8751.754718465597761679
2283688.834453647956252098,22009.865054266832885332,34848.885894789811572991,8922.095288718592200894
2285183.003971619065850973,17970.658089322641899344,36992.906476143616600893,9326.814413780923132435
2287342.141482845880091190,11770.628771830577534274,39310.912850428459933028,9715.352689411198298330
2289738.603323146235197783,4555.127079033140944375,40743.750369557019439526,9865.042936784630001057
2291897.740834373049438000,-2070.933340834633781924,40972.582936746402992867,9742.557368215037058690
2293391.910352344159036875,-6636.157986336692374607,40536.910920623209676705,9516.270526986709228368
2293925.173279238399118185,-8249.199025976864504628,40264.570537361782044172,9407.999736114865299896
2294458.436206132639199495,-9849.767160604806122137,39931.349633518861082848,9285.502878544455597876
2295952.605724103748798370,-14247.474671329920965945,38678.037745691202871967,8868.156685486886999570
2298111.743235330563038588,-20290.544743207927240292,36061.550445183776901104,8080.801769229772617109
2300508.205075630918145180,-26403.866878432236262597,32116.049973554647294804,6973.735917990001325961
2302667.342586857732385397,-31227.452745008034980856,27719.060129169814899797,5793.193528997569956118
2304161.512104828841984272,-34119.335540791915263981,24267.266127959250297863,4890.359664869126390840
2304694.775031723082065582,-35055.021713544185331557,22963.359261258439801168,4553.508323708016177989
2305228.037958617787808180,-35937.664039698385749944,21624.705180762775853509,4209.766288846156385262
2306722.207476588897407055,-38117.155359909964317922,17706.251006940256047528,3214.389540839366873115
2308881.344987815711647272,-40461.677091378514887765,11685.368048529999214225,1711.816700642333444193
2311277.806828116066753864,-41888.972698277844756376,4670.514633416571996349,-3.916599428364406776
2313436.944339342880994081,-42081.416706623858772218,-1777.783412890860745392,-1551.121931318349197682
2314931.113857313990592957,-41603.616931845819635782,-6223.959456864469757420,-2601.601342288086925691
2315464.376784208230674267,-41312.995539886571350507,-7795.605424697126181854,-2969.669964495164094842
2315997.639711102470755577,-40959.831845750057254918,-9355.449893438304570736,-3333.242571664247407170
2317491.809229073580354452,-39642.077443399946787395,-13643.128830048492091009,-4323.339489489779225551
2319650.946740300394594669,-36911.596892086075968109,-19539.867357711787917651,-5660.419501409571239492
2322047.408580600749701262,-32814.070132255095813889,-25512.130625391455396311,-6978.969105521067831432
2324206.546091827563941479,-28261.086039141569926869,-30231.294842853902082425,-7985.654633456252668111
2325700.715609798673540354,-24692.993898344197077677,-33064.971342021985037718,-8567.799002400050085271
2326233.978536692913621664,-23346.250513915965711931,-33982.840681741829030216,-8751.251274313603062183
2326767.241463587153702974,-21964.167618712472176412,-34849.269785490345384460,-8921.455686227816840983
2328261.410981558263301849,-17921.457778722844523145,-36992.094884078833274543,-9325.678943674285619636
2330420.548492785077542067,-11716.847879201779505820,-39307.199137297648121603,-9713.225140442105839611
2332817.010333085432648659,-4497.372207399888793589,-40735.408960911539907102,-9861.501974023105503875
2334976.147844312246888876,2130.906567416253892588,-40959.140496428677579388,-9737.556450284107995685
2336470.317362283356487751,6696.785586924052040558,-40519.634597274525731336,-9510.212550404770809109
2337003.580289177596569061,8309.875891354186023818,-40245.898323472960328218,-9401.563631038403400453
2337536.843216071836650372,9910.395006553604616784,-39911.277935668796999380,-9278.690940748851062381
2339031.012734042946249247,14307.443070458659349242,-38654.084356354258488864,-8860.318465109587123152
2341190.150245269760489464,20348.248882272440823726,-36032.336213871312793344,-8071.609868652831210056
2343586.612085570115596056,26457.451073037467722315,-32081.933797112142201513,-6963.327993531112042547
2345745.749596796929836273,31276.208456097887392389,-27681.750512269063619897,-5782.033552219302691810
2347239.919114768039435148,34164.344035324160358869,-24228.561602017456607427,-4878.898395949279802153
2347773.182041662279516459,35098.645435827420442365,-22924.330037428811920108,-4541.985038996249386400
2348306.444968556519597769,35979.889152825460769236,-21585.444360263638372999,-4198.205170791410637321
2349800.614486527629196644,38155.447849291893362533,-17666.839658818214957137,-3202.850462585708555707
2351959.751997754443436861,40494.502074088406516239,-11647.006691548433082062,-1700.629785435648273051
2354356.213838054798543453,41916.496044789018924348,-4634.903580970714756404,14.321230194670533820
2356515.351349281612783670,42105.248541736094921362,1809.778511662688288197,1560.548570649771136232
2358009.520867252722382545,41625.640768365818075836,6253.013445451723782753,2610.249711840162490262
2358542.783794146962463856,41334.534828046424081549,7823.552944025079341372,2978.028080051760298375
2359076.046721041202545166,40980.973514841251017060,9382.271268285156111233,3341.306394553492737032
2360570.216239012312144041,39662.572435342575772665,13666.745302320510745631,4330.570745106637332356
2362729.353750239126384258,36932.352303293671866413,19558.956438406486995518,5666.482985559407097753
2365125.815590539481490850,32836.614715729483577888,25526.774308204207045492,6983.888055517743850942
2367284.953101766295731068,28286.319781008714926429,30242.823098154327453813,7989.762678125256570638
2368779.122619737405329943,24720.501462136555346660,33074.972141261416254565,8571.497240282507846132
2369312.385546631645411253,23374.622364027749426896,33992.432768880615185481,8754.835590899712769897
2369845.648473525885492563,21993.421676727954036323,34858.527130730944918469,8924.943449607753791497
2371339.817991496995091438,17953.225925908926001284,37000.812220689302193932,9328.988713851602369687
2373498.955502723809331656,11752.135144340389160789,39316.150370914743689355,9716.509745885921802255
2375895.417343024164438248,4535.991368623638663848,40745.876979904678591993,9865.038367055851267651
2378054.554854250978678465,-2090.148769639099555206,40971.847846882206795271,9741.505160605825949460
2379548.724372222088277340,-6655.149937827561188897,40534.201473641645861790,9514.506939415758097311
2380081.987299116328358650,-8268.056450646728990250,40261.162946345306409057,9405.986874992770026438
2380615.250226010568439960,-9868.461537354643951403,39927.249009684121119790,9283.243777965093613602
2382109.419743981678038836,-14265.562525672536139609,38672.031412339543749113,8865.226954363772165379
2384268.557255208492279053,-20307.379351104096713243,36052.921339618369529489,8076.966216736835121992
2386665.019095508847385645,-26418.823948970773926703,32104.761759313543734606,6969.006857011299871374
2388824.156606735661625862,-31240.325474719807971269,27705.668091501967865042,5787.782069467182736844
2390318.326124706771224737,-34130.575566595362033695,24252.609201416031282861,4884.553460873551557597
2390851.589051601011306047,-35065.645611540188838262,22948.292257072265783790,4547.577695920071164437
2391384.851978495251387358,-35947.655699394934345037,21609.250874912726430921,4203.720207400059734937
2392879.021496466360986233,-38125.297950836698873900,17689.837699474999681115,3208.069185957546324062
2395038.159007693175226450,-40466.982451173869776540,11667.915387038829067023,1705.233176519091557566
2397434.620847993530333042,-41890.977554673474514857,4652.414995105405068898,-10.601187996848238981
2399593.758359220344573259,-42080.392033745563821867,-1795.993569352633130620,-1557.722954000832714883
2401087.927877191454172134,-41600.505785385226772632,-6241.981735400962861604,-2608.048508065887290286
2401621.190804085694253445,-41309.147347601727233268,-7813.508629669861875300,-2976.043554202382438234
2402154.453730979934334755,-40955.252402001955488231,-9373.206915896575083025,-3339.532933575167135132
2403648.623248951043933630,-39635.489346484653651714,-13660.333897284359409241,-4329.346370310112433799
2405807.760760177858173847,-36902.250085881052655168,-19555.916018116433406249,-5665.891746194781262602
2408204.222600478213280439,-32801.934786164463730529,-25526.431615420413436368,-6983.689832314434170257
2410363.360111705027520657,-28246.752753957502136473,-30243.645674076164141297,-7989.574147148790871142
2411857.529629676137119532,-24677.344368057143583428,-33075.790147956111468375,-8571.105882639432820724
2412390.792556570377200842,-23330.175446334698790452,-33993.080585624091327190,-8754.329599238883020007
2412924.055483464617282152,-21947.691335966894257581,-34858.915271183650474995,-8924.300791706513336976
2414418.225001435726881027,-17903.991900950350100175,-36999.999959809676511213,-9327.848775423497500014
2416577.362512662541121244,-11698.320750206745287869,-39312.428903419888229109,-9714.375778009596615448
2418973.824352962896227837,-4478.205034519526634540,-40737.520394045881403144,-9861.489065454039518954
2421132.961864189710468054,2150.150209531997461454,-40958.384302448816015385,-9736.494493863623574725
2422627.131382160820066929,6715.802867645576043287,-40516.900512862433970440,-9508.438452110487560276
2423160.394309055060148239,8328.757513799049775116,-40242.464961746198241599,-9399.540032911945672822
2423693.657235949300229549,9929.112404082563443808,-39907.150478705691057257,-9276.420901537241661572
2425187.826753920409828424,14325.550450212438590825,-38648.048604079311189707,-8857.377363196455917205
2427346.964265147224068642,20365.097643958943081088,-36023.674999274175206665,-8067.762663426033213909
2429743.426105447579175234,26472.416266598898801021,-32070.611912557480536634,-6958.587409410217333061
2431902.563616674393415451,31289.084149310805514688,-27668.324565642978996038,-5776.611025971237722842
2433396.733134645503014326,34175.583743037554086186,-24213.871153772983234376,-4873.081589323081061593
2433929.996061539743095636,35109.267916205433721188,-22909.229742846033332171,-4536.043997228576699854
2434463.258988433983176947,35989.878336601723276544,-21569.957038526452379301,-4192.148873973199442844
2435957.428506405092775822,38163.585231999095412903,-17650.394302632194012403,-3196.520490188896019390
2438116.566017631907016039,40499.798914255421550479,-11629.523755542648359551,-1694.037566383216244503
2440513.027857932262122631,41918.489575194478675257,-4616.775889633070619311,21.013500172703061253
2442672.165369159076362848,42104.210703154923976399,1828.014728742962688557,1567.156447983915995792
2444166.334887130185961723,41622.515485149058804382,6271.060502543018628785,2616.703236185615423892
2444699.597814024426043034,41330.672198666492477059,7841.480498015897865116,2984.407868833838620048
2445232.860740918666124344,40976.379353216361778323,9400.052226867272111122,3347.602805747299498762
2446727.030258889775723219,39655.968911827803822234,13683.973242955242312746,4336.583308065928576980
2448886.167770116589963436,36922.989138913217175286,19575.026682523457566276,5671.960514922543552530
2451282.629610416945070028,32824.461901537266385276,25541.095731762768991757,6988.613781881782415439
2453441.767121643759310246,28271.967797360495751491,30255.193454377578746062,7993.687026396019973618
2454935.936639614868909121,24704.832203914535057265,33085.809826133488968480,8574.808859650378508377
2455469.199566509108990431,23358.527163054506672779,34002.691303792416874785,8757.918619680844130926
2456002.462493403349071741,21976.924835257123049814,34868.190985754357825499,8927.793221409276156919
2457496.632011374458670616,17935.738197369239060208,37008.734834114678960759,9331.163086162061517825
2459655.769522601272910833,11733.584083923815342132,39321.396115263036335818,9717.664654202391830040
2462052.231362901628017426,4516.797816349363529298,40748.001988746611459646,9865.029248909047964844
2464211.368874128442257643,-2109.420899024458776694,40971.102335150870203506,9740.446358358307406888
2465705.538392099551856518,-6674.196975478163949447,40531.475638191630423535,9512.735433635694789700
2466238.801318993791937828,-8286.968225780012289761,40257.736880712051060982,9403.965645212221716065
2466772.064245888032019138,-9887.209446637703877059,39923.127852944009646308,9280.975870917573047336
2468266.233763859141618013,-14283.701193708528080606,38665.998953652466298081,8862.287262956866470631
2470425.371275085955858231,-20324.259788150844542542,36044.258590560799348168,8073.119248500771391264
2472821.833115386310964823,-26433.819993034274375532,32093.432538197288522497,6964.265096823237399803
2474980.970626613125205040,-31253.229975978189031594,27692.229476718108344357,5782.357084882709386875
2476475.140144584234803915,-34141.841907201407593675,24237.902510643674759194,4878.733355450958697475
2477008.403071478474885225,-35076.293797583137347829,22933.174492419671878451,4541.633072164549957961
2477541.665998372714966536,-35957.669583549766684882,21593.744889156685530907,4197.660056629159043950
2479035.835516343824565411,-38133.456814800716529135,17673.370556416288309265,3201.734669878132081067
2481194.973027570638805628,-40472.295160725567257032,11650.406908965776892728,1698.635655375579290194
2483591.434867870993912220,-41892.979652086818532553,4634.258961272884334903,-17.299185737235120541
2485750.572379097808152437,-42079.355556776528828777,-1814.259169133372779470,-1564.336505049233210229
2487244.741897068917751312,-41597.376733074408548418,-6260.057991242186290037,-2614.507409245686176291
2487778.004823963157832623,-41305.279119530161551666,-7831.465132335366433836,-2982.428561998702662095
2488311.267750857397913933,-40950.650822850257100072,-9391.016475719598020078,-3345.834378964614188590
2489805.437268828507512808,-39628.873419604591617826,-13677.588951844179973705,-4335.363309335367375752
2491964.574780055321753025,-36892.867821599800663535,-19572.009941452852217481,-5671.372359992972633336
2494361.036620355676859617,-32789.756551638871314935,-25540.771317544971680036,-6988.416812367984675802
2496520.174131582491099834,-28232.371000928211287828,-30256.028297717253735755,-7993.497842551822031965
2498014.343649553600698709,-24661.643204922329459805,-33086.635485686805623118,-8574.415447208250043332
2498547.606576447840780020,-23314.047763124504854204,-34003.345064203189394902,-8757.410065439155005151
2499080.869503342080861330,-21931.161534496906824643,-34868.583337302981817629,-8927.147492171030535246
2500575.039021313190460205,-17886.470409639379795408,-37007.921856127439241391,-9330.018661333715499495
2502734.176532540004700422,-11679.736152296914951876,-39317.666833211886114441,-9715.524246998855232960
2505130.638372840359807014,-4458.980001112515310524,-40739.630156184044608381,-9861.471586731910065282
2507289.775884067174047232,2169.450553279177256627,-40957.617613082147727255,-9735.425921173269671272
2508783.945402038283646107,6734.875222971401854011,-40514.149966326272988226,-9506.656414778741236660
2509317.208328932523727417,8347.693470670494207297,-40239.013052235291979741,-9397.508045726870477665
2509850.471255826763808727,9947.883313668386108475,-39903.002416439056105446,-9274.142035957565894932
2511344.640773797873407602,14343.708611137793923263,-38641.986657691224536393,-8854.426282866857945919
2513503.778285024687647820,20381.992186584844603203,-36014.980081209439958911,-8063.904027725143350835
2515900.240125325042754412,26487.420371658903604839,-32059.248975088154111290,-6953.834116028697280854
2518059.377636551856994629,31301.991543780481151771,-27654.852011096671049017,-5771.174969321149546886
2519553.547154522966593504,34186.849692161449638661,-24199.130921881460380973,-4867.250879266799529432
2520086.810081417206674814,35119.914610667939996347,-22894.078672514577192487,-4530.088958676704351092
2520620.073008311446756124,35999.889670585900603328,-21554.418025744547776412,-4186.078508188498744857
2522114.242526282556355000,38171.738814177246240433,-17633.895111191850446630,-3190.176360140573706303
2524273.380037509370595217,40505.103035278007155284,-11611.985018872219370678,-1687.431358033674769104
2526669.841877809725701809,41920.480287293590663467,-4598.591833378683077171,27.719167827570800000
2528828.979389036539942026,42103.161012752789247315,1846.306348607012296270,1573.776839760931807177
2530323.148907007649540901,41619.372257411821919959,6289.161491681871666515,2623.168480918774548627
2530856.411833901889622211,41326.789498177786299493,7859.461303206368029350,2990.799060419535180699
2531389.674760796129703522,40971.763024244581174571,9417.885675324103431194,3353.910284924469124235
2532883.844278767239302397,39649.337535877355549019,13701.251121895500546088,4342.605913465957200970
2535042.981789994053542614,36913.590507043467368931,19591.142141496187832672,5677.446397911300664418
2537439.443630294408649206,32812.266201963378989603,25555.455824185657547787,6993.345747408841816650
2539598.581141521222889423,28257.567357418338360731,30267.595566723077354254,7997.615543983211864543
2541092.750659492332488298,24689.111328464307007380,33096.674012198964192066,8578.123152292739177938
2541626.013586386572569609,23342.379363144125818508,34012.974384927270875778,8761.003779172007853049
2542159.276513280812650919,21960.374492624276172137,34877.877394884373643436,8930.644578121744416421
2543653.446031251922249794,17918.194874230786808766,37016.674247838040173519,9333.337503900480442098
2545812.583542478736490011,11714.975572912513598567,39326.650011124358570669,9718.817386940641881665
2548209.045382779091596603,4497.546418147083386430,40750.125321648236422334,9865.015555043191852747
2550368.182894005905836821,-2128.749720673801675730,40970.346327178762294352,9739.380934991349931806
2551862.352411977015435696,-6693.299082503734098282,40528.733341020750231110,9510.955984118343621958
2552395.615338871255517006,-8305.934331612310415949,40254.292267821183486376,9401.936021659210382495
2552928.878265765495598316,-9906.010865739543078234,39918.986091379185381811,9278.699132740062850644
2554423.047783736605197191,-14301.890644653143681353,38659.940300307702273130,8859.337588067763135768
2556582.185294963419437408,-20341.186012566991848871,36035.562133885701769032,8069.260843919434591953
2558978.647135263774544001,-26448.854957853312953375,32082.062253702992165927,6959.510620300281516393
2561137.784646490588784218,-31266.166187478906067554,27678.744236668797384482,5776.918561702463193797
2562631.954164461698383093,-34153.134496275204583071,24223.146013987217884278,4872.899337742437637644
2563165.217091355938464403,-35086.966203730356937740,22918.005928087906795554,4535.674442573073974927
2563698.480018250178545713,-35967.705622714354831260,21578.187186784882214852,4191.585827670916842180
2565192.649536221288144588,-38141.631878702450194396,17656.849548349109682022,3195.385986622958625958
2567351.787047448102384806,-40477.615143199604062829,11632.842596033693553181,1692.024135518879575102
2569748.248887748457491398,-41894.978911769430851564,4616.046526526193702011,-24.010589540424007282
2571907.386398975271731615,-42078.307197300797270145,-1832.580205861824651947,-1570.962577104123511162
2573401.555916946381330490,-41594.229697867900540587,-6278.188209949165866419,-2620.978035626871132990
2573934.818843840621411800,-41301.390779338442371227,-7849.474915411639813101,-2988.824976697060264996
2574468.081770734861493111,-40946.027032789235818200,-9408.878552808380845818,-3352.146895675978157669
2575962.251288705971091986,-39622.229590178008947987,-13694.893965910836413968,-4341.390291794821678195
2578121.388799932785332203,-36883.450032398788607679,-19588.149089356462354772,-5676.861324573271303962
2580517.850640233140438795,-32777.535370137251447886,-25555.149682816037966404,-6993.150024142420079443
2582676.988151459954679012,-28217.940730532001907704,-30268.442656561917829094,-7997.425695705548605474
2584171.157669431064277887,-24645.890366393268777756,-33097.507293097391084302,-8577.727670816249883501
2584704.420596325304359198,-23297.867424355255934643,-34013.634053789064637385,-8760.492647221368315513
2585065.665340152103453875,-22364.521323188724636566,-34605.068238529907830525,-8876.783077404514187947
2586077.850619741715490818,-19668.707305691190413199,-36132.936465854727430269,-9169.531904072160614305
2587540.500726833473891020,-15587.708541921592768631,-37990.850733956969634164,-9503.895614927952919970
2589163.919869491830468178,-10852.549956067581661046,-39546.137694695593381766,-9748.272584689357245225
2590626.569976583588868380,-6454.178284762047951517,-40473.356143105855153408,-9851.530441230683209142
2591638.755256173200905323,-3364.380276737789699837,-40845.891137631704623345,-9857.392416060089090024
2592000.000000000000000000,-2256.326372419067865849,-40925.014374161328305490,-9846.468183622841024771
