Time (s), X (km), Y (km), Z (km)
0.000000000000000000,-23760.532622380000248086,-33715.879108560002350714,-8669.038042340000174590
117.670818716600692255,-23460.893252601432322990,-33914.879500135975831654,-8709.077942727113622823
465.540495441253710851,-22565.042314553218602668,-34488.508577186810725834,-8823.682156147066052654
1028.405456037179419582,-21084.992535580466210376,-35369.447777146669977810,-8997.044860439587864676
1781.665800800593160602,-19049.117360059688508045,-36454.807629333074146416,-9205.261839027845780947
2692.400438121171646344,-16511.396322859967767727,-37619.781883605020993855,-9419.831939714591499069
3720.805894158351748047,-13558.778927347208082210,-38735.438612352321797516,-9612.100956734133433201
4821.935915646418834513,-10313.231014432902156841,-39688.227535858015471604,-9757.981692185954671004
5947.665836838269569853,-6926.573319649840414058,-40397.634069917454326060,-9842.048140971552129486
7048.795858326337111066,-3568.587927213455259334,-40828.111018819465243723,-9860.089912453209763044
8077.201314363514939032,-411.164050719286024105,-40992.391772147406300064,-9819.503927376130377525
8987.935951684092287906,2387.483042934392869938,-40945.343549395467562135,-9737.424092747396571212
9741.196296447509666905,4694.796484786500514019,-40769.901504938046855386,-9637.051918598133852356
10304.061257043435034575,6410.040595698585093487,-40558.429781485137937125,-9543.040087298149956041
10651.930933768087925273,7464.901206217189610470,-40393.526016651092504617,-9476.883614444939667010
10769.601752484688404365,7820.665643081483722199,-40331.853380637207010295,-9453.122093826497803093
10887.272571201288883458,8175.853936916864768136,-40267.209524689264071640,-9428.664116422931328998
11235.142247925941774156,9222.273562752357975114,-40058.774820858634484466,-9352.303949826624375419
11798.007208521867141826,10902.548399294442788232,-39666.962445486824435648,-9216.020094389439691440
12551.267553285280882847,13121.952637822083488572,-39038.156141465551627334,-9009.378877079225276248
13462.002190605860960204,15751.843319537765637506,-38120.774645184188557323,-8723.291958776413594023
14490.407646643039697665,18637.420248514688864816,-36882.981190362035704311,-8354.058005503722597496
15591.537668131106329383,21610.466119977361813653,-35327.954432929887843784,-7906.694733929232825176
16717.267589322957064724,24505.800072774938598741,-33502.884839053287578281,-7396.675400435336996452
17818.397610811025515432,27178.299745228789106477,-31499.275210875108314212,-6849.569879974582363502
18846.803066848202433903,29516.442580084032670129,-29444.393566980048490223,-6298.656506912660915987
19757.537704168782511260,31448.923547244346991647,-27486.053676470204663929,-5781.112408057664652006
20510.798048932199890260,32942.854385822727635968,-25774.377309531926584896,-5333.694640465890188352
21073.663009528121619951,33994.552745941742614377,-24444.307538677960110363,-4988.788661281689201132
21421.532686252776329638,34616.020331910993263591,-23601.549324764891935047,-4771.386129621992949978
21539.203504969376808731,34821.217654116750054527,-23313.012817966307920869,-4697.145407840720508830
21656.874323685977287823,35023.851638040803663898,-23022.760140863967535552,-4622.558883458486889140
22004.744000410631997511,35607.764103720262937713,-22154.858540644658205565,-4400.090042889229152934
22567.608961006557365181,36503.878529422283463646,-20720.624183662024734076,-4034.195239314454738633
23320.869305769971106201,37606.681849335618608166,-18747.083821866450307425,-3534.012688631302808062
24231.603943090547545580,38788.306852389425330330,-16286.032938845244643744,-2915.173714419472162263
25260.009399127728102030,39916.849151624664955307,-13421.289049435195920523,-2201.074870701524559991
26361.139420615792914759,40876.411164874509267975,-10270.789259979290363844,-1422.872507436311934725
27486.869341807643650100,41585.197658154480450321,-6981.676187740427849349,-617.848685332684908644
28587.999363295712100808,42007.695531606739677954,-3718.811923058492538985,173.645893432088996633
29616.404819332892657258,42157.982754483389726374,-649.393952019301650580,911.957209969759787782
30527.139456653465458658,42093.326336844744218979,2072.415393049108388368,1561.644139031302984222
31280.399801416882837657,41899.671193299735023174,4317.220965644555690233,2093.918587690108324750
31843.264762012811843306,41672.464844189271389041,5986.500772414940001909,2487.621140701352487667
32191.134438737462915014,41496.939455553110747132,7013.311950701499881689,2728.890677863155360683
32308.805257454063394107,41431.520191596217046026,7359.654473195761966053,2810.113311029976102873
32426.476076170663873199,41363.052400174819922540,7705.455472996436583344,2891.129160959628279670
32774.345752895314944908,41142.863441155561304186,8724.332876689710246865,3129.369145003734956845
33337.210713491243950557,40730.623972279288864229,10360.744532362536119763,3510.520817245012949570
34090.471058254654053599,40071.806705036935454700,12522.921884111106919590,4011.243189826729576453
35001.205695575234130956,39114.163119487267977092,15086.108423310310172383,4600.358882384962271317
36029.611151612414687406,37825.866965605680888984,17899.992103771284746472,5241.092138321726451977
37130.741173100483138114,36211.128990619246906135,20800.991743545026110951,5894.404430087777654990
38256.471094292333873454,34319.351269201179093216,23628.192056548759865109,6523.039642351335714920
39357.601115780402324162,32245.350304269035405014,26239.888499713480996434,7095.489034529431592091
40386.006571817582880612,30120.511452135433501098,28526.808667276964115445,7588.931215744121800526
41296.741209138155682012,28097.123210650672263000,30418.648982507154869381,7990.399680761975105270
42050.001553901573061012,26329.649875414361304138,31882.447100304045306984,8295.919006137532051071
42612.866514497502066661,24956.809146238294488285,32913.742706879020261113,8507.935620921552981599
42960.736191222153138369,24087.189986595687514637,33523.520740389802085701,8631.828932565060313209
43078.407009938753617462,23789.497294510518258903,33724.924608699140662793,8672.484597124514039024
43196.077828655354096554,23490.054024190212658141,33923.846788601113075856,8712.502039254211922525
43543.947505380005168263,22594.787379785942903254,34497.265933912807668094,8827.044838801992227673
44106.812465975934173912,21115.693826572540274356,35377.933193360084260348,9000.323964368470115005
44860.072810739344276953,19081.107867732214799616,36463.060512647592986468,9208.459549724973840057
45770.807448059924354311,16544.936980546954146121,37627.953117819131875876,9422.977119993336600601
46799.212904097104910761,13594.022596375587454531,38743.773712341302598361,9615.245110339636084973
47900.342925585173361469,10350.196383399459591601,39697.024167752453649882,9761.189042970689115464
49026.072846777024096809,6965.141123620363941882,40407.183551956528390292,9845.382253060384755372
50127.202868265092547517,3608.524953802618256304,40838.639634495229984168,9863.600611937135909102
51155.608324302273103967,452.169870355668535922,41004.017967823405342642,9823.218161118527859799
52066.342961622845905367,-2345.720442511570581701,40958.060631450243818108,9741.342704529137336067
52819.603306386263284367,-4652.552601462659367826,40783.585581998551788274,9641.151990892909452668
53382.468266982192290016,-6367.526194978934654500,40572.864584519506024662,9547.280704860595506034
53730.337943706843361724,-7422.258558204826840665,40408.433509022208454553,9481.212432916994657717
53848.008762423443840817,-7777.986411159821727779,40346.921912213474570308,9457.480895033068009070
53965.679581140044319909,-8133.141570881438383367,40282.439571243921818677,9433.052951010691685951
54313.549257864695391618,-9179.483474641536304262,40074.484525677726196591,9356.781727406187201268
54876.414218460624397267,-10859.696766282861062791,39683.451716303337889258,9220.641492845365064568
55629.674563224034500308,-13079.142615662385651376,39055.684688701272534672,9014.189477149970116443
56540.409200544614577666,-15709.270506737251707818,38139.531954758778738324,8728.321834723106803722
57568.814656581795134116,-18595.352764479313918855,36903.055747656129824463,8359.315518134613739676
58669.944678069863584824,-21569.201221981515118387,35349.314037527867185418,7912.163182331123607582
59795.674599261714320164,-24465.607379156594106462,33525.378997525178419892,7402.314824299295651144
60896.804620749782770872,-27139.366868052129575517,31522.663689972810971085,6855.324598257770048804
61925.210076786963327322,-29478.838572840635606553,29468.395140234359132592,6304.466694735796409077
62835.944714107536128722,-31412.588538910691568162,27510.401051180415379349,5786.926353145730899996
63589.205058870953507721,-32907.613642923031875398,25798.862239414804207627,5339.478133119051562971
64152.070019466882513370,-33960.145485937093326356,24468.804578352697717492,4994.529199601258369512
64499.939696191533585079,-34582.131479112395027187,23626.014454181284236256,4777.091443783245267696
64617.610514908134064171,-34787.504351235191279557,23337.460300377315434162,4702.837308440348351724
64735.281333624727267306,-34990.313874435691104736,23047.186504607532697264,4628.236614493294837303
65083.151010349378339015,-35574.744589953763352241,22179.202148039337771479,4405.721477715405853814
65646.015970945300068706,-36471.691816860889957752,20744.769589485113101546,4039.737931190864401287
66399.276315708717447706,-37575.587476332751975860,18770.840455606092291418,3539.410393891264902777
67310.010953029297525063,-38758.476930650962458458,16309.134521170963125769,2920.357610125900464482
68338.416409066470805556,-39888.338421876622305717,13443.417798239250259940,2205.970124012665110058
69439.546430554546532221,-40849.141581500960455742,10291.622218068201618735,1427.409220482562886900
70565.276351746389991604,-41558.967990747732983436,7000.942998826016264502,621.974468429447369999
71666.406373234465718269,-41982.218804441006795969,3736.348040975142794196,-169.955444843168152147
72694.811829271638998762,-42132.943775399580772500,665.174156900007801596,-908.693306232462418848
73605.546466592219076119,-42068.443483131581160706,-2058.270871129374427255,-1558.766032522204113775
74358.806811355636455119,-41874.745114248587924521,-4304.465116117637080606,-2091.359983041076702648
74921.671771951558184810,-41647.401985763681295794,-5974.792825192700547632,-2485.298862910023672157
75269.541448676201980561,-41471.746887126231740694,-7002.252446027028781828,-2726.712565565840122872
75387.212267392809735611,-41406.275909084703016561,-7348.814064654310641345,-2807.983545170349316322
75504.883086109432042576,-41337.752438239571347367,-7694.833924771308375057,-2889.047503327843514853
75852.752762834075838327,-41117.375690826032951009,-8714.356314490571094211,-3127.428162942300332361
76415.617723429997568019,-40704.759178625237836968,-10351.801521817244065460,-3508.801705250409213477
77168.878068193414947018,-40045.297127842255576979,-12515.331249225906503852,-4009.807245673504439765
78079.612705513995024376,-39086.664664215692027938,-15080.082909176147950348,-4599.239021873459932976
79108.018161551168304868,-37796.988861207202717196,-17895.606388822219741996,-5240.286620701090214425
80209.148183039244031534,-36180.487513687745376956,-20798.167137887350691017,-5893.875575280175326043
81334.878104231087490916,-34286.635317385480448138,-23626.708349319196713623,-6522.719548634611783200
82436.008125719163217582,-32210.381030014068528544,-26239.425400173313391861,-7095.292186451037196093
83464.413581756336498074,-30083.279388061077042948,-28527.008403275183809455,-7588.771306545831976109
84375.148219076916575432,-28057.794547872901603114,-30419.183328455335868057,-7990.206268279705909663
85128.408563840333954431,-26288.544783273995562922,-31883.070564603454840835,-8295.649643535618452006
85691.273524436255684122,-24914.363538439669355284,-32914.319017884343338665,-8507.580715970960227423
86039.143201160914031789,-24043.914186932430311572,-33524.018695235739869531,-8631.408843155144495540
86156.814019877507234924,-23745.940798095245554578,-33725.387514211492089089,-8672.040334637576961541
86274.484838594114989974,-23446.217015133057429921,-33924.270320109928434249,-8712.032532973951674649
86622.354515318758785725,-22550.122877719630196225,-34497.547765910065209027,-8826.494465196194141754
87185.219475914680515416,-21069.700019441363110673,-35377.905786894632910844,-8999.623158021286144503
87938.479820678097894415,-19033.366025533345236909,-36462.465741306914424058,-9207.520238476960003027
88849.214457998677971773,-16495.153897199597849976,-37626.442240115626191255,-9421.694552326263874420
89877.619914035851252265,-13542.068248553019657265,-38740.937221181950008031,-9613.506860598727143952
90978.749935523926978931,-10296.123277434897318017,-39692.448153452387487050,-9758.889897160968757817
92104.479856715770438313,-6909.173749903035059106,-40400.520108591204916593,-9842.441507061050288030
93205.609878203846164979,-3551.016370234829082619,-40829.672800187392567750,-9859.977110530870049843
94234.015334241019445471,-393.534199887704744469,-40992.707530904524901416,-9818.918989475621856400
95144.749971561599522829,2405.081711590471968520,-40944.554183942462259438,-9736.423712509023971506
95898.010316325016901828,4712.310680909264192451,-40768.200545768217125442,-9635.711191551332376548
96460.875276920938631520,6427.457142958599433769,-40556.050860332288721111,-9541.447629487296580919
96808.744953645596979186,7482.242714285101101268,-40390.730030701692157891,-9475.136895257202922949
96926.415772362190182321,7837.979238810432434548,-40328.916713038132002112,-9451.323443882307401509
97044.086591078797937371,8193.138344933693588246,-40264.132392352876195218,-9426.813668370896266424
97391.956267803441733122,9239.464246304189146031,-40055.283801657111325767,-9350.301183816229240620
97954.821228399363462813,10919.564024371509731282,-39662.806629772261658218,-9213.773648788055652403
98708.081573162780841812,13138.689187719901383389,-39033.121828470808395650,-9006.812324530978003168
99618.816210483360919170,15768.175104338159144390,-38114.698741157037147786,-8720.348817850064733648
100647.221666520534199663,18653.208499252279580105,-36875.761605370287725236,-8350.705318271482610726
101748.351688008609926328,21625.574098316435993183,-35319.555502036084362771,-7902.924507534431540989
102874.081609200453385711,24520.111983006303489674,-33493.336279134695359971,-7392.503459585665041232
103975.211630688529112376,27191.739706916217983235,-31488.664358781148621347,-6845.032183499841266894
105003.617086725702392869,29528.989871177305758465,-29432.852242258806654718,-6293.803585943134748959
105914.351724046282470226,31460.621277022590220440,-27473.742378038783499505,-5776.003060951197767281
106667.612068809699849226,32953.810333742243528832,-25761.470058986415097024,-5328.390183882156634354
107230.477029405621578917,34004.932719732118130196,-24430.980297370311745908,-4983.348827375864857459
107578.346706130279926583,34626.035535202310711611,-23587.973697794099280145,-4765.867195969281965517
107696.017524846873129718,34831.108000364336476196,-23299.355141351894417312,-4691.600519155976144248
107813.688343563495436683,35033.616399611644737888,-23009.021420304394268896,-4616.988448014026289457
108161.558020288139232434,35617.153434360698156524,-22140.886168710618221667,-4394.446489240051960223
108724.422980884060962126,36512.647721641995303798,-20706.292862361027800944,-4028.441088770990972989
109477.683325647478341125,37614.598232787400775123,-18732.310002362086379435,-3528.125724958264981979
110388.417962968058418483,38795.160530687608115841,-16270.783734306423866656,-2909.149916310338085168
111416.823419005231698975,39922.466784062162332702,-13405.583943228899443056,-2194.928505984144067043
112517.953440493307425641,40880.670570688620500732,-10254.693909788235032465,-1416.633213824601625674
113643.683361685150885023,41588.040235916916572023,-6965.289070242746674921,-611.555938391955351108
114744.813383173226611689,42009.133693782212503720,-3702.246130602165067103,179.949941597869838006
115773.218839210399892181,42158.100735754160268698,-632.757628716259205248,918.235140838185543544
116683.953476530979969539,42092.274421362591965590,2089.036143768847978208,1567.869482984757269151
117437.213821294397348538,41897.654956349091662560,4333.773488719285523985,2100.079696569117004401
118000.078781890319078229,41669.731843640016450081,6002.969723461465036962,2493.722112998590091593
118347.948458614962873980,41493.765696763446612749,7029.715379226290679071,2734.949341226127216942
118465.619277331570629030,41428.197789563251717482,7376.033348300996294711,2816.156779635513885296
118583.290096048178384081,41359.581599533245025668,7721.808589558153471444,2897.156990108536774642
118931.159772772822179832,41138.955466394232644234,8740.602814588732144330,3135.348149988325531012
119494.024733368743909523,40726.014082194225920830,10376.857752017713210080,3516.412694221586207277
120247.285078132161288522,40066.269821001602394972,12538.782990692219755147,4017.002976851295898086
121158.019715452741365880,39107.527996950237138662,15101.600945422462245915,4605.935819015130618936
122186.425171489914646372,37818.027100043756945524,17914.986459568179270718,5246.433105334397623665
123287.555192977990373038,36202.048181541649682913,20815.359413849226257298,5899.459516711291144020
124413.285114169833832420,34309.062299967197759543,23641.823429398275038693,6527.768823004551450140
125514.415135657909559086,32233.946510002402646933,26252.710863845459243748,7099.868617640100637800
126542.820591695082839578,30108.132639434574230108,28538.800764240360877011,7592.958768935632178909
127453.555229015662916936,28083.938827636105997954,30429.849401084742567036,7994.096523888632873422
128206.815573779080295935,26315.842953063933236990,31892.955274099520465825,8299.329945806404793984
128769.680534375002025627,24942.564106898767931852,32923.712806162460765336,8511.126159701021606452
129117.550211099645821378,24072.686119354715629015,33533.149837936776748393,8634.880545700541915721
129235.221029816253576428,23774.907978496434225235,33734.436945489062054548,8675.488768274683025084
129352.891848532861331478,23475.380332809094397817,33933.241664418404980097,8715.458547276261015213
129700.761525257505127229,22579.870586815442948136,34506.309549255216552410,8829.859181249330504215
130263.626485853426856920,21100.404067965377180371,35386.396234089428617153,9002.904483472861102200
131016.886830616844235919,19065.359356658686010633,36470.724466233434213791,9210.720422244214205421
131927.621467937424313277,16528.697327612120716367,37634.620284854354395065,9424.842504981605088688
132956.026923974597593769,13577.314466212097613607,38749.280189422810508404,9616.654111253961673356
134057.156945462658768520,10333.090769451264350209,39701.253715488979651127,9762.100668343182405806
135182.886866654531331733,6947.743060298416821752,40410.079501890497340355,9845.779335126359001151
136284.016888142592506483,3590.954144068215100560,40840.212157821668370161,9863.491772952669634833
137312.422344179765786976,434.539940899390785489,41004.345109614463581238,9822.637373418552670046
138223.156981500331312418,-2363.319996310245187487,40957.283095679747930262,9740.346601890638339682
138976.417326263763243333,-4670.068390175547392573,40781.896730023239797447,9639.815617987775112852
139539.282286859670421109,-6384.944880708899290767,40570.497921463836973999,9545.692640849045346840
139887.151963584328768775,-7439.602547275680990424,40405.649849783083482180,9479.470124446210320457
140004.822782300936523825,-7795.302604418327973690,40343.997590234539529774,9455.686660208250032156
140122.493601017544278875,-8150.428693219633714762,40279.374801255042257253,9431.206921812967266305
140470.363277742202626541,-9196.677218927616195288,40071.005905482663365547,9354.783387388515620842
141033.228238338109804317,-10876.716013994613604154,39679.308318258008512203,9218.399472473020068719
141786.488583101541735232,-13095.883535907218174543,39050.662739956496807281,9011.627325258048585965
142697.223220422107260674,-15725.607545137951092329,38133.468232159248145763,8725.383029677968806936
143725.628676459280541167,-18611.147216842124180403,36895.847987330264004413,8355.967049829259849503
144826.758697947341715917,-21584.316331070462183561,35340.926382857120188419,7908.397002415795213892
145952.488619139214279130,-24479.927248674059228506,33515.840992181307228748,7398.146709481317884638
147053.618640627275453880,-27152.815454548770503607,31512.062550370326789562,6850.790476653788573458
148082.024096664448734373,-29491.394961489910201635,29456.862641884690674488,6299.617089963581747725
148992.758733985014259815,-31424.295653053173737135,27498.097732602363976184,5781.820080038689411595
149746.019078748446190730,-32918.579113340550975408,25785.962237263775023166,5334.176545121305025532
150308.884039344353368506,-33970.535024939650611486,24455.484026787547918502,4989.092079879081211402
150656.753716069011716172,-34592.156247714148776140,23612.445168641141208354,4771.575129194481633021
150774.424534785619471222,-34797.404258251503051724,23323.808847074840741698,4697.295006769772953703
150892.095353502256330103,-35000.088189919093565550,23033.453889152246119920,4622.668734098499044194
151239.965030226914677769,-35584.143440671345160808,22165.235531634862127248,4400.080385239974930300
151802.829990822821855545,-36480.470431404268310871,20730.443459897513093892,4033.986092569486572756
152556.090335586253786460,-37583.513068828811810818,18756.071083537513914052,3533.525549642921760096
153466.824972906819311902,-38765.339436275964544620,16293.888893452683987562,2914.335714023740365519
154495.230428943992592394,-39893.964294401077495422,13427.715345467651786748,2199.825442445644512190
155596.360450432053767145,-40853.408427652982936706,10275.528629738117160741,1421.171415042777880444
156722.090371623926330358,-41561.817027771459834184,6984.556863713289203588,615.683060619228854193
157823.220393111987505108,-41983.662330149054469075,3719.782622731501760427,-176.258243497746661888
158851.625849149160785601,-42133.065999904843920376,648.537796083117427770,-914.970016256260350929
159762.360486469726311043,-42067.394761131457926240,-2074.891886777033505496,-1564.990133974986747489
160515.620831233158241957,-41872.731175138229446020,-4321.017989546780881938,-2097.519797046954408870
161078.485791829065419734,-41644.670604655366332736,-5991.262127953370509204,-2491.398480579076931463
161426.355468553723767400,-41468.574326934140117373,-7018.656199996148643550,-2732.769828540092930780
161544.026287270331522450,-41402.954563261264411267,-7365.193251606797275599,-2814.025596385641620145
161661.697105986939277500,-41334.282551477102970239,-7711.187337195056898054,-2895.073897315998692648
162009.566782711597625166,-41113.468209921287780162,-8730.626487043242377695,-3133.405675757787321345
162572.431743307504802942,-40700.149107527358864900,-10367.914832938949984964,-3514.691983764170799986
163325.692088070936733857,-40039.759176065585052129,-12531.192170825343055185,-4015.565265360399280326
164236.426725391502259299,-39080.027441732956503984,-15095.574784836288017686,-4604.813947808574084775
165264.832181428675539792,-37789.145805279164051171,-17910.599416167031449731,-5245.625253915432040230
166365.962202916736714542,-36171.402463905884360429,-20812.532573096941632684,-5898.927930923755411641
167491.692124108609277755,-34276.341189295424555894,-23640.336390747244877275,-6527.445545291639064089
168592.822145596670452505,-32198.971357696129416581,-26252.243218504379910883,-7099.668105666636620299
169621.227601633843732998,-30070.894205222277378198,-28538.994717421497625764,-7592.794723730645273463
170531.962238954409258440,-28044.603515534101461526,-30430.376805993284506258,-7993.898545370780993835
171285.222583717841189355,-26274.731097469477390405,-31893.570808534066600259,-8299.055657811573837535
171848.087544313748367131,-24900.111721235698496457,-32924.280437029454333242,-8510.766061069787610904
172195.957221038406714797,-24029.403563616237079259,-33533.638646373081428465,-8634.455097692663912312
172313.628039755014469847,-23731.344738711275567766,-33734.890546668226306792,-8675.039091640292099328
172431.298858471622224897,-23431.536595786594261881,-33933.655733642772247549,-8714.983571442391621531
172779.168535196280572563,-22535.199418129072000738,-34506.581452241305669304,-8829.303175274830209673
173342.033495792187750340,-21054.403743445545842405,-35386.358146513019164559,-9002.197785201331498683
174095.293840555619681254,-19017.611292773530294653,-36470.118020433139463421,-9209.774881609098883928
175006.028477876185206696,-16478.908524121761729475,-37633.096566314947267529,-9423.553319951251978637
176034.433933913358487189,-13525.355146964684536215,-38746.429608951460977551,-9614.908839724806966842
177135.563955401419661939,-10279.013694310233404394,-39696.662384332295914646,-9759.794116488157669664
178261.293876593292225152,-6891.772935853943636175,-40403.399634014022012707,-9842.830851809552768827
179362.423898081353399903,-3533.444165656015684363,-40831.227986759411578532,-9859.860278564950931468
180390.829354118526680395,-375.904262574062158819,-40993.016657214720908087,-9818.330036910521812388
181301.563991439092205837,2422.679969353928754572,-40943.758183742516848724,-9735.419350041696816334
182054.824336202524136752,4729.824056057586858515,-40766.492972056024882477,-9634.366522392529077479
182617.689296798431314528,6444.872564414843509439,-40553.665352720643568318,-9539.851267312109484919
182965.558973523089662194,7499.582909047931025270,-40387.927481232436548453,-9473.386298337465632358
183083.229792239697417244,7855.291457995634118561,-40325.973490630676678848,-9449.520925778642777004
183200.900610956305172294,8210.421313276608998422,-40261.048714399970776867,-9424.959362016752493219
183548.770287680963519961,9256.653304170911724214,-40051.786266839066229295,-9348.294590299652554677
184111.635248276870697737,10936.577725056653434876,-39658.644355815304152202,-9211.523430713970810757
184864.895593040302628651,13155.423418706377560738,-39028.081151002021215390,-9004.242083104612902389
185775.630230360868154094,15784.504102733080799226,-38108.616611599856696557,-8717.402103923546746955
186804.035686398041434586,18668.993450503890926484,-36868.535984884882054757,-8347.349207811343148933
187905.165707886102609336,21640.678248414864356164,-35311.150776481190405320,-7899.151039555023089633
189030.895629077975172549,24534.419550072496349458,-33483.782209254735789727,-7388.328484455874786363
190132.025650566036347300,27205.174850080256874207,-31478.048311084443412255,-6840.491675286839381442
191160.431106603209627792,29541.531927833428198937,-29421.306045763129077386,-6288.948077451257631765
192071.165743923775153235,31472.313428467234189156,-27461.426517536798201036,-5770.891337045753971324
192824.426088687207084149,32964.760437408556754235,-25748.558517763325653505,-5323.083532745769844041
193387.291049283114261925,34015.306662010123545770,-24417.648976655611477327,-4977.906939443020746694
193735.160726007772609591,34636.044596324769372586,-23574.394125454993627500,-4760.346296884405091987
193852.831544724380364642,34840.992167902622895781,-23285.693565289424441289,-4686.053695295640864060
193970.502363440988119692,35043.374946389791148249,-22995.278846493391029071,-4611.416107793100309209
194318.372040165646467358,35626.536446215097384993,-22126.910081744594208430,-4388.801121494494509534
194881.237000761553645134,36521.410435401347058360,-20691.958054687296680640,-4022.685273296194282011
195634.497345524985576048,37622.507941301424580161,-18717.533011642684869003,-3522.237300315400716499
196545.231982845551101491,38802.007323276695387904,-16255.531752224480442237,-2903.124909648666289286
197573.637438882724381983,39928.077329482395725790,-13389.876518591707281303,-2188.781224075233694748
198674.767460370785556734,40884.922717923742311541,-10238.596747144525579643,-1410.393320646597203449
199800.497381562658119947,41590.875428247709351126,-6948.900669548129371833,-605.262920574279633001
200901.627403050719294697,42010.564394478431495372,-3685.679581008320383262,186.253937375737223192
201930.032859087892575189,42158.211227989413600881,-616.121044007530144881,924.512717667972538038
202840.767496408458100632,42091.215027611360710580,2105.656715583587356377,1574.094207374850157066
203594.027841171890031546,41895.631274825085711200,4350.325469231764145661,2106.239968284038695856
204156.892801767797209322,41666.991438337026920635,6019.437861225167580415,2499.822087144018951221
204504.762478492455556989,41490.584564087337639648,7046.117827800633676816,2741.006907766923177405
204622.433297209063312039,41424.868025153591588605,7392.411187218567647506,2822.199118198948781355
204740.104115925700170919,41356.103448567220766563,7738.160613769265182782,2903.183656078361309483
205087.973792650358518586,41135.040180084768508095,8756.871494598286517430,3141.325894342100582435
205650.838753246265696362,40721.396953245632175822,10392.969447698975272942,3522.303154628787524416
206404.099098009697627276,40060.725814473822538275,12554.642221320951648522,4022.761142404813654139
207314.833735330263152719,39100.885921260349277873,15117.091173688480921555,4611.510893024102188065
208343.239191367436433211,37810.180509324192826170,17929.978061780864663888,5251.771947338309473707
209444.369212855497607961,36192.960933291360561270,20829.723855590978928376,5904.512210671853608801
210570.099134047370171174,34298.767226775184099097,23655.451109480643935967,6532.495353290874845698
211671.229155535431345925,32222.536979422911826987,26265.529105268949933816,7104.245315555546767428
212699.634611572604626417,30095.748467176228587050,28550.788360897982784081,7596.983234352495856001
213610.369248893170151860,28070.749443965971295256,30441.045005919942923356,7997.790114315057508065
214363.629593656602082774,26302.031343608170573134,31903.458391044820018578,8302.737507147778160288
214926.494554252509260550,24928.314624071128491778,32933.677676732251711655,8514.313232901802621200
215274.364230977167608216,24058.177962939262215514,33542.773604950001754332,8637.928642250311895623
215392.035049693775363266,23760.314426134347741026,33743.943918077922717202,8678.489406093902289285
215509.705868410383118317,23460.702458220075641293,33942.631142762787931133,8718.411505482339634909
215857.575545135041465983,22564.949769528124306817,34515.347671093717508484,8832.669926677894181921
216420.440505730948643759,21085.110547573778603692,35394.853633507453196216,9005.481334090645759716
217173.700850494380574673,19049.607444978792045731,36478.382595546841912437,9212.977540306112132384
218084.435487814946100116,16512.454724333721969742,37641.281429823786311317,9426.704046730015761568
219112.840943852119380608,13560.603909717414353509,38754.780453166291408706,9618.059189084631725564
220213.970965340180555359,10315.983305288020346779,39705.476883868985169102,9763.008309588249176159
221339.700886532053118572,6930.343748108956788201,40412.968945031352632213,9846.172397177788297995
222440.830908020114293322,3573.382681918803427834,40841.778092283588193823,9863.378905013005351066
223469.236364057287573814,416.909919969279144425,41004.665624061519338284,9822.052571859245290398
224379.971001377853099257,-2380.919144317966129165,40956.498929695844708476,9739.346517597941783606
225133.231346141285030171,-4687.583363043602730613,40780.201267631644441281,9638.475303355289725005
225696.096306737192207947,-6402.362445703234698158,40568.124675722712709103,9544.100672720616785227
226043.965983461850555614,-7456.945228096556093078,40402.859630562285019550,9477.723938396409721463
226161.636802178458310664,-7812.617426176315348130,40341.066716907756926958,9453.888557347503592609
226279.307620895066065714,-8167.714380911544139963,40276.303489032819925342,9429.357034407459650538
226627.177297619724413380,-9213.869342518031771760,40067.520772823983861599,9352.781219879010677687
227190.042258215631591156,-10893.733342208892281633,39675.158464851709140930,9216.153679514032774023
227943.302602979063522071,-13112.622141933992679697,39045.634429262870980892,9009.061484187104724697
228854.037240299629047513,-15741.941801560104067903,38127.398286045448912773,8722.440651144328512601
229882.442696336802328005,-18626.938373771488841157,36888.634192671546770725,8352.615157579033621005
230983.572717824863502756,-21599.427615511223848443,35332.532934205526544247,7904.627580014950581244
232109.302639016736065969,-24494.242778060019190889,33506.297477221036388073,7393.975559309552409104
233210.432660504797240719,-27166.259224920526321512,31501.456215398306085262,6846.253542105629094294
234238.838116541970521212,-29503.946117435574706178,29445.325271801943017635,6294.764896427243002108
235149.572753862536046654,-31435.997190053567464929,27485.789851829329563770,5776.711428905333377770
235902.833098625967977569,-32929.538740269832487684,25773.057944290259911213,5328.872761351018198184
236465.698059221875155345,-33980.918532857664104085,24442.159395678820146713,4983.652904950975425891
236813.567735946533503011,-34602.174874374635692220,23598.871937614785565529,4766.056848019556127838
236931.238554663141258061,-34807.297986720099288505,23310.153494213860540185,4691.750768780088037602
237048.909373379749013111,-35009.856290701769466978,23019.717420350447355304,4617.098947793556362740
237396.779050104407360777,-35593.535972487174149137,22151.265200162924884353,4394.437477563586071483
237959.644010700314538553,-36489.242567144327040296,20716.113844007872103248,4028.232587974829584709
238712.904355463746469468,-37591.431985678143973928,18741.298540441937802825,3527.639243487114072195
239623.638992784311994910,-38772.195055228650744539,16278.640488621465920005,2908.312608588797957054
240652.044448821485275403,-39899.583078518502588850,13412.010575116299150977,2193.679843115000039688
241753.174470309546450153,-40857.668013473034079652,10259.433230220027326141,1414.933009729566038004
242878.904391501419013366,-41564.658677282270218711,6968.169447241969464812,609.391381916435420862
243980.034412989480188116,-41985.098392163163225632,3703.216449792183993850,-182.560989464787780889
245008.439869026653468609,-42133.180733031702402513,631.901176933817623649,-921.246371631199508556
245919.174506347218994051,-42066.338558331939566415,-2091.512719859681965318,-1571.213614986898392090
246672.434851110650924966,-41870.709788972853857558,-4337.570316247023583855,-2103.678772793306052336
247235.299811706558102742,-41641.931816486052412074,-6007.730612862236739602,-2497.497098839530735859
247583.169488431216450408,-41465.394390625056985300,-7035.058969219528080430,-2738.825993335029124864
247700.840307147824205458,-41399.625852868302899878,-7381.571397502288164105,-2820.066516166474684724
247818.511125864431960508,-41330.805312234901066404,-7727.539652326922805514,-2901.099126699709813693
248166.380802589090308174,-41109.553415446767758112,-8746.895396546307893004,-3139.381926419542651274
248729.245763184997485951,-40695.531795749200682621,-10384.026614549416990485,-3520.580844040357987978
249482.506107948429416865,-40034.214100267497997265,-12547.051210424710006919,-4021.321661713862340548
250393.240745268994942307,-39073.383264881318609696,-15111.064360004696936812,-4610.387009033331196406
251421.646201306168222800,-37781.296023534370760899,-17925.589682764220924582,-5250.961759804145913222
252522.776222794229397550,-36162.310974957181315403,-20826.894772098246903624,-5903.977891398457359173
253648.506143986101960763,-34266.040957959128718358,-23653.960731510851474013,-6532.168888943133424618
254749.636165474163135514,-32187.555950743837456685,-26265.056905963305325713,-7104.041136986439596512
255778.041621511336416006,-30058.503665368763904553,-28550.976523022014589515,-7596.815050446757595637
256688.776258831901941448,-28031.407485948635439854,-30441.565461634505481925,-7997.587567069664146402
257442.036603595333872363,-26260.912728646530013066,-31904.065987464819045272,-8302.458291115102838376
258004.901564191241050139,-24885.855465137159626465,-32934.236619430441351142,-8513.947938022765811183
258352.771240915899397805,-24014.888656057177286129,-33543.253259023964346852,-8637.497833116425681510
258470.442059632507152855,-23716.744448024306620937,-33744.388207001924456563,-8678.034312801037231111
258588.112878349114907905,-23416.851998390389780980,-33943.035741808555030730,-8717.931057602059809142
258935.982555073773255572,-22520.271939711405138951,-34515.609637270412349608,-8832.108285897420500987
259498.847515669680433348,-21039.103711670024495106,-35394.804857128961884882,-9004.768741569258054369
260252.107860433112364262,-19001.853166116161446553,-36477.764467853783571627,-9212.025768176312340074
261162.842497753677889705,-16462.660208210108976346,-37639.744863547115528490,-9425.408242458370295935
262191.247953790880274028,-13508.639627365155320149,-38751.915776783331239130,-9616.306894199000453227
263292.377975278941448778,-10261.902270110083918553,-39700.870229925691091921,-9760.694350502346424037
264418.107896470755804330,-6874.370882736278872471,-40406.272647478814178612,-9843.216175790274064639
265519.237917958816979080,-3515.871318960322241765,-40832.776580209341773298,-9859.739417378916186863
266547.643373996019363403,-358.274244457243185025,-40993.319152781325101387,-9817.737070707671591663
267458.378011316584888846,2440.277810367064375896,-40942.955550744249194395,-9734.411006597054438316
268211.638356079987715930,4747.336604234071273822,-40764.778785938447981607,-9633.017912537392476224
268774.503316675953101367,6462.286853943260211963,-40551.273260997426405083,-9538.251002318293103599
269122.372993400611449033,7516.921784347163338680,-40385.118370671807497274,-9471.631825294645750546
269240.043812117190100253,7872.602294471587811131,-40323.023715880168310832,-9447.714541148927310132
269357.714630833768751472,8227.702835759620938916,-40257.958493336795072537,-9423.101199018021361553
269705.584307558427099138,9273.840730136733327527,-40048.282219015287410002,-9346.284171011890066438
270268.449268154392484576,10953.589495098691259045,-39654.475626479594211560,-9209.269442031751168543
271021.709612917795311660,13172.155324446510348935,-39023.034112271612684708,-9001.668154799970579916
271932.444250238360837102,15800.830308273907576222,-38102.528260075247089844,-8714.451819199262899929
272960.849706275563221425,18684.775095887955103535,-36861.304332557825546246,-8343.989676508246702724
274061.979727763624396175,21655.778564056854520459,-35302.740260524435143452,-7895.374332640911234193
275187.709648955438751727,24548.722767808016214985,-33474.222634287310938817,-7384.150477870492977672
276288.839670443499926478,27218.605168624322686810,-31467.427073301507334691,-6835.948358301198823028
277317.245126480702310801,29554.068744019146834034,-29409.754983359707694035,-6284.089984560045195394
278227.979763801267836243,31483.999995813246641774,-27449.106101071221928578,-5765.777239603115958744
278981.240108564670663327,32975.704691298778925557,-25735.642692239714961033,-5317.774690419561011367
279544.105069160636048764,34025.674567504327569623,-24404.313583096249203663,-4972.463000915837255889
279891.974745885294396430,34646.047510135460470337,-23560.810614388195972424,-4754.823435838692603284
280009.645564601873047650,34850.870151634218927938,-23272.028096444664697628,-4680.504939744840157800
280127.316383318451698869,35053.127273319878440816,-22981.532426140263851266,-4605.841866293116254383
280475.186060043110046536,35635.913134361275297124,-22112.930286560200329404,-4383.153943186052856618
281038.051020639075431973,36530.166666060344141442,-20677.619767622083600145,-4016.927796477577430778
281791.311365402478259057,37630.410970502191048581,-18702.752856816157873254,-3516.347418350758744054
282702.046002723043784499,38808.847226371646684129,-16240.276999845162208658,-2897.098698136987877660
283730.451458760246168822,39933.680784475647669751,-13374.166782946318562608,-2182.633028722959352308
284831.581480248307343572,40889.167603964575391728,-10222.497779506251390558,-1404.152831672350657755
285957.311401440121699125,41593.703232884996396024,-6932.510993155643518548,-598.969635646450115019
287058.441422928182873875,42011.987631914795201737,-3669.112281749949033838,192.557877007746355957
288086.846878965385258198,42158.314229616524244193,-599.484205353066499811,930.789936737031894154
288997.581516285950783640,42090.148154318194428924,2122.277101081803266425,1580.318308539563076920
289750.841861049353610724,41893.600147832745278720,4366.876899841248814482,2112.399399237116085715
290313.706821645318996161,41664.243627644005755428,6035.905178428634826560,2505.921059593665631837
290661.576498369977343827,41487.396057018639112357,7062.519289197407488246,2747.063373973700436181
290779.247317086555995047,41421.530897911150532309,7408.787982739748258609,2828.240323220603386289
290896.918135803192853928,41352.617946867983846460,7754.511538442231540103,2909.209155382754033781
291244.787812527851201594,41131.117581985345168505,8773.138909586712543387,3147.302374620156115270
291807.652773123816587031,40716.772585477599932346,10409.079612370587710757,3528.192195092959082103
292560.913117887219414115,40055.174685725862218533,12570.499569075189356226,4028.517683201635009027
293471.647755207784939557,39094.236893017696274910,15132.579101318500761408,4617.084101251026368118
294500.053211244987323880,37802.327194325545860920,17944.966903956614260096,5257.108661324882632471
295601.183232733048498631,36183.867246946239902172,20844.085062554113392252,5909.562509117813533521
296726.913153924862854183,34288.466050848284794483,23669.075091069571499247,6537.219230545850223280
297828.043175412924028933,32211.121714048007561360,26278.343218615285877604,7108.619125809686011053
298856.448631450126413256,30083.358937043616606388,28562.771452171735290904,7601.004609741436070180
299767.183268770691938698,28057.555061358878447209,30452.235792346305970568,8001.480449911139658070
300520.443613534094765782,26288.215048812249733601,31913.956446594565932173,8306.141688180787241436
301083.308574130060151219,24914.060699468398524914,32943.637314271189097781,8517.496838667828342295
301431.178250854718498886,24043.665519062349630985,33552.392037220306519885,8640.973220421166843153
301548.849069571297150105,23745.716639139842300210,33753.445522288682695944,8681.486508812484316877
301666.519888287875801325,23446.020402134316100273,33952.015219491331663448,8721.360912125810500584
302014.389565012534148991,22550.024929613726271782,34524.380295374787237961,8835.477073408566866419
302577.254525608499534428,21069.813267039055062924,35403.305387579261150677,9008.054514660054337583
303330.514870371902361512,19033.852134244436456356,36486.034896721488621552,9215.230902514440458617
304241.249507692467886955,16496.209172228271199856,37647.936549175887193996,9428.561744012540657423
305269.654963729670271277,13543.890928279528452549,38760.274500163628545124,9619.460342774420496426
306370.784985217731446028,10298.873992182234360371,39709.693669536507513840,9763.911965826779123745
307496.514906409545801580,6912.943188138226105366,40415.851878252236929256,9846.561438496331902570
308597.644927897606976330,3555.810568161228729878,40843.337434729684900958,9863.262007608491330757
309626.050383934809360653,399.279808137485815678,41004.979508143565908540,9821.463756134040522738
310536.785021255374886096,-2398.517886087378428783,40955.708130522696592379,9738.342451509908642038
311290.045366018777713180,-4705.097519729366467800,40778.499191643270023633,9637.131046977947335108
311852.910326614743098617,-6419.778889713888929691,40565.744844132634170819,9542.504800530970896943
312200.780003339401446283,-7474.286600451996491756,40400.062848192937963177,9475.973874869470819249
312318.450822055980097502,-7829.930876236954645719,40338.129289065902412403,9452.086586567389531410
312436.121640772558748722,-8184.998633772913308349,40273.225631412067741621,9427.503288925208835281
312783.991317497217096388,-9231.059845277886779513,40064.029124526488885749,9350.775225046896593994
313346.856278093182481825,-10910.748750919323356356,39671.002152788169041742,9213.904114209106410271
314100.116622856585308909,-13129.358433816429169383,39040.599753185357258189,9006.491954255840028054
315010.851260177150834352,-15758.273276066254766192,38121.322113041947886813,8719.494699518885681755
316039.256716214353218675,-18642.726235397007258143,36881.414360508504614700,8349.259841913115451462
317140.386737702414393425,-21614.535075628977210727,35324.133688386711583007,7900.854915768597493297
318266.116658894228748977,-24508.553967516716511454,33496.748449366721615661,7389.801374515742281801
319367.246680382289923728,-27179.698179421793611255,31490.844681516471609939,6841.713795450739780790
320395.652136419492308050,-29516.492040922712476458,29433.783026492405042518,6289.910114988442728645
321306.386773740057833493,-31447.693150227736623492,27473.477405427205667365,5771.600400628745774156
322059.647118503460660577,-32940.492523996006639209,25760.149357021036848892,5323.566782749481717474
322622.512079099426046014,-33991.296010003272385802,24428.830681568193540443,4978.211675766380722052
322970.381755824084393680,-34612.187359399009437766,23585.294757624338672031,4760.536601219317162759
323088.052574540663044900,-34817.185536939963640179,23296.494238309045613278,4686.204595435518058366
323205.723393257241696119,-35019.618177078162261751,23005.977094716807187069,4611.527256547464276082
323553.593069981900043786,-35602.922185702213027980,22137.291150112119794358,4388.792755673863211996
324116.458030577865429223,-36498.008224339188018348,20701.780738288020074833,4022.477418417101944215
324869.718375341268256307,-37599.344227026180305984,18726.522822796781838406,3521.751476449882829911
325780.453012661833781749,-38779.043787574359157588,16263.389303190117061604,2902.288294860618407256
326808.858468699036166072,-39905.194774204828718212,13396.303483632807910908,2187.533327084025586373
327909.988490187097340822,-40861.920338981748500373,10243.336016026740253437,1408.694005611343527562
329035.718411378911696374,-41567.492939139679947402,6951.780745936041057575,603.099433399727786309
330136.848432866972871125,-41986.526990208272763994,3686.649518684898794163,-188.863681652592276805
331165.253888904175255448,-42133.287974455706716981,615.264296002169430722,-927.522371285138433450
332075.988526224740780890,-42065.274874488088244107,-2108.133373763928830158,-1577.436474482537960284
332829.248870988143607974,-41868.680955554089450743,-4354.122099588210403454,-2109.836909207990174764
333392.113831584108993411,-41639.185620938624197152,-6024.198283287281810772,-2503.594716629953836673
333739.983508308767341077,-41462.207077861727157142,-7051.460757054905116092,-2744.881058896435206407
333857.654327025345992297,-41396.289777559832145926,-7397.948505687112628948,-2826.106303464397569769
333975.325145741924643517,-41327.320720159470511135,-7743.890873502758040559,-2907.123190433669151389
334323.194822466582991183,-41105.631307024763373192,-8763.163046300229325425,-3145.356913889476345503
334886.059783062548376620,-40690.907242954031971749,-10400.136869947244122159,-3526.468285057411776506
335639.320127825951203704,-40028.661900107537803706,-12562.908371337507560384,-4027.076433741205619299
336550.054765146516729146,-39066.732133506586251315,-15126.551637968797876965,-4615.958204599746750318
337578.460221183719113469,-37773.439515853089687880,-17940.577191891898110043,-5256.296137475592331612
338679.590242671780288219,-36153.213046870914695319,-20841.253738037128641736,-5909.025455826611505472
339805.320163863594643772,-34255.734623621938226279,-23667.581374586377933156,-6536.889578755663023912
340906.450185351655818522,-32176.134809367147681769,-26277.866465459395840298,-7108.411279595640735351
341934.855641388858202845,-30046.107768894893524703,-28562.953822810952260625,-7600.832285930586294853
342845.590278709423728287,-28018.206459512723085936,-30452.749298018221452367,-8001.273332688908340060
343598.850623472826555371,-26247.089677333620784339,-31914.556103916656866204,-8305.857542853753329837
344161.715584068791940808,-24871.594770744231936987,-32944.187567582172050606,-8517.126346275394098484
344509.585260793450288475,-24000.369464878713188227,-33552.862535659507557284,-8640.537048914071419858
344627.256079510028939694,-23702.139926671537978109,-33753.880497671598277520,-8681.025997620754424133
344744.926898226607590914,-23402.163223591422138270,-33952.410347060933418106,-8720.874990966674886295
345092.796574951265938580,-22505.340443132234213408,-34524.632323427758819889,-8834.909796620873748907
345655.661535547231324017,-21023.799924847458896693,-35403.245921167246706318,-9007.336026734477854916
346408.921880310634151101,-18986.091646308799681719,-36485.405085974074609112,-9214.272897821656442829
347319.656517631199676543,-16446.408950346311030444,-37646.387134109325415920,-9427.259319626764408895
348348.061973668402060866,-13491.921690779527125414,-38757.395727466493553948,-9617.701023911513402709
349449.191995156463235617,-10244.789006027182040270,-39705.071693005673296284,-9761.590599236466005095
350574.921916348277591169,-6856.967591955115494784,-40409.139152096286125015,-9843.597479166268385598
351676.051937836338765919,-3498.297831698109803256,-40834.318583639971620869,-9859.614527315841769450
352704.457393873541150242,-340.644147191916999873,-40993.615021132041874807,-9817.140091369868969196
353615.192031194106675684,2457.875232904429140035,-40942.146288615178491455,-9733.398682815963184112
354368.452375957509502769,4764.848323683465423528,-40763.057991201516415458,-9631.665362771027503186
354931.317336553474888206,6479.700009736443462316,-40548.874589075559924822,-9536.646835387926330441
355279.187013278133235872,7534.259338357696833555,-40382.302703031797136646,-9469.873477086957791471
355396.857831994711887091,7889.911746395264344756,-40320.067392825141723733,-9445.904290975648109452
355514.528650711290538311,8244.982910535974951927,-40254.861733225108764600,-9421.239180382568520145
355862.398327435948885977,9291.026522343723627273,-40044.771662332517735194,-9344.269927032752093510
356425.263288031914271414,10970.599332663907262031,-39650.300445951455913018,-9207.011683934129905538
357178.523632795317098498,13188.884903112171741668,-39017.980716555779508781,-8999.090540984407198266
358089.258270115882623941,15817.153719179077597801,-38096.433691227277449798,-8711.497965229669716791
359117.663726153085008264,18700.553433587519975845,-36854.066653532376221847,-8340.626726184966173605
360218.793747641146183014,21670.875043587504478637,-35294.323959307213954162,-7891.594388797873762087
361344.523668832960538566,24563.021634801967593376,-33464.657559640174440574,-7379.969442109571900801
362445.653690321021713316,27232.030661528675409500,-31456.800650946264795493,-6831.402235141484197811
363474.059146358224097639,29566.600319077937456314,-29398.199061216255358886,-6279.229310104152318672
364384.793783678789623082,31495.680978571741434280,-27436.781135379736952018,-5760.660771667020526365
365138.054128442192450166,32986.643095155923219863,-25722.722589423348836135,-5312.463660104194786982
365700.919089038157835603,34036.036436085334571544,-24390.974123932821385097,-4967.017015116982292966
366048.788765762816183269,34656.044276622800680343,-23547.223172016841999721,-4749.298616227222737507
366166.459584479394834489,34860.741951587937364820,-23258.358742294767580461,-4674.954255921295043663
366284.130403195973485708,35062.873380473793076817,-22967.782166764540306758,-4600.265726956708022044
366632.000079920631833375,35645.283499001969175879,-22098.946790828769735526,-4377.504957823717631982
367194.865040516597218812,36538.916414031271415297,-20663.278009067689708900,-4011.168661937519573257
367948.125385280000045896,37638.307321138192492072,-18687.969546114494733047,-3510.456082820363008068
368858.860022600565571338,38815.680241111178474966,-16225.019485864257148933,-2891.071285701293163584
369887.265478637767955661,39939.277150913585501257,-13358.454745381539396476,-2176.483924024674706743
370988.395500125829130411,40893.405231196877139155,-10206.397016439055732917,-1397.911751164525412605
372114.125421317643485963,41596.523653227348404471,-6916.120051033263735007,-592.676088010362946079
373215.255442805704660714,42013.403410243779944722,-3652.544243156378797721,198.861755992349571898
374243.660898842907045037,42158.409745936027320568,-582.847123322477273177,937.066793474432415678
375154.395536163472570479,42089.073807594693789724,2138.897289518798061181,1586.541781858139074757
375907.655880926875397563,41891.561582062953675631,4383.427769680107303429,2118.557984774995929911
376470.520841522840783000,41661.488418785716930870,6052.371664120415516663,2512.019025693012736156
376818.390518247499130666,41484.200183122280577663,7078.919752456778951455,2753.118735199159345939
376936.061336964077781886,41418.186415518728608731,7425.163723892830603290,2834.280390055157113238
377053.732155680656433105,41349.125102238940598909,7770.861352596963115502,2915.233483377907759859
377401.601832405314780772,41127.187680226496013347,8789.405048546912439633,3153.277586182177401497
377964.466793001280166209,40712.140987550585123245,10425.188235005894966889,3534.079810993343926384
378717.727137764682993293,40049.616444235412927810,12586.355022982294030953,4034.272594677813685848
379628.461775085248518735,39087.580922560511680786,15148.064717462817498017,4622.655439200409091427
380656.867231122450903058,37794.467166470109077636,17959.952975342581339646,5262.443242907587773516
381757.997252610512077808,36174.767135184003564063,20858.443024352724023629,5914.610407837264574482
382883.727173802326433361,34278.158786188556405250,23682.695364263439842034,6541.940450768515802338
383984.857195290387608111,32199.700728833420726005,26291.153194493213959504,7112.990044639043844654
385013.262651327589992434,30070.964065108193608467,28574.750029324153729249,7605.022891586244440987
385923.997288648155517876,28044.355696847407671157,30463.421752198199101258,8005.167527490591965034
386677.257633411558344960,26274.394086466847511474,31924.449433113979466725,8309.542485961754209711
387240.122594007523730397,24899.802351495927723590,32953.591711577559181023,8520.676974235631860211
387587.992270732182078063,24029.148806469260307495,33562.005127860764332581,8644.014277573040089919
387705.663089448760729283,23731.114636373684334103,33762.941751347570971120,8684.480073833203277900
387823.333908165339380503,23431.334183533188479487,33961.393887939579144586,8724.306764653219943284
388171.203584889997728169,22535.096086402867513243,34533.407415780886367429,8838.280619021306847571
388734.068545485963113606,21054.512246253412740771,35411.751490662521973718,9010.624022983864051639
389487.328890249365940690,19018.093445081707614008,36493.681364915049925912,9217.480506990372305154
390398.063527569931466132,16479.960692648288386408,37654.585639002449170221,9430.415595370262963115
391426.468983607133850455,13527.175544074249046389,38765.762327724783972371,9620.857571295729940175
392527.599005095195025206,10281.762853002619522158,39713.904071331671730150,9764.811636552016352653
393653.328926287009380758,6895.541403888237255160,40418.728302149749652017,9846.946459176548160031
394754.458947775070555508,3538.237826800417678896,40844.890187478340521920,9863.141081429135738290
395782.864403812272939831,381.649629774015920702,41005.286765858625585679,9820.870927425907211727
396693.599041132838465273,-2416.116197092014772352,40954.910703489418665413,9737.334405315681578941
397446.859385896241292357,-4722.610835657942516264,40776.790508792131731752,9635.782850942332515842
398009.724346492206677794,-6437.194188180867058691,40563.358434375237266067,9540.905026686717974371
398357.594023216865025461,-7491.626639824848098215,40397.259510938056337181,9474.219936462750411010
398475.264841933443676680,-7847.242930099855584558,40335.185315168673696462,9450.280750531010198756
398592.935660650022327900,-8202.281427324305695947,40270.141237048177572433,9425.645688094989964156
398940.805337374680675566,-9248.248702774311823305,40060.530969835097494069,9348.765405816933707683
399503.670297970646061003,-10927.762215773131174501,39666.839392287402006332,9211.650779784633414238
400256.930642734048888087,-13146.092387483011407312,39035.558723252477648202,9003.918739136284784763
401167.665280054614413530,-15774.601945069174689706,38115.239726089152100030,8716.545178994745583623
402196.070736091816797853,-18658.510778854157251772,36874.188505264210107271,8345.901107568037332385
403297.200757579877972603,-21629.638689302395505365,35315.728661457287671510,7897.079014990222276538
404422.930678771692328155,-24522.860796234126610216,33487.193926520856621210,7385.624160987534196465
405524.060700259753502905,-27193.132298373173398431,31480.227968307422997896,6837.171243094117016881
406552.466156296955887228,-29529.032713559012336191,29422.235926965462567750,6285.052752536465050071
407463.200793617521412671,-31459.383516286055964883,27461.160415595608355943,5766.487002492625833838
408216.461138380924239755,-32951.440448281842691358,25747.236498629885318223,5318.258616872806669562
408779.326098976889625192,-34001.667440942044777330,24415.497908275785448495,4972.768400095379547565
409127.195775701547972858,-34622.193687874379975256,23571.713652901562454645,4755.014396686548934667
409244.866594418126624078,-34827.066894184354168829,23282.831103729062306229,4680.656494668719460606
409362.537413134763482958,-35029.373834510588494595,22992.232936750377120916,4605.953668331470908015
409710.407089859421830624,-35612.302066327327338513,22123.313406371722521726,4383.146227650087894290
410273.272050455387216061,-36506.767389881679264363,20687.444168211171927396,4016.720592141593442648
411026.532395218790043145,-37607.249781000682560261,18711.743956809143128339,3515.862256993050323217
411937.267032539355568588,-38785.885622983121720608,16248.135364086578192655,2896.262781524541424005
412965.672488576557952911,-39910.799373011359421071,13380.594098762820067350,2181.385903234104262083
414066.802510064619127661,-40866.165397782133368310,10227.237015503669681493,1402.454411728749619215
415192.532431256433483213,-41570.319809191649255808,6935.390788617754878942,596.807224207068429678
416293.662452744494657964,-41987.948122306515870150,3670.081858582074346486,-195.166310893395348103
417322.067908781697042286,-42133.387724189400614705,598.627182646865549032,-933.798006047518356354
418232.802546102262567729,-42064.203711442147323396,-2124.753819168334302958,-1583.658703357470585615
418986.062890865665394813,-41866.644678253644087818,-4370.673310325269994792,-2115.994197268528296263
419548.927851461630780250,-41636.432022566870728042,-6040.665110132445988711,-2509.691325000278084190
419896.797528186289127916,-41459.012393893754051533,-7067.861534491901693400,-2750.935016327328412444
420014.468346902867779136,-41392.946342818111588713,-7414.324547190473822411,-2832.144949399715187610
420132.139165619446430355,-41323.828780963864119258,-7760.240971796003577765,-2913.146079657564769150
420480.008842344104778022,-41101.701891047960089054,-8779.429407512558100279,-3151.330629374098862172
421042.873802940070163459,-40686.275456582741753664,-10416.245570559774932917,-3532.354298120329985977
421796.134147703472990543,-40023.102584467349515762,-12578.763625326355395373,-4032.829572908545742393
422706.868785024038515985,-39060.074058173304365482,-15142.036591115196642932,-4621.527526209561983705
423735.274241061240900308,-37765.576294685793982353,-17955.561916685452160891,-5261.628378951887498260
424836.404262549302075058,-36144.108693840993510094,-20855.609445118134317454,-5914.070616656414131285
425962.134183741116430610,-34245.422202277077303734,-23681.198295418893394526,-6541.607607625855962397
427063.264205229177605361,-32164.707951250566111412,-26290.671873735984263476,-7112.778526924050311209
428091.669661266379989684,-30033.706534764809475746,-28574.926594936077890452,-7604.846424097626368166
429002.404298586945515126,-28005.000456321133242454,-30463.928294467528758105,-8004.955836606177399517
429755.664643350348342210,-26233.261964389203058090,-31925.041138308843073901,-8309.253407772595892311
430318.529603946313727647,-24857.329659433184133377,-32954.133262712297437247,-8520.301280872163260938
430666.399280670972075313,-23985.846011791458295193,-33562.466458032162336167,-8643.572740309953587712
430784.070099387550726533,-23687.531196466261462774,-33763.367400613518839236,-8684.014141385903712944
430901.740918104129377753,-23387.470293307989777531,-33961.779531515807320829,-8723.815366884367904277
431249.610594828787725419,-22490.404950621850730386,-34533.649493386641552206,-8837.707702976209475310
431812.475555424753110856,-21008.492405642136873212,-35411.681322198965062853,-9009.899636554671815247
432565.735900188155937940,-18970.326756600603403058,-36493.039859530188550707,-9216.516266845888821990
433476.470537508721463382,-16430.154774280577839818,-37653.023364321001281496,-9429.106548240897609503
434504.875993545923847705,-13475.201361397594155278,-38762.869448606528749224,-9619.091226208163789124
435606.006015033985022455,-10227.673926515817584004,-39709.266762987383117434,-9762.482860620040810318
436731.735936225799378008,-6839.563088072776736226,-40411.999139053885301109,-9843.974760607752614305
437832.865957713860552758,-3480.723728413075150456,-40835.853989988005196210,-9859.485607642631293857
438861.271413751062937081,-323.013995217472256627,-40993.904256464556965511,-9816.539098680843380862
439772.006051071628462523,2475.472212744563876186,-40941.330392980707983952,-9732.382378984833849245
440525.266395835031289607,4782.359190456256328616,-40761.330584714880387764,-9630.308873771000435227
441088.131356430996675044,6497.112008133590279613,-40546.469334598157729488,-9535.038767491243561381
441436.001033155655022711,7551.595547564014850650,-40379.480476445860404056,-9468.111254848548924201
441553.671851872233673930,7907.219790321694745217,-40317.104519766573503148,-9444.090176447944031679
441671.342670588812325150,8262.261514224497659598,-40251.758432536145846825,-9419.373307352880146937
442019.212347313470672816,9308.210657596973760519,-40041.254595749305735808,-9342.251859760255683796
442582.077307909436058253,10987.607214836789353285,-39646.118814072797249537,-9204.750158078031745390
443335.337652672838885337,13205.612132285175903235,-39012.920964769778947812,-8996.509243625676390366
444246.072289993404410779,15833.474313699094636831,-38090.332906990071933251,-8708.540544371580836014
445274.477746030606795102,18716.328442834703309927,-36846.822950847206811886,-8337.260359550820794539
446375.607767518667969853,21685.967667047319991980,-35285.901877255870203953,-7887.811211128713694052
447501.337688710482325405,24577.316132119311077986,-33455.086990812553267460,-7375.785380606999751762
448602.467710198543500155,27245.451310806362016592,-31446.169050626216630917,-6826.853309473017361597
449630.873166235745884478,29579.126636052889807615,-29386.638286445049743634,-6274.366057954257485108
450541.607803556311409920,31507.356360827026946936,-27424.451627960188488942,-5755.541937260417398647
451294.868148319714237005,32997.575633896900399122,-25709.798217270283203106,-5307.150445944158491329
451857.733108915679622442,34046.392253308942599688,-24377.630607416613202076,-4961.568986258231234387
452205.602785640337970108,34666.034881735140515957,-23533.631806716082792263,-4743.771842301119249896
452323.273604356916621327,34870.607553839952743147,-23244.685511265175591689,-4669.401648089226000593
452440.944423073495272547,35072.613254059026075993,-22954.028076841022993904,-4594.687694059679415659
452788.814099798153620213,35654.647526725580974016,-22084.959603151764895301,-4371.854169721942525939
453351.679060394119005650,36547.659666519997699652,-20648.932787828605796676,-4005.407874024467673735
454104.939405157521832734,37646.196981243243499193,-18673.183088554527785163,-3504.563298123417553143
455015.674042478087358177,38822.506356456702633295,-16209.759219382416631561,-2885.042676759412643150
456044.079498515289742500,39944.866418622819765005,-13342.740415126543666702,-2170.333914398210254149
457145.209520003350917250,40897.635590502446575556,-10190.294467131134297233,-1391.670083510683980421
458270.939441195165272802,41599.336681086955650244,-6899.727852320756937843,-586.382281988853719668
459372.069462683226447552,42014.811722439866571222,-3635.975474210914399009,205.165570101240518852
460400.474918720428831875,42158.497770644862612244,-566.209806727703835350,943.343283772474023863
461311.209556040994357318,42087.991981684601341840,2155.517272270757530350,1592.764623340224716230
462064.469900804397184402,41889.515572429772873875,4399.978070336866949219,2124.715721037244293257
462627.334861400362569839,41658.725807048285787459,6068.837310084614728112,2518.115981661720070406
462975.204538125020917505,41480.996937908603285905,7095.319209430839691777,2759.172987714415285154
463092.875356841599568725,41414.834573556632676627,7441.538402572281484026,2840.319314992584622814
463210.546175558178219944,41345.624910327976976987,7787.210048161454324145,2921.256636373238507076
463558.415852282836567611,41123.250470671009679791,8805.669903527952556033,3159.251525396952274605
464121.280812878801953048,40707.502155625399609562,10441.295307854197744746,3539.965998793491962715
464874.541157642204780132,40044.051086547457089182,12602.208575518809084315,4040.025873426819089218
465785.275794962770305574,39080.918006911546399351,15163.548014879233960528,4628.224903639877084061
466813.681250999972689897,37786.600423158750345465,17974.936269203208212275,5267.775689096661153599
467914.811272488033864647,36165.660595720306446310,20872.797734683386806864,5919.655904043471309706
469040.541193679848220199,34267.845430863693763968,23696.311922926463012118,6546.659011399378869100
470141.671215167909394950,32188.274022211924602743,26303.959027118988160510,7117.358069709507617517
471170.076671205111779273,30058.563849830672552343,28586.724086811773304362,7609.038077762355896994
472080.811308525677304715,28031.151349043146183249,30474.602880161262874026,8008.851345070643219515
472834.071653289080131799,26260.568455235705187079,31934.937345555990759749,8312.939898658083620830
473396.936613885045517236,24885.539578809075464960,32963.540863760754291434,8523.853637885773423477
473744.806290609703864902,24014.627823818147589918,33571.612872047357086558,8647.051812053663525148
473862.477109326282516122,23716.508416485179623123,33772.432600450360041577,8687.470099525531622930
473980.147928042861167341,23416.643801056219672319,33970.767143325305369217,8727.249061454849652364
474328.017604767519515008,22520.163238508997892495,34542.429027592188504059,8841.080561967397443368
474890.882565363484900445,21039.207483756727015134,35420.191938060692336876,9013.189857599389142706
475644.142910126887727529,19002.331375922447477933,36501.321995526908722240,9219.726352372037581517
476554.877547447453252971,16463.709283895230328199,37661.228694943136360962,9432.265599535376168205
477583.283003484655637294,13510.457755192554031964,38771.243931609562423546,9622.250873576564117684
478684.413024972716812044,10264.649885631537472364,39718.108084917425003368,9765.707320827123112394
479810.142946164531167597,6878.138392954504524823,40421.598211937474843580,9847.327458401245166897
480911.272967652592342347,3520.664455200916563626,40846.436345469795924146,9863.016125689920954756
481939.678423689794726670,364.019381986370717641,41005.587391898887290154,9820.274085099421427003
482850.413061010360252112,-2433.714080419951642398,40954.106643281214928720,9736.322378408707663766
483603.673405773763079196,-4740.123314073869551066,40775.075213528274616692,9634.430714692998662940
484166.538366369728464633,-6454.608344449290598277,40560.965440680774918292,9539.301350655461646966
484514.408043094386812299,-7508.965349608661199454,40394.449612903910747264,9472.462122665854622028
484632.078861810965463519,-7864.553591175797919277,40332.234789282818383072,9448.471048733006682596
484749.749680527544114739,-8219.562764991867879871,40267.050299971109780017,9423.784231416362672462
485097.619357252202462405,-9265.435918514478544239,40057.026302655205654446,9346.751761700381393894
485660.484317848167847842,-10944.773740368756989483,39662.670177090425568167,9209.393675776669624611
486413.744662611570674926,-13162.824006612274388317,39030.511332892790960614,9001.341838342608753010
487324.479299932136200368,-15790.927812303278187755,38109.151118261717783753,8713.592089076299089356
488352.884755969338584691,-18674.292007851276139263,36866.956619759999739472,8342.538954033754635020
489454.014777457399759442,-21644.738460269618371967,35307.317845812045561615,7893.299877152085173293
490579.744698649214114994,-24537.163267816278676037,33477.633900355525838677,7381.443918170180040761
491680.874720137275289744,-27206.561585266936162952,31469.606066944055783097,6832.625884402781593963
492709.280176174477674067,-29541.568138587150315288,29410.683963833354937378,6280.192808374535161420
493620.014813495043199509,-31471.068291251409391407,27448.838872499742137734,5761.371233737334478064
494373.275158258446026593,-32962.382515939745644573,25734.319358870365249459,5312.948262929223346873
494936.140118854411412030,-34012.032828356932441238,24402.161065299042093102,4967.323077113838735386
495284.009795579069759697,-34632.193862363092193846,23558.128612765089201275,4749.490233578957486316
495401.680614295648410916,-34836.942060967186989728,23269.164079733403923456,4675.106465630879029050
495519.351433012227062136,-35039.123265458831156138,22978.484935651278647128,4600.378182290709446534
495867.221109736885409802,-35621.675616664440894965,22109.331957976079138462,4377.497892617137040361
496430.086070332850795239,-36515.520065811091626529,20673.104122576049121562,4010.962108241748865112
497183.346415096253622323,-37615.148649355025554541,18696.961930925703200046,3509.971584156510289176
498094.081052416819147766,-38792.720562643931771163,16232.878659427842649166,2890.236067560856099590
499122.486508454021532089,-39916.396875430458749179,13364.882408187469991390,2175.237570490577127202
500223.616529942082706839,-40870.403189807759190444,10211.136216019025596324,1396.214226952177341445
501349.346451133897062391,-41573.139286513534898404,6918.999562424352916423,590.514753156696315273
502450.476472621958237141,-41989.361786873407254461,3653.513456397435220424,-201.468878409004901187
503478.881928659160621464,-42133.479979773233935703,581.989823589778097812,-940.073277191369925276
504389.616565979726146907,-42063.125065999287471641,-2141.374069436707941350,-1589.880302902887706296
505142.876910743128973991,-41864.600953117660537828,-4387.223961874165979680,-2122.150638281944338814
505705.741871339094359428,-41633.671016958491236437,-6057.131106765264121350,-2515.786925267539118067
506053.611548063752707094,-41455.810334039219014812,-7084.261314909228531178,-2756.987866948935334221
506171.282366780331358314,-41389.595543865412764717,-7430.699535386425850447,-2838.182455296506304876
506288.953185496910009533,-41320.329489778327115346,-7776.589960570468974765,-2919.167795696581379161
506636.822862221568357199,-41097.765162375355430413,-8795.694493527546001133,-3157.303074198129252181
507199.687822817533742636,-40681.636431060796894599,-10432.352729681901109871,-3538.238884571061134920
507952.948167580936569721,-40017.536147159124084283,-12594.616985566935909446,-4038.581080556434244500
508863.682804901502095163,-39053.409031801456876565,-15157.519232315964472946,-4627.094975196809173212
509892.088260938704479486,-37757.706351966196962167,-17970.543869752458704170,-5266.958485537727028714
510993.218282426765654236,-36134.997907070974179078,-20869.961905514843238052,-5919.113375138078481541
512118.948203618580009788,-34235.103684213543601800,-23694.811505720041168388,-6546.322976783902049647
513220.078225106641184539,-32153.275365828136273194,-26303.473141854650748428,-7117.142880102206618176
514248.483681143843568861,-30021.299951827684708405,-28586.894849654308927711,-7608.857466016948819743
515159.218318464409094304,-27991.789464718262024689,-30475.102460740155947860,-8008.635079815570861683
515912.478663227811921388,-26219.429577781418629456,-31935.521099812372995075,-8312.645886789594442234
516475.343623823777306825,-24843.060118901143141557,-32964.073713571786356624,-8523.472742690059021697
516823.213300548435654491,-23971.318284305343695451,-33572.065034633524192031,-8646.604908148578033433
516940.884119265014305711,-23672.918244864158623386,-33772.848924220794287976,-8686.998744930106113316
517058.554937981592956930,-23372.773194941291876603,-33971.143303474200365599,-8726.752186178398915217
517406.424614706251304597,-22475.465449411021836568,-34542.661155140747723635,-8840.502005754440688179
517969.289575302216690034,-20993.181141063170798589,-35420.111067702782747801,-9012.459571745066568838
518722.549920065619517118,-18954.558483708249696065,-36500.668795433615741786,-9218.755875887285583303
519633.284557386185042560,-16413.897666465090878773,-37659.653560186525282916,-9430.949928849988282309
520661.690013423387426883,-13458.478625408904918004,-38768.336945284878311213,-9620.477501574257985340
521762.820034911448601633,-10210.557017579274543095,-39713.455443922219274100,-9763.371135046292693005
522888.549956103262957186,-6822.157356954710849095,-40414.852611186237481888,-9844.348020242841812433
523989.679977591324131936,-3463.148994940864213277,-40837.382801078281772789,-9859.352658363039154210
525018.085433628526516259,-305.383774349065788556,-40994.186859963832830545,-9815.934092624209370115
525928.820070949150249362,2493.068764012707106303,-40940.507864156061259564,-9731.362094971098485985
526682.080415712553076446,4799.869218552885286044,-40759.596565947656927165,-9628.948445308235022821
527244.945376308402046561,6514.522863025245897006,-40544.057496571236697491,-9533.426798336071442463
527592.815053033060394228,7568.930425814753107261,-40376.651689594516938087,-9466.345158249701853492
527710.485871749697253108,7924.526440070643729996,-40314.135095272351463791,-9442.272197225140189403
527828.156690466334111989,8279.538660616548440885,-40248.648589723765326198,-9417.503579578604330891
528176.026367190992459655,9325.393149606818042230,-40037.731017388658074196,-9340.229968820882277214
528738.891327786841429770,11004.613155182385526132,-39641.930728316096065100,-9202.484864033360281610
529492.151672550244256854,13222.337025273525796365,-39007.854853622404334601,-8993.924262249211096787
530402.886309870867989957,15849.792104806685529184,-38084.225903293838200625,-8705.579556066144505166
531431.291765908012166619,18732.100135998734913301,-36839.573219604579207953,-8333.890575979903587722
532532.421787396073341370,21701.056446423688612413,-35277.474008677316305693,-7884.024798950713375234
533658.151708588004112244,24591.606271229618869256,-33445.510921343950030860,-7371.598292617194601917
534759.281730076065286994,27258.867127297380648088,-31435.532265091103909072,-6822.301580514826127910
535787.687186113209463656,29591.647705113449774217,-29375.072651205373404082,-6269.500227334976443672
536698.421823433833196759,31519.026152156227908563,-27412.117570571390388068,-5750.420735609319308423
537451.682168197236023843,33008.502316556805453729,-25696.869567122099397238,-5301.835047153357663774
538014.547128793084993958,34056.742027842374227475,-24364.283024572556314524,-4956.118913555585095310
538362.416805517743341625,34676.019333855183504056,-23520.036509367426333483,-4738.243113274287679815
538480.087624234380200505,34880.466966690197295975,-23231.008394183612836059,-4663.847115462946021580
538597.758442951017059386,35082.346902285869873594,-22940.270147150404227432,-4589.107766815586728626
538945.628119675675407052,35664.005225493274338078,-22070.968714175767672714,-4366.201578088928727084
539508.493080271524377167,36556.396431102119095158,-20634.584094300887954887,-3999.645431963386727148
540261.753425034927204251,37654.079957899339206051,-18658.393474288306606468,-3498.669063496063245111
541172.488062355550937355,38829.325578836425847840,-16194.496190333760750946,-2879.012870558197391802
542200.893518392695114017,39950.448593283705122303,-13327.023781903109920677,-2164.182999118356747204
543302.023539880756288767,40901.858686882704205345,-10174.190121237210405525,-1385.427828007037533098
544427.753461072687059641,41602.142320469189144205,-6883.334386564813030418,-580.088216908867252641
545528.883482560748234391,42016.212571625997952651,-3619.405964452795160469,211.469319955785977072
546557.288938597892411053,42158.578306044109922368,-549.572245145238412078,949.619408204094725079
547468.023575918516144156,42086.902678411111992318,2172.137059731387125794,1598.986833527093040175
548221.283920681918971241,41887.462120061631139833,4416.527812106513010804,2130.872608528346972889
548784.148881277767941356,41655.955793184817594010,6085.302126497008430306,2524.211927992631899542
549132.018558002426289022,41477.786321896135632414,7111.717670260906743351,2765.226131999274002737
549249.689376719063147902,41411.475372464927204419,7457.912028888218628708,2846.357098508151466376
549367.360195435700006783,41342.117371499371074606,7803.557635227662103716,2927.278614838482099003
549715.229872160358354449,41119.305953464070626069,8821.933484547284024302,3165.224192719548227615
550278.094832756207324564,40702.856089502638496924,10457.400840788592176978,3545.850758931939708418
551031.355177519610151649,40038.478611989012279082,12618.060236364115553442,4045.777519850866156048
551942.089814840233884752,39074.248144814810075331,15179.029003053416090552,4633.792494954881476588
552970.495270877378061414,37778.726962747117795516,17989.916794539873080794,5273.106000175574081368
554071.625292365439236164,36156.547626419058360625,20887.149202063192205969,5924.698998007332193083
555197.355213557370007038,34257.525982014900364447,23709.924775296334701125,6551.374912695368038840
556298.485235045431181788,32176.841590810632624198,26316.760724406201916281,7121.723201287319170660
557326.890691082575358450,30046.158287590435065795,28598.693632252026873175,7613.050168526699053473
558237.625328403199091554,28017.942013969710387755,30485.779183506478148047,8012.531902902866931981
558990.885673166601918638,26246.738150918921746779,31945.420190873999672476,8316.333926508776130504
559553.750633762450888753,24871.272377049615897704,32973.484777527373807970,8527.026829860513316817
559901.620310487109236419,24000.102566663241304923,33581.215276333947258536,8650.085824107974985964
560019.291129203746095300,23701.897975005274929572,33781.918076098525489215,8690.456586135629549972
560136.961947920382954180,23401.949250214565836359,33980.134992098064685706,8730.187802778402328840
560484.831624645041301847,22505.226381377149664331,34551.445137101785803679,8843.876902499547213665
561047.696585240890271962,21023.898974938150786329,35428.626735863836074714,9015.752018782737650326
561800.956930004293099046,18986.565922064539336134,36508.956794331410492305,9221.968438978501581005
562711.691567324916832149,16447.454941252079152036,37667.865722210706735495,9434.111756898308158270
563740.097023362061008811,13493.737556891348503996,38776.719316595794225577,9623.640250033660777262
564841.227044850122183561,10247.535085433926724363,39722.305714775437081698,9766.599019165461868397
565966.956966042052954435,6860.734150854703329969,40424.461612142251397017,9847.704436769641688443
567068.086987530114129186,3503.090449025687121321,40847.975913011563534383,9862.887141141056417837
568096.492443567258305848,346.389060593974136282,41005.881390339935023803,9819.673229948681182577
569007.227080887882038951,-2451.311540065500594210,40953.295953407192428131,9735.306371704156845226
569760.487425651284866035,-4757.634958800095773768,40773.353309108184475917,9633.074639221484176232
570323.352386247133836150,-6472.021362222898460459,40558.565866249853570480,9537.693773477169088437
570671.222062971792183816,-7526.302733452226675581,40391.633157233132806141,9470.700434549193232669
570788.892881688429042697,-7881.862863087262667250,40329.277714535368431825,9446.657482256070579751
570906.563700405065901577,-8236.842650373167998623,40263.952823286883358378,9421.918919984154854319
571254.433377129724249244,-9282.621495992578275036,40053.515126056743611116,9344.734293833103947691
571817.298337725573219359,-10961.783328097946650814,39658.494510195458133239,9207.132803384176440886
572570.558682488976046443,-13179.553294419012672734,39025.457585056552488822,8998.761253187161855749
573481.293319809599779546,-15807.250880804545886349,38103.056292532251973171,8710.635431224442072562
574509.698775846743956208,-18690.069925228766805958,36859.718706834370095748,8339.173382906205006293
575610.828797334805130959,-21659.834391009695536923,35298.901244337910611648,7889.517503981440313510
576736.558718526735901833,-24551.461384356654889416,33468.068374048227269668,7377.260647924578734091
577837.688740014797076583,-27219.986041965596086811,31458.978980691412289161,6828.077721452767946175
578866.094196051941253245,-29554.098317683376080822,29399.127140534350473899,6275.330284738874979666
579776.828833372564986348,-31482.747476660348183941,27436.512779806980688591,5756.253096749036558322
580530.089178135967813432,-32973.318728504404134583,25721.397941614741284866,5307.635723404548116378
581092.954138731816783547,-34022.392173725813336205,24388.820156619192857761,4961.875709372068740777
581440.823815456475131214,-34642.187884342558390927,23544.539641288349230308,4743.964114485037498525
581558.494634173111990094,-34846.811038769134029280,23255.493170423906121869,4669.554510924577698461
581676.165452889865264297,-35048.866471413923136424,22964.733095553012390155,4594.800801041323211393
582024.035129614523611963,-35631.042838238114200067,22095.346809146234591026,4371.847753235158961616
582586.900090210372582078,-36524.266253780508122873,20658.760605706142087001,4005.201969446634393535
583340.160434973775409162,-37623.040833834493241739,18682.176749650629062671,3504.079460756873231730
584250.895072294399142265,-38799.548608576813421678,16217.619193922968406696,2884.208155886290114722
585279.300528331543318927,-39921.987283719638071489,13349.168416865410108585,2169.088331870289039216
586380.430549819604493678,-40874.633717406475625467,10195.033622740076680202,1389.973454381824922166
587506.160471011535264552,-41575.951374004063836765,6902.607072657214303035,584.222023428903412423
588607.290492499596439302,-41990.767986895218200516,3636.944317622350354213,-207.771380974425483146
589635.695948536740615964,-42133.564744891024020035,565.352224538342852611,-946.348181457238752046
590546.430585857364349067,-42062.038941921789955813,-2157.994118682800035458,-1596.101269857937950292
591299.690930620767176151,-41862.549784371054556686,-4403.774048249928455334,-2128.306228988318252959
591862.555891216616146266,-41630.902608575655904133,-6073.596267157925467473,-2521.881514185088235536
592210.425567941274493933,-41452.600902873564336915,-7100.660092230646114331,-2763.039607526481631794
592328.096386657911352813,-41386.237385328808159102,-7447.073464187087665778,-2844.218817922674134024
592445.767205374548211694,-41316.822851277080189902,-7792.937833725001837593,-2925.188335323628052720
592793.636882099206559360,-41093.821125827853393275,-8811.958298214238311630,-3163.274245148213594803
593356.501842695055529475,-40676.990171433550131042,-10448.458341137964453083,-3544.122041211618125089
594109.762187458458356559,-40011.962593576063227374,-12610.468445915255870204,-4044.330953544160365709
595020.496824779082089663,-39046.737060326275241096,-15172.999555518377746921,-4632.660548492489397177
596048.902280816226266325,-37749.829694348511111457,-17985.523045027155603748,-5272.286454274008065113
597150.032302304287441075,-36125.880693541032087523,-20884.311113195020880084,-5924.153728461047649034
598275.762223496218211949,-34224.779076923739921767,-23708.420999554444279056,-6551.035683532865732559
599376.892244984279386699,-32141.837061227422964294,-26316.270264217157091480,-7121.504336648775279173
600405.297701021423563361,-30008.888028641355049331,-28598.858581864733423572,-7612.865409380910932668
601316.032338342047296464,-27978.573493582320224959,-30486.271791981060232501,-8012.311060191053911694
602069.292683105450123549,-26205.592526731204998214,-31945.995983955908741336,-8316.034977982440977939
602632.157643701299093664,-24828.786158643786620814,-32974.008915965903725009,-8526.640729935761555680
602980.027320425957441330,-23956.786292084616434295,-33581.658261408090766054,-8649.633550726730391034
603097.698139142594300210,-23658.301081576741125900,-33782.325064496246341150,-8689.979806580880904221
603215.368957859231159091,-23358.071938248707738239,-33980.501658989458519500,-8729.685447207457400509
603563.238634583889506757,-22460.521949401481833775,-34551.667304908733058255,-8843.292703406341388472
604126.103595179738476872,-20977.866141199490812141,-35428.535154167439031880,-9015.015830933038159856
604879.363939943141303957,-18938.786837951636698563,-36508.291890546555805486,-9220.991723774388447055
605790.098577263765037060,-16397.637637432089832146,-37666.277719082187104505,-9432.789460578505895683
606818.504033300909213722,-13441.753493684700515587,-38773.798215699258435052,-9621.859849392125397571
607919.634054788970388472,-10193.438290353289630730,-39717.637734742711472791,-9764.255422244352303096
609045.363975980901159346,-6804.750409971347835381,-40417.699568291071045678,-9844.717258261438473710
610146.493997468962334096,-3445.573642771116283257,-40838.905017495031643193,-9859.215680028029964888
611174.899453506106510758,-287.753496147117402870,-40994.462832739540317561,-9815.325074025671710842
612085.634090826730243862,2510.664875137263152283,-40939.678703905046859290,-9730.337831917693620198
612838.894435590133070946,4817.378396442734810989,-40757.855937318840005901,-9627.584078785856036120
613401.759396185982041061,6531.932562903144571465,-40541.639077757914492395,-9531.810929499924895936
613749.629072910640388727,7586.263961619340989273,-40373.816345504448690917,-9464.575188988421359682
613867.299891627277247608,7941.831684165277692955,-40311.159122464676329400,-9440.450355043381932774
613984.970710343914106488,8296.814338247400883120,-40245.532208003707637545,-9415.629998833313948126
614332.840387068572454154,9342.573986951370898169,-40034.200930741753836628,-9338.204256095481468947
614895.705347664421424270,11021.617142388706270140,-39637.736192738775571343,-9200.215803855006015510
615648.965692427824251354,13239.059570940320554655,-39002.782387914739956614,-8991.335599135281881900
616559.700329748447984457,15866.107081562389794271,-38078.112685684718599077,-8702.615002885135254473
617588.105785785592161119,18747.868502512683335226,-36832.317466286614944693,-8330.517378348997226567
618689.235807273653335869,21716.141371419762435835,-35269.040360763341595884,-7880.235155452182880254
619814.965728465584106743,24605.892042201121512335,-33435.929359206602384802,-7367.408181671193233342
620916.095749953645281494,27272.278101731200877111,-31424.890303037733247038,-6817.747052120650550933
621944.501205990789458156,29604.163517564644280355,-29363.502164953992178198,-6264.631822319375714869
622855.235843311413191259,31530.690344328169885557,-27399.778973214000870939,-5745.297170969332000823
623608.496188074816018343,33019.423135430661204737,-25683.936649460018088575,-5296.517468134081354947
624171.361148670664988458,34067.085752326172951143,-24350.931386260919680353,-4950.666801520064836950
624519.230825395323336124,34685.997625917305413168,-23506.437291027650644537,-4732.712433725269875140
624636.901644111960195005,34890.320183162803004961,-23217.327402172981237527,-4658.290662641486051143
624754.572462828597053885,35092.074318271705124062,-22926.508388876587559935,-4583.525949843717171461
625102.442139553255401552,35673.356588688322517555,-22056.974135263495554682,-4360.547187604965074570
625665.307100149104371667,36565.126701563240203541,-20620.231940171353926416,-3993.881340514193652780
626418.567444912507198751,37661.956245369852695148,-18643.600715341650357004,-3492.773383795540212304
627329.302082233130931854,38836.137903204762551468,-16179.230411168791761156,-2872.981872077822117717
628357.707538270275108516,39956.023670976624998730,-13311.304858541720022913,-2158.031183254230199964
629458.837559758336283267,40906.074517182649287861,-10158.083991831772436853,-1379.184989802330164821
630584.567480950267054141,41604.940569575985136908,-6866.939667130493035074,-573.793897967576413066
631685.697502438328228891,42017.605957120998937171,-3602.835727384917845484,217.773000366729320376
632714.102958475472405553,42158.651352698572736699,-532.934452172972669359,955.895161597267360776
633624.837595796096138656,42085.805899238337588031,2188.756638224564085249,1605.208407289092065184
634378.097940559498965740,41885.401227383532386739,4433.076981337137112860,2137.028642149385632365
634940.962901155347935855,41653.178380186560389120,6101.766099780194053892,2530.306859626411096542
635288.832577880006283522,41474.568338423625391442,7128.115121408693084959,2771.278163033281089156
635406.503396596643142402,41408.108815706458699424,7474.284589325638080481,2852.393735593510427861
635524.174215313280001283,41338.602489339078601915,7819.904100293853844050,2933.299413779144742875
635872.043892037938348949,41115.354132540647697169,8838.195778150671685580,3171.195583196915322333
636434.908852633787319064,40698.202793748707335908,10473.504820484296942595,3551.734086521528297453
637188.169197397190146148,40032.899025889237236697,12633.909992407636309508,4051.527529174089067965
638098.903834717813879251,39067.571342643474054057,15194.507669124381209258,4639.358208502735578804
639127.309290754958055913,37770.846792474512767512,18004.894538957254553679,5278.434171752631300478
640228.439312243019230664,36147.428235523526382167,20901.497414705903793219,5929.739685551821821718
641354.169233434950001538,34247.200449178119015414,23723.533910182864929084,6556.088150739296906977
642455.299254923011176288,32165.403445270036172587,26329.558275641502405051,7126.085435717459404259
643483.704710960155352950,30033.747389830772590358,28610.658655423299933318,7617.059160537644856959
644394.439348280779086053,28004.727703806136560161,30496.950652639941836242,8016.209197946451240568
645147.699693044181913137,26232.903186272953462321,31955.897959968635404948,8319.724566724942633300
645710.564653640030883253,24857.000759407070290763,32983.423444200867379550,8530.196547555480719893
646058.434330364689230919,23985.573048443657171447,33590.812332332228834275,8653.116311248018973856
646176.105149081326089799,23687.283325459233310539,33791.398170005741121713,8693.439531214860835462
646293.775967797962948680,23387.250544610324141104,33989.497426071531663183,8733.122986215637865826
646641.645644522621296346,22490.285528845044609625,34560.455736417185107712,8846.669638329423833056
647204.510605118470266461,21008.586733972544607241,35437.055876650709251408,9018.310504438593852683
647957.770949881873093545,18970.797098128015932161,36516.585754622567037586,9224.206764965672846301
648868.505587202496826649,16431.197679750512179453,37674.496715084511379246,9435.954065935342441662
649896.911043239641003311,13477.014964628855523188,38782.188477991941908840,9625.025699547031763359
650998.041064727702178061,10230.418468180934723932,39726.496957011382619385,9767.486730790120418533
652123.770985919632948935,6843.328693628202017862,40427.318499578956107143,9848.077393940946421935
653224.901007407694123685,3485.515824481735762674,40849.508887969983334187,9862.754127857950152247
654253.306463444838300347,328.758681917453941423,41006.168759962027252186,9819.068362461553988396
655164.041100765462033451,-2468.908559743424120825,40952.478634056351438630,9734.286386014928211807
655917.301445528864860535,-4775.145753624026838224,40771.624796613767102826,9631.714625621132654487
656480.166406124713830650,-6489.433225380365911406,40556.159712773231149185,9536.082296481972662150
656828.036082849372178316,-7543.638775285442534368,40388.810145999137603212,9468.934873580559724360
656945.706901566009037197,-7899.170729789293545764,40326.314093117434822489,9444.840052612451472669
657063.377720282645896077,-8254.121067448861140292,40260.848809308437921572,9420.049755355028537451
657411.247397007304243743,-9299.805419287054974120,40049.997442693049379159,9342.713003899238174199
657974.112357603153213859,-10978.790963162078696769,39654.312394777844019700,9204.868164502700892626
658727.372702366556040943,-13196.280235343023377936,39020.397483708402432967,8996.176985813921419322
659638.107339687179774046,-15823.571135308935481589,38096.955253694271959830,8707.675207872327518999
660666.512795724323950708,-18705.844516134231525939,36852.474772367691912223,8335.804396982688558637
661767.642817212385125458,-21674.926467523320752662,35290.478864049604453612,7885.731898650910807191
662893.372738404315896332,-24565.755132709040481132,33458.497355409032024909,7373.074353776790303527
663994.502759892377071083,-27233.405656149952847045,31448.346718328139104415,6823.526758007623357116
665022.908215929521247745,-29566.623239394619304221,29387.565466672247566748,6270.465185639832270681
665933.642853250144980848,-31494.421062024652201217,27424.182147631487168837,5751.132595727603984415
666686.903198013547807932,-32984.249076083644467872,25708.472257433524646331,5302.321002658374709426
667249.768158609396778047,-34032.745467659427959006,24375.475193152269639540,4956.426301351200891077
667597.637835334055125713,-34652.175744728061545175,23530.946749576432921458,4738.436043955070999800
667715.308654050691984594,-34856.673818613744515460,23241.818386968989216257,4664.000635122216408490
667832.979472767328843474,-35058.603443503372545820,22950.977427687561430503,4589.221529177482807427
668180.849149491987191141,-35640.403722491108055692,22081.357971296711184550,4366.195814158860230236
668743.714110087836161256,-36533.005945703938778024,20644.413629315858997870,3999.440180498966583400
669496.974454851238988340,-37630.926327034823771100,18667.388425098797597457,3498.185891649080076604
670407.709092171862721443,-38806.369754325591202360,16202.356980063086666632,2878.179051468008765369
671436.114548209006898105,-39927.570592506781395059,13333.452137686377682257,2162.938192424224325805
672537.244569697068072855,-40878.856976469971414190,10178.929248899286903907,1383.732099154358365922
673662.974490888998843729,-41578.756068467155273538,6886.213332865452684928,577.929040192952015786
674764.104512377060018480,-41992.166720460627402645,3620.374455932593264151,-214.073813403630992980
675792.509968414204195142,-42133.642018339021888096,548.714399166470684577,-952.622713676328203292
676703.244605734827928245,-42060.945339501726266462,-2174.613953312793455552,-1602.321599098993829102
677456.504950498230755329,-41860.491173037917178590,-4420.323555922070227098,-2134.460964322230211110
678019.369911094079725444,-41628.126799029421817977,-6090.060577886113605928,-2527.975086733606076450
678367.239587818738073111,-41449.384102415067900438,-7117.057853106343827676,-2769.090233073244235129
678484.910406535374931991,-41382.871869352537032682,-7463.446320268958515953,-2850.254032303428175510
678602.581225252011790872,-41313.308867732419457752,-7809.284577966835058760,-2931.207693575730445446
678950.450901976670138538,-41089.869784046088170726,-8828.220808348785794806,-3169.244137303985553444
679513.315862572519108653,-40672.336680967018764932,-10464.562391879204369616,-3550.003763207316296757
680266.576207335921935737,-40006.381927780465048272,-12626.317993518132425379,-4050.079187137622284354
681177.310844656545668840,-39040.058148650110524613,-15188.477548163551546168,-4638.224241515237736166
682205.716300693689845502,-37741.946327622637909371,-18000.499430464748002123,-5277.612280769821154536
683306.846322181751020253,-36116.757060300216835458,-20898.657056858930445742,-5929.191672449547695578
684432.576243373681791127,-34214.448388568715017755,-23722.026766263115860056,-6555.745723995927619399
685533.706264861742965877,-32130.393046361983579118,-26329.063230797815776896,-7125.862892944913255633
686562.111720898887142539,-29996.470774888650339562,-28610.817782100457407068,-7616.870250882662730874
687472.846358219510875642,-27965.352553285316389520,-30497.436279403213120531,-8015.983774699352579773
688226.106702982913702726,-26191.750822081819933373,-31956.465782426465011667,-8319.420678520191358984
688788.971663578762672842,-24814.507789803326886613,-32983.938861972819722723,-8529.805239959003301919
689136.841340303421020508,-23942.250046460547309835,-33591.246130715757317375,-8652.658665500313873054
689254.512159020057879388,-23643.679718005827453453,-33791.795813892087608110,-8692.957323830045424984
689372.182977736694738269,-23343.366534698645409662,-33989.854590610186278354,-8732.615147499507656903
689720.052654461353085935,-22445.574462255353864748,-34560.667935542813211214,-8846.079793568724198849
690282.917615057202056050,-20962.547418019625183661,-35436.953574984385340940,-9017.568411914422540576
691036.177959820604883134,-18923.011831684860226233,-36515.909138847193389665,-9223.223808557400843711
691946.912597141228616238,-16381.374700003194448072,-37672.895835827155678999,-9434.625141732069096179
692975.318053178372792900,-13425.025979340898629744,-38779.253255515410273802,-9623.238268345850883634
694076.448074666433967650,-10176.317758270430203993,-39721.813631968158006202,-9765.135721281660153181
695202.177995858364738524,-6787.342260748970147688,-40420.540007996423810255,-9845.082474117394667701
696303.308017346425913274,-3427.997685660498973448,-40840.420637953844561707,-9859.074672526165159070
697331.713473383570089936,-270.123174444663163740,-40994.732174664728518110,-9814.712043172514313483
698242.448110704193823040,2528.260532283333304804,-40938.842912777552555781,-9729.309590419239611947
698995.708455467596650124,4834.886710324433806818,-40756.108700027449231129,-9626.215775049475269043
699558.573416063445620239,6549.341094029245141428,-40539.214079988181765657,-9530.191162048789919936
699906.443092788103967905,7603.596141296548012178,-40370.974446322063158732,-9462.801348252813113504
700024.113911504740826786,7959.135508940664294641,-40308.176603597872599494,-9438.624651132611688809
700141.784730221377685666,8314.088533474008727353,-40242.409289740367967170,-9413.752566388628110872
700489.654406946036033332,9359.753156049053359311,-40030.664338481721642893,-9336.174722973717507557
701052.519367541885003448,11038.619162991519260686,-39633.535210447029385250,-9197.942979141715113656
701805.779712305287830532,13255.779756029944110196,-38997.703571249840024393,-8988.743256151554305688
702716.514349625911563635,15882.419231083120394032,-38071.993258600232366007,-8699.646886985859964625
703744.919805663055740297,18763.633529970298695844,-36825.055696026531222742,-8327.140769167681355611
704846.049827151116915047,21731.222430214162159245,-35260.600939500254753511,-7876.442283498001415865
705971.779748343047685921,24620.173433916519570630,-33426.342311280888679903,-7363.215050912805963890
707072.909769831108860672,27285.684223536278295796,-31414.243172339272859972,-6813.189727662009318010
708101.315225868253037333,29616.674063615377235692,-29351.926836338934663218,-6259.760846533690710203
709012.049863188876770437,31542.348928391809749883,-27387.435845182386401575,-5740.171247184154708521
709765.310207952279597521,33030.338082089896488469,-25670.999474042204383295,-5291.197712907911409275
710328.175168548128567636,34077.423418819780636113,-24337.575702515539887827,-4945.212654273136649863
710676.044845272786915302,34695.969750261741864961,-23492.834161909406248014,-4727.179807834671009914
710793.715663989423774183,34900.167195691952656489,-23203.642545509261253756,-4652.732293826347813592
710911.386482706060633063,35101.795494545243855100,-22912.742812359581876080,-4577.942247367982417927
711259.256159430718980730,35682.701609129544522148,-22042.975876942153263371,-4354.891002554499209509
711822.121120026567950845,36573.850471237201418262,-20605.876336228910076898,-3988.115604054002687917
712575.381464789970777929,37669.825837733682419639,-18628.804822866681206506,-3486.876263516309336410
713486.116102110594511032,38842.943324652958835941,-16163.961893365594733041,-2866.949685924506411538
714514.521558147738687694,39961.591647560235287528,-13295.583656831520784181,-2151.878471517289654003
715615.651579635799862444,40910.283078801345254760,-10141.976091080221522134,-1372.941573695565239177
716741.381500827730633318,41607.731426729347731452,-6850.543706365737307351,-567.499330025917515741
717842.511522315791808069,42018.991878145367081743,-3586.264775601091969293,224.076606445194556727
718870.916978352935984731,42158.716910457784251776,-516.296440473633992951,962.170539083139374270
719781.651615673559717834,42084.701644851091259625,2205.375995093148958404,1611.429339775995686068
720534.911960436962544918,41883.332895718478539493,4449.625565384638321120,2143.183817113929762854
721097.776921032811515033,41650.393569944622868206,6118.229217308697116096,2536.400771813880055561
721445.646597757469862700,41471.342989752265566494,7144.511550267350685317,2777.329076090076341643
721563.317416474106721580,41404.734905655692273285,7490.656071289100509603,2858.429221533127929433
721680.988235190743580461,41335.080266330063750502,7836.249430782285344321,2939.319028489879201516
722028.857911915401928127,41111.395010720378195401,8854.456771825563919265,3177.165692159795071348
722591.722872511250898242,40693.542271589765732642,10489.607234513510775287,3557.615976961684282287
723344.983217274653725326,40027.312332227731531020,12649.757831350092601497,4057.275896903016473516
724255.717854595277458429,39060.887605092393641826,15209.984000962351274211,4644.922039915230925544
725284.123310632421635091,37762.959917971769755241,18019.869490675751876552,5283.760199602116699680
726385.253332120482809842,36138.302429743016546126,20915.842361129944038112,5934.777962683123405441
727510.983253312413580716,34236.868839563707297202,23737.139316508670162875,6560.798721765522714122
728612.113274800474755466,32153.959593392813985702,26342.351670406882476527,7130.444769490399266942
729640.518730837618932128,30021.331164993251150008,28622.619146600489330012,7621.065050552953834995
730551.253368158242665231,27991.508427446613495704,30508.117278363679361064,8019.883227173593695625
731304.513712921645492315,26219.063570583144610282,31966.370644131799053866,8323.111816484602968558
731867.378673517494462430,24842.724735403338854667,32993.356855448459100444,8533.362788303178604110
732215.248350242152810097,23971.039278836826269981,33600.404031934340309817,8656.143270903854499920
732332.919168958789668977,23672.664477566628193017,33800.872874135158781428,8696.418932226608376368
732450.589987675426527858,23372.547694015687739011,33998.854437282665458042,8736.054609263350357651
732798.459664400084875524,22475.340690817123686429,34569.460817798397329170,8849.458767052541588782
733361.324624995933845639,20993.270770956201886293,35445.479353078997519333,9020.865312311017987668
734114.584969759336672723,18955.024914430825447198,36524.208869425005104858,9226.441328316495855688
735025.319607079960405827,16414.937509946896170732,37681.121667192674067337,9437.792524888098341762
736053.725063117104582489,13460.289989216624235269,38787.651410059428599197,9626.407220640254308819
737154.855084605165757239,10213.300044795869325753,39730.681807043387379963,9768.370454665657234727
738280.585005797096528113,6825.922032194583152886,40430.168870841509487946,9848.446329167263684212
739381.715027285157702863,3467.940592432765697595,40851.035267842125904281,9862.617085391952059581
740410.120483322301879525,311.128256632386182901,41006.449499019254290033,9818.459482503303661360
741320.855120642925612628,-2486.505128934608364943,40951.654683720502362121,9733.262421493831425323
742074.115465406328439713,-4792.655688201637531165,40769.889675014834210742,9630.350674279796294286
742636.980426002177409828,-6506.843923698739672545,40553.746979511292011011,9534.466920202079563751
742984.850102726835757494,-7560.973464968243206386,40385.980578651251562405,9467.165440379239953472
743102.520921443472616374,-7916.477181172791460995,40323.343924551802047063,9443.018760452750939294
743220.191740160109475255,-8271.398006144307146315,40257.738257630153384525,9418.176738210973780951
743568.061416884767822921,-9316.987678420126030687,40046.473252366420638282,9340.687892673615351669
744130.926377480616793036,-10995.796635778948257212,39650.123831031502049882,9202.599760044793583802
744884.186722244019620121,-13213.004819872185180429,39015.331029413391661365,8993.589037347546764067
745794.921359564643353224,-15839.888566701069066767,38090.848002792459737975,8704.711420373952933005
746823.326815601787529886,-18721.615771917953679804,36845.224817804184567649,8332.431997822559424094
747924.456837089848704636,-21690.014681414097140078,35282.050706640940916259,7881.943062920085139922
749050.186758281779475510,-24580.044504907309601549,33448.920846586239349563,7368.885037683377959183
750151.316779769840650260,-27246.820420407086203340,31437.709282207426440436,6818.972996269314535311
751179.722235806984826922,-29579.142896829500386957,29375.998944847968232352,6265.597513453531064442
752090.456873127608560026,-31506.089040715574810747,27411.846978939262044150,5746.009733190721817664
752843.717217891011387110,-32995.173552470609138254,25695.542309490156185348,5297.004103301986106089
753406.582178486860357225,-34043.092704248010704760,24362.126178204205643851,4950.974855722588472418
753754.451855211518704891,-34662.157437810070405249,23517.349941019092511851,4732.906024697431348613
753872.122673928155563772,-34866.530394851324672345,23228.139732788207766134,4658.444840943519011489
753989.793492644792422652,-35068.334176140582712833,22937.217935497530561406,4583.640369429796919576
754337.663169369450770319,-35649.758264017968031112,22067.365447939031582791,4360.542078150514498702
754900.528129965299740434,-36541.739136459051223937,20630.063197020099323709,3993.676744214337304584
755653.788474728702567518,-37638.805124171754869167,18652.596960935399692971,3492.290879704136386863
756564.523112049326300621,-38813.183995380742999259,16187.092021619559091050,2872.148757226377711049
757592.928568086470477283,-39933.146797780624183360,13317.733574507416051347,2156.787155127231017104
758694.058589574531652033,-40883.072963270104082767,10162.823098417029541451,1377.490164253473267308
759819.788510766462422907,-41581.553366809363069478,6869.818346961990755517,571.635806430675074807
760920.918532254523597658,-41993.557985078754427377,3603.803875255987804849,-220.376172746453448781
761949.323988291667774320,-42133.711798304349940736,532.076351368457835633,-958.896870945502087125
762860.058625612291507423,-42059.844256957767356653,-2191.233569484546023887,-1608.541287757843747386
763613.318970375694334507,-41858.425117664279241581,-4436.872481080114084762,-2140.614841465294375666
764176.183930971543304622,-41625.343587054412637372,-6106.524035148664552253,-2534.067640139410286793
764524.053607696201652288,-41446.159931493930344004,-7133.454593742608267348,-2775.139740845808773884
764641.724426412838511169,-41379.498994804285757709,-7479.818099842748779338,-2856.288095707170214155
764759.395245129475370049,-41309.787538048236456234,-7825.630189513431105297,-2937.225867731825928786
765107.264921854133717716,-41085.911136032671493012,-8844.482020199873659294,-3175.212747974417652586
765670.129882449982687831,-40667.675958790474396665,-10480.664878190138551872,-3555.884047908804859617
766423.390227213385514915,-40000.794149086468678433,-12642.165624764391395729,-4055.825778770822580555
767334.124864534009248018,-39033.372296486639243085,-15203.953206794911238831,-4643.786051802433576086
768362.530320571153424680,-37734.056251795620482881,-18015.473022681304428261,-5282.935962684548940160
769463.660342059214599431,-36107.627007396549743135,-20912.999733031370851677,-5934.227204909178908565
770589.390263251145370305,-34204.111619328738015611,-23735.628802607410761993,-6560.453096107210512855
771690.520284739206545055,-32118.943321777165692765,-26341.852038501405331772,-7130.218547096106703975
772718.925740776350721717,-29984.048191330984991509,-28622.772447443210694473,-7620.871988783221240737
773629.660378096974454820,-27952.126644713462155778,-30508.595920181476685684,-8019.653221747468705871
774382.920722860377281904,-26177.904464795843523461,-31966.930492495761427563,-8322.802986947217505076
774945.785683456226252019,-24800.225013417781156022,-32993.863548931309196632,-8532.966271391467671492
775293.655360180884599686,-23927.709548507475119550,-33600.828639926963660400,-8655.680251163992579677
775411.326178897521458566,-23629.054155233206984121,-33801.261169789468112867,-8695.931295392694664770
775528.996997614158317447,-23328.656985386864107568,-33999.202095728243875783,-8735.541285789900939562
775876.866674338816665113,-22430.622989095405500848,-34569.663044449749577325,-8848.863275038407664397
776439.731634934665635228,-20947.224972701289516408,-35445.366327543619263452,-9020.117313591510537663
777192.991979698068462312,-18907.233466119163495023,-36523.520537829834211152,-9225.452129270046498277
778103.726617018692195415,-16365.108855400823813397,-37679.507907971616077702,-9436.456971549874651828
779132.132073055836372077,-13408.296083694913249929,-38784.702062338466930669,-9624.612757861361387768
780233.262094543897546828,-10159.195422648110252339,-39725.983133363413799088,-9766.012031755972202518
781358.992015735828317702,-6769.932910634794097859,-40423.373928053646523040,-9845.443667518420625129
782460.122037223889492452,-3410.421124933876853902,-40841.929659911307680886,-9858.929635626956951455
783488.527493261033669114,-252.492810508825641591,-40994.994882972525374498,-9814.094999963004738674
784399.262130581657402217,2545.855734237811702769,-40938.000488339188450482,-9728.277370517660529003
785152.522475345060229301,4852.394159057519573253,-40754.354851668664196040,-9624.843534268957228051
785715.387435940909199417,6566.748455337590712588,-40536.782500764085853007,-9528.567496203055270598
786063.257112665567547083,7620.926963794387120288,-40368.125989554297120776,-9461.023636303429157124
786180.927931382204405963,7976.437913354828197043,-40305.187536167526559439,-9436.795085767293130630
786298.598750098841264844,8331.361245262545708101,-40239.279832419029844459,-9411.871282533082194277
786646.468426823499612510,9376.930655893978837412,-40027.121238093379361089,-9334.141369793078411021
787209.333387419348582625,11055.619216042679909151,-39629.327778913102520164,-9195.666390289532500901
787962.593732182751409709,13272.497579594251874369,-38992.618401149775309023,-8986.147233751116800704
788873.328369503375142813,15898.728552381617191713,-38065.867619395743531641,-8696.675208914772156277
789901.733825540519319475,18779.395217382458213251,-36817.787906076315266546,-8323.760749046205091872
791002.863847028580494225,21746.299621942562225740,-35252.155742072987777647,-7872.646183745449889102
792128.593768220511265099,24634.450445515212777536,-33416.749774485382658895,-7359.018901083598393598
793229.723789708572439849,27299.085492006612184923,-31403.590869491476041730,-6808.629607996417689719
794258.129245745716616511,29629.179342388284567278,-29340.346661531853897031,-6254.887300888987738290
795168.863883066340349615,31554.001903263029817026,-27375.088182379979116376,-5735.042965183014530339
795922.124227829743176699,33041.247155459706846159,-25658.058036591413838323,-5285.875782402212280431
796484.989188425592146814,34087.755026160848501604,-24324.215968995842558797,-4939.756472761489931145
796832.858865150250494480,34705.935705665608111303,-23479.227117614376766142,-4721.645236555001247325
796950.529683866887353361,34910.008003042188647669,-23189.953819768990797456,-4647.172009971380248317
797068.200502583524212241,35111.510429858339193743,-22898.973413149149564561,-4572.356660342173199751
797416.070179308182559907,35692.040285525021317881,-22028.973934675821510609,-4349.233023893184508779
797978.935139904031530023,36582.567738708217802923,-20591.517277816565183457,-3982.348223535673241713
798732.195484667434357107,37677.688733497743669432,-18614.005792016418126877,-3480.977703603779445984
799642.930121988058090210,38849.741841297705832403,-16148.690631905825284775,-2860.916313027360956767
800671.335578025202266872,39967.152520749827090185,-13279.860171616332081612,-2145.724864831523518660
801772.465599513263441622,40914.484368628000083845,-10125.866413587958959397,-1366.697580574409585097
802898.195520705194212496,41610.514888543279084843,-6834.146498730660823639,-561.204513918937664130
803999.325542193255387247,42020.370331151287246030,-3569.693103293211606797,230.380137394318808219
805027.730998230399563909,42158.774975802887638565,-499.658204080791620072,968.445539901635129354
805938.465635551023297012,42083.589911367998865899,2221.995136454446765129,1617.649630286867250106
806691.725980314426124096,41881.257120868445781525,4466.173570483668299858,2149.338132754570324323
807254.590940910275094211,41647.601357923842442688,6134.691485406576248351,2542.493663923019994400
807602.460617634933441877,41468.110271131641638931,7160.906963207504304592,2783.378870555336106918
807720.131436351570300758,41401.353637498417811003,7507.026481156681256834,2864.463555717919007293
807837.802255068323574960,41331.550697602877335157,7852.593633076619880740,2945.337458367770523182
808185.671931792981922626,41107.428582952205033507,8870.716471961211937014,3183.134519019009530894
808748.536892388830892742,40688.874517838783503976,10505.708089267347531859,3563.496429681157678715
809501.797237152233719826,40021.718525338765175547,12665.603759604950028006,4063.022622488284469000
810412.531874472857452929,39054.196926030177564826,15225.458005070198851172,4650.483988709593177191
811440.937330510001629591,37755.066332476060779300,18034.841656025011616293,5289.084083280371487490
812542.067351998062804341,36129.170201424356491771,20930.184047543887572829,5939.813828992968410603
813667.797273189993575215,34226.531145350854785647,23750.741000385467486922,6565.506625420724958531
814768.927294678054749966,32142.510026788186223712,26355.140914454568701331,7134.801202272841692320
815797.332750715198926628,30008.909604219566972461,28634.575111139078217093,7625.067838176930308691
816708.067388035822659731,27978.284175660308392253,30519.279065701623039786,8023.553990211416021339
817461.327732799225486815,26205.219294201429875102,31976.838248116408067290,8326.495675399046376697
818024.192693395074456930,24828.444295140761823859,33003.285015723180549685,8536.525551714896209887
818372.062370119732804596,23956.501247765343578067,33609.990379422881233040,8659.166702688866280369
818489.733188836369663477,23658.041421198598982301,33810.342192713847907726,8699.394788785421042121
818607.404007553006522357,23357.840688237534777727,34008.206029901608417276,8738.982671536554335034
818955.273684277664870024,22460.391856929833011236,34578.460385244667122606,8852.244288286476148642
819518.138644873513840139,20977.951075283424870577,35453.897168805218825582,9023.416442033068960882
820271.398989636916667223,18939.249360065521614160,36531.826142134472320322,9228.672128644704571343
821182.133626957540400326,16398.674420594783441629,37687.740581226862559561,9439.627133390798917389
822210.539082994684576988,13443.562619028227345552,38793.108114726237545256,9627.784812949181286967
823311.669104482745751739,10196.179803372906462755,39734.860265777773747686,9769.250190312091945088
824437.399025674676522613,6808.514154472934023943,40433.012725829008559231,9848.811241959532708279
825538.529047162737697363,3450.364740656303183641,40852.555051437906513456,9862.476013251396580017
826566.934503199881874025,293.497772523747698870,41006.723605621729802806,9817.846589545419192291
827477.669140520505607128,-2504.101259827999456320,40950.824099992991250474,9732.234477539246654487
828230.929485283908434212,-4810.164774680895789061,40768.147941209732380230,9628.982784530546268797
828793.794445879757404327,-6524.253469296185357962,40551.327662894625973422,9532.847643934239385999
829141.664122604415751994,-7578.306814598305209074,40383.144451319829386193,9465.392134225918198354
829259.334941321052610874,-7933.782229322860075627,40320.367204862421203870,9441.193605050522819511
829377.005760037689469755,-8288.673478521093784366,40254.621164170683186967,9416.299867818486745819
829724.875436762347817421,-9334.168285387255309615,40042.942550689571362454,9338.658959399739615037
830287.740397358196787536,-11012.800357826672552619,39645.928813980550330598,9200.327589224738403573
831041.000742121599614620,-13229.727059720702527557,39010.258216526483010966,8990.997406949934884324
831951.735379442223347723,-15856.203186361737607513,38084.734533416230988223,8701.744067816476672306
832980.140835479367524385,-18737.383703588195203338,36837.968835801941168029,8329.056184466875492944
834081.270856967428699136,-21705.099043381087540183,35273.616763909471046645,7878.150995798821895733
835207.000778159359470010,-24594.329511235155223403,33439.338838535484683234,7364.692698620207011118
836308.130799647420644760,-27260.230344361312745605,31427.066662631121289451,6814.416435139666646137
837336.536255684564821422,-29591.657298992075084243,29364.427564649966370780,6260.727267004031091346
838247.270893005188554525,-31517.751421170927642379,27399.507262553212058265,5740.884507897722869529
839000.531237768591381609,-33006.092165486574231181,25682.608086112079035956,5291.685024050011634245
839563.396198364440351725,-34053.433890850901661906,24348.773099716876458842,4945.521371171291320934
839911.265875089098699391,-34672.132970676444529090,23503.749203341205429751,4727.374055376456453814
840028.936693805735558271,-34876.380774474506324623,23214.457195531933393795,4652.887127046595196589
840146.607512522372417152,-35078.058676219348853920,22923.454606562976550777,4578.057320451369378134
840494.477189247030764818,-35659.106469420054054353,22053.369226434391748626,4354.886543845064807101
841057.342149842879734933,-36550.465832175956165884,20615.709295855958771426,3987.911659192997831269
841810.602494606282562017,-37646.677230828710889909,18637.802343828727316577,3486.394423482246565982
842721.337131926906295121,-38819.991336587154364679,16171.824304863934230525,2866.117271692730355426
843749.742587964050471783,-39938.715903433308994863,13302.012713160489511210,2150.635218480840194388
844850.872609452111646533,-40887.281680763037002180,10146.715156722937535960,1371.247648171853143140
845976.602530644042417407,-41584.343270933524763677,6853.422100059811782558,565.342320637084412738
847077.732552132103592157,-41994.941781423323845956,3587.232560515527438838,-226.678460493445527391
848106.138008169247768819,-42133.774084362761641387,515.438066026319575030,-965.170654741343241767
849016.872645489871501923,-42058.735693040514888708,-2207.852982262025761884,-1614.760337302688640193
849770.132990253274329007,-41856.351616161387937609,-4453.420838765676307958,-2146.767861856840681867
850332.997950849123299122,-41622.552969977703469340,-6122.986653927589941304,-2540.159175819944721297
850680.867627573781646788,-41442.928387080297397915,-7149.850329093511390965,-2781.188132246252280311
850798.538446290418505669,-41376.118758533477375749,-7496.188817848793405574,-2862.321009530214723782
850916.209265007055364549,-41306.258858955035975669,-7841.974683287662628572,-2943.242859183048494742
851264.078941731713712215,-41081.945178184927499387,-8860.741948606555524748,-3181.180078530154787586
851826.943902327562682331,-40663.008000787616765592,-10496.765814793405297678,-3561.762896667636596248
852580.204247090965509415,-39995.199252601516491268,-12658.011354110312822741,-4061.570729748282246874
853490.938884411589242518,-39026.679497882527357433,-15219.426545473856094759,-4649.345980591542684124
854519.344340448733419180,-37726.159459868249541614,-18030.443835334030154627,-5288.257501188601963804
855620.474361936794593930,-36098.490527022433525417,-20927.339154935551050585,-5939.260326952144168899
856746.204283128725364804,-34193.768760530081635807,-23749.227120985386136454,-6565.157800923969261930
857847.334304616786539555,-32107.487877789688354824,-26354.636699016315105837,-7134.571300052508377121
858875.739760653930716217,-29971.620267547470575664,-28634.722588804659608286,-7624.870623899560087011
859786.474397974554449320,-27938.895756831196194980,-30519.750724461970094126,-8023.319402057613842771
860539.734742737957276404,-26164.053443373915797565,-31977.390123745535674971,-8326.181903902610429213
861102.599703333806246519,-24785.937817640406137798,-33003.782985965830448549,-8536.123824804259129451
861450.469380058464594185,-23913.164786160727089737,-33610.405797887236985844,-8658.698308249639012502
861568.140198775101453066,-23614.424381125056243036,-33810.721140934612776618,-8698.901721789117800654
861685.811017491738311946,-23313.943278108294180129,-34008.544182989273394924,-8738.463862586790128262
862033.680694216396659613,-22415.667517512607446406,-34578.652639969244773965,-8851.643148285709685297
862596.545654812245629728,-20931.898792517873516772,-35453.773419702418323141,-9022.662536381651079864
863349.805999575648456812,-18891.451728175896278117,-36531.126094672821636777,-9227.676686240849448950
864260.540636896272189915,-16348.840090175661316607,-37686.113941895768221002,-9438.284950226685396046
865288.946092933416366577,-13391.563792854118219111,-38790.144641512066300493,-9625.983318028063877136
866390.076114421477541327,-10142.071269277053943370,-39730.146243148941721302,-9766.884353662282592268
867515.806035613408312201,-6752.522345151322952006,-40426.201331537675287109,-9845.800838444434702978
868616.936057101469486952,-3392.843945994543901179,-40843.432085715692664962,-9858.780569310658393078
869645.341513138613663614,-234.862389705645909999,-40995.250958945158345159,-9813.473944289269638830
870556.076150459237396717,2563.450495617893466260,-40937.151430750753206667,-9727.241172009040383273
871309.336495222640223801,4869.900757160467037465,-40752.594391636805085000,-9623.467356163318981999
871872.201455818489193916,6584.154661218133696821,-40534.344338896473345812,-9526.939931640061331564
872220.071132543147541583,7638.256443445068725850,-40365.270973659025912639,-9459.242052786818021559
872337.741951259784400463,7993.738911714834102895,-40302.191918522607011255,-9434.961658584195902222
872455.412769976421259344,8348.632487894930818584,-40236.143834277776477393,-9409.986146893739714869
872803.282446701079607010,9394.106500685178616550,-40023.571627463468757924,-9332.104196145004607388
873366.147407296928577125,11072.617315562405565288,-39625.113895518028584775,-9193.386036848221920081
874119.407752060331404209,13289.213055496999004390,-38987.526874208611843642,-8983.547531456957585760
875030.142389380955137312,15915.035059077628829982,-38059.735763834578392562,-8693.699968126407839009
876058.547845418099313974,18795.153577942364790943,-36810.514091348995862063,-8320.377317389278687187
877159.677866906160488725,21761.372959194668510463,-35243.704762589906749781,-7868.846855568039245554
878285.407788098091259599,24648.723088955470302608,-33407.151742216919956263,-7354.819731524485177943
879386.537809586152434349,27312.481918279045203235,-31392.933387328659591731,-6804.066692401926047751
880414.943265623296611011,29641.679364506118872669,-29328.761632694651780184,-6250.011184621873326250
881325.677902943920344114,31565.649279048629978206,-27362.735976536547241267,-5729.912324187151170918
882078.938247707323171198,33052.150365086235979106,-25645.112328444396553095,-5280.551675840086318203
882641.803208303172141314,34098.080583523922541644,-24310.852176717271504458,-4934.298256200310788699
882989.672885027830488980,34715.895501056649663951,-23465.616148995955882128,-4716.108719102378017851
883107.343703744467347860,34919.842614052315184381,-23176.261215752943826374,-4641.609810291827670881
883225.014522461104206741,35121.219132960388378706,-22885.200181997635809239,-4566.769187981242794194
883572.884199185762554407,35701.372626346616016235,-22014.968299083666352089,-4343.573250834577265778
884135.749159781611524522,36591.278512075623439159,-20577.154755343937722500,-3976.579198181376341381
884889.009504545014351606,37685.544940070329175796,-18599.203612956473079976,-3475.077703289434793987
885799.744141865638084710,38856.533459989434049930,-16133.416616698050347622,-2854.881752630908522406
886828.149597902782261372,39972.706296932963596191,-13264.134392525324074086,-2139.570362447042498388
887929.279619390843436122,40918.678392262743727770,-10109.754948825830069836,-1360.453009721570197144
889055.009540582774206996,41613.290959683792607393,-6817.748033602976647671,-554.909448959611836472
890156.139562070835381746,42021.741319795219169464,-3553.120699865066853818,236.683593868530806503
891184.545018107979558408,42158.825551332723989617,-483.019732521170226391,974.720164678312357864
892095.279655428603291512,42082.470700797792233061,2238.614072615957411472,1623.869279404423650703
892848.540000192006118596,41879.173904283372394275,4482.721006738698633853,2155.491589619099613628
893411.404960787855088711,41644.801745330849371385,6151.152913980862649623,2548.585536479271468124
893759.274637512513436377,41464.870183578859723639,7177.301370024426432792,2789.427546942626577220
893876.945456229150295258,41397.965012183114595246,7523.395828692453505937,2870.496738657142486772
893994.616274945787154138,41328.013784030503302347,7868.936716908101516310,2951.354703917071674368
894342.485951670445501804,41103.454849895839288365,8886.974888196658866946,3189.102064265773151419
894905.350912266294471920,40684.199532685619487893,10521.807394225594180170,3569.375445152070824406
895658.611257029697299004,40016.117605019178881776,12681.447786383774655405,4068.767706378732327721
896569.345894350321032107,39047.499304788005247246,15240.929690275785105769,4656.044055267140720389
897597.751350387465208769,37747.166034909714653622,18049.811043477129715029,5294.405823178027276299
898698.881371875526383519,36120.031549033526971471,20944.522482004460471217,5944.847284828681949875
899824.611293067457154393,34216.187364115197851788,23764.338969210606592242,6570.211862027548704646
900925.741314555518329144,32131.054742718864872586,26367.926014773991482798,7139.154734380446825526
901954.146770592662505805,29996.482704299320175778,28646.526555542346613947,7629.067523805793825886
902864.881407913286238909,27965.054944953699305188,30530.436020659726636950,8027.221487438442636630
903618.141752676689065993,26191.370353487138345372,31987.300777469274180476,8329.876143858904470108
904181.006713272538036108,24814.159434794266417157,33013.207930338081496302,8539.684838184524778626
904528.876389997196383774,23941.958951322179927956,33619.571379925102519337,8662.186606994268004200
904646.547208713833242655,23643.414152418314188253,33819.806130804798158351,8702.367101281784925959
904764.218027430470101535,23343.129523319010331761,34017.552208927438186947,8741.907173424542634166
905112.087704155128449202,22445.439023176026239526,34587.454443565082328860,8855.026202413651844836
905674.952664750977419317,20962.627642820407345425,35462.309328369308786932,9025.963893991012810147
906428.213009514380246401,18923.470430762325122487,36539.437576769363658968,9230.899166339126168168
907338.947646835003979504,16382.408407308910682332,37694.353460924212413374,9441.457891805030158139
908367.353102872148156166,13426.832849603895738255,38798.558595514368789736,9629.158476826085461653
909468.483124360209330916,10179.057739381496503484,39739.032336255979316775,9770.125938134899115539
910594.213045552140101790,6791.105055876825645100,40435.850066824794339482,9849.172132768338997266
911695.343067040201276541,3432.788264551018073689,40854.068240724249335472,9862.330911900795399561
912723.748523077345453203,275.867224969719245564,41006.991081091524392832,9817.229684043739325716
913634.483160397969186306,-2521.696957043553993572,40949.986883598794520367,9731.202554683264679625
914387.743505161372013390,-4827.673017614702985156,40766.399595590490207542,9627.610956928290761425
914950.608465757220983505,-6541.661866654823825229,40548.901763065434352029,9531.224468255362808122
915298.478142481879331172,-7595.638828605595335830,40380.301764013776846696,9463.614955711882430478
915416.148961198516190052,-7951.085878654797852505,40317.383934016404964495,9439.364587003035921953
915533.819779915153048933,-8305.947488994985178579,40251.497528855346899945,9414.419144780351416557
915881.689456639811396599,-9351.347244583717838395,40039.405337459531438071,9336.626204698730361997
916444.554417235660366714,-11029.802133650235191453,39641.727343316313636024,9198.051652687985551893
917197.814761999063193798,-13246.446959086410060991,39005.179044503376644570,8988.402095305651528179
918108.549399319686926901,-15872.514998434759036172,38078.614844649688166101,8698.773150964791057049
919136.954855356831103563,-18753.148315061531320680,36830.706825245761137921,8325.676957718946141540
920238.084876844892278314,-21720.179557070783630479,35265.177034451284271199,7874.355698119301450788
921363.814798036823049188,-24608.610154942325607408,33429.751329739236098249,7360.497337433427674114
922464.944819524884223938,-27273.635431012786284555,31416.418857705437403638,6809.857075492769581615
923493.350275562028400600,-29604.166448562122241128,29352.851323944174509961,6255.854447219438952743
924404.084912882652133703,-31529.408205852560058702,27387.162996303879481275,5735.756920820020241081
925157.345257646054960787,-33017.004917495600238908,25669.669584947296243627,5286.363765905995023786
925720.210218241903930902,-34063.769029766968742479,24335.415955255397420842,4940.065848716452819644
926068.079894966562278569,-34682.102345514758781064,23490.144534041763108689,4721.840137023164061247
926185.750713683199137449,-34886.224959645951457787,23200.770772678202774841,4647.327494466304415255
926303.421532399835996330,-35087.776945880097628105,22909.687438346103590447,4572.472383280610301881
926651.291209124494343996,-35668.448340757699043024,22039.369304216124874074,4349.229212291165822535
927214.156169720343314111,-36559.186034761318296660,20601.351923195303243119,3982.144926505721741705
927967.416514483746141195,-37654.542648686045140494,18623.004571076140564401,3480.496524078864240437
928878.151151804369874299,-38826.791779396073252428,16156.553826948285859544,2860.084595972299212008
929906.556607841514050961,-39944.277910604090720881,13286.289550717578094918,2144.482383604254209786
931007.686629329575225711,-40891.483130136453837622,10130.605420894578855950,1365.004552024043732672
932133.416550521505996585,-41587.125781655726314057,6837.024589262560766656,559.048583907633656054
933234.546572009567171335,-41996.318109950698271859,3570.660508788780134637,-232.980675573833650560
934262.952028046711347997,-42133.828876656225475017,498.799540167332452256,-971.444064009841895313
935173.686665367335081100,-42057.619647537452692632,-2224.472194655209023040,-1620.978746709786719293
935926.947010130737908185,-41854.270668211254815105,-4469.968631975694734138,-2152.920024497341728420
936489.811970726586878300,-41619.754947438697854523,-6139.448437221690255683,-2546.249692796869567246
936837.681647451245225966,-41439.689468764678167645,-7166.245062120600778144,-2787.235406308574965806
936955.352466167882084846,-41372.731160106231982354,-7512.558477237231272738,-2868.352772810461829067
937073.023284884518943727,-41302.722829995480424259,-7858.318062225931498688,-2949.258666971372804255
937420.892961609177291393,-41077.971909968684485648,-8877.000596482881519478,-3187.146128036920345039
937983.757922205026261508,-40658.332806259430071805,-10512.865204577909025829,-3567.640308564203223796
938737.018266968429088593,-39989.597237492482236121,-12673.855184429899964016,-4067.314039191371193738
939647.752904289052821696,-39019.979751963670423720,-15234.897566962630662601,-4654.904027067264905781
940676.158360326196998358,-37718.255950810889771674,-18045.411871078998956364,-5293.576895524887731881
941777.288381814258173108,-36089.347617799918225501,-20941.675325143725785892,-5944.291037857672563405
942903.018303006188943982,-34183.419810424129536841,-23762.821723969296726864,-6569.859837774327388615
944004.148324494250118732,-32096.026712505648902152,-26367.417214769513520878,-7138.921151230717441649
945032.553780531394295394,-29959.187001307065656874,-28646.668208511189732235,-7628.866155750258258195
945943.288417852018028498,-27925.659887217487266753,-30530.900694554315123241,-8026.982315224269768805
946696.548762615420855582,-26150.197755227367451880,-31987.844678302870306652,-8329.557429030677667470
947259.413723211269825697,-24771.646199781018367503,-33013.697175059111032169,-8539.277899902919671149
947607.283399935928173363,-23898.615756704042723868,-33619.977606461958202999,-8661.712836484099170775
947724.954218652565032244,-23599.790392951144895051,-33820.175729159840557259,-8701.868602752767401398
947842.625037369201891124,-23299.225410114777332637,-34017.880854194860148709,-8741.382877631485825987
948190.494714093860238791,-22400.708044732724374626,-34587.636723825118679088,-8854.419413076970158727
948753.359674689709208906,-20916.568874635537213180,-35462.174853043041366618,-9025.204080077610342414
949506.620019453112035990,-18875.666614918773120735,-36538.725810710682708304,-9229.897479323577499599
950417.354656773735769093,-16332.568401242409890983,-37692.713938518769282382,-9440.109077684604926617
951445.760112810879945755,-13374.829103722040599678,-38795.580993645235139411,-9627.349948817538461299
952546.890134298941120505,-10124.945294990007823799,-39734.302961930043238681,-9767.752687020833036513
953672.620055490871891379,-6735.110561131303256843,-40429.022218768361199182,-9846.153986901184907765
954773.750076978933066130,-3375.266145660345500801,-40844.927915249827492516,-9858.627473654889399768
955802.155533016077242792,-217.231908884634322021,-40995.500402529454731848,-9812.848876268684762181
956712.890170336700975895,2581.044819533090048935,-40936.295739695859083440,-9726.200995067798430682
957466.150515100103802979,4887.406507733474427368,-40750.827319324911513831,-9622.087240945629673661
958029.015475695952773094,6601.559714739407354500,-40531.899593700851255562,-9525.308468615950914682
958376.885152420611120760,7655.584583313400798943,-40362.409397846982756164,-9457.456597982463790686
958494.555971137247979641,8011.038507081066200044,-40299.189749837059935089,-9433.124369869949077838
958612.226789853884838521,8365.902264425261819270,-40233.001294453999435063,-9408.097159764432944939
958960.096466578543186188,9411.280693459055328276,-40020.015505636714806315,-9330.063202349056155072
959522.961427174392156303,11089.613464534944796469,-39620.893559110023488756,-9191.101919162256308482
960276.221771937794983387,13305.926186575285100844,-38982.428989162341167685,-8980.944149635202848003
961186.956409258418716490,15931.338753862968587782,-38053.597690438524296042,-8690.721165051852949546
962215.361865295562893152,18810.908614196545386221,-36803.234250068337132689,-8316.990474672458731220
963316.491886783624067903,21776.442444302803778555,-35235.247998855680634733,-7865.044299503724687384
964442.221807975554838777,24662.991366398251557257,-33397.548212013811280485,-7350.617542826041244552
965543.351829463616013527,27325.873504387876891997,-31382.270723018467833754,-6799.500981516141109751
966571.757285500760190189,29654.174131794563436415,-29317.171746940955927130,-6245.132498425367884920
967482.491922821383923292,31577.291057330287003424,-27350.379224477008392569,-5724.779324952449314878
968235.752267584786750376,33063.047712418912851717,-25632.162346314311434980,-5275.225393990922384546
968798.617228180635720491,34108.400092227115237620,-24297.484322321273793932,-4928.838005375053398893
969146.486904905294068158,34725.849137678473198321,-23452.001252638779988047,-4710.570256269007586525
969264.157723621930927038,34929.671029943936446216,-23162.564730030389910098,-4636.045695583738051937
969381.828542338567785919,35130.921605050061771180,-22871.423115455916558858,-4561.179831084731631563
969729.698219063226133585,35710.698632756677397992,-22000.958966651371156331,-4337.911684187531136558
970292.563179659075103700,36599.982792334129044320,-20562.788765217548643705,-3970.808528808114715503
971045.823524422477930784,37693.394458368849882390,-18584.398282018861209508,-3469.176263397728689597
971956.558161743101663888,38863.318181423899659421,-16118.139843934586679097,-2848.846005582885481999
972984.963617780245840549,39978.252976439391204622,-13248.406315640917455312,-2133.414965224155821488
974086.093639268307015300,40922.865150070712843444,-10093.641692779397999402,-1354.207862000615932629
975211.823560460237786174,41616.059640329294779804,-6801.348306867665087339,-548.614136029669680283
976312.953581948298960924,42023.104844145207607653,-3536.547561183011566754,242.986974994948468520
977341.359037985443137586,42158.868637048050004523,-466.381021541914378759,980.994412539357654168
978252.093675306066870689,42081.344012913170445245,2255.232807865926588420,1630.088286263699046685
979005.354020069469697773,41877.083245581125083845,4499.267878505030239467,2161.644186855124644353
979568.218980665318667889,41641.994731541599321645,6167.613507448324526194,2554.676388631638474180
979916.088657389977015555,41461.622726369059819262,7193.694775164687598590,2795.475104407005346729
980033.759476106613874435,41394.569028951103973668,7539.764118344384769443,2876.528769508358891471
980151.430294823250733316,41324.469524825042753946,7885.278686723533610348,2957.370764297729692771
980499.299971547909080982,41099.473810661402239930,8903.232024963806907181,3195.068327067483551218
981062.164932143758051097,40679.517315184515609872,10537.905153810839692596,3575.253022559050805285
981815.425276907160878181,40010.509570092246576678,12697.289916092391649727,4074.511147769697345211
982726.159914227784611285,39040.794739831522747409,15256.399060856412688736,4661.602238840952850296
983754.565370264928787947,37739.259023450598760974,18064.777657225589791778,5299.725418516032732441
984855.695391752989962697,36110.886470640361949336,20958.857668459277192596,5949.878329464763737633
985981.425312944920733571,34205.837494004801556002,23777.933226862784067634,6574.914430860959328129
987082.555334432981908321,32119.593738990188285243,26380.706974910433928017,7143.505365173861719086
988110.960790470126084983,29984.050462968931242358,28658.473483148824016098,7633.064106795069164946
989021.695427790749818087,27951.820732912332459819,30541.588146392117778305,8030.885718284936956479
989774.955772554152645171,26177.516745886117860209,31997.758235260705987457,8333.253221356373614981
990337.820733150001615286,24799.870151840434118640,33023.125602245192567352,8542.840647244656793191
990685.690409874659962952,23927.412386979260190856,33629.147036317597667221,8665.202983378263525083
990803.361228591296821833,23628.782668696534528863,33829.264691265161673073,8705.335869282489511534
990921.032047307933680713,23328.414196727149828803,34026.892977196468564216,8744.828114504000041052
991268.901724032592028379,22430.482186994799121749,34596.442995539146068040,8857.804509046609382494
991831.766684628440998495,20947.300471040703996550,35470.715834372887911741,9028.507667832082006498
992585.027029391843825579,18907.688123979889496695,36547.043175919192435686,9233.122441129764411016
993495.761666712467558682,16366.139467568420513999,37700.960308510089816991,9443.284799952647517784
994524.167122749611735344,13410.100678379931196105,38804.002854214260878507,9630.528212178969624802
995625.297144237672910094,10161.933850295194133651,39743.198019912211748306,9770.997698136494364007
996751.027065429603680968,6773.694733905889734160,40438.680895455858262721,9849.529001739638260915
997852.157086917664855719,3415.211161691047891509,40855.574837029424088541,9862.181781564408083796
998880.562542954809032381,258.236611635707959067,41007.251926725533849094,9816.608766349940196960
999791.297180275432765484,-2539.292222796655551065,40949.143035827473795507,9730.166653320635305136
1000544.557525038835592568,-4845.180419155112758745,40764.644639404759800527,9626.235191997000583797
1001107.422485634684562683,-6559.069117872692004312,40546.469281272999069188,9529.597393778245532303
1001455.292162359342910349,-7612.969509057416871656,40377.452517963516584132,9461.833905494922873913
1001572.962981075979769230,-7968.388131224499375094,40314.394113233931420837,9437.531706982123068883
1001690.633799792616628110,-8323.220039597195864189,40248.367352892099006567,9412.534569782821563422
1002038.503476517274975777,-9368.524557998818636406,40035.861613867025880609,9334.589629299682201236
1002601.368437113123945892,-11046.801965155122161377,39637.519420117292611394,9195.771951232081846683
1003354.628781876526772976,-13263.164519828227639664,39000.093514339219836984,8985.803103287680642097
1004265.363419197150506079,-15888.824004626316309441,38072.488937584836094175,8695.798670758003936498
1005293.768875234294682741,-18768.909608038557053078,36823.438787215542106424,8322.294318676669718116
1006394.898896722355857491,-21735.256224003103852738,35256.731519344415573869,7870.557171121914507239
1007520.628817914286628366,-24622.886437578541517723,33420.158320936527161393,7356.298955498938084929
1008621.758839402347803116,-27287.035681873974681366,31405.765868251364736352,6805.294918822333784192
1009650.164295439491979778,-29616.670347065148234833,29341.270223603736667428,6250.979055709880412905
1010560.898932760115712881,-31541.059396276665211190,27374.814181001078395639,5730.626973677170099108
1011314.159277523518539965,-33027.911809931923926342,25656.726806934144406114,5281.040330674242795794
1011877.024238119367510080,-34074.098122352217615116,24322.054745832610933576,4934.608290228270561784
1012224.893914844025857747,-34692.065563694523007143,23476.535934190418629441,4716.304271547565804212
1012342.564733560662716627,-34896.062951728883490432,23187.080465317856578622,4641.765945126511724084
1012460.235552277299575508,-35097.488986479649611283,22895.916431950092373881,4566.885559853084487258
1012808.105229001957923174,-35677.783879398899443913,22025.365682425595878158,4343.570085467223179876
1013370.970189597806893289,-36567.899745657639869023,20586.991080249346850906,3976.376548186095533310
1014124.230534361209720373,-37662.401379178809293080,18608.203643976397870574,3474.597183604875681340
1015034.965171681833453476,-38833.585325376661785413,16141.280589393027184997,2854.050732271431115805
1016063.370627718977630138,-39949.832820950607128907,13270.564088840656040702,2138.328652782516655861
1017164.500649207038804889,-40895.677312834253825713,10114.493892633043287788,1358.760878184961256920
1018290.230570398969575763,-41589.900900655025907326,6820.625816383086203132,552.754598700126734911
1019391.360591887030750513,-41997.686972793955646921,3554.087722045056580100,-239.282815468346598209
1020419.766047924174927175,-42133.876177576959889848,482.160775919131992850,-977.717096192145618261
1021330.500685244798660278,-42056.496123133467335720,-2241.091204422838927712,-1627.196513377444716753
1022083.761030008201487362,-41852.182276624960650224,-4486.515858386956097092,-2159.071326784172924818
1022646.625990604050457478,-41616.949522223796520848,-6155.909382631383778062,-2552.339188461972298683
1022994.495667328708805144,-41436.443179371075530071,-7182.638790417775453534,-2793.281560429919409216
1023112.166486045345664024,-41369.336202371814579237,-7528.927075598934607115,-2874.383382946160054416
1023229.837304761982522905,-41299.179454039731353987,-7874.660323922136740293,-2955.273288498190595419
1023577.706981486640870571,-41073.991334331636608113,-8893.257961422750668135,-3193.110893892846434028
1024140.571942082489840686,-40653.650378338010341395,-10528.963045100295857992,-3573.516281016194625408
1024893.832286845892667770,-39983.988107162011147011,-12689.697113253721909132,-4073.055704529886497767
1025804.566924166516400874,-39013.273062208150804508,-15250.366268935227708425,-4660.460188688268317492
1026832.972380203660577536,-37710.345728395921469200,-18060.377127504521922674,-5298.894143211213304312
1027934.102401691721752286,-36080.198283914891362656,-20956.008241130584792700,-5949.319335251138909371
1029059.832322883652523160,-34173.064773610276461113,-23776.412609050596074667,-6574.559204406594290049
1030160.962344371713697910,-32084.559830839229107369,-26380.193583263629989233,-7143.268098529451890499
1031189.367800408857874572,-29946.748397984025359619,-28658.609304229343251791,-7632.858582388633294613
1032100.102437729481607676,-27912.419041572553396691,-30542.045828156718926039,-8030.641959426016910584
1032853.362782492884434760,-26136.337406384242058266,-31998.294154069932119455,-8332.929560644575758488
1033416.227743088733404875,-24757.350166059513867367,-33023.606114291200356092,-8542.428495090711294324
1033764.097419813391752541,-23884.062466435549140442,-33629.544063869012461510,-8664.723834343860289664
1033881.768238530028611422,-23585.152197042196348775,-33829.624932726808765437,-8704.831936785218204022
1033999.439057246665470302,-23284.503387775221199263,-34027.212107646941149142,-8744.298329449602533714
1034347.308733971323817968,-22385.744577197307080496,-34596.615294424082094338,-8857.192068009166177944
1034910.173694567172788084,-20901.235225635529786814,-35470.570626164051645901,-9027.741943396622446016
1035663.434039330575615168,-18859.878133141384751070,-36546.319684885638707783,-9232.114507402055096463
1036574.168676651199348271,-16316.293795681507617701,-37699.307897339771443512,-9441.929353036912289099
1037602.574132688343524933,-13358.092023539305955637,-38801.011118835034721997,-9628.712649587187115685
1038703.704154176404699683,-10107.817507225037843455,-39738.453289792138093617,-9768.617031485535335378
1039829.434075368335470557,-6717.697566132010251749,-40431.836590328450256493,-9846.503112906293608830
1040930.564096856396645308,-3357.687731581689149607,-40846.417149677137786057,-9858.470348908153027878
1041958.969552893540821970,-199.601375726000696886,-40995.743215128830343019,-9812.219796497602146701
1042869.704190214164555073,2598.638698260350793134,-40935.433417095387994777,-9725.156840566423852579
1043622.964534977567382157,4904.911403027414053213,-40749.053637202181562316,-9620.703189700720031396
1044185.829495573416352272,6618.963608206300705206,-40529.448267894615128171,-9523.673108374694493250
1044533.699172298074699938,7672.911375698684423696,-40359.541265047439082991,-9455.667273234919775859
1044651.369991014711558819,8028.336691759577661287,-40296.181033113149169367,-9431.283221003404833027
1044769.040809731464833021,8383.170567167042463552,-40229.852216023595246952,-9406.204322557774503366
1045116.910486456123180687,9428.453226552395790350,-40016.452875902985397261,-9328.018389914295767085
1045679.775447051972150803,11106.607655414431064855,-39616.666773265802476089,-9188.814038909151349799
1046433.035791815491393209,13322.636965476958721410,-38977.324750000720086973,-8978.337090195733253495
1047343.770429135998710990,15947.639629568024247419,-38047.453403798041108530,-8687.738801861758474843
1048372.175885173259302974,18826.660319193317263853,-36795.948387556818488520,-8313.600223379786257283
1049473.305906661320477724,21791.508070766045420896,-35226.785456982550385874,-7861.238518297317568795
1050599.035827853251248598,24677.255271735652058851,-33387.939190608558419626,-7346.412338031101171509
1051700.165849341312423348,27339.260244677825539839,-31371.602884004933002871,-6794.932478665485177771
1052728.571305378340184689,29666.663638978316157591,-29305.577012163696053904,-6240.251245890389327542
1053639.305942699080333114,31588.927233371003239881,-27338.017934802097443026,-5719.643971245381180779
1054392.566287462366744876,33073.939193080230324995,-25619.208099220988515299,-5269.896940798143987195
1054955.431248058332130313,34118.713548232852190267,-24284.112415146191779058,-4923.375724348117728368
1055303.300924783106893301,34735.796611740304797422,-23438.382438072112563532,-4705.029852185742129222
1055420.971743499627336860,34939.493247001249983441,-23148.864372190197173040,-4630.479670001072008745
1055538.642562215914949775,35140.617842489322356414,-22857.642223178518179338,-4555.588593829475939856
1055886.512238940689712763,35720.018301314143172931,-21986.945947233696642797,-4332.248328194540590630
1056449.377199536655098200,36608.680576472943357658,-20548.419317563173535746,-3965.036219767114744172
1057202.637544299941509962,37701.237285887291363906,-18569.589809685123327654,-3463.273388414463624940
1058113.372181620448827744,38870.096003735838166904,-16102.860324566361668985,-2842.809076495288536535
1059141.777637657709419727,39983.792558198263577651,-13232.675952429992321413,-2127.258677911764607416
1060242.907659145770594478,40927.044641844862780999,-10077.526657332775357645,-1347.962142276397571550
1061368.637580337701365352,41618.820931259942881297,-6784.947330796268943232,-542.318580077315345989
1062469.767601825762540102,42024.460905980718962383,-3519.973699790534737986,249.290275760640724911
1063498.173057862790301442,42158.904235825677460525,-449.742084008750680368,987.268278444365932955
1064408.907695183530449867,42080.209851398984028492,2271.851329159813758451,1636.306645830807610764
1065162.168039946816861629,41874.985149258667661343,4515.814172596561547834,2167.795919452042653575
1065725.033000542782247066,41639.180321687752439175,6184.073252548354503233,2560.766215409099459066
1066072.902677267557010055,41458.367904999562597368,7210.087165313663717825,2801.521538000733926310
1066190.573495984077453613,41391.165693432303669397,7556.131336787140753586,2882.559643331571351155
1066308.244314700597897172,41320.917925744121021125,7901.619529194322240073,2963.385634579002726241
1066656.113991425372660160,41095.485471416068321560,8919.487868938718747813,3201.033302521105724736
1067218.978952021338045597,40674.827872069821751211,10554.001354737330984790,3581.129157045861575170
1067972.239296784624457359,40004.894428235282248352,12713.130135478575539310,4080.252941900404039188
1068882.973934105131775141,39034.083239981708175037,15271.866103800137352664,4667.158534789463374182
1069911.379390142392367125,37731.345308019583171699,18079.741484457750630099,5305.042864873545113369
1071012.509411630453541875,36101.734977208812779281,20973.189594596748065669,5954.906958683865013882
1072138.239332822384312749,34195.481546991308277939,23791.523761522148561198,6579.614328000699970289
1073239.369354310445487499,32108.127028933529800270,26393.483783755575132091,7147.853090946102383896
1074267.774810347473248839,29971.612894582365697715,28670.415883505840611178,7637.057583760941270157
1075178.509447668213397264,27938.581554663171118591,30552.735433174420904834,8034.546679610624778434
1075931.769792431499809027,26163.658487229411548469,32008.210612277624022681,8336.626904955372083350
1076494.634753027465194464,24785.576462509845441673,33033.038022624452423770,8545.992976139188613161
1076842.504429752239957452,23912.861571231660491321,33638.717340083916496951,8668.215829203958492144
1076960.175248468760401011,23614.146986613552144263,33838.717865672435436863,8708.301090191065668478
1077077.846067185280844569,23313.694725127927085850,34036.228326384101819713,8747.745492217718492611
1077425.715743910055607557,22415.521365299857279751,34605.426033127245318610,8860.579205741762052639
1077988.580704506020992994,20931.969577196090540383,35479.116679392878722865,9031.047761310363057419
1078741.841049269307404757,18891.902457478492578957,36554.642932728056621272,9235.341951013897414668
1079652.575686589814722538,16349.867619601114711259,37707.561118252699088771,9445.107856184598858817
1080680.981142627075314522,13393.366124152242264245,38809.440885997501027305,9631.894017834571059211
1081782.111164115136489272,10144.808155345766863320,39747.357313519001763780,9771.865469567715990706
1082907.841085307067260146,6756.283208142071089242,40441.505209386938076932,9849.881848519877166837
1084008.971106795128434896,3397.633451885580143426,40857.074839199784037191,9862.028622418196391664
1085037.376562832156196237,240.605952444522699807,41007.506142447826277930,9815.983837106459759525
1085948.111200152896344662,-2556.887037198022881057,40948.292557629763905425,9729.126774530470356694
1086701.371544916182756424,-4862.686959479899087455,40762.883074481746007223,9624.855491095300749294
1087264.236505512148141861,-6576.475203244910517242,40544.030219943037081975,9527.966422048941240064
1087612.106182236922904849,-7630.298836336434760597,40374.596715972882520873,9460.048985255087245605
1087729.777000953443348408,-7985.688967440939450171,40311.397745448346540798,9435.694966714048860013
1087847.447819669963791966,-8340.491110770461091306,40245.230639345019881148,9410.646144598349565058
1088195.317496394738554955,-9385.700206156318017747,40032.311383351458061952,9332.549235111078814953
1088758.182456990703940392,-11063.799833053220936563,39633.305048479938704986,9193.488486985070267110
1089511.442801753990352154,-13279.879722950478026178,38995.001630996128369588,8983.200433318828800111
1090422.177439074497669935,-15905.130186389629670884,38066.356818070409644861,8692.820629987958454876
1091450.582895111758261919,-18784.667564564813801553,36816.164728517418552656,8318.908270420366534381
1092551.712916599819436669,-21750.329027132560440805,35248.280226540526200552,7866.755418240418293863
1093677.442837791750207543,-24637.158342916016408708,33410.559821280425239820,7352.097556645841905265
1094778.572859279811382294,-27300.431081631650158670,31395.107704396134067792,6800.729969318816074519
1095806.978315316839143634,-29629.168979985137411859,29329.684274553095747251,6246.101096951728322892
1096717.712952637579292059,-31552.704978782181569841,27362.460828329210926313,5725.494671150901922374
1097470.973297400865703821,-33038.812830001545080449,25643.779764218961645383,5275.714723185496040969
1098033.838257996831089258,-34084.421156432908901479,24308.689483895672310609,4929.148700645286226063
1098381.707934721605852246,-34702.022613410801568534,23462.923416413141239900,4710.766463945945361047
1098499.378753438126295805,-34905.894739049217605498,23173.386286133209068794,4636.202484041312345653
1098617.049572154646739364,-35107.194786473490239587,22882.141600117793132085,4561.296855202852384537
1098964.919248879421502352,-35687.113074158631206956,22011.358373967705119867,4337.909168453164966195
1099527.784209475386887789,-36576.606954273149312939,20572.626780157683242578,3970.606529393675373285
1100281.044554238673299551,-37670.253412587881030049,18593.399575989467848558,3468.696407300396458595
1101191.779191559180617332,-38840.371965716905833688,16126.004605851841915864,2848.015685904281781404
1102220.184647596441209316,-39955.380626938618661370,13254.836341453490604181,2132.174031393113182276
1103321.314669084502384067,-40899.864222490075917449,10098.380586154533375520,1352.516632054908768623
1104447.044590276433154941,-41592.668622646793664899,6804.225795723272312898,546.460370410675750463
1105548.174611764494329691,-41999.048365508286224212,3537.514214541537512559,-245.584874825110091479
1106576.580067801522091031,-42133.915983808641612995,465.521787430865515489,-983.989746010885937721
1107487.314705122262239456,-42055.365117514338635374,-2257.709997559191833716,-1633.413632131205304177
1108240.575049885548651218,-41850.086439844286360312,-4503.062504148336302023,-2165.221763622039361508
1108803.440010481514036655,-41614.136693515181832481,-6172.369476489948283415,-2558.427657803544207127
1109151.309687206288799644,-41433.189518461884290446,-7199.031500408651481848,-2799.326589646074353368
1109268.980505922809243202,-41365.933885012993414421,-7545.294599389882932883,-2880.412834992132047773
1109386.651324639329686761,-41295.628730893142346758,-7891.001454858800570946,-2961.286718835204737843
1109734.521001364104449749,-41070.003451399046753068,-8909.514029996229510289,-3199.074371229007738293
1110297.385961960069835186,-40648.960717593792651314,-10545.059323129004042130,-3579.390809247352081002
1111050.646306723356246948,-39978.371862731881265063,-12705.537127629613678437,-4078.795721149619566859
1111961.380944043863564730,-39006.559430651373986620,-15265.832638715153734665,-4666.014461021020906628
1112989.786400081124156713,-37702.428795603111211676,-18075.339592567404906731,-5304.209240034770118655
1114090.916421569185331464,-36071.042529237463895697,-20970.337891586816112977,-5954.345215171657400788
1115216.646342761116102338,-34162.703654791235749144,-23789.999765579348604660,-6579.255897135555642308
1116317.776364249177277088,-32073.087238212123338599,-26392.965794679468672257,-7147.612138516817140044
1117346.181820286205038428,-29934.304463489919726271,-28670.545866629800002556,-7636.847900662187385024
1118256.916457606945186853,-27899.173226158141915221,-30553.186116621589462738,-8034.298331774620237411
1119010.176802370231598616,-26122.472403279512946028,-32008.738542821018199902,-8336.298296079587089480
1119573.041762966196984053,-24743.049723111100320239,-33033.509795746525924187,-8545.575607869157465757
1119920.911439690971747041,-23869.504922121770505328,-33639.105162390267651062,-8667.731299428351121605
1120038.582258407492190599,-23570.509800203617487568,-33839.068743984207685571,-8707.791721518640770228
1120156.253077124012634158,-23269.777217933216888923,-34036.537935763706627768,-8747.210215706198141561
1120504.122753848787397146,-22370.777121881263155956,-34605.588344420881185215,-8859.961110844213180826
1121066.987714444752782583,-20885.897852674366731662,-35478.960732104831549805,-9030.276124269172214554
1121820.248059208039194345,-18844.086290188373823185,-36553.907710627296182793,-9234.327768617595211254
1122730.982696528546512127,-16300.016280973570246715,-37705.895812227034184616,-9443.745774683246054337
1123759.388152565807104111,-13341.352559929953713436,-38806.435011285000655334,-9630.071419044916183339
1124860.518174053868278861,-10090.687913740293879528,-39742.597222005591902416,-9769.477386099339128123
1125986.248095245799049735,-6700.283368015901942272,-40434.644442091339442413,-9846.848215787636945606
1127087.378116733860224485,-3340.108711632208724041,-40847.899785273584711831,-9858.309194736410063342
1128115.783572770887985826,-181.970798081027169246,-40995.979393554931448307,-9811.586704863229897455
1129026.518210091628134251,2616.232124069465498906,-40934.564460268091352191,-9724.108708622161429957
1129779.778554854914546013,4922.415435442460875493,-40747.273342849068285432,-9619.315202756779399351
1130342.643515450879931450,6636.366334113983612042,-40526.990359373703540768,-9522.033851362992209033
1130690.513192175654694438,7690.236813155694107991,-40356.666573302783945110,-9453.874079071038067923
1130808.184010892175137997,8045.633458321441139560,-40293.165766439422441181,-9429.438212537274011993
1130925.854829608695581555,8400.437388711834501009,-40226.696597120513615664,-9404.307635852916064323
1131273.724506333470344543,9445.624092638718138915,-40012.883736522191611584,-9325.969759500318104983
1131836.589466929435729980,11123.599880922811280470,-39612.433536622927931603,-9186.522396868176656426
1132589.849811692722141743,13339.345385009648452979,-38972.214155643036065158,-8975.726354062639074982
1133500.584449013229459524,15963.937679210903297644,-38041.302903095049259719,-8684.752879636211218894
1134528.989905050490051508,18842.408686347531329375,-36788.656503336293098982,-8310.206564749905737699
1135630.119926538551226258,21806.569832118453632575,-35218.317136671183106955,-7857.429513410048457445
1136755.849847730481997132,24691.514798902200709563,-33378.324678038967249449,-7342.204118719173493446
1137856.979869218543171883,27352.642133431734691840,-31360.929870497224328574,-6790.361185565439882339
1138885.385325255570933223,29679.147880723925482016,-29293.977428797421453055,-6235.367428776657106937
1139796.119962576311081648,31600.557802016141067725,-27325.652107810390589293,-5714.506264902965995134
1140549.380307339597493410,33084.824802225681196433,-25606.249587505844829138,-5264.566318136954578222
1141112.245267935562878847,34129.020946809316228610,-24270.736455547412333544,-4917.911415020784261287
1141460.114944660337641835,34745.737918542923580389,-23424.759705644821224269,-4699.487508773885565461
1141577.785763376858085394,34949.309260549132886808,-23135.160142584260029253,-4624.911735468858751119
1141695.456582093378528953,35150.307840625748212915,-22843.857505504995060619,-4549.995478144172011525
1142043.326258818153291941,35729.331627457861031871,-21972.929241154364717659,-4326.583184798737420351
1142606.191219414118677378,36617.371859990518714767,-20534.046412711984885391,-3959.262273007561816485
1143359.451564177405089140,37709.073418264735664707,-18554.778196226827276405,-3457.369080302794827730
1144270.186201497912406921,38876.866922644425358158,-16087.578058766222966369,-2836.770967338723494322
1145298.591657535172998905,39989.325038061004306655,-13216.943302880994451698,-2121.101502466039164574
1146399.721679023234173656,40931.216863264322455507,-10061.409842338434827980,-1341.715852481802357943
1147525.451600215164944530,41621.574828217264439445,-6768.545105088523996528,-536.022782983747674734
1148626.581621703226119280,42025.809501036528672557,-3503.399115204832924064,255.593494342616395443
1149654.987077740253880620,42158.932343099404533859,-433.102919191143882927,993.541760646248803823
1150565.721715060994029045,42079.068211736062949058,2288.469637420006620232,1642.524356423387871473
1151318.982059824280440807,41872.879610720461641904,4532.359890118219482247,2173.946785776386604994
1151881.847020420245826244,41636.358511062244360801,6200.532150482737051789,2566.855015209852354019
1152229.716697145020589232,41455.105714728146267589,7226.478541755095648114,2807.566846146224634140
1152347.387515861541032791,41387.755000856901460793,7572.497485328443872277,2888.589358558680032729
1152465.058334578294306993,41317.358981994002533611,7917.959245649377407972,2969.399313200590768247
1152812.928011303069069982,41091.489827278557640966,8935.742421517359616701,3206.996989093115189462
1153375.792971899034455419,40670.131198355018568691,10570.095998432698252145,3587.003847128571578651
1154129.053316662320867181,39999.272174147445184644,12728.968446137594582979,4085.993087347922482877
1155039.787953982828184962,39027.364799646216852125,15287.330820730167033616,4672.712941745156058460
1156068.193410020088776946,37723.424882618266565260,18094.702527001711132471,5310.358160944515475421
1157169.323431508149951696,36092.577062466669303831,20987.518262222620251123,5959.933171281916656881
1158295.053352700080722570,34185.119516420665604528,23805.110574955331685487,6584.311552356788524776
1159396.183374188141897321,32096.654605183306557592,26406.256442986639740411,7152.197910736640551477
1160424.588830225169658661,29959.169991269263846334,28682.353758229153754655,7641.047953766164937406
1161335.323467545909807086,27925.337402065772039350,30563.877882413777115289,8038.204370561614268809
1162088.583812309196218848,26149.795569045025331434,32018.657909854526224080,8339.997193880704799085
1162651.448772905161604285,24771.278358093950373586,33042.945192747960390989,8549.141824134718262940
1162999.318449629936367273,23898.306495220887882169,33648.282292398835124914,8671.225143756810211926
1163116.989268346456810832,23599.507097261513990816,33848.165655177181179170,8711.262763299286234542
1163234.660087062977254391,23298.971099562731978949,34045.558257610166037921,8750.659305865765418275
1163582.529763787752017379,22400.556548993823525961,34614.403557356541568879,8863.350291820248457952
1164145.394724383717402816,20916.634951977779564913,35487.511864217092806939,9033.584173784247468575
1164898.655069147003814578,18876.113421608482894953,36562.236847787258739118,9237.557695412664543255
1165809.389706467511132360,16333.592853422065672930,37714.155890226458723191,9446.927059960906262859
1166837.795162504771724343,13376.629176503767666873,38814.872690863070602063,9633.255893229978028103
1167938.925183992832899094,10127.680643758525548037,39751.510216073693300132,9772.729251988237592741
1169064.655105184763669968,6738.870467508932051715,40444.323007297331059817,9850.230672681214855402
1170165.785126672824844718,3380.055123771329817828,40858.568245577022025827,9861.871433995524057536
1171194.190582709852606058,222.975235783284006175,41007.753726088798430283,9815.354895810631205677
1172104.925220030592754483,-2574.481411959255638067,40947.435446198920544703,9728.082917755387825309
1172858.185564793879166245,-4880.192650377030076925,40761.114897532977920491,9623.471853643573922454
1173421.050525389844551682,-6593.880134561310114805,40541.584575457622122485,9526.331552513327551424
1173768.920202114619314671,-7647.626822218509914819,40371.734354186228301842,9458.260194431384661584
1173886.591020831139758229,-8002.988399080910312477,40308.394826729963824619,9433.854365636003421969
1174004.261839547660201788,-8357.760714291340264026,40242.087384212652978022,9408.753868662000968470
1174352.131516272434964776,-9402.874200839294644538,40028.754641685758542735,9330.505021554248742177
1174914.996476868400350213,-11080.795749101533147041,39629.084223813501012046,9191.201259357336311950
1175668.256821631686761975,-13296.592580124481173698,38989.903389405582856853,8980.594084812741130008
1176578.991458952194079757,-15921.433555271221848670,38060.218480410178017337,8689.839028039195909514
1177607.396914989454671741,-18800.422195791943522636,36808.884642880533647258,8315.518812415835782303
1178708.526936477515846491,-21765.397976999847742263,35239.823149064679455478,7862.950438940146341338
1179834.256857669446617365,-24651.425880932925792877,33400.955823214848351199,7347.893140282661988749
1180935.386879157507792115,-27313.821639798326941673,31384.444357926149677951,6796.162226353020741954
1181963.792335194535553455,-29641.662356592460128013,29318.093468170736741740,6241.220570258510633721
1182874.526972515275701880,-31564.344962177543493453,27350.102929117281746585,5720.360012536117210402
1183627.787317278562113643,-33049.707985950379224960,25630.828447353218507487,5270.386942746297791018
1184190.652277874527499080,-34094.738139912231417838,24295.320159821894776542,4923.687079265660941019
1184538.521954599302262068,-34711.973502352579089347,23449.306970976416778285,4705.226713519024997368
1184656.192773315822705626,-34915.720329223528096918,23159.688225354890164454,4630.637110512418075814
1184773.863592032343149185,-35116.894353404619323555,22868.362933046541002113,4555.706268630752674653
1185121.733268757117912173,-35696.435932365689950529,21997.347368954106059391,4332.246460553787983372
1185684.598229353083297610,-36585.307667556662636343,20558.259012909962621052,3964.834869436750523164
1186437.858574116369709373,-37678.098755295832233969,18578.592356901972380001,3462.794194493739269092
1187348.593211436877027154,-38847.151706269454734866,16110.725865988417353947,2841.979456215927712037
1188376.998667474137619138,-39960.921333578859048430,13239.106298108010378201,2126.018518820701501681
1189478.128688962198793888,-40904.043863532111572567,10082.265490888043132145,1346.271813058590851142
1190603.858610154129564762,-41595.428951594025420491,6787.824516745640721638,540.165898487268350436
1191704.988631642190739512,-42000.402291717917250935,3520.939975874855008442,-251.886854152829982922
1192733.394087679218500853,-42133.948298331415571738,448.882564450039353687,-990.262013937515803264
1193644.128724999958649278,-42054.226633034362748731,-2274.328584145398053806,-1639.630103401543237851
1194397.389069763245061040,-41847.983159879637241829,-4519.608579154701146763,-2171.371335416735746549
1194960.254030359210446477,-41611.316462869472161401,-6188.828728491083893459,-2564.515101201768629835
1195308.123707083985209465,-41429.928487400356971193,-7215.423201678895566147,-2805.370494322787635610
1195425.794525800505653024,-41362.524209330273151863,-7561.661058157093066256,-2886.441129308188465075
1195543.465344517026096582,-41292.070661795682099182,-7907.341464552904653829,-2967.298958337045405642
1195891.335021241800859571,-41066.008262269555416424,-8925.768811617854225915,-3205.036560385133270756
1196454.199981837766245008,-40644.263824946137901861,-10561.154047871816146653,-3585.263893575285692350
1197207.460326601052656770,-39972.748504905852314550,-12721.375236478510487359,-4084.534089314629454748
1198118.194963921559974551,-38999.838857595699664671,-15281.296684867578733247,-4671.566844314214904443
1199146.600419958820566535,-37694.505152106175955851,-18090.299274331766355317,-5309.522186237731148140
1200247.730441446881741285,-36061.880352800602850039,-20984.664283960002649110,-5959.368677836720962659
1201373.460362638812512159,-34152.336452597643074114,-23803.583200505810964387,-6583.949916147970725433
1202474.590384126873686910,-32061.608932895476755220,-26405.733855309772479814,-7151.953271377244163887
1203502.995840163901448250,-29921.855195864925917704,-28682.477901614147413056,-7640.834110719961245195
1204413.730477484641596675,-27885.922438928748306353,-30564.321565330836165231,-8037.951432433323134319
1205166.990822247928008437,-26108.602743897477921564,-32019.177849610212433618,-8339.663635485218037502
1205729.855782843893393874,-24728.744868856745597441,-33043.408224283593881410,-8548.719238394283820526
1206077.725459568668156862,-23854.943121663185593206,-33648.660906746859836858,-8670.735231895576362149
1206195.396278285188600421,-23555.863200328669336159,-33848.507167602998379152,-8710.747957113688244135
1206313.067097001709043980,-23255.046898469685402233,-34045.858343166641134303,-8750.118536565214526490
1206660.936773726483806968,-22355.805676632917311508,-34614.555878260514873546,-8862.726541754318532185
1207223.801734322449192405,-20870.556753561257210094,-35487.345174976966518443,-9032.806622885394972400
1207977.062079085735604167,-18828.291083841009822208,-36561.489891768775123637,-9236.537263188854922191
1208887.796716406242921948,-16283.735854942708101589,-37712.477686608552176040,-9445.558342867525425390
1209916.202172443503513932,-13324.610710863380518276,-38811.852674389599997085,-9631.426257487148177461
1211017.332193931564688683,-10073.556512542425480206,-39746.734761073596018832,-9770.333751177526210085
1212143.062115123495459557,-6682.867964793353166897,-40437.445776244967419188,-9847.189295921731172712
1213244.192136611556634307,-3322.529083859531965572,-40849.375824164708319586,-9858.144011567763300263
1214272.597592648584395647,-164.340173995478835423,-40996.208939843279949855,-9810.949601863112548017
1215183.332229969324544072,2633.825098892317328136,-40933.688871001410007011,-9723.056599772369736456
1215936.592574732610955834,4939.918606860206637066,-40745.486437919367745053,-9617.923280672470355057
1216499.457535328576341271,6653.767894269542011898,-40524.525869585391774308,-9520.390698201439590775
1216847.327212053351104259,7707.560897494309756439,-40353.785323973330378067,-9452.077016138306134962
1216964.998030769871547818,8062.928808578632015269,-40290.143951149824715685,-9427.589345129012144753
1217082.668849486391991377,8417.702730864861223381,-40223.534439054601534735,-9402.407100316728246980
1217430.538526211166754365,9462.793293475748214405,-40009.308088742713152897,-9323.917311800827519619
1217993.403486807132139802,11140.590142828987154644,-39608.193850117786496412,-9184.226993781931014382
1218746.663831570418551564,13356.051446947843942326,-38967.097206858969002496,-8973.111942035329775536
1219657.398468890925869346,15980.232904560507449787,-38035.146188940903812181,-8681.763399262630628073
1220685.803924928186461329,18858.153717238099488895,-36781.358597675389319193,-8306.809499771285118186
1221786.933946416247636080,21821.627730100990447681,-35209.843038136190443765,-7853.617285889524282538
1222912.663867608178406954,24705.769949420930061024,-33368.704674128493934404,-7337.992886076632203185
1224013.793889096239581704,27366.019172155873093288,-31350.251682184687524568,-6785.787103492717506015
1225042.199345133267343044,29691.626858427764091175,-29282.372996406680613291,-6230.481048514086069190
1225952.933982454007491469,31612.182764704914006870,-27313.281743124178319704,-5709.366207432884039008
1226706.194327217293903232,33095.704541181788954418,-25593.286810727840929758,-5259.233527579761357629
1227269.059287813259288669,34139.322289345429453533,-24257.356443037329881918,-4912.445079012259157025
1227616.928964538034051657,34755.673059518558147829,-23411.133054864643781912,-4693.943227675228627049
1227734.599783254554495215,34959.119072025867353659,-23121.452040716823830735,-4619.341893638842520886
1227852.270601971074938774,35159.991600903791550081,-22830.068961952863901388,-4544.400485690634013736
1228200.140278695849701762,35738.638612636008474510,-21958.908847929029434454,-4320.916255684287534677
1228763.005239291815087199,36626.056644416989001911,-20519.670050173117488157,-3953.486690259489478194
1229516.265584055101498961,37716.902857060187670868,-18539.963441195948689710,-3451.463340836528004729
1230427.000221375608816743,38883.630940010414633434,-16072.293046123399108183,-2830.731679948463352048
1231455.405677412869408727,39994.850418056004855316,-13201.208366663246124517,-2114.943440793964327895
1232556.535698900930583477,40935.381816741653892677,-10045.291247575594752561,-1335.468994577831836068
1233682.265620092861354351,41624.321333733962092083,-6752.141629598154395353,-529.726746765381903970
1234783.395641580922529101,42027.150631945922214072,-3486.823807387663691770,261.896628698848871863
1235811.801097617950290442,42158.952961741939361673,-416.463527164472907316,999.814857082490561879
1236722.535734938690438867,42077.919096968245867174,2305.087732481719285715,1648.741415965419946588
1237475.796079701976850629,41870.766633120940241497,4548.905030804635316599,2180.096783767037777579
1238038.661040297942236066,41633.529303027658897918,6216.990200963751703966,2572.942785988610921777
1238386.530717022716999054,41451.836159009362745564,7242.868904176117212046,2813.611026808202950633
1238504.201535739237442613,41384.336954721475194674,7588.862563649374351371,2894.617913157087969012
1238621.872354455757886171,41313.792697113349277060,7934.297835761630267370,2975.411798134437049157
1238969.742031180532649159,41087.486881899523723405,8951.995682321437925566,3212.959384765932554728
1239532.606991776498034596,40665.427297887734312098,10586.189084531688422430,3592.877090806365231401
1240285.867336539784446359,39993.642812038182455581,12744.804847609200805891,4091.731582137514124042
1241196.601973860291764140,39020.639423422857362311,15302.793211216056079138,4678.265457799416253692
1242225.007429897552356124,37715.497752430259424727,18109.660784296640485991,5315.671304920446345932
1243326.137451385613530874,36083.412732133983809035,21001.843670852431387175,5964.956965534240225679
1244451.867372577544301748,34174.751408627598721068,23818.693666702085465658,6589.006102254372308380
1245552.997394065605476499,32085.176474757834512275,26419.024952176907390822,7156.539822974466005689
1246581.402850102633237839,29946.721760545267898124,28694.287106973999470938,7645.035215450674513704
1247492.137487423373386264,27912.088283080949622672,30575.015493933060497511,8041.858789919866467244
1248245.397832186659798026,26135.927999651401478332,32029.100127918594807852,8343.364087042156825191
1248808.262792782625183463,24756.975847234360117000,33052.847112616473168600,8552.287190235676462180
1249156.132469507399946451,23883.747167772955435794,33657.841893363227427471,8674.230926111680673785
1249273.803288223920390010,23584.863009533488366287,33857.608059908910945524,8714.220887707188012428
1249391.474106940440833569,23284.243328993085015099,34054.882771039563522208,8753.569554571518892772
1249739.343783665215596557,22385.587747244040656369,34623.375568506489798892,8866.117766483677769429
1250302.208744261180981994,20901.296604856725025456,35495.901389317768916953,9036.116904571061240858
1251055.469089024467393756,18860.321026299025106709,36569.824921854953572620,9239.769673809167215950
1251966.203726344974711537,16317.315179534132767003,37720.744625536906823982,9448.742410983648369438
1252994.609182382235303521,13359.889846525962639134,38820.298270266684994567,9634.613838338167624897
1254095.739203870296478271,10110.551327179993677419,39755.656729893475130666,9773.589045604565399117
1255221.469125062227249146,6721.456524137283849996,40447.134292111448303331,9850.575474816540008760
1256322.599146550288423896,3362.476189929868269246,40860.055059610815078486,9861.710217256948453723
1257351.004602587316185236,205.344474634031939786,41007.994681820338882972,9814.721943757880580961
1258261.739239908056333661,-2592.075333895285439212,40946.571706597060256172,9727.035084634355371236
1259014.999584671342745423,-4897.697478540365409572,40759.340114164231636096,9622.084281591733088135
1259577.864545267308130860,-6611.283898430068802554,40539.132353842323936988,9524.692787313286316930
1259925.734221992082893848,-7664.953453272704791743,40368.865438969522074331,9456.467535297246286063
1260043.405040708603337407,-8020.286412701832887251,40305.385363547487941105,9432.009906064069582499
1260161.075859425123780966,-8375.028836707941081841,40238.937594061724666972,9406.857744332568472601
1260508.945536149898543954,-9420.046528566053893883,40025.191395758192811627,9328.456991127392029739
1261071.810496745863929391,-11097.789699801600363571,39624.856953497983340640,9188.910271049409857369
1261825.070841509150341153,-13313.303077881580975372,38984.798797560863022227,8977.984060719774788595
1262735.805478829657658935,-15937.734097847140219528,38054.073933470070187468,8686.853868196418261505
1263764.210934866918250918,-18816.173488649896171410,36801.598540022045199294,8312.125948218561461545
1264865.340956354979425669,-21780.463061209193256218,35231.360297513201658148,7859.142237143989405013
1265991.070877546910196543,-24665.689040023258712608,33391.346338338225905318,7343.685710713665685034
1267092.200899034971371293,-27327.207345235518005211,31373.775841460570518393,6791.591694553315392113
1268120.606355071999132633,-29654.150466113707807381,29306.497817843228403945,6236.337480618551126099
1269031.340992392739281058,-31575.979336276075628120,27337.740497729748312850,5715.223003096345564700
1269784.601337156025692821,-33060.597268274410453159,25617.872871243402187247,5265.056994803182533360
1270347.466297751991078258,-34105.049063790014770348,24281.946788945242587943,4918.223431682845330215
1270695.335974476765841246,-34721.918221829349931795,23435.686613473117176909,4699.685025942910215235
1270813.006793193286284804,-34925.539713666432362515,23145.986298660754982848,4625.069830243175601936
1270930.677611909806728363,-35126.587678794523526449,22854.580446495448995847,4550.113805868712006486
1271278.547288634581491351,-35705.752445881495077629,21983.332683371154416818,4326.581967581811113632
1271841.412249230546876788,-36594.001877855749626178,20543.887794874382962007,3959.061574251905767596
1272594.672593993833288550,-37685.937400536851782817,18563.782003564534534235,3456.890551256996332086
1273505.407231314340606332,-38853.924541153253812809,16095.444387182367790956,2835.942049444702206529
1274533.812687351601198316,-39966.454936296919186134,13223.373976656941522378,2119.862121422824202455
1275634.942708839662373066,-40908.216232747079629917,10066.148625181762326974,1340.026427660186527646
1276760.672630031593143940,-41598.181885476929892320,6771.421998111305583734,533.871189480696557439
1277861.802651519654318690,-42001.748750814709637780,3504.365024836508382577,-258.188746879759492003
1278890.208107556682080030,-42133.973121797149360646,432.243125835208047647,-996.533893400288434350
1279800.942744877422228456,-42053.080671489304222632,-2290.946945330353628378,-1645.845920660483898246
1280554.203089640708640218,-41845.872439430393569637,-4536.154064674155961256,-2177.520035697563798749
1281117.068050236674025655,-41608.488833815623365808,-6205.287120037006388884,-2570.601512234376059496
1281464.937726961448788643,-41426.660090168305032421,-7231.813875730375002604,-2811.413268079233603203
1281582.608545677969232202,-41359.107179456746962387,-7578.026433441780682188,-2892.468259528579437756
1281700.279364394489675760,-41288.505251028640486766,-7923.680334576398308855,-2973.310000653795214021
1282048.149041119264438748,-41062.005771647971414495,-8942.022287970401521306,-3210.997455056707622134
1282611.014001715229824185,-40639.559705827217840124,-10577.247201235957618337,-3591.135527783490033471
1283364.274346478516235948,-39967.118040040433697868,-12737.211422039188619237,-4090.270802948109121644
1284275.008983799023553729,-38993.111350562721781898,-15296.758390130467887502,-4677.117332660543979728
1285303.414439836284145713,-37686.574806863740377594,-18105.256156129755254369,-5314.832976132116527879
1286404.544461324345320463,-36052.711765090301923919,-20998.987402452148671728,-5964.389717857304276549
1287530.274382516276091337,-34141.963178888261609245,-23817.162898855276580434,-6588.641256414304734790
1288631.404404004337266088,-32050.124927968085103203,-26418.497751157723541837,-7156.291492455589832389
1289659.809860041365027428,-29909.400609327778511215,-28694.405396221198316198,-7644.817208309608759009
1290570.544497362105175853,-27872.666694950610690285,-30575.452162316061730962,-8041.601257506243200623
1291323.804842125391587615,-26094.728443950712971855,-32029.612063326865609270,-8343.025575283865691745
1291886.669802721356973052,-24714.435619539879553486,-33053.301389410153205972,-8551.859383329932825291
1292234.539479446131736040,-23840.377081575170450378,-33658.211286808822478633,-8673.735628567354069673
1292352.210298162652179599,-23541.212414028188504744,-33857.940193591166462284,-8713.700640443168595084
1292469.881116879172623158,-23240.312446094882034231,-34055.173319998422812205,-8753.023288950886126258
1292817.750793603947386146,-22340.830258435402356554,-34623.517886501962493639,-8865.488357823438491323
1293380.615754199912771583,-20855.211945692841254640,-35495.723946093807171565,-9035.333436569644618430
1294133.876098963199183345,-18812.492532006297551561,-36569.066220541710208636,-9238.742988782798420289
1295044.610736283706501126,-16267.452535991389595438,-37719.053514031918894034,-9447.367055679884288111
1296073.016192320967093110,-13307.866495129484974314,-38817.264102660345088225,-9632.777163468164872029
1297174.146213809028267860,-10056.423322846014343668,-39750.865903507212351542,-9771.186125823276597657
1298299.876135000959038734,-6665.451376047749363352,-40440.240590897614310961,-9847.526352988390499377
1299401.006156489020213485,-3304.948868148792826105,-40850.845265769392426591,-9857.974799633690054179
1300429.411612526047974825,-146.709523604084097315,-40996.431854777205444407,-9810.308488302072873921
1301340.146249846788123250,2651.417602467518008780,-40932.806651267157576513,-9722.000515317800818593
1302093.406594610074535012,4957.420897021125711035,-40743.692925436356745195,-9616.527425155532910139
1302656.271555206039920449,6671.168268478642858099,-40522.054802465652755927,-9518.743650876824176521
1303004.141231930814683437,7724.883608541618741583,-40350.897521525323099922,-9450.276086600579219521
1303121.812050647335126996,8080.222722369180701207,-40287.115591884990863036,-9425.736621002224637778
1303239.482869363855570555,8434.966573487436107825,-40220.365746637682605069,-9400.502718232391998754
1303587.352546088630333543,9479.960809012343815994,-40005.725937867646280210,-9321.861049273860771791
1304150.217506684595718980,11157.578421197300485801,-39603.947720036019745748,-9181.927832387847956852
1304903.477851447882130742,13372.755131579404405784,-38961.973911041968676727,-8970.493857230287176208
1305814.212488768389448524,15996.525286159878305625,-38028.983269995653245132,-8678.770364297548439936
1306842.617944805650040507,18873.895392976170114707,-36774.054680658147844952,-8303.409032454708722071
1307943.747966293711215258,21836.681746374284557533,-35201.363172867910179775,-7849.801840255031493143
1309069.477887485641986132,24720.020705930357507896,-33359.079192125813278835,-7333.778645092615988688
1310170.607908973703160882,27379.391344321360520553,-31339.568333761410031002,-6781.210237873712685541
1311199.013365010730922222,29704.100556620796851348,-29270.763731017352256458,-6225.592110863415655331
1312109.748002331471070647,31623.802106871669820976,-27300.906857842222962063,-5704.223804905073848204
1312863.008347094757482409,33106.578396290940872859,-25580.319786827654752415,-5253.898575437715408043
1313425.873307690722867846,34149.617562797320715617,-24243.972396170363936108,-4906.976722800633069710
1313773.742984415497630835,34765.602022029859654140,-23397.502504638971004169,-4688.397015467513483600
1313891.413803132018074393,34968.922668936829722952,-23107.740085610064852517,-4613.770151120139416889
1314009.084621848538517952,35169.669110972485214006,-22816.276611648143443745,-4538.803623108304236666
1314356.954298573313280940,35747.939244930217682850,-21944.884787010603758972,-4315.247547585860957042
1314919.819259169278666377,36634.734918517577170860,-20505.290249880978080910,-3947.709478397033308283
1315673.079603932565078139,37724.725592108959972393,-18525.145565132253977936,-3445.556177063490395085
1316583.814241253072395921,38890.388046695436059963,-16057.005307848208758514,-2824.691221544630025164
1317612.219697290332987905,40000.368690470750152599,-13185.471165633403870743,-2108.784500263742302195
1318713.349718778394162655,40939.539496252364187967,-10029.170895362847659271,-1329.221576049569193856
1319839.079639970324933529,41627.060443564834713470,-6735.736927046084019821,-523.430478973890785710
1320940.209661458386108279,42028.484296203641861212,-3470.247799283468339127,268.199671245069112047
1321968.615117495413869619,42158.966090912355866749,-399.823930977487179916,1006.087560191173906787
1322879.349754816154018044,42076.762507694664236624,2321.705591312966134865,1654.957816969958003028
1323632.610099579440429807,41868.646218278568994720,4565.449571752345946152,2186.245906008762176498
1324195.475060175405815244,41630.692700188032176811,6233.447381188518193085,2579.029520395566578372
1324543.344736900180578232,41448.559240946087811608,7259.258229853941884357,2819.654072682960759266
1324661.015555616701021791,41380.911558295898430515,7605.226549057879310567,2900.645299840607549413
1324778.686374333221465349,41310.219074536005791742,7950.635276873021211941,2981.423082111583426013
1325126.556051057996228337,41083.476639217587944586,8968.247628827935841400,3218.920482331601306214
1325689.421011653961613774,40660.716175389366981108,10602.280590710586693604,3598.748880979552268400
1326442.681356417248025537,39988.006347551832732279,12760.639317925444629509,4097.468419329210519209
1327353.415993737755343318,39013.907118030714627821,15318.253253733164456207,4683.816076221823095693
1328381.821449775015935302,37707.563925450558599550,18124.616235421395685989,5320.982290300953536644
1329482.951471263077110052,36074.241995280499395449,21016.165800257942464668,5969.978335293422787799
1330608.681392455007880926,34164.377233751009043772,23832.273017594015982468,6593.697971961408256902
1331709.811413943069055676,32073.692648876349267084,26431.789293152636673767,7160.878822359203695669
1332738.216869980096817017,29934.268214676420029718,28706.215912553838279564,7649.019363878242074861
1333648.951507300836965442,27898.834210565204557497,30586.148251464015629608,8045.509933115861713304
1334402.211852064123377204,26122.055792452658351976,32039.537250991335895378,8346.727580163807942881
1334965.076812660088762641,24742.668943639735516626,33062.743767443469550926,8555.429070409800260677
1335312.946489384863525629,23869.183602781857189257,33667.396128577071067411,8677.233172377518712892
1335430.617308101383969188,23570.214737378184508998,33867.045065598220389802,8717.175459570460589021
1335548.288126817904412746,23269.511427417288359720,34064.201852531179611105,8756.476234538718927070
1335896.157803542679175735,22370.614974172676738817,34632.342052815023635048,8868.881626073509323760
1336459.022764138644561172,20885.954550195376214106,35504.285241587560449261,9038.645950249052475556
1337212.283108901930972934,18844.525286113734182436,36577.407142642427061219,9241.977883089339229628
1338123.017746222438290715,16301.034612551222380716,37727.327313047375355382,9450.553906474267932936
1339151.423202259698882699,13343.148148903514083941,38825.717614165048871655,9635.967850782099048956
1340252.553223747760057449,10093.420220231528219301,39759.796846095014188904,9774.444848440942223533
1341378.283144939690828323,6704.041392525548872072,40449.939055903822008986,9850.916253405657698750
1342479.413166427752003074,3344.896664606298145372,40861.535274432979349513,9861.544971076456931769
1343507.818622464779764414,187.713682914043602068,41008.229003664637275506,9814.084980236342744320
1344418.553259785519912839,-2609.668789383133116644,40945.701333553246513475,9725.983274753647492616
1345171.813604548806324601,-4915.201430557404819410,40757.558719836590171326,9620.692774723609545617
1345734.678565144771710038,-6628.686481706907215994,40536.673551093503192533,9523.050126408435971825
1346082.548241869546473026,-7682.278716531691316050,40365.989966546250798274,9454.671007915143491118
1346200.219060586066916585,-8037.582995394819590729,40302.369352213056117762,9430.161588096283594496
1346317.889879302587360144,-8392.295465162831533235,40235.781265297446225304,9404.957771743231205619
1346665.759556027362123132,-9437.217176652389753144,40021.621642218211491127,9326.405144056820063270
1347228.624516623327508569,-11114.781672733712184709,39620.623234580976713914,9186.615522450118078268
1347981.884861386613920331,-13330.011204196947801393,38979.687853092567820568,8975.370361645755110658
1348892.619498707121238112,-15954.031802651348698419,38047.923175480456848163,8683.865151283380328096
1349921.024954744381830096,-18831.921432238879788201,36794.306419003994960804,8308.729678963360129273
1351022.154976232443004847,-21795.524269281762826722,35222.891671661527652759,7855.330814243343411363
1352147.884897424373775721,-24679.947810151490557473,33381.731366789208550472,7339.475269555628983653
1353249.014918912434950471,-27340.588188723537314218,31363.102155462147493381,6787.018375758130787290
1354277.420374949462711811,-29666.633300152483570855,29294.897324314581055660,6231.451829983436255134
1355188.155012270202860236,-31587.608093318405735772,27325.373534936697978992,5710.083644893069504178
1355941.415357033489271998,-33071.480669591452169698,25604.913036829100747127,5259.724881498657850898
1356504.280317629454657435,-34115.353921008172619622,24268.569372258389194030,4912.757760084283290780
1356852.149994354229420424,-34731.856764976742852014,23422.062344926649529953,4694.141403428560806788
1356969.820813070749863982,-34935.352885580148722511,23132.280507088180456776,4619.500645453450488276
1357087.491631787270307541,-35136.274755913873377722,22840.794141513535578270,4544.519469143988317228
1357435.361308512045070529,-35715.062608165309939068,21969.314318306984205265,4320.915691782420253730
1357998.226269108010455966,-36602.689579063669953030,20529.513127127902407665,3953.286646105747422553
1358751.486613871296867728,-37693.769342511535796802,18548.968517096953291912,3450.985479889835914946
1359662.221251191804185510,-38860.690465048530313652,16080.160170546041626949,2829.903467888876548386
1360690.626707229064777493,-39971.981430130654189270,13207.639378214495081920,2113.704841517776003457
1361791.756728717125952244,-40912.381325507180008572,10050.029990040005941410,1333.780478173333904124
1362917.486649909056723118,-41600.927420194369915407,6755.018240757526655216,527.576245670605203486
1364018.616671397117897868,-42003.087738649330276530,3487.789362386109132785,-264.490550757453092956
1365047.022127434145659208,-42133.990450384844734799,415.603472477065224666,-1002.805382215950885438
1365957.756764754885807633,-42051.927229477027140092,-2307.565080331398348790,-1652.061081775531420135
1366711.017109518172219396,-41843.754275238075933885,-4552.698959979919891339,-2183.667862375799813890
1367273.882070114137604833,-41605.653803195273212623,-6221.744650464264850598,-2576.686888862701380276
1367621.751746838912367821,-41423.384323672675236594,-7248.203521914540033322,-2817.454908900961527252
1367739.422565555432811379,-41355.682792320782027673,-7594.390724598655651789,-2898.494223647643593722
1367857.093384271953254938,-41284.932495542969263624,-7940.018064292606140953,-2979.319843788174694055
1368204.963060996728017926,-41057.995976558820984792,-8958.274458441410388332,-3216.957053275322323316
1368767.828021592693403363,-40634.848357270406268071,-10593.338782642495061737,-3597.005709947794457548
1369521.088366355979815125,-39961.480465205786458682,-12753.045683753203775268,-4096.005860193874468678
1370431.823003676487132907,-38986.376906685931317043,-15312.217753965865995269,-4682.665924286246081465
1371460.228459713747724891,-37678.637756904056004714,-18120.210237533312465530,-5320.141608030311545008
1372561.358481201808899641,-36043.536763052856258582,-21013.307246618431236129,-5969.408333622626741999
1373687.088402393739670515,-34131.583830415671400260,-23830.738860179197217803,-6593.329916402939488762
1374788.218423881800845265,-32038.635220152726105880,-26431.257481869768525939,-7160.626800332460334175
1375816.623879918828606606,-29896.940700517436198425,-28706.328349944662477355,-7648.797192060164888971
1376727.358517239568755031,-27859.405990823572210502,-30586.577906920101668220,-8045.247805650122245424
1377480.618862002855166793,-26080.849499886324338149,-32040.041183125686075073,-8346.384114187219893211
1378043.483822598820552230,-24700.121971451146237087,-33063.189290141213859897,-8554.996041412474369281
1378391.353499323595315218,-23825.806798089695803355,-33667.756301573936070781,-8676.732488193791141384
1378509.024318040115758777,-23526.557437510862655472,-33867.367820922278042417,-8716.649770264784820029
1378626.695136756636202335,-23225.573856992581568193,-34064.482865213874902111,-8755.924471628250103095
1378974.564813481410965323,-22325.850863405437848996,-34632.474368041839625221,-8868.246557832908365526
1379537.429774077376350760,-20839.863425083392939996,-35504.097044236485089641,-9037.856564145282391110
1380290.690118840662762523,-18796.690630562537990045,-36576.636695578221406322,-9240.944944268654580810
1381201.424756161170080304,-16251.166319874981127214,-37725.623292692464019638,-9449.171912053579944768
1382229.830212198430672288,-13291.119908312270126771,-38822.669294238548900466,-9634.124136025764528313
1383330.960233686491847038,-10039.288340056249580812,-39754.990646921090956312,-9772.034509136088672676
1384456.690154878422617912,-6648.033596968212805223,-40443.028883141923870426,-9847.859386126869139844
1385557.820176366483792663,-3287.368059387365065049,-40852.308106883887376171,-9857.801558142668000073
1386586.225632403511554003,-129.078841475704393815,-40996.648134355658839922,-9809.663363355002729804
1387496.960269724251702428,2669.009640434822358657,-40931.917796755667950492,-9720.940454402612886042
1388250.220614487538114190,4974.922311727023043204,-40741.892800746943976264,-9615.127635357459439547
1388813.085575083503499627,6688.567462628772773314,-40519.577152982812549453,-9517.092708537262296886
1389160.955251808278262615,7742.204952253094234038,-40348.003160712767567020,-9448.471289600211093784
1389278.626070524798706174,8097.515205667419650126,-40284.080683328902523499,-9423.880039296849645325
1389396.296889241319149733,8452.228922564601816703,-40217.190514486566826236,-9398.594488737822757685
1389744.166565966093912721,9497.126645264281251002,-40002.137278334754228126,-9319.800971051337910467
1390307.031526562059298158,11174.564722093819000293,-39599.695140383257239591,-9179.624911801782218390
1391060.291871325345709920,13389.456444994611956645,-38956.844261757149070036,-8967.872098741712761694
1391971.026508645853027701,16012.814830265073396731,-38022.814139380170672666,-8675.773773820032147341
1392999.431964683113619685,18889.633719806624867488,-36766.744744932329922449,-8300.005161872957614833
1394100.561986171174794436,21851.731887017442204524,-35192.877532808161049616,-7845.983175545357880765
1395226.291907363105565310,24734.267074289797164965,-33349.448223169943958055,-7329.561394733735141926
1396327.421928851166740060,27392.758655530466057826,-31328.879815645566850435,-6776.630587598667261773
1397355.827384888194501400,29716.568980612857558299,-29259.149622213146358263,-6220.700614659008351737
1398266.562022208934649825,31635.415833472339727450,-27288.527440866506367456,-5699.079056112454054528
1399019.822366972221061587,33117.446372204525687266,-25567.348504187590151560,-5248.561460454375264817
1399582.687327568186447024,34159.906771547226526309,-24230.584302950701385271,-4901.506345092211631709
1399930.557004292961210012,34775.524810298411466647,-23383.868042757785588037,-4682.848870832365719252
1400048.227823009481653571,34978.720055445279285777,-23094.024264978528663050,-4608.196506587739349925
1400165.898641726002097130,35179.340374934901774395,-22802.480442233434587251,-4533.204889065362294787
1400513.768318450776860118,35757.233528275923163164,-21930.857045832141011488,-4309.577059143464794033
1401076.633279046742245555,36643.406685943664342631,-20490.906998971528082620,-3941.930636016195421689
1401829.893623810028657317,37732.541626517609984148,-18510.324554760059982073,-3439.647587526598726981
1402740.628261130535975099,38897.138245243528217543,-16041.714830203032761347,-2818.649590612863903516
1403769.033717167796567082,40005.879857152649492491,-13169.731685558384924661,-2102.624679296752219670
1404870.163738655857741833,40943.689902665042609442,-10013.048771079680591356,-1322.973595271827434772
1405995.893659847788512707,41629.792157619209319819,-6719.330982454172044527,-517.133977933330243104
1407097.023681335849687457,42029.810492933444038499,-3453.671075712940364610,274.502623707046950585
1408125.429137372877448797,42158.971728885822813027,-383.184115290692716371,1012.359871711107189185
1409036.163774693617597222,42075.598441213529440574,2338.323229310983151663,1661.173561170222455985
1409789.424119456904008985,41866.518362785383942537,4581.993528336235613097,2192.394154220344717032
1410352.289080052869394422,41627.848698662754031830,6249.903706496530503500,2585.115220145546118147
1410700.158756777644157410,41445.274956352237495594,7275.646534098261327017,2825.695985482065225369
1410817.829575494164600968,41377.478807287217932753,7621.589456850844726432,2906.671520319816409028
1410935.500394210685044527,41306.638109864885336719,7966.971584264370903838,2987.433166840861304081
1411283.370070935459807515,41079.459094522040686570,8984.498276261794671882,3224.880283487311317003
1411846.235031531425192952,40655.997825620681396686,10618.370532069537148345,3604.619219322970820940
1412599.495376294711604714,39982.362774917841306888,12776.471871975991234649,4103.203600572704090155
1413510.230013615218922496,39007.167877090148977004,15333.710962914112315048,4689.364798642511232174
1414538.635469652479514480,37699.623394352369359694,18139.568894801843271125,5326.291118704064501799
1415639.765491140540689230,36065.064843923770240508,21030.484664470139250625,5974.997282068061394966
1416765.495412332471460104,34153.996983022414497100,23845.848640859308943618,6598.387162910124970949
1417866.625433820532634854,32062.203117956392816268,26444.549478586945042480,7165.214910213186158217
1418895.030889857560396194,29921.809343255110434256,28718.140187025252089370,7653.000400272014303482
1419805.765527178300544620,27885.575173725359491073,30597.276166444826230872,8049.157801279614432133
1420559.025871941586956382,26108.178936290540150367,32049.969289940963790286,8350.087674330969093717
1421121.890832537552341819,24728.357635934822610579,33072.635167585867748130,8558.567465683028785861
1421469.760509262327104807,23854.615788733572117053,33676.945008115559176076,8680.231883556514731026
1421587.431327978847548366,23555.562269237576401792,33876.476682227286801208,8720.126479883669162518
1421705.102146695367991924,23254.775383239597431384,34073.515511974524997640,8759.379346753752543009
1422052.971823420142754912,22355.638218090854934417,34641.303019900173239876,8871.641871550635187305
1422615.836784016108140349,20870.608776105553261004,35512.663430139720730949,9041.171311736272400594
1423369.097128779394552112,18828.726188989341608249,36584.983518652916245628,9244.182324116283780313
1424279.831766099901869893,16284.751140361637226306,37733.903960421048395801,9452.361547318336306489
1425308.237222137162461877,13326.404071468845359050,38831.130729395263188053,9637.317931444782516337
1426409.367243625223636627,10076.287310764178982936,39763.930570501666807104,9775.296661439750096179
1427535.097164817154407501,6686.625060562029830180,40452.737303884532593656,9851.253009309692060924
1428636.227186305215582252,3327.316535841659060679,40863.008894531121768523,9861.375696298744514934
1429664.632642342243343592,170.082848852485767566,41008.456695464185031597,9813.444006011841338477
1430575.367279662983492017,-2627.261789964526542462,40944.824330193550849799,9724.927488880717646680
1431328.627624426269903779,-4932.704517817139276303,40755.770717130835691933,9619.297333818065453670
1431891.492585022235289216,-6646.087895594551810063,40534.208169360972533468,9521.403570571817908785
1432239.362261747010052204,-7699.602623080849298276,40363.107938881708832923,9452.870613059514653287
1432357.033080463530495763,-8054.878158200779580511,40299.346794620483706240,9428.309412506865555770
1432474.703899180050939322,-8409.560610663625993766,40232.618399740291351918,9403.053951668660374708
1432822.573575904825702310,-9454.386155991363921203,40018.045382680698821787,9324.349481122209908790
1433385.438536500791087747,-11131.771678625154891051,39616.383068377479503397,9184.317014345191637403
1434138.698881264077499509,-13346.716969494256773032,38974.570556857484916691,8972.752988374084452516
1435049.433518584584817290,-15970.326679738718667068,38041.766206792417506222,8680.872878114218110568
1436077.838974621845409274,-18847.666036189082660712,36787.008279340203444008,8305.330005448069641716
1437178.968996109906584024,-21810.581610454726614989,35214.417270568992535118,7851.516171023939023144
1438304.698917301837354898,-24694.202200040701427497,33372.110907431553641800,7335.261817610115031130
1439405.828938789898529649,-27353.964178374517359771,31352.423298679153958801,6782.442270782534251339
1440434.234394826926290989,-29679.110866265851655044,29283.291986299540440086,6226.563619211539844400
1441344.969032147666439414,-31599.231240405249991454,27313.002039402585069183,5704.941938817259142525
1442098.229376910952851176,-33082.358196713510551490,25591.948942724477092270,5254.390603782832840807
1442661.094337506918236613,-34125.652718049954273738,24255.187908369909564499,4907.290065458500976092
1443008.964014231692999601,-34741.789138141102739610,23408.434163947451452259,4688.595846991976941354
1443126.634832948213443160,-34945.159851261778385378,23118.570849239222297911,4613.929557166868107743
1443244.305651664733886719,-35145.955591009827912785,22827.004016700062493328,4538.923259488181429333
1443592.175328389508649707,-35724.366425299449474551,21955.292272353406588081,4315.247634215853395290
1444155.040288985474035144,-36611.370776950745494105,20515.135008335906604771,3947.510086107175084180
1444908.300633748760446906,-37701.594586718259961344,18534.151896200004557613,3445.078981561227919883
1445819.035271069267764688,-38867.449483261807472445,16064.873214877072314266,2823.863712809621574706
1446847.440727106528356671,-39977.500820168657810427,13191.902501708689669613,2107.546680444027515478
1447948.570748594589531422,-40916.539146684008301236,10033.909584543529490475,1327.533966012406381196
1449074.300669786520302296,-41603.665560190929681994,6738.613243910345772747,521.281068543545188732
1450175.430691274581477046,-42004.419259734117076732,3471.212987824204901699,-270.792264237892595702
1451203.836147311609238386,-42134.000288602066575550,398.963603832620719913,-1009.076478780139950686
1452114.570784632349386811,-42050.766311321276589297,-2324.182989512708445545,-1658.275585108329323702
1452867.831129395635798573,-41841.628671717466204427,-4569.243265294608136173,-2189.814813795392183238
1453430.696089991601184011,-41602.811375408069579862,-6238.201319874402543064,-2582.771229414394838386
1453778.565766716375946999,-41420.101192320566042326,-7264.592140279848536011,-2823.495415111430702382
1453896.236585432896390557,-41352.251052334133419208,-7610.753931658015062567,-2904.519019986628336483
1454013.907404149416834116,-41281.352399755138321780,-7956.354653711336140987,-2985.328486060267096036
1454361.777080874191597104,-41053.978881416245712899,-8974.525322983878140803,-3222.915353360827793949
1454924.642041470156982541,-40630.129783740136190318,-10609.428791949430888053,-3602.874438383625602000
1455677.902386233443394303,-39955.835784973445697688,-12768.878021443168108817,-4101.739259367352133268
1456588.637023553950712085,-38979.635530619751079939,-15327.674776088351791259,-4688.212617537015830749
1457617.042479591211304069,-37670.694007247555418871,-18135.161518104279821273,-5325.448080327836578363
1458718.172501079272478819,-36034.355352058875723742,-21027.623815936873143073,-5974.424523620409672731
1459843.902422271203249693,-34121.198412939775153063,-23844.311084022650902625,-6598.015894712423687452
1460945.032443759264424443,-32027.139815514776273631,-26444.013046778643911239,-7164.959193672993933433
1461973.437899796292185783,-29884.475475678089424036,-28718.246762236485665198,-7652.774060822566752904
1462884.172537117032334208,-27846.140332981813116930,-30597.698798771853034850,-8048.891075889821877354
1463637.432881880318745971,-26066.965918438378139399,-32050.465208857225661632,-8349.739251359142144793
1464200.297842476284131408,-24685.803931525777443312,-33073.071926445605640765,-8558.129211926259813481
1464548.167519201058894396,-23811.232278277966543101,-33677.295951057130878326,-8679.725810134210405522
1464665.838337917579337955,-23511.898277888409211300,-33876.790049642113444861,-8719.595345960939084762
1464783.509156634099781513,-23210.831138312452821992,-34073.786978883807023522,-8758.822084002817064174
1465131.378833358874544501,-22310.867498811901896261,-34641.425323020339419600,-8871.001141258553616353
1465694.243793954839929938,-20824.511199200162081979,-35512.464469657883455511,-9040.376005214095130214
1466447.504138718126341701,-18780.885387200498371385,-36584.201317326769640204,-9243.143129412006601342
1467358.238776038633659482,-16234.877214543157606386,-37732.187023532249440905,-9450.972911961182035157
1468386.644232075894251466,-13274.370958700412302278,-38828.068250450909545179,-9635.467175342413611361
1469487.774253563955426216,-10022.151572752380161546,-39759.108993055902828928,-9772.878901544181644567
1470613.504174755886197090,-6630.614636476719169877,-40445.810655321598460432,-9848.188396075953278341
1471714.634196243947371840,-3269.786666858577518724,-40853.764350357836519834,-9857.624288154265741468
1472743.039652280975133181,-111.448137158164172433,-40996.857782567320100497,-9809.014228390378775657
1473653.774289601715281606,2686.601203088081092574,-40931.022312044449790847,-9719.876418699708665372
1474407.034634365001693368,4992.422841119012446143,-40740.086068836091726553,-9613.723913147661733092
1474969.899594960967078805,6705.965466825655312277,-40517.092926518344029319,-9515.437873215729268850
1475317.769271685741841793,7759.524918694412917830,-40345.102247152062773239,-9446.662627274077749462
1475435.440090402262285352,8114.806248529479489662,-40281.039231181079230737,-9422.019602185313488008
1475553.110909118782728910,8469.489768144805566408,-40214.008748380692850333,-9396.682414041215452016
1475900.980585843557491899,9514.290792271625832655,-39998.542116153745155316,-9317.737079449196244241
1476463.845546439522877336,11191.549035588410333730,-39595.436117635799746495,-9177.318234509171816171
1477217.105891202809289098,13406.155377304312423803,-38951.708265926448802929,-8965.246669288108023466
1478127.840528523316606879,16029.101526953410939313,-38016.638804549111227971,-8672.773630796315046609
1479156.245984560577198863,18905.368687898051575758,-36759.428798636181454640,-8296.597891259554671706
1480257.376006048638373613,21866.778142677751020528,-35184.386126974357466679,-7842.161295267369496287
1481383.105927240569144487,24748.509045440834597684,-33339.811777112765412312,-7325.341138841200518073
1482484.235948728630319238,27406.121097318959073164,-31318.186138480661611538,-6772.048156822182136239
1483512.641404765658080578,29729.032122384887770750,-29247.530681445954542141,-6215.806564346037703217
1484423.376042086398229003,31647.023937167730764486,-27276.143504343686799984,-5693.931965699501233757
1485176.636386849684640765,33128.308462018278078176,-25554.372975531725387555,-5243.222187432076680125
1485739.501347445650026202,34170.189909125809208490,-24217.192176487988035660,-4896.033950803184779943
1486087.371024170424789190,34785.441418091897503473,-23370.229682530036370736,-4677.298798758152770461
1486205.041842886945232749,34988.511225403883145191,-23080.304592208231042605,-4602.620965052186875255
1486322.712661603465676308,35189.005386730903410353,-22788.680467171820055228,-4527.604288595402977080
1486670.582338328240439296,35766.521456862115883268,-21916.825638065340172034,-4303.904795458447551937
1487233.447298924205824733,36652.071941311718546785,-20476.520311428459535819,-3936.150168331247186870
1487986.707643687492236495,37740.350955638350569643,-18495.500424467252742033,-3433.737577569112545461
1488897.442281007999554276,38903.881531995968543924,-16026.421628024654637557,-2812.606792624481386156
1489925.847737045260146260,40011.383915446946048178,-13153.989941781612287741,-2096.463983494229978533
1491026.977758533321321011,40947.833034376395517029,-9996.924890516551386099,-1316.725057928730166168
1492152.707679725252091885,41632.516475355034344830,-6702.923812007757078391,-510.837249404657995910
1493253.837701213313266635,42031.129222715753712691,-3437.093653051408182364,280.805480288434409886
1494282.243157250341027975,42158.969877276365878060,-366.544096635880123358,1018.631785874813431292
1495192.977794571081176400,42074.426900421880418435,2354.940629932803858537,1667.388642843439811259
1495946.238139334367588162,41864.383070354961091653,4598.536884020788420457,2198.541522746532791643
1496509.103099930332973599,41624.997302835952723399,6266.359160402564157266,2591.199879635450997739
1496856.972776655107736588,41441.983310024515958503,7292.033800472279835958,2831.736759643163168221
1496974.643595371628180146,41374.038706635445123538,7637.951270607307378668,2912.696569044119314640
1497092.314414088148623705,41303.049808180920081213,7983.306741535205219407,2993.442046785936327069
1497440.184090812923386693,41075.434253297542454675,9000.747608284007583279,3230.838782740034730523
1498003.049051408888772130,40651.272254827694268897,10634.458892425063822884,3610.488100423686773865
1498756.309396172175183892,39976.712101146840723231,12792.302493839997623581,4108.937120583583237021
1499667.044033492682501674,39000.421708521695109084,15349.166323175195429940,4694.911619908851207583
1500695.449489529943093657,37691.676168308855267242,18154.518747128087852616,5331.597785169933558791
1501796.579511018004268408,36055.881288343371124938,21044.800248678315256257,5980.013801220082314103
1502922.309432209935039282,34143.610668010340305045,23859.420522627893660683,6603.073670754884005873
1504023.439453697996214032,32050.707894592807861045,26457.305495259824965615,7169.548082531639010995
1505051.844909735023975372,29909.345159868971677497,28730.059917902115557808,7656.978320975531460135
1505962.579547055764123797,27872.311186909006210044,30608.399227100897405762,8052.802391077135325759
1506715.839891819050535560,26094.297446021140785888,32060.396233710933302063,8353.444366456451462000
1507278.704852415015920997,24714.041939367802115157,33082.521302543122146744,8561.702373183890813380
1507626.574529139790683985,23840.043741122150095180,33686.488521807368670125,8683.227056897920192569
1507744.245347856311127543,23540.905620688368799165,33885.902899738408450503,8723.073945937829194008
1507861.916166572831571102,23240.035212114016758278,34082.823739424355153460,8762.278888550010378822
1508209.785843297606334090,22340.657494866783963516,34650.258460134275082964,8874.398500377084928914
1508772.650803893571719527,20855.259298804710851982,35521.035945927731518168,9043.692986710584591492
1509525.911148656858131289,18812.923751530732261017,36592.554041588686231989,9246.382994870544280275
1510436.645785977365449071,16268.464779944653855637,37740.474560380920593161,9454.165331799658815726
1511465.051242014626041055,13309.657631480629788712,38836.537609792321745772,9638.664078971492926939
1512566.181263502687215805,10059.152616334642516449,39768.057898232720617671,9776.144483571062664851
1513691.911184694617986679,6669.207546060468303040,40455.529032529804680962,9851.585741923836394562
1514793.041206182679161429,3309.735821550275431946,40864.475917550043959636,9861.202392731827785610
1515821.446662219706922770,152.451990330155240372,41008.677755989636352751,9812.799021319753592252
1516732.181299540447071195,-2644.854317876015556976,40943.940696405166818295,9723.867727574111995636
1517485.441644303733482957,-4950.206722690229071304,40753.976106739988608751,9617.897959731088121771
1518048.306604899698868394,-6663.488122554932488129,40531.736209967093600426,9519.753120876417597174
1518396.176281624473631382,-7716.925155457545770332,40360.219357641799433623,9451.066351929888696759
1518513.847100340994074941,-8072.171883695031283423,40296.317692559714487288,9426.453380539494901313
1518631.517919057514518499,-8426.824255816842196509,40229.448999304593598936,9401.146285396278472035
1518979.387595782289281487,-9471.553449289145646617,40014.462619411096966360,9322.290003739739404409
1519542.252556378254666924,-11148.759700366499600932,39612.136457686581707094,9182.014748358027645736
1520295.512901141541078687,-13363.420357027294812724,38969.446912461229658220,8970.131942813610294252
1521206.247538462048396468,-15986.618712774681625888,38035.603031962447857950,8677.877050898130619316
1522234.652994499308988452,-18863.407284670713124797,36779.704126774602627847,8301.926930235093095689
1523335.783015987370163202,-21825.635069546493468806,35205.937100981631374452,7847.698310440266141086
1524461.512937179300934076,-24708.452195381018100306,33362.484967719101405237,7331.045358200417467742
1525562.642958667362108827,-27367.335300783830462024,31341.739279250883555505,6777.863383297668406158
1526591.048414704389870167,-29691.583151935803471133,29271.681812490605807398,6221.672852282737949281
1527501.783052025130018592,-31610.848765789734898135,27300.626020373114442918,5699.797889064857372432
1528255.043396788416430354,-33093.229838590341387317,25578.980598599919176195,5249.054165989020475536
1528817.908357384381815791,-34135.945444495620904490,24241.802407250077521894,4901.820352249871575623
1529165.778034109156578779,-34751.715331235172925517,23394.802080670640862081,4683.048361139464759617
1529283.448852825677022338,-34954.960600737220374867,23104.857335316752141807,4608.356569910398320644
1529401.119671542197465897,-35155.630174222722416744,22813.210082317738851998,4533.325181448633884429
1529748.989348266972228885,-35733.663887783739482984,21941.266555947287997697,4309.577799484401111840
1530311.854308862937614322,-36620.045462606329238042,20500.753449134565016720,3941.731898938573067426
1531065.114653626224026084,-37709.413125069666421041,18519.332151792979857419,3439.171061054139499902
1531975.849290946731343865,-38874.201588498282944784,16049.583531381598731969,2817.822789074189131497
1533004.254746983991935849,-39983.013100012991344556,13176.163358554280421231,2101.387643148924325942
1534105.384768472053110600,-40920.689691176026826724,10017.787420345506689046,1321.286896182957207202
1535231.114689663983881474,-41606.396301765315001830,6722.207019390574714635,514.985663139994358062
1536332.244711152045056224,-42005.743311647413065657,3454.635913090816757176,-277.093882293173010112
1537360.650167189072817564,-42134.002634823984408285,382.323531841895601247,-1015.347178099875236512
1538271.384804509812965989,-42049.597916325750702526,-2340.800660995730140712,-1664.489425717119956971
1539024.645149273099377751,-41839.495628868658968713,-4585.786968804859498050,-2195.960885081638480187
1539587.510109869064763188,-41599.961550956555583980,-6254.657116534152009990,-2588.854529067839393974
1539935.379786593839526176,-41416.810696925465890672,-7280.979719152637699153,-2829.534781930002282024
1540053.050605310359969735,-41348.811960419137903955,-7627.116042970177659299,-2910.542643779330319376
1540170.721424026880413294,-41277.764964695343223866,-7972.690091209682577755,-2991.335922718420988531
1540518.591100751655176282,-41049.954487606206384953,-8990.774870054061466362,-3228.872350601386642666
1541081.456061347620561719,-40625.403987230987695511,-10625.517217748063558247,-3608.741708460403970093
1541834.716406110906973481,-39950.184002040674386080,-12784.708423841941112187,-4107.470995962759843678
1542745.451043431414291263,-38972.887225851205585059,-15343.129445497143024113,-4693.757408042578390450
1543773.856499468674883246,-37662.743562144947645720,-18150.109987177151197102,-5330.752388854185483069
1544874.986520956736057997,-36025.167537005407211836,-21041.937100202041619923,-5979.438283905992648215
1546000.716442148666828871,-34110.806932138068077620,-23857.879560589986795094,-6602.699187638843795867
1547101.846463636728003621,-32015.638720541981456336,-26456.764436904537433293,-7169.288669091323754401
1548130.251919673755764961,-29872.004942014602420386,-28730.160624614181870129,-7656.747811420960715623
1549040.986556994495913386,-27832.869729228106734809,-30608.814829873117560055,-8052.531065289769685478
1549794.246901757782325149,-26053.077707771000859793,-32060.884132898609095719,-8353.090984034492066712
1550357.111862353747710586,-24671.481508224060235079,-33082.949291099059337284,-8561.258892249805285246
1550704.981539078522473574,-23796.653530745556054171,-33686.830228258586430456,-8682.715591857117033214
1550822.652357795042917132,-23497.234943820651096758,-33886.206872821050637867,-8722.537365033111200319
1550940.323176511563360691,-23196.084298773224873003,-34083.085654156362579670,-8761.716123608721318305
1551288.192853236338123679,-22295.880173534642381128,-34650.370744830543117132,-8873.752105730551193119
1551851.057813832303509116,-20809.155277145582658704,-35520.826216124543861952,-9042.891757540370235802
1552604.318158595589920878,-18765.076811329949123319,-36591.760080100582854357,-9245.337542206712896586
1553515.052795916097238660,-16218.585229722339136060,-37738.744701350653485861,-9452.770053646725500585
1554543.458251953357830644,-13257.619656363058311399,-38833.460966876322345342,-9636.806279984733919264
1555644.588273441419005394,-10005.013031249422056135,-39763.220938280770496931,-9773.719302020466784597
1556770.318194633349776268,-6613.194504966515523847,-40448.585904617873893585,-9848.513382124563577236
1557871.448216121410951018,-3252.204700951951963361,-40855.213994138954149093,-9857.442989198820214369
1558899.853672158438712358,-93.817421040985209402,-40997.060797922102210578,-9808.361083280042294064
1559810.588309479178860784,2704.192280125316756312,-40930.120196091265825089,-9718.808408349033925333
1560563.848654242465272546,5009.922475038540142123,-40738.272729241543856915,-9612.316258910441320040
1561126.713614838430657983,6723.362270962890761439,-40514.602123001379368361,-9513.779145473710741499
1561474.583291563205420971,7776.843497834612207953,-40342.194781022633833345,-9444.850100290766931721
1561592.254110279725864530,8132.095840952570142690,-40277.991235702495032456,-9420.155310372481835657
1561709.924928996246308088,8486.749100257853569929,-40210.820448665435833391,-9394.766494882564074942
1562057.794605721021071076,9531.453240143346192781,-39994.940451905618829187,-9315.669375303297783830
1562620.659566316986456513,11208.531351870136859361,-39591.170652664288354572,-9175.007801514331731596
1563373.919911080272868276,13422.851918952750565950,-38946.565925117603910621,-8962.617570084965336719
1564284.654548400780186057,16045.385366976472141687,-38010.457267710960877594,-8669.769936704755309620
1565313.060004438040778041,18921.100288463967444841,-36752.106844631045532878,-8293.187222426271546283
1566414.190025926101952791,21881.820504825773241464,-35175.888958961724711116,-7838.336201584412265220
1567539.919947118032723665,24762.746611496644618455,-33330.169858080356789287,-7321.117879833540428081
1568641.049968606093898416,27419.478662226560118143,-31307.487306888237071689,-6767.462948217502344050
1569669.455424643121659756,29741.489975063341262285,-29235.906913884937239345,-6210.909962788669872680
1570580.190061963861808181,31658.626411482902767602,-27263.755053847118688282,-5688.782536704073208966
1571333.450406727148219943,33139.164659696842136327,-25541.393206697910500225,-5237.880759556757766404
1571896.315367323113605380,34180.466969841370882932,-24203.796022827758861240,-4890.559543224962908425
1572244.185044047888368368,34795.351839943534287158,-23356.587430179140937980,-4671.746802594725522795
1572361.855862764408811927,34998.296173422109859530,-23066.581073570319858845,-4597.043529882017537602
1572479.526681480929255486,35198.664141046443546657,-22774.876692783109319862,-4522.001825084424126544
1572827.396358205704018474,35775.803025607579911593,-21902.790570174365711864,-4298.230759972919258871
1573390.261318801669403911,36660.730679885113204364,-20462.130193934797716793,-3930.368078853914994397
1574143.521663564955815673,37748.153575086595083121,-18480.673181186451984104,-3427.826150793562192121
1575054.256300885463133454,38910.617902980746293906,-16011.125708525090885814,-2806.562831290046233335
1576082.661756922723725438,40016.880861916208232287,-13138.245941755383682903,-2090.302416665925193229
1577183.791778410784900188,40951.968888872397656087,-9980.799261386528087314,-1310.475967923624921241
1578309.521699602715671062,41635.233395407070929650,-6686.515423561468196567,-504.540297336856383481
1579410.651721090776845813,42032.440484862636367325,-3420.515539317413640674,287.108237012309473357
1580439.057177127804607153,42158.960536374914227054,-349.903883098646474537,1024.903298676033955417
1581349.791814448544755578,42073.247886104014469311,2371.557785009012150113,1673.603057984282713733
1582103.052159211831167340,41862.240342397446511313,4615.079630636588262860,2204.688007599228512845
1582665.917119807796552777,41622.138514426973415539,6282.813734739065694157,2597.283494899302240810
1583013.786796532571315765,41438.684303923946572468,7308.420020798199402634,2837.776391208657514653
1583131.457615249091759324,41370.591258378670318052,7654.311982153427379671,2918.720442063660811982
1583249.128433965612202883,41299.454171601886628196,7999.640740516573714558,2999.449718003181260428
1583596.998110690386965871,41071.402117908204672858,9016.995616743319260422,3236.795976168496054015
1584159.863071286352351308,40646.539465638546971604,10650.545663628705369774,3616.355520401169997058
1584913.123416049638763070,39971.054329516104189679,12808.131175411843287293,4114.668975531143587432
1585823.858053370146080852,38993.668616281560389325,15364.619326481573807541,4700.456536329837035737
1586852.263509407406672835,37683.722251786588458344,18169.465784642823564354,5336.902286141199510894
1587953.393530895467847586,36046.691333700640825555,21059.112545413874613587,5985.027889310402315459
1589079.123452087398618460,34133.218294287769822404,23872.988655477740394417,6607.757492230293792090
1590180.253473575459793210,32039.206985178141621873,26470.057336153440701310,7173.878336227053296170
1591208.658929612487554550,29896.875671575515298173,28741.975098459028231446,7660.953123114091795287
1592119.393566933227702975,27859.042257533146766946,30619.517427062593924347,8056.443699824410941801
1592872.653911696514114738,26080.411329506634501740,32070.818076266885327641,8356.797654025509473286
1593435.518872292479500175,24699.721862067206529900,33092.402166531399416272,8564.833790528375175199
1593783.388549017254263163,23825.467468219547299668,33696.026664019540476147,8686.218690109226372442
1593901.059367733774706721,23526.244800046057207510,33895.323712552177312318,8726.017855471631264663
1594018.730186450295150280,23225.290922399814007804,34092.126529357024992350,8765.174857696480103186
1594366.599863175069913268,22325.672812981734750792,34659.208368177154625300,8877.151510414163567475
1594929.464823771035298705,20839.906126973422942683,35529.402783931793237571,9046.210973174389437190
1595682.725168534321710467,18797.117982666211901233,36600.118706835994089488,9248.579893540785633377
1596593.459805854829028249,16252.175540459546027705,37747.039108735138142947,9455.965258331581935636
1597621.865261892089620233,13292.908838459494290873,38841.938251646795833949,9640.006292071038842550
1598722.995283380150794983,10042.016146668436704203,39772.178826250230486039,9776.988313933097742847
1599848.725204572081565857,6651.788858787360368297,40458.314238907398248557,9851.914450722766559920
1600949.855226060142740607,3292.154531524720368907,40865.936341255997831468,9861.025060215795747354
1601978.260682097170501947,134.821117175015388057,41008.892183425785333384,9812.150026283698025509
1602888.995319417910650373,-2662.446363356692017987,40943.050430849492840935,9722.803991261642295285
1603642.255664181197062135,-4967.708035525662126020,40752.174887697510712314,9616.494653088395352825
1604205.120624777162447572,-6680.887153084186138585,40529.257672209358133841,9518.098778106161262258
1604552.990301501937210560,-7734.246304230560781434,40357.324222333911166061,9449.258225408097132458
1604670.661120218457654119,-8089.464162468939321116,40293.282045599255070556,9424.593493107289759791
1604788.331938934978097677,-8444.086391236429335549,40226.273063615670253057,9399.234773869879063568
1605136.201615659752860665,-9488.719047224876703694,40010.873352235190395731,9320.226712940280776820
1605699.066576255718246102,-11165.745728756097378209,39607.883402672137890477,9179.708725648486506543
1606452.326921019004657865,-13380.121357713622273877,38964.316920391291205306,8967.507226291365441284
1607363.061558339511975646,-16002.907892911491217092,38029.433651863604609389,8674.877671201500561438
1608391.467014376772567630,-18879.145169180614175275,36772.393962772570375819,8298.520455135518204770
1609492.597035864833742380,-21840.684638495353283361,35197.451164681471709628,7843.877234516685348353
1610618.326957056764513254,-24722.697788457182468846,33352.853550059728149790,7326.825893526451181970
1611719.456978544825688004,-27380.701548673940123990,31331.050099873922590632,6773.281715630573671660
1612747.862434581853449345,-29704.050150201452197507,29260.066805865622882266,6216.779531604630392394
1613658.597071902593597770,-31622.460662913304986432,27288.245480991907243151,5694.651498175246160827
1614411.857416665880009532,-33104.095588984695496038,25566.008007667966012377,5243.715570741818737588
1614974.722377261845394969,-34146.232094269042136148,24228.412872150547627825,4896.348623122574281297
1615322.592053986620157957,-34761.635338298772694543,23381.166098390713159461,4677.498948558719348512
1615440.262872703140601516,-34964.755128093092935160,23091.139968619922001380,4602.781686379594248137
1615557.933691419893875718,-35165.298499682248802856,22799.412341673865739722,4527.725237728174761287
1615905.803368144668638706,-35742.954989897349150851,21927.237172406174067874,4303.906190310450256220
1616468.668328740634024143,-36628.713630521000595763,20486.368452887989406008,3935.952087357718482963
1617221.928673503920435905,-37717.224952256568940356,18504.509287251166824717,3433.261721147302523605
1618132.663310824427753687,-38880.946775806398363784,16034.291123397655610461,2811.780699490182087175
1619161.068766861688345671,-39988.518265197315486148,13160.421952135868195910,2095.227732455901787034
1620262.198788349749520421,-40924.832954465673537925,10001.663500726230267901,1315.039271489329621545
1621387.928709541680291295,-41609.119640684482874349,6705.799570396549825091,508.690032208416596404
1622489.058731029741466045,-42007.059890339645789936,3438.058141209192399401,-283.395402238626047620
1623517.464187066769227386,-42133.997485489184327889,365.683259345598344225,-1021.617477566856905469
1624428.198824387509375811,-42048.422041054647706915,-2357.418092133470054250,-1670.702601075094207772
1625181.459169150795787573,-41837.355143306143872906,-4602.330068072296853643,-2202.106073762211963185
1625744.324129746761173010,-41597.104326584209047724,-6271.112038142971869092,-2594.936785412408426055
1626092.193806471535935998,-41413.512834302680857945,-7297.366256310597236734,-2835.573006977714612731
1626209.864625188056379557,-41345.365513405537058134,-7643.477056335883389693,-2916.565092660117443302
1626327.535443904576823115,-41274.170187208052084316,-7989.024374609572987538,-2997.342151409169673570
1626675.405120629351586103,-41045.922791963159397710,-9007.023097521385352593,-3234.828042681250735768
1627238.270081225316971540,-40620.670964502445713151,-10641.604058026096026879,-3614.607517925711363205
1627991.530425988603383303,-39944.525113126444921363,-12800.536889104863803368,-4113.201067799856900820
1628902.265063309110701084,-38966.131989112305745948,-15358.581760597175161820,-4699.300293734917431721
1629930.670519346371293068,-37654.786418225798115600,-18165.055643384104769211,-5336.054531641924768337
1631031.800540834432467818,-36015.973314644950733054,-21056.247098156010906678,-5984.449612623235225328
1632157.530462026363238692,-34100.409384649428830016,-23871.444288776016037446,-6607.379793498819708475
1633258.660483514424413443,-32004.131931442949280608,-26469.511651036089460831,-7173.615225005583852180
1634287.065939551452174783,-29859.529095491576299537,-28742.069936039617459755,-7660.718442444844185957
1635197.800576872192323208,-27819.594175242069468368,-30619.925999204388062935,-8056.167772530499860295
1635951.060921635478734970,-26039.184863401758775581,-32071.297954315079550724,-8356.439311008123695501
1636513.925882231444120407,-24657.154696933175728191,-33092.821383137015800457,-8564.385081243855893263
1636861.795558956218883395,-23782.070550779062614311,-33696.359132220728497487,-8685.701832267144709476
1636979.466377672739326954,-23482.567430562055960763,-33895.618289498837839346,-8725.475826400166624808
1637097.137196389259770513,-23181.333333590948313940,-34092.378890061743732076,-8764.606589379671277129
1637445.006873114034533501,-22280.888882682607800234,-34659.310632470056589227,-8876.499450232784511172
1638007.871833709999918938,-20793.795653878660232294,-35529.182282593093987089,-9045.403820201589041972
1638761.132178473286330700,-18749.264897706867486704,-36599.312982758499856573,-9247.528181783223772072
1639671.866815793793648481,-16202.290359866754442919,-37745.296324943185027223,-9454.563336368019008660
1640700.272271831054240465,-13240.865995339067012537,-38838.847441792480822187,-9638.141449299009764218
1641801.402293319115415215,-9987.872709277035028208,-39767.326480638694192749,-9774.555709946502247476
1642927.132214511046186090,-6595.773195913941890467,-40451.354628767345275264,-9848.834343774951776140
1644028.262235999107360840,-3234.622154890508682001,-40856.657035777105193119,-9857.257660968776690424
1645056.667692036135122180,-76.186686144159466494,-40997.257177368832344655,-9807.703927735647084774
1645967.402329356875270605,2721.782878617807000410,-40929.211445610599184874,-9717.736423118820312084
1646720.662674120161682367,5027.421220620213716757,-40736.452778399550879840,-9610.904672447208213271
1647283.527634716127067804,6740.757882270081609022,-40512.104738625559548382,-9512.116525134386392892
1647631.397311440901830792,7794.160696912607818376,-40339.280758368178794626,-9443.033708483470036299
1647749.068130157422274351,8149.383990177702798974,-40274.936692881608905736,-9418.287163693030379363
1647866.738948873942717910,8504.006926141031726729,-40207.625611270930676255,-9392.846731098668897175
1648214.608625598717480898,9548.613996119522198569,-39991.332281358925683890,-9313.597858467555852258
1648777.473586194682866335,11225.511678233095153701,-39586.898741068704111967,-9172.693612685261541628
1649530.733930957969278097,13439.546077137165411841,-38941.417234316853864584,-8959.984801005872213864
1650441.468568278476595879,16061.666357561298354995,-38004.269523471048159990,-8666.762691425692537450
1651469.874024315737187862,18936.828528625243052375,-36744.778877046344859991,-8289.773155208045864129
1652571.004045803798362613,21896.858980506010993849,-35167.386022141588910017,-7834.507894241085523390
1653696.733966995729133487,24776.979779127337678801,-33320.522459024949057493,-7316.891617455354207777
1654797.863988483790308237,27432.831356722213968169,-31296.783313477797491942,-6762.874961490111672902
1655826.269444520818069577,29753.942544726007326972,-29224.278311714915616903,-6206.010809658395373845
1656737.004081841558218002,31670.223262128703936469,-27251.362081209583266173,-5683.630768791606897139
1657490.264426604844629765,33150.014970667012676131,-25528.409189271194918547,-5232.537176469641053700
1658053.129387200810015202,34190.737958818957849871,-24190.395833372524066363,-4885.083121975252652192
1658400.999063925584778190,34805.256080806073441636,-23342.941276950215979014,-4666.192881944423788809
1658518.669882642105221748,35008.074904392524331342,-23052.853700266605301294,-4591.464200676893597119
1658636.340701358625665307,35208.316642716927162837,-22761.069110219985304866,-4516.397498129701489233
1658984.210378083400428295,35785.078239158196083736,-21888.751833197347878013,-4292.554952270418652915
1659547.075338679365813732,36669.382906053615442943,-20447.736637346133647952,-3924.584367157725864672
1660300.335683442652225494,37755.949488983889750671,-18465.842815605610667262,-3421.913306765558445477
1661211.070320763159543276,38917.347361899381212424,-15995.827062179952918086,-2800.517706155611449503
1662239.475776800420135260,40022.370699762766889762,-13122.499675729930459056,-2084.139978327622884535
1663340.605798288481310010,40956.097468600542924833,-9964.671873662307916675,-1304.226324751807624125
1664466.335719480412080884,41637.942919178800366353,-6670.105806961342750583,-498.243121211251491331
1665567.465740968473255634,42033.744280221806548070,-3403.936724312290607486,293.410894413644200540
1666595.871197005501016974,42158.943706111887877341,-333.263464484050928149,1031.174410694444304681
1667506.605834326241165400,42072.061397581615892705,2388.174704695433320012,1679.816807203626012779
1668259.866179089527577162,41860.090177719503117260,4631.621778261229337659,2210.833609399085617042
1668822.731139685492962599,41619.272332029904646333,6299.267439531475247350,2603.366066566135486937
1669170.600816410267725587,41435.377936436700110789,7324.805205084696353879,2843.814880822485065437
1669288.271635126788169146,41367.136460833389719483,7670.671601482514233794,2924.743140023716478026
1669405.942453843308612704,41295.851198374490195420,8015.973591180132643785,3005.456181139210457332
1669753.812130568083375692,41067.362686386528366711,9033.242311550849990454,3242.751864426993051893
1670316.677091164048761129,40641.799455804946774151,10666.630855513350979891,3622.221479917867327458
1671069.937435927335172892,39965.389457169185334351,12823.957926356779353227,4120.399166086213881499
1671980.672073247842490673,38986.908596971268707421,15380.069982345761673059,4705.999548536716247327
1673009.077529285103082657,37675.761640918637567665,18184.410016560541407671,5342.204622264476711280
1674110.207550773164257407,36037.494975452507787850,21073.421563539268390741,5990.039547007521832711
1675235.937471965095028281,34122.819856957728916313,23886.553047969551698770,6612.438628033260101802
1676337.067493453156203032,32027.700384098301583435,26482.805009454103128519,7178.205672011701608426
1677365.472949490183964372,29884.400872160877042916,28753.885736573101894464,7664.924807363646323211
1678276.207586810924112797,27845.768379151086264756,30630.630773890377895441,8060.081728187380576856
1679029.467931574210524559,26066.520580000440531876,32081.234824673818366136,8360.147537719914907939
1679592.332892170175909996,24685.397397086220735218,33102.277766293460445013,8567.961718391385147697
1679940.202568894950672984,23810.886962969983869698,33705.559441317884193268,8689.206783858235212392
1680057.873387611471116543,23511.579800222032645252,33904.739127168046252336,8728.958209150112452335
1680175.544206327991560102,23210.542506980207690503,34101.423888205397815909,8768.067254856743602431
1680523.413883052766323090,22310.684165248145291116,34668.152750269357056823,8879.900902316954670823
1681086.278843648731708527,20824.549253317025431897,35537.763949959386081900,9048.725271786495795823
1681839.539188412018120289,18781.308874994945654180,36607.677519796263368335,9250.773020781276500202
1682750.273825732525438070,16235.883414455187448766,37753.597610294666083064,9457.761327622274620808
1683778.679281769786030054,13276.157684809026250150,38847.332659181054623332,9641.344571437619379140
1684879.809303257847204804,10024.877894098368415143,39776.293358073417039122,9777.828153173255486763
1686005.539224449777975678,6634.368991190996894147,40461.092926345612795558,9852.239136309121022350
1687106.669245937839150429,3274.572658295241126325,40867.390168158417509403,9860.843699332477626740
1688135.074701974866911769,117.190222012308367994,41009.099979961429198738,9811.497021566237890511
1689045.809339295607060194,-2680.037933630439511035,40942.153535149664094206,9721.736280571529277950
1689799.069684058893471956,-4985.208463331255188677,40750.367061388584261294,9615.087414548941524117
1690361.934644654858857393,-6698.284994037392607424,40526.772557294134458061,9516.440542921982341795
1690709.804321379633620381,-7751.566076175811758731,40354.422533973956888076,9447.446234162174732774
1690827.475140096154063940,-8106.755001264195016120,40290.239854701118019875,9422.729750881195286638
1690945.145958812674507499,-8461.347023636837548111,40223.090593588734918740,9397.319417763957972056
1691293.015635537449270487,-9505.882956452471262310,40007.277581915921473410,9318.159609413463840610
1691855.880596133414655924,-11182.729770291400200222,39603.623903840976709034,9177.398946945313582546
1692609.140940896701067686,-13396.819977894228941295,38959.180580829000973608,8964.878839582195723779
1693519.875578217208385468,-16019.194226247993356083,38023.258066352187597658,8671.874739807322839624
1694548.281034254468977451,-18894.879695536372310016,36765.077786537549400236,8295.110580955157274730
1695649.411055742530152202,-21855.730322677445656154,35188.959460469624900725,7840.052944098124498851
1696775.140976934460923076,-24736.938984358486777637,33343.216652790746593382,7322.603424504390204675
1697876.270998422522097826,-27394.062926778373366687,31320.355758771962428000,6768.697268794747287757
1698904.676454459549859166,-29716.511865638000017498,29248.446964558876061346,6211.883658308992380626
1699815.411091780290007591,-31634.066936068040376995,27275.860419315016770270,5689.502767287185633904
1700568.671436543576419353,-33114.955451885973161552,25553.031167999572062399,5238.374819230744833476
1701131.536397139541804790,-34156.512671261829382274,24215.019301139480376150,4890.874879309432799346
1701479.406073864316567779,-34771.549163159252202604,23367.526215151614451315,4671.947610505148986704
1701597.076892580837011337,-34974.543437122869363520,23077.418747186857217457,4597.204907837023711181
1701714.747711297357454896,-35174.960571153242199216,22785.610792805870005395,4522.123429597986614681
1702062.617388022132217884,-35752.239735271003155503,21913.204119774942228105,4298.232807990329092718
1702625.482348618097603321,-36637.375284158777503762,20471.980017634537944105,3930.170652686783796526
1703378.742693381384015083,-37725.030071599561779294,18489.683300640863308217,3427.350963216906166053
1704289.477330701891332865,-38887.685048405233828817,16018.995989077222475316,2805.737445485943680978
1705317.882786739151924849,-39994.016318746995239053,13144.678280558866390493,2089.066949831487363554
1706419.012808227213099599,-40928.968939652819244657,9985.537823906597623136,1308.791093452999120927
1707544.742729419143870473,-41611.835579794053046498,6689.390895178970822599,502.394177328960722662
1708645.872750907205045223,-42008.368998325815482531,3421.479670601394900586,-289.696822446605438017
1709674.278206944232806563,-42133.984842889622086659,349.042784918528923299,-1027.887375524102026247
1710585.012844264972954988,-42047.238687838689656928,-2374.035284187215438578,-1676.915109518749886774
1711338.273189028259366751,-41835.207217387884156778,-4618.872564190569391940,-2208.250378184786313795
1711901.138149624224752188,-41594.239704609412001446,-6287.566085692065826152,-2601.017996789722019457
1712249.007826348999515176,-41410.207606737647438422,-7313.751752680669596884,-2841.610088601077222847
1712366.678645065519958735,-41341.911713573528686538,-7659.836972666242218111,-2922.586364975266405963
1712484.349463782040402293,-41270.568069568224018440,-8005.357504808613157365,-3003.347170479954002076
1712832.219140506815165281,-41041.883796778827672824,-9023.270006272279715631,-3240.782427956242827349
1713395.084101102780550718,-40615.930717896990245208,-10657.689313583345210645,-3620.471865131878075772
1714148.344445866066962481,-39938.859120671026175842,-12816.363417923719680402,-4118.929473268226502114
1715059.079083186574280262,-38959.369822935521369800,-15374.031721866027510259,-4704.841273044128683978
1716087.484539223834872246,-37646.822578287072246894,-18179.998487143115198705,-5341.354507212885437184
1717188.614560711896046996,-36006.772687707416480407,-21070.553810209305083845,-5989.458508403864470893
1718314.344481903826817870,-34090.005773395620053634,-23885.005269002438581083,-6612.057710989736733609
1719415.474503391887992620,-31992.619451560400193557,-26482.254689667643106077,-7177.938860247269985848
1720443.879959428915753961,-29847.047939740441506729,-28753.974696912140643690,-7664.685952816982535296
1721354.614596749655902386,-27806.313674873061245307,-30631.032307165012753103,-8059.801196664930102997
1722107.874941512942314148,-26025.287389314122265205,-32081.706673361630237196,-8359.784231444713441306
1722670.739902108907699585,-24642.823501707374816760,-33102.688202811674273107,-8567.507778166685966426
1723018.609578833682462573,-23767.483342525869375095,-33705.882663178526854608,-8688.684530676817303174
1723136.280397550202906132,-23467.895742285851156339,-33905.024299911608977709,-8728.410729391800487065
1723253.951216266723349690,-23166.578246968419989571,-34101.666686842720082495,-8767.493480662882575416
1723601.820892991498112679,-22265.893630536826094612,-34668.244986181649437640,-8879.243174154495136463
1724164.685853587463498116,-20778.432333781005581841,-35537.532669326792529318,-9047.912192663245150470
1724917.946198350749909878,-18733.449650846974691376,-36606.860025586131087039,-9249.715047758372747921
1725828.680835671257227659,-16185.992609737993916497,-37751.841894586141279433,-9456.352759881245219731
1726857.086291708517819643,-13224.109980695502599701,-38844.227675966489186976,-9639.472683258538381779
1727958.216313196578994393,-9970.730612125800689682,-39771.425620960108062718,-9775.388125506413416588
1729083.946234388509765267,-6578.350714836822589859,-40454.116828690319380257,-9849.151281390202711918
1730185.076255876570940018,-3217.039034464018186554,-40858.093476097834354732,-9857.068303966612802469
1731213.481711913598701358,-58.555938400881132111,-40997.446922100840311032,-9807.042762489882079535
1732124.216349234338849783,2739.372992542950669304,-40928.296062121626164299,-9716.660463877031361335
1732877.476693997625261545,5044.919071761338273063,-40734.626217941746290307,-9609.489154761200552457
1733440.341654593590646982,6758.152294555125990883,-40509.600775153368886095,-9510.450013290401329868
1733788.211331318365409970,7811.476509726053336635,-40336.360181005547929090,-9441.213453009384465986
1733905.882150034885853529,8166.670689993450650945,-40271.875604563851084094,-9416.415163327672416926
1734023.552968751406297088,8521.263239582447567955,-40204.424238072351727169,-9390.923123893526280881
1734371.422645476181060076,9565.773053981742123142,-39987.717606474288913887,-9311.522530204465510906
1734934.287606072146445513,11242.490008429071167484,-39582.620384867412212770,-9170.375669394352371455
1735687.547950835432857275,13456.237845646595815197,-38936.262195941635582130,-8957.348363579681972624
1736598.282588155940175056,16077.944492416834691539,-37998.075574302689346951,-8663.751896653755466104
1737626.688044193200767040,18952.553402040532091632,-36737.444898405687126797,-8286.355691484141061665
1738727.818065681261941791,21911.893563367804745212,-35158.877319536746654194,-7830.676375368575463654
1739853.547986873192712665,24791.208542228123405948,-33310.869583148152742069,-7312.662353995221565128
1740954.678008361253887415,27446.179174783086637035,-31286.074161590651783627,-6758.284199100418845774
1741983.083464398281648755,29766.389825607097009197,-29212.644878377781424206,-6201.109107575810412527
1742893.818101719021797180,31681.814483536785701290,-27238.964589941890153568,-5678.476664697251180769
1743647.078446482308208942,33160.859389513178030029,-25515.420926866696390789,-5227.191440987831811071
1744209.943407078273594379,34201.002870796626666561,-24176.991611828671011608,-4879.604689923779005767
1744557.813083803048357368,34815.154135513032088056,-23329.291226600871596020,-4660.637039711664328934
1744675.483902519568800926,35017.847413182171294466,-23039.122476067968818825,-4585.882980350719662965
1744793.154721236089244485,35217.962886632682057098,-22747.257723272887233179,-4510.791310654278277070
1745141.024397960864007473,35794.347092509997310117,-21874.709430937764409464,-4286.877375300764470012
1745703.889358556829392910,36678.028614944574655965,-20433.339645508785906713,-3918.799036225094823749
1746457.149703320115804672,37763.738692606595577672,-18451.009331584085884970,-3415.999048494059024961
1747367.884340640623122454,38924.069904299249174073,-15980.525692882125440519,-2794.471420258074431331
1748396.289796677883714437,40027.853424764965893701,-13106.751147616763773840,-2077.976671551145045669
1749497.419818165944889188,40960.218769718689145520,-9948.542731378336611670,-1297.976131483237622888
1750623.149739357875660062,41640.645043239725055173,-6653.694966208298865240,-491.945724084298490197
1751724.279760845936834812,42035.040605501068057492,-3387.357211917747918051,299.713449469976694672
1752752.685216882964596152,42158.919383526488672942,-316.622844560180965345,1037.445118923880727380
1753663.419854203704744577,42070.867432278755586594,2404.791385371128853876,1686.029887529299230664
1754416.680198966991156340,41857.932573890488129109,4648.163323428372677881,2216.978325223759384244
1754979.545159562956541777,41616.398753165442030877,6315.720271389822300989,2609.447591754584209411
1755327.414836287731304765,41432.064205091854091734,7341.189349975327786524,2849.852225623535559862
1755445.085655004251748323,41363.674311540555208921,7687.030125257449981291,2930.764660072372862487
1755562.756473720772191882,41292.240886048122774810,8032.305290212745603640,3011.461433352587846457
1755910.626150445546954870,41063.315956305421423167,9049.487689458655950148,3248.706444696441394626
1756473.491111041512340307,40637.052222960337530822,10682.714464940952893812,3628.085976205684346496
1757226.751455804798752069,39959.717481930914800614,12839.782743704396125395,4126.127689561724764644
1758137.486093125306069851,38980.141648396092932671,15395.518287834602233488,4711.540653973735970794
1759165.891549162566661835,37667.794333618308883160,18199.351440035628911573,5347.504791096236658632
1760267.021570650627836585,36028.292211681779008359,21087.727300318780180532,5995.048771976411444484
1761392.751491842558607459,34112.415354067634325475,23900.113697552013036329,6617.117075952619416057
1762493.881513330619782209,32016.188089337374549359,26495.548512502464291174,7182.530087853700024425
1763522.286969367647543550,29871.920759590517263860,28765.791829624104138929,7668.893371850170296966
1764433.021606688387691975,27832.489549495454411954,30641.739264923038717825,8063.716474419610676705
1765186.281951451674103737,26052.625195097352843732,32091.646476440022524912,8363.494015882175517618
1765749.146912047639489174,24671.068541896704118699,33112.148099381367501337,8571.086155182949369191
1766097.016588772414252162,23796.302222783851902932,33715.086851254927751143,8692.191336603636955260
1766214.687407488934695721,23496.910618606663774699,33914.149141143665474374,8731.895005448057418107
1766332.358226205455139279,23195.789963219023775309,34110.715813531081948895,8770.956078522203824832
1766680.227902930229902267,22295.691548948816489428,34677.091603970162395854,8882.646674627385436906
1767243.092863526195287704,20809.188674944161903113,35546.119441683411423583,9051.235881150298155262
1767996.353208289481699467,18765.496425409510266036,36615.230478061370376963,9252.962375299603081658
1768907.087845609989017248,16219.588398507505189627,37760.150062761276785750,9459.553538454760200693
1769935.493301647249609232,13259.404166818305384368,38852.720830161131743807,9642.678916010952889337
1771036.623323135310783982,10007.737854630395304412,39780.401491214528505225,9778.664000365364699974
1772162.353244327241554856,6616.947938871278893203,40463.865091966938052792,9852.559797902189529850
1773263.483265815302729607,3256.990197182341944426,40868.837395239395846147,9860.658309345968518755
1774291.888721852330490947,99.559299911081325263,41009.301142082324076910,9810.840006388394613168
1775202.623359173070639372,-2697.629033807024825364,40941.250005675370630343,9720.664594820254933438
1775955.883703936357051134,-5002.708011464506853372,40748.552623775678512175,9613.676243448300738237
1776518.748664532322436571,-6715.681650865182746202,40524.280860883307468612,9514.778414701830115519
1776866.618341257097199559,-7768.884476804465521127,40351.514288117185060401,9445.630377588115152321
1776984.289159973617643118,-8124.044405616645235568,40287.191115378234826494,9420.862153263782602153
1777101.959978690138086677,-8478.606158568116370589,40219.901584690735035110,9395.400216487430952839
1777449.829655414912849665,-9523.045182535017374903,40003.675303762145631481,9316.088692582465228043
1778012.694616010878235102,-11199.711830621177796274,39599.357956254687451292,9175.085411686703082523
1778765.954960774164646864,-13413.516223236510995775,38954.037888597064011265,8962.246782137101035914
1779676.689598094671964645,-16035.477718479523900896,38017.076269829944067169,8668.868256221079718671
1780705.095054131932556629,-18910.610869392345193774,36757.755592159293883014,8291.697307240237933001
1781806.225075619993731380,-21870.772127795557025820,35180.461982232816808391,7836.225438755956929526
1782931.954996811924502254,-24751.175788610766176134,33333.574269513897888828,7318.377950716783743701
1784033.085018299985677004,-27407.419440358469728380,31309.656249116473190952,6764.110042372738462291
1785061.490474337013438344,-29728.968303106317762285,29236.822281268723600078,6206.985231928547364078
1785972.225111657753586769,-31645.667589904332999140,27263.470827692486636806,5684.351695986018967233
1786725.485456421039998531,-33125.809431781584862620,25540.050071631856553722,5233.031911037416648469
1787288.350417017005383968,-34166.787179715523961931,24201.621686083562963177,4885.399120389969539247
1787636.220093741780146956,-34781.456809916591737419,23353.882422713861160446,4666.394346561070051393
1787753.890912458300590515,-34984.325531887763645500,23063.693662741985463072,4591.626233866109032533
1787871.561731174821034074,-35184.616392656287644058,22771.805427395105652977,4516.519756639978368185
1788219.431407899595797062,-35761.518127844727132469,21899.167389612943225075,4292.557652104549561045
1788782.296368495561182499,-36646.030427282734308392,20457.588134784549765754,3924.387594516758326790
1789535.556713258847594261,-37732.828486565558705479,18474.854183150753669906,3421.438786846954826615
1790446.291350579354912043,-38894.416409215016756207,16003.698119355663948227,2799.693026638959054253
1791474.696806616615504026,-39999.507263123115990311,13128.932334648743562866,2082.905294870861325762
1792575.826828104676678777,-40933.097648800408933312,9969.410380527675442863,1302.542361674268249772
1793701.556749296607449651,-41614.544120598176959902,6672.980984326750331093,496.098098107982877991
1794802.686770784668624401,-42009.670636723109055310,3404.900491759479336906,-295.998143308892394998
1795831.092226821696385741,-42133.964707557890505996,332.402099069506220985,-1034.156872347093667486
1796741.826864142436534166,-42046.047856652025075164,-2390.652246625795669388,-1683.126951387714143493
1797495.087208905722945929,-41833.051850679643393960,-4635.414466589390940499,-2214.393798669430907466
1798057.952169501688331366,-41591.367684317599923816,-6304.019268549680418801,-2607.098163510303493240
1798405.821846226463094354,-41406.895013367138744798,-7330.136217595711059403,-2847.646027098971899250
1798523.492664942983537912,-41338.450560009012406226,-7676.195801271991513204,-2928.606461020108326920
1798641.163483659503981471,-41266.958610812631377485,-8021.689491091230593156,-3009.350980222961879917
1798989.033160384278744459,-41037.837500942834594753,-9039.515605490589223336,-3246.735506704348154017
1799551.898120980244129896,-40611.183246048596629407,-10673.772993488171778154,-3626.334750366901062080
1800305.158465743530541658,-39933.186022894886264112,-12832.188019195506058168,-4124.656212614887408563
1801215.893103064037859440,-38952.600725154821702745,-15389.479338074037514161,-4710.380346211177311488
1802244.298559101298451424,-37638.852039501500257757,-18194.938526820325932931,-5346.652315757275573560
1803345.428580589359626174,-35997.565653246325382497,-21084.857244314560375642,-5994.464971386400065967
1804471.158501781290397048,-34079.596095050183066633,-23898.562508681723556947,-6616.732940198891810724
1805572.288523269351571798,-31981.101277141329774167,-26494.993559760907373857,-7182.259574859906933852
1806600.693979306379333138,-29834.561470549982914235,-28765.874913668194494676,-7668.650342539922348806
1807511.428616627119481564,-27793.028223731053003576,-30642.133759759301028680,-8063.431337679076023051
1808264.688961390405893326,-26011.385280970913299825,-32092.110295809739909600,-8363.125745306761018583
1808827.553921986371278763,-24628.487917951737472322,-33112.549755616048059892,-8570.626982950294404873
1809175.423598711146041751,-23752.891901332382985856,-33715.400826455959759187,-8691.663687008005581447
1809293.094417427666485310,-23453.219874320049711969,-33914.424909330024092924,-8731.342073927817182266
1809410.765236144186928868,-23151.819034218286105897,-34110.949049708950042259,-8770.376797375394744449
1809758.634912868961691856,-22250.894412365239986684,-34677.173811023174494039,-8881.983277415283737355
1810321.499873464927077293,-20763.065312087965139654,-35545.877381137623160612,-9050.416874838303556317
1811074.760218228213489056,-18717.631065933463105466,-36614.401212990334897768,-9251.898140033832532936
1811985.494855548720806837,-16169.691974455919989850,-37758.381414423747628462,-9458.138324080626262003
1813013.900311585981398821,-13207.351607457232603338,-38849.601672851531475317,-9640.799981729369392269
1814115.030333074042573571,-9953.586734820586571004,-39775.518362304712354671,-9776.216548615959254676
1815240.760254265973344445,-6560.927056771201023366,-40456.872507055340975057,-9849.464194965848946595
1816341.890275754034519196,-3199.455334641468652990,-40859.523317736857279669,-9856.874918226976660662
1817370.295731791062280536,-40.925172849056252744,-40997.630034403227909934,-9806.377587625300293439
1818281.030369111802428961,2756.962626825588813517,-40927.374047368932224344,-9715.580530802146313363
1819034.290713875088840723,5062.416033330875507090,-40732.793049373365647625,-9608.069706093179775053
1819597.155674471054226160,6775.545512677672377322,-40507.090233910297683906,-9508.779610249455799931
1819945.025351195828989148,7828.790941093619039748,-40333.433050187006301712,-9439.389334205488921725
1820062.696169912349432707,8183.955945213827362750,-40268.807971965921751689,-9414.539309622510700137
1820180.366988628869876266,8538.518045382610580418,-40201.216330254326749127,-9388.995673622552203597
1820528.236665353644639254,9582.930418489537260029,-39984.096428337848919909,-9309.443390900758458884
1821091.101625949610024691,11259.466347159854194615,-39578.335585070184606593,-9168.053972058720319183
1821844.361970712896436453,13472.927229115775844548,-38931.100810767027724069,-8954.708258267748533399
1822755.096608033403754234,16094.219776123798510525,-37991.875420901800680440,-8660.737552939704983146
1823783.502064070664346218,18968.274913217908760998,-36730.104909497189510148,-8282.934831906832187087
1824884.632085558725520968,21926.924257935992500279,-35150.362851478967058938,-7826.841645703441827209
1826010.362006750656291842,24805.432905107772967312,-33301.211230738896119874,-7308.430090333125917823
1827111.492028238717466593,27459.522120591289422009,-31275.359851359266031068,-6753.690662027127473266
1828139.897484275745227933,29778.831821695006510708,-29201.006613922181713860,-6196.204857612750856788
1829050.632121596485376358,31693.400079637802264187,-27226.562580215620982926,-5673.320225563622443588
1829803.892466359771788120,33171.697920135258755181,-25502.428419592666614335,-5221.843554340093760402
1830366.757426955737173557,34211.261709611899277661,-24163.583358260679233354,-4874.124248361937134177
1830714.627103680511936545,34825.046007862350961659,-23315.637279197449970525,-4655.079277222534074099
1830832.297922397032380104,35027.613703574323153589,-23025.387401040286931675,-4580.299870241922690184
1830949.968741113552823663,35227.602876574419497047,-22733.442532008390116971,-4505.183264009619961143
1831297.838417838327586651,35803.609589413426874671,-21860.663363483610737603,-4281.198030458030189038
1831860.703378434292972088,36686.667810256280063186,-20418.939218522857117932,-3913.012087518081898452
1832613.963723197579383850,37771.521189600847719703,-18436.172729242469358724,-3410.083377527271295548
1833524.698360518086701632,38930.785533636495529208,-15965.221600765238690656,-2788.423975245294059278
1834553.103816555347293615,40033.329040611781238113,-13091.000357678036380094,-2071.812498068169588805
1835654.233838043408468366,40964.332795655041991267,-9932.411834761376667302,-1291.725389942725087167
1836779.963759235339239240,41643.339771077655314002,-6637.282901652033615392,-485.648107852985049249
1837881.093780723400413990,42036.329464355170784984,-3370.777002606417227071,306.015900213073109626
1838909.499236760428175330,42158.887572388921398669,-299.982023926328110974,1043.715421360719119548
1839820.233874081168323755,42069.665993811737280339,2421.407826298971485812,1692.242296932998215198
1840573.494218844454735518,41855.767534546263050288,4664.704265264917921741,2223.122153026784872054
1841136.359179440420120955,41613.517781637550797313,6332.172229366500687320,2615.528068410034393310
1841484.228856165194883943,41428.743113801989238709,7357.572454488959920127,2855.888423555797999143
1841601.899674881715327501,41360.204814438475295901,7703.387552479871374089,2936.785000153851797222
1841719.570493598235771060,41288.623238588508684188,8048.635836599052709062,3017.465472587011390715
1842067.440170323010534048,41059.261931727465707809,9065.731749396429222543,3254.659714928688117652
1842630.305130918975919485,40632.297771239944268018,10698.796490730375808198,3633.949007216468089609
1843383.565475682262331247,39954.038407971442211419,12855.605626146898430306,4131.854543915111207752
1844294.300113002769649029,38973.367775083810556680,15410.964241698042314965,4717.079850593208902865
1845322.705569040030241013,37659.820334604301024228,18214.290053814307611901,5352.802790613006436615
1846423.835590528091415763,36019.083047310181427747,21102.029754524708550889,6000.055562272760653286
1847549.565511720022186637,34102.004790788807440549,23913.670602973208588082,6621.792834157682591467
1848650.695533208083361387,32004.670106591947842389,26508.287844331593078095,7186.851581975444787531
1849679.100989245111122727,29859.435339894436765462,28777.693376686082046945,7672.858814931567394524
1850589.835626565851271152,27819.205775056325364858,30652.842899303541344125,8067.347937021730103879
1851343.095971329137682915,26038.725181605957914144,32102.053030718707304914,8366.837087122816228657
1851905.960931925103068352,24656.735303586639929563,33122.013165058226149995,8574.207099627912612050
1852253.830608649877831340,23781.713254880451131612,33724.608893183649342973,8695.172347131976493984
1852371.501427366398274899,23482.237262457434553653,33923.553753857508127112,8734.828243173344162642
1852489.172246082918718457,23181.033298417518381029,34120.002304739908140618,8773.841327520092818304
1852837.041922807693481445,22280.694971508870366961,34686.024928761769842822,8885.388826232991050347
1853399.906883403658866882,20793.824399541656021029,35554.469258683857333381,9053.742800265206824406
1854153.167228166945278645,18749.680641892889980227,36622.777581452515732963,9255.147956231730859145
1855063.901865487452596426,16203.290500990638975054,37766.696466121014964301,9461.341890157555098995
1856092.307321524713188410,13242.648293250764254481,38858.102764825460326392,9644.009325319673735066
1857193.437343012774363160,9990.596037381852511317,39784.503226594657462556,9779.495855300227049156
1858319.167264204705134034,6599.525711359048727900,40466.630737207022320945,9852.876435556716387509
1859420.297285692766308784,3239.407158007437828928,40870.278024739709508140,9860.468890720081617474
1860448.702741729794070125,81.928360886464361101,41009.495672907687549014,9810.178981605602530180
1861359.437379050534218550,-2715.219653767009731382,40940.339845975518983323,9719.588935117621076643
1862112.697723813820630312,-5020.206669610401149839,40746.731578967192035634,9612.261141149478135048
1862675.562684409786015749,-6733.077113254403229803,40521.782587496687483508,9513.112394969944944023
1863023.432361134560778737,-7786.201495777291711420,40348.599489508553233463,9443.810657313069896190
1863141.103179851081222296,-8141.332365182403009385,40284.135832450068846811,9418.990701916356556467
1863258.773998567601665854,-8495.863785689405631274,40216.706041815581556875,9393.477171735858064494
1863606.643675292376428843,-9540.205715154937934130,40000.066522919696581084,9314.013964247385956696
1864169.508635888341814280,-11216.691899450204800814,39595.085565450724971015,9172.768121837134458474
1864922.768980651628226042,-13430.210083545825909823,38948.888849720016878564,8959.611056158746578149
1865833.503617972135543823,-16051.758359571627806872,38010.888268925838929135,8665.858222908069365076
1866861.909074009396135807,-18926.338680991611909121,36750.427386876785021741,8288.280636735920779756
1867963.039095497457310557,-21885.810044306970667094,35171.958737776272755582,7832.394721575741641573
1869088.769016689388081431,-24765.408192118338774890,33323.926408578299742658,7314.149475562115185312
1870189.899038177449256182,-27420.771080894104670733,31298.951579886146646459,6759.520040017747305683
1871218.304494214477017522,-29741.419454732618760318,29225.192765547551971395,6202.084256410327725462
1872129.039131535217165947,-31657.262617032683920115,27251.076716192656022031,5679.198288378966026357
1872882.299476298503577709,-33136.657521737448405474,25527.064729029902082402,5227.686850414340369753
1873445.164436894468963146,-34177.055613091855775565,24188.220037683502596337,4879.921350720765985898
1873793.034113619243726134,-34791.358272256969939917,23340.234731960699718911,4660.839161143832825474
1873910.704932335764169693,-34994.101406151487026364,23049.964726227692153770,4586.045668904223930440
1874028.375751052284613252,-35194.265958030533511192,22757.996256446356710512,4510.914223313468028209
1874376.245427777059376240,-35770.790161665820050985,21885.126993102843698580,4286.880727173198465607
1874939.110388373024761677,-36654.679054319218266755,20443.192815755384799559,3918.602917450383756659
1875692.370733136311173439,-37740.620192069851327688,18460.021946555825707037,3415.525196759865139029
1876603.105370456818491220,-38901.140853973396588117,15988.397526378634211142,2793.647447801098678610
1877631.510826494079083204,-40004.991094776720274240,13113.184126854765054304,2076.742772527873967192
1878732.640847982140257955,-40937.219078902911860496,9953.281183355378743727,1296.293081196394268773
1879858.370769174071028829,-41617.245261086907703429,6656.569850799518462736,489.801799648344967864
1880959.500790662132203579,-42010.964804546267259866,3388.320617777186271269,-302.299359699341948726
1881987.906246699159964919,-42133.937079762079520151,315.761214927661058027,-1040.425962934832568862
1882898.640884019900113344,-42044.849548604892333969,-2407.268966308904055040,-1689.338121636867072084
1883651.901228783186525106,-41830.889045022515347227,-4651.955762165707710665,-2220.536330211072709062
1884214.766189379151910543,-41588.488268101442372426,-6320.471573700306180399,-2613.177280621466707089
1884562.635866103926673532,-41403.575056870788102970,-7346.519638071877125185,-2853.680817557129557827
1884680.306684820447117090,-41334.982055494823725894,-7692.553529188146058004,-2934.625375894576791325
1884797.977503536967560649,-41263.341813824750715867,-8038.020320519681263249,-3015.353575751223615953
1885145.847180261742323637,-41033.783907636679941788,-9055.759882333564746659,-3252.687274082602016279
1885708.712140857707709074,-40606.428552631899947301,-10689.855085043112921994,-3632.196168840202517458
1886461.972485620994120836,-39927.505824220046633855,-12848.010680438826966565,-4130.381281171730734059
1887372.707122941501438618,-38945.824700852535897866,-15404.924596892546105664,-4715.917508673659540364
1888401.112578978762030602,-37630.874807975866133347,-18209.875750431667256635,-5351.947952899421579787
1889502.242600466823205352,-35988.352217817358905450,-21099.157388988758611958,-5999.468997422411121079
1890627.972521658753976226,-34069.180356725730234757,-23912.115996962289500516,-6621.405477290312774130
1891729.102543146815150976,-31969.577416022919351235,-26507.728250989566731732,-7186.577365305080093094
1892757.507999183842912316,-29822.069696549006039277,-28777.770576726521539968,-7672.611608411456472822
1893668.242636504583060741,-27779.737830932863289490,-30653.230348070959735196,-8067.058192616832457134
1894421.502981267869472504,-25997.478547885693842545,-32102.508813259068119805,-8366.463849852831117460
1894984.367941863834857941,-24614.147955428488785401,-33122.406033581930387300,-8573.742693055575728067
1895332.237618588609620929,-23738.296237104252213612,-33724.913614371202129405,-8694.639298834294095286
1895449.908437305130064487,-23438.539836617797845975,-33923.820110157706949394,-8734.269857621207847842
1895567.579256021650508046,-23137.055705334205413237,-34120.225971158586617094,-8773.256537169954754063
1895915.448932746425271034,-22235.891238290962064639,-34686.097099747967149597,-8884.719757778375424095
1896478.313893342390656471,-20747.694599100534105673,-35554.216411196153785568,-9052.917864683005973347
1897231.574238105677068233,-18701.809153502021217719,-36621.936538801986898761,-9254.077456820561565110
1898142.308875426184386015,-16153.388464744348311797,-37764.914878937874163967,-9459.920027510301224538
1899170.714331463444977999,-13190.590886601392412558,-38854.969427790019835811,-9642.123343617227874347
1900271.844352951506152749,-9936.441088476363802329,-39779.604700963471259456,-9777.040978544895551750
1901397.574274143436923623,-6543.502232914004707709,-40459.621661092613067012,-9849.773084094902515062
1902498.704295631498098373,-3181.871066735271597281,-40860.946558408199052792,-9856.677503785156659433
1903527.109751668525859714,-23.294400786195183173,-40997.806512762581405696,-9805.708403495935272076
1904437.844388989266008139,2774.551770194288110361,-40926.445400620948930737,-9714.496624522706042626
1905191.104733752552419901,5079.912094133760547265,-40730.953272555394505616,-9606.646327313481378951
1905753.969694348517805338,6792.937525483634090051,-40504.573115175262500998,-9507.105317043935428956
1906101.839371073292568326,7846.103979924548184499,-40330.499366428142820951,-9437.561353206148851314
1906219.510189789813011885,8201.239744762977352366,-40265.733795691594423261,-9412.659603747490109527
1906337.181008506333455443,8555.771332485455786809,-40198.001888504739326891,-9387.064381490907180705
1906685.050685231108218431,9600.086078646447276697,-39980.468747894767147955,-9307.360441869512214907
1907247.915645827073603868,11276.440683529566740617,-39574.044342958390188869,-9165.728522168859853991
1908001.175990590360015631,13489.614216792251681909,-38925.933080502807570156,-8952.064486782453968772
1908911.910627910867333412,16110.492198179330443963,-37985.669065616115403827,-8657.719662242025151500
1909940.316083948127925396,18983.993051982339238748,-36722.758913212477636989,-8279.510578713767245063
1911041.446105436189100146,21941.951054341014241800,-35141.842621794923616108,-7823.003707724545165547
1912167.176026628119871020,24819.652858321409439668,-33291.547406177058292087,-7304.194829170979573973
1913268.306048116181045771,27472.860185184370493516,-31264.640387824758363422,-6749.094353240836426266
1914296.711504153208807111,29791.268524587940191850,-29189.363524078413320240,-6191.298062961936011561
1915207.446141473948955536,31704.980042499344563112,-27214.156058018117619213,-5668.161454745024457225
1915960.706486237235367298,33182.530554952885722741,-25489.431673822015000042,-5216.493519979450866231
1916523.571446833200752735,34221.514468037377810106,-24150.171079268700850662,-4868.641800831692307838
1916871.441123557975515723,34834.931690848752623424,-23301.979441476076317485,-4649.519598066262915381
1916989.111942274495959282,35037.373768638441106305,-23011.648481968346459325,-4574.714873954459108063
1917106.782760991016402841,35237.236605679005151615,-22719.623543250396323856,-4499.573361812488656142
1917454.652437715791165829,35812.865723208378767595,-21846.613637784517777618,-4275.516921391574214795
1918017.517398311756551266,36695.300485705811297521,-20404.535363531693292316,-3907.223524741459186771
1918770.777743075042963028,37779.296974190365290269,-18421.333015971838904079,-3404.166297644938822486
1919681.512380395550280809,38937.494245009351288900,-15949.914793535157514270,-2782.375374959412511089
1920709.917836432810872793,40038.797542730200802907,-13075.247313789113832172,-2065.647461782305981615
1921811.047857920872047544,40968.439542871288722381,-9916.279191956877184566,-1285.474104077185984352
1922936.777779112802818418,41646.027099901199107990,-6620.869621579557133373,-479.350276490304167964
1924037.907800600863993168,42037.610854758269852027,-3354.196104806869698223,312.318242689963881276
1925066.313256637891754508,42158.848271307673712727,-283.341011050179076847,1049.985314087845836184
1925977.047893958631902933,42068.457081638414820191,2438.024019029900955502,1698.454031551160369418
1926730.308238721918314695,41853.595059817096625920,4681.244595372096227948,2229.265088998150531552
1927293.173199317883700132,41610.629417931799252983,6348.623305127934145276,2621.607492772300247452
1927641.042876042658463120,41425.414663270952587482,7373.954510323681461159,2861.923470891450051568
1927758.713694759178906679,41356.727970308820658829,7719.743874866493570153,2942.804156550168045214
1927876.384513475699350238,41284.998256853803468402,8064.965222074162738863,3023.468295134449363104
1928224.254190200474113226,41055.200613722226989921,9081.974483163539844099,3260.611671445270985714
1928787.119150796439498663,40627.536102138015849050,10714.876924813237565104,3639.810569339742869488
1929540.379495559725910425,39948.352237413193506654,12871.426565772366302554,4137.579725635549038998
1930451.114132880233228207,38966.586979633684677538,15426.407836113568919245,4722.617135040773064247
1931479.519588917493820190,37651.839646989967150148,18229.225850390714185778,5358.098617640634984127
1932580.649610405554994941,36009.867486173774523195,21116.328918898921983782,6005.059914928240687004
1933706.379531597485765815,34091.588171614821476396,23927.223757319596188609,6626.465899857537806383
1934807.509553085546940565,31993.146440728123707231,26521.022998268228548113,7191.170151815595090738
1935835.915009122574701905,29846.944618404399079736,28789.590371534672158305,7676.821134246731162420
1936746.649646443314850330,27805.917061375941557344,30663.941671301123278681,8070.976113813308984390
1937499.909991206601262093,26024.820545295740885194,32112.454482179578917567,8370.176749430675045005
1938062.774951802566647530,24642.397688040997309145,33131.872958229367213789,8577.324549821632899693
1938410.644628527341410518,23767.120065242539567407,33734.125562148612516467,8698.149813615911625675
1938528.315447243861854076,23467.559737799478170928,33932.952960404662007932,8737.757920526046291343
1938645.986265960382297635,23166.272518638077599462,34129.283356976673530880,8776.723000079180565081
1938993.855942685157060623,22265.694439108039659914,34694.952719954751955811,8888.127355445545617840
1939556.720903281122446060,20778.456433410312456544,35562.813396525547432248,9056.246027577339191339
1940309.981248044408857822,18733.861530896763724741,36630.318825900532829110,9257.329762219820622704
1941220.715885364916175604,16186.989728522043151315,37773.236816809490846936,9463.126381616943035624
1942249.121341402176767588,13225.890070822577399667,38863.478460025951790158,9645.335798515725400648
1943350.251362890237942338,9973.452449150870961603,39788.598561380036699120,9780.323717437704544864
1944475.981284082168713212,6582.102315467338485178,40469.389859898925351445,9853.189049022845210857
1945577.111305570229887962,3221.823547557483834680,40871.712054551324399654,9860.275443360738790943
1946605.516761607257649302,64.297411727275175508,41009.683570327055349480,9809.513947343226391240
1947516.251398927997797728,-2732.809786756966786925,40939.423054267470433842,9718.509301792020778521
1948269.511743691284209490,-5037.704431201775150839,40744.903925455924763810,9610.842108123591970070
1948832.376704287249594927,-6750.471374656517582480,40519.277735841278627049,9511.442484317934940918
1949180.246381012024357915,-7803.517126595113950316,40345.678136972412175965,9441.987074004142414196
1949297.917199728544801474,-8158.618873475796135608,40281.074004783753480297,9417.115397531413691468
1949415.588018445065245032,-8513.119898530167120043,40213.503963874063629191,9391.550284226532312459
1949763.457695169840008020,-9557.364547891054826323,39996.451238421133894008,9311.935425193913033581
1950326.322655765805393457,-11233.669970422495680396,39590.806730640928435605,9170.447078298244377947
1951079.583000529091805220,-13446.901552574221568648,38943.733463591306644958,8956.971662689165896154
1951990.317637849599123001,-16068.036143438403087202,38004.694063395603734534,8662.844641065157702542
1953018.723093886859714985,-18942.063124371205049101,36743.093170859261590522,8284.860570840237414814
1954119.853115374920889735,-21900.844066576544719283,35163.449727725579577964,7828.560794096605604864
1955245.583036566851660609,-24779.636189573888259474,33314.273070928051311057,7309.918000755065804697
1956346.713058054912835360,-27434.117843402062135283,31288.241752205758530181,6754.927263644223785377
1957375.118514091940596700,-29753.865315701325016562,29213.558418823748070281,6197.180733773557221866
1958285.853151412680745125,-31668.852012887109594885,27238.678086361258465331,5674.042546630536890007
1959039.113496175967156887,-33147.499717371050792281,25514.075141866102057975,5222.339639623349285102
1959601.978456771932542324,-34187.317967146147566382,24174.814357723451394122,4874.441572627451023436
1959949.848133496707305312,-34801.253546066560375039,23326.583144703290599864,4655.282056612593805767
1960067.518952213227748871,-35003.871055840143526439,23036.231939470271754544,4580.463215321293318993
1960185.189770929748192430,-35203.909263242596352939,22744.183281796627852600,4505.306831998275811202
1960533.059447654522955418,-35780.055832823367381934,21871.082932117969903629,4281.202035601474563009
1961095.924408250488340855,-36663.321161510051751975,20428.794062480905267876,3912.816623937562326319
1961849.184753013774752617,-37748.405184660667146090,18445.186592827194544952,3409.610195452105472214
1962759.919390334282070398,-38907.858379402758146171,15973.094212180578324478,2787.600711501892874367
1963788.324846371542662382,-40010.467810762675071601,13097.433659248628828209,2070.579385364651898271
1964889.454867859603837132,-40941.333227752336824778,9937.150234480031940620,1290.043254597336272127
1966015.184789051534608006,-41619.938999471814895514,6640.157496717401954811,483.505284521021167166
1967116.314810539595782757,-42012.251500270889664534,3371.740050804444763344,-308.600469054430504912
1968144.720266576623544097,-42133.901957717011100613,299.120134616845462006,-1046.694644741024603718
1969055.454903897363692522,-42043.643762178471661173,-2423.885441157392051537,-1695.548617747854223126
1969808.715248660650104284,-41828.718799013862735592,-4668.496448890662577469,-2226.677970336526414030
1970371.580209256615489721,-41585.601454610223299824,-6336.922999100184824783,-2619.255345670748283737
1970719.449885981390252709,-41400.247736002071178518,-7362.902012111975636799,-2859.714457542644595378
1970837.120704697910696268,-41331.506198803006554954,-7708.910154431017872412,-2940.643107171412339085
1970954.791523414431139827,-41259.717677395892678760,-8054.349991114235308487,-3021.354954644872123026
1971302.661200139205902815,-41029.723015698007657193,-9072.002834827064361889,-3258.637727690229439759
1971865.526160735171288252,-40601.666636565103544854,-10705.935586298241105396,-3638.056118196875104331
1972618.786505498457700014,-39921.818523564710631035,-12863.831399718656030018,-4136.104676640194156789
1973529.521142818965017796,-38939.041749151758267544,-15420.367496559752908070,-4721.452758257810273790
1974557.926598856225609779,-37622.890882833264186047,-18224.810156474246468861,-5357.241416576385745429
1975659.056620344286784530,-35979.132381012997939251,-21113.454242758809414227,-6004.470584597040215158
1976784.786541536217555404,-34058.758558543733670376,-23925.665732387809839565,-6626.075320429701605462
1977885.916563024278730154,-31958.047868412322713993,-26520.458761996014800388,-7190.892229852333912277
1978914.322019061306491494,-29809.572617994956090115,-28789.661684727652755100,-7676.569748772375533008
1979825.056656382046639919,-27766.442496724761440419,-30664.322070777772751171,-8070.681759970097118639
1980578.317001145333051682,-25983.567190306595875882,-32112.902224390192714054,-8369.798543685183176422
1981141.181961741298437119,-24599.803614383898093365,-33132.257035372203972656,-8576.854907133567394339
1981489.051638466073200107,-23723.696350089609040879,-33734.421025573166843969,-8697.611364856662476086
1981606.722457182593643665,-23423.855629432349815033,-33933.209901044850994367,-8737.194079186630915501
1981724.393275899114087224,-23122.288260575252934359,-34129.497449839262117166,-8776.132698775860262685
1982072.262952623888850212,-22220.884108585174544714,-34695.014851030668069143,-8887.452614021496628993
1982635.127913219854235649,-20732.320195101070567034,-35562.549758177956391592,-9055.415161036313293152
1983388.388257983140647411,-18685.983913827556534670,-36629.466001692002464551,-9256.252997053446961218
1984299.122895303647965193,-16137.082080917301937006,-37771.442286656943906564,-9461.697869209931013756
1985327.528351340908557177,-13173.827818410340114497,-38860.330939160434354562,-9643.442768107875963324
1986428.658372828969731927,-9919.293673356864019297,-39783.684635170044202823,-9777.861414622291704291
1987554.388294020900502801,-6526.076243491712375544,-40462.364288888646115083,-9850.077948293075678521
1988655.518315508961677551,-3164.286230863872333430,-40862.363196260070253629,-9856.476060277165743173
1989683.923771545989438891,-5.663622250649495982,-40997.976355203420098405,-9805.035209878022214980
1990594.658408866729587317,2792.140422698241309263,-40925.510119752718310338,-9713.408744935552022071
1991347.918753630015999079,5097.407254308593110181,-40729.106885276727552991,-9605.219018394383965642
1991910.783714225981384516,6810.328333163764909841,-40502.049416648216720205,-9505.427133705490632565
1992258.653390950756147504,7863.415626428221003152,-40327.559127399690623861,-9435.729510087543530972
1992376.324209667276591063,8218.522088861456722952,-40262.653073396177205723,-9410.776045791217256919
1992493.995028383797034621,8573.023101120852516033,-40194.780910463530744892,-9385.129247600236340077
1992841.864705108571797609,9617.240034724251017906,-39976.834562744705181103,-9305.273683243396590115
1993404.729665704537183046,11293.413017873317585327,-39569.746656117255042773,-9163.399319911690326990
1994157.990010467823594809,13506.298809096813783981,-38920.759002707658510190,-8949.417049407575177611
1995068.724647788330912590,16126.761759024710045196,-37979.456505834816198330,-8654.698224930640208186
1996097.130103825591504574,18999.707818871960625984,-36715.406906657612125855,-8276.082932357292520464
1997198.260125313652679324,21956.973953165710554458,-35133.316627328043978196,-7819.162562031380730332
1998323.990046505583450198,24833.868402584121213295,-33281.878106080686848145,-7299.956571219570832909
1999425.120067993644624949,27486.193369323984370567,-31253.915767376071016770,-6744.495273464906858862
2000453.525524030672386289,29803.699935028926120140,-29177.715604797696869355,-6186.388724364422159852
2001364.260161351412534714,31716.554372802973375656,-27201.745019185116689187,-5663.000353039789843024
2002117.520506114698946476,33193.357294638306484558,-25476.430685157647531014,-5211.141338738229023875
2002680.385466710664331913,34231.761146659628138877,-24136.754770361578266602,-4863.157348161877962411
2003028.255143435439094901,34844.811184996869997121,-23288.317708870155911427,-4643.958003076573731960
2003145.925962151959538460,35047.127608884838991798,-22997.905714255517523270,-4569.127992324030856253
2003263.596780868479982018,35246.864074445111327805,-22705.800752378527249675,-4493.961604902020553709
2003611.466457593254745007,35822.115494365585618652,-21832.560249144669796806,-4269.834048951010117889
2004174.331418189220130444,36703.926641687532537617,-20390.128075724926020484,-3901.433348751126686693
2004927.591762952506542206,37787.066046579522662796,-18406.490186797913338523,-3398.247809702030281187
2005838.326400273013859987,38944.196038139765732922,-15934.605265988495375495,-2776.325620261917720200
2006866.731856310274451971,40044.258930976284318604,-13059.492010619949724060,-2059.481563547591576935
2007967.861877798335626721,40972.539010846769087948,-9900.144797441076661926,-1279.222274721565554501
2009093.591798990266397595,41648.707028917749994434,-6604.455120299469854217,-473.052230795810828567
2010194.721820478327572346,42038.884775409489520825,-3337.614512630265380722,318.620476121117462753
2011223.127276515355333686,42158.801478602348652203,-266.699799938585783821,1056.254796357394297956
2012133.861913836095482111,42067.240693569772702176,2454.639969616669986863,1704.665090655011226772
2012887.122258599381893873,41851.415147083702322561,4697.784319826874707360,2235.407132436090250849
2013449.987219195347279310,41607.733659179073583800,6365.073504734325979371,2627.685864152654175996
2013797.856895920122042298,41422.078850475845683832,7390.335523545283649582,2867.957366959459250211
2013915.527714636642485857,41353.243776074094057549,7736.099098475657228846,2948.822128596400943934
2014033.198533353162929416,41281.365937717266206164,8081.293452691294078249,3029.469900336267528473
2014381.068210077937692404,41051.131999031880695838,9098.215896790854458231,3266.562313604319570004
2014943.933170673903077841,40622.767212135957379360,10730.955773158937518019,3645.670661949470741092
2015697.193515437189489603,39942.658966322203923482,12887.245568516671482939,4143.303234119817716419
2016607.928152757696807384,38959.799257629325438756,15441.849077000289980788,4728.152506722986800014
2017636.333608794957399368,37643.852266006877471227,18244.158835415735666174,5363.392271618276936351
2018737.463630283018574119,36000.645522842889477033,21130.624798971235577483,6010.061829398304325878
2019863.193551474949344993,34081.165490516235877294,23940.773165800615970511,6631.136272557929260074
2020964.323572963010519743,31981.617085329031397123,26533.753979302018706221,7195.485796937637132942
2021992.729029000038281083,29834.448588232284237165,28801.482818770229641814,7680.780329408507896005
2022903.463666320778429508,27792.623401260709215421,30675.035585106357757468,8074.601004430243847310
2023656.724011084064841270,26010.911278682535339613,32122.850834660239343066,8373.513002494268221199
2024219.588971680030226707,24628.055687568856228609,33141.727482469759706873,8580.438505484407869517
2024567.458648404804989696,23752.522646052537311334,33743.636861567858431954,8701.123735783306983649
2024685.129467121325433254,23452.878036765621800441,33942.346764149850059766,8740.684037236065705656
2024802.800285837845876813,23151.507615967428137083,34138.558973551502276678,8779.601095931900999858
2025150.669962562620639801,22250.689943673794914503,34703.874980679953296203,8890.862262006214223220
2025713.534923158586025238,20763.084768264328886289,35571.151858028264541645,9058.745562842179424479
2026466.795267921872437000,18718.039083885734726209,36637.854213790276844520,9259.507793030066750362
2027377.529905242379754782,16170.686072225456882734,37779.771116540076036472,9464.907012591318562045
2028405.935361279640346766,13209.129490420928050298,38868.847916893901128788,9646.658335393824017956
2029507.065382767701521516,9956.307080634644080419,39792.687496068661857862,9781.147586524200960412
2030632.795303959632292390,6564.677741681000043172,40472.142459701521147508,9853.497638076461953460
2031733.925325447693467140,3204.239356142243195791,40873.139483949176792521,9860.077967117531443364
2032762.330781484721228480,46.666442605441261549,41009.864833270876260940,9808.844903375944340951
2033673.065418805461376905,-2750.399442673886369448,40938.499628994359227363,9717.425694616851615137
2034426.325763568747788668,-5055.201306061113427859,40743.069661152294429485,9609.419144145087557263
2034989.190724164713174105,-6767.864444907048891764,40516.766303428892570082,9509.768682509651625878
2035337.060400889487937093,-7820.831379088798712473,40342.750227784832532052,9440.159627417966476060
2035454.731219606008380651,-8175.903940320007677656,40278.005629577302897815,9415.236239862837464898
2035572.402038322528824210,-8530.374506899846892338,40210.295347985207627062,9389.619553711183471023
2035920.271715047303587198,-9574.521690518355171662,39992.829447125179285649,9309.853075173659817665
2036483.136675643268972635,-11250.646053264608781319,39586.521448339895869140,9168.122280813962788670
2037236.397020406555384398,-13463.590639964437286835,38938.571726330184901599,8954.328601451101349085
2038147.131657727062702179,-16084.311079497208993416,37998.493648666517401580,8659.827510416484074085
2039175.537113764323294163,-18957.784208723103802186,36735.752939037607575301,8281.437109235184834688
2040276.667135252384468913,-21915.874203406965534668,35154.934945985303784255,7824.723655994492219179
2041402.397056444315239787,-24793.859789146801631432,33304.614249925689364318,7305.683525931997792213
2042503.527077932376414537,-27447.459735403528611641,31277.526758877189422492,6750.331712838238672703
2043531.932533969404175878,-29766.305893261676828843,29201.919233340398932341,6192.274663578695253818
2044442.667171290144324303,-31680.435784234425227623,27226.274930089341069106,5668.884470240654991358
2045195.927516053430736065,-33158.336025116725068074,25501.081301685051585082,5216.990278131770537584
2045758.792476649396121502,-34197.574248078970413189,24161.404637472332979087,4868.959785554068730562
2046106.662153374170884490,-34811.142637332195590716,23312.927652063408459071,4649.723032399522708147
2046224.332972090691328049,-35013.634486865594226401,23022.495293538879195694,4574.878872545528793125
2046342.003790807211771607,-35213.546314131228427868,22730.366494469672034029,4499.697582118655191152
2046689.873467531986534595,-35789.315146939588885289,21857.035197530269215349,4275.521576808509053080
2047252.738428127951920033,-36671.956754183156590443,20414.391865614197740797,3907.028713385318042128
2048005.998772891238331795,-37756.183469203991990071,18430.348112331099400762,3403.693782298569203704
2048916.733410211745649576,-38914.568989904357295018,15957.788166801772604231,2781.552817098539890139
2049945.138866249006241560,-40015.937415023094217759,13081.680921626604686026,2064.415132718835593550
2051046.268887737067416310,-40945.440098332001070958,9921.017523435271868948,1283.792881198902250617
2052171.998808928998187184,-41622.625337841214786749,6623.743911435223708395,477.208552032452644198
2053273.128830417059361935,-42013.530725115902896505,3355.158780073143134359,-314.901472090534298331
2054301.534286454087123275,-42133.859342318144626915,282.478847359634528402,-1052.962918485305635841
2055212.268923774827271700,-42042.430497605702839792,-2440.501681917019595858,-1701.758440430532573373
2055965.529268538113683462,-41826.541112415608949959,-4685.036537420608510729,-2232.818719756114660413
2056528.394229134079068899,-41582.707243249868042767,-6353.373555349789967295,-2625.332359378948240192
2056876.263905858853831887,-41396.913049897179007530,-7379.283350235455145594,-2865.746947774687214405
2056993.934724575374275446,-41328.022988996410276741,-7725.265687494909798261,-2946.659655570600079955
2057111.605543291894719005,-41256.086200515215750784,-8070.678513350569119211,-3027.355117623019395978
2057459.475220016669481993,-41025.654823912947904319,-9088.244473389953782316,-3264.586868248670725734
2058022.340180612634867430,-40596.897496324672829360,-10722.014507560663332697,-3643.914599152072696597
2058775.600525375921279192,-39916.124119047715794295,-12879.650187198676576372,-4141.826399732171921642
2059686.335162696428596973,-38932.251867643266450614,-15435.808046874262799975,-4726.986095638270853669
2060714.740618733689188957,-37614.900261141068767756,-18239.741754262380709406,-5362.532707457687138231
2061815.870640221750363708,-35969.906139101542066783,-21127.747814499445667025,-6009.469733518339126022
2062941.600561413681134582,-34048.330695822543930262,-23939.211723426960816141,-6630.742470267019598396
2064042.730582901742309332,-31946.512629238597583026,-26533.185100712486018892,-7195.204169178172378452
2065071.136038938770070672,-29797.070229263685178012,-28801.548245173551549669,-7680.524764318741290481
2065981.870676259510219097,-27753.142215266532730311,-30675.408934774481167551,-8074.302040389296962530
2066735.131021022796630859,-25969.651202192238997668,-32123.290535738364269491,-8373.129827443999602110
2067297.995981618762016296,-24585.454888630367349833,-33142.102767271593620535,-8579.963625841448447318
2067645.865658343536779284,-23709.092234032868873328,-33743.923066156588902231,-8700.579885724024279625
2067763.536477060057222843,-23409.167246478318702430,-33942.594288023443368729,-8740.114739273814848275
2067881.207295776577666402,-23107.516693632060196251,-34138.763491719284502324,-8779.005282842199449078
2068229.076972501352429390,-22205.873016862140502781,-34703.927070614205149468,-8890.181846791290809051
2068791.941933097317814827,-20716.942093579040374607,-35570.877427518622425850,-9057.908764554764275090
2069545.202277860604226589,-18670.155340287776198238,-36636.989606670358625706,-9258.424761396128815250
2070455.936915181111544371,-16120.772816257493104786,-37777.963642198847082909,-9463.471849829535130993
2071484.342371218372136354,-13157.062396071793045849,-38865.686211433516291436,-9644.758255854825620190
2072585.472392706433311105,-9902.144482631178107113,-39787.758168807042238768,-9778.677857493044939474
2073711.202313898364081979,-6508.649081677140202373,-40465.100393593100307044,-9850.378788267082200036
2074812.332335386425256729,-3146.700820300669874996,-40863.773233851439727005,-9856.270588350127582089
2075840.737791423453018069,11.967169387324247509,-40998.139563809781975579,-9804.358007495460697100
2076751.472428744193166494,2809.728590825630817562,-40924.568206545132852625,-9712.316892778204419301
2077504.732773507479578257,5114.901520194543991238,-40727.253888892177201342,-9603.787780089589432464
2078067.597734103444963694,6827.717941973416600376,-40499.519139488860673737,-9503.745061004587114439
2078415.467410828219726682,7880.725886788277421147,-40324.612334106052003335,-9433.893805621593855903
2078533.138229544740170240,8235.802983669156674296,-40259.565806031569081824,-9408.888636529527502717
2078650.809048261493444443,8590.273357429832685739,-40191.553397033181681763,-9383.190272729460048140
2078998.678724986268207431,9634.392292780161369592,-39973.193873624601110350,-9303.183115815301789553
2079561.543685582233592868,11310.383356117934454232,-39565.442524995472922456,-9161.066366108972943039
2080314.804030345520004630,13522.981011747673619539,-38915.578577514555945527,-8946.765946949739372940
2081225.538667666027322412,16143.028464178845752031,-37973.237741296929016244,-8651.673241839418551535
2082253.944123703287914395,19015.419219120696652681,-36708.048889417019381654,-8272.651893705036854954
2083355.074145191349089146,21971.992959338531363755,-35124.784867247384681832,-7815.318209478538847179
2084480.804066383279860020,24848.079542485356796533,-33272.203329382282390725,-7295.715317347925520153
2085581.934087871341034770,27499.521677346259821206,-31243.185988664445176255,-6739.893423632625854225
2086610.339543908368796110,29816.126057108223903924,-29166.062854671668901574,-6181.476842808910078020
2087521.074181229108944535,31728.123074415430892259,-27189.329462090325250756,-5657.836921449192232103
2088274.334525992395356297,33204.178142835677135736,-25463.425451954644813668,-5205.787011654489106149
2088837.199486588360741735,34242.001749011978972703,-24123.334429806847765576,-4857.670891422452768893
2089185.069163313135504723,34854.684493765060324222,-23274.652079608109488618,-4638.394493340654662461
2089302.739982029655948281,35056.875227737880777568,-22984.159096122304617893,-4563.539226443588631810
2089420.410800746176391840,35256.485286263457965106,-22691.974157605836808216,-4488.347994376579663367
2089768.280477470951154828,35831.358906167268287390,-21818.503195746387063991,-4264.149414247740423889
2090331.145438066916540265,36712.546281318820547312,-20375.717353257867216598,-3895.641560683632633300
2091084.405782830202952027,37794.828409757174085826,-18391.644239864828705322,-3392.327914863499245257
2091995.140420150943100452,38950.890916033356916159,-15919.293016256349801552,-2770.274712353153518052
2093023.545876187970861793,40049.713207781023811549,-13043.734446251350163948,-2053.314804603485754342
2094124.675897676264867187,40976.631201960786711425,-9884.008649305957078468,-1272.969903146522483439
2095250.405818867962807417,41651.379560144792776555,-6588.039395952182530891,-466.753972079744926305
2096351.535840356256812811,42040.151228466478642076,-3321.032224310147284996,324.922599183721104055
2097379.941296393517404795,42158.747196509386412799,-250.058388888421177398,1062.523866825131335645
2098290.675933714024722576,42066.016831932240165770,2471.255679719564795960,1710.875472906371214776
2099043.936278477311134338,41849.227798704872839153,4714.323440229934931267,2241.548282005684086471
2099606.801239073276519775,41604.830507789622060955,6381.522829782632470597,2633.763181228749090224
2099954.670915797818452120,41418.735677825054153800,7406.715495711607218254,2873.990110433054724126
2100072.341734514571726322,41349.752234147395938635,7752.453224863573268522,2954.838914965604999452
2100190.012553230859339237,41277.726283591589890420,8097.620529995016113389,3035.470286866742753773
2100537.882229955401271582,41047.056090036756359041,9114.455991804315999616,3272.511640085233011632
2101100.747190551366657019,40617.991103586158715189,10747.033037279448763002,3651.529283740417668014
2101854.007535314653068781,39936.958597071818076074,12903.062635809830680955,4149.025068088294574409
2102764.742172635160386562,38953.004611685290001333,15457.287965665287629236,4733.685964409587541013
2103793.147628672420978546,37635.858194362721405923,18259.089010148025408853,5368.683751374343046336
2104894.277650160714983940,35991.417160217068158090,21144.917395830801979173,6015.061304599837967544
2106020.007571352180093527,34070.736750619835220277,23954.318829617179289926,6635.803951260493704467
2107121.137592840474098921,31970.082043685368262231,26546.480788546330586541,7199.798516447981455713
2108149.543048877734690905,29821.947252873680554330,28813.370719571314111818,7684.736399600142249255
2109060.277686198242008686,27779.324798396206460893,30686.124641888491169084,8078.222608160553136258
2109813.538030961528420448,25996.997385608381591737,32133.242089369981840719,8376.845845652138450532
2110376.402991557493805885,24613.709306183620356023,33151.576739035263017286,8583.548966022068270831
2110724.272668282035738230,23737.921001415117643774,33753.142792711216316093,8704.094113094475687831
2110841.943486998789012432,23438.192163489176891744,33951.735166373029642273,8743.606592781527069747
2110959.614305715542286634,23136.738594564259983599,34147.829155755644023884,8782.475614573259008466
2111307.483982440084218979,22235.681489480310119689,34712.791712284037203062,8893.593545460060340702
2111870.348943036049604416,20747.709408558555878699,35579.484644680233031977,9061.241405683953416883
2112623.609287799336016178,18702.213305545621551573,36645.383746743151277769,9261.682048401014981209
2113534.343925119843333960,16154.379537092172540724,37786.299367370964318980,9466.683782988146049320
2114562.749381157103925943,13192.366557264351285994,38874.211137857237190474,9647.976935984252122580
2115663.879402645397931337,9939.159937249147333205,39796.770033369721204508,9781.967462830396470963
2116789.609323836863040924,6547.251995680504478514,40474.888539710962504614,9853.802203156088580727
2117890.739345325157046318,3186.654589770012535155,40874.560316221970424522,9859.876462643622289761
2118919.144801362417638302,29.035459767677821219,41010.039465416753955651,9808.171850710821672692
2119829.879438682924956083,-2767.988615084788762033,40937.569574117493175436,9716.338114817224777653
2120583.139783446211367846,-5072.697287666029296815,40741.228790391534857918,9607.992250626155509963
2121146.004744042176753283,-6785.256317399791441858,40514.248294863915361930,9508.090991113631389453
2121493.874420766718685627,-7838.144246603711508214,40339.815766721912950743,9438.328319212776477798
2121611.545239483471959829,-8193.187559055746532977,40274.930711663277179468,9413.353230599930611788
2121729.216058200225234032,-8547.627604136127047241,40207.080199038209684659,9387.684981909615089535
2122077.085734924767166376,-9591.677136339130811393,39989.201154122893058229,9307.766915989142944454
2122639.950695520732551813,-11267.620141250896267593,39582.229723886419378687,9165.793731328716603457
2123393.211040284018963575,-13480.277338933083228767,38933.403643591162108351,8951.681874602019888698
2124303.945677604526281357,-16100.583161108079366386,37992.287031072024547029,8656.806833336047930061
2125332.351133641786873341,-18973.501927608507685363,36728.406697957609139849,8278.010254592552882968
2126433.481155130080878735,-21930.900448566186241806,35146.414400116373144556,7820.883310232229632675
2127559.211076321545988321,-24808.078985143336467445,33294.949953575451218057,7301.446054350502890884
2128660.341097809839993715,-27460.796751726302318275,31266.806608642284118105,6745.733391118154031574
2129688.746553847100585699,-29778.741182364406995475,29190.275218383241735864,6187.366049598354948102
2130599.481191167607903481,-31692.013926461222581565,27213.867257064972363878,5663.724063206847858964
2131352.741535930894315243,-33169.166440606000833213,25488.083218618128739763,5211.638770108960670768
2131915.606496526859700680,-34207.824451699736528099,24147.990887414496683050,4863.475993791047585546
2132263.476173251401633024,-34821.025542066781781614,23299.268264733087562490,4644.162092869320986210
2132381.146991968154907227,-35023.391695313039235771,23008.754799190508492757,4569.292644966602892964
2132498.817810684908181429,-35223.177106853690929711,22716.545905283717729617,4494.086478088551302790
2132846.687487409450113773,-35798.568100378033705056,21842.983800364723720122,4269.839355273672481417
2133409.552448005415499210,-36680.585829031770117581,20399.986236505275883246,3901.239190374302779674
2134162.812792768701910973,-37763.955042798188515007,18415.506516827335872222,3397.775962033576433896
2135073.547430089209228754,-38921.272683140938170254,15942.479402495613612700,2775.503769482287680148
2136101.952886126469820738,-40021.399905820493586361,13065.925926659321703482,2058.250019637669538497
2137203.082907614763826132,-40949.539689804543741047,9904.883063355526246596,1277.541966175462221145
2138328.812828806228935719,-41625.304276303504593670,6607.329108474841632415,470.911607465974157094
2139429.942850294522941113,-42014.802480328944511712,3338.576819403162517119,-321.202363445156152011
2140458.348306331783533096,-42133.809235621403786354,265.837367132371582557,-1059.230778781895423890
2141369.082943652290850878,-42041.209757791875745170,-2457.117674522036395501,-1707.967584327992881299
2142122.343288415577262640,-41824.355988835726748221,-4701.576013676756701898,-2238.958573132020319463
2142685.208249011542648077,-41579.805638226724113338,-6369.823228388959250879,-2631.408316429204205633
2143033.077925736084580421,-41393.571003131030010991,-7395.663638418474874925,-2871.778282956418479444
2143150.748744452837854624,-41324.532430766019388102,-7741.620114365992776584,-2952.675015803159112693
2143268.419563169591128826,-41252.447387990527204238,-8087.005873220907233190,-3033.354059406521628262
2143616.289239894133061171,-41021.579337413408211432,-9104.484784036809287500,-3270.534690506721744896
2144179.154200490098446608,-40592.121137551483116113,-10738.091834893384657335,-3649.771606511634672643
2144932.414545253384858370,-39910.422616935786209069,-12895.467029051789722871,-4147.546445334994132281
2145843.149182573892176151,-38925.455063439425430261,-15451.246234368467412423,-4732.517515829962576390
2146871.554638611152768135,-37606.902951028649113141,-18254.670530702853284311,-5367.821820702602053643
2147972.684660099446773529,-35960.673501369063160382,-21142.038091735848865937,-6014.466439598438228131
2149098.414581290911883116,-34037.896779211689135991,-23952.753958159992180299,-6635.406922404852593900
2150199.544602779205888510,-31934.971709967110655271,-26545.907256023892841768,-7199.513179113821024657
2151227.950058816466480494,-29784.562542790998122655,-28813.430247519099793863,-7684.476651160710389377
2152138.684696136973798275,-27739.836999489445588551,-30686.490930329942784738,-8077.919030273531461717
2152891.945040900260210037,-25955.730596950728795491,-32133.673738036239228677,-8376.457697779604131938
2153454.810001496225595474,-24571.101791953187785111,-33151.943220385284803342,-8583.068846005679006339
2153802.679678220767527819,-23694.483902904656133614,-33753.419727506050548982,-8703.544858385308543802
2153920.350496937520802021,-23394.474701792918494903,-33951.973262578649155330,-8743.031834871240789653
2154038.021315654274076223,-23092.741018603075644933,-34148.024088385798677336,-8781.874286398431650014
2154385.890992378816008568,-22190.857977403778932057,-34712.833750393525406253,-8892.907453237707159133
2154948.755952974781394005,-20701.560309126492938958,-35579.199411620669707190,-9060.398672593664741726
2155702.016297738067805767,-18654.323447802555165254,-36644.507346826889261138,-9260.592747460259488435
2156612.750935058575123549,-16104.460686014484963380,-37784.478939522341534030,-9465.241967368196128518
2157641.156391095835715532,-13140.294635185491642915,-38871.035239087701484095,-9646.069805227010874660
2158742.286412584129720926,-9884.993532103937468491,-39791.825297289811715018,-9779.490305995825110585
2159868.016333775594830513,-6491.220763435107073747,-40467.829972120751335751,-9850.675603195961230085
2160969.146355263888835907,-3129.114851014208397828,-40865.176669445871084463,-9856.061087711883374141
2161997.551811301149427891,29.597958209473290481,-40998.296137879900925327,-9803.676796374371406273
2162908.286448621656745672,2827.316258783001103438,-40923.619661183045536745,-9711.221068448614460067
2163661.546793384943157434,5132.394876098740496673,-40725.394284486486867536,-9602.352613121265676455
2164224.411753980908542871,6845.106336338925757445,-40496.982285353537008632,-9502.059099896339830593
2164572.281430705450475216,7898.034745559576549567,-40321.658988546063483227,-9432.054240909283180372
2164689.952249422203749418,8253.082413775860914029,-40256.471995719482947607,-9406.997377109373701387
2164807.623068138957023621,8607.522086028024205007,-40188.319350454556115437,-9381.247458071893561282
2165155.492744863498955965,9651.542837546221562661,-39969.546683145286806393,-9301.088740910907290527
2165718.357705459464341402,11327.351683176137157716,-39561.131952805510081816,-9158.729662286039456376
2166471.618050222750753164,13539.660809983513900079,-38910.391808880092867184,-8944.111181264897822984
2167382.352687543258070946,16159.292299318141886033,-37967.012776860567100812,-8648.644715160751729854
2168410.758143580518662930,19031.127238889239379205,-36700.684867224255867768,-8269.217465342642753967
2169511.888165068812668324,21987.008059672094532289,-35116.247348350072570611,-7811.470653080536067137
2170637.618086260277777910,24862.286265573478885926,-33262.523083836371370126,-7291.471070957990377792
2171738.748107748571783304,27512.845097451485344209,-31232.451060377592511941,-6735.288807516606539139
2172767.153563785832375288,29828.546879646382876672,-29154.405283148000307847,-6176.562422344615697511
2173677.888201106339693069,31739.686136812917538919,-27176.909396935785480309,-5652.671164260400473722
2174431.148545869626104832,33214.993089647046872415,-25450.415984834144182969,-5200.430543179312735447
2174994.013506465591490269,34252.236265638857730664,-24109.910068586999841500,-4852.182435189295574673
2175341.883183190133422613,34864.551608006950118579,-23260.982564892219670583,-4632.829073504233747371
2175459.554001906886696815,35066.616616164348670281,-22970.408638837579928804,-4557.948580981212217011
2175577.224820623639971018,35266.100232213168055750,-22678.143770265691273380,-4482.732534925840809592
2175925.094497348181903362,35840.595950025497586466,-21804.442489114888303448,-4258.463022038495182642
2176487.959457944147288799,36721.159396525836200453,-20361.303207937926345039,-3889.848165396522745141
2177241.219802707433700562,37802.584056445761234500,-18376.795187328309111763,-3386.406618115879609832
2178151.954440027941018343,38957.578872287078411318,-15903.978056896776251961,-2764.222656334672137746
2179180.359896065201610327,40055.160367982825846411,-13027.974633595273189712,-2047.147190161436810740
2180281.489917553495615721,40980.716111883884877898,-9867.870760781988792587,-1266.716994651515051373
2181407.219838744960725307,41654.044690654511214234,-6571.622462002858810592,-460.455505689527853974
2182508.349860233254730701,42041.410211800961405970,-3304.449253449514799286,331.224606513589606038
2183536.755316270515322685,42158.685423792660003528,-233.416791579053096939,1068.792520149689153186
2184447.489953591022640467,42064.785496240569045767,2487.871135616376705002,1717.085173003919408075
2185200.750298354309052229,41847.033014969289069995,4730.861942937299318146,2247.688532455436870805
2185763.615258950274437666,41601.919964547356357798,6397.971266630738682579,2639.839438792629152886
2186111.484935674816370010,41415.385146456043003127,7423.094413239210553002,2880.021696142930522910
2186229.155754391569644213,41346.253345779405208305,7768.806240457975945901,2960.854510503259007237
2186346.826573108322918415,41274.079295841191196814,8113.946440439372963738,3041.469449585498296074
2186694.696249832864850760,41042.972888470772886649,9130.694754714779264759,3278.459645789544083527
2187257.561210428830236197,40613.207778806943679228,10763.108703775964386296,3657.386429688389398507
2188010.821555192116647959,39931.251132743112975731,12918.877754444889433216,4154.745222630872376612
2188921.556192512623965740,38946.203045632370049134,15472.724489223845012020,4739.217503341342307976
2189949.961648549884557724,37627.857436761871213093,18274.016362133137590718,5373.973052330742575577
2191051.091670038178563118,35982.182403891027206555,21159.206697591282136273,6020.058336181062259129
2192176.821591229643672705,34060.301958373427623883,23967.860737281553156208,6640.468931888191946200
2193277.951612717937678099,31958.541322876379126683,26559.203415154181129765,7204.108306536878444604
2194306.357068755198270082,29809.440620056033367291,28825.254063605032570194,7688.689341316427089623
2195217.091706075705587864,27766.021260984853142872,30697.208831895775801968,8081.840921779124983004
2195970.352050838991999626,25983.078874689206713811,32143.628237004093534779,8380.175275920852072886
2196533.217011434957385063,24599.358552687481278554,33161.420719000212557148,8586.655928609738111845
2196881.086688159499317408,23723.315140256338054314,33762.643346919379837345,8707.060942823727600626
2196998.757506876252591610,23423.502126944629708305,33961.118158492892689537,8746.525584471315596602
2197116.428325593005865812,23121.965463454049313441,34157.093895083809911739,8785.346553347908411524
2197464.298002317547798157,22220.669085662957513705,34721.702906467537104618,8896.321203256395165226
2198027.162962913513183594,20732.330363568064058200,35587.811748510743200313,9063.733553731484789751
2198780.423307676799595356,18686.384205302369082347,36652.907417309987067711,9263.852526199325438938
2199691.157944997306913137,16138.070132691558683291,37792.821562225515663158,9468.456690957673345110
2200719.563401034567505121,13175.601281101029599085,38879.568116399044811260,9649.291598811299991212
2201820.693422522861510515,9922.011028850596630946,39800.846167621253698599,9782.783345235880915425
2202946.423343714326620102,6529.825087370496476069,40477.628094777050137054,9854.102743549146907753
2204047.553365202620625496,3169.069258162897313014,40875.974547024634375703,9859.670929524718303583
2205075.958821239881217480,11.404472753551090136,41010.207462849932198878,9807.494789135895189247
2205986.693458560388535261,-2785.577294660586630926,40936.632886283005063888,9715.246562416801680229
2206739.953803323674947023,-5090.192366903502261266,40739.381310159944405314,9606.561427791273672483
2207302.818763919640332460,-6802.646983176324283704,40511.723707421588187572,9506.409410479498546920
2207650.688440644182264805,-7855.455720282945549116,40336.874751226532680448,9436.493149822947088978
2207768.359259360935539007,-8210.469720855209743604,40271.849248541715496685,9411.466370205444036401
2207886.030078077688813210,-8564.879181444033747539,40203.858514589512196835,9385.746569313536383561
2208233.899754802230745554,-9608.830876689724391326,39985.566357119263557252,9305.676948223224826506
2208796.764715398196130991,-11284.592225890926783904,39577.931555273265985306,9163.461430563902467838
2209550.025060161482542753,-13496.961641295201843604,38928.229213742793945130,8949.031483022574320785
2210460.759697481989860535,-16116.852380289084976539,37986.074209083126334008,8653.782610904270768515
2211489.165153519250452518,-18989.216273313708370551,36721.054446661168185528,8274.580008162030935637
2212590.295175007544457912,-21945.922794727928703651,35137.888089324602333363,7817.039758215969413868
2213716.025096199009567499,-24822.293770503572886810,33285.280181507834640797,7297.205587560622007004
2214817.155117687303572893,-27474.128885675541823730,31256.081301194870320614,6741.132300184419364086
2215845.560573724564164877,-29791.171176964737242088,29178.626373785802570637,6182.454893618201822392
2216756.295211045071482658,-31703.586433936230605468,27201.455067300492373761,5658.561327397203058354
2217509.555555808357894421,-33179.990958640672033653,25475.080892722377029713,5206.285117466779411188
2218072.420516404323279858,-34218.068573104537790641,24134.573107606054691132,4857.990199277488500229
2218420.290193128865212202,-34830.902255461405729875,23285.604982759126869496,4638.599239972032592050
2218537.961011845618486404,-35033.142676410818239674,22995.010456476615217980,4563.704534537237123004
2218655.631830562371760607,-35232.801636676274938509,22702.721514290686172899,4488.473521864061694941
2219003.501507286913692951,-35807.814688540500355884,21828.928740662078780588,4264.155372962841283879
2219566.366467882879078388,-36689.208381631848169491,20385.577175152975542005,3895.448056888786595664
2220319.626812646165490150,-37771.719901358213974163,18400.661806299838644918,3391.856736633015316329
2221230.361449966672807932,-38927.969455316168023273,15927.167919158491713461,2769.453570613191914163
2222258.766906003933399916,-40026.855279511277331039,13050.168674204054696020,2052.084048039299887023
2223359.896927492227405310,-40953.631998751283390447,9888.746854004937631544,1271.290511408375095925
2224485.626848683692514896,-41627.975811834417982027,6590.913087436485511716,464.614452643339973292
2225586.756870171986520290,-42016.066762997739715502,3321.994168241995794233,-327.503141376635539928
2226615.162326209247112274,-42133.751634916094189975,249.195693293142539915,-1065.498223962707925239
2227525.896963529754430056,-42039.981540206856152508,-2473.733419709351437632,-1714.176047816852587857
2228279.157308293040841818,-41822.163425776445365045,-4718.114878494736331049,-2245.097528905587751069
2228842.022268889006227255,-41576.896637001809722278,-6386.272019135278242175,-2637.483215307098362246
2229189.891945613548159599,-41390.221593201546056662,-7412.042877602834778372,-2877.808461602757233777
2229307.562764330301433802,-41321.034521616915299091,-7757.973435997708293144,-2958.689186393146883347
2229425.233583047054708004,-41248.801237334591860417,-8103.332071694989281241,-3039.351778527759961435
2229773.103259771596640348,-41017.496553751967439894,-9120.723767783005314413,-3276.481193021443687030
2230335.968220367562025785,-40587.337557795784960035,-10754.167569391873257700,-3655.627138878024197766
2231089.228565130848437548,-39904.714014929581026081,-12911.281926468458550517,-4153.264812114919550368
2231999.963202451355755329,-38918.651334262314776424,-15466.682060219791310374,-4738.047017604849315831
2233028.368658488616347313,-37598.898950248818437103,-18269.596487040143983904,-5373.108755200906671234
2234129.498679976910352707,-35951.434465538572112564,-21156.325075615641253535,-6019.460701803947813460
2235255.228601168375462294,-34027.456806102629343513,-23966.292437827658432070,-6640.068675945318318554
2236356.358622656669467688,-31923.425107914816180710,-26558.625229029428737704,-7203.819258936486221501
2237384.764078693930059671,-29772.049555793266335968,-28825.307692926820891444,-7688.425408706340022036
2238295.498716014437377453,-27726.526846827800909523,-30697.568058543351071421,-8081.532729138658396550
2239048.759060777723789215,-25941.805372025679389481,-32144.051832532022672240,-8379.782154281894690939
2239611.624021373689174652,-24556.744321744750777725,-33161.778396026675181929,-8586.170567277042209753
2239959.493698098231106997,-23679.871354110400716309,-33762.911010954507219139,-8706.506282527154326090
2240077.164516814984381199,-23379.777992783907393459,-33961.346826034809055272,-8745.945365678964662948
2240194.835335531737655401,-23077.961232900481263641,-34157.279241155461932067,-8784.739709157243851223
2240542.705012256279587746,-22175.838987629722396377,-34721.734891689011419658,-8895.629433111267644563
2241105.569972852244973183,-20686.174839180755952839,-35587.515711732768977527,-9062.884884945562589564
2241858.830317615531384945,-18638.488233861375192646,-36652.019223337621951941,-9262.756955129190828302
2242769.564954936038702726,-16088.145687672171334270,-37790.988179683314228896,-9467.008221743491958478
2243797.970410973299294710,-13123.524533281895855907,-38876.378023382836545352,-9647.377416276236544945
2244899.100432461593300104,-9867.840819421086052898,-39795.886022119411791209,-9780.298760320505607524
2246024.830353653058409691,-6473.791286549392680172,-40470.553025664856249932,-9850.968393486497006961
2247125.960375141352415085,-3111.528320922378043178,-40866.573503854313457850,-9855.847558841933278018
2248154.365831178613007069,47.228746167522331234,-40998.446078294502513018,-9802.991577140879599028
2249065.100468499120324850,2844.903428401004930492,-40922.664484459754021373,-9710.121272674654392176
2249818.360813262406736612,5149.887323846247454640,-40723.528072779146896210,-9600.913518270486747497
2250381.225773858372122049,6862.493518029477854725,-40494.438854893051029649,-9500.369251217469354742
2250729.095450582914054394,7915.342204434935410973,-40318.699091376583965030,-9430.210816821558182710
2250846.766269299667328596,8270.360380859950964805,-40253.371643110898730811,-9405.102268415235812427
2250964.437088016420602798,8624.769288587522169109,-40185.078771376480290201,-9379.300804525288185687
2251312.306764740962535143,9668.691670652617176529,-39965.892991928812989499,-9298.990559468127685250
2251875.171725336927920580,11344.318000644583662506,-39556.814940117728838231,-9156.389209457754986943
2252628.432070100214332342,13556.338205330212076660,-38905.198697347623237874,-8941.452753406798365177
2253539.166707420721650124,16175.553265821326931473,-37960.781613134276994970,-8645.612646065967055620
2254567.572163457982242107,19046.831879513476451393,-36693.314840672035643365,-8265.779648519435795606
2255668.702184946276247501,22002.019255479935964104,-35107.704071273525187280,-7807.619894171913983882
2256794.432106137741357088,24876.488573005561192986,-33252.837370171640941408,-7287.223833487683805288
2257895.562127626035362482,27526.163630793009360787,-31221.710983309392759111,-6730.681426614371957839
2258923.967583663295954466,29840.962403928999265190,-29142.742891041059920099,-6171.645464572438868345
2259834.702220983803272247,31751.243561402101477142,-27164.484824552630016115,-5647.503083186073126853
2260587.962565747089684010,33225.802136538688500877,-25437.402284772564598825,-5195.071935112437131465
2261150.827526343055069447,34262.464698094081541058,-24096.481687758547195699,-4846.691981311503695906
2261498.697203067597001791,34874.412529304761847015,-23247.309165807870158460,-4627.261745451100068749
2261616.368021784350275993,35076.351775748327781912,-22956.654343501395487692,-4552.356057832739679725
2261734.038840501103550196,35275.708913881819171365,-22664.309591477001958992,-4477.115228457516423077
2262081.908517225645482540,35849.826627551134151872,-21790.378130417513602879,-4252.774874263583114953
2262644.773477821610867977,36729.765989000465197023,-20346.885641004155331757,-3884.053164878301686258
2263398.033822584897279739,37810.332988253350777086,-18361.943030514950805809,-3380.483921501227086992
2264308.768459905404597521,38964.259908407482726034,-15888.660389359305554535,-2758.169454321638113470
2265337.173915942665189505,40060.600413197207672056,-13012.212574294964724686,-2040.978722407389795990
2266438.303937430959194899,40984.793742711211962160,-9851.731133696819597390,-1260.463551495597130270
2267564.033858622424304485,41656.702422514579666313,-6555.204320446784549858,-454.156833935436225147
2268665.163880110718309879,42042.661728000755829271,-3287.865602203841262963,337.526495757139855414
2269693.569336147978901863,42158.616163445520214736,-216.775010309378558304,1075.060753965843105107
2270604.303973468486219645,42063.546689829556271434,2504.486334944878763054,1723.294188568926983862
2271357.564318231772631407,41844.830799360061064363,4747.399825456355756614,2253.827881401497506886
2271920.429278827738016844,41599.002033155644312501,6414.418812782307213638,2645.914634479302549153
2272268.298955552279949188,41412.027260178467258811,7439.472273612198478077,2886.052121734805041342
2272385.969774269033223391,41342.747114820580463856,7785.158142735985165928,2966.868912856187307625
2272503.640592985786497593,41270.424978360533714294,8130.271181483789405320,3047.467386139940572320
2272851.510269710328429937,41038.882398334564641118,9146.932182954660675023,3284.406328369082984864
2273414.375230306293815374,40608.417242003837600350,10779.182770106977841351,3663.242097461281446158
2274167.635575069580227137,39925.536577772116288543,12934.690921880341193173,4160.463695439661023556
2275078.370212390087544918,38939.394564126385375857,15488.158645108378550503,4744.747121251804856001
2276106.775668427348136902,37619.849998160963878036,18288.940888792312762234,5379.260172316024181782
2277207.905689915642142296,35972.941259346669539809,21173.492701685092470143,6025.052922055741873919
2278333.635611107107251883,34049.861119735753163695,23981.398886347225925419,6645.131212454440174042
2279434.765632595401257277,31946.994929471751675010,26571.921856775916239712,7208.415165343472835957
2280463.171088632661849260,29796.928696760674938560,28837.132848793677112553,7692.639152832480249344
2281373.905725953169167042,27752.712796447565779090,30708.288153318724653218,8085.455943681217831909
2282127.166070716455578804,25969.155753630911931396,32154.009276045522710774,8383.501291840953854262
2282690.031031312420964241,24585.003435088088735938,33171.259421003087481949,8589.759391915320520638
2283037.900708036962896585,23708.705070747761055827,33772.138522902539989445,8710.024223710444857716
2283155.571526753716170788,23408.807935353834182024,33970.495739256766682956,8749.441011069900923758
2283273.242345470469444990,23107.188230904983356595,34166.353190327099582646,8788.213911044416818186
2283621.112022195011377335,22205.652740646386519074,34730.608562162648013327,8899.045234261900986894
2284183.976982790976762772,20716.947641986655071378,35596.133168657812348101,9066.222005968802477582
2284937.237327554263174534,18670.551792211132124066,36660.425224853250256274,9266.019225592381189927
2285847.971964874770492315,16121.757868482964113355,37799.337700970972946379,9470.225735856691244408
2286876.377420912031084299,13158.833671753527596593,38884.918852947223058436,9650.602323492528739735
2287977.507442400325089693,9904.860365697415545583,39804.915899710300436709,9783.595233659149016603
2289103.237363591790199280,6512.397027270169928670,40480.361126840150973294,9854.399259466421426623
2290204.367385080084204674,3151.483372201444581151,40877.382178884035965893,9859.461368369467891171
2291232.772841117344796658,-6.226507316110655665,41010.368828909144212957,9806.813719610980115249
2292143.507478437852114439,-2803.165470109088346362,40935.689569569447485264,9714.151038659101686790
2292896.767823201138526201,-5107.686532336054369807,40737.527225175428611692,9605.126677120051681413
2293459.632783797103911638,-6820.036430776817724109,40509.192546243568358477,9504.723942281974814250
2293807.502460521645843983,-7872.765788654563948512,40333.927186721724865492,9434.654121040721292957
2293925.173279238399118185,-8227.750414245296269655,40268.761245727851928677,9409.575660510328816599
2294042.844097955152392387,-8582.129227346973493695,40200.630300249460560735,9383.804317791995345033
2294390.713774679694324732,-9625.982900073053315282,39981.925062015208823141,9303.583173854267442948
2294953.578735275659710169,-11301.562295728595927358,39573.626948862358403858,9161.125380679373847670
2295706.839080038946121931,-13513.643535639392212033,38923.048443667146784719,8946.377429115693303174
2296617.573717359453439713,-16133.118725848617032170,37979.855190473164839204,8650.754845824665608234
2297645.979173396714031696,-19004.927234913455322385,36713.696193713250977453,8271.146372993118347949
2298747.109194885008037090,-21960.941231320844963193,35129.356023059714061674,7813.193003381709786481
2299872.839116076473146677,-24836.504135201917961240,33275.604944183978659566,7292.962129386249216623
2300973.969137564767152071,-27487.456127788173034787,31245.350847921821696218,6736.528444195273550577
2302002.374593602027744055,-29803.595868014963343740,29166.972711843925935682,6177.541200108467819518
2302913.109230922535061836,-31715.153298079269006848,27189.038373695242626127,5653.396267511057885713
2303666.369575685821473598,-33190.809571108082309365,25462.074337427991849836,5200.929325093622537679
2304229.234536281786859035,-34228.306604574667289853,24121.151311863701266702,4852.502407045210929937
2304577.104213006328791380,-34840.772770118201151490,23271.937820205021125730,4633.034478827486964292
2304694.775031723082065582,-35042.887422863859683275,22981.262279537761060055,4558.114546406772205955
2304812.445850440301001072,-35242.419896404375322163,22688.893335711232793983,4482.858718622233936912
2305160.315527164842933416,-35817.054904511314816773,21814.870032870232535060,4258.469635134786585695
2305723.180487760808318853,-36697.824405563180334866,20371.164696373067272361,3889.655318303723106510
2306476.440832524094730616,-37779.478039129753597081,18385.813995974160206970,3385.936111636217901832
2307387.175469844602048397,-38934.659301532548852265,15911.853732500247133430,2763.402226203344980604
2308415.580925881862640381,-40032.303532444057054818,13034.409180395326984581,2045.917223814167300588
2309516.710947370156645775,-40957.717022825614549220,9872.608911899871600326,1265.038522926382938749
2310642.440868561621755362,-41630.639943221700377762,6574.495865182972920593,458.317093700859913952
2311743.570890049915760756,-42017.323573223431594670,3305.410843690879119094,-333.803799678813447827
2312771.976346087176352739,-42133.686541637696791440,232.553843012101424392,-1071.765247795507093542
2313682.710983407683670521,-42038.745847262383904308,-2490.348900301360117737,-1720.383824684433420771
2314435.971328170970082283,-41819.963426705857273191,-4734.653114715569245163,-2251.235580878108521574
2314998.836288766935467720,-41573.980243821337353438,-6402.719910444669949356,-2643.557049856995945447
2315346.705965491477400064,-41386.864824751450214535,-7428.421050729208218399,-2883.837477588569527143
2315464.376784208230674267,-41317.529266335652209818,-7774.325635354012774769,-2964.702161226488897228
2315582.047602924983948469,-41245.147753476980142295,-8119.657091756795125548,-3045.348268884417848312
2315929.917279649525880814,-41013.406478269142098725,-9136.961407690752821509,-3282.426369730566875660
2316492.782240245491266251,-40582.546763203223235905,-10770.241694269214349333,-3661.481190260683433735
2317246.042585008777678013,-39898.998320057173259556,-12927.094862894598918501,-4158.981494189423756325
2318156.777222329284995794,-38911.840688320924527943,-15482.115508289520221297,-4743.574595199615941965
2319185.182678366545587778,-37590.888268156093545258,-18284.519607657079177443,-5378.393505393711166107
2320286.312699854839593172,-35942.189041977864690125,-21170.608751179162936751,-6024.452514869344668114
2321412.042621046304702759,-34017.010788163286633790,-23979.827148077521997038,-6644.727725963757620775
2322513.172642534598708153,-31911.872835930553264916,-26571.339006255824642722,-7208.122403984141783440
2323541.578098571859300137,-29759.531282140058465302,-28837.180568733696418349,-7692.371032569275485002
2324452.312735892366617918,-27713.211771706235595047,-30708.640307468805985991,-8085.143132877021344029
2325205.573080655653029680,-25927.875542404246516526,-32154.424807802286522929,-8383.103193099328564131
2325768.438041251618415117,-24542.382493448560126126,-33171.608283230547385756,-8589.268786003764034831
2326116.307717976160347462,-23665.254603323643095791,-33772.396905851994233672,-8709.464154628522010171
2326233.978536692913621664,-23365.077135201427154243,-33970.714967859305033926,-8748.855328219486182206
2326351.649355409666895866,-23063.177352349623106420,-34166.528939610790985171,-8787.601547685722835013
2326699.519032134208828211,-22160.816063582315109670,-34730.630484409142809454,-8898.347783111772514530
2327262.383992730174213648,-20670.785700085922144353,-35595.826318355721014086,-9065.367398548909477540
2328015.644337493460625410,-18622.649715156643651426,-36659.525227516402082983,-9264.917381664776257821
2328926.378974813967943192,-16071.827838394208811224,-37797.491355114128964487,-9468.770610645568012842
2329954.784430851228535175,-13106.752107822685502470,-38881.714557695646362845,-9648.681087164479322382
2331055.914452339522540569,-9850.686362297623418272,-39799.940337731015461031,-9781.103219002930927672
2332181.644373530987650156,-6456.360668813227675855,-40473.269549768396245781,-9851.257158086615163484
2333282.774395019281655550,-3093.941247863112948835,-40867.963733995544316713,-9855.630001152758268290
2334311.179851056542247534,64.859515524120070040,-40998.589382883837970439,-9802.302349671672345721
2335221.914488377049565315,2862.490082121104933321,-40921.702675240790995304,-9709.017505721372799599
2335975.174833140335977077,5167.378846042440272868,-40721.655253402401285712,-9599.470496139556416892
2336538.039793736301362514,6879.879469832987524569,-40491.888848328009771649,-9498.675515791584984981
2336885.909470460843294859,7932.648246333585120738,-40315.732643160015868489,-9428.363534319980317377
2337003.580289177596569061,8287.636867884197272360,-40250.264748890862392727,-9403.203311454601134756
2337121.251107894349843264,8642.014948113472200930,-40181.831660603325872216,-9377.350313143057064735
2337469.120784618891775608,9685.838775237672962248,-39962.232801148122234736,-9296.888572679550634348
2338031.985745214857161045,11361.282291885116137564,-39552.491488747218681965,-9154.045009022180238389
2338785.246089978143572807,13573.013181456946767867,-38899.999245570426865015,-8938.790665098067620420
2339695.980727298650890589,16191.811347903334535658,-37954.544253563894017134,-8642.577036576645696186
2340724.386183335911482573,19062.533125789486803114,-36685.938814166387601290,-8262.338445626732209348
2341825.516204824205487967,22017.026532211923040450,-35099.155041204219742212,-7803.765935473677018308
2342951.246126015670597553,24890.686451114364899695,-33243.146194351291342173,-7282.973607992820689105
2344052.376147503964602947,27539.477264606975950301,-31210.965764168104215059,-6726.071284286745139980
2345080.781603541225194931,29853.372617980116046965,-29131.075685725932999048,-6166.725973123751828098
2345991.516240861732512712,31762.795336894341744483,-27152.055752884050889406,-5642.332682028480121517
2346744.776585625018924475,33236.605272804968990386,-25424.384360037198348437,-5189.711191390242674970
2347307.641546220984309912,34272.687036103219725192,-24083.049295819750113878,-4841.199533829067149782
2347655.511222945526242256,34884.267247659736312926,-23233.631890994882269297,-4621.692513272932046675
2347773.182041662279516459,35086.080696591641753912,-22942.896218802932708059,-4546.761661107369945967
2347890.852860379032790661,35285.311321470537222922,-22650.471629970394133125,-4471.496079097685651504
2348238.722537103574723005,35859.050929229357279837,-21776.310128520861326251,-4247.084975096115158522
2348801.587497699540108442,36738.366049715899862349,-20332.464661525249539409,-3878.256563373093740665
2349554.847842462826520205,37818.075196912162937224,-18347.087778765395341907,-3374.559829356332556927
2350465.582479783333837986,38970.934017113992013037,-15873.340023222997842822,-2752.115110743974582874
2351493.987935820594429970,40066.033337102853693068,-12996.448278134375868831,-2034.809405842514024698
2352595.117957308888435364,40988.864088832982815802,-9835.589777946159301791,-1254.209578208343373262
2353720.847878500353544950,41659.352751548984088004,-6538.784981198296009097,-447.857961351701305830
2354821.977899988647550344,42043.905773768085055053,-3271.281280480012355838,343.828262413202537573
2355850.383356025908142328,42158.539412767335306853,-200.133054852172790561,1081.328563807348473347
2356761.117993346415460110,42062.300410781230311841,2521.101268012389482465,1729.502515197547836578
2357514.378338109701871872,41842.621150588791351765,4763.937078278824628796,2259.966324521044953144
2358077.243298705667257309,41596.076712739362847060,6430.865458825915993657,2651.988764002269817865
2358425.112975430209189653,41408.662018363189417869,7455.849067472234310117,2892.081382954775108374
2358542.783794146962463856,41339.233540724962949753,7801.508922369066567626,2972.882117783874491579
2358660.454612863715738058,41266.763330683053936809,8146.594743832793028560,3053.464092304280711687
2359008.324289588257670403,41034.784619414189364761,9163.168267328139336314,3290.351683645791126764
2359571.189250184223055840,40603.619493259990122169,10795.255227138135524001,3669.096282958102165139
2360324.449594947509467602,39919.814932735112961382,12950.502129128981323447,4166.180482528221546090
2361235.184232268016785383,38932.579168503580149263,15503.590424551475734916,4750.274814315189360059
2362263.589688305277377367,37611.835880722326692194,18303.862581684101314750,5384.545107663658200181
2363364.719709793571382761,35963.693729327467735857,21187.775400047037692275,6030.045058793903081096
2364490.449630985036492348,34039.414237824676092714,23994.933269285444112029,6649.790789802142171538
2365591.579652473330497742,31935.442867047560866922,26584.636106368932814803,7212.719089951880960143
2366619.985108510591089725,29784.411487018165644258,28849.007068442959280219,7696.585831467577008880
2367530.719745831098407507,27739.399409098026808351,30719.362599742446036544,8089.067671421498744166
2368283.980090594384819269,25955.228026993048842996,32164.385200312208326068,8386.823891123573048390
2368846.845051190350204706,24570.643958083761390299,33181.092839147742779460,8592.859353771598762251
2369194.714727914892137051,23694.090797678043600172,33781.628314948953629937,8712.983953675187876797
2369312.385546631645411253,23394.109593533386941999,33979.867903005877451506,8752.352870525666730828
2369430.056365348398685455,23092.406901766022201627,34175.607035875167639460,8791.077685640620984486
2369777.926042072940617800,22190.632459352200385183,34739.508673903379531112,8901.765636534973964444
2370340.791002668906003237,20701.561248853278812021,35604.448899905044527259,9068.706760597959146253
2371094.051347432192414999,18654.716071426344569772,36667.937164607305021491,9268.182144941840306274
2372004.785984752699732780,16105.442749732581432909,37805.847779207710118499,9471.990916321365148178
2373033.191440789960324764,13142.063734637049492449,38890.263343432765395846,9651.909108865036614588
2374134.321462278254330158,9887.707953152654226869,39808.979226055867911782,9784.403127174087785534
2375260.051383469719439745,6494.967820791003759950,40483.087632520437182393,9854.691750216841683141
2376361.181404958013445139,3133.896937163022812456,40878.783208852015377488,9859.247778674694927759
2377389.586860995274037123,-23.857475285010877997,41010.523560960085887928,9806.128641888315542019
2378300.321498315781354904,-2820.753136411833111197,40934.739621416672889609,9713.051543534666052437
2379053.581843079067766666,-5125.179779114725533873,40735.666533027550030965,9603.687998762170536793
2379616.446803675033152103,-6837.424655432405415922,40506.654809096369717736,9503.034586772488182760
2379964.316480399575084448,-7890.074447018618229777,40330.973071048043493647,9432.811233179925693548
2380081.987299116328358650,-8245.029634546546731144,40265.666701090529386420,9407.681101850617778837
2380199.658117833081632853,-8599.377737192495260388,40197.395553910704620648,9381.858227703085503890
2380547.527794557623565197,-9643.133201921416912228,39978.277266758792393375,9301.485593304858412012
2381110.392755153588950634,-11318.530346291197929531,39569.315902653914235998,9158.785582189919296070
2381863.653099916875362396,-13530.323017656861338764,38917.861331634521775413,8943.719713522592428490
2382774.387737237382680178,-16149.382193647383246571,37973.629973655864887405,8647.723538900731000467
2383802.793193274643272161,-19020.634808544127736241,36706.331937756687693764,8267.709350037626791163
2384903.923214762937277555,-21975.955754891096148640,35120.818200001791410614,7809.343046811181920930
2386029.653135954402387142,-24850.710076015500817448,33265.924240093976550270,7288.715681008767205640
2387130.783157442696392536,-27500.778475146798882633,31234.615247488320164848,6731.921824453171211644
2388159.188613479956984520,-29816.015252901299390942,29155.314231142700009514,6172.624970488954204484
2389069.923250800464302301,-31726.714516557811293751,27176.617174979597621132,5648.228885064139831229
2389823.183595563750714064,-33201.622275822854135185,25449.063551497012667824,5195.571394581585991546
2390386.048556159716099501,-34238.538544051407370716,24107.725498973690264393,4847.012618722166735097
2390733.918232884258031845,-34850.637084021291229874,23258.266775855161540676,4627.467811080632600351
2390851.589051601011306047,-35052.625932672352064401,22967.510267157405905891,4552.522682225686367019
2390969.259870317764580250,-35252.031884056574199349,22675.061368330680124927,4477.242070020764003857
2391317.129547042306512594,-35826.288746378442738205,21800.807675773576193023,4252.782143464200999006
2391879.994507638271898031,-36706.433899019903037697,20356.748798941560380626,3883.860976325935553177
2392633.254852401558309793,-37787.229454459680709988,18370.963084626309864689,3380.014088768633882864
2393543.989489722065627575,-38941.342220357677433640,15896.536841311790340114,2757.349737999616991146
2394572.394945759326219559,-40037.744663243240211159,13018.647444046400778461,2039.749548717058132752
2395673.524967247620224953,-40961.794760580232832581,9856.469235853590362240,1258.786002482409458025
2396799.254888439085334539,-41633.296669222938362509,6558.077440497763745952,452.019532368174623116
2397900.384909927379339933,-42018.572909773152787238,3288.826844499744765926,-340.104336650454570190
2398928.790365964639931917,-42133.613954422253300436,215.911815050356381107,-1078.031848619104493991
2399839.525003285147249699,-42037.502677785771084018,-2506.964117533229000401,-1726.590913309593815939
2400592.785348048433661461,-41817.755990335557726212,-4751.190723604224331211,-2257.372727486183066503
2401155.650308644399046898,-41571.056457375714671798,-6419.166903624944097828,-2649.629818532494027750
2401503.519985368940979242,-41383.500696484654326923,-7444.798159056044823956,-2889.865329386311714188
2401621.190804085694253445,-41314.016663626200170256,-7790.676713690794713330,-2970.713938782975674258
2401738.861622802447527647,-41241.486935121254646219,-8135.980934661514766049,-3051.343528963270728127
2402086.731299526989459991,-41009.309109684327268042,-9153.197705005928582978,-3288.370219140657354728
2402649.596260122954845428,-40577.748752353960298933,-10786.314210735894448590,-3667.333759196446408168
2403402.856604886241257191,-39893.275530833998345770,-12942.905839479230053257,-4164.696490155411083833
2404313.591242206748574972,-38905.023123932318412699,-15497.546579626090533566,-4749.100247310818303959
2405341.996698244009166956,-37582.870902931565069593,-18299.439893488473899197,-5383.676070052542854683
2406443.126719732303172350,-35932.937229143703007139,-21184.889119249470240902,-6029.441877618775833980
2407568.856640923768281937,-34006.558723891401314177,-23993.358089682347781491,-6649.384071327624042169
2408669.986662412062287331,-31900.314892446869635023,-26584.048588229976303410,-7212.422613250435460941
2409698.392118449322879314,-29747.007720092558884062,-28849.048875395841605496,-7696.313521890313495533
2410609.126755769830197096,-27699.891772421324276365,-30719.707677608988888096,-8088.750240750256125466
2411362.387100533116608858,-25913.941106369966291822,-32164.792664345055527519,-8386.420813574566636817
2411925.252061129081994295,-24528.016305295066558756,-33181.432882491200871300,-8592.363501603011172847
2412273.121737853623926640,-23650.633648765520774759,-33781.877412640656984877,-8712.418474138708916144
2412390.792556570377200842,-23350.372127261493005790,-33980.077688477053015959,-8751.761721955490429536
2412508.463375287130475044,-23048.389375159764313139,-34175.773184163896075916,-8790.459801458864603774
2412856.333052011672407389,-22145.789203453125082888,-34739.520528925051621627,-8901.062502754031811492
2413419.198012607637792826,-20655.392890006551169790,-35604.131231802915863227,-9067.846212962171193794
2414172.458357370924204588,-18606.807889877134584822,-36667.025359529470733833,-9267.074026680429597036
2415083.192994691431522369,-16055.507136311629437841,-37803.988465571244887542,-9470.529133772821296589
2416111.598450728692114353,-13089.977357030162238516,-38887.044841708084277343,-9649.980817637051586644
2417212.728472216986119747,-9833.530158937224769033,-39803.988243437306664418,-9781.903681973863058374
2418338.458393408451229334,-6438.928908430287265219,-40475.979543849760375451,-9851.541897084151059971
2419439.588414896745234728,-3076.353629976758384146,-40869.347359066530771088,-9855.408414915867979289
2420467.993870934005826712,82.490268127745366655,-40998.726050713659788016,-9801.609114349377705366
2421378.728508254513144493,2880.076221791779971682,-40920.734232415539736394,-9707.909768026695019216
2422131.988853017799556255,5184.869444474330521189,-40719.775825083350355271,-9598.023547210987089784
2422694.853813613764941692,6897.264193473136401735,-40489.332264320320973638,-9496.977894161618678481
2423042.723490338306874037,7949.952872966168797575,-40312.759642505530791823,-9426.512393979088301421
2423160.394309055060148239,8304.911876552490866743,-40247.151311644622182939,-9401.300506811525337980
2423278.065127771813422441,8659.259066305574378930,-40178.578016696068516467,-9375.395984518365366966
2423625.934804496355354786,9702.984152985256514512,-39958.566109288985899184,-9294.782781161391540081
2424188.799765092320740223,11378.244558544349274598,-39548.161596992555132601,-9151.697061640816173167
2424942.060109855607151985,13589.685740045722923242,-38894.793451524841657374,-8936.124917025817921967
2425852.794747176114469767,16208.066547139998874627,-37948.300696014928689692,-8639.537887469772613258
2426881.200203213375061750,19078.230979255851707421,-36678.556785300876072142,-8258.893857492506867857
2427982.330224701669067144,22032.029891317230067216,-35090.600255784149339888,-7799.908777897153413505
2429108.060145893134176731,24904.879901231717667542,-33233.449553659687808249,-7278.720395437348997802
2430209.190167381428182125,27552.786000037085614167,-31200.215400003398826811,-6721.458381560072666616
2431237.595623418688774109,29865.777522809323272668,-29119.403664084653428290,-6161.803949029557770700
2432148.330260739196091890,31774.341464165117940865,-27139.622178504745534156,-5637.159961825609570951
2432901.590605502482503653,33247.402499240342876874,-25411.362207074220350478,-5184.348313056771075935
2433464.455566098447889090,34282.903280409504077397,-24069.612889078016451094,-4835.705093773454791517
2433812.325242822989821434,34894.115763770867488347,-23219.950736700127890799,-4616.121378000732875080
2433929.996061539743095636,35095.803379372446215712,-22929.134260962055122945,-4541.165391834068941534
2434047.666880256496369839,35294.907455639084219001,-22636.629881945009401534,-4465.875087874965174706
2434395.536556981038302183,35868.268855676156817935,-21762.238479533734789584,-4241.393325561215533526
2434958.401517577003687620,36746.959579143775044940,-20318.040265504772833083,-3872.458361902763499529
2435711.661862340290099382,37825.810682691735564731,-18332.229427887628844474,-3368.634342678380562575
2436622.396499660797417164,38977.601198461008607410,-15858.016954115162661765,-2746.059626556490911753
2437650.801955698058009148,40071.459139340659021400,-12980.681740478183201049,-2028.639241377381040365
2438751.931977186352014542,40992.927149496143101715,-9819.446688669304421637,-1247.955075665400727303
2439877.661898377817124128,41661.995675938771455549,-6522.364439281205704901,-441.558888766938252957
2440978.791919866111129522,42045.142346770837320946,-3254.696283096949628089,350.129905695072011440
2442007.197375903371721506,42158.455169328139163554,-183.490919964890053961,1087.595948948966906755
2442917.932013223879039288,42061.046656275866553187,2537.715940178801247384,1735.710152227873550146
2443671.192357987165451050,41840.404065596172586083,4780.473706764598318841,2266.103861181041793316
2444234.057318583130836487,41593.143999981693923473,6447.311210145671793725,2658.061826778552131145
2444581.926995307672768831,41405.289417564286850393,7472.224800229501852300,2898.109479242679299205
2444699.597814024426043034,41335.712619995756540447,7817.858584765075647738,2978.894124733958960860
2444817.268632741179317236,41263.094349259277805686,8162.917132897498959210,3059.459567534131565480
2445165.138309465721249580,41030.679547994397580624,9179.403013242605084088,3296.295711093674981385
2445728.003270061686635017,40598.814528741408139467,10811.326080327118688729,3674.948985679633551626
2446481.263614824973046780,39914.086193460971117020,12966.311381708095723297,4171.895583434123182087
2447391.998252145480364561,38925.756854005157947540,15519.019833109538012650,4755.800582117028170615
2448420.403708182740956545,37603.815078943036496639,18318.781446342552953865,5389.827858018781626015
2449521.533729671034961939,35954.439807797782123089,21202.054798082644992974,6035.034746076073133736
2450647.263650862500071526,34028.961306373588740826,24008.463891207436972763,6654.447663612756514340
2451748.393672350794076920,31923.885128720663487911,26597.346168768788629677,7217.020080134365343838
2452776.799128388054668903,29771.888983403332531452,28860.876727181683236267,7700.529377035889410763
2453687.533765708561986685,27726.081091088242828846,30730.432175643007212784,8092.676104837655657320
2454440.794110471848398447,25941.295686599798500538,32174.756014042730384972,8390.143073638295390992
2455003.659071067813783884,24556.280113231390714645,33190.920977378460520413,8595.955814073304281919
2455351.528747792355716228,23679.472312442958354950,33791.112726812447363045,8715.940132613037349074
2455469.199566509108990431,23379.407092825742438436,33989.234653445622825529,8755.261162736313053756
2455586.870385225862264633,23077.621467325836420059,34184.855435382887662854,8793.937877034773919149
2455934.740061950404196978,22175.608232924714684486,34748.403245189074368682,8904.482409978872965439
2456497.605022546369582415,20686.171175073832273483,35612.758945477042288985,9071.187817532108965679
2457250.865367309655994177,18638.877033568918704987,36675.443239380452723708,9270.341284189145881101
2458161.600004630163311958,16089.124766707420349121,37812.351799387331993785,9473.752232275675851270
2459190.005460667423903942,13125.291459616273641586,38895.601590018566639628,9653.211954909033011063
2460291.135482155717909336,9870.553780857473611832,39813.036148172184766736,9785.207025746878571226
2461416.865403347183018923,6477.537457309663295746,40485.807612582422734704,9854.980215804249382927
2462517.995424835477024317,3116.309942394495010376,40880.177637086795584764,9859.030160471627823426
2463546.400880872737616301,-41.488441802561283112,41010.671658426253998186,9805.439555933413430466
2464457.135518193244934082,-2838.340304212644696236,40933.783040817907021847,9711.948076983395367279
2465210.395862956531345844,-5142.672117808833718300,40733.799232258774281945,9602.245392652990631177
2465773.260823552496731281,-6854.811667652800679207,40504.110494120592193212,9501.341343896643593325
2466121.130500277038663626,-7907.381705824285745621,40328.012402142245264258,9430.964486185233909055
2466238.801318993791937828,-8262.307392195332795382,40262.565612494792731013,9405.782694170577087789
2466356.472137710545212030,-8616.624721395317465067,40194.154273371641465928,9379.908298991160336300
2466704.341814435087144375,-9660.281792577821761370,39974.622968959585705306,9299.384206518827340915
2467267.206775031052529812,-11335.496387806255370378,39564.998413984161743429,9156.442035048681646003
2468020.467119794338941574,-13547.000097379554063082,38912.667874455415585544,8941.058336206659078016
2468931.201757114846259356,-16165.642793449107557535,37967.398554942534246948,8644.688690065353512182
2469959.607213152106851339,-19036.339003541041165590,36698.961674476937332656,8264.268939244740977301
2471060.737234640400856733,-21990.966374122072011232,35112.274615519643703010,7805.489888468937351718
2472186.467155831865966320,-24864.911601080093532801,33256.238064349592605140,7284.466242415544911637
2473287.597177320159971714,-27514.095935246441513300,31223.874494389594474342,6727.312440906831398024
2474316.002633357420563698,-29828.429338550660759211,29143.650925834626832511,6167.706204670195802464
2475226.737270677927881479,-31738.270095780957490206,27164.191464920491853263,5643.059179957670494332
2475979.997615441214293242,-33212.429078759159892797,25436.048528390900173690,5190.211325816524549737
2476542.862576037179678679,-34248.764397232327610254,24094.295662219599762466,4841.520834186992942705
2476890.732252761721611023,-34860.495202669873833656,23244.591842888818064239,4621.899236608942374005
2477008.403071478474885225,-35062.358211271464824677,22953.754412483387568500,4546.928941871510687633
2477126.073890195228159428,-35261.637605004012584686,22661.225605260777228978,4471.623575936135239317
2477473.943566919770091772,-35835.516219308134168386,21786.741662392589205410,4247.092897826636544778
2478036.808527515735477209,-36715.036866855341941118,20342.329475738304608967,3878.065030824456698610
2478790.068872279021888971,-37794.974151641596108675,18356.109064994576328900,3374.090667906746602966
2479700.803509599529206753,-38948.018215419258922338,15881.217238126519077923,2751.296105879422611906
2480729.208965636789798737,-40043.178675009403377771,13002.883457532348984387,2033.581022640288210823
2481830.338987125083804131,-40965.865214776713401079,9840.327818123820179608,1252.532949979015029385
2482956.068908316548913717,-41635.945991698652505875,6541.657805612507218029,445.721768576249814942
2484057.198929804842919111,-42019.814773923018947244,3272.242162915143126156,-346.404752343829386518
2485085.604385842103511095,-42133.533873939530167263,199.269601727100962307,-1084.298026461090557859
2485996.339023162610828876,-42036.252031810807238799,-2523.579079031747824047,-1732.797313708748333738
2486749.599367925897240639,-41815.541116301428701263,-4767.727712647792941425,-2263.508968721080236719
2487312.464328521862626076,-41568.125276933882560115,-6435.613006051433330867,-2655.701521328586750315
2487660.334005246404558420,-41380.129207458805467468,-7461.174209940982109401,-2895.892016987019815133
2487778.004823963157832623,-41310.496712479325651657,-7807.026678341942897532,-2976.724519050267190323
2487895.675642679911106825,-41237.818781191534071695,-8152.303607720918080304,-3057.337558749533855007
2488243.545319404453039169,-41005.204446704410656821,-9169.432666967659315560,-3294.312741229479797767
2488806.410280000418424606,-40572.943523710411682259,-10802.385125935114047024,-3673.184845655161552713
2489559.670624763704836369,-39887.545645328522368800,-12958.714863255656382535,-4170.409799958981238888
2490470.405262084212154150,-38898.198638814785226714,-15512.975281043014547322,-4754.623973833799027489
2491498.810718121472746134,-37574.846851848349615466,-18314.357351060993096326,-5388.956449048529975698
2492599.940739609766751528,-35923.679023467288061511,-21199.166186140886566136,-6034.428789938736372278
2493725.670660801231861115,-33996.100609099776193034,-24006.885268583930155728,-6654.037711924809627817
2494826.800682289525866508,-31888.751272825807973277,-26596.753980774468800519,-7216.719886630709879682
2495855.206138326786458492,-29734.478864619792148005,-28860.912618232927343342,-7700.252876528009437607
2496765.940775647293776274,-27686.566843590051576030,-30730.770173730365058873,-8092.354052599455826567
2497519.201120410580188036,-25900.002058256701275241,-32175.155406616664549801,-8389.735015566629954264
2498082.066081006545573473,-24513.645751417898281943,-33191.252197947389504407,-8595.454713911336511956
2498429.935757731087505817,-23636.008484448590024840,-33791.352535308375081513,-8715.369240895664916025
2498547.606576447840780020,-23335.662962938476994168,-33989.434991820751747582,-8754.664546722395243705
2498665.277395164594054222,-23033.597295268722518813,-34185.011978685193753336,-8793.314470310806427733
2499013.147071889135986567,-22130.758401074730500113,-34748.405028943241632078,-8903.773591865197886364
2499576.012032485101372004,-20639.996402625278278720,-35612.430455518224334810,-9070.321328026469927863
2500329.272377248387783766,-18590.962751454026147258,-36674.519622460276877973,-9269.226889999927152530
2501240.007014568895101547,-16039.183574606016918551,-37810.479513880134618375,-9472.283790932962801890
2502268.412470606155693531,-13073.200273754358931910,-38892.368877908484137151,-9651.276607506204527454
2503369.542492094449698925,-9816.372201955229684245,-39808.029741531041509006,-9782.700149042817429290
2504495.272413285914808512,-6421.495997863174125087,-40478.683009475738799665,-9851.822610324272318394
2505596.402434774208813906,-3058.765459655136510264,-40870.724379995641356800,-9855.182799908705419512
2506624.807890811469405890,100.121011623828962911,-40998.856082187958236318,-9800.911870874313535751
2507535.542528131976723671,2897.661855034246400464,-40919.759155821047897916,-9706.798059297574582160
2508288.802872895263135433,5202.359126791074231733,-40717.889787333777348977,-9596.572671211057240725
2508851.667833491228520870,6914.647696623294905294,-40486.769102075362752657,-9495.276386040926809073
2509199.537510215770453215,7967.256091980911151040,-40309.780088417806837242,-9424.657395509153502644
2509317.208328932523727417,8322.185414505140215624,-40244.031330308520409744,-9399.393854196934626088
2509434.879147649277001619,8676.501650789468840230,-40175.317838524984836113,-9373.437818363157930435
2509782.748824373818933964,9720.127811506106809247,-39954.892915024473040830,-9292.673184630193645717
2510345.613784969784319401,11395.204808195769146550,-39543.825263199913024437,-9149.345367030671695829
2511098.874129733070731163,13606.355888489350036252,-38889.581313245980709326,-8933.455508909852142096
2512009.608767053578048944,16224.318870803057507146,-37942.050937942280143034,-8636.495198460726896883
2513038.014223090838640928,19093.925446957066014875,-36671.168751082434027921,-8255.445883840287933708
2514139.144244579132646322,22047.029339642911509145,-35082.039711105688184034,-7796.048421206849525333
2515264.874165770597755909,24919.068929861947253812,-33223.747444056956737768,-7274.464195612783441902
2516366.004187258891761303,27566.089843263565853704,-31189.459886289252608549,-6716.842718229128877283
2517394.409643296152353287,29878.177124233632639516,-29107.726821227981417906,-6156.879392120486954809
2518305.144280616659671068,31785.881948748319700826,-27127.184096324308484327,-5631.984922458848814131
2519058.404625379946082830,33258.193821091852441896,-25398.335820579020946752,-5178.983300026005963446
2519621.269585975911468267,34293.113435996412590612,-24056.172462141192227136,-4830.208661095903153182
2519969.139262700453400612,34903.958082472621754277,-23206.265697443908720743,-4610.548339605064029456
2520086.810081417206674814,35105.519828882483125199,-22915.368464473918720614,-4535.567249990965137840
2520204.480900133959949017,35304.497321132170327473,-22622.784341865968599450,-4460.252254773362437845
2520552.350576858501881361,35877.480411490956612397,-21748.163177870963409077,-4235.699925661750967265
2521115.215537454467266798,36755.546581674898334313,-20303.612447251383855473,-3866.658560491132448078
2521868.475882217753678560,37833.539449721174605656,-18317.367972113941505086,-3362.707461541484008194
2522779.210519538260996342,38984.261456157611974049,-15842.691176139567687642,-2740.003001899423907162
2523807.615975575521588326,40076.877823283495672513,-12964.912955435742333066,-2022.468229225336472155
2524908.745997063815593719,40996.982928100107528735,-9803.301860031489923131,-1241.700044128077934147
2526034.475918255280703306,41664.631199378585733939,-6505.942688849572732579,-435.259616515098969103
2527135.605939743574708700,42046.371450613551132847,-3238.110604376350238454,356.431425221764584421
2528164.011395780835300684,42158.363436196079419460,-166.848600073535635602,1093.862908946850438952
2529074.746033101342618465,42059.785429115487204399,2554.330356863509223331,1741.917099156917174696
2529828.006377864629030228,41838.179546839171962347,4797.009716226901218761,2272.240490860340287327
2530390.871338460594415665,41590.203897204097302165,6463.756071944902942050,2664.133822253474136232
2530738.741015185136348009,41401.909460007525922265,7488.599477016548917163,2904.136410033132051467
2530856.411833901889622211,41332.184354833058023360,7834.207135035139799584,2984.904933136165709584
2530974.082652618642896414,41259.418036270733864512,8179.238353758766606916,3065.453811252815285116
2531321.952329343184828758,41026.567186213644163217,9195.636425679265812505,3302.238410124647998600
2531884.817289939150214195,40594.002350396556721535,10827.395334512642875779,3680.800205028941491037
2532638.077634702436625957,39908.350361838085518684,12982.118684195629612077,4177.608997546461978345
2533548.812272022943943739,38918.927622544659243431,15534.446875038272992242,4761.324424011958399205
2534577.217728060204535723,37595.787594850255118217,18333.697486708588257898,5395.108422709488877445
2535678.347749548498541117,35945.179496451361046638,21216.330899473927274812,6040.021983222895869403
2536804.077670739963650703,34018.502326921639905777,24021.990755532584444154,6659.101833272585281520
2537905.207692228257656097,31912.321716250000463333,26610.052047163895622361,7221.318135263258227496
2538933.613148265518248081,29759.361187803639040794,28872.741827851808920968,7704.469788948399582296
2539844.347785586025565863,27712.757844374595151749,30741.496883484251156915,8096.281243386771166115
2540597.608130349311977625,25927.358734467146859970,32185.121719574271992315,8393.458838878525057225
2541160.473090945277363062,24541.911902656858728733,33200.743837964437261689,8599.048772332467706292
2541508.342767669819295406,23664.849617221472726669,33800.591760749644890893,8718.892760066757546156
2541626.013586386572569609,23364.700435430822835770,33998.595992809343442786,8758.165887253306209459
2541743.684405103325843811,23062.831929801344813313,34194.098391063576855231,8796.794484788993941038
2542091.554081827867776155,22160.580063634864927735,34757.292278184620954562,8907.195554190291659324
2542654.419042423833161592,20670.777422980718256440,35621.063307516342320014,9073.665176410553613096
2543407.679387187119573355,18623.034681069977523293,36682.943451174600340892,9272.496643043798030703
2544318.414024507626891136,16072.803922067709208932,37818.849763186713971663,9475.509683534595751553
2545346.819480544887483120,13108.516849567495228257,38900.933593920497514773,9654.510861561260753660
2546447.949502033181488514,9853.397851855806948151,39817.086667221105017234,9786.006929510424015461
2547573.679423224646598101,6460.105940108500362840,40488.521068282956548501,9855.264656551828011288
2548674.809444712940603495,3098.722391226641775575,40881.565464836610772181,9858.808514242880846723
2549703.214900750201195478,-59.119403526805399451,41010.813122654923063237,9804.746462412009350373
2550613.949538070708513260,-2855.926970070846437011,40932.819829119260248262,9710.840639776148236706
2551367.209882833994925022,-5160.163544957213161979,40731.925324260380875785,9600.798859652777537121
2551930.074843429960310459,-6872.197463960073946510,40501.559602748493489344,9499.644214579782783403
2552277.944520154502242804,-7924.687561600156186614,40325.045181449626397807,9429.113881034898440703
2552395.615338871255517006,-8279.583683716751693282,40259.457981392632063944,9403.880438464262624620
2552513.286157588008791208,-8633.870176480304508004,40190.906460086996958125,9377.954532665409715264
2552861.155834312550723553,-9677.428668574582843576,39970.962170082791999448,9297.279014553734668880
2553424.020794908516108990,-11352.460416843336133752,39560.674484317372844089,9154.094740387727142661
2554177.281139671802520752,-13563.674771440368203912,38907.468073670002922881,8938.393298390996278613
2555088.015776992309838533,-16181.900522041287331376,37961.160935902218625415,8641.650300678074927418
2556116.421233029570430517,-19052.039816879820136819,36691.585405511963472236,8260.825142085295738070
2557217.551254517864435911,-22005.973086220365075860,35103.725271111536130775,7801.633529935706974356
2558343.281175709329545498,-24879.108707918938307557,33246.546418404388532508,7280.213815305591197102
2559444.411197197623550892,-27527.408505919542221818,31213.128590243119106162,6722.700295426626325934
2560472.816653234884142876,-29840.838123037632612977,29131.982797580021724571,6162.784904649690361111
2561383.551290555391460657,-31749.820034039359597955,27151.761245137262449134,5637.887154264119089930
2562136.811635318677872419,-33223.229978436756937299,25423.029269822123751510,5184.849120925389797776
2562699.676595914643257856,-34258.984162663262395654,24080.861803321349725593,4836.027055616699726670
2563047.546272639185190201,-34870.347124676838575397,23230.913023037086531986,4616.328757618064628332
2563165.217091355938464403,-35072.084257293994596694,22939.994717245172068942,4541.333327557926168083
2563282.887910072691738605,-35271.237057901489606593,22647.386048234016925562,4466.003238589537431835
2563630.757586797233670950,-35844.737322033884993289,21772.671994467214972246,4241.401900465634753346
2564193.622547393199056387,-36723.633307895193865988,20327.906728515350550879,3872.267484080313806771
2564946.882892156485468149,-37802.712129777799418662,18341.251938821696967352,3368.165851367439245223
2565857.617529476992785931,-38954.687286112028232310,15865.894924696483940352,2745.241332200157557963
2566886.022985514253377914,-40048.605567310507467482,12987.117222575419873465,2027.411647952894782065
2567987.153007002547383308,-40969.928384991864732001,9824.184660417908162344,1246.279367802932029008
2569112.882928194012492895,-41638.587910682465007994,6525.236962197297543753,439.423804687603478669
2570214.012949682306498289,-42021.049165958342200611,3255.656800551289052237,-352.705044424825246097
2571242.418405719567090273,-42133.446300901181530207,182.627204574593633879,-1090.563779028330827714
2572153.153043040074408054,-42034.993910338671412319,-2540.193783259070187341,-1739.003023616236532689
2572906.413387803360819817,-41813.318805795570369810,-4784.264080390385061037,-2269.644302364637042047
2573469.278348399326205254,-41565.186703874438535422,-6452.058216311088472139,-2661.772156061337227584
2573817.148025123868137598,-41376.750359173689503223,-7477.549201969108253252,-2901.917538227246041060
2573934.818843840621411800,-41306.969414426188450307,-7823.375527906748175155,-2982.733899875800489099
2574052.489662557374686003,-41234.143293250235728920,-8168.625109542910649907,-3063.330356100947028608
2574400.359339281916618347,-41001.092490995186381042,-9185.666292214584245812,-3300.253933887137463898
2574963.224299877882003784,-40568.131079074810259044,-10818.454438526001467835,-3679.034447580483174534
2575716.484644641168415546,-39881.808665577671490610,-12974.521932896044745576,-4176.121421618294334621
2576627.219281961675733328,-38891.367235206416808069,-15528.401611331668391358,-4760.145772918500369997
2577655.624737998936325312,-37566.816117488197050989,-18329.271979342964186799,-5394.234640678763753385
2578756.754759487230330706,-35914.414428271702490747,-21213.439950829189911019,-6039.413250260893619270
2579882.484680678695440292,-33985.636447389028035104,-24020.408683916371956002,-6658.688646354154116125
2580983.614702166989445686,-31877.181980964145623147,-26609.455182930272712838,-7221.014222868625438423
2582012.020158204250037670,-29721.944720024592243135,-28872.771796518754854333,-7704.189095422067111940
2582922.754795524757355452,-27673.236989824450574815,-30741.827795451325073373,-8095.954567514034351916
2583676.015140288043767214,-25886.058402942842803895,-32185.513034377065196168,-8393.045798279252267093
2584238.880100884009152651,-24499.270836889161728323,-33201.066229526702954900,-8598.542422254709890694
2584586.749777608551084995,-23621.379115556715987623,-33800.822273849793418776,-8718.316454295907533378
2584704.420596325304359198,-23320.949647453962825239,-33998.786877915779768955,-8757.563801942766076536
2584784.133553328923881054,-23116.453653541044332087,-34131.469694805731705856,-8783.784241635376019985
2585019.788585613481700420,-22507.356724077486433089,-34516.950434346850670408,-8859.558524797170321108
2585401.086437470279633999,-21507.803501556278206408,-35119.009967082813091110,-8976.606574444182115258
2585911.362563102506101131,-20144.235106650390662253,-35882.118721218481368851,-9122.361807704170132638
2586528.315447243861854076,-18458.497954466962255538,-36738.254649405069358181,-9281.685235705657760263
2587224.981288388837128878,-16510.182634155848063529,-37615.451385644897527527,-9438.972572560620392323
2587970.912446306087076664,-14376.948762397863902152,-38446.916998689695901703,-9580.343555045512403012
2588733.508150019217282534,-12152.099138956167735159,-39179.256288900207437109,-9695.542813244066564948
2589479.439307936467230320,-9939.436093266704119742,-39778.306303701996512245,-9779.196790722920923145
2590176.105149081442505121,-7846.200461750500835478,-40231.458383609708107542,-9831.178841711802306236
2590793.058033222798258066,-5975.382527516805566847,-40546.043248298279650044,-9856.015959041114911088
2591303.334158855024725199,-4418.735623424523510039,-40744.205721074416942429,-9861.474987107467313763
2591684.632010711822658777,-3251.433725302689708769,-40855.439127976533200126,-9856.633468372878269292
2591920.287042996380478144,-2528.686112959054298699,-40908.385146750129933935,-9849.827549375673697796
2592000.000000000000000000,-2284.028815327561460435,-40923.559061090745672118,-9846.866345015214392333
